1760985555694,-1.2993027,4.3447676,8.536993
1760985555697,-1.2418749,4.368098,8.541779
1760985555699,-1.1790633,4.4201417,8.474779
1760985555701,-1.1126626,4.4195433,8.493324
1760985555703,-1.0504491,4.418347,8.421539
1760985555706,-1.0073783,4.417749,8.43111
1760985555708,-0.9457632,4.402794,8.459825
1760985555710,-0.92183495,4.4171505,8.445468
1760985555712,-0.8644072,4.4021955,8.5118685
1760985555715,-0.86979103,4.383053,8.5220375
1760985555717,-0.9026923,4.388437,8.536395
1760985555719,-1.0348958,4.5003014,8.607581
1760985555721,-1.253839,4.5128636,8.712866
1760985555724,-1.238884,4.536792,8.789435
1760985555726,-1.1533405,4.526024,8.746365
1760985555728,-1.1108679,4.5206404,8.703294
1760985555731,-1.0779666,4.496114,8.679366
1760985555733,-1.0875379,4.4721856,8.665009
1760985555735,-1.1066805,4.467998,8.688937
1760985555737,-1.1449656,4.4542394,8.708079
1760985555740,-1.1976078,4.4404807,8.7367935
1760985555742,-1.2502499,4.4315076,8.756535
1760985555744,-1.3076776,4.417749,8.766106
1760985555746,-1.3986049,4.395017,8.770891
1760985555749,-1.4506488,4.3764725,8.823533
1760985555751,-1.4985052,4.3579283,8.847462
1760985555753,-1.5559329,4.3441696,8.89113
1760985555755,-1.5990037,4.3351965,8.971889
1760985555758,-1.6420746,4.3118663,8.99163
1760985555760,-1.6857436,4.2741795,9.025128
1760985555763,-1.7096717,4.2508492,9.077771
1760985555765,-1.7096717,4.241278,9.130413
1760985555767,-1.7240287,4.21735,9.202198
1760985555769,-1.7336,4.1988053,9.259625
1760985555772,-1.7437695,4.1557345,9.259625
1760985555774,-1.7581264,4.136592,9.250054
1760985555776,-1.7682959,4.127021,9.226126
1760985555778,-1.7874385,4.1030927,9.193225
1760985555781,-1.7778672,4.08395,9.193225
1760985555783,-1.7784654,4.069593,9.169296
1760985555785,-1.7503498,4.0354953,9.150154
1760985555787,-1.7318054,4.010969,9.116654
1760985555790,-1.7030915,3.9870408,9.102896
1760985555792,-1.6654046,3.9720855,9.074182
1760985555794,-1.6277176,3.9427736,9.040682
1760985555796,-1.5846468,3.9373896,9.016754
1760985555799,-1.5517455,3.9224346,8.968898
1760985555801,-1.5140585,3.9074793,8.940184
1760985555804,-1.4470595,3.8967116,8.901898
1760985555806,-1.4045869,3.8913279,8.8492565
1760985555808,-1.3716856,3.8668015,8.811569
1760985555810,-1.3238292,3.8614175,8.758927
1760985555812,-1.2669996,3.851248,8.720642
1760985555815,-1.2430713,3.8458643,8.677571
1760985555817,-1.2000005,3.8548372,8.653643
1760985555820,-1.1814562,3.845266,8.610572
1760985555822,-1.1335998,3.8350966,8.581859
1760985555823,-1.0911272,3.824329,8.529217
1760985555826,-1.0671989,3.8147576,8.500503
1760985555828,-1.0247263,3.804588,8.462217
1760985555830,-0.9774681,3.7938204,8.400003
1760985555833,-0.95353985,3.7890346,8.367103
1760985555835,-0.90149593,3.7686956,8.328817
1760985555838,-0.88235337,3.778267,8.285747
1760985555839,-0.8536395,3.78724,8.290532
1760985555842,-0.84406817,3.7728832,8.285747
1760985555845,-0.81595254,3.7627137,8.252247
1760985555847,-0.78723866,3.7483566,8.261818
1760985555849,-0.7680961,3.7483566,8.2761755
1760985555851,-0.7495517,3.738187,8.280961
1760985555853,-0.7686943,3.7100716,8.314461
1760985555855,-0.82612205,3.705884,8.328817
1760985555858,-0.8446664,3.7298124,8.328817
1760985555860,-0.863809,3.7064822,8.338388
1760985555862,-0.9020941,3.7016966,8.367103
1760985555864,-1.154537,3.738187,8.32463
1760985555867,-1.1593226,3.7764723,8.262417
1760985555869,-1.0737791,3.7184465,8.338987
1760985555871,-0.8925229,3.6831522,8.443673
1760985555874,-0.7920243,3.7106698,8.476574
1760985555876,-0.74416786,3.7244284,8.495717
1760985555878,-0.69212395,3.714259,8.529217
1760985555881,-0.63948184,3.7184465,8.562118
1760985555883,-0.5916254,3.6987057,8.586046
1760985555885,-0.5629115,3.6987057,8.629117
1760985555888,-0.5587241,3.6460636,8.676973
1760985555890,-0.5736792,3.6029928,8.72483
1760985555892,-0.6023931,3.5844483,8.787043
1760985555894,-0.6358926,3.551547,8.8492565
1760985555896,-0.6693921,3.528217,8.935398
1760985555899,-0.7076773,3.5096726,8.997611
1760985555901,-0.74596244,3.495914,9.078967
1760985555904,-0.80817586,3.487539,9.131609
1760985555905,-0.8321041,3.478566,9.212965
1760985555908,-0.88414794,3.4839497,9.25125
1760985555910,-0.94636136,3.484548,9.28475
1760985555912,-0.98943216,3.4660037,9.308679
1760985555914,-1.0462617,3.4570305,9.337392
1760985555916,-1.0845468,3.4719856,9.3613205
1760985555919,-1.1365907,3.482155,9.346964
1760985555921,-1.160519,3.5114672,9.351749
1760985555923,-1.183849,3.5306098,9.342177
1760985555926,-1.2119647,3.559922,9.342177
1760985555928,-1.2119647,3.5934215,9.323035
1760985555930,-1.2209377,3.6029928,9.31825
1760985555932,-1.2203395,3.650849,9.317652
1760985555935,-1.2442678,3.6801612,9.275179
1760985555937,-1.2484552,3.7040894,9.274581
1760985555939,-1.2526426,3.7471602,9.250652
1760985555941,-1.2287145,3.7561333,9.221938
1760985555944,-1.262214,3.7854455,9.2075815
1760985555946,-1.2616158,3.818945,9.183653
1760985555948,-1.2568301,3.8476589,9.159725
1760985555950,-1.2801601,3.871587,9.140582
1760985555953,-1.2801601,3.885944,9.131011
1760985555955,-1.2699906,3.9050865,9.107083
1760985555957,-1.2747762,3.9146578,9.078369
1760985555960,-1.288535,3.9625144,9.073584
1760985555962,-1.3076776,3.9583268,9.049655
1760985555966,-1.3549358,3.9972103,9.035298
1760985555967,-1.3884354,4.0067816,9.016156
1760985555969,-1.4315062,4.016951,8.992228
1760985555971,-1.4739788,4.0127635,8.968299
1760985555974,-1.5170496,4.0325046,8.973084
1760985555976,-1.550549,4.0325046,8.949157
1760985555978,-1.5834504,4.042674,8.925827
1760985555980,-1.6217356,4.0474596,8.9210415
1760985555982,-1.6360924,4.057629,8.901898
1760985555985,-1.6402799,4.0672,8.925827
1760985555987,-1.6450655,4.0672,8.916255
1760985555989,-1.6169499,4.061816,8.887542
1760985555991,-1.6073786,4.071388,8.863613
1760985555994,-1.588236,4.085745,8.873184
1760985555996,-1.5547365,4.0755754,8.872586
1760985555998,-1.521237,4.0701914,8.886943
1760985556000,-1.5164514,4.0701914,8.882157
1760985556003,-1.4925231,4.074977,8.877372
1760985556005,-1.4829519,4.074977,8.872586
1760985556007,-1.4733806,4.0791645,8.848659
1760985556009,-1.4925231,4.0797625,8.829515
1760985556012,-1.50688,4.0797625,8.8014
1760985556014,-1.5074782,4.0701914,8.796615
1760985556016,-1.5218352,4.06062,8.791828
1760985556018,-1.5260227,4.0941195,8.777472
1760985556021,-1.5122639,4.065406,8.7679
1760985556023,-1.5170496,4.0414777,8.753544
1760985556025,-1.5170496,4.0408792,8.743972
1760985556028,-1.5361922,4.0414777,8.758329
1760985556030,-1.5409778,4.0558343,8.777472
1760985556033,-1.550549,4.065406,8.777472
1760985556035,-1.5738791,4.0612183,8.777472
1760985556037,-1.5984055,4.022933,8.796615
1760985556039,-1.6271194,4.0235314,8.8014
1760985556042,-1.6510476,4.028317,8.825328
1760985556043,-1.6558332,4.000201,8.834899
1760985556046,-1.6893328,4.004987,8.840283
1760985556048,-1.7228323,3.9864426,8.835498
1760985556050,-1.7419748,3.9816568,8.873783
1760985556053,-1.7515461,3.9774694,8.897711
1760985556055,-1.7515461,3.9631126,8.907282
1760985556058,-1.75693,3.9296129,8.912068
1760985556059,-1.771287,3.9296129,8.921639
1760985556063,-1.7665013,3.9104705,8.9312105
1760985556064,-1.75693,3.9248273,8.940782
1760985556066,-1.7617157,3.9056847,8.912068
1760985556068,-1.7521443,3.915256,8.921639
1760985556071,-1.7521443,3.9290147,8.902496
1760985556073,-1.7330018,3.9242291,8.878569
1760985556075,-1.7425731,3.9290147,8.859426
1760985556077,-1.7186449,3.9242291,8.859426
1760985556080,-1.7090735,3.9284165,8.811569
1760985556082,-1.6857436,3.9284165,8.797213
1760985556084,-1.6809579,3.9188452,8.792427
1760985556087,-1.6761723,3.9278183,8.758927
1760985556089,-1.6707884,3.9517467,8.749356
1760985556092,-1.6372889,3.9613178,8.749356
1760985556093,-1.6420746,3.9661036,8.768498
1760985556096,-1.6372889,3.9804604,8.763713
1760985556098,-1.6133606,3.955934,8.7780695
1760985556100,-1.6037893,3.9655054,8.773284
1760985556102,-1.5804594,3.9511483,8.801998
1760985556105,-1.585245,3.9367914,8.816355
1760985556107,-1.5798612,3.9750767,8.839685
1760985556111,-1.5798612,3.9607196,8.830712
1760985556112,-1.5607185,3.9607196,8.834899
1760985556114,-1.5661024,3.9511483,8.858828
1760985556116,-1.5942181,3.9607196,8.863613
1760985556118,-1.5942181,3.9750767,8.882756
1760985556120,-1.622932,3.970889,8.892327
1760985556123,-1.6468602,3.9667017,8.925827
1760985556126,-1.6558332,3.99063,8.944969
1760985556127,-1.6701902,3.9714873,8.930613
1760985556129,-1.6845472,4.0007997,8.925827
1760985556132,-1.7180467,3.9673,8.940184
1760985556135,-1.7084754,3.9768713,8.940184
1760985556137,-1.727618,3.9481573,8.9312105
1760985556139,-1.6995022,3.938586,8.950353
1760985556141,-1.6947167,3.9481573,8.978469
1760985556143,-1.6755741,3.9427736,8.98804
1760985556145,-1.6606189,3.9667017,9.002397
1760985556148,-1.622932,3.952345,9.016754
1760985556150,-1.6319051,3.9858444,9.011969
1760985556152,-1.6079768,3.9804604,8.98804
1760985556155,-1.6271194,3.9810586,9.016754
1760985556157,-1.6031911,3.9852462,9.016754
1760985556159,-1.6319051,3.99063,8.997611
1760985556162,-1.6319051,3.9667017,8.997611
1760985556164,-1.6510476,3.99063,9.002397
1760985556166,-1.6462619,3.9810586,9.002397
1760985556168,-1.6606189,4.000201,8.978469
1760985556170,-1.6845472,3.9960139,8.983254
1760985556173,-1.6701902,3.99063,8.95454
1760985556175,-1.6510476,3.9954157,8.949755
1760985556178,-1.6414764,4.000201,8.940184
1760985556180,-1.6271194,4.004389,8.911469
1760985556182,-1.5888343,3.9948175,8.906684
1760985556184,-1.5702899,3.9942193,8.897113
1760985556186,-1.5367904,3.9696927,8.8492565
1760985556189,-1.5032908,3.9840498,8.858828
1760985556191,-1.4656038,3.964309,8.830113
1760985556193,-1.4321043,3.958925,8.839685
1760985556195,-1.4183456,3.9349968,8.830113
1760985556198,-1.4039887,3.94397,8.844471
1760985556200,-1.4081762,3.9541395,8.844471
1760985556202,-1.4279169,3.9397824,8.830113
1760985556204,-1.41356,3.9445682,8.844471
1760985556207,-1.4327025,3.9397824,8.854042
1760985556209,-1.4470595,3.906283,8.8492565
1760985556211,-1.466202,3.935595,8.8492565
1760985556214,-1.4799608,3.935595,8.854042
1760985556216,-1.4709877,3.9260237,8.839685
1760985556218,-1.5092729,3.9218364,8.863613
1760985556220,-1.5086746,3.9218364,8.868399
1760985556223,-1.5092729,3.9170506,8.892327
1760985556225,-1.480559,3.9212382,8.897113
1760985556227,-1.4853446,3.9164524,8.882756
1760985556229,-1.4518452,3.9116669,8.887542
1760985556232,-1.4279169,3.9254255,8.882756
1760985556234,-1.4279169,3.906283,8.892327
1760985556236,-1.41356,3.92064,8.87797
1760985556238,-1.4039887,3.9056847,8.863613
1760985556241,-1.3752748,3.9343987,8.858828
1760985556243,-1.3704891,3.9487555,8.844471
1760985556245,-1.3513466,3.9290147,8.8492565
1760985556247,-1.3417753,3.9242291,8.854042
1760985556250,-1.3369896,3.9625144,8.854042
1760985556252,-1.3130615,3.9673,8.839685
1760985556254,-1.2987045,3.9720855,8.85823
1760985556257,-1.2843475,3.9714873,8.839087
1760985556259,-1.2747762,3.9667017,8.820542
1760985556261,-1.265205,3.9619162,8.810971
1760985556264,-1.2460624,3.9804604,8.815159
1760985556266,-1.2269198,3.9804604,8.786445
1760985556268,-1.2125629,3.9852462,8.79123
1760985556270,-1.198206,3.9894335,8.7673025
1760985556272,-1.1742777,3.9990048,8.796016
1760985556275,-1.160519,3.9696927,8.772088
1760985556277,-1.1653047,3.9696927,8.7673025
1760985556279,-1.1557333,3.9696927,8.7673025
1760985556282,-1.1557333,3.9744785,8.781659
1760985556284,-1.146162,3.9744785,8.810373
1760985556287,-1.1557333,3.9649072,8.810373
1760985556288,-1.1509477,3.9601214,8.810373
1760985556291,-1.1455638,3.979264,8.839087
1760985556294,-1.1557333,3.9607196,8.834301
1760985556296,-1.1557333,3.970291,8.829515
1760985556297,-1.1557333,3.9361932,8.829515
1760985556300,-1.160519,3.9511483,8.839087
1760985556302,-1.146162,3.9361932,8.82473
1760985556304,-1.1467602,3.926622,8.843872
1760985556307,-1.1276177,3.9218364,8.82473
1760985556309,-1.1324034,3.9170506,8.848659
1760985556311,-1.1084751,3.935595,8.810373
1760985556313,-1.1036894,3.9212382,8.815159
1760985556316,-1.1084751,3.9308095,8.819944
1760985556318,-1.1132607,3.9218364,8.815159
1760985556320,-1.1228321,3.897908,8.825328
1760985556323,-1.1324034,3.9026937,8.825328
1760985556325,-1.1419746,3.897908,8.834899
1760985556327,-1.1617154,3.8691943,8.8492565
1760985556329,-1.166501,3.8602211,8.858828
1760985556331,-1.1850454,3.8697925,8.858828
1760985556334,-1.2047862,3.8554354,8.8492565
1760985556336,-1.2089736,3.8751762,8.873184
1760985556339,-1.204188,3.8650067,8.8492565
1760985556341,-1.218545,3.8656049,8.854042
1760985556343,-1.204188,3.874578,8.8492565
1760985556346,-1.2137593,3.874578,8.844471
1760985556347,-1.2376875,3.879962,8.834899
1760985556350,-1.2233306,3.8703907,8.815757
1760985556352,-1.2281163,3.879962,8.796615
1760985556355,-1.2472588,3.8895333,8.796615
1760985556357,-1.2520444,3.879962,8.8014
1760985556359,-1.2664014,3.8943188,8.8014
1760985556361,-1.2753744,3.9188452,8.787043
1760985556363,-1.2849457,3.9188452,8.806186
1760985556366,-1.3232309,3.9146578,8.806186
1760985556368,-1.3232309,3.9146578,8.810971
1760985556370,-1.3417753,3.9481573,8.796615
1760985556372,-1.3752748,3.9343987,8.825328
1760985556375,-1.3704891,3.94397,8.825328
1760985556377,-1.3992031,3.9487555,8.863613
1760985556379,-1.4273187,3.9445682,8.863613
1760985556381,-1.4464613,3.9541395,8.863613
1760985556384,-1.4703895,3.935595,8.858828
1760985556386,-1.5134603,3.95055,8.882756
1760985556388,-1.5278172,3.9601214,8.887542
1760985556391,-1.5326029,3.940979,8.887542
1760985556393,-1.5565311,3.932006,8.887542
1760985556395,-1.5613167,3.932006,8.892327
1760985556398,-1.5756737,3.9367914,8.882756
1760985556399,-1.5661024,3.9415772,8.897113
1760985556402,-1.5702899,3.9607196,8.868399
1760985556404,-1.5517455,3.95055,8.863613
1760985556406,-1.5559329,3.9607196,8.873184
1760985556409,-1.5320047,3.9744785,8.868399
1760985556411,-1.5230316,3.9649072,8.8492565
1760985556413,-1.5176477,3.979264,8.820542
1760985556416,-1.5134603,3.9738803,8.810971
1760985556418,-1.5080764,3.9834516,8.782257
1760985556420,-1.5128621,3.9834516,8.782257
1760985556422,-1.5176477,3.9834516,8.772686
1760985556424,-1.5128621,3.9978085,8.772686
1760985556427,-1.5320047,3.9840498,8.763115
1760985556429,-1.541576,3.9888353,8.754142
1760985556431,-1.5320047,4.007978,8.753544
1760985556434,-1.5511472,3.9888353,8.763713
1760985556436,-1.5607185,3.9888353,8.758927
1760985556438,-1.5702899,3.9840498,8.744571
1760985556440,-1.5607185,3.9840498,8.768498
1760985556443,-1.5894325,3.9990048,8.773284
1760985556445,-1.5750755,4.0031924,8.749356
1760985556447,-1.5511472,4.007978,8.753544
1760985556449,-1.5463617,4.007978,8.739186
1760985556452,-1.541576,4.007978,8.720642
1760985556454,-1.541576,3.9888353,8.711071
1760985556456,-1.5373886,3.9786658,8.7015
1760985556459,-1.5278172,3.9738803,8.677571
1760985556461,-1.5230316,3.9882371,8.672786
1760985556463,-1.4985052,4.016951,8.69133
1760985556465,-1.5080764,4.0121655,8.69133
1760985556468,-1.4985052,4.002594,8.687142
1760985556470,-1.5032908,4.002594,8.710473
1760985556472,-1.4985052,4.0073795,8.715259
1760985556474,-1.4985052,3.9978085,8.734401
1760985556478,-1.5134603,3.9834516,8.743972
1760985556479,-1.5128621,3.9930227,8.791828
1760985556481,-1.5224334,3.979264,8.782257
1760985556484,-1.5320047,3.9888353,8.777472
1760985556486,-1.541576,3.9840498,8.796615
1760985556488,-1.5373886,3.9744785,8.777472
1760985556490,-1.5421742,3.9744785,8.763713
1760985556492,-1.5463617,3.9840498,8.772686
1760985556495,-1.5326029,3.9744785,8.749356
1760985556497,-1.5367904,3.9840498,8.758927
1760985556499,-1.5278172,3.9690945,8.734999
1760985556502,-1.5038891,3.9786658,8.730213
1760985556504,-1.4991034,3.964309,8.754142
1760985556507,-1.4799608,3.9834516,8.758329
1760985556508,-1.4799608,3.9834516,8.753544
1760985556511,-1.474577,4.0073795,8.758329
1760985556513,-1.4608182,3.9828532,8.777472
1760985556515,-1.43689,3.987639,8.796615
1760985556518,-1.4506488,4.001996,8.791828
1760985556520,-1.4416757,3.987639,8.787043
1760985556522,-1.4410775,4.0163527,8.796615
1760985556525,-1.451247,3.9924245,8.787043
1760985556527,-1.4506488,4.001996,8.772686
1760985556529,-1.4554343,4.0163527,8.772686
1760985556532,-1.4416757,3.9972103,8.7679
1760985556534,-1.4267205,4.011567,8.748757
1760985556536,-1.4464613,4.0067816,8.720044
1760985556538,-1.43689,4.001996,8.743972
1760985556540,-1.4123635,4.0157547,8.743972
1760985556543,-1.4081762,4.0157547,8.743972
1760985556545,-1.4081762,4.0013976,8.739186
1760985556548,-1.3794622,4.006183,8.743972
1760985556550,-1.3794622,4.0013976,8.753544
1760985556552,-1.3459628,4.0007997,8.748757
1760985556554,-1.3220345,3.9954157,8.743972
1760985556556,-1.317847,3.976273,8.743972
1760985556559,-1.3082758,3.9667017,8.729615
1760985556561,-1.2897314,3.952345,8.748757
1760985556563,-1.2705889,3.9565322,8.753544
1760985556565,-1.2466606,3.932604,8.758329
1760985556568,-1.2514462,3.9278183,8.7679
1760985556570,-1.2323036,3.9230328,8.787043
1760985556572,-1.2370893,3.918247,8.787043
1760985556574,-1.227518,3.9278183,8.791828
1760985556577,-1.2418749,3.9134614,8.806186
1760985556579,-1.2466606,3.9086757,8.825328
1760985556581,-1.2616158,3.8895333,8.820542
1760985556584,-1.2903296,3.8805602,8.844471
1760985556586,-1.2855439,3.8709888,8.863613
1760985556588,-1.2951152,3.8518462,8.897113
1760985556590,-1.3142579,3.8476589,8.9210415
1760985556592,-1.3334004,3.8620157,8.9210415
1760985556595,-1.3286148,3.8380876,8.925827
1760985556597,-1.352543,3.8333018,8.930613
1760985556599,-1.3334004,3.842873,8.964112
1760985556601,-1.3429717,3.8195431,8.978469
1760985556604,-1.3238292,3.8333018,9.002397
1760985556606,-1.3046865,3.8141594,8.997611
1760985556608,-1.3286148,3.824329,9.031111
1760985556610,-1.3142579,3.804588,9.040682
1760985556613,-1.3244274,3.7998023,9.031111
1760985556615,-1.3334004,3.8147576,9.055039
1760985556617,-1.3435699,3.795615,9.040682
1760985556620,-1.3531412,3.7860436,9.074182
1760985556623,-1.3669,3.8004005,9.069396
1760985556624,-1.3860425,3.8201413,9.069396
1760985556627,-1.3812568,3.8201413,9.074182
1760985556629,-1.3860425,3.8153558,9.083753
1760985556632,-1.4003994,3.8201413,9.050254
1760985556633,-1.4045869,3.8488553,9.040682
1760985556636,-1.4093726,3.863212,9.040682
1760985556638,-1.4183456,3.8733816,9.045467
1760985556640,-1.4045869,3.8584266,9.02154
1760985556643,-1.4189439,3.863212,8.997611
1760985556645,-1.39023,3.8727834,8.973683
1760985556648,-1.39023,3.8823547,8.968898
1760985556649,-1.375873,3.8913279,8.944969
1760985556652,-1.3710874,3.886542,8.935398
1760985556654,-1.3513466,3.915256,8.9210415
1760985556656,-1.346561,3.915256,8.901898
1760985556659,-1.3130615,3.9338005,8.892327
1760985556661,-1.2843475,3.9571304,8.872586
1760985556663,-1.2987045,3.9625144,8.882157
1760985556667,-1.2843475,3.9619162,8.882157
1760985556668,-1.2939188,3.9768713,8.872586
1760985556670,-1.2789637,3.9954157,8.872586
1760985556672,-1.302892,4.0103707,8.882157
1760985556674,-1.3124632,3.9960139,8.896515
1760985556676,-1.3220345,4.005585,8.896515
1760985556679,-1.3411771,4.0013976,8.906086
1760985556681,-1.3357933,4.0157547,8.896515
1760985556683,-1.3597214,4.006183,8.896515
1760985556685,-1.3603196,3.9918263,8.896515
1760985556687,-1.3555341,3.9870408,8.920443
1760985556690,-1.3746766,3.9774694,8.920443
1760985556692,-1.3698909,3.9583268,8.911469
1760985556694,-1.3513466,3.9487555,8.925228
1760985556696,-1.3513466,3.94397,8.930014
1760985556699,-1.3507484,3.9583268,8.930014
1760985556701,-1.3369896,3.94397,8.963513
1760985556704,-1.3417753,3.9248273,8.944969
1760985556706,-1.346561,3.9343987,8.940184
1760985556708,-1.346561,3.94397,8.944371
1760985556710,-1.3375878,3.9050865,8.95454
1760985556712,-1.346561,3.915256,8.95454
1760985556715,-1.3375878,3.8961134,8.964112
1760985556717,-1.3519448,3.876971,8.964112
1760985556719,-1.3423735,3.8961134,8.949755
1760985556722,-1.3615161,3.8673997,8.978469
1760985556724,-1.3710874,3.886542,8.9928255
1760985556726,-1.3663018,3.8817565,8.978469
1760985556728,-1.3567305,3.8721852,8.978469
1760985556731,-1.3615161,3.8913279,8.997611
1760985556733,-1.3567305,3.876971,8.98804
1760985556735,-1.3710874,3.8721852,9.002397
1760985556738,-1.39023,3.8823547,8.978469
1760985556740,-1.4045869,3.8775692,8.978469
1760985556742,-1.4093726,3.867998,8.997611
1760985556744,-1.4285151,3.867998,8.9928255
1760985556747,-1.4518452,3.8733816,8.9928255
1760985556749,-1.4422739,3.8733816,8.9928255
1760985556751,-1.4757733,3.8877387,8.9928255
1760985556753,-1.4901303,3.8739798,8.98804
1760985556756,-1.4997016,3.8787656,8.978469
1760985556758,-1.4901303,3.897908,8.983254
1760985556760,-1.4853446,3.897908,8.968898
1760985556763,-1.466202,3.8925242,8.95454
1760985556765,-1.4757733,3.8973098,8.940184
1760985556767,-1.4470595,3.906881,8.959326
1760985556769,-1.4422739,3.8871403,8.930613
1760985556772,-1.4566308,3.9116669,8.925827
1760985556774,-1.4374882,3.92064,8.897113
1760985556776,-1.4422739,3.92064,8.897113
1760985556778,-1.41356,3.92064,8.87797
1760985556781,-1.4087744,3.9254255,8.868399
1760985556783,-1.4087744,3.9158542,8.868399
1760985556786,-1.41356,3.9158542,8.854042
1760985556788,-1.3992031,3.9200418,8.854042
1760985556790,-1.3944174,3.94397,8.825328
1760985556792,-1.3896317,3.9391842,8.820542
1760985556794,-1.3800604,3.9343987,8.839685
1760985556797,-1.3800604,3.9248273,8.796615
1760985556799,-1.3609179,3.9481573,8.787043
1760985556801,-1.3417753,3.9338005,8.806186
1760985556803,-1.3471591,3.9098723,8.787043
1760985556806,-1.3567305,3.9242291,8.782257
1760985556808,-1.3567305,3.9194436,8.782257
1760985556811,-1.3423735,3.9290147,8.782257
1760985556813,-1.3423735,3.9242291,8.787043
1760985556815,-1.3471591,3.9290147,8.796615
1760985556817,-1.3328022,3.9098723,8.820542
1760985556819,-1.3561323,3.9242291,8.820542
1760985556821,-1.3710874,3.9104705,8.854042
1760985556824,-1.3567305,3.9098723,8.844471
1760985556826,-1.375873,3.9008992,8.854042
1760985556829,-1.375873,3.8961134,8.897113
1760985556831,-1.3806586,3.9008992,8.87797
1760985556833,-1.4093726,3.8967116,8.887542
1760985556835,-1.3998013,3.8913279,8.882756
1760985556837,-1.41356,3.9014974,8.892327
1760985556839,-1.41356,3.906283,8.887542
1760985556842,-1.4087744,3.906283,8.892327
1760985556844,-1.3998013,3.8913279,8.873184
1760985556847,-1.3992031,3.915256,8.863613
1760985556849,-1.3848461,3.9248273,8.868399
1760985556851,-1.3657036,3.9343987,8.854042
1760985556853,-1.3513466,3.9194436,8.854042
1760985556856,-1.3519448,3.9146578,8.825328
1760985556857,-1.3513466,3.9290147,8.844471
1760985556860,-1.3609179,3.938586,8.834899
1760985556862,-1.332204,3.952943,8.825328
1760985556864,-1.317847,3.9481573,8.854042
1760985556867,-1.3226327,3.9481573,8.839685
1760985556869,-1.3130615,3.9625144,8.844471
1760985556871,-1.317847,3.952943,8.844471
1760985556873,-1.3130615,3.952943,8.834899
1760985556876,-1.3226327,3.9433718,8.834899
1760985556878,-1.317847,3.9481573,8.825328
1760985556880,-1.3226327,3.952943,8.815757
1760985556883,-1.3130615,3.952943,8.820542
1760985556885,-1.3082758,3.9667017,8.815757
1760985556887,-1.3034902,3.947559,8.810971
1760985556890,-1.2897314,3.9427736,8.796615
1760985556892,-1.294517,3.9427736,8.772686
1760985556894,-1.2897314,3.9379878,8.782257
1760985556896,-1.2705889,3.9332023,8.791828
1760985556899,-1.2753744,3.947559,8.782257
1760985556901,-1.2562319,3.9373896,8.787043
1760985556903,-1.2616158,3.9086757,8.772686
1760985556905,-1.2466606,3.9230328,8.791828
1760985556907,-1.2610176,3.9230328,8.8014
1760985556910,-1.2753744,3.9140596,8.8014
1760985556912,-1.2466606,3.9134614,8.8014
1760985556915,-1.2472588,3.8895333,8.815757
1760985556917,-1.2424731,3.879962,8.810971
1760985556919,-1.2520444,3.879962,8.815757
1760985556921,-1.2472588,3.8703907,8.806186
1760985556924,-1.2520444,3.8895333,8.815757
1760985556926,-1.2281163,3.879962,8.8014
1760985556929,-1.2472588,3.8656049,8.806186
1760985556931,-1.2711871,3.8805602,8.825328
1760985556933,-1.2616158,3.8751762,8.815757
1760985556935,-1.2807583,3.8805602,8.815757
1760985556938,-1.3046865,3.8805602,8.810971
1760985556939,-1.3232309,3.885944,8.815757
1760985556942,-1.3232309,3.8907297,8.815757
1760985556944,-1.3429717,3.8668015,8.815757
1760985556947,-1.3567305,3.885944,8.815757
1760985556949,-1.3519448,3.8907297,8.820542
1760985556951,-1.3567305,3.8811584,8.796615
1760985556953,-1.3471591,3.900301,8.796615
1760985556956,-1.3471591,3.900301,8.796615
1760985556958,-1.3328022,3.9146578,8.787043
1760985556960,-1.3375878,3.9194436,8.7679
1760985556962,-1.3280165,3.9146578,8.782257
1760985556964,-1.3184453,3.894917,8.7679
1760985556966,-1.3184453,3.8997028,8.772686
1760985556969,-1.3136597,3.9044883,8.777472
1760985556971,-1.3280165,3.9188452,8.7679
1760985556973,-1.3232309,3.9379878,8.777472
1760985556975,-1.3184453,3.9379878,8.7679
1760985556978,-1.3232309,3.9379878,8.753544
1760985556980,-1.317847,3.9571304,8.758329
1760985556982,-1.3226327,3.9667017,8.763115
1760985556985,-1.3274183,3.976273,8.734401
1760985556987,-1.332204,3.9864426,8.72483
1760985556989,-1.3411771,3.991228,8.739186
1760985556992,-1.3459628,3.9864426,8.753544
1760985556994,-1.3417753,3.9720855,8.729615
1760985556996,-1.346561,3.9816568,8.739186
1760985556998,-1.332204,3.9816568,8.7679
1760985557000,-1.3459628,3.9816568,8.772686
1760985557003,-1.3555341,3.9768713,8.796615
1760985557006,-1.3657036,3.9631126,8.820542
1760985557008,-1.3651053,3.9774694,8.844471
1760985557010,-1.3944174,3.9535413,8.863613
1760985557012,-1.3992031,3.9391842,8.873184
1760985557014,-1.4279169,3.9302113,8.887542
1760985557016,-1.4279169,3.92064,8.901898
1760985557019,-1.4422739,3.9110687,8.906684
1760985557021,-1.4327025,3.9158542,8.9210415
1760985557023,-1.4327025,3.9158542,8.9210415
1760985557025,-1.4327025,3.92064,8.925827
1760985557028,-1.4327025,3.906283,8.9210415
1760985557030,-1.4279169,3.9158542,8.9210415
1760985557032,-1.4470595,3.8967116,8.916255
1760985557035,-1.4279169,3.9158542,8.916255
1760985557037,-1.4279169,3.9110687,8.897113
1760985557039,-1.4327025,3.9110687,8.897113
1760985557041,-1.4327025,3.9110687,8.868399
1760985557044,-1.4327025,3.9302113,8.87797
1760985557046,-1.4327025,3.9302113,8.901898
1760985557048,-1.4327025,3.9302113,8.906684
1760985557051,-1.4422739,3.9158542,8.916255
1760985557053,-1.4464613,3.9403806,8.916255
1760985557055,-1.4416757,3.9349968,8.911469
1760985557057,-1.4560326,3.949952,8.935398
1760985557059,-1.4374882,3.92064,8.940184
1760985557062,-1.451247,3.9547377,8.944969
1760985557064,-1.4464613,3.9547377,8.95454
1760985557067,-1.4219348,3.9828532,8.939586
1760985557069,-1.4273187,3.9780676,8.939586
1760985557071,-1.4081762,3.9637108,8.930613
1760985557073,-1.4177474,3.9637108,8.935398
1760985557076,-1.3890336,3.9828532,8.920443
1760985557078,-1.3794622,3.9918263,8.906086
1760985557080,-1.3603196,4.0013976,8.9108715
1760985557082,-1.3507484,3.982255,8.882157
1760985557085,-1.3411771,3.991228,8.863015
1760985557087,-1.3363914,3.991228,8.872586
1760985557089,-1.3363914,3.9960139,8.843872
1760985557092,-1.3220345,3.9960139,8.863015
1760985557094,-1.3316058,3.9960139,8.863015
1760985557096,-1.3555341,3.9774694,8.868399
1760985557098,-1.3651053,3.982255,8.858828
1760985557101,-1.3698909,3.9774694,8.87797
1760985557103,-1.4033905,3.9684963,8.863613
1760985557105,-1.4177474,3.958925,8.882756
1760985557107,-1.41356,3.9397824,8.858828
1760985557110,-1.4279169,3.9349968,8.887542
1760985557112,-1.4327025,3.9254255,8.87797
1760985557114,-1.4470595,3.92064,8.873184
1760985557116,-1.4237294,3.8871403,8.897113
1760985557119,-1.4189439,3.891926,8.897113
1760985557121,-1.4183456,3.9014974,8.897113
1760985557123,-1.4183456,3.9014974,8.906684
1760985557125,-1.4141582,3.8871403,8.892327
1760985557128,-1.4279169,3.9014974,8.897113
1760985557130,-1.4141582,3.891926,8.87797
1760985557132,-1.3992031,3.9056847,8.897113
1760985557135,-1.4087744,3.9104705,8.873184
1760985557137,-1.4183456,3.9158542,8.873184
1760985557139,-1.4231312,3.92064,8.873184
1760985557141,-1.4273187,3.9493537,8.868399
1760985557144,-1.422533,3.9493537,8.858828
1760985557147,-1.4422739,3.9349968,8.863613
1760985557148,-1.4374882,3.9445682,8.8492565
1760985557150,-1.4464613,3.9780676,8.8492565
1760985557153,-1.4177474,3.9684963,8.839685
1760985557155,-1.4129617,3.9637108,8.834899
1760985557157,-1.4033905,3.9774694,8.825328
1760985557160,-1.3986049,3.996612,8.825328
1760985557161,-1.3890336,3.996612,8.825328
1760985557164,-1.3740784,4.025326,8.82473
1760985557167,-1.378864,4.025326,8.806186
1760985557170,-1.3651053,4.006183,8.815757
1760985557171,-1.3507484,4.019942,8.796615
1760985557174,-1.3405789,4.034299,8.805588
1760985557175,-1.3501502,4.024728,8.82473
1760985557178,-1.3651053,4.006183,8.815757
1760985557180,-1.3698909,4.0013976,8.810971
1760985557182,-1.3746766,4.010969,8.815757
1760985557184,-1.3890336,3.996612,8.825328
1760985557186,-1.4081762,3.9828532,8.825328
1760985557189,-1.4177474,3.9780676,8.844471
1760985557191,-1.4416757,3.9684963,8.863613
1760985557193,-1.451247,3.9493537,8.868399
1760985557195,-1.4799608,3.9308095,8.882756
1760985557198,-1.5044873,3.9170506,8.906684
1760985557200,-1.5517455,3.92722,8.916255
1760985557202,-1.570888,3.92722,8.940184
1760985557204,-1.599602,3.918247,8.964112
1760985557207,-1.6235301,3.9134614,8.973683
1760985557209,-1.6612171,3.9379878,8.98804
1760985557211,-1.713261,3.9481573,9.011969
1760985557214,-1.7419748,3.9678981,9.040682
1760985557216,-1.7796619,4.0067816,9.059825
1760985557219,-1.7982062,4.0360937,9.078967
1760985557220,-1.8496519,4.0797625,9.107083
1760985557223,-1.8490537,4.1467614,9.102298
1760985557225,-1.8580267,4.1754756,9.102298
1760985557228,-1.919642,4.2245283,9.107083
1760985557230,-2.0051854,4.258626,9.092726
1760985557232,-2.033301,4.3070807,9.040084
1760985557234,-2.0614166,4.359723,9.001799
1760985557236,-2.0895324,4.4081774,8.9724865
1760985557239,-2.132005,4.418347,8.939586
1760985557241,-2.169692,4.4859443,8.891729
1760985557243,-2.1882362,4.5242295,8.852845
1760985557245,-2.178665,4.5332026,8.776874
1760985557248,-2.1308086,4.5469613,8.748159
1760985557250,-2.0685952,4.570291,8.652447
1760985557252,-2.0787647,4.551149,8.63809
1760985557254,-2.0500507,4.555336,8.575876
1760985557257,-2.021337,4.5930233,8.537591
1760985557259,-2.0111675,4.631308,8.49452
1760985557261,-1.9016958,4.615755,8.451449
1760985557264,-1.7784654,4.5852466,8.408379
1760985557266,-1.6546369,4.540381,8.34138
1760985557268,-1.550549,4.4817567,8.336594
1760985557270,-1.4937196,4.447659,8.360522
1760985557273,-1.4847465,4.408776,8.389236
1760985557275,-1.5326029,4.3998027,8.432307
1760985557277,-1.6516458,4.4111686,8.437093
1760985557279,-1.6612171,4.3968115,8.4705925
1760985557282,-1.6420746,4.3872404,8.480164
1760985557284,-1.5954145,4.3148575,8.466405
1760985557287,-1.5678971,4.24726,8.490333
1760985557289,-1.5158532,4.19402,8.547761
1760985557291,-1.4781662,4.1407795,8.638688
1760985557293,-1.5020944,4.098307,8.6961155
1760985557296,-1.5218352,4.046263,8.758329
1760985557298,-1.6175481,4.004389,8.815757
1760985557300,-1.7036897,3.9667017,8.85464
1760985557302,-1.7186449,3.952943,8.85464
1760985557305,-1.6331015,3.9038901,8.912068
1760985557307,-1.5762719,3.8841493,8.902496
1760985557309,-1.5481563,3.8356948,8.907282
1760985557311,-1.5343975,3.7974095,8.940782
1760985557314,-1.5487545,3.7836509,9.022138
1760985557316,-1.5481563,3.7884364,9.055637
1760985557319,-1.5864414,3.798606,9.093923
1760985557320,-1.605584,3.798606,9.11785
1760985557323,-1.6480566,3.8231323,9.122038
1760985557325,-1.643271,3.8135612,9.127422
1760985557328,-1.6815561,3.7854455,9.165708
1760985557330,-1.878964,3.6681972,9.204591
1760985557333,-1.9262222,3.6687953,9.300303
1760985557334,-2.178665,3.6436708,9.634701
1760985557336,-2.1212373,3.610171,9.792626
1760985557338,-1.9567307,3.4737802,9.673584
1760985557341,-2.2115662,3.3320055,9.516854
1760985557343,-1.838286,3.4289148,9.592228
1760985557345,-1.6007984,3.7184465,9.556933
1760985557348,-1.5296118,3.7166517,9.323035
1760985557350,-1.6163517,3.6652062,9.304491
1760985557352,-1.678565,3.6323047,9.404989
1760985557354,-1.5978073,3.5934215,9.514461
1760985557357,-1.50688,3.5880375,9.595817
1760985557359,-1.5637096,3.6317065,9.652647
1760985557361,-1.6498512,3.589832,9.586246
1760985557364,-1.7551354,3.6000016,9.510274
1760985557366,-1.8167506,3.6203406,9.491131
1760985557368,-1.8927227,3.6352959,9.538987
1760985557370,-2.0165513,3.6658044,9.562916
1760985557372,-2.120639,3.7005002,9.55813
1760985557375,-2.201397,3.7256248,9.519845
1760985557377,-2.2444677,3.7686956,9.44806
1760985557379,-2.3060827,3.8123646,9.372088
1760985557382,-2.2959132,3.8697925,9.318848
1760985557384,-2.3336003,3.9134614,9.290133
1760985557386,-2.3192434,3.92722,9.223135
1760985557389,-2.3186452,3.9607196,9.147162
1760985557390,-2.289333,4.017549,9.079565
1760985557393,-2.2941186,4.06062,9.0029955
1760985557395,-2.2265215,4.0977087,8.921639
1760985557398,-2.178665,4.1353955,8.845069
1760985557400,-2.111666,4.182654,8.797213
1760985557402,-2.0494525,4.2006,8.725428
1760985557404,-1.948954,4.2520456,8.662616
1760985557407,-1.8909281,4.299304,8.605188
1760985557409,-1.8191434,4.3411784,8.5525465
1760985557411,-1.7425731,4.3836513,8.47119
1760985557413,-1.6707884,4.4255257,8.398808
1760985557416,-1.6366907,4.4632125,8.331808
1760985557418,-1.579263,4.486542,8.23131
1760985557420,-1.5409778,4.5242295,8.169097
1760985557422,-1.4883357,4.5278187,8.111669
1760985557425,-1.4691931,4.5613184,8.092526
1760985557427,-1.4787644,4.5565324,8.025527
1760985557429,-1.4691931,4.5708895,7.972885
1760985557431,-1.4691931,4.584648,7.9256268
1760985557434,-1.4362918,4.5649076,7.8777704
1760985557436,-1.3884354,4.5834517,7.829914
1760985557438,-1.3220345,4.549354,7.829914
1760985557441,-1.3220345,4.549354,7.8442707
1760985557444,-1.3698909,4.53081,7.8634133
1760985557445,-1.3884354,4.540381,7.8921275
1760985557447,-1.4171492,4.531408,7.920841
1760985557450,-1.4650056,4.517649,7.9351983
1760985557452,-1.5038891,4.4895334,7.939984
1760985557455,-1.5230316,4.4608197,7.9686975
1760985557456,-1.5230316,4.470391,7.973483
1760985557459,-1.5517455,4.4374895,8.012366
1760985557461,-1.5810575,4.3944187,8.050652
1760985557464,-1.5714862,4.365705,8.069795
1760985557466,-1.524228,4.3411784,8.112865
1760985557469,-1.524228,4.3178487,8.160722
1760985557470,-1.5200406,4.293322,8.160722
1760985557472,-1.4919249,4.2646084,8.189436
1760985557475,-1.4344971,4.2592244,8.203793
1760985557477,-1.3483555,4.2723846,8.217551
1760985557479,-1.3058829,4.228716,8.227122
1760985557481,-1.2729816,4.2191443,8.251051
1760985557484,-1.2346965,4.1898327,8.284551
1760985557486,-1.1916257,4.199404,8.322835
1760985557488,-1.1204392,4.1982074,8.350951
1760985557491,-1.0677971,4.1832523,8.350951
1760985557493,-1.0013963,4.1587257,8.365308
1760985557495,-0.97806627,4.124628,8.374879
1760985557497,-0.9062816,4.1479583,8.408379
1760985557499,-0.8679964,4.118646,8.437093
1760985557502,-0.8255238,4.094718,8.4705925
1760985557504,-0.78723866,4.098905,8.498708
1760985557507,-0.78783685,4.046263,8.52802
1760985557509,-0.7495517,4.0504503,8.546564
1760985557511,-0.69272214,4.0211387,8.584849
1760985557513,-0.6831509,4.001996,8.608778
1760985557515,-0.6789634,3.9637108,8.62792
1760985557518,-0.6843473,3.9254255,8.685946
1760985557520,-0.67417777,3.9397824,8.704491
1760985557522,-0.67477596,3.8877387,8.781061
1760985557524,-0.6753742,3.8733816,8.809774
1760985557526,-0.7040881,3.8494534,8.82473
1760985557529,-0.6945168,3.8207395,8.881559
1760985557531,-0.72382885,3.792624,8.9348
1760985557533,-0.7477571,3.7740796,8.9826565
1760985557536,-0.7429714,3.7597225,9.006584
1760985557538,-0.7860422,3.7166517,9.040084
1760985557540,-0.8105687,3.6837504,9.068798
1760985557542,-0.82971126,3.6837504,9.092726
1760985557545,-0.8488538,3.6460636,9.12144
1760985557547,-0.887139,3.641876,9.135797
1760985557549,-0.85902333,3.6221352,9.169296
1760985557551,-0.85842514,3.6221352,9.193225
1760985557554,-0.91166544,3.5844483,9.2075815
1760985557556,-0.9451649,3.551547,9.208179
1760985557558,-0.9595219,3.551547,9.208179
1760985557560,-0.9553344,3.527619,9.227323
1760985557563,-0.92662054,3.5467613,9.241679
1760985557565,-0.92662054,3.522833,9.246465
1760985557568,-0.97926265,3.5090744,9.265608
1760985557570,-1.041476,3.4857445,9.25125
1760985557572,-1.0510473,3.5048869,9.241679
1760985557575,-1.0366904,3.5144582,9.222537
1760985557577,-1.0749756,3.4857445,9.223135
1760985557579,-1.1276177,3.495914,9.208778
1760985557581,-1.1467602,3.4869409,9.203992
1760985557583,-1.160519,3.510869,9.199206
1760985557585,-1.1844472,3.5252259,9.175279
1760985557588,-1.2370893,3.5066817,9.160921
1760985557590,-1.2412767,3.554538,9.15135
1760985557599,-1.2795619,3.559922,9.122637
1760985557599,-1.3076776,3.5892339,9.103494
1760985557599,-1.3076776,3.6077783,9.079565
1760985557599,-1.3405789,3.6323047,9.055637
1760985557608,-1.393221,3.6424742,8.979067
1760985557608,-1.3926228,3.6616168,8.96471
1760985557608,-1.4069797,3.6951163,8.945567
1760985557608,-1.4255241,3.7094734,8.879167
1760985557616,-1.4446666,3.714259,8.850452
1760985557616,-1.4440684,3.7716868,8.801998
1760985557616,-1.4536397,3.7812579,8.769096
1760985557617,-1.4440684,3.795615,8.735598
1760985557619,-1.4344971,3.8147576,8.692527
1760985557621,-1.3866407,3.842873,8.658429
1760985557624,-1.352543,3.8757744,8.629715
1760985557626,-1.3334004,3.8997028,8.601001
1760985557628,-1.3429717,3.894917,8.601001
1760985557631,-1.3232309,3.9230328,8.581859
1760985557633,-1.2759727,3.9278183,8.572288
1760985557635,-1.2759727,3.9367914,8.553144
1760985557637,-1.2807583,3.9278183,8.562716
1760985557640,-1.2807583,3.903292,8.548359
1760985557642,-1.2568301,3.8985064,8.55793
1760985557644,-1.2472588,3.9080775,8.577073
1760985557646,-1.2382857,3.8793638,8.59143
1760985557649,-1.2903296,3.8943188,8.581859
1760985557651,-1.3334004,3.8901315,8.577073
1760985557653,-1.3190435,3.8943188,8.581859
1760985557656,-1.2999009,3.9086757,8.601001
1760985557658,-1.3286148,3.9044883,8.6345005
1760985557660,-1.3716856,3.8907297,8.672786
1760985557663,-1.3956138,3.8572302,8.696713
1760985557665,-1.3573287,3.8476589,8.739784
1760985557667,-1.3334004,3.8470607,8.749356
1760985557669,-1.4057833,3.8147576,8.758927
1760985557672,-1.4386846,3.8147576,8.768498
1760985557674,-1.4626129,3.8344984,8.7780695
1760985557676,-1.4291133,3.8339,8.787642
1760985557678,-1.3812568,3.8380876,8.801998
1760985557681,-1.3674982,3.818945,8.830712
1760985557683,-1.3722838,3.790231,8.845069
1760985557685,-1.3579268,3.790231,8.864211
1760985557687,-1.3579268,3.7854455,8.864211
1760985557690,-1.3393825,3.7800615,8.849854
1760985557692,-1.262214,3.8129628,8.868399
1760985557694,-1.2717853,3.8129628,8.868399
1760985557696,-1.2723835,3.769892,8.868998
1760985557699,-1.2723835,3.7890346,8.859426
1760985557701,-1.2628121,3.8033917,8.840283
1760985557704,-1.2149557,3.807579,8.834899
1760985557706,-1.1910275,3.8171504,8.825328
1760985557708,-1.2197413,3.8171504,8.810971
1760985557710,-1.1910275,3.7932222,8.844471
1760985557713,-1.1910275,3.778865,8.840283
1760985557715,-1.1479566,3.7878382,8.839685
1760985557717,-1.1006985,3.7968113,8.830113
1760985557719,-1.0857433,3.8063827,8.839685
1760985557722,-1.0863415,3.7968113,8.858828
1760985557724,-1.052842,3.8009987,8.834899
1760985557726,-1.0193424,3.7860436,8.844471
1760985557728,-0.98644114,3.766901,8.868399
1760985557730,-0.90508515,3.7704902,8.9348
1760985557733,-0.86201435,3.760919,8.949157
1760985557735,-0.8817552,3.7417765,8.9826565
1760985557737,-0.8955139,3.7471602,9.01137
1760985557740,-0.9098708,3.7567315,9.035298
1760985557742,-0.90508515,3.7567315,9.044869
1760985557744,-0.8859426,3.7471602,9.083155
1760985557747,-0.87637126,3.7423747,9.111869
1760985557749,-0.87158567,3.7328033,9.145369
1760985557751,-0.84765744,3.7274194,9.150154
1760985557753,-0.84347,3.7226338,9.150154
1760985557756,-0.86261255,3.7178483,9.159725
1760985557758,-0.8668,3.737589,9.168698
1760985557760,-0.87158567,3.737589,9.149555
1760985557763,-0.8668,3.7567315,9.163913
1760985557765,-0.8709874,3.7806597,9.120842
1760985557767,-0.8470592,3.8135612,9.11127
1760985557769,-0.846461,3.8327036,9.087342
1760985557771,-0.82731843,3.866203,9.082557
1760985557774,-0.84167534,3.8709888,9.039486
1760985557776,-0.84107715,3.9188452,9.001201
1760985557778,-0.84107715,3.9427736,8.982058
1760985557780,-0.8644072,3.9858444,8.938987
1760985557783,-0.863809,4.019344,8.89113
1760985557785,-0.88235337,4.058227,8.87139
1760985557787,-0.8967103,4.0869412,8.824132
1760985557790,-0.91106725,4.091727,8.790632
1760985557792,-0.9296116,4.125226,8.757133
1760985557794,-0.94337034,4.159324,8.728418
1760985557796,-0.96729857,4.1832523,8.685348
1760985557799,-0.98584294,4.226323,8.613564
1760985557801,-1.0187442,4.2508492,8.618349
1760985557803,-1.0372887,4.29392,8.541779
1760985557806,-1.0468599,4.322634,8.522636
1760985557808,-1.0749756,4.3519464,8.474779
1760985557810,-1.1036894,4.342375,8.436495
1760985557812,-1.1228321,4.366303,8.407781
1760985557815,-1.1659029,4.371687,8.388638
1760985557817,-1.1557333,4.386044,8.374281
1760985557819,-1.1653047,4.395615,8.345567
1760985557821,-1.1371889,4.3615174,8.316854
1760985557823,-1.1084751,4.365705,8.29771
1760985557826,-1.0660025,4.345964,8.283354
1760985557828,-0.9613165,4.3064823,8.307282
1760985557831,-0.8428718,4.2478585,8.345567
1760985557833,-0.82971126,4.1665025,8.389236
1760985557835,-0.8925229,4.1001015,8.422736
1760985557837,-0.997807,4.072584,8.475378
1760985557839,-1.11685,4.045067,8.480762
1760985557842,-1.2035898,4.007978,8.466405
1760985557844,-1.2658032,3.9607196,8.500503
1760985557847,-1.2520444,3.9224346,8.52443
1760985557849,-1.180858,3.8733816,8.55793
1760985557851,-1.0342976,3.8051863,8.615358
1760985557853,-0.95832545,3.7322052,8.672786
1760985557856,-0.9876375,3.67059,8.749356
1760985557858,-1.0408778,3.6233318,8.830712
1760985557860,-1.1126626,3.6005998,8.878569
1760985557862,-1.198206,3.586841,8.907881
1760985557864,-1.2376875,3.510869,8.893523
1760985557867,-1.2999009,3.458825,8.908479
1760985557869,-1.3339987,3.4109688,8.889337
1760985557871,-1.3154542,3.3726835,8.927621
1760985557874,-1.2490535,3.3385859,8.941978
1760985557876,-1.2400804,3.295515,8.999406
1760985557878,-1.2263216,3.2183464,9.062218
1760985557880,-1.2167503,3.2189445,9.119047
1760985557883,-1.2125629,3.1944182,9.138189
1760985557885,-1.2364911,3.161517,9.153145
1760985557887,-1.2370893,3.1280174,9.167501
1760985557890,-1.2658032,3.0849466,9.1770735
1760985557892,-1.2376875,3.0610185,9.186645
1760985557894,-1.2335001,3.03709,9.201001
1760985557896,-1.1952149,3.0173492,9.22493
1760985557899,-1.1718849,3.0023942,9.22493
1760985557901,-1.1335998,2.992823,9.229715
1760985557903,-1.0378869,3.0107691,9.272786
1760985557906,-1.0193424,2.986841,9.300901
1760985557908,-1.0049855,2.9718857,9.311071
1760985557910,-0.9762716,2.9766715,9.3104725
1760985557912,-0.98584294,2.9766715,9.300901
1760985557914,-0.9906286,2.9862428,9.244072
1760985557917,-0.9661021,3.0149565,9.243474
1760985557919,-0.91346,3.0329027,9.233903
1760985557921,-0.9517452,3.033501,9.219545
1760985557923,-0.9517452,3.0478578,9.229117
1760985557926,-0.9661021,3.033501,9.229117
1760985557928,-0.9607183,3.062813,9.24826
1760985557930,-0.9421739,3.0622149,9.233903
1760985557933,-0.9272188,3.086143,9.190832
1760985557935,-0.86979103,3.0951161,9.190832
1760985557937,-0.85064846,3.1088748,9.18126
1760985557939,-0.86979103,3.1046875,9.18126
1760985557941,-0.8985049,3.1286156,9.162118
1760985557944,-0.8979067,3.1477582,9.162118
1760985557946,-0.8979067,3.1477582,9.123833
1760985557948,-0.8979067,3.1573296,9.099904
1760985557951,-0.8554341,3.1567314,9.085547
1760985557953,-0.85483587,3.1710882,9.0951185
1760985557955,-0.8739785,3.161517,9.090333
1760985557957,-0.8985049,3.1477582,9.0951185
1760985557960,-0.8883354,3.1525438,9.104691
1760985557962,-0.8745767,3.1567314,9.085547
1760985557964,-0.84047896,3.1663027,9.104691
1760985557966,-0.81236327,3.1609187,9.090333
1760985557969,-0.8213364,3.1752756,9.080164
1760985557971,-0.8500503,3.1806595,9.094521
1760985557973,-0.8500503,3.1663027,9.099904
1760985557975,-0.8458628,3.1519456,9.0951185
1760985557978,-0.8315059,3.1567314,9.090333
1760985557980,-0.78364944,3.1561332,9.089735
1760985557982,-0.7501499,3.1746774,9.113664
1760985557984,-0.74536425,3.1555347,9.123235
1760985557987,-0.74536425,3.1555347,9.123235
1760985557989,-0.77347994,3.1848469,9.156734
1760985557991,-0.7686943,3.199204,9.151948
1760985557994,-0.8213364,3.2093735,9.142377
1760985557996,-0.849452,3.2093735,9.137591
1760985557998,-0.8542377,3.2237303,9.118449
1760985558000,-0.8542377,3.2482567,9.137591
1760985558002,-0.8536395,3.257828,9.12802
1760985558005,-0.8344969,3.2907293,9.118449
1760985558007,-0.84347,3.3200414,9.11785
1760985558009,-0.8141579,3.362514,9.11785
1760985558012,-0.80937225,3.3864422,9.122637
1760985558014,-0.81894356,3.391228,9.108279
1760985558016,-0.79441714,3.4486556,9.065208
1760985558018,-0.7896315,3.4630125,9.069396
1760985558021,-0.8225328,3.4725838,9.074182
1760985558023,-0.8225328,3.510869,9.026325
1760985558025,-0.82672024,3.5210385,9.035896
1760985558027,-0.85483587,3.554538,9.02154
1760985558030,-0.86919284,3.5688949,8.98804
1760985558032,-0.8877372,3.6077783,8.959326
1760985558034,-0.87338024,3.6263227,8.944969
1760985558036,-0.849452,3.621537,8.935398
1760985558039,-0.8207382,3.6544385,8.949755
1760985558041,-0.80159557,3.659224,8.9826565
1760985558043,-0.74835527,3.6873398,8.987442
1760985558045,-0.7148558,3.696911,8.9826565
1760985558048,-0.69571316,3.7154553,8.968299
1760985558050,-0.67178494,3.7441692,8.9826565
1760985558052,-0.657428,3.7441692,8.996415
1760985558055,-0.6095716,3.757928,9.005986
1760985558057,-0.6041877,3.7770705,9.001201
1760985558059,-0.57607204,3.7716868,9.010772
1760985558061,-0.5617151,3.766901,9.005986
1760985558064,-0.5377869,3.7621155,9.029915
1760985558066,-0.5282156,3.7716868,9.049057
1760985558068,-0.5138587,3.737589,9.087342
1760985558070,-0.50428736,3.737589,9.106484
1760985558073,-0.49052864,3.7136607,9.153743
1760985558075,-0.4851448,3.723232,9.201599
1760985558077,-0.485743,3.7040894,9.220742
1760985558079,-0.46660042,3.6801612,9.254242
1760985558082,-0.49052864,3.671188,9.254242
1760985558084,-0.48095736,3.671188,9.292527
1760985558086,-0.4953143,3.6664026,9.302098
1760985558089,-0.4953143,3.6520455,9.349955
1760985558091,-0.51505506,3.6376886,9.35474
1760985558093,-0.5054838,3.6089747,9.359526
1760985558095,-0.5054838,3.5946178,9.397811
1760985558098,-0.54376894,3.5904303,9.397811
1760985558100,-0.5587241,3.5712879,9.427123
1760985558102,-0.5820541,3.5671003,9.446265
1760985558105,-0.61076796,3.5671003,9.436694
1760985558107,-0.64905316,3.5772698,9.446265
1760985558109,-0.64905316,3.5820556,9.436694
1760985558111,-0.701097,3.577868,9.460623
1760985558114,-0.6969096,3.5682967,9.460623
1760985558116,-0.67776704,3.5682967,9.48455
1760985558118,-0.67836523,3.5060835,9.51805
1760985558120,-0.67417777,3.4725838,9.537193
1760985558123,-0.6693921,3.4725838,9.556335
1760985558125,-0.6646065,3.429513,9.589835
1760985558127,-0.6843473,3.4103706,9.623335
1760985558130,-0.71306115,3.3870404,9.62812
1760985558132,-0.70348984,3.3870404,9.652048
1760985558134,-0.7322037,3.3631122,9.685548
1760985558136,-0.7328019,3.3296127,9.7196455
1760985558139,-0.7471589,3.301497,9.772287
1760985558141,-0.77647096,3.2536407,9.801002
1760985558144,-0.80518484,3.2159536,9.820144
1760985558145,-0.83389866,3.1974092,9.8632145
1760985558148,-0.9056834,3.1740792,9.896714
1760985558150,-0.9589237,3.1220353,9.935597
1760985558152,-1.0067801,3.103491,9.969097
1760985558154,-1.0546366,3.0849466,9.993026
1760985558157,-1.0881361,3.0664022,10.016953
1760985558159,-1.1270195,3.0239296,10.036695
1760985558161,-1.1509477,3.0095727,10.060623
1760985558164,-1.1557333,2.9760733,10.065409
1760985558166,-1.1706885,2.9425735,10.065409
1760985558169,-1.1856437,2.9186454,10.051051
1760985558170,-1.1712867,2.8995028,10.0468645
1760985558173,-1.1521441,2.894119,10.022936
1760985558175,-1.1335998,2.8893332,9.989436
1760985558177,-1.0953146,2.8791637,9.984651
1760985558180,-1.0809577,2.8743782,9.965508
1760985558182,-1.0576276,2.8689942,9.927223
1760985558184,-1.038485,2.8779674,9.879367
1760985558186,-0.9954142,2.89711,9.860224
1760985558188,-0.95712906,2.8869405,9.793225
1760985558191,-0.93320084,2.8959136,9.7501545
1760985558193,-0.8997013,2.928815,9.702297
1760985558195,-0.8853444,2.9575288,9.692726
1760985558198,-0.8662018,2.9521449,9.64487
1760985558200,-0.8279166,2.9802606,9.616156
1760985558202,-0.8177471,3.0233314,9.582058
1760985558206,-0.78424764,3.0323045,9.553345
1760985558207,-0.7890333,3.0514472,9.505488
1760985558209,-0.78364944,3.0849466,9.471989
1760985558211,-0.7645068,3.0897322,9.452846
1760985558213,-0.7405786,3.1082766,9.452846
1760985558216,-0.7262217,3.1130621,9.433703
1760985558218,-0.7070791,3.1465619,9.428918
1760985558220,-0.69212395,3.165106,9.409775
1760985558222,-0.6873383,3.1890345,9.41456
1760985558225,-0.68255264,3.1890345,9.404989
1760985558227,-0.64905316,3.1986058,9.390633
1760985558229,-0.6538388,3.2033913,9.385847
1760985558232,-0.63948184,3.2027931,9.390035
1760985558234,-0.6628119,3.246462,9.375677
1760985558236,-0.6580262,3.246462,9.380463
1760985558238,-0.64845496,3.251248,9.370892
1760985558241,-0.6771688,3.260819,9.380463
1760985558243,-0.6765706,3.2656047,9.370892
1760985558245,-0.66759753,3.2560334,9.375677
1760985558248,-0.6628119,3.2703903,9.342177
1760985558250,-0.68195444,3.2656047,9.313464
1760985558252,-0.6334998,3.2841492,9.313464
1760985558254,-0.61914283,3.3032916,9.327821
1760985558258,-0.6047859,3.298506,9.323035
1760985558259,-0.5766702,3.293122,9.31825
1760985558261,-0.5521438,3.3074791,9.308679
1760985558264,-0.509073,3.3212378,9.303893
1760985558266,-0.45702913,3.330211,9.30808
1760985558268,-0.4235296,3.339184,9.293723
1760985558270,-0.45164528,3.3589249,9.265009
1760985558272,-0.4564309,3.3493536,9.245867
1760985558275,-0.44685963,3.3589249,9.269794
1760985558277,-0.43728834,3.3966117,9.236296
1760985558279,-0.42771706,3.3966117,9.2075815
1760985558281,-0.43728834,3.3918262,9.169296
1760985558284,-0.4660022,3.382853,9.160323
1760985558286,-0.47018966,3.4163525,9.126823
1760985558288,-0.43669012,3.4396825,9.135797
1760985558291,-0.44626144,3.4301112,9.083753
1760985558293,-0.4319045,3.434897,9.069396
1760985558295,-0.40797627,3.4342988,9.050254
1760985558298,-0.3894319,3.4247274,9.040682
1760985558300,-0.34636107,3.4337006,9.040084
1760985558302,-0.33200413,3.4331024,9.025727
1760985558304,-0.31286156,3.4331024,9.016156
1760985558307,-0.30329028,3.4426737,8.997013
1760985558309,-0.32243285,3.4522448,8.992228
1760985558311,-0.27936205,3.4612179,8.977871
1760985558314,-0.28414768,3.461816,9.006584
1760985558316,-0.2650051,3.4420755,9.006584
1760985558318,-0.27936205,3.4277184,9.01137
1760985558320,-0.29850462,3.4283166,9.020942
1760985558323,-0.30388847,3.409174,9.040084
1760985558325,-0.3080759,3.4283166,9.035298
1760985558327,-0.3367898,3.4289148,9.049655
1760985558329,-0.33738798,3.3954153,9.08794
1760985558332,-0.33738798,3.3954153,9.097511
1760985558334,-0.35174492,3.3906298,9.107083
1760985558336,-0.3469593,3.3667014,9.131011
1760985558338,-0.35174492,3.347559,9.141181
1760985558341,-0.36610186,3.3427732,9.169894
1760985558343,-0.37088752,3.3290145,9.193823
1760985558345,-0.381057,3.3050864,9.227323
1760985558347,-0.36131623,3.3242288,9.255438
1760985558350,-0.35653058,3.3194432,9.274581
1760985558352,-0.3804588,3.3146574,9.265009
1760985558354,-0.40438703,3.3200414,9.269794
1760985558357,-0.41874397,3.3200414,9.298509
1760985558359,-0.46181476,3.301497,9.265608
1760985558361,-0.4953143,3.3062828,9.275179
1760985558364,-0.552742,3.2877383,9.260822
1760985558366,-0.60059845,3.2883365,9.270393
1760985558368,-0.634098,3.2841492,9.260822
1760985558370,-0.66699934,3.2991042,9.25125
1760985558373,-0.69092757,3.3038898,9.260822
1760985558375,-0.7004988,3.3230324,9.227323
1760985558377,-0.72382885,3.3523445,9.222537
1760985558379,-0.73818576,3.347559,9.2177515
1760985558381,-0.7423732,3.3906298,9.208179
1760985558384,-0.76630145,3.3864422,9.2177515
1760985558386,-0.7710871,3.3960135,9.212965
1760985558389,-0.81834537,3.4301112,9.193823
1760985558391,-0.8560323,3.4540396,9.169894
1760985558393,-0.87996054,3.4737802,9.141181
1760985558396,-0.90807617,3.4929228,9.126823
1760985558398,-0.9696914,3.5180476,9.093923
1760985558400,-0.9984053,3.527619,9.084352
1760985558402,-1.0456635,3.5473595,9.055637
1760985558404,-1.0887343,3.557529,9.036494
1760985558407,-1.1264212,3.5820556,9.031709
1760985558409,-1.1551352,3.591627,9.012567
1760985558411,-1.2071791,3.6209388,8.99821
1760985558413,-1.2263216,3.6161532,8.979067
1760985558416,-1.2215359,3.6257246,8.959925
1760985558418,-1.2071791,3.6113675,8.950353
1760985558420,-1.2071791,3.6257246,8.940782
1760985558423,-1.2023934,3.6352959,8.926425
1760985558424,-1.1694921,3.6059837,8.921639
1760985558427,-1.1359925,3.6197424,8.892925
1760985558429,-1.1120644,3.6340995,8.916854
1760985558431,-1.0977074,3.62393,8.883354
1760985558434,-1.0689936,3.6287155,8.892925
1760985558437,-1.0211371,3.6329029,8.878569
1760985558439,-1.0025927,3.6281173,8.868998
1760985558440,-0.9882358,3.6227336,8.864211
1760985558443,-0.96909314,3.6083765,8.868998
1760985558445,-1.026521,3.589832,8.859426
1760985558448,-1.605584,3.4289148,9.02812
1760985558449,-3.039483,3.083152,9.533604
1760985558451,-4.3998027,2.8666015,10.520643
1760985558454,-4.910072,2.7786653,11.09492
1760985558456,-4.482953,2.6757739,10.421341
1760985558458,-3.362514,2.4580271,9.30808
1760985558461,-2.2582264,2.3665016,8.709276
1760985558463,-1.2257234,2.5507488,8.697312
1760985558465,-0.3044867,2.9820552,8.975478
1760985558467,0.26021945,3.4420755,9.382855
1760985558470,0.28414768,3.792624,9.744172
1760985558473,-0.061615184,3.8937206,10.0881405
1760985558475,-0.62512493,3.8380876,10.18505
1760985558477,-1.1371889,3.7046876,10.062417
1760985558480,-1.4721842,3.6837504,9.614362
1760985558482,-1.6558332,3.583252,9.132806
1760985558483,-1.747957,3.5066817,8.799007
1760985558486,-1.7371893,3.650251,8.63151
1760985558488,-1.7593229,3.7890346,8.583055
1760985558490,-1.6803597,3.9894335,8.525029
1760985558492,-1.5924234,4.1850467,8.390432
1760985558495,-1.4763715,4.341777,8.351549
1760985558497,-1.2556337,4.4350967,8.350353
1760985558500,-1.0444671,4.5044885,8.416754
1760985558502,-0.8536395,4.4979086,8.497512
1760985558504,-0.6867401,4.476971,8.606983
1760985558506,-0.5629115,4.470989,8.692527
1760985558508,-0.50129634,4.4464626,8.745169
1760985558511,-0.48275197,4.3932223,8.745169
1760985558513,-0.4833502,4.359723,8.736196
1760985558515,-0.50189453,4.369294,8.702696
1760985558517,-0.5736792,4.3704906,8.645268
1760985558520,-0.6119644,4.3609195,8.602796
1760985558522,-0.6412765,4.336991,8.559725
1760985558524,-0.6364908,4.3465624,8.5118685
1760985558526,-0.6221339,4.3465624,8.483154
1760985558529,-0.5982057,4.3651066,8.459227
1760985558531,-0.5605187,4.3262234,8.420941
1760985558533,-0.5084748,4.2969112,8.35454
1760985558535,-0.44685963,4.276572,8.330612
1760985558538,-0.4235296,4.237689,8.292327
1760985558540,-0.41515473,4.156333,8.307282
1760985558543,-0.40079778,4.1276193,8.302496
1760985558544,-0.37268212,4.093521,8.33121
1760985558547,-0.33499518,4.068995,8.359924
1760985558549,-0.33559337,4.0307097,8.369495
1760985558551,-0.36490545,3.9738803,8.39821
1760985558554,-0.39840496,3.9601214,8.422137
1760985558556,-0.46061835,3.9176488,8.437093
1760985558558,-0.5180461,3.8991046,8.422736
1760985558560,-0.5946164,3.8901315,8.404191
1760985558563,-0.70947194,3.8673997,8.408977
1760985558565,-0.8333005,3.8500516,8.400003
1760985558567,-0.9242278,3.8315072,8.40479
1760985558570,-0.9816555,3.8321054,8.380861
1760985558572,-1.082154,3.804588,8.400602
1760985558574,-1.2209377,3.7537405,8.42453
1760985558576,-1.3399807,3.7459638,8.477771
1760985558579,-1.4781662,3.7477584,8.539984
1760985558581,-1.6121643,3.7106698,8.578269
1760985558584,-1.7515461,3.6550367,8.593225
1760985558585,-1.8574286,3.574877,8.627322
1760985558588,-1.8765712,3.5174494,8.713464
1760985558591,-1.791626,3.4546378,8.799605
1760985558593,-1.6965113,3.4151561,8.889935
1760985558595,-1.649253,3.3810585,8.889935
1760985558597,-1.5822539,3.4187453,8.846864
1760985558600,-1.5002998,3.4941192,8.722437
1760985558601,-1.5230316,3.5946178,8.574081
1760985558603,-1.5559329,3.6616168,8.397013
1760985558606,-1.5888343,3.7005002,8.325228
1760985558608,-1.5786648,3.7573297,8.286943
1760985558610,-1.5308083,3.7950168,8.253444
1760985558613,-1.4721842,3.8955152,8.233703
1760985558615,-1.4380864,3.9667017,8.128419
1760985558617,-1.375873,4.022933,8.02792
1760985558619,-1.332204,4.0797625,7.9555373
1760985558622,-1.2939188,4.1222353,7.9316087
1760985558624,-1.274178,4.141378,7.9220376
1760985558626,-1.2604194,4.1126637,7.917252
1760985558628,-1.2370893,4.0833516,7.9220376
1760985558631,-1.2562319,4.0833516,7.917252
1760985558633,-1.227518,4.0833516,7.9316087
1760985558635,-1.2370893,4.0833516,7.917252
1760985558637,-1.2412767,4.0881376,7.9890366
1760985558640,-1.2035898,4.0833516,8.046464
1760985558642,-1.1796615,4.0737805,8.127222
1760985558644,-1.1796615,4.045067,8.1942215
1760985558647,-1.1611172,4.0067816,8.2660055
1760985558649,-1.1515459,3.987639,8.342576
1760985558651,-1.1617154,3.9445682,8.409575
1760985558653,-1.1473584,3.9349968,8.4909315
1760985558656,-1.1473584,3.9212382,8.586046
1760985558658,-1.1563315,3.912265,8.69133
1760985558660,-1.1515459,3.8931224,8.791828
1760985558662,-1.166501,3.8739798,8.863613
1760985558665,-1.1611172,3.8697925,8.944371
1760985558667,-1.1569297,3.8506498,9.025727
1760985558669,-1.1377872,3.821936,9.08794
1760985558671,-1.1234303,3.8410785,9.107083
1760985558674,-1.1186446,3.8171504,9.169296
1760985558676,-1.0899308,3.807579,9.216555
1760985558678,-1.0947163,3.7884364,9.250054
1760985558681,-1.0666007,3.7830527,9.28834
1760985558683,-1.0660025,3.792624,9.297911
1760985558685,-1.061815,3.778267,9.345767
1760985558687,-1.0468599,3.7974095,9.388838
1760985558690,-1.0277174,3.778267,9.417552
1760985558692,-0.98943216,3.7974095,9.445667
1760985558694,-0.97507524,3.7920256,9.474381
1760985558697,-0.9607183,3.7968113,9.527023
1760985558699,-0.9272188,3.8015969,9.560523
1760985558701,-0.9272188,3.8207395,9.598209
1760985558703,-0.95054877,3.830909,9.6173525
1760985558706,-0.9553344,3.8261235,9.6173525
1760985558708,-0.9601201,3.8356948,9.588638
1760985558710,-0.96490574,3.8548372,9.593424
1760985558712,-0.9738788,3.8739798,9.588638
1760985558715,-1.0079765,3.8506498,9.5557375
1760985558717,-1.0552348,3.879962,9.536594
1760985558719,-1.0743774,3.8847475,9.512667
1760985558721,-1.0025927,3.9074793,9.497711
1760985558724,-0.9499506,3.8973098,9.478569
1760985558726,-0.89730847,3.906283,9.449855
1760985558728,-0.88295156,3.9349968,9.430713
1760985558730,-0.87338024,3.9493537,9.4019985
1760985558733,-0.87338024,3.9637108,9.373284
1760985558735,-0.87338024,3.9637108,9.363713
1760985558737,-0.8919246,3.9684963,9.354142
1760985558739,-0.91585284,3.973282,9.334999
1760985558742,-0.9493524,3.9834516,9.306286
1760985558745,-0.9774681,4.0073795,9.273384
1760985558747,-1.0157533,4.007978,9.268599
1760985558749,-1.0588241,4.013362,9.239884
1760985558751,-1.0492527,4.007978,9.239884
1760985558753,-1.0588241,3.9894335,9.235099
1760985558755,-1.0588241,4.0181475,9.201599
1760985558758,-1.0492527,4.017549,9.1681
1760985558760,-1.0588241,4.007978,9.158528
1760985558763,-1.0444671,4.0271206,9.115458
1760985558765,-1.0492527,4.017549,9.086744
1760985558767,-1.0636097,4.022335,9.020343
1760985558769,-1.0259227,4.026522,8.986844
1760985558772,-1.0211371,4.0217366,8.953344
1760985558774,-0.99720883,4.0211387,8.915059
1760985558776,-0.9828519,4.025924,8.881559
1760985558778,-0.9499506,4.02054,8.838489
1760985558780,-0.96909314,4.006183,8.824132
1760985558783,-0.9451649,4.0151563,8.800203
1760985558785,-0.9595219,4.0007997,8.776874
1760985558787,-0.9403793,4.005585,8.748159
1760985558790,-0.95054877,3.9960139,8.7577305
1760985558792,-0.93619186,3.9816568,8.719446
1760985558794,-0.9601201,3.9720855,8.709874
1760985558796,-0.96490574,3.9720855,8.705089
1760985558799,-0.97507524,3.952943,8.681161
1760985558801,-0.9846465,3.9338005,8.700303
1760985558803,-1.018146,3.9008992,8.6961155
1760985558805,-1.0564312,3.891926,8.705687
1760985558808,-1.061815,3.8727834,8.734401
1760985558810,-1.0809577,3.8536408,8.743972
1760985558812,-1.1001002,3.8297126,8.734401
1760985558815,-1.1335998,3.8111682,8.753544
1760985558817,-1.1527423,3.8069808,8.787043
1760985558819,-1.1629118,3.7878382,8.806186
1760985558822,-1.1581261,3.7686956,8.834899
1760985558824,-1.1485549,3.7591243,8.840283
1760985558826,-1.1533405,3.739982,8.882756
1760985558828,-1.1443675,3.711268,8.907282
1760985558830,-1.1300105,3.6921253,8.944969
1760985558833,-1.1204392,3.6867416,8.973683
1760985558835,-1.0923235,3.6771703,9.002397
1760985558838,-1.1018949,3.6628132,9.031111
1760985558839,-1.0827522,3.6532419,9.035896
1760985558842,-1.0923235,3.6436708,9.050254
1760985558845,-1.0588241,3.6436708,9.059825
1760985558847,-1.0540384,3.6628132,9.059825
1760985558848,-1.0348958,3.6717863,9.055039
1760985558851,-1.0109676,3.676572,9.050254
1760985558853,-1.006182,3.7005002,9.035896
1760985558856,-0.98644114,3.728616,9.007183
1760985558858,-1.0007981,3.738187,8.98804
1760985558860,-0.98584294,3.7812579,8.968299
1760985558863,-0.98584294,3.795615,8.944371
1760985558865,-0.97567344,3.8339,8.9108715
1760985558867,-0.9804591,3.8386858,8.896515
1760985558869,-0.9804591,3.8530426,8.877372
1760985558871,-0.97567344,3.8673997,8.853444
1760985558873,-0.9607183,3.8907297,8.834301
1760985558876,-0.94636136,3.9290147,8.82473
1760985558878,-0.94636136,3.9338005,8.800801
1760985558881,-0.9272188,3.9290147,8.79123
1760985558883,-0.9176475,3.923631,8.786445
1760985558885,-0.9170493,3.9571304,8.79123
1760985558887,-0.8979067,3.9667017,8.776874
1760985558889,-0.8889336,3.9571304,8.786445
1760985558892,-0.89371926,3.9571304,8.796016
1760985558894,-0.87936234,3.947559,8.805588
1760985558896,-0.8883354,3.9714873,8.824132
1760985558898,-0.907478,3.9720855,8.833703
1760985558901,-0.92183495,3.9625144,8.838489
1760985558903,-0.93619186,3.9577286,8.857632
1760985558905,-0.93619186,3.9625144,8.89113
1760985558908,-0.96430755,3.9774694,8.895916
1760985558910,-0.96490574,3.9678981,8.915059
1760985558912,-0.9882358,3.9828532,8.938987
1760985558915,-0.9882358,3.973282,8.938987
1760985558917,-0.9834501,3.9780676,8.953344
1760985558919,-0.997807,3.9924245,8.953344
1760985558921,-0.997807,3.973282,8.943773
1760985558924,-0.97866446,3.9828532,8.943773
1760985558926,-0.96909314,3.982255,8.915059
1760985558928,-0.9403793,4.0013976,8.900702
1760985558931,-0.93559366,3.982255,8.919845
1760985558932,-0.89730847,3.991228,8.910274
1760985558935,-0.88295156,4.0007997,8.900702
1760985558937,-0.8787641,3.9858444,8.867203
1760985558939,-0.8452646,3.99063,8.900702
1760985558941,-0.8883354,3.9816568,8.895916
1760985558944,-0.8787641,3.976273,8.886345
1760985558946,-0.8979067,3.9673,8.881559
1760985558948,-0.907478,3.9625144,8.900702
1760985558951,-0.9409775,3.9487555,8.915059
1760985558953,-0.9601201,3.9391842,8.92463
1760985558955,-0.98883396,3.9254255,8.948559
1760985558957,-1.0223335,3.906283,8.958728
1760985558960,-1.0606186,3.9116669,8.9826565
1760985558962,-1.1036894,3.8931224,8.9826565
1760985558964,-1.1132607,3.8787656,9.01137
1760985558967,-1.1419746,3.8602211,9.006584
1760985558969,-1.1521441,3.8315072,9.006584
1760985558971,-1.1617154,3.8315072,9.001799
1760985558973,-1.1623136,3.8027935,8.983254
1760985558975,-1.1623136,3.807579,8.973683
1760985558977,-1.1527423,3.8027935,8.978469
1760985558980,-1.1623136,3.8027935,8.95454
1760985558982,-1.1575279,3.7974095,8.959326
1760985558985,-1.1479566,3.792624,8.944969
1760985558987,-1.1575279,3.792624,8.9210415
1760985558989,-1.1527423,3.7878382,8.930613
1760985558991,-1.1718849,3.7836509,8.930613
1760985558994,-1.1670992,3.7830527,8.906684
1760985558996,-1.1862419,3.7836509,8.906684
1760985558998,-1.1916257,3.7645082,8.911469
1760985559000,-1.18684,3.7591243,8.87797
1760985559003,-1.1910275,3.7692938,8.916255
1760985559005,-1.1958131,3.7645082,8.916255
1760985559007,-1.1820544,3.7501514,8.935398
1760985559009,-1.1910275,3.7740796,8.9210415
1760985559012,-1.1814562,3.778865,8.930613
1760985559014,-1.1766706,3.7740796,8.925827
1760985559016,-1.1718849,3.7932222,8.935398
1760985559018,-1.1766706,3.7932222,8.940184
1760985559021,-1.1910275,3.807579,8.940184
1760985559023,-1.2143575,3.8273199,8.925827
1760985559025,-1.2191432,3.8464625,8.901898
1760985559028,-1.2287145,3.8464625,8.892327
1760985559030,-1.2281163,3.8703907,8.882756
1760985559033,-1.2329018,3.879962,8.8492565
1760985559034,-1.2089736,3.874578,8.882756
1760985559036,-1.189831,3.8937206,8.839685
1760985559039,-1.1611172,3.8931224,8.825328
1760985559041,-1.1371889,3.9026937,8.810971
1760985559043,-1.1090733,3.8925242,8.791828
1760985559046,-1.0564312,3.8967116,8.772686
1760985559048,-1.0564312,3.8967116,8.7679
1760985559050,-1.0133604,3.9056847,8.7673025
1760985559052,-0.9942178,3.9200418,8.7577305
1760985559055,-0.9846465,3.915256,8.7673025
1760985559057,-0.9846465,3.9296129,8.752945
1760985559059,-0.9846465,3.9391842,8.762517
1760985559062,-0.9798609,3.9296129,8.786445
1760985559064,-0.96550393,3.9433718,8.748159
1760985559066,-0.9840483,3.9487555,8.781659
1760985559068,-0.9942178,3.9248273,8.776874
1760985559071,-1.0031909,3.9343987,8.82473
1760985559073,-0.9984053,3.9391842,8.805588
1760985559075,-0.99900347,3.9248273,8.829515
1760985559077,-1.0079765,3.9343987,8.843872
1760985559080,-1.0127622,3.9397824,8.872586
1760985559082,-1.0127622,3.9302113,8.882157
1760985559085,-1.0079765,3.9349968,8.863015
1760985559087,-1.0319048,3.9349968,8.886943
1760985559089,-1.0223335,3.9349968,8.882157
1760985559091,-1.041476,3.9349968,8.891729
1760985559093,-1.041476,3.9302113,8.877372
1760985559096,-1.0366904,3.9254255,8.920443
1760985559098,-1.041476,3.9445682,8.906086
1760985559100,-1.0462617,3.9403806,8.9108715
1760985559102,-1.0271192,3.9397824,8.915657
1760985559105,-1.0127622,3.9541395,8.929416
1760985559107,-0.9840483,3.9487555,8.905488
1760985559109,-0.974477,3.9535413,8.915059
1760985559112,-0.96490574,3.9391842,8.910274
1760985559114,-0.96490574,3.9487555,8.915059
1760985559116,-0.9553344,3.9487555,8.895916
1760985559118,-0.9553344,3.9535413,8.881559
1760985559121,-0.96550393,3.915256,8.886943
1760985559123,-0.974477,3.9391842,8.886943
1760985559125,-0.96550393,3.9248273,8.882157
1760985559128,-0.9846465,3.9200418,8.85823
1760985559130,-0.9936196,3.9248273,8.867801
1760985559132,-1.0031909,3.9349968,8.882157
1760985559134,-1.041476,3.9302113,8.872586
1760985559137,-1.0319048,3.9493537,8.886943
1760985559139,-1.041476,3.9493537,8.863015
1760985559141,-1.0360922,3.9637108,8.877372
1760985559144,-1.0360922,3.973282,8.882157
1760985559146,-1.0504491,3.9684963,8.848659
1760985559148,-1.0313065,3.987639,8.85823
1760985559150,-1.0313065,3.973282,8.863015
1760985559153,-1.0504491,3.9930227,8.89113
1760985559155,-1.0552348,3.9738803,8.882157
1760985559157,-1.0648061,3.949952,8.896515
1760985559160,-1.079163,3.9595232,8.896515
1760985559162,-1.0887343,3.9451663,8.906086
1760985559164,-1.0749756,3.9308095,8.930014
1760985559166,-1.0935199,3.9457645,8.944371
1760985559168,-1.1078769,3.940979,8.977871
1760985559171,-1.1078769,3.9314077,8.9826565
1760985559174,-1.1030912,3.926622,8.997013
1760985559176,-1.1126626,3.9170506,9.020942
1760985559178,-1.1036894,3.912265,9.016156
1760985559179,-1.1030912,3.9170506,9.025727
1760985559182,-1.1132607,3.8835511,9.040084
1760985559184,-1.1084751,3.8835511,9.059227
1760985559186,-1.1132607,3.859623,9.078369
1760985559189,-1.1180464,3.874578,9.092726
1760985559191,-1.1228321,3.8602211,9.078369
1760985559193,-1.1228321,3.8697925,9.102298
1760985559195,-1.1324034,3.8602211,9.116654
1760985559197,-1.1563315,3.8458643,9.092726
1760985559200,-1.1563315,3.8554354,9.111869
1760985559202,-1.1371889,3.8506498,9.083155
1760985559204,-1.1324034,3.8506498,9.08794
1760985559206,-1.1282159,3.8267217,9.12144
1760985559209,-1.1138589,3.8213377,9.107083
1760985559212,-1.0899308,3.830909,9.116654
1760985559214,-1.0857433,3.8069808,9.126225
1760985559216,-1.0564312,3.8255253,9.126225
1760985559218,-1.0564312,3.8255253,9.131011
1760985559220,-1.0378869,3.815954,9.116654
1760985559222,-1.0468599,3.8350966,9.12144
1760985559225,-1.0426725,3.8111682,9.111869
1760985559227,-1.0378869,3.8111682,9.12144
1760985559230,-1.0426725,3.8063827,9.116654
1760985559232,-1.0426725,3.7968113,9.116654
1760985559234,-1.0331012,3.7920256,9.092726
1760985559236,-1.0241281,3.7770705,9.092726
1760985559238,-1.0097711,3.7818563,9.097511
1760985559242,-1.0139586,3.7914274,9.102298
1760985559243,-1.0235299,3.8009987,9.078369
1760985559246,-1.0235299,3.7824545,9.102298
1760985559248,-0.99960166,3.8009987,9.059227
1760985559250,-1.0331012,3.7920256,9.068798
1760985559252,-1.0283155,3.8009987,9.064013
1760985559254,-1.0241281,3.7866418,9.064013
1760985559256,-1.0378869,3.7968113,9.049655
1760985559259,-1.0426725,3.7968113,9.040084
1760985559261,-1.0378869,3.8057845,9.016156
1760985559264,-1.0426725,3.8255253,9.016156
1760985559266,-1.0474582,3.8255253,8.992228
1760985559268,-1.0564312,3.8590248,8.997013
1760985559270,-1.0426725,3.839284,8.973084
1760985559272,-1.0474582,3.8344984,8.953942
1760985559275,-1.032503,3.8536408,8.953942
1760985559277,-1.0187442,3.8536408,8.920443
1760985559279,-1.0378869,3.8488553,8.896515
1760985559281,-1.0331012,3.8440695,8.886943
1760985559284,-1.0283155,3.8536408,8.85823
1760985559286,-1.0043873,3.848257,8.853444
1760985559289,-0.99960166,3.862614,8.848659
1760985559291,-0.99960166,3.8434713,8.843872
1760985559293,-0.99003035,3.862614,8.791828
1760985559295,-0.9804591,3.8530426,8.834301
1760985559297,-0.994816,3.8530426,8.815159
1760985559300,-0.994816,3.8578284,8.82473
1760985559302,-1.0187442,3.862614,8.8014
1760985559305,-1.0187442,3.848257,8.8014
1760985559307,-1.0372887,3.8775692,8.796615
1760985559309,-1.0468599,3.8727834,8.806186
1760985559311,-1.0426725,3.8584266,8.8014
1760985559313,-1.0378869,3.8578284,8.777472
1760985559316,-1.0331012,3.8530426,8.810971
1760985559318,-1.0426725,3.867998,8.810971
1760985559320,-1.0378869,3.863212,8.810971
1760985559323,-1.0187442,3.8673997,8.810373
1760985559325,-1.0139586,3.8434713,8.791828
1760985559327,-0.99960166,3.8578284,8.819944
1760985559330,-0.98524475,3.8817565,8.819944
1760985559332,-0.98524475,3.876971,8.810373
1760985559335,-0.9661021,3.871587,8.815159
1760985559337,-0.9661021,3.871587,8.810373
1760985559338,-0.95653087,3.8763726,8.815159
1760985559341,-0.9708878,3.8620157,8.839087
1760985559343,-0.9661021,3.8668015,8.848659
1760985559345,-0.9517452,3.871587,8.834301
1760985559347,-0.9661021,3.8811584,8.85823
1760985559350,-0.9421739,3.8668015,8.867801
1760985559352,-0.94695956,3.8572302,8.877372
1760985559354,-0.94695956,3.8572302,8.891729
1760985559356,-0.92303133,3.8668015,8.9108715
1760985559359,-0.927817,3.842873,8.920443
1760985559361,-0.93260264,3.8668015,8.9348
1760985559363,-0.9086744,3.8524444,8.944371
1760985559366,-0.927817,3.8620157,8.949157
1760985559368,-0.90388876,3.8572302,8.949157
1760985559370,-0.91346,3.8476589,8.953942
1760985559373,-0.9092726,3.8333018,8.949157
1760985559375,-0.91405827,3.818945,8.915657
1760985559377,-0.8997013,3.804588,8.963513
1760985559379,-0.89013004,3.7944186,8.958728
1760985559381,-0.8668,3.799204,8.953942
1760985559383,-0.86141616,3.8135612,8.977871
1760985559386,-0.8566305,3.8327036,8.982058
1760985559388,-0.8566305,3.827918,8.9826565
1760985559391,-0.8566305,3.8231323,8.987442
1760985559393,-0.87996054,3.8374894,8.99163
1760985559395,-0.89491564,3.8141594,8.9826565
1760985559397,-0.9092726,3.8093736,8.9826565
1760985559399,-0.9284152,3.818945,8.987442
1760985559402,-0.9517452,3.8195431,8.987442
1760985559404,-0.9762716,3.8099718,8.968299
1760985559406,-1.0049855,3.8057845,8.963513
1760985559409,-0.99960166,3.81057,8.963513
1760985559411,-1.0283155,3.81057,8.949157
1760985559413,-1.0522437,3.8201413,8.915657
1760985559415,-1.061815,3.8446677,8.906086
1760985559418,-1.0713863,3.8398821,8.887542
1760985559420,-1.0522437,3.8344984,8.854042
1760985559422,-1.0378869,3.8584266,8.815757
1760985559425,-1.0139586,3.862614,8.787043
1760985559427,-0.99003035,3.8907297,8.739186
1760985559429,-0.95653087,3.8955152,8.705687
1760985559432,-0.951147,3.9188452,8.653045
1760985559434,-0.92303133,3.9188452,8.633903
1760985559436,-0.9182457,3.9230328,8.600403
1760985559438,-0.9086744,3.9421754,8.562118
1760985559441,-0.90388876,3.9230328,8.5525465
1760985559443,-0.9320044,3.952345,8.547761
1760985559445,-0.9421739,3.9332023,8.538189
1760985559447,-0.94695956,3.923631,8.542975
1760985559449,-0.9517452,3.909274,8.571689
1760985559452,-0.94695956,3.9140596,8.600403
1760985559454,-0.97567344,3.8907297,8.643474
1760985559456,-0.9708878,3.8763726,8.681759
1760985559459,-0.99003035,3.871587,8.734401
1760985559461,-1.0139586,3.848257,8.791828
1760985559463,-1.0139586,3.8386858,8.844471
1760985559465,-1.0432707,3.81057,8.87797
1760985559468,-1.0426725,3.81057,8.939586
1760985559470,-1.0480564,3.7914274,8.9826565
1760985559472,-1.0713863,3.7824545,9.040084
1760985559474,-1.1096715,3.7686956,9.078369
1760985559477,-1.1431711,3.7597225,9.126225
1760985559479,-1.1814562,3.731607,9.160323
1760985559481,-1.224527,3.7130625,9.2177515
1760985559484,-1.2149557,3.7178483,9.226724
1760985559486,-1.253839,3.679563,9.260822
1760985559488,-1.2969099,3.656233,9.308679
1760985559491,-1.3112668,3.64726,9.323035
1760985559493,-1.3256238,3.6281173,9.351749
1760985559495,-1.3070793,3.6089747,9.390035
1760985559497,-1.3022938,3.5946178,9.413962
1760985559499,-1.2879368,3.5611184,9.447462
1760985559502,-1.2879368,3.5611184,9.461819
1760985559504,-1.2981063,3.5419757,9.480962
1760985559506,-1.2646067,3.5365918,9.485747
1760985559508,-1.2693924,3.5174494,9.495318
1760985559511,-1.2556337,3.5030923,9.514461
1760985559513,-1.2454642,3.5126636,9.524033
1760985559515,-1.2460624,3.4983068,9.495318
1760985559518,-1.2317054,3.5072799,9.485747
1760985559520,-1.2029916,3.5072799,9.490533
1760985559522,-1.198206,3.4929228,9.47139
1760985559524,-1.183849,3.525824,9.452248
1760985559527,-1.1312069,3.5491543,9.409177
1760985559529,-1.102493,3.539583,9.399606
1760985559531,-1.0929217,3.534199,9.356535
1760985559533,-1.0737791,3.548556,9.332606
1760985559535,-1.049851,3.557529,9.303893
1760985559538,-1.026521,3.5527434,9.294321
1760985559540,-1.0217353,3.5617166,9.270393
1760985559542,-0.99720883,3.5760734,9.256036
1760985559545,-0.96909314,3.580261,9.227323
1760985559547,-0.9451649,3.589832,9.245867
1760985559549,-0.91166544,3.5605202,9.232108
1760985559551,-0.8877372,3.5796626,9.241081
1760985559554,-0.863809,3.598207,9.23151
1760985559556,-0.8542377,3.5838501,9.217153
1760985559558,-0.849452,3.5790644,9.226724
1760985559560,-0.8207382,3.611966,9.19801
1760985559563,-0.8255238,3.6221352,9.226724
1760985559565,-0.80578303,3.6454654,9.236296
1760985559567,-0.8249256,3.6460636,9.212367
1760985559569,-0.8153543,3.6652062,9.2075815
1760985559572,-0.8009974,3.6693935,9.2075815
1760985559574,-0.80997044,3.6885362,9.211769
1760985559577,-0.8243274,3.7034912,9.206984
1760985559579,-0.80518484,3.7172499,9.202198
1760985559581,-0.81954175,3.7178483,9.230911
1760985559583,-0.7860422,3.7076788,9.211769
1760985559585,-0.8003992,3.7220356,9.206984
1760985559588,-0.7860422,3.7268212,9.206984
1760985559590,-0.799801,3.7322052,9.245269
1760985559592,-0.7956135,3.7124643,9.230911
1760985559602,-0.8045866,3.7226338,9.259625
1760985559602,-0.82911307,3.6987057,9.259625
1760985559602,-0.8530413,3.6753755,9.273982
1760985559602,-0.87278205,3.6514473,9.255438
1760985559609,-0.8775677,3.6275191,9.260223
1760985559609,-0.88295156,3.5940197,9.255438
1760985559609,-0.8925229,3.5796626,9.260223
1760985559616,-0.8877372,3.5700915,9.241081
1760985559616,-0.86919284,3.5551362,9.212965
1760985559616,-0.8644072,3.5551362,9.189037
1760985559617,-0.8452646,3.554538,9.169894
1760985559619,-0.84047896,3.5593238,9.155538
1760985559621,-0.8500503,3.5688949,9.122038
1760985559624,-0.83090764,3.554538,9.102896
1760985559626,-0.8117651,3.5635111,9.0646105
1760985559628,-0.802792,3.5539398,9.011969
1760985559631,-0.7405786,3.5676985,8.978469
1760985559633,-0.7645068,3.5676985,8.940184
1760985559635,-0.75493556,3.5623147,8.9210415
1760985559637,-0.73579293,3.5766716,8.901898
1760985559640,-0.71665037,3.5814574,8.863613
1760985559643,-0.7405786,3.5958142,8.844471
1760985559645,-0.7304091,3.6197424,8.830113
1760985559647,-0.7543373,3.6293137,8.810971
1760985559649,-0.74895346,3.6723845,8.772686
1760985559652,-0.7298109,3.6915271,8.758329
1760985559653,-0.72442704,3.734598,8.715259
1760985559655,-0.73340017,3.8063827,8.695518
1760985559658,-0.718445,3.8446677,8.662018
1760985559660,-0.72263247,3.8973098,8.628518
1760985559662,-0.7465607,3.9212382,8.60459
1760985559665,-0.7363912,3.9786658,8.595019
1760985559667,-0.7501499,4.0121655,8.575876
1760985559669,-0.7543373,4.045665,8.55135
1760985559672,-0.75912297,4.0504503,8.537591
1760985559674,-0.7920243,4.098905,8.541779
1760985559676,-0.81595254,4.1090746,8.546564
1760985559678,-0.8392825,4.11386,8.541779
1760985559680,-0.8488538,4.1383867,8.565707
1760985559683,-0.8865408,4.1383867,8.589635
1760985559685,-0.8967103,4.124628,8.59442
1760985559688,-0.91106725,4.1054854,8.62792
1760985559690,-0.91585284,4.0959144,8.651849
1760985559692,-0.92542416,4.0773697,8.685348
1760985559694,-0.92602235,4.0534415,8.714062
1760985559696,-0.9403793,4.034299,8.733205
1760985559699,-0.93619186,4.0007997,8.762517
1760985559701,-0.9553344,3.9768713,8.800801
1760985559703,-0.974477,3.9631126,8.810373
1760985559705,-0.98883396,3.94397,8.863015
1760985559708,-1.0277174,3.8871403,8.896515
1760985559710,-1.0468599,3.8775692,8.944371
1760985559713,-1.0755738,3.8446677,8.958728
1760985559715,-1.1042876,3.8303108,8.953942
1760985559717,-1.1623136,3.8027935,8.964112
1760985559719,-1.1766706,3.7884364,8.98804
1760985559721,-1.2293127,3.760321,8.959326
1760985559724,-1.2155539,3.74058,8.940184
1760985559726,-1.2394822,3.7459638,8.940782
1760985559728,-1.2442678,3.7459638,8.926425
1760985559730,-1.2442678,3.7172499,8.9312105
1760985559733,-1.2442678,3.7172499,8.926425
1760985559735,-1.230509,3.687938,8.897711
1760985559737,-1.2161521,3.687938,8.897711
1760985559740,-1.1826526,3.682554,8.88814
1760985559742,-1.1832508,3.6681972,8.897711
1760985559744,-1.1832508,3.6777685,8.864211
1760985559746,-1.1736795,3.6490545,8.859426
1760985559749,-1.1736795,3.6681972,8.849854
1760985559751,-1.154537,3.6915271,8.835498
1760985559753,-1.1353943,3.6771703,8.806784
1760985559755,-1.14018,3.6963127,8.806784
1760985559758,-1.1443675,3.705884,8.806784
1760985559760,-1.1587243,3.7010984,8.792427
1760985559762,-1.1682956,3.720241,8.792427
1760985559765,-1.18684,3.739982,8.787642
1760985559767,-1.2017952,3.7256248,8.782856
1760985559769,-1.2203395,3.7501514,8.801998
1760985559772,-1.2490535,3.754937,8.825927
1760985559774,-1.2771691,3.769892,8.859426
1760985559776,-1.3058829,3.775276,8.902496
1760985559778,-1.3345969,3.7704902,8.897711
1760985559780,-1.3633107,3.737589,8.921639
1760985559783,-1.3537394,3.7567315,8.950353
1760985559785,-1.358525,3.751946,8.959925
1760985559787,-1.3345969,3.7423747,8.988638
1760985559790,-1.3058829,3.760919,8.9928255
1760985559792,-1.2574283,3.7896328,9.007183
1760985559794,-1.21017,3.7692938,8.98804
1760985559796,-1.1479566,3.792624,8.968898
1760985559799,-1.0911272,3.7824545,8.944969
1760985559801,-1.0193424,3.7962132,8.925827
1760985559803,-0.94755775,3.804588,8.882157
1760985559806,-0.90508515,3.799204,8.853444
1760985559808,-0.8333005,3.8123646,8.819944
1760985559810,-0.8141579,3.8410785,8.776874
1760985559812,-0.7615158,3.8356948,8.7577305
1760985559814,-0.7423732,3.8255253,8.7577305
1760985559817,-0.71365935,3.8638103,8.7673025
1760985559819,-0.6658029,3.8536408,8.752945
1760985559821,-0.6801598,3.868596,8.814561
1760985559824,-0.6652047,3.8967116,8.8289175
1760985559826,-0.66999036,3.8973098,8.867203
1760985559828,-0.6939186,3.9020956,8.881559
1760985559830,-0.71246296,3.897908,8.910274
1760985559833,-0.74117684,3.912265,8.919845
1760985559835,-0.7938189,3.888935,8.900702
1760985559837,-0.8321041,3.8847475,8.938987
1760985559840,-0.8847462,3.8901315,8.929416
1760985559842,-0.92303133,3.8524444,8.9348
1760985559845,-0.94695956,3.8476589,8.944371
1760985559846,-0.93260264,3.8572302,8.958728
1760985559848,-0.94695956,3.842873,8.963513
1760985559851,-0.9421739,3.8237305,8.9826565
1760985559853,-0.9379865,3.804588,8.987442
1760985559855,-0.90508515,3.7848473,8.963513
1760985559858,-0.90508515,3.775276,8.953942
1760985559860,-0.9098708,3.7417765,8.973084
1760985559862,-0.87218386,3.7130625,8.963513
1760985559865,-0.8913264,3.7322052,8.949157
1760985559867,-0.90089774,3.7178483,8.930613
1760985559869,-0.8865408,3.7226338,8.930613
1760985559871,-0.8817552,3.7124643,8.916255
1760985559873,-0.87218386,3.7268212,8.911469
1760985559876,-0.87218386,3.731607,8.882756
1760985559878,-0.887139,3.702893,8.882756
1760985559880,-0.88235337,3.7076788,8.863613
1760985559882,-0.8775677,3.7172499,8.8492565
1760985559885,-0.8961121,3.7268212,8.830113
1760985559887,-0.91525465,3.7274194,8.825328
1760985559889,-0.91525465,3.7274194,8.825328
1760985559892,-0.91106725,3.7034912,8.820542
1760985559894,-0.910469,3.7178483,8.839685
1760985559896,-0.8913264,3.7363925,8.825328
1760985559899,-0.8578269,3.7268212,8.839685
1760985559901,-0.8386843,3.74058,8.830113
1760985559903,-0.81954175,3.7597225,8.853444
1760985559905,-0.80997044,3.754937,8.853444
1760985559908,-0.80518484,3.7597225,8.863015
1760985559910,-0.81954175,3.7645082,8.896515
1760985559912,-0.84347,3.7651064,8.877372
1760985559914,-0.8673982,3.7555351,8.896515
1760985559917,-0.90029955,3.7561333,8.949157
1760985559919,-0.9194421,3.7615173,8.958728
1760985559921,-0.9523434,3.7758741,8.992228
1760985559924,-0.9810573,3.7716868,9.025727
1760985559926,-0.9954142,3.7716868,9.035298
1760985559928,-1.0145568,3.7818563,9.064013
1760985559930,-1.052842,3.7633119,9.083155
1760985559932,-1.0474582,3.7920256,9.102298
1760985559935,-1.0666007,3.7728832,9.126225
1760985559937,-1.0857433,3.7878382,9.145369
1760985559939,-1.090529,3.7974095,9.164511
1760985559941,-1.1001002,3.7974095,9.140582
1760985559944,-1.0755738,3.8213377,9.135797
1760985559946,-1.0803595,3.8213377,9.145369
1760985559948,-1.0612168,3.8303108,9.116654
1760985559950,-1.0372887,3.8494534,9.116056
1760985559953,-1.032503,3.8590248,9.096913
1760985559955,-1.0175478,3.8877387,9.106484
1760985559957,-1.0037891,3.8823547,9.082557
1760985559959,-1.0031909,3.9110687,9.063414
1760985559962,-0.9984053,3.9110687,9.072986
1760985559964,-1.0223335,3.8877387,9.058628
1760985559967,-1.0127622,3.906283,9.029915
1760985559969,-1.0223335,3.9212382,9.053843
1760985559971,-1.0223335,3.9164524,9.058628
1760985559973,-1.0271192,3.9164524,9.015557
1760985559975,-1.041476,3.9212382,9.010772
1760985559978,-1.0504491,3.9308095,9.039486
1760985559980,-1.0510473,3.9260237,9.029915
1760985559983,-1.0606186,3.9260237,9.025128
1760985559985,-1.0510473,3.9212382,9.015557
1760985559987,-1.0606186,3.9116669,9.006584
1760985559989,-1.0606186,3.9260237,9.020343
1760985559992,-1.07019,3.8925242,9.006584
1760985559994,-1.0462617,3.8973098,8.997013
1760985559996,-1.0516455,3.882953,8.997013
1760985559998,-1.0516455,3.868596,8.992228
1760985560001,-1.0229317,3.8584266,8.9826565
1760985560003,-1.0283155,3.8440695,8.997013
1760985560005,-1.0187442,3.8297126,8.992228
1760985560007,-1.0091729,3.839284,9.001799
1760985560009,-1.0331012,3.8153558,9.006584
1760985560012,-1.0713863,3.8063827,9.016156
1760985560014,-1.0666007,3.8111682,9.01137
1760985560016,-1.076172,3.7824545,9.059227
1760985560019,-1.0953146,3.778267,9.059227
1760985560021,-1.1102697,3.7591243,9.073584
1760985560023,-1.1335998,3.76391,9.08794
1760985560025,-1.1527423,3.7597225,9.069396
1760985560028,-1.134198,3.739982,9.069396
1760985560030,-1.1533405,3.7501514,9.074182
1760985560032,-1.119841,3.7447674,9.0646105
1760985560035,-1.1150553,3.749553,9.026325
1760985560037,-1.0911272,3.7441692,9.026325
1760985560040,-1.0677971,3.7393837,8.983254
1760985560042,-1.0390832,3.743571,8.949755
1760985560044,-1.015155,3.7238302,8.940184
1760985560046,-0.9768698,3.7423747,8.9210415
1760985560048,-0.9768698,3.737589,8.901898
1760985560050,-0.95772725,3.7471602,8.87797
1760985560053,-0.9768698,3.7567315,8.906684
1760985560055,-0.99601245,3.7573297,8.887542
1760985560057,-1.0055838,3.766901,8.887542
1760985560059,-1.0289137,3.772285,8.916255
1760985560062,-1.0671989,3.7627137,8.916255
1760985560064,-1.0815558,3.7633119,8.916255
1760985560066,-1.1150553,3.7633119,8.911469
1760985560068,-1.0911272,3.7728832,8.916255
1760985560071,-1.0815558,3.7776687,8.916255
1760985560073,-1.0815558,3.7680974,8.930613
1760985560075,-1.0671989,3.772285,8.916255
1760985560077,-1.052842,3.7531424,8.944969
1760985560080,-1.0336994,3.7866418,8.949755
1760985560082,-1.0336994,3.7770705,8.968898
1760985560085,-1.0336994,3.7627137,8.978469
1760985560087,-1.0480564,3.7483566,8.98804
1760985560089,-1.052842,3.757928,9.007183
1760985560091,-1.0671989,3.7393837,9.031111
1760985560093,-1.0773684,3.7154553,9.031111
1760985560096,-1.0911272,3.7298124,9.055039
1760985560098,-1.0773684,3.6915271,9.069396
1760985560100,-1.0917253,3.705884,9.088538
1760985560103,-1.1012967,3.682554,9.112467
1760985560105,-1.096511,3.6777685,9.145967
1760985560107,-1.1012967,3.6681972,9.179466
1760985560109,-1.1204392,3.6634114,9.155538
1760985560112,-1.1204392,3.6586258,9.17468
1760985560114,-1.1018949,3.65384,9.169894
1760985560116,-1.1060823,3.6729827,9.165109
1760985560119,-1.1060823,3.6777685,9.155538
1760985560121,-1.1156535,3.6634114,9.150752
1760985560123,-1.1156535,3.6777685,9.145967
1760985560125,-1.1252248,3.6777685,9.131609
1760985560127,-1.1204392,3.682554,9.093325
1760985560129,-1.1252248,3.6873398,9.078967
1760985560132,-1.1108679,3.7064822,9.078967
1760985560135,-1.0917253,3.7010984,9.074182
1760985560137,-1.0869397,3.7106698,9.055039
1760985560139,-1.0630114,3.7250266,9.031111
1760985560141,-1.052842,3.7531424,9.011969
1760985560143,-1.0247263,3.7339997,9.007183
1760985560146,-1.0145568,3.7674992,8.997013
1760985560148,-0.9906286,3.7764723,8.963513
1760985560150,-0.9762716,3.7860436,8.973084
1760985560153,-0.9810573,3.7860436,8.963513
1760985560155,-0.9906286,3.8051863,8.963513
1760985560157,-0.9667004,3.795615,8.968299
1760985560159,-0.9804591,3.824329,8.944371
1760985560161,-0.994816,3.824329,8.944371
1760985560164,-1.0043873,3.8386858,8.944371
1760985560166,-0.994816,3.8339,8.930014
1760985560168,-0.99003035,3.8339,8.930014
1760985560171,-0.99003035,3.8339,8.915657
1760985560173,-0.98524475,3.8386858,8.920443
1760985560175,-0.9708878,3.848257,8.9108715
1760985560177,-0.9708878,3.848257,8.939586
1760985560180,-0.99003035,3.8530426,8.949157
1760985560182,-0.9708878,3.848257,8.949157
1760985560184,-0.9661021,3.848257,8.949157
1760985560186,-0.97567344,3.8291144,8.958728
1760985560188,-0.98524475,3.8386858,8.949157
1760985560191,-0.9804591,3.8386858,8.925228
1760985560193,-0.99003035,3.848257,8.963513
1760985560195,-0.98524475,3.8386858,8.968299
1760985560198,-0.9708878,3.8291144,8.953942
1760985560200,-0.9804591,3.8386858,8.968299
1760985560202,-0.98524475,3.8434713,8.953942
1760985560204,-0.93738824,3.842873,8.939586
1760985560207,-0.94695956,3.8333018,8.944371
1760985560209,-0.93260264,3.842873,8.9348
1760985560211,-0.93738824,3.842873,8.953942
1760985560213,-0.9421739,3.8572302,8.939586
1760985560216,-0.9421739,3.8333018,8.944371
1760985560218,-0.94755775,3.8237305,8.920443
1760985560221,-0.94755775,3.8141594,8.920443
1760985560223,-0.95712906,3.8141594,8.925228
1760985560225,-0.9619147,3.8195431,8.949157
1760985560227,-0.9619147,3.8093736,8.944371
1760985560229,-0.9954142,3.8004005,8.949157
1760985560232,-0.9906286,3.7764723,8.949157
1760985560234,-1.015155,3.7573297,8.959326
1760985560236,-1.0480564,3.7483566,8.9928255
1760985560238,-1.0869397,3.720241,8.98804
1760985560241,-1.0869397,3.7298124,8.9928255
1760985560243,-1.1060823,3.7010984,8.997611
1760985560245,-1.0971092,3.667599,8.98804
1760985560247,-1.1156535,3.6771703,9.002397
1760985560250,-1.1210374,3.6484563,9.016754
1760985560252,-1.1306087,3.6346977,9.026923
1760985560254,-1.1353943,3.629912,9.041281
1760985560257,-1.1264212,3.6197424,9.036494
1760985560259,-1.1216356,3.610171,9.017352
1760985560261,-1.11685,3.6197424,9.026923
1760985560264,-1.154537,3.615555,9.031709
1760985560266,-1.1832508,3.63051,9.031709
1760985560268,-1.2119647,3.6113675,8.979067
1760985560270,-1.2400804,3.6496527,8.969496
1760985560272,-1.2646067,3.6406796,8.916854
1760985560275,-1.2933207,3.6454654,8.874381
1760985560277,-1.3070793,3.6598222,8.826525
1760985560279,-1.3070793,3.6837504,8.783454
1760985560281,-1.3214363,3.6933217,8.764311
1760985560284,-1.3022938,3.6933217,8.773883
1760985560286,-1.3016955,3.7172499,8.778668
1760985560289,-1.2969099,3.7411783,8.763713
1760985560290,-1.268196,3.754937,8.763713
1760985560293,-1.2532408,3.7740796,8.792427
1760985560295,-1.2155539,3.7645082,8.797213
1760985560298,-1.1772687,3.76391,8.787642
1760985560300,-1.134198,3.7633119,8.787642
1760985560302,-1.0911272,3.772285,8.815757
1760985560304,-1.0432707,3.7812579,8.782257
1760985560307,-0.98644114,3.7806597,8.796615
1760985560309,-0.9056834,3.7417765,8.887542
1760985560311,-0.9056834,3.7178483,9.006584
1760985560313,-0.8913264,3.7034912,8.978469
1760985560316,-0.8530413,3.731607,8.930014
1760985560318,-0.84347,3.760321,8.896515
1760985560320,-0.8572287,3.7746778,8.906086
1760985560323,-0.8566305,3.8177485,8.877372
1760985560325,-0.89013004,3.842275,8.853444
1760985560327,-0.9613165,3.8620157,8.819944
1760985560329,-1.0277174,3.886542,8.810373
1760985560331,-1.07019,3.92064,8.800801
1760985560334,-1.1222339,3.940979,8.829515
1760985560336,-1.1557333,3.955934,8.9108715
1760985560339,-1.2173486,3.946961,8.973084
1760985560341,-1.2747762,3.9481573,9.044869
1760985560343,-1.2981063,3.9487555,9.154342
1760985560345,-1.2933207,3.9535413,9.230911
1760985560348,-1.2981063,3.9631126,9.278768
1760985560349,-1.2646067,3.94397,9.302696
1760985560352,-1.1934203,3.9332023,9.349955
1760985560354,-1.1551352,3.9379878,9.364311
1760985560358,-1.0642079,3.9224346,9.359526
1760985560359,-0.96430755,3.906881,9.340384
1760985560361,-0.88414794,3.876971,9.326026
1760985560364,-0.8219346,3.8620157,9.27817
1760985560365,-0.76510507,3.8416767,9.273384
1760985560368,-0.71306115,3.8171504,9.239884
1760985560370,-0.6939186,3.8267217,9.230313
1760985560372,-0.6753742,3.802195,9.201599
1760985560375,-0.6945168,3.7974095,9.163913
1760985560377,-0.718445,3.7980077,9.154342
1760985560379,-0.7322037,3.821936,9.139984
1760985560381,-0.7369894,3.8123646,9.135199
1760985560384,-0.7369894,3.836293,9.120842
1760985560386,-0.7082755,3.8356948,9.101699
1760985560388,-0.68494546,3.8261235,9.092128
1760985560391,-0.66101724,3.815954,9.096913
1760985560393,-0.651446,3.8207395,9.087342
1760985560395,-0.637089,3.8111682,9.077771
1760985560398,-0.6329016,3.7914274,9.049057
1760985560399,-0.6089734,3.7770705,9.015557
1760985560402,-0.6047859,3.7525442,8.982058
1760985560404,-0.590429,3.7525442,8.95813
1760985560407,-0.5712864,3.7429729,8.948559
1760985560410,-0.5766702,3.7094734,8.9348
1760985560411,-0.5910272,3.699902,8.906086
1760985560413,-0.5766702,3.6993039,8.896515
1760985560415,-0.5724828,3.6993039,8.891729
1760985560418,-0.56769717,3.6993039,8.872586
1760985560420,-0.5246264,3.6843486,8.867801
1760985560422,-0.5300102,3.6556349,8.863015
1760985560425,-0.5300102,3.6556349,8.82473
1760985560427,-0.5353941,3.6221352,8.815757
1760985560429,-0.52582276,3.6221352,8.830113
1760985560431,-0.5395815,3.6364923,8.806186
1760985560434,-0.5347959,3.6364923,8.815757
1760985560436,-0.55453664,3.6221352,8.806186
1760985560438,-0.5491528,3.6364923,8.825328
1760985560440,-0.5401797,3.612564,8.839685
1760985560443,-0.54436713,3.6221352,8.839685
1760985560445,-0.5306084,3.598207,8.830113
1760985560447,-0.5353941,3.6029928,8.815757
1760985560449,-0.5353941,3.6029928,8.815757
1760985560452,-0.5449654,3.6173496,8.830113
1760985560454,-0.549751,3.6173496,8.854042
1760985560456,-0.5587241,3.6221352,8.858828
1760985560459,-0.5778667,3.6370904,8.891729
1760985560461,-0.59700924,3.6275191,8.906086
1760985560463,-0.60658056,3.6281173,8.920443
1760985560466,-0.6113662,3.6376886,8.9108715
1760985560468,-0.62512493,3.6376886,8.939586
1760985560470,-0.63948184,3.6376886,8.944371
1760985560473,-0.6346962,3.6520455,8.930014
1760985560474,-0.64905316,3.6670008,8.925228
1760985560477,-0.6346962,3.671188,8.930014
1760985560479,-0.6299106,3.671188,8.930014
1760985560481,-0.6538388,3.6717863,8.930014
1760985560484,-0.67776704,3.6430724,8.968299
1760985560486,-0.6197411,3.6861434,9.035298
1760985560488,-0.63828546,3.7244284,9.010772
1760985560490,-0.7004988,3.7298124,8.953942
1760985560493,-0.71425754,3.7543387,8.973084
1760985560495,-0.72382885,3.7686956,8.977871
1760985560498,-0.7190432,3.778267,8.982058
1760985560499,-0.79501534,3.7980077,8.987442
1760985560502,-0.8470592,3.8081772,8.9826565
1760985560504,-0.8470592,3.8177485,8.987442
1760985560506,-0.8709874,3.827918,9.01137
1760985560508,-0.8991031,3.8476589,9.0347
1760985560511,-0.91346,3.8572302,9.0347
1760985560513,-0.9320044,3.8817565,9.058628
1760985560515,-0.9415757,3.8913279,9.063414
1760985560518,-0.951147,3.8913279,9.072986
1760985560521,-0.951147,3.8721852,9.058628
1760985560523,-0.9559326,3.876971,9.087342
1760985560525,-0.94695956,3.848257,9.063414
1760985560527,-0.93260264,3.8578284,9.077771
1760985560530,-0.95653087,3.8291144,9.059227
1760985560531,-0.95653087,3.8339,9.044869
1760985560533,-0.9613165,3.8099718,9.040084
1760985560536,-0.9661021,3.8147576,9.025727
1760985560538,-0.9804591,3.824329,9.016156
1760985560540,-0.99960166,3.824329,8.963513
1760985560543,-0.99960166,3.8195431,8.9348
1760985560544,-1.0049855,3.8099718,8.939586
1760985560547,-1.0097711,3.8004005,8.925228
1760985560549,-1.0241281,3.8009987,8.906684
1760985560552,-1.052842,3.7914274,8.911469
1760985560554,-1.0666007,3.8057845,8.882756
1760985560556,-1.0713863,3.8063827,8.911469
1760985560558,-1.1001002,3.7968113,8.906684
1760985560560,-1.1335998,3.802195,8.9210415
1760985560563,-1.1814562,3.778865,8.925827
1760985560565,-1.2095718,3.807579,8.944969
1760985560569,-1.224527,3.7938204,8.95454
1760985560570,-1.2526426,3.8081772,8.95454
1760985560572,-1.2813566,3.799204,8.95454
1760985560574,-1.3004991,3.8135612,8.944969
1760985560576,-1.329213,3.7998023,8.949755
1760985560579,-1.3387842,3.7998023,8.949755
1760985560581,-1.3100704,3.80399,8.925827
1760985560584,-1.3339987,3.8141594,8.930613
1760985560586,-1.3339987,3.804588,8.916255
1760985560588,-1.3244274,3.8141594,8.9210415
1760985560590,-1.329213,3.8183467,8.901898
1760985560593,-1.3244274,3.8183467,8.892327
1760985560595,-1.2999009,3.842275,8.882756
1760985560599,-1.2813566,3.8416767,8.858828
1760985560599,-1.2669996,3.8368912,8.844471
1760985560601,-1.247857,3.8602211,8.806186
1760985560604,-1.2382857,3.8602211,8.806186
1760985560606,-1.2281163,3.8793638,8.782257
1760985560608,-1.2664014,3.8991046,8.753544
1760985560610,-1.2520444,3.9128633,8.734401
1760985560613,-1.2759727,3.9086757,8.72483
1760985560615,-1.308874,3.9517467,8.681759
1760985560617,-1.2891332,3.9661036,8.681759
1760985560620,-1.2556337,3.9750767,8.69133
1760985560622,-1.2699906,4.01396,8.681759
1760985560624,-1.2939188,4.0091743,8.700901
1760985560627,-1.3172488,4.033701,8.710473
1760985560629,-1.3316058,4.043272,8.69133
1760985560631,-1.3220345,4.0480576,8.672188
1760985560633,-1.2879368,4.071388,8.676973
1760985560635,-1.2837493,4.0474596,8.676973
1760985560638,-1.2693924,4.042674,8.686544
1760985560640,-1.2550355,4.061816,8.719446
1760985560643,-1.2215359,4.0564327,8.71466
1760985560644,-1.2119647,4.03729,8.738588
1760985560647,-1.1880364,4.0755754,8.7577305
1760985560649,-1.1736795,4.0612183,8.762517
1760985560651,-1.1449656,4.065406,8.7577305
1760985560653,-1.154537,4.065406,8.79123
1760985560656,-1.16351,4.104289,8.772088
1760985560659,-1.1395818,4.1228333,8.733205
1760985560660,-1.1347961,4.1036906,8.71466
1760985560662,-1.1300105,4.113262,8.666803
1760985560665,-1.1012967,4.136592,8.63809
1760985560667,-1.0295119,4.159324,8.618349
1760985560669,-1.0199406,4.188038,8.603992
1760985560672,-0.94755775,4.23051,8.62792
1760985560674,-0.90448695,4.2442694,8.636893
1760985560677,-0.8470592,4.258028,8.612965
1760985560679,-0.79920274,4.276572,8.636893
1760985560681,-0.7704889,4.2574296,8.670393
1760985560684,-0.76570326,4.2478585,8.732008
1760985560685,-0.79501534,4.1958146,8.780462
1760985560688,-0.86201435,4.153342,8.847462
1760985560690,-1.0983056,3.964309,8.7577305
1760985560692,-1.2675978,3.821936,8.644072
1760985560694,-1.1760724,3.8644085,8.715259
1760985560697,-1.2915261,3.7938204,8.797213
1760985560699,-1.4919249,3.7531424,8.869596
1760985560701,-1.5487545,3.7734814,9.012567
1760985560703,-1.5870396,3.7268212,9.199206
1760985560705,-1.5194423,3.7501514,9.399008
1760985560708,-1.4769697,3.7070804,9.523434
1760985560710,-1.4638093,3.63051,9.552746
1760985560712,-1.4787644,3.5347972,9.58146
1760985560715,-1.5224334,3.4869409,9.562916
1760985560717,-1.6139588,3.4450665,9.5868435
1760985560719,-1.5194423,3.3433714,9.653843
1760985560721,-1.3956138,3.2943187,9.783055
1760985560724,-1.2873386,3.2165518,9.816555
1760985560726,-1.268196,3.1872396,9.768699
1760985560728,-1.3680964,3.2267213,9.7399845
1760985560730,-1.4333007,3.3427732,9.763913
1760985560733,-1.4279169,3.4193435,9.725029
1760985560735,-1.3274183,3.4420755,9.696316
1760985560737,-1.2376875,3.3882368,9.643674
1760985560740,-1.1814562,3.3056846,9.625129
1760985560742,-1.1246266,3.266801,9.629914
1760985560744,-1.1150553,3.2476585,9.658628
1760985560746,-1.134198,3.242873,9.658628
1760985560749,-1.1527423,3.2817562,9.649057
1760985560751,-1.2005987,3.301497,9.615558
1760985560753,-1.2669996,3.3260236,9.615558
1760985560755,-1.3094722,3.3601213,9.615558
1760985560758,-1.2855439,3.3840494,9.600603
1760985560760,-1.2424731,3.397808,9.610174
1760985560762,-1.2137593,3.3780673,9.586246
1760985560765,-1.180858,3.3726835,9.595817
1760985560767,-1.1276177,3.4109688,9.595817
1760985560769,-1.0893325,3.4103706,9.600603
1760985560771,-1.0749756,3.4486556,9.571291
1760985560774,-1.0743774,3.4725838,9.556933
1760985560776,-1.0983056,3.4773695,9.537791
1760985560778,-1.0887343,3.4869409,9.490533
1760985560780,-1.1174482,3.5012977,9.461819
1760985560783,-1.1312069,3.539583,9.418748
1760985560785,-1.1455638,3.5347972,9.409177
1760985560787,-1.1647065,3.5401812,9.366106
1760985560790,-1.1688938,3.5688949,9.3613205
1760985560792,-1.1449656,3.606582,9.332606
1760985560794,-1.125823,3.6209388,9.303893
1760985560797,-1.1252248,3.6448672,9.269794
1760985560799,-1.1066805,3.6490545,9.193823
1760985560801,-1.082154,3.6771703,9.145967
1760985560803,-1.0582259,3.6867416,9.088538
1760985560805,-1.0295119,3.714857,9.035896
1760985560808,-1.0103694,3.728616,8.98804
1760985560810,-0.9810573,3.7764723,8.930613
1760985560812,-0.95772725,3.7806597,8.868399
1760985560814,-0.933799,3.7944186,8.810971
1760985560817,-0.89072824,3.8129628,8.753544
1760985560819,-0.8572287,3.836293,8.700901
1760985560822,-0.8572287,3.836293,8.648259
1760985560823,-0.83748794,3.8793638,8.614759
1760985560826,-0.82313097,3.897908,8.566903
1760985560828,-0.8135597,3.9074793,8.533403
1760985560830,-0.8560323,3.9367914,8.514261
1760985560832,-0.86081797,3.970291,8.480762
1760985560835,-0.8560323,3.9601214,8.442476
1760985560837,-0.8751749,3.9750767,8.418549
1760985560840,-0.86979103,3.984648,8.3994055
1760985560842,-0.846461,3.9840498,8.351549
1760985560844,-0.8321041,3.9984066,8.346764
1760985560847,-0.80757767,4.0360937,8.322835
1760985560849,-0.7692925,4.040281,8.298907
1760985560851,-0.7645068,4.040281,8.284551
1760985560854,-0.76510507,4.0211387,8.260622
1760985560855,-0.74536425,4.045067,8.274979
1760985560858,-0.73579293,4.045067,8.289336
1760985560860,-0.7220342,4.010969,8.289336
1760985560863,-0.71724856,4.010969,8.289336
1760985560865,-0.7268199,3.9972103,8.327621
1760985560867,-0.7363912,3.9924245,8.346764
1760985560869,-0.72741807,3.9780676,8.36112
1760985560871,-0.7322037,3.9637108,8.408977
1760985560873,-0.69930243,3.9104705,8.456834
1760985560876,-0.6897311,3.8961134,8.499905
1760985560878,-0.6801598,3.876971,8.5423765
1760985560881,-0.68075806,3.848257,8.590233
1760985560883,-0.6664011,3.8291144,8.623733
1760985560885,-0.66699934,3.7908292,8.667402
1760985560887,-0.65264237,3.766901,8.719446
1760985560890,-0.66759753,3.7334015,8.753544
1760985560892,-0.6580262,3.7094734,8.791828
1760985560894,-0.6723832,3.7100716,8.839087
1760985560897,-0.69212395,3.6574295,8.873184
1760985560898,-0.70169526,3.6335013,8.892327
1760985560901,-0.721436,3.586243,8.940184
1760985560903,-0.721436,3.5814574,9.007183
1760985560905,-0.7501499,3.5389848,9.045467
1760985560907,-0.75553375,3.5150564,9.078967
1760985560910,-0.7363912,3.4863427,9.107681
1760985560912,-0.7507481,3.4719856,9.145967
1760985560915,-0.7513463,3.4528432,9.184252
1760985560916,-0.7609176,3.4289148,9.208179
1760985560919,-0.7609176,3.4241292,9.222537
1760985560921,-0.7328019,3.385844,9.241679
1760985560923,-0.7328019,3.3762727,9.270393
1760985560926,-0.718445,3.3762727,9.28475
1760985560928,-0.718445,3.3619158,9.294321
1760985560930,-0.69571316,3.3182468,9.294321
1760985560932,-0.695115,3.3182468,9.303893
1760985560935,-0.69571316,3.313461,9.28475
1760985560937,-0.69092757,3.3086755,9.2895355
1760985560939,-0.66699934,3.2841492,9.2895355
1760985560941,-0.6628119,3.2650065,9.266206
1760985560944,-0.62931234,3.2650065,9.2895355
1760985560946,-0.6149554,3.2596226,9.26142
1760985560949,-0.61076796,3.2500513,9.266206
1760985560951,-0.61016977,3.2596226,9.266206
1760985560953,-0.5916254,3.254837,9.265608
1760985560955,-0.6053841,3.254837,9.251849
1760985560958,-0.60059845,3.2739797,9.246465
1760985560960,-0.6197411,3.2787652,9.246465
1760985560962,-0.62931234,3.2889347,9.241679
1760985560965,-0.65264237,3.3032916,9.208778
1760985560967,-0.657428,3.298506,9.218349
1760985560969,-0.6861419,3.3038898,9.199206
1760985560971,-0.71007013,3.3182468,9.194421
1760985560973,-0.7286145,3.3284163,9.218349
1760985560976,-0.7429714,3.3379877,9.208778
1760985560978,-0.76689965,3.3619158,9.189635
1760985560980,-0.7710871,3.3714871,9.194421
1760985560982,-0.79501534,3.3816566,9.212965
1760985560985,-0.785444,3.4055848,9.17468
1760985560987,-0.8039884,3.4103706,9.160921
1760985560989,-0.8135597,3.4342988,9.145967
1760985560991,-0.8327023,3.4205399,9.1465645
1760985560993,-0.81834537,3.4390843,9.141181
1760985560996,-0.84167534,3.463611,9.112467
1760985560998,-0.846461,3.4683964,9.102896
1760985561001,-0.83688974,3.4779677,9.09811
1760985561004,-0.82731843,3.4917264,9.0646105
1760985561006,-0.83688974,3.5012977,9.031709
1760985561008,-0.84167534,3.4971104,9.036494
1760985561010,-0.8362915,3.5491543,9.016754
1760985561012,-0.8315059,3.5491543,9.02154
1760985561014,-0.81655073,3.5682967,9.007183
1760985561017,-0.8500503,3.5784662,9.011969
1760985561019,-0.8452646,3.5880375,9.007183
1760985561021,-0.8596215,3.5976088,8.997611
1760985561023,-0.8877372,3.612564,8.9928255
1760985561026,-0.9068798,3.6221352,8.978469
1760985561028,-0.9212367,3.6317065,8.978469
1760985561031,-0.9499506,3.6227336,8.968898
1760985561033,-0.97866446,3.6179478,8.978469
1760985561035,-0.9876375,3.618546,8.9928255
1760985561037,-1.0025927,3.6089747,8.969496
1760985561039,-1.0211371,3.6233318,8.974281
1760985561041,-1.0307083,3.6233318,8.98804
1760985561044,-1.0402796,3.6287155,8.98804
1760985561047,-1.0450653,3.6143587,8.988638
1760985561048,-1.035494,3.6143587,9.0029955
1760985561050,-1.0689936,3.6047873,9.012567
1760985561052,-1.0546366,3.6000016,9.026923
1760985561055,-1.0552348,3.5808592,9.022138
1760985561057,-1.0881361,3.5910287,9.036494
1760985561060,-1.0600204,3.5617166,9.060423
1760985561062,-1.0648061,3.5712879,9.0747795
1760985561064,-1.0313065,3.5569308,9.102896
1760985561066,-1.0456635,3.5473595,9.131609
1760985561068,-1.0552348,3.5521452,9.145967
1760985561071,-1.0743774,3.5383866,9.156136
1760985561073,-1.1030912,3.5383866,9.160921
1760985561075,-1.0887343,3.5383866,9.179466
1760985561077,-1.1078769,3.5437703,9.170493
1760985561080,-1.1030912,3.5431721,9.17468
1760985561082,-1.1270195,3.548556,9.189037
1760985561085,-1.1126626,3.5533416,9.17468
1760985561087,-1.1126626,3.5533416,9.189037
1760985561089,-1.102493,3.5581272,9.203394
1760985561092,-1.0887343,3.5527434,9.184252
1760985561093,-1.0983056,3.5431721,9.179466
1760985561096,-1.0695918,3.557529,9.208179
1760985561098,-1.0648061,3.5527434,9.179466
1760985561100,-1.0642079,3.571886,9.165109
1760985561103,-1.0642079,3.5814574,9.184252
1760985561105,-1.0546366,3.5910287,9.184252
1760985561107,-1.0450653,3.5856447,9.169894
1760985561109,-1.0259227,3.595216,9.184252
1760985561112,-1.035494,3.595216,9.189037
1760985561114,-1.0259227,3.6047873,9.179466
1760985561117,-1.0402796,3.6047873,9.193823
1760985561119,-1.0402796,3.5958142,9.2177515
1760985561121,-1.049851,3.6149569,9.212965
1760985561123,-1.0396814,3.6293137,9.232108
1760985561125,-1.0348958,3.638885,9.23151
1760985561128,-1.0301101,3.6245282,9.255438
1760985561130,-1.0444671,3.6484563,9.250652
1760985561132,-1.0534402,3.6723845,9.250652
1760985561135,-1.0534402,3.6819558,9.23151
1760985561137,-1.0677971,3.6771703,9.241081
1760985561139,-1.0815558,3.7064822,9.241081
1760985561141,-1.105484,3.7064822,9.226724
1760985561144,-1.1246266,3.7070804,9.23151
1760985561146,-1.1294123,3.7022948,9.212367
1760985561148,-1.1581261,3.7022948,9.217153
1760985561150,-1.1581261,3.7118661,9.184252
1760985561152,-1.1718849,3.7310088,9.183653
1760985561155,-1.1772687,3.7166517,9.184252
1760985561157,-1.1916257,3.7220356,9.155538
1760985561159,-1.1581261,3.726223,9.155538
1760985561162,-1.1533405,3.7310088,9.141181
1760985561164,-1.1389836,3.735196,9.126823
1760985561166,-1.1389836,3.749553,9.102896
1760985561168,-1.1102697,3.7447674,9.092726
1760985561171,-1.105484,3.7591243,9.059825
1760985561173,-1.0671989,3.758526,9.044869
1760985561175,-1.0480564,3.7627137,9.025727
1760985561178,-1.0432707,3.7818563,9.006584
1760985561180,-1.0097711,3.7621155,8.997013
1760985561182,-0.9816555,3.7621155,8.973084
1760985561184,-0.9768698,3.766901,8.963513
1760985561186,-0.96729857,3.7663028,8.958728
1760985561188,-0.9625129,3.7710886,8.958728
1760985561191,-0.94277215,3.7806597,8.949157
1760985561193,-0.9619147,3.7998023,8.944371
1760985561195,-0.9523434,3.7806597,8.944371
1760985561198,-0.94755775,3.790231,8.920443
1760985561200,-0.948156,3.7806597,8.915657
1760985561202,-0.95772725,3.751946,8.925827
1760985561204,-0.9720842,3.7328033,8.935398
1760985561207,-0.9912268,3.7525442,8.935398
1760985561209,-1.0007981,3.7573297,8.944969
1760985561211,-1.0007981,3.7238302,8.944969
1760985561214,-1.0103694,3.7190447,8.949755
1760985561215,-1.006182,3.7094734,8.973683
1760985561218,-1.0205388,3.675974,8.98804
1760985561220,-1.0013963,3.6807594,8.983254
1760985561223,-0.9924232,3.6568313,8.9928255
1760985561225,-1.0109676,3.6616168,9.011969
1760985561227,-1.0019945,3.6568313,8.997611
1760985561229,-1.0019945,3.6233318,9.002397
1760985561231,-1.0019945,3.6233318,9.035896
1760985561234,-0.99720883,3.618546,9.055039
1760985561236,-1.0019945,3.6281173,9.050254
1760985561238,-1.0073783,3.6041892,9.050254
1760985561241,-1.0169497,3.5946178,9.069396
1760985561243,-1.012164,3.5946178,9.074182
1760985561245,-0.997807,3.589832,9.055039
1760985561247,-0.9834501,3.5994034,9.059825
1760985561249,-0.9595219,3.5844483,9.069396
1760985561252,-0.9738788,3.5844483,9.074182
1760985561254,-0.95473623,3.5796626,9.055039
1760985561257,-0.92183495,3.5790644,9.040682
1760985561259,-0.907478,3.5790644,9.011969
1760985561261,-0.9026923,3.5647075,9.026325
1760985561263,-0.8787641,3.5784662,9.026325
1760985561266,-0.8787641,3.5736806,9.007183
1760985561268,-0.85483587,3.5688949,8.98804
1760985561270,-0.85064846,3.5539398,8.98804
1760985561272,-0.8452646,3.577868,8.997611
1760985561275,-0.8500503,3.583252,9.002397
1760985561277,-0.85483587,3.5736806,8.98804
1760985561279,-0.8644072,3.5784662,8.9928255
1760985561281,-0.88354975,3.5736806,9.002397
1760985561284,-0.907478,3.5647075,9.002397
1760985561286,-0.89312106,3.554538,9.007183
1760985561288,-0.9026923,3.5551362,8.99821
1760985561291,-0.90807617,3.5407794,9.017352
1760985561293,-0.89312106,3.5497525,9.02154
1760985561295,-0.89371926,3.5210385,9.036494
1760985561297,-0.86979103,3.5353954,9.078967
1760985561300,-0.8889336,3.531208,9.069396
1760985561302,-0.88354975,3.5503507,9.078967
1760985561304,-0.9026923,3.5503507,9.083753
1760985561307,-0.9170493,3.531208,9.102896
1760985561309,-0.92662054,3.5557344,9.117252
1760985561311,-0.97866446,3.565904,9.126823
1760985561314,-1.0073783,3.5467613,9.145967
1760985561316,-1.0319048,3.5377884,9.127422
1760985561318,-1.0743774,3.571886,9.131609
1760985561320,-1.0935199,3.557529,9.113065
1760985561322,-1.1222339,3.557529,9.108279
1760985561325,-1.1407782,3.5581272,9.127422
1760985561327,-1.1599208,3.5724843,9.141779
1760985561329,-1.1694921,3.5676985,9.122637
1760985561331,-1.1455638,3.5676985,9.113065
1760985561334,-1.1264212,3.5964124,9.112467
1760985561336,-1.1359925,3.6059837,9.112467
1760985561338,-1.1264212,3.6107693,9.093325
1760985561340,-1.1162517,3.6197424,9.069396
1760985561343,-1.0929217,3.6149569,9.059825
1760985561345,-1.0779666,3.638885,9.050254
1760985561347,-1.1066805,3.6340995,9.035896
1760985561350,-1.1018949,3.6532419,9.016754
1760985561352,-1.0923235,3.6771703,8.997611
1760985561354,-1.0971092,3.6628132,9.007183
1760985561356,-1.0875379,3.6628132,8.9928255
1760985561359,-1.1066805,3.6819558,8.98804
1760985561361,-1.1060823,3.7010984,8.973683
1760985561363,-1.1060823,3.7010984,8.973683
1760985561365,-1.1102697,3.734598,8.959326
1760985561368,-1.1108679,3.7250266,8.983254
1760985561370,-1.105484,3.758526,8.968898
1760985561372,-1.105484,3.758526,8.959326
1760985561375,-1.1150553,3.7633119,8.983254
1760985561377,-1.1240284,3.778267,8.968898
1760985561379,-1.134198,3.7734814,8.959326
1760985561381,-1.1479566,3.792624,8.95454
1760985561383,-1.1623136,3.7878382,8.940184
1760985561386,-1.1629118,3.7734814,8.916255
1760985561388,-1.1718849,3.802195,8.897113
1760985561391,-1.1670992,3.8213377,8.901898
1760985561393,-1.1521441,3.8404803,8.911469
1760985561395,-1.1473584,3.830909,8.930613
1760985561397,-1.1521441,3.8356948,8.940184
1760985561399,-1.1473584,3.8548372,8.930613
1760985561402,-1.166501,3.8506498,8.949755
1760985561404,-1.1617154,3.8404803,8.925827
1760985561406,-1.1712867,3.8548372,8.925827
1760985561408,-1.1754742,3.8697925,8.925827
1760985561411,-1.166501,3.859623,8.9210415
1760985561413,-1.180858,3.8602211,8.940184
1760985561415,-1.166501,3.8602211,8.944969
1760985561417,-1.1946167,3.8554354,8.95454
1760985561420,-1.1904292,3.8458643,8.964112
1760985561422,-1.180858,3.8506498,8.944969
1760985561425,-1.2000005,3.836293,8.935398
1760985561427,-1.2095718,3.8267217,8.940184
1760985561429,-1.2191432,3.8267217,8.925827
1760985561431,-1.2287145,3.8267217,8.916255
1760985561433,-1.247857,3.822534,8.911469
1760985561436,-1.2287145,3.8123646,8.906684
1760985561438,-1.2293127,3.7884364,8.882756
1760985561440,-1.2484552,3.769892,8.902496
1760985561443,-1.2053844,3.7836509,8.911469
1760985561445,-1.1964114,3.7645082,8.916255
1760985561447,-1.1964114,3.7597225,8.916255
1760985561449,-1.1676974,3.739982,8.925827
1760985561452,-1.1676974,3.749553,8.944969
1760985561454,-1.1581261,3.735196,8.949755
1760985561456,-1.1491531,3.7160535,8.968898
1760985561459,-1.1252248,3.7154553,8.978469
1760985561461,-1.1300105,3.7064822,8.9928255
1760985561464,-1.1300105,3.7106698,8.983254
1760985561466,-1.1204392,3.7010984,8.9928255
1760985561468,-1.1018949,3.6771703,9.002397
1760985561470,-1.0779666,3.6867416,9.011969
1760985561472,-1.0582259,3.714857,9.026325
1760985561474,-1.0390832,3.7005002,9.026325
1760985561477,-1.015155,3.714259,9.02154
1760985561479,-1.0007981,3.7046876,9.045467
1760985561481,-0.99601245,3.7094734,9.035896
1760985561483,-0.99601245,3.714259,9.050254
1760985561486,-0.98644114,3.728616,9.044869
1760985561488,-0.9768698,3.738187,9.0544405
1760985561491,-0.9768698,3.7477584,9.0544405
1760985561493,-0.971486,3.7812579,9.078369
1760985561495,-0.9667004,3.7812579,9.059227
1760985561497,-0.9810573,3.7764723,9.064013
1760985561500,-0.97567344,3.8051863,9.068798
1760985561502,-0.95653087,3.824329,9.073584
1760985561504,-0.94695956,3.8147576,9.101699
1760985561506,-0.9421739,3.8386858,9.072986
1760985561509,-0.9086744,3.842873,9.092128
1760985561511,-0.90388876,3.8476589,9.101699
1760985561513,-0.8985049,3.8668015,9.11127
1760985561516,-0.9086744,3.8620157,9.082557
1760985561518,-0.9086744,3.8524444,9.096913
1760985561520,-0.89431745,3.8668015,9.072986
1760985561522,-0.90329057,3.8668015,9.096913
1760985561524,-0.9128618,3.8763726,9.087342
1760985561527,-0.951147,3.8721852,9.082557
1760985561529,-0.9272188,3.8721852,9.072986
1760985561531,-0.9320044,3.8817565,9.087342
1760985561533,-0.9415757,3.8721852,9.077771
1760985561535,-0.9607183,3.8673997,9.077771
1760985561538,-0.951147,3.8578284,9.082557
1760985561540,-0.9702896,3.848257,9.092128
1760985561542,-0.9607183,3.8578284,9.063414
1760985561544,-0.9517452,3.8434713,9.087342
1760985561547,-0.95653087,3.8195431,9.078369
1760985561549,-0.9421739,3.8147576,9.078369
1760985561551,-0.91884387,3.7950168,9.083155
1760985561554,-0.9092726,3.7950168,9.068798
1760985561556,-0.90448695,3.7950168,9.0544405
1760985561558,-0.90029955,3.7710886,9.030513
1760985561560,-0.90089774,3.7322052,9.025727
1760985561563,-0.8865408,3.7369907,9.01137
1760985561565,-0.88235337,3.69392,8.9928255
1760985561567,-0.8679964,3.6837504,8.964112
1760985561569,-0.8632108,3.674179,8.964112
1760985561572,-0.83988076,3.6454654,8.964112
1760985561574,-0.8500503,3.611966,8.968898
1760985561576,-0.8356933,3.6017964,8.959326
1760985561579,-0.83090764,3.5970106,8.95454
1760985561581,-0.8356933,3.592225,8.949755
1760985561583,-0.86919284,3.5736806,8.945567
1760985561585,-0.88354975,3.5593238,8.950353
1760985561588,-0.907478,3.5593238,8.9312105
1760985561590,-0.9314062,3.5551362,8.921639
1760985561592,-0.9601201,3.5503507,8.9312105
1760985561594,-0.98883396,3.546163,8.926425
1760985561608,-1.0079765,3.5365918,8.9312105
1760985561608,-1.0366904,3.5324044,8.926425
1760985561608,-1.0516455,3.4893336,8.922237
1760985561608,-1.07019,3.5180476,8.903095
1760985561608,-1.0797613,3.5324044,8.898309
1760985561608,-1.0845468,3.528217,8.917452
1760985561616,-1.055833,3.522833,8.898309
1760985561616,-1.0462617,3.5324044,8.888738
1760985561616,-1.0223335,3.5509489,8.88814
1760985561617,-1.0031909,3.5509489,8.878569
1760985561623,-0.97926265,3.5647075,8.859426
1760985561624,-0.9601201,3.5742788,8.830712
1760985561624,-0.9457632,3.598207,8.840283
1760985561626,-0.92662054,3.5976088,8.816355
1760985561628,-0.8979067,3.6023946,8.792427
1760985561630,-0.86919284,3.6113675,8.763713
1760985561633,-0.863809,3.6448672,8.754142
1760985561635,-0.8542377,3.673581,8.749356
1760985561637,-0.8350951,3.6777685,8.734999
1760985561639,-0.81595254,3.6921253,8.715259
1760985561642,-0.83988076,3.696911,8.696713
1760985561645,-0.82013994,3.735196,8.686544
1760985561647,-0.8344969,3.739982,8.672188
1760985561649,-0.8009974,3.749553,8.638688
1760985561651,-0.7962117,3.7441692,8.653045
1760985561653,-0.80578303,3.7543387,8.629117
1760985561655,-0.81954175,3.7878382,8.629117
1760985561658,-0.8147561,3.7878382,8.629117
1760985561660,-0.7962117,3.7776687,8.614759
1760985561662,-0.7908279,3.7824545,8.609974
1760985561665,-0.7818548,3.7776687,8.638688
1760985561667,-0.7722835,3.7776687,8.648259
1760985561669,-0.762114,3.7920256,8.638688
1760985561671,-0.7435696,3.78724,8.633903
1760985561674,-0.7286145,3.8009987,8.672188
1760985561676,-0.72382885,3.8009987,8.662616
1760985561680,-0.7190432,3.8009987,8.69133
1760985561681,-0.71007013,3.7866418,8.700901
1760985561683,-0.695115,3.7962132,8.719446
1760985561685,-0.6759724,3.7962132,8.733803
1760985561687,-0.68075806,3.8009987,8.752945
1760985561690,-0.6765706,3.772285,8.752945
1760985561692,-0.6765706,3.7818563,8.772088
1760985561694,-0.66699934,3.772285,8.786445
1760985561696,-0.68135625,3.7770705,8.810373
1760985561699,-0.67178494,3.757928,8.815159
1760985561701,-0.69092757,3.7674992,8.839087
1760985561703,-0.69092757,3.7441692,8.877372
1760985561705,-0.7004988,3.7393837,8.886943
1760985561708,-0.7004988,3.7393837,8.891729
1760985561710,-0.72442704,3.7250266,8.9348
1760985561713,-0.76749784,3.7256248,8.953942
1760985561715,-0.80578303,3.7070804,8.944371
1760985561717,-0.82013994,3.7070804,8.9826565
1760985561720,-0.82971126,3.6885362,8.987442
1760985561721,-0.8488538,3.6933217,9.016156
1760985561723,-0.8243274,3.702893,9.0544405
1760985561726,-0.8009974,3.6927235,9.078369
1760985561728,-0.7962117,3.6975093,9.083155
1760985561730,-0.79142606,3.6981075,9.131011
1760985561733,-0.8009974,3.6933217,9.126225
1760985561735,-0.79142606,3.6981075,9.131011
1760985561737,-0.7812566,3.7070804,9.116654
1760985561740,-0.79142606,3.6933217,9.135797
1760985561742,-0.8003992,3.7124643,9.135797
1760985561744,-0.81954175,3.7172499,9.163913
1760985561746,-0.8147561,3.7220356,9.173484
1760985561749,-0.84825563,3.7034912,9.164511
1760985561752,-0.8859426,3.7328033,9.15494
1760985561753,-0.89072824,3.723232,9.145369
1760985561755,-0.87637126,3.7322052,9.159725
1760985561757,-0.87158567,3.746562,9.154342
1760985561760,-0.85244304,3.7513478,9.149555
1760985561762,-0.85244304,3.7274194,9.164511
1760985561764,-0.8285148,3.7363925,9.154342
1760985561767,-0.8285148,3.746562,9.168698
1760985561769,-0.8380861,3.7417765,9.163913
1760985561771,-0.84765744,3.746562,9.168698
1760985561773,-0.86201435,3.7417765,9.168698
1760985561776,-0.8955139,3.7423747,9.18784
1760985561778,-0.90508515,3.7136607,9.174082
1760985561780,-0.9385847,3.714259,9.183653
1760985561783,-0.9816555,3.699902,9.169296
1760985561785,-1.0103694,3.6813576,9.193225
1760985561787,-1.0247263,3.676572,9.193225
1760985561789,-1.0199406,3.676572,9.217153
1760985561792,-1.0247263,3.676572,9.236296
1760985561794,-1.0157533,3.6526437,9.274581
1760985561797,-1.0205388,3.6484563,9.288938
1760985561798,-1.0492527,3.638885,9.288938
1760985561801,-1.0492527,3.6053855,9.298509
1760985561803,-1.049851,3.5910287,9.312865
1760985561805,-1.0689936,3.5766716,9.327821
1760985561808,-1.0642079,3.5623147,9.327821
1760985561810,-1.0833504,3.5533416,9.327821
1760985561812,-1.0689936,3.557529,9.323035
1760985561814,-1.0600204,3.5336008,9.346964
1760985561816,-1.0600204,3.5096726,9.366106
1760985561819,-1.0408778,3.5001013,9.370892
1760985561821,-1.0456635,3.519244,9.375677
1760985561823,-1.0360922,3.5001013,9.390035
1760985561826,-1.0456635,3.5001013,9.390035
1760985561828,-1.041476,3.4809587,9.39482
1760985561830,-1.0600204,3.4953158,9.390035
1760985561832,-1.079163,3.495914,9.390035
1760985561835,-1.0797613,3.481557,9.39482
1760985561837,-1.0839486,3.4863427,9.375677
1760985561839,-1.1228321,3.4480574,9.390035
1760985561842,-1.1132607,3.4624143,9.366106
1760985561844,-1.1228321,3.4576287,9.370892
1760985561847,-1.1222339,3.4767714,9.375677
1760985561848,-1.1515459,3.458227,9.366106
1760985561850,-1.1276177,3.4576287,9.351749
1760985561853,-1.1228321,3.4576287,9.356535
1760985561855,-1.1180464,3.4576287,9.375677
1760985561857,-1.1180464,3.4624143,9.351749
1760985561859,-1.0989038,3.4672,9.351749
1760985561862,-1.0893325,3.481557,9.346964
1760985561864,-1.0797613,3.4863427,9.3613205
1760985561867,-1.0600204,3.5144582,9.351749
1760985561869,-1.0600204,3.5288153,9.346964
1760985561871,-1.0456635,3.5288153,9.351749
1760985561873,-1.0408778,3.5240295,9.356535
1760985561876,-1.0217353,3.5377884,9.327821
1760985561878,-1.0259227,3.5671003,9.336794
1760985561880,-1.0307083,3.571886,9.303893
1760985561883,-1.0259227,3.5671003,9.31825
1760985561884,-0.9924232,3.5808592,9.298509
1760985561887,-0.9876375,3.6047873,9.288938
1760985561889,-1.0307083,3.6053855,9.288938
1760985561891,-1.0259227,3.6143587,9.245867
1760985561894,-1.0253245,3.6335013,9.241081
1760985561896,-1.0348958,3.638885,9.217153
1760985561898,-1.0348958,3.6436708,9.2075815
1760985561901,-1.0444671,3.667599,9.193225
1760985561903,-1.0540384,3.6628132,9.188439
1760985561905,-1.0582259,3.6915271,9.183653
1760985561908,-1.0534402,3.6963127,9.174082
1760985561910,-1.0582259,3.705884,9.164511
1760985561912,-1.0576276,3.720241,9.15494
1760985561915,-1.0438689,3.7106698,9.140582
1760985561917,-1.0241281,3.743571,9.12144
1760985561919,-1.038485,3.7339997,9.111869
1760985561921,-1.0241281,3.743571,9.08794
1760985561923,-1.0480564,3.7537405,9.078369
1760985561925,-1.0863415,3.7537405,9.040682
1760985561928,-1.1102697,3.7489548,9.031111
1760985561930,-1.1485549,3.739982,9.007183
1760985561932,-1.18684,3.7453656,8.997611
1760985561935,-1.2394822,3.7411783,8.98804
1760985561937,-1.2490535,3.731607,8.979067
1760985561940,-1.3160524,3.69392,8.979067
1760985561942,-1.3351951,3.6891344,8.959925
1760985561943,-1.3549358,3.6699917,8.921639
1760985561946,-1.402194,3.6753755,8.927023
1760985561948,-1.4117653,3.675974,8.917452
1760985561950,-1.4219348,3.6424742,8.907881
1760985561953,-1.4219348,3.6520455,8.888738
1760985561955,-1.4123635,3.6323047,8.898309
1760985561957,-1.4362918,3.6233318,8.86481
1760985561960,-1.4129617,3.5988052,8.855238
1760985561962,-1.4081762,3.5940197,8.836694
1760985561964,-1.3890336,3.5886357,8.845667
1760985561966,-1.3704891,3.5838501,8.7984085
1760985561969,-1.3369896,3.5641093,8.788837
1760985561971,-1.3034902,3.5682967,8.784052
1760985561973,-1.2658032,3.5581272,8.76491
1760985561975,-1.2418749,3.5437703,8.745767
1760985561978,-1.2137593,3.5479577,8.736196
1760985561980,-1.1802598,3.557529,8.7266245
1760985561983,-1.1371889,3.5377884,8.702696
1760985561984,-1.1138589,3.5324044,8.683554
1760985561987,-1.0899308,3.5413775,8.650054
1760985561989,-1.0606186,3.5653057,8.64467
1760985561991,-1.0127622,3.5886357,8.635098
1760985561993,-0.98883396,3.5934215,8.64467
1760985561996,-0.9601201,3.611966,8.639884
1760985561998,-0.9601201,3.60718,8.659027
1760985562001,-0.9457632,3.6406796,8.620742
1760985562003,-0.9314062,3.6209388,8.625527
1760985562005,-0.92662054,3.6352959,8.64467
1760985562008,-0.9164511,3.6687953,8.6345005
1760985562010,-0.9164511,3.673581,8.648857
1760985562011,-0.9020941,3.6687953,8.672786
1760985562014,-0.9068798,3.673581,8.696713
1760985562016,-0.90149593,3.6933217,8.725428
1760985562018,-0.8919246,3.702893,8.777472
1760985562021,-0.8775677,3.6975093,8.796615
1760985562023,-0.88235337,3.6981075,8.830113
1760985562025,-0.87218386,3.7220356,8.87797
1760985562028,-0.8769695,3.7220356,8.949755
1760985562030,-0.8673982,3.7124643,8.968299
1760985562032,-0.8530413,3.7076788,8.992228
1760985562034,-0.8673982,3.708277,9.044869
1760985562037,-0.8530413,3.7322052,9.073584
1760985562039,-0.8147561,3.7172499,9.107083
1760985562041,-0.8003992,3.7268212,9.139984
1760985562044,-0.7812566,3.731607,9.168698
1760985562046,-0.7716853,3.7220356,9.202198
1760985562048,-0.73340017,3.7166517,9.216555
1760985562050,-0.72382885,3.726223,9.264411
1760985562052,-0.70947194,3.7310088,9.297313
1760985562055,-0.70947194,3.7118661,9.312267
1760985562057,-0.73818576,3.7220356,9.321838
1760985562059,-0.73818576,3.7076788,9.345767
1760985562061,-0.7429714,3.6885362,9.3409815
1760985562064,-0.76689965,3.674179,9.355338
1760985562066,-0.762114,3.6693935,9.384052
1760985562068,-0.7962117,3.6460636,9.398409
1760985562070,-0.82013994,3.6412778,9.422338
1760985562073,-0.8392825,3.6323047,9.40798
1760985562075,-0.8488538,3.5988052,9.422338
1760985562077,-0.85842514,3.603591,9.422338
1760985562079,-0.88295156,3.574877,9.432507
1760985562082,-0.89730847,3.565904,9.427721
1760985562084,-0.93559366,3.5563326,9.442079
1760985562087,-0.9499506,3.5473595,9.432507
1760985562090,-0.9451649,3.5419757,9.41815
1760985562091,-0.9499506,3.528217,9.442079
1760985562093,-0.96490574,3.4947174,9.456435
1760985562096,-0.92662054,3.498905,9.446864
1760985562098,-0.92662054,3.484548,9.4229355
1760985562100,-0.9314062,3.4941192,9.437292
1760985562103,-0.95054877,3.5084763,9.4229355
1760985562104,-0.9499506,3.522833,9.41815
1760985562107,-0.9553344,3.498905,9.394221
1760985562109,-0.9696914,3.5042887,9.385248
1760985562112,-0.9882358,3.528217,9.375079
1760985562114,-1.0073783,3.5186458,9.356535
1760985562116,-1.0169497,3.5234313,9.332606
1760985562118,-1.0360922,3.519244,9.313464
1760985562120,-1.0504491,3.5096726,9.294321
1760985562123,-1.0600204,3.5096726,9.28475
1760985562126,-1.0504491,3.519244,9.265608
1760985562127,-1.055833,3.5096726,9.246465
1760985562130,-1.0845468,3.5001013,9.227921
1760985562132,-1.0654043,3.4953158,9.223135
1760985562134,-1.0606186,3.5001013,9.227323
1760985562136,-1.055833,3.4899318,9.208778
1760985562138,-1.0755738,3.461816,9.218349
1760985562141,-1.0845468,3.4761732,9.218349
1760985562143,-1.0803595,3.4666018,9.194421
1760985562146,-1.0749756,3.4666018,9.213564
1760985562148,-1.0707881,3.4522448,9.208778
1760985562150,-1.0612168,3.4372897,9.213564
1760985562153,-1.0713863,3.4133615,9.227921
1760985562155,-1.0426725,3.4085758,9.223135
1760985562157,-1.0666007,3.3846476,9.247063
1760985562159,-1.061815,3.379862,9.237492
1760985562161,-1.052842,3.3607194,9.242277
1760985562164,-1.0576276,3.3607194,9.232706
1760985562166,-1.0480564,3.3415768,9.237492
1760985562168,-1.0671989,3.3320055,9.247662
1760985562171,-1.0671989,3.3367913,9.26142
1760985562172,-1.0677971,3.3128629,9.28116
1760985562175,-1.0767702,3.3278182,9.271589
1760985562178,-1.0671989,3.3224342,9.266804
1760985562179,-1.0390832,3.3032916,9.266804
1760985562181,-1.0438689,3.3128629,9.23809
1760985562184,-1.0007981,3.3170505,9.218947
1760985562186,-1.0055838,3.3122647,9.199805
1760985562189,-0.9816555,3.3260236,9.175877
1760985562191,-0.96729857,3.3403804,9.16152
1760985562193,-0.9290134,3.354139,9.132208
1760985562195,-0.91465646,3.3732817,9.098708
1760985562197,-0.86141616,3.406183,9.0747795
1760985562200,-0.8285148,3.3864422,9.055637
1760985562202,-0.799801,3.4097722,9.036494
1760985562204,-0.7609176,3.4474592,9.012567
1760985562207,-0.7369894,3.4857445,9.002397
1760985562209,-0.71306115,3.4857445,8.98804
1760985562211,-0.7322037,3.5001013,8.945567
1760985562213,-0.74596244,3.519244,8.916854
1760985562216,-0.7268199,3.557529,8.887542
1760985562218,-0.70229346,3.5904303,8.868399
1760985562220,-0.70229346,3.6000016,8.8492565
1760985562222,-0.6975078,3.6143587,8.834899
1760985562225,-0.70648086,3.6430724,8.825328
1760985562227,-0.72083783,3.6382868,8.806186
1760985562229,-0.7399804,3.6580276,8.810971
1760985562231,-0.7830512,3.6532419,8.791828
1760985562234,-0.79740816,3.6490545,8.787043
1760985562236,-0.83988076,3.6496527,8.782856
1760985562238,-0.8781659,3.6783667,8.758927
1760985562241,-0.91166544,3.6646078,8.768498
1760985562243,-0.9451649,3.6604204,8.763713
1760985562245,-0.96909314,3.6460636,8.792427
1760985562247,-0.99302137,3.6370904,8.787642
1760985562249,-1.012164,3.6275191,8.773284
1760985562252,-1.0025927,3.6275191,8.792427
1760985562254,-0.99302137,3.6173496,8.763713
1760985562256,-0.9840483,3.598207,8.768498
1760985562259,-0.9696914,3.598207,8.782856
1760985562261,-0.96490574,3.5838501,8.759525
1760985562263,-0.92243314,3.5784662,8.740383
1760985562266,-0.8985049,3.577868,8.7164545
1760985562268,-0.8745767,3.5581272,8.678169
1760985562270,-0.8560323,3.548556,8.654242
1760985562273,-0.83688974,3.5479577,8.630313
1760985562275,-0.79860455,3.5617166,8.592028
1760985562277,-0.76989067,3.566502,8.577671
1760985562279,-0.75553375,3.5706897,8.539386
1760985562281,-0.71306115,3.5754752,8.539386
1760985562283,-0.71724856,3.580261,8.505886
1760985562286,-0.68853474,3.603591,8.472386
1760985562288,-0.66999036,3.5886357,8.453244
1760985562291,-0.6550352,3.612564,8.453244
1760985562293,-0.65084773,3.5934215,8.443673
1760985562295,-0.66041905,3.598207,8.443673
1760985562297,-0.6693921,3.6029928,8.448459
1760985562300,-0.67417777,3.6131623,8.45803
1760985562302,-0.7076773,3.603591,8.496315
1760985562304,-0.7316055,3.6041892,8.515457
1760985562306,-0.7746763,3.6047873,8.5346
1760985562309,-0.82672024,3.5958142,8.558528
1760985562311,-0.86979103,3.591627,8.615956
1760985562313,-0.9415757,3.5784662,8.630313
1760985562315,-0.9984053,3.5790644,8.673384
1760985562318,-1.0510473,3.5700915,8.72124
1760985562320,-1.1324034,3.5617166,8.773883
1760985562322,-1.1940185,3.5527434,8.812167
1760985562325,-1.2514462,3.5539398,8.86481
1760985562327,-1.3226327,3.5401812,8.94138
1760985562329,-1.3848461,3.5126636,8.984451
1760985562331,-1.4518452,3.5180476,9.0131645
1760985562334,-1.494916,3.4947174,9.052048
1760985562336,-1.5284154,3.4953158,9.080762
1760985562338,-1.5475581,3.4666018,9.0951185
1760985562340,-1.5475581,3.461816,9.119047
1760985562343,-1.5475581,3.4666018,9.128618
1760985562345,-1.5433706,3.4426737,9.114262
1760985562347,-1.5290136,3.4426737,9.123833
1760985562349,-1.5050855,3.4277184,9.109476
1760985562352,-1.4763715,3.4372897,9.075976
1760985562354,-1.4434702,3.4366915,9.037691
1760985562356,-1.4195421,3.426522,9.004191
1760985562359,-1.3914263,3.4163525,8.95155
1760985562361,-1.3483555,3.434897,8.913264
1760985562363,-1.3004991,3.4247274,8.855837
1760985562366,-1.2909278,3.429513,8.78465
1760985562368,-1.2436695,3.4283166,8.727222
1760985562370,-1.21017,3.4570305,8.683554
1760985562372,-1.1910275,3.4420755,8.655437
1760985562375,-1.1437693,3.441477,8.617152
1760985562377,-1.1192428,3.4648073,8.550154
1760985562379,-1.0809577,3.478566,8.540583
1760985562381,-1.0145568,3.4923246,8.477771
1760985562384,-0.971486,3.510869,8.463413
1760985562386,-0.92303133,3.548556,8.449057
1760985562389,-0.85124665,3.586243,8.443673
1760985562391,-0.7938189,3.6047873,8.481958
1760985562393,-0.75493556,3.6424742,8.481958
1760985562395,-0.71665037,3.671188,8.486146
1760985562397,-0.70169526,3.7094734,8.505288
1760985562399,-0.6969096,3.714259,8.548359
1760985562402,-0.69152576,3.7477584,8.557332
1760985562405,-0.7148558,3.7627137,8.614759
1760985562407,-0.7429714,3.78724,8.667402
1760985562409,-0.7908279,3.7878382,8.720044
1760985562410,-0.8285148,3.7932222,8.800801
1760985562413,-0.8668,3.8129628,8.829515
1760985562415,-0.8997013,3.8231323,8.85823
1760985562418,-0.93320084,3.8237305,8.939586
1760985562420,-0.94695956,3.8333018,8.968299
1760985562422,-0.9421739,3.8339,9.030513
1760985562425,-0.9613165,3.824329,9.073584
1760985562427,-0.97507524,3.8488553,9.139984
1760985562429,-0.994816,3.8201413,9.192626
1760985562431,-0.9846465,3.8440695,9.216555
1760985562434,-0.97507524,3.8344984,9.2691965
1760985562436,-0.9798609,3.824927,9.273982
1760985562438,-0.9942178,3.8303108,9.297911
1760985562440,-1.0037891,3.8303108,9.317053
1760985562443,-1.0037891,3.8111682,9.33141
1760985562445,-0.98524475,3.7968113,9.326625
1760985562447,-0.994816,3.7920256,9.326625
1760985562449,-0.97567344,3.7962132,9.321838
1760985562452,-0.97567344,3.7914274,9.273982
1760985562454,-0.9661021,3.7962132,9.2691965
1760985562457,-0.9379865,3.766901,9.245269
1760985562459,-0.8997013,3.7710886,9.183055
1760985562462,-0.8757731,3.7806597,9.154342
1760985562463,-0.83748794,3.7944186,9.120842
1760985562466,-0.81834537,3.798606,9.087342
1760985562467,-0.77587277,3.8027935,9.044271
1760985562470,-0.75613195,3.8315072,8.996415
1760985562472,-0.7375876,3.8261235,8.934201
1760985562475,-0.75613195,3.8500516,8.89113
1760985562476,-0.7609176,3.8739798,8.819944
1760985562478,-0.7704889,3.8931224,8.786445
1760985562481,-0.7603194,3.926622,8.743374
1760985562484,-0.79860455,3.9361932,8.733803
1760985562485,-0.8219346,3.970291,8.700303
1760985562488,-0.8554341,3.9750767,8.652447
1760985562490,-0.8787641,3.9948175,8.6141615
1760985562493,-0.92662054,4.000201,8.60459
1760985562495,-0.99302137,4.0295134,8.585447
1760985562497,-1.0743774,4.0157547,8.576474
1760985562500,-1.1359925,4.045665,8.542975
1760985562501,-1.1886346,4.0217366,8.542975
1760985562504,-1.2221341,4.0510488,8.562118
1760985562506,-1.2646067,4.0612183,8.5525465
1760985562508,-1.2981063,4.052245,8.576474
1760985562510,-1.3357933,4.0672,8.571689
1760985562513,-1.3645071,4.0719857,8.557332
1760985562515,-1.378864,4.0624146,8.557332
1760985562517,-1.3836497,4.0677986,8.590832
1760985562520,-1.4075779,4.082155,8.595617
1760985562522,-1.3884354,4.063013,8.605188
1760985562524,-1.4171492,4.063013,8.605188
1760985562526,-1.4458631,4.063611,8.605188
1760985562529,-1.4650056,4.0588255,8.596215
1760985562531,-1.4841483,4.045067,8.620144
1760985562533,-1.4937196,4.040281,8.624929
1760985562535,-1.4889339,4.0211387,8.639286
1760985562538,-1.5038891,4.011567,8.620144
1760985562540,-1.5176477,4.011567,8.629715
1760985562542,-1.5134603,3.9828532,8.648857
1760985562545,-1.5134603,3.9924245,8.648857
1760985562547,-1.5230316,3.9780676,8.663215
1760985562549,-1.5332011,3.9445682,8.639286
1760985562551,-1.4997016,3.9493537,8.653643
1760985562554,-1.4709877,3.9391842,8.672786
1760985562556,-1.4470595,3.9296129,8.706285
1760985562558,-1.4087744,3.938586,8.720642
1760985562561,-1.3896317,3.9290147,8.749356
1760985562563,-1.3519448,3.9140596,8.772686
1760985562565,-1.3232309,3.894917,8.777472
1760985562567,-1.3040884,3.9044883,8.791828
1760985562569,-1.2903296,3.8847475,8.825328
1760985562572,-1.2616158,3.8943188,8.844471
1760985562574,-1.2329018,3.874578,8.868399
1760985562576,-1.218545,3.8841493,8.901898
1760985562579,-1.2089736,3.8650067,8.911469
1760985562581,-1.2089736,3.8697925,8.964112
1760985562584,-1.1946167,3.8554354,9.001799
1760985562586,-1.1946167,3.8841493,9.020942
1760985562588,-1.1994023,3.8608193,9.073584
1760985562590,-1.2233306,3.8560338,9.097511
1760985562592,-1.2616158,3.856632,9.126225
1760985562595,-1.2711871,3.842275,9.150154
1760985562597,-1.2903296,3.8380876,9.174082
1760985562599,-1.3334004,3.824329,9.202796
1760985562601,-1.3423735,3.824329,9.226724
1760985562604,-1.3471591,3.824329,9.269794
1760985562607,-1.3573287,3.7962132,9.293723
1760985562608,-1.375873,3.8009987,9.336794
1760985562610,-1.3621143,3.7866418,9.365508
1760985562613,-1.3621143,3.7914274,9.365508
1760985562615,-1.3567305,3.7962132,9.379865
1760985562618,-1.3621143,3.7674992,9.394221
1760985562619,-1.3669,3.7770705,9.403793
1760985562622,-1.3860425,3.758526,9.41815
1760985562624,-1.3908281,3.7393837,9.413364
1760985562627,-1.4099708,3.734598,9.4229355
1760985562629,-1.4195421,3.7393837,9.394221
1760985562631,-1.4291133,3.735196,9.4229355
1760985562633,-1.4338989,3.749553,9.399008
1760985562635,-1.4482559,3.7304106,9.370892
1760985562638,-1.4297116,3.720241,9.351749
1760985562640,-1.4057833,3.734598,9.342177
1760985562642,-1.396212,3.7244284,9.31825
1760985562645,-1.3818551,3.7292142,9.299107
1760985562647,-1.3531412,3.728616,9.265608
1760985562649,-1.3393825,3.714259,9.241679
1760985562651,-1.3441681,3.7046876,9.2177515
1760985562653,-1.3298112,3.6993039,9.17468
1760985562656,-1.3208381,3.6849468,9.131609
1760985562658,-1.2969099,3.708277,9.09811
1760985562660,-1.2634103,3.702893,9.0646105
1760985562662,-1.2442678,3.6981075,9.040682
1760985562664,-1.244866,3.6837504,9.036494
1760985562667,-1.253839,3.6981075,9.0029955
1760985562669,-1.244866,3.6789649,8.983852
1760985562671,-1.2927225,3.674179,8.969496
1760985562674,-1.3357933,3.6699917,8.955139
1760985562676,-1.3645071,3.6658044,8.950353
1760985562680,-1.3686945,3.6753755,8.935996
1760985562682,-1.3926228,3.6658044,8.912666
1760985562684,-1.393221,3.656233,8.898309
1760985562685,-1.4069797,3.6658044,8.893523
1760985562687,-1.4267205,3.6424742,8.917452
1760985562689,-1.4404793,3.6616168,8.917452
1760985562692,-1.4356936,3.671188,8.936594
1760985562694,-1.4261223,3.6616168,8.922237
1760985562696,-1.4410775,3.6424742,8.931808
1760985562698,-1.4554343,3.6329029,8.922237
1760985562701,-1.4315062,3.6233318,8.94138
1760985562703,-1.4560326,3.5946178,8.907881
1760985562705,-1.4458631,3.6041892,8.931808
1760985562707,-1.451247,3.565904,8.931808
1760985562710,-1.4231312,3.546163,8.932407
1760985562712,-1.4374882,3.5324044,8.946764
1760985562714,-1.4374882,3.5132618,8.965906
1760985562717,-1.4327025,3.507878,8.927621
1760985562719,-1.466202,3.5084763,8.908479
1760985562721,-1.4614165,3.527619,8.894122
1760985562723,-1.4757733,3.527619,8.874979
1760985562726,-1.4757733,3.5132618,8.8701935
1760985562728,-1.4763715,3.498905,8.8701935
1760985562730,-1.4524434,3.4839497,8.865408
1760985562732,-1.4189439,3.4791641,8.860622
1760985562735,-1.3764713,3.478566,8.851051
1760985562737,-1.3573287,3.4881372,8.865408
1760985562739,-1.3286148,3.4683964,8.8701935
1760985562742,-1.2616158,3.4869409,8.860622
1760985562744,-1.2287145,3.4672,8.855837
1760985562746,-1.180858,3.4522448,8.874979
1760985562748,-1.1330016,3.4707892,8.888738
1760985562751,-1.1090733,3.4707892,8.888738
1760985562753,-1.061815,3.4606197,8.903095
1760985562755,-1.0570294,3.441477,8.903095
1760985562757,-1.061815,3.4654055,8.931808
1760985562760,-1.0522437,3.4366915,8.94138
1760985562762,-1.0480564,3.4079776,8.946166
1760985562765,-1.052842,3.3840494,8.950952
1760985562767,-1.0336994,3.3834512,8.970094
1760985562769,-1.0289137,3.3786657,8.989237
1760985562771,-1.0199406,3.3643086,9.0131645
1760985562774,-1.0013963,3.3212378,9.05145
1760985562776,-0.9822537,3.315854,9.05145
1760985562778,-0.9720842,3.3254254,9.0849495
1760985562780,-0.9631111,3.2871401,9.118449
1760985562783,-0.96789676,3.2925239,9.132806
1760985562785,-0.95832545,3.2823544,9.151948
1760985562787,-0.95413804,3.2488549,9.156734
1760985562790,-0.93978107,3.234498,9.199805
1760985562792,-0.93978107,3.2392836,9.214162
1760985562794,-0.92542416,3.234498,9.233304
1760985562796,-0.887139,3.229114,9.247662
1760985562799,-0.8877372,3.219543,9.242876
1760985562801,-0.86859465,3.2243285,9.285947
1760985562803,-0.849452,3.2243285,9.304491
1760985562805,-0.83030945,3.2189445,9.309277
1760985562807,-0.81595254,3.2237303,9.328419
1760985562810,-0.8153543,3.242873,9.328419
1760985562812,-0.79142606,3.2572298,9.337991
1760985562814,-0.79142606,3.2572298,9.352347
1760985562817,-0.7435696,3.2757742,9.352347
1760985562819,-0.7196414,3.2566316,9.366704
1760985562821,-0.6861419,3.2943187,9.380463
1760985562825,-0.69571316,3.2949169,9.404391
1760985562826,-0.6664011,3.3230324,9.39482
1760985562829,-0.66161543,3.3517463,9.399606
1760985562832,-0.66101724,3.3756745,9.394221
1760985562833,-0.6556334,3.409174,9.399008
1760985562835,-0.6412765,3.4331024,9.399008
1760985562837,-0.6412765,3.4426737,9.399008
1760985562840,-0.6412765,3.4570305,9.399008
1760985562842,-0.6693921,3.4767714,9.38465
1760985562844,-0.70289165,3.4911282,9.38465
1760985562846,-0.6735796,3.505485,9.403793
1760985562849,-0.66400826,3.5246277,9.427123
1760985562851,-0.6305088,3.5240295,9.427123
1760985562853,-0.6448657,3.5288153,9.412766
1760985562855,-0.654437,3.5389848,9.398409
1760985562858,-0.6873383,3.562913,9.384052
1760985562860,-0.70648086,3.5676985,9.355338
1760985562862,-0.7537391,3.592225,9.317652
1760985562864,-0.7543373,3.5874393,9.298509
1760985562867,-0.7728817,3.60718,9.2793665
1760985562869,-0.7585248,3.5970106,9.288938
1760985562871,-0.7680961,3.6017964,9.274581
1760985562873,-0.7680961,3.606582,9.255438
1760985562876,-0.7830512,3.5688949,9.284152
1760985562878,-0.77766734,3.5976088,9.260223
1760985562880,-0.78723866,3.5880375,9.245867
1760985562883,-0.7639086,3.5730824,9.236296
1760985562885,-0.75912297,3.5730824,9.241081
1760985562887,-0.7543373,3.5635111,9.212367
1760985562889,-0.7405786,3.5389848,9.19801
1760985562892,-0.73100734,3.534199,9.188439
1760985562894,-0.7268199,3.5150564,9.179466
1760985562896,-0.71724856,3.505485,9.184252
1760985562898,-0.7076773,3.4857445,9.179466
1760985562900,-0.6987042,3.4570305,9.189037
1760985562903,-0.6945168,3.4283166,9.203394
1760985562905,-0.68075806,3.3846476,9.169894
1760985562907,-0.67118675,3.3511481,9.198608
1760985562910,-0.68135625,3.32722,9.208778
1760985562912,-0.67178494,3.298506,9.232706
1760985562914,-0.6771688,3.2793634,9.237492
1760985562916,-0.6963114,3.2560334,9.280562
1760985562919,-0.70588267,3.222534,9.29492
1760985562921,-0.74416786,3.2135608,9.333204
1760985562923,-0.81595254,3.2093735,9.352347
1760985562925,-0.8446664,3.176472,9.361918
1760985562928,-0.86859465,3.1812577,9.362516
1760985562930,-0.8787641,3.153142,9.391231
1760985562932,-0.91226363,3.114857,9.405587
1760985562935,-0.9176475,3.0813572,9.410374
1760985562937,-0.9415757,3.0819557,9.439087
1760985562939,-0.9607183,3.0580273,9.45823
1760985562941,-0.9607183,3.062813,9.482158
1760985562944,-0.9559326,3.048456,9.463016
1760985562946,-0.9798609,3.039483,9.491729
1760985562948,-0.93679005,3.062813,9.501301
1760985562950,-0.951147,3.048456,9.506086
1760985562952,-0.96550393,3.062813,9.501301
1760985562955,-0.9607183,3.0436704,9.496515
1760985562957,-0.9607183,3.062813,9.482158
1760985562959,-0.96550393,3.0675986,9.45823
1760985562961,-0.9559326,3.0723844,9.45823
1760985562964,-0.93679005,3.07717,9.443872
1760985562966,-0.90329057,3.0909286,9.434301
1760985562969,-0.87936234,3.0957143,9.419945
1760985562971,-0.88414794,3.0957143,9.410374
1760985562973,-0.8644072,3.12383,9.391231
1760985562975,-0.8644072,3.138187,9.396016
1760985562977,-0.8500503,3.1334012,9.372088
1760985562980,-0.8500503,3.1429725,9.352945
1760985562982,-0.8644072,3.138187,9.333803
1760985562985,-0.8644072,3.1477582,9.305089
1760985562987,-0.86919284,3.1429725,9.290732
1760985562989,-0.88354975,3.1573296,9.271589
1760985562991,-0.8883354,3.162115,9.285947
1760985562993,-0.8979067,3.1669009,9.262018
1760985562996,-0.92602235,3.1770704,9.257233
1760985562998,-0.9020941,3.2105699,9.242876
1760985563000,-0.92602235,3.2153554,9.23809
1760985563003,-0.9445667,3.2153554,9.223733
1760985563005,-0.9445667,3.2297122,9.204591
1760985563007,-0.9302098,3.2392836,9.185448
1760985563009,-0.9445667,3.2392836,9.171091
1760985563011,-0.91585284,3.2482567,9.142377
1760985563014,-0.90149593,3.2626138,9.113664
1760985563016,-0.8919246,3.286542,9.094521
1760985563018,-0.85842514,3.295515,9.065806
1760985563020,-0.8488538,3.3050864,9.056235
1760985563023,-0.83389866,3.3242288,9.037093
1760985563025,-0.8003992,3.3427732,9.008379
1760985563027,-0.7860422,3.3619158,8.984451
1760985563030,-0.7860422,3.3714871,8.979067
1760985563032,-0.7716853,3.3804603,8.936594
1760985563034,-0.73818576,3.394219,8.916854
1760985563037,-0.7429714,3.3990045,8.893523
1760985563039,-0.7286145,3.4085758,8.850452
1760985563042,-0.7375876,3.446861,8.85464
1760985563043,-0.7423732,3.4612179,8.82114
1760985563046,-0.7423732,3.4516466,8.82114
1760985563048,-0.75194454,3.4660037,8.816355
1760985563050,-0.75194454,3.475575,8.787642
1760985563052,-0.77587277,3.4666018,8.778668
1760985563055,-0.7848458,3.4857445,8.783454
1760985563057,-0.79441714,3.4809587,8.802596
1760985563059,-0.79920274,3.4761732,8.807382
1760985563061,-0.82313097,3.4719856,8.812167
1760985563064,-0.8470592,3.4767714,8.821739
1760985563067,-0.8805587,3.482155,8.826525
1760985563068,-0.89013004,3.4630125,8.83131
1760985563070,-0.90448695,3.4390843,8.86481
1760985563073,-0.9284152,3.4444683,8.883952
1760985563076,-0.91884387,3.4492538,8.883952
1760985563078,-0.93320084,3.4444683,8.922237
1760985563080,-0.9284152,3.4301112,8.955737
1760985563082,-0.9379865,3.4109688,8.950952
1760985563085,-0.94277215,3.4163525,8.955737
1760985563087,-0.9667004,3.4211383,8.970094
1760985563089,-0.94755775,3.39721,8.994022
1760985563092,-0.96729857,3.3589249,8.979665
1760985563094,-0.98644114,3.3397822,9.008379
1760985563096,-1.0247263,3.3499517,9.0131645
1760985563098,-1.0342976,3.3355947,9.032308
1760985563100,-0.99661064,3.3116665,9.032308
1760985563107,-1.0109676,3.2829528,9.042477
1760985563107,-1.0067801,3.2638102,9.032906
1760985563107,-1.0019945,3.2392836,9.0233345
1760985563112,-1.0019945,3.2392836,9.018549
1760985563113,-0.9882358,3.2249267,9.037691
1760985563114,-0.95473623,3.2147572,9.032906
1760985563116,-0.93559366,3.205186,9.047262
1760985563118,-0.9026923,3.1902308,9.042477
1760985563121,-0.8739785,3.1902308,9.066405
1760985563123,-0.8452646,3.17049,9.090333
1760985563125,-0.8356933,3.1800613,9.066405
1760985563127,-0.84107715,3.1561332,9.099904
1760985563130,-0.84107715,3.1369905,9.109476
1760985563132,-0.85064846,3.117848,9.104691
1760985563134,-0.86979103,3.1232316,9.123833
1760985563136,-0.8745767,3.1088748,9.152547
1760985563139,-0.93679005,3.0999017,9.128618
1760985563141,-0.94636136,3.1004999,9.176475
1760985563144,-0.93679005,3.1142588,9.162118
1760985563146,-0.92243314,3.1142588,9.195618
1760985563148,-0.93679005,3.1004999,9.209974
1760985563150,-0.9415757,3.1052856,9.233903
1760985563152,-0.9702896,3.0957143,9.262616
1760985563155,-1.0079765,3.0963125,9.29133
1760985563157,-1.1228321,3.098107,9.3200445
1760985563159,-1.250848,3.118446,9.3104725
1760985563161,-1.3507484,3.1483564,9.291928
1760985563164,-1.3220345,3.1914272,9.281759
1760985563166,-1.2167503,3.185445,9.253045
1760985563168,-1.102493,3.1836505,9.224331
1760985563170,-0.9882358,3.1537402,9.257831
1760985563173,-0.9068798,3.1770704,9.295518
1760985563175,-0.82612205,3.1663027,9.329018
1760985563177,-0.8063812,3.1902308,9.328419
1760985563179,-0.8356933,3.1567314,9.338589
1760985563182,-0.9499506,3.158526,9.352945
1760985563184,-1.0259227,3.1782668,9.338589
1760985563187,-1.0019945,3.2213376,9.319446
1760985563189,-0.90149593,3.2201412,9.285947
1760985563191,-0.77826554,3.2039895,9.275777
1760985563194,-0.69272214,3.1698918,9.304491
1760985563195,-0.62093747,3.178865,9.376275
1760985563197,-0.56350976,3.1591241,9.442677
1760985563200,-0.5922236,3.1639097,9.495318
1760985563202,-0.7543373,3.1567314,9.505488
1760985563204,-0.81595254,3.205186,9.457631
1760985563206,-0.7680961,3.2237303,9.438489
1760985563209,-0.70169526,3.1986058,9.419347
1760985563211,-0.6257231,3.1692936,9.376275
1760985563213,-0.5593223,3.1250265,9.419347
1760985563215,-0.5072784,3.0963125,9.480962
1760985563218,-0.4977071,3.0957143,9.495318
1760985563220,-0.5593223,3.0825539,9.543175
1760985563222,-0.7316055,3.0604203,9.562916
1760985563225,-0.80757767,3.0951161,9.538987
1760985563227,-0.75972116,3.118446,9.534202
1760985563229,-0.73579293,3.0987053,9.519845
1760985563232,-0.66041905,3.0550363,9.500702
1760985563234,-0.59342,3.0299118,9.529416
1760985563236,-0.5461618,2.996412,9.5868435
1760985563238,-0.49351966,3.010171,9.624531
1760985563240,-0.503091,3.010171,9.634102
1760985563243,-0.51266223,3.0005996,9.648459
1760985563245,-0.5413761,2.986841,9.649057
1760985563247,-0.5599205,3.0155547,9.662816
1760985563249,-0.5796613,3.0059834,9.625129
1760985563252,-0.5599205,3.039483,9.601201
1760985563254,-0.6263213,3.0640094,9.5964155
1760985563256,-0.6550352,3.0646076,9.5964155
1760985563259,-0.6652047,3.0263224,9.605987
1760985563261,-0.6466603,2.978466,9.629914
1760985563263,-0.637089,2.9826534,9.629914
1760985563266,-0.63170516,3.03051,9.610772
1760985563268,-0.6412765,3.0311081,9.629914
1760985563270,-0.62153566,3.054438,9.620343
1760985563272,-0.631107,3.0646076,9.634102
1760985563275,-0.65024954,3.074179,9.629316
1760985563277,-0.65024954,3.0789645,9.5868435
1760985563279,-0.6646065,3.0789645,9.572487
1760985563281,-0.6646065,3.0885358,9.529416
1760985563284,-0.66400826,3.1172497,9.486345
1760985563286,-0.66400826,3.1363924,9.476774
1760985563288,-0.6687939,3.126821,9.467203
1760985563290,-0.654437,3.150151,9.438489
1760985563293,-0.6448657,3.1645079,9.409775
1760985563295,-0.6257231,3.178865,9.400204
1760985563297,-0.6203393,3.1926236,9.366704
1760985563299,-0.60598236,3.202195,9.333204
1760985563302,-0.59641105,3.2117662,9.318848
1760985563304,-0.5820541,3.24048,9.299107
1760985563306,-0.5820541,3.2303107,9.266206
1760985563309,-0.5772685,3.249453,9.256635
1760985563311,-0.58683974,3.2446675,9.208778
1760985563313,-0.5916254,3.249453,9.189635
1760985563316,-0.5916254,3.2350962,9.1465645
1760985563318,-0.60598236,3.2350962,9.113065
1760985563320,-0.6299106,3.225525,9.104092
1760985563322,-0.6346962,3.2500513,9.089137
1760985563325,-0.63948184,3.2596226,9.056235
1760985563327,-0.6442675,3.254837,9.046664
1760985563329,-0.6346962,3.2542388,9.041879
1760985563331,-0.6436693,3.283551,9.036494
1760985563334,-0.6436693,3.293122,9.055637
1760985563336,-0.65324056,3.2979078,9.026923
1760985563338,-0.6723832,3.3122647,9.055637
1760985563341,-0.69152576,3.2937205,9.0747795
1760985563342,-0.7298109,3.2889347,9.05145
1760985563345,-0.8009974,3.3140593,9.056235
1760985563348,-0.8578269,3.3242288,9.046664
1760985563349,-0.9056834,3.3056846,9.041879
1760985563352,-0.9296116,3.3056846,9.032308
1760985563354,-0.95832545,3.3254254,9.027522
1760985563356,-1.0205388,3.2973096,9.0233345
1760985563359,-1.0253245,3.2973096,9.02812
1760985563361,-1.0540384,3.2979078,9.037691
1760985563363,-1.0588241,3.2979078,9.032906
1760985563365,-1.0683953,3.2883365,9.042477
1760985563367,-1.0731809,3.283551,9.06162
1760985563371,-1.0779666,3.2787652,9.042477
1760985563372,-1.0683953,3.2787652,9.052048
1760985563374,-1.0827522,3.269194,9.052048
1760985563377,-1.049851,3.2596226,9.052048
1760985563379,-1.0689936,3.2500513,9.066405
1760985563381,-1.0546366,3.24048,9.056833
1760985563383,-1.0594223,3.2452657,9.075976
1760985563386,-1.0450653,3.2309089,9.085547
1760985563388,-1.0642079,3.2117662,9.104691
1760985563390,-1.0552348,3.1926236,9.0951185
1760985563393,-1.0546366,3.2069805,9.0951185
1760985563395,-1.0594223,3.2117662,9.099904
1760985563397,-1.0313065,3.196811,9.123833
1760985563399,-1.0402796,3.2069805,9.133404
1760985563402,-1.0552348,3.1926236,9.128618
1760985563405,-1.026521,3.2063823,9.128618
1760985563407,-1.0211371,3.2063823,9.142975
1760985563408,-1.0073783,3.2015967,9.133404
1760985563411,-1.0019945,3.225525,9.109476
1760985563413,-0.96430755,3.2201412,9.109476
1760985563415,-0.96849495,3.2392836,9.0951185
1760985563418,-0.9451649,3.2297122,9.085547
1760985563420,-0.9206385,3.2482567,9.094521
1760985563423,-0.9062816,3.2673993,9.075378
1760985563424,-0.8967103,3.2626138,9.0849495
1760985563427,-0.8679964,3.2763724,9.056235
1760985563429,-0.8536395,3.2763724,9.065806
1760985563431,-0.85842514,3.2859437,9.080164
1760985563433,-0.8488538,3.2907293,9.065806
1760985563436,-0.80518484,3.3236306,9.075378
1760985563438,-0.80997044,3.3427732,9.065208
1760985563440,-0.80997044,3.362514,9.108279
1760985563442,-0.80518484,3.3577285,9.127422
1760985563445,-0.799801,3.3864422,9.132208
1760985563447,-0.76630145,3.3906298,9.160921
1760985563449,-0.77587277,3.385844,9.175279
1760985563452,-0.785444,3.4007993,9.189037
1760985563454,-0.7902297,3.3960135,9.227323
1760985563456,-0.8039884,3.4199417,9.232108
1760985563459,-0.82313097,3.406183,9.256036
1760985563461,-0.82313097,3.4109688,9.275179
1760985563463,-0.8757731,3.4067812,9.303893
1760985563465,-0.8847462,3.4259238,9.323035
1760985563467,-0.8895318,3.4211383,9.332606
1760985563470,-0.9086744,3.426522,9.351749
1760985563472,-0.92243314,3.4504502,9.366106
1760985563475,-0.92303133,3.426522,9.366106
1760985563476,-0.92303133,3.426522,9.390035
1760985563479,-0.9320044,3.431906,9.39482
1760985563482,-0.93738824,3.417549,9.380463
1760985563484,-0.93738824,3.4073794,9.356535
1760985563485,-0.93738824,3.431906,9.370892
1760985563488,-0.9517452,3.3984063,9.370892
1760985563491,-0.94695956,3.4079776,9.356535
1760985563493,-0.94277215,3.3834512,9.356535
1760985563495,-0.93738824,3.4073794,9.356535
1760985563497,-0.9421739,3.4121652,9.346964
1760985563499,-0.9661021,3.3984063,9.351749
1760985563501,-0.9661021,3.403192,9.323035
1760985563504,-1.0091729,3.4037902,9.304491
1760985563506,-1.0001999,3.3792639,9.290133
1760985563508,-1.0331012,3.3990045,9.2997055
1760985563510,-1.0331012,3.3846476,9.280562
1760985563513,-1.0283155,3.379862,9.256635
1760985563515,-1.0426725,3.394219,9.266206
1760985563517,-1.0522437,3.4037902,9.26142
1760985563519,-1.0474582,3.394219,9.275777
1760985563522,-1.0522437,3.3894334,9.26142
1760985563524,-1.0713863,3.3750763,9.266206
1760985563527,-1.0857433,3.3661032,9.242277
1760985563528,-1.1383854,3.3906298,9.237492
1760985563531,-1.1431711,3.3714871,9.209376
1760985563533,-1.1766706,3.3619158,9.218947
1760985563535,-1.2149557,3.3529427,9.214162
1760985563538,-1.2293127,3.3385859,9.180662
1760985563540,-1.2484552,3.3338,9.175877
1760985563542,-1.2634103,3.3152559,9.204591
1760985563544,-1.268196,3.31047,9.209974
1760985563547,-1.2723835,3.3200414,9.195618
1760985563549,-1.2873386,3.3056846,9.209974
1760985563551,-1.2723835,3.3200414,9.200403
1760985563554,-1.282553,3.2913275,9.190832
1760985563556,-1.2963116,3.3152559,9.209974
1760985563558,-1.2963116,3.3200414,9.21476
1760985563560,-1.3016955,3.2961133,9.195618
1760985563563,-1.3160524,3.301497,9.18126
1760985563565,-1.3256238,3.263212,9.18126
1760985563567,-1.3351951,3.2727833,9.200403
1760985563569,-1.3495519,3.2919257,9.176475
1760985563572,-1.3639089,3.2919257,9.176475
1760985563574,-1.3830515,3.2877383,9.186047
1760985563576,-1.3782659,3.278167,9.1669035
1760985563579,-1.402194,3.2877383,9.152547
1760985563581,-1.3926228,3.2829528,9.157332
1760985563583,-1.4015958,3.3164523,9.142975
1760985563586,-1.3920245,3.3164523,9.119047
1760985563588,-1.3920245,3.330809,9.090333
1760985563590,-1.3824533,3.3403804,9.080762
1760985563592,-1.3531412,3.3732817,9.06162
1760985563595,-1.3202399,3.3631122,9.042477
1760985563597,-1.3202399,3.3726835,9.018549
1760985563599,-1.2867404,3.391228,9.004191
1760985563612,-1.2813566,3.4199417,8.975478
1760985563612,-1.2669996,3.4247274,8.932407
1760985563613,-1.2669996,3.4342988,8.932407
1760985563613,-1.2430713,3.4576287,8.894122
1760985563613,-1.2335001,3.4624143,8.8701935
1760985563613,-1.2191432,3.4576287,8.860622
1760985563614,-1.1952149,3.4713874,8.836694
1760985563617,-1.189831,3.5144582,8.812167
1760985563619,-1.1802598,3.5096726,8.793623
1760985563621,-1.1563315,3.5330026,8.797811
1760985563623,-1.1371889,3.542574,8.7882395
1760985563627,-1.1180464,3.5377884,8.773883
1760985563628,-1.1132607,3.5473595,8.778668
1760985563631,-1.0941181,3.5324044,8.778668
1760985563633,-1.07019,3.5419757,8.783454
1760985563635,-1.0654043,3.565904,8.7882395
1760985563637,-1.0749756,3.5563326,8.7882395
1760985563639,-1.0654043,3.5611184,8.783454
1760985563642,-1.0612168,3.5365918,8.778668
1760985563644,-1.055833,3.5365918,8.802596
1760985563646,-1.07019,3.5324044,8.812167
1760985563648,-1.07019,3.527619,8.845667
1760985563651,-1.0755738,3.498905,8.83131
1760985563653,-1.0947163,3.470191,8.855238
1760985563655,-1.0851451,3.484548,8.860024
1760985563657,-1.1001002,3.4558342,8.855238
1760985563660,-1.0713863,3.4558342,8.869596
1760985563662,-1.0809577,3.4510484,8.879167
1760985563664,-1.0713863,3.4366915,8.874381
1760985563666,-1.0576276,3.4223347,8.903095
1760985563669,-1.0336994,3.3882368,8.889337
1760985563671,-1.0289137,3.3882368,8.922237
1760985563673,-1.0247263,3.3547373,8.91805
1760985563676,-1.0013963,3.330211,8.927621
1760985563678,-1.0109676,3.301497,8.91805
1760985563681,-0.991825,3.3110683,8.932407
1760985563682,-1.006182,3.301497,8.932407
1760985563685,-1.0157533,3.2871401,8.946764
1760985563687,-1.0115658,3.263212,8.965906
1760985563689,-0.9876375,3.2679975,8.937193
1760985563691,-1.0067801,3.2536407,8.970692
1760985563694,-0.9882358,3.2392836,8.95155
1760985563696,-1.0019945,3.2488549,8.970692
1760985563698,-0.9834501,3.2297122,8.989835
1760985563701,-0.9738788,3.2249267,8.999406
1760985563703,-0.9738788,3.2153554,8.99462
1760985563705,-0.96909314,3.2201412,9.013762
1760985563708,-0.9595219,3.2249267,9.0233345
1760985563710,-0.95473623,3.205784,9.0233345
1760985563712,-0.9499506,3.205784,9.047262
1760985563715,-0.9212367,3.2147572,9.056833
1760985563716,-0.930808,3.2243285,9.056833
1760985563719,-0.9212367,3.219543,9.047262
1760985563721,-0.930808,3.2243285,9.06162
1760985563723,-0.9403793,3.2153554,9.075976
1760985563726,-0.95473623,3.2249267,9.0951185
1760985563728,-0.95473623,3.1962128,9.090333
1760985563730,-0.9834501,3.2105699,9.085547
1760985563733,-0.99302137,3.181856,9.06162
1760985563735,-0.9882358,3.1770704,9.090333
1760985563737,-0.9984053,3.1627133,9.071191
1760985563739,-1.026521,3.1776686,9.090333
1760985563741,-0.997807,3.1872396,9.104691
1760985563744,-0.9738788,3.1962128,9.128618
1760985563746,-0.97866446,3.2009985,9.123833
1760985563749,-0.9595219,3.1866415,9.152547
1760985563750,-0.93559366,3.2105699,9.151948
1760985563753,-0.91166544,3.2099717,9.16152
1760985563755,-0.9020941,3.2243285,9.180662
1760985563758,-0.8877372,3.229114,9.185448
1760985563760,-0.87278205,3.2434711,9.175877
1760985563762,-0.8542377,3.2380872,9.190233
1760985563764,-0.8488538,3.257828,9.209376
1760985563766,-0.82013994,3.266801,9.171091
1760985563769,-0.8153543,3.2763724,9.170493
1760985563771,-0.8105687,3.3003006,9.18485
1760985563773,-0.7908279,3.3140593,9.165708
1760985563776,-0.7908279,3.3433714,9.170493
1760985563778,-0.7716853,3.35713,9.170493
1760985563781,-0.7471589,3.3762727,9.1465645
1760985563783,-0.7429714,3.370889,9.122637
1760985563785,-0.7375876,3.394817,9.098708
1760985563787,-0.71365935,3.4187453,9.079565
1760985563789,-0.71365935,3.437888,9.055637
1760985563791,-0.718445,3.4426737,9.026923
1760985563794,-0.6897311,3.4516466,9.0029955
1760985563796,-0.6891329,3.475575,8.974281
1760985563798,-0.6891329,3.4803605,8.945567
1760985563800,-0.69930243,3.4564323,8.935996
1760985563803,-0.69930243,3.4660037,8.9312105
1760985563806,-0.71365935,3.4612179,8.9312105
1760985563808,-0.75194454,3.4426737,8.907282
1760985563810,-0.7902297,3.4432719,8.912068
1760985563812,-0.81894356,3.4193435,8.898309
1760985563815,-0.87637126,3.3960135,8.927023
1760985563817,-0.9242278,3.3726835,8.950952
1760985563819,-0.9912268,3.354139,8.974879
1760985563821,-1.0486546,3.321836,9.008977
1760985563823,-1.0869397,3.3224342,9.0849495
1760985563826,-1.1300105,3.2991042,9.142377
1760985563828,-1.1491531,3.2949169,9.214162
1760985563830,-1.1826526,3.266801,9.305089
1760985563833,-1.2203395,3.257828,9.376874
1760985563835,-1.2783655,3.2249267,9.429516
1760985563837,-1.3112668,3.2207394,9.520443
1760985563839,-1.3734802,3.1974092,9.582657
1760985563841,-1.4069797,3.1692936,9.654441
1760985563844,-1.4500505,3.165106,9.731011
1760985563846,-1.4739788,3.1322048,9.769297
1760985563848,-1.5026926,3.1423743,9.8219385
1760985563850,-1.5026926,3.1232316,9.865009
1760985563853,-1.5026926,3.1040893,9.898509
1760985563855,-1.4985052,3.094518,9.903295
1760985563857,-1.4554343,3.0987053,9.8937235
1760985563860,-1.4267205,3.089134,9.8937235
1760985563862,-1.4219348,3.0837502,9.879367
1760985563864,-1.3746766,3.0783663,9.845867
1760985563866,-1.3459628,3.0681968,9.802796
1760985563869,-1.3124632,3.0921252,9.764511
1760985563871,-1.2747762,3.0819557,9.707084
1760985563873,-1.2227324,3.0664022,9.673584
1760985563876,-1.1796615,3.0801609,9.61137
1760985563878,-1.1365907,3.0987053,9.553943
1760985563880,-1.0983056,3.098107,9.510872
1760985563882,-1.0552348,3.121437,9.486943
1760985563884,-1.0025927,3.1304102,9.434301
1760985563887,-0.9738788,3.144767,9.410374
1760985563889,-0.9403793,3.1728828,9.396016
1760985563891,-0.91166544,3.1914272,9.367303
1760985563894,-0.9068798,3.2009985,9.361918
1760985563896,-0.90149593,3.2249267,9.37149
1760985563898,-0.8919246,3.2297122,9.404989
1760985563901,-0.8775677,3.2201412,9.419347
1760985563903,-0.87278205,3.234498,9.457631
1760985563905,-0.887139,3.2297122,9.471989
1760985563907,-0.90089774,3.2350962,9.491131
1760985563909,-0.8769695,3.249453,9.567103
1760985563912,-0.8769695,3.249453,9.634102
1760985563914,-0.8961121,3.2309089,9.677173
1760985563916,-0.90089774,3.226123,9.7298155
1760985563918,-0.9343972,3.2219357,9.763314
1760985563921,-0.94396853,3.21715,9.815957
1760985563923,-0.9487542,3.2075787,9.863813
1760985563926,-0.9774681,3.1746774,9.902099
1760985563928,-1.0013963,3.1561332,9.930812
1760985563930,-1.0444671,3.1375887,9.973883
1760985563932,-1.0588241,3.1232316,9.959526
1760985563934,-1.0444671,3.1232316,9.98824
1760985563937,-1.0737791,3.0849466,9.978668
1760985563939,-1.0833504,3.0801609,9.978668
1760985563941,-1.0695918,3.065804,9.9553385
1760985563943,-1.079163,3.0562327,9.921839
1760985563946,-1.0648061,3.0317063,9.936196
1760985563948,-1.0510473,3.0077782,9.8835535
1760985563950,-1.0223335,3.0119655,9.826126
1760985563953,-0.98943216,3.001796,9.792626
1760985563955,-0.9559326,2.996412,9.763913
1760985563957,-0.9320044,3.0107691,9.706485
1760985563960,-0.90807617,3.0197423,9.664013
1760985563962,-0.88414794,3.0287154,9.616156
1760985563964,-0.8554341,3.0526435,9.553943
1760985563966,-0.8362915,3.071188,9.501301
1760985563968,-0.8171489,3.0801609,9.443872
1760985563971,-0.78364944,3.118446,9.400802
1760985563973,-0.78364944,3.1369905,9.343374
1760985563975,-0.77347994,3.1657043,9.305089
1760985563977,-0.7639086,3.199204,9.247662
1760985563980,-0.7728817,3.2279177,9.209376
1760985563982,-0.7393822,3.260819,9.170493
1760985563984,-0.738784,3.2847474,9.1465645
1760985563987,-0.7052845,3.3128629,9.122637
1760985563989,-0.7477571,3.3565319,9.093923
1760985563991,-0.7286145,3.3661032,9.093923
1760985563993,-0.718445,3.437888,9.078967
1760985563996,-0.7040881,3.437888,9.078967
1760985563998,-0.7465607,3.4713874,9.0646105
1760985564000,-0.76510507,3.495914,9.083753
1760985564003,-0.779462,3.495914,9.074182
1760985564005,-0.8362915,3.5060835,9.083753
1760985564007,-0.8745767,3.5210385,9.074182
1760985564009,-0.92243314,3.5216367,9.079565
1760985564012,-0.97507524,3.5030923,9.093923
1760985564014,-1.0079765,3.5132618,9.0747795
1760985564016,-1.07019,3.4995031,9.093923
1760985564018,-1.099502,3.4761732,9.098708
1760985564021,-1.1515459,3.4761732,9.0849495
1760985564023,-1.2047862,3.4390843,9.132806
1760985564025,-1.2520444,3.434897,9.137591
1760985564027,-1.2813566,3.3966117,9.132806
1760985564030,-1.3004991,3.3918262,9.123235
1760985564032,-1.329213,3.3732817,9.142975
1760985564035,-1.3345969,3.3397822,9.162118
1760985564036,-1.372882,3.3260236,9.176475
1760985564039,-1.3824533,3.2973096,9.186047
1760985564041,-1.4015958,3.2829528,9.21476
1760985564043,-1.4356936,3.2644083,9.229117
1760985564045,-1.430908,3.2309089,9.201001
1760985564048,-1.4410775,3.1974092,9.22493
1760985564050,-1.4650056,3.173481,9.239286
1760985564052,-1.4608182,3.1591241,9.234501
1760985564055,-1.4656038,3.135196,9.229715
1760985564057,-1.4703895,3.1160533,9.244072
1760985564059,-1.4901303,3.0927234,9.2590275
1760985564061,-1.5140585,3.0735807,9.2590275
1760985564064,-1.538585,3.0448668,9.2590275
1760985564066,-1.524228,3.03051,9.2590275
1760985564068,-1.5631114,2.9880373,9.235697
1760985564071,-1.5822539,2.9832516,9.25484
1760985564073,-1.5870396,2.9880373,9.240483
1760985564075,-1.6109679,2.9545379,9.245269
1760985564077,-1.625923,2.9168508,9.22134
1760985564080,-1.6354942,2.9072795,9.235697
1760985564082,-1.6791633,2.8594232,9.23151
1760985564084,-1.6791633,2.8354948,9.212367
1760985564087,-1.7174485,2.836093,9.202796
1760985564089,-1.7222341,2.8169506,9.202796
1760985564091,-1.7324036,2.797808,9.212367
1760985564093,-1.7180467,2.7930222,9.2075815
1760985564095,-1.7180467,2.797808,9.189037
1760985564098,-1.727618,2.7930222,9.179466
1760985564100,-1.713261,2.7786653,9.184252
1760985564102,-1.7084754,2.778067,9.165109
1760985564105,-1.6845472,2.7972097,9.155538
1760985564107,-1.6654046,2.7918258,9.141181
1760985564109,-1.6420746,2.7966115,9.09811
1760985564111,-1.6175481,2.824727,9.074182
1760985564114,-1.5840486,2.8390841,9.040084
1760985564116,-1.5409778,2.8576283,9.025727
1760985564118,-1.5218352,2.8809586,9.001799
1760985564120,-1.4739788,2.9138598,8.958728
1760985564123,-1.4500505,2.9132617,8.896515
1760985564125,-1.4069797,2.9419754,8.891729
1760985564127,-1.372882,2.9796624,8.848659
1760985564129,-1.3154542,3.0173492,8.824132
1760985564132,-1.3052847,3.050849,8.785847
1760985564134,-1.2526426,3.0783663,8.747561
1760985564136,-1.189831,3.1399815,8.708678
1760985564139,-1.1563315,3.1537402,8.656036
1760985564141,-1.0941181,3.1914272,8.636893
1760985564143,-1.0360922,3.2482567,8.603394
1760985564146,-0.9595219,3.2763724,8.559725
1760985564148,-0.91166544,3.2991042,8.502297
1760985564150,-0.83030945,3.32722,8.459227
1760985564153,-0.7680961,3.3643086,8.411369
1760985564155,-0.6963114,3.4019957,8.372486
1760985564157,-0.65324056,3.4253256,8.319844
1760985564159,-0.57188463,3.4528432,8.267202
1760985564161,-0.50488555,3.4522448,8.224132
1760985564164,-0.43788654,3.470191,8.200203
1760985564166,-0.36191443,3.4887354,8.161918
1760985564168,-0.28055847,3.501896,8.114061
1760985564170,-0.19920248,3.534199,8.12782
1760985564173,-0.1274178,3.5288153,8.113463
1760985564175,-0.026919255,3.551547,8.132008
1760985564177,0.035294134,3.5605202,8.151151
1760985564180,0.12083755,3.5694933,8.179864
1760985564183,0.20757736,3.6017964,8.198408
1760985564184,0.2745764,3.6107693,8.227122
1760985564186,0.32243285,3.6340995,8.283952
1760985564188,0.37986058,3.6287155,8.3174515
1760985564190,0.44626144,3.6233318,8.355139
1760985564192,0.47976094,3.618546,8.39821
1760985564195,0.52283174,3.603591,8.455637
1760985564197,0.5270192,3.5796626,8.508279
1760985564199,0.56530434,3.5653057,8.565707
1760985564202,0.59342,3.5359936,8.627322
1760985564204,0.60777694,3.5216367,8.665607
1760985564206,0.6406783,3.4737802,8.703893
1760985564208,0.6789634,3.458825,8.780462
1760985564211,0.7070791,3.434897,8.837891
1760985564213,0.73579293,3.4013975,8.924032
1760985564215,0.7645068,3.3960135,8.980862
1760985564218,0.7639086,3.3481572,9.043075
1760985564220,0.7495517,3.3200414,9.1052885
1760985564222,0.715454,3.2727833,9.172886
1760985564224,0.6963114,3.2488549,9.215957
1760985564227,0.657428,3.1920254,9.268599
1760985564229,0.6095716,3.1543384,9.306884
1760985564231,0.5515456,3.1166515,9.321838
1760985564234,0.48933223,3.0795627,9.384052
1760985564236,0.44626144,3.0460632,9.417552
1760985564238,0.40259242,3.0179477,9.446265
1760985564240,0.32123643,2.966502,9.466006
1760985564243,0.24945176,2.9383862,9.470792
1760985564245,0.2111666,2.9246275,9.499506
1760985564247,0.19202402,2.9246275,9.499506
1760985564249,0.14895321,2.9108686,9.509675
1760985564252,0.12502499,2.89711,9.509675
1760985564254,0.091525465,2.9066813,9.495318
1760985564256,0.11066805,2.925824,9.495318
1760985564259,0.07238288,2.9312077,9.47139
1760985564261,0.034097724,2.9216363,9.447462
1760985564263,0.029910283,2.955136,9.399606
1760985564265,0.025722843,2.9838498,9.366106
1760985564268,-0.02213361,3.013162,9.28475
1760985564270,-0.0741775,3.0323045,9.203992
1760985564272,-0.078963146,3.0466614,9.165708
1760985564275,-0.083748795,3.0897322,9.079565
1760985564277,-0.13579269,3.1286156,9.022138
1760985564279,-0.18305093,3.1579278,8.945567
1760985564281,-0.20697916,3.181856,8.850452
1760985564284,-0.20638095,3.2440693,8.7780695
1760985564286,-0.2632105,3.2733815,8.7164545
1760985564288,-0.3056831,3.2925239,8.663813
1760985564290,-0.3385844,3.3457642,8.577671
1760985564293,-0.35294133,3.3792639,8.558528
1760985564295,-0.4001996,3.4277184,8.505886
1760985564297,-0.4235296,3.4420755,8.453244
1760985564299,-0.44685963,3.5048869,8.42453
1760985564302,-0.5084748,3.534199,8.400602
1760985564304,-0.5605187,3.5539398,8.391031
1760985564306,-0.6221339,3.583252,8.367103
1760985564309,-0.69332033,3.6179478,8.371888
1760985564311,-0.74117684,3.6329029,8.34796
1760985564313,-0.8219346,3.6478581,8.352746
1760985564316,-0.8787641,3.6532419,8.362317
1760985564318,-0.92662054,3.6586258,8.367103
1760985564320,-0.9984053,3.6598222,8.367701
1760985564322,-1.0648061,3.6747773,8.405986
1760985564325,-1.1318051,3.6664026,8.4347
1760985564327,-1.1934203,3.676572,8.453842
1760985564329,-1.250848,3.667599,8.496913
1760985564331,-1.3316058,3.673581,8.525627
1760985564334,-1.3842479,3.6598222,8.544769
1760985564336,-1.46022,3.6610186,8.592627
1760985564338,-1.527219,3.6329029,8.635697
1760985564340,-1.5798612,3.6245282,8.688339
1760985564343,-1.622932,3.6005998,8.712866
1760985564345,-1.6564314,3.6107693,8.751151
1760985564348,-1.689931,3.5874393,8.799007
1760985564349,-1.7138592,3.5736806,8.846864
1760985564352,-1.7282162,3.5497525,8.889935
1760985564354,-1.7377875,3.5401812,8.918648
1760985564356,-1.7330018,3.5264223,8.956933
1760985564359,-1.7240287,3.5114672,8.971291
1760985564361,-1.7144574,3.4683964,9.014361
1760985564364,-1.6857436,3.4683964,9.085547
1760985564365,-1.6671991,3.4492538,9.099904
1760985564368,-1.6582261,3.406183,9.1669035
1760985564371,-1.6438692,3.391228,9.190832
1760985564373,-1.6061822,3.3433714,9.229117
1760985564375,-1.6013966,3.3338,9.262616
1760985564376,-1.558924,3.3044882,9.3104725
1760985564379,-1.5302101,3.2805598,9.382257
1760985564381,-1.5020944,3.260819,9.439685
1760985564384,-1.4494523,3.246462,9.506086
1760985564386,-1.387239,3.231507,9.558728
1760985564388,-1.3160524,3.2117662,9.640084
1760985564391,-1.244866,3.1866415,9.692128
1760985564393,-1.1539388,3.2099717,9.77827
1760985564395,-1.0827522,3.1710882,9.859028
1760985564397,-0.9912268,3.19382,9.91167
1760985564399,-0.910469,3.1836505,9.982856
1760985564402,-0.82911307,3.187838,10.040284
1760985564404,-0.762114,3.182454,10.106685
1760985564406,-0.73818576,3.2015967,10.14497
1760985564408,-0.6999006,3.2153554,10.192228
1760985564411,-0.6664011,3.2249267,10.216156
1760985564413,-0.61794645,3.2386854,10.264012
1760985564415,-0.60358953,3.2482567,10.292129
1760985564417,-0.58923256,3.2626138,10.330414
1760985564420,-0.5940182,3.2721848,10.339985
1760985564422,-0.5940182,3.2721848,10.37827
1760985564425,-0.57427746,3.286542,10.3543415
1760985564426,-0.55034924,3.3146574,10.3543415
1760985564429,-0.5694918,3.3056846,10.359127
1760985564431,-0.56470615,3.31047,10.368699
1760985564433,-0.5353941,3.3433714,10.334601
1760985564436,-0.5162515,3.3577285,10.3441725
1760985564438,-0.5162515,3.3816566,10.358529
1760985564441,-0.5210371,3.3672996,10.3441725
1760985564443,-0.5306084,3.3768709,10.329815
1760985564445,-0.51146585,3.391228,10.320244
1760985564447,-0.51146585,3.3864422,10.305887
1760985564450,-0.55453664,3.3822548,10.301102
1760985564452,-0.60658056,3.382853,10.292129
1760985564454,-0.6646065,3.3493536,10.2825575
1760985564456,-0.6879365,3.3690944,10.229915
1760985564458,-0.73100734,3.3649068,10.225129
1760985564461,-0.7603194,3.3409786,10.220942
1760985564463,-0.79860455,3.3224342,10.197014
1760985564466,-0.846461,3.3182468,10.197014
1760985564467,-0.89431745,3.2847474,10.17847
1760985564470,-0.93320084,3.2566316,10.1497555
1760985564472,-0.9810573,3.2231321,10.125827
1760985564474,-1.0007981,3.1998022,10.131211
1760985564477,-0.9625129,3.1848469,10.116854
1760985564479,-1.0109676,3.1274192,10.083355
1760985564481,-1.1455638,3.042474,9.988838
1760985564483,-1.0839486,3.0562327,9.897911
1760985564486,-1.1216356,3.0759735,9.936196
1760985564488,-1.1694921,3.0520453,9.897911
1760985564490,-1.218545,3.004787,9.764511
1760985564492,-1.2765709,2.937788,9.678967
1760985564494,-1.2628121,2.9132617,9.622138
1760985564497,-1.2580265,2.8845477,9.583853
1760985564499,-1.253839,2.8695927,9.497711
1760985564501,-1.230509,2.8402805,9.416953
1760985564504,-1.244866,2.8402805,9.340384
1760985564506,-1.2311072,2.8163524,9.245269
1760985564508,-1.2029916,2.7966115,9.173484
1760985564510,-1.1647065,2.8103702,9.11127
1760985564512,-1.1742777,2.8049862,9.0347
1760985564515,-1.160519,2.8049862,8.968299
1760985564517,-1.146162,2.804388,8.896515
1760985564520,-1.1365907,2.8187451,8.819944
1760985564522,-1.1270195,2.8085756,8.762517
1760985564524,-1.1276177,2.8133612,8.681759
1760985564526,-1.1132607,2.8223343,8.633903
1760985564528,-1.1078769,2.8462625,8.590832
1760985564531,-1.1318051,2.8558338,8.562118
1760985564533,-1.1126626,2.8701909,8.519047
1760985564535,-1.1509477,2.885146,8.499905
1760985564538,-1.1742777,2.909074,8.499905
1760985564540,-1.1934203,2.9234312,8.480762
1760985564543,-1.2263216,2.928815,8.47119
1760985564545,-1.2646067,2.9341989,8.490333
1760985564547,-1.3076776,2.9300113,8.485547
1760985564549,-1.3405789,2.949154,8.495118
1760985564551,-1.3836497,2.9449666,8.538189
1760985564554,-1.4213367,2.9653056,8.581261
1760985564556,-1.4739788,2.9563324,8.600403
1760985564558,-1.5074782,2.9569306,8.667402
1760985564560,-1.5403795,2.966502,8.6961155
1760985564563,-1.5834504,2.9575288,8.743972
1760985564565,-1.5924234,2.9772696,8.787043
1760985564567,-1.6211374,2.973082,8.848659
1760985564570,-1.6498512,2.9593234,8.9108715
1760985564572,-1.66361,2.978466,8.949157
1760985564574,-1.6731812,2.9688947,8.9826565
1760985564576,-1.6971095,2.9647074,9.016156
1760985564578,-1.6923238,2.9790642,9.044869
1760985564581,-1.6971095,2.969493,9.078369
1760985564583,-1.6923238,2.9790642,9.068798
1760985564585,-1.6396817,2.978466,9.077771
1760985564588,-1.6205392,3.0023942,9.063414
1760985564590,-1.5774683,3.0113673,9.072986
1760985564592,-1.5337993,3.039483,9.044271
1760985564594,-1.4668003,3.0723844,9.038888
1760985564597,-1.4237294,3.0813572,9.038888
1760985564599,-1.3663018,3.1142588,8.995817
1760985564601,-1.2993027,3.14716,8.962317
1760985564603,-1.2364911,3.1896327,8.933005
1760985564605,-1.1647065,3.2410784,8.880363
1760985564608,-1.1120644,3.269194,8.842078
1760985564610,-1.0492527,3.3020952,8.794222
1760985564613,-1.0157533,3.3445678,8.740981
1760985564614,-0.96729857,3.3870404,8.688339
1760985564617,-0.9098708,3.4199417,8.669196
1760985564619,-0.8668,3.4480574,8.62134
1760985564622,-0.8327023,3.49053,8.596813
1760985564624,-0.7848458,3.542574,8.563314
1760985564626,-0.71246296,3.5946178,8.553144
1760985564628,-0.6831509,3.6323047,8.548359
1760985564630,-0.6161518,3.6556349,8.548359
1760985564633,-0.5724828,3.7274194,8.557332
1760985564635,-0.5198407,3.7651064,8.557332
1760985564637,-0.45702913,3.7980077,8.575876
1760985564640,-0.39481574,3.830909,8.590233
1760985564642,-0.34157544,3.8877387,8.623135
1760985564644,-0.28414768,3.906283,8.66142
1760985564646,-0.2213361,3.9343987,8.689535
1760985564648,-0.14476576,3.9673,8.722437
1760985564651,-0.101694964,3.9954157,8.741579
1760985564653,-0.03888337,4.0187454,8.803194
1760985564655,0.052043892,4.0420756,8.841479
1760985564657,0.052043892,4.022933,8.855837
1760985564660,0.10468599,4.06062,8.841479
1760985564662,0.15314065,4.093521,8.907881
1760985564664,0.17228323,4.1126637,8.955139
1760985564666,0.17706887,4.107878,8.988638
1760985564669,0.16749759,4.0941195,9.017352
1760985564671,0.17706887,4.089334,9.046066
1760985564673,0.19082761,4.069593,9.089137
1760985564676,0.19561325,4.060022,9.11785
1760985564678,0.15792629,4.065406,9.132208
1760985564680,0.14297116,4.017549,9.156136
1760985564683,0.12801601,3.9798622,9.185448
1760985564686,0.09930214,3.9463627,9.233304
1760985564687,0.06580263,3.9421754,9.252447
1760985564689,0.046660043,3.909274,9.300303
1760985564691,0.012562319,3.8524444,9.372088
1760985564694,-0.0017946169,3.8333018,9.415159
1760985564697,-0.02632105,3.795615,9.491729
1760985564698,-0.078963146,3.7483566,9.5252285
1760985564701,-0.1274178,3.6867416,9.568898
1760985564703,-0.18544376,3.6346977,9.635897
1760985564705,-0.23330021,3.5826538,9.674182
1760985564707,-0.30508488,3.5497525,9.722636
1760985564710,-0.3487539,3.4881372,9.75135
1760985564712,-0.40677986,3.4408789,9.794421
1760985564714,-0.4648058,3.374478,9.83809
1760985564717,-0.53180486,3.3326037,9.8524475
1760985564719,-0.57547385,3.2703903,9.88176
1760985564721,-0.62871414,3.2087753,9.896116
1760985564723,-0.6723832,3.1567314,9.887143
1760985564726,-0.73519474,3.1190443,9.891929
1760985564728,-0.77826554,3.0813572,9.873384
1760985564730,-0.8219346,3.0143583,9.830912
1760985564732,-0.86560357,2.9910283,9.787841
1760985564735,-0.90448695,2.9383862,9.7501545
1760985564737,-0.94337034,2.8953154,9.702297
1760985564739,-0.9768698,2.8719854,9.678967
1760985564741,-1.0013963,2.8241289,9.602397
1760985564744,-1.0211371,2.8002007,9.5455675
1760985564746,-1.0504491,2.7619154,9.492926
1760985564748,-1.0648061,2.7379873,9.445667
1760985564751,-1.0797613,2.714059,9.369097
1760985564753,-1.1132607,2.690131,9.3409815
1760985564755,-1.1324034,2.7044878,9.297911
1760985564757,-1.1754742,2.7003005,9.259625
1760985564760,-1.1802598,2.6811578,9.2075815
1760985564762,-1.1850454,2.6907291,9.164511
1760985564764,-1.2047862,2.6811578,9.08794
1760985564767,-1.2143575,2.6859434,9.0544405
1760985564770,-1.2137593,2.705086,9.006584
1760985564771,-1.2376875,2.7146573,8.977871
1760985564774,-1.2472588,2.7385855,8.944371
1760985564776,-1.2807583,2.7391837,8.911469
1760985564778,-1.2993027,2.7822545,8.901898
1760985564780,-1.3082758,2.7966115,8.858828
1760985564783,-1.3513466,2.8307092,8.825328
1760985564785,-1.3794622,2.8689942,8.791828
1760985564787,-1.4075779,2.8935208,8.777472
1760985564790,-1.4356936,2.917449,8.748757
1760985564792,-1.4500505,2.9419754,8.739186
1760985564794,-1.4691931,2.9563324,8.720044
1760985564797,-1.4877375,2.9850461,8.686544
1760985564799,-1.4919249,3.004787,8.705089
1760985564801,-1.4961123,3.057429,8.695518
1760985564803,-1.5056837,3.086143,8.719446
1760985564805,-1.4955142,3.1004999,8.729017
1760985564807,-1.5050855,3.129812,8.747561
1760985564810,-1.5140585,3.129812,8.771489
1760985564812,-1.466202,3.153142,8.800203
1760985564815,-1.4709877,3.1579278,8.814561
1760985564817,-1.4656038,3.1920254,8.847462
1760985564819,-1.43689,3.1962128,8.885747
1760985564821,-1.4273187,3.2105699,8.919247
1760985564823,-1.4171492,3.234498,8.94796
1760985564826,-1.3884354,3.2488549,8.990433
1760985564828,-1.3597214,3.2727833,9.028718
1760985564830,-1.3399807,3.3062828,9.056833
1760985564833,-1.3112668,3.3056846,9.090333
1760985564835,-1.3058829,3.3343983,9.128618
1760985564837,-1.2634103,3.3296127,9.138189
1760985564839,-1.238884,3.3433714,9.175877
1760985564841,-1.2149557,3.362514,9.180662
1760985564843,-1.1670992,3.3762727,9.195019
1760985564846,-1.1144571,3.3852458,9.208778
1760985564849,-1.0809577,3.409174,9.213564
1760985564851,-1.0612168,3.4277184,9.237492
1760985564853,-0.99900347,3.4462628,9.223135
1760985564855,-0.9559326,3.4695928,9.227323
1760985564857,-0.9128618,3.493521,9.227323
1760985564860,-0.85064846,3.5216367,9.227323
1760985564862,-0.8069794,3.5401812,9.221938
1760985564864,-0.7645068,3.5443685,9.2075815
1760985564867,-0.721436,3.562913,9.202796
1760985564869,-0.6873383,3.5766716,9.188439
1760985564871,-0.67776704,3.6053855,9.178867
1760985564873,-0.63948184,3.6340995,9.183055
1760985564875,-0.60598236,3.6430724,9.178269
1760985564878,-0.5629115,3.6568313,9.154342
1760985564880,-0.552742,3.675974,9.14477
1760985564882,-0.5096712,3.7040894,9.135199
1760985564884,-0.4761717,3.708277,9.135199
1760985564887,-0.47138608,3.7226338,9.153743
1760985564889,-0.45702913,3.7369907,9.163314
1760985564891,-0.43788654,3.7322052,9.144172
1760985564894,-0.41814575,3.7513478,9.158528
1760985564896,-0.39481574,3.7411783,9.139386
1760985564899,-0.38464624,3.7651064,9.163314
1760985564900,-0.37507495,3.7746778,9.148957
1760985564903,-0.36550367,3.7890346,9.1681
1760985564905,-0.35114673,3.7836509,9.172886
1760985564907,-0.33200413,3.7932222,9.148359
1760985564909,-0.32243285,3.7932222,9.167501
1760985564912,-0.28953153,3.7830527,9.153145
1760985564914,-0.29910284,3.7830527,9.134601
1760985564916,-0.29910284,3.7878382,9.120243
1760985564919,-0.2943172,3.76391,9.110672
1760985564921,-0.27517462,3.758526,9.086744
1760985564923,-0.28953153,3.76391,9.072387
1760985564925,-0.2853441,3.7537405,9.048459
1760985564928,-0.2757728,3.720241,9.038888
1760985564930,-0.26679972,3.7154553,9.0341015
1760985564932,-0.28115666,3.705884,9.02453
1760985564935,-0.28594232,3.705884,9.010174
1760985564937,-0.28115666,3.6867416,9.025128
1760985564939,-0.29132617,3.6436708,9.025128
1760985564941,-0.2961118,3.6197424,9.053843
1760985564944,-0.30149564,3.6005998,9.0347
1760985564946,-0.3397808,3.5676985,9.063414
1760985564949,-0.35413775,3.5533416,9.087342
1760985564951,-0.39720857,3.5347972,9.102298
1760985564952,-0.40737805,3.5066817,9.159725
1760985564955,-0.4408776,3.4683964,9.159725
1760985564957,-0.48394838,3.4450665,9.183653
1760985564959,-0.5132605,3.4025939,9.236296
1760985564962,-0.5706882,3.3696926,9.232108
1760985564964,-0.61435723,3.321836,9.25125
1760985564966,-0.634098,3.269792,9.308679
1760985564968,-0.6771688,3.222534,9.342776
1760985564971,-0.70169526,3.19382,9.404989
1760985564973,-0.72083783,3.1800613,9.48156
1760985564975,-0.77347994,3.161517,9.529416
1760985564978,-0.78783685,3.138187,9.59163
1760985564980,-0.8213364,3.0999017,9.610772
1760985564982,-0.8745767,3.0675986,9.658628
1760985564984,-0.89371926,3.0532417,9.672985
1760985564987,-0.9607183,3.0155547,9.6783695
1760985564989,-1.0372887,2.9736803,9.687941
1760985564991,-1.1144571,2.926422,9.688539
1760985564993,-1.2059826,2.8791637,9.664611
1760985564996,-1.268196,2.841477,9.660423
1760985564998,-1.326222,2.7798617,9.641879
1760985565000,-1.3884354,2.7565317,9.632308
1760985565002,-1.4321043,2.7188447,9.598808
1760985565005,-1.4560326,2.7044878,9.58505
1760985565007,-1.4608182,2.6949165,9.580264
1760985565009,-1.4566308,2.6805596,9.556335
1760985565012,-1.4422739,2.6949165,9.532407
1760985565014,-1.4321043,2.7332017,9.51805
1760985565016,-1.4129617,2.7278178,9.470194
1760985565019,-1.4177474,2.7326035,9.412766
1760985565021,-1.4177474,2.766103,9.384052
1760985565023,-1.3986049,2.7559335,9.350553
1760985565025,-1.4177474,2.766103,9.321838
1760985565027,-1.422533,2.7750762,9.273982
1760985565030,-1.4410775,2.8091738,9.259625
1760985565032,-1.4697913,2.8139594,9.226126
1760985565034,-1.4883357,2.8522446,9.173484
1760985565037,-1.5074782,2.8624141,9.12144
1760985565039,-1.5451652,2.8959136,9.08794
1760985565041,-1.5595222,2.9252257,9.064013
1760985565043,-1.5397813,2.9629126,9.020942
1760985565046,-1.5487545,3.0011978,8.996415
1760985565048,-1.5343975,3.0346973,8.977272
1760985565050,-1.5337993,3.0729825,8.938987
1760985565052,-1.538585,3.0969107,8.919845
1760985565055,-1.5427724,3.144767,8.910274
1760985565057,-1.5373886,3.1639097,8.881559
1760985565059,-1.5559329,3.2075787,8.87139
1760985565061,-1.5463617,3.2213376,8.852247
1760985565064,-1.5409778,3.254837,8.842676
1760985565066,-1.5266209,3.2644083,8.833105
1760985565068,-1.5314065,3.2787652,8.857033
1760985565071,-1.5218352,3.2979078,8.852247
1760985565073,-1.5260227,3.3170505,8.857033
1760985565075,-1.5206388,3.3553355,8.846864
1760985565077,-1.5206388,3.35055,8.86122
1760985565079,-1.5254245,3.3553355,8.842676
1760985565082,-1.5014962,3.3840494,8.856435
1760985565084,-1.4823537,3.388835,8.832506
1760985565087,-1.4434702,3.4217365,8.856435
1760985565089,-1.4249259,3.4121652,8.866006
1760985565091,-1.4057833,3.411567,8.866006
1760985565093,-1.3483555,3.4396825,8.846265
1760985565096,-1.2957134,3.458227,8.865408
1760985565098,-1.2526426,3.4337006,8.860622
1760985565100,-1.1904292,3.4666018,8.874979
1760985565102,-1.1425728,3.4851463,8.888738
1760985565105,-1.0899308,3.5132618,8.883952
1760985565107,-1.0468599,3.527619,8.869596
1760985565109,-0.9984053,3.546163,8.883354
1760985565111,-0.96490574,3.559922,8.878569
1760985565114,-0.907478,3.5880375,8.88814
1760985565116,-0.88354975,3.5928233,8.864211
1760985565119,-0.86919284,3.6017964,8.859426
1760985565120,-0.85483587,3.6161532,8.868998
1760985565123,-0.8356933,3.5970106,8.868998
1760985565125,-0.81655073,3.615555,8.858828
1760985565127,-0.79740816,3.615555,8.87797
1760985565129,-0.77826554,3.6251264,8.897113
1760985565132,-0.7639086,3.6149569,8.887542
1760985565135,-0.7543373,3.6149569,8.892327
1760985565137,-0.75912297,3.6293137,8.897113
1760985565139,-0.7399804,3.6197424,8.930613
1760985565141,-0.73579293,3.5958142,8.944969
1760985565143,-0.74536425,3.5766716,8.959326
1760985565145,-0.7405786,3.5623147,8.959326
1760985565148,-0.7262217,3.557529,8.964112
1760985565150,-0.7268199,3.5479577,8.983254
1760985565152,-0.71246296,3.5144582,8.9928255
1760985565155,-0.6652047,3.51386,9.011969
1760985565157,-0.64606214,3.4941192,9.035896
1760985565159,-0.60358953,3.4797623,9.031111
1760985565161,-0.57487565,3.4791641,9.035896
1760985565164,-0.5509474,3.4504502,9.031111
1760985565166,-0.52283174,3.4546378,9.011969
1760985565168,-0.49950173,3.4109688,9.002397
1760985565170,-0.4851448,3.3918262,8.997611
1760985565172,-0.4426722,3.3720853,8.983254
1760985565175,-0.40917268,3.3619158,8.95454
1760985565178,-0.36670008,3.3326037,8.950353
1760985565179,-0.36251262,3.3182468,8.916854
1760985565182,-0.36729828,3.2991042,8.907282
1760985565185,-0.36251262,3.3086755,8.892925
1760985565187,-0.3385844,3.3080773,8.859426
1760985565189,-0.34396824,3.2889347,8.835498
1760985565190,-0.3152544,3.2739797,8.816355
1760985565193,-0.30089745,3.2883365,8.787642
1760985565196,-0.3152544,3.2644083,8.7882395
1760985565197,-0.32482567,3.269194,8.792427
1760985565200,-0.33499518,3.2213376,8.769096
1760985565202,-0.3397808,3.2356944,8.773883
1760985565205,-0.34456646,3.2452657,8.745169
1760985565206,-0.36430725,3.2123644,8.7164545
1760985565208,-0.38344982,3.1836505,8.721839
1760985565211,-0.40259242,3.1645079,8.69791
1760985565213,-0.42711884,3.1405797,8.693125
1760985565215,-0.4319045,3.1405797,8.683554
1760985565217,-0.44147578,3.1405797,8.6548395
1760985565220,-0.47018966,3.1028929,8.679366
1760985565222,-0.4851448,3.0789645,8.674581
1760985565225,-0.49950173,3.045465,8.669795
1760985565227,-0.5383851,3.022135,8.641081
1760985565229,-0.5808577,3.0323045,8.646464
1760985565231,-0.61435723,3.0227332,8.660822
1760985565234,-0.62931234,2.9940193,8.641679
1760985565236,-0.63888365,2.989832,8.632108
1760985565238,-0.64845496,2.9706893,8.632108
1760985565240,-0.6628119,2.961118,8.641679
1760985565242,-0.69152576,2.9617162,8.636893
1760985565245,-0.69152576,2.966502,8.622537
1760985565247,-0.70588267,2.9569306,8.603992
1760985565250,-0.7112665,2.9473593,8.580064
1760985565252,-0.72023964,2.9569306,8.570493
1760985565254,-0.70169526,2.9467611,8.527422
1760985565256,-0.6873383,2.9467611,8.508279
1760985565258,-0.73519474,2.9282167,8.493922
1760985565261,-0.7830512,2.9234312,8.441878
1760985565263,-0.83090764,2.928815,8.41795
1760985565265,-0.8452646,2.928815,8.365308
1760985565268,-0.8596215,2.9048867,8.327621
1760985565270,-0.85483587,2.9096723,8.294122
1760985565272,-0.8458628,2.909074,8.251051
1760985565275,-0.8219346,2.9186454,8.217551
1760985565277,-0.8362915,2.9138598,8.179266
1760985565279,-0.84107715,2.9138598,8.160124
1760985565282,-0.84107715,2.9234312,8.150552
1760985565284,-0.86919284,2.937788,8.117053
1760985565286,-0.8739785,2.9473593,8.107481
1760985565288,-0.89312106,2.9766715,8.069196
1760985565290,-0.92183495,2.9623144,8.055437
1760985565293,-0.9738788,2.9772696,8.055437
1760985565295,-0.9882358,2.9916265,8.031509
1760985565297,-1.012164,2.9970105,8.026724
1760985565299,-1.0217353,2.9826534,8.036295
1760985565302,-1.0408778,2.9826534,8.031509
1760985565304,-1.0689936,2.992823,8.060223
1760985565306,-1.1072787,3.0029924,8.050652
1760985565309,-1.14018,3.022135,8.036295
1760985565312,-1.1784651,3.0179477,8.007581
1760985565313,-1.2161521,3.0520453,8.021938
1760985565315,-1.2257234,3.0855448,8.007581
1760985565317,-1.2203395,3.109473,7.9980097
1760985565320,-1.2059826,3.1142588,7.9884386
1760985565322,-1.2197413,3.1477582,7.9926257
1760985565324,-1.1862419,3.1525438,8.030911
1760985565327,-1.1952149,3.205186,8.026125
1760985565329,-1.1904292,3.190829,8.0404825
1760985565331,-1.1617154,3.2093735,8.011768
1760985565334,-1.1473584,3.2524443,8.001599
1760985565336,-1.1084751,3.2709885,7.972885
1760985565338,-1.0749756,3.2853456,7.982456
1760985565340,-1.0366904,3.3086755,7.9968133
1760985565343,-0.97866446,3.3511481,8.024929
1760985565345,-0.9834501,3.370889,8.0345
1760985565347,-0.92602235,3.3990045,8.029715
1760985565349,-0.9062816,3.4271202,8.014759
1760985565352,-0.8919246,3.441477,8.009974
1760985565354,-0.8488538,3.4791641,7.995617
1760985565356,-0.8243274,3.4887354,7.9908314
1760985565358,-0.80518484,3.5072799,7.995617
1760985565361,-0.7716853,3.5120654,8.000402
1760985565363,-0.73340017,3.5353954,7.990233
1760985565365,-0.6855437,3.5491543,7.9998045
1760985565368,-0.6664011,3.577868,7.975876
1760985565370,-0.6041877,3.586841,7.999206
1760985565372,-0.56111693,3.5958142,7.9944205
1760985565375,-0.49351966,3.6335013,8.023134
1760985565377,-0.46002015,3.6568313,8.027322
1760985565379,-0.43609193,3.671188,8.056036
1760985565381,-0.38763726,3.6993039,8.070393
1760985565384,-0.33499518,3.7184465,8.112865
1760985565386,-0.3062813,3.7274194,8.122437
1760985565388,-0.2961118,3.7657046,8.160722
1760985565390,-0.2961118,3.7657046,8.193623
1760985565392,-0.3056831,3.7806597,8.227122
1760985565395,-0.30029923,3.7806597,8.279764
1760985565397,-0.3152544,3.751946,8.303693
1760985565399,-0.32422748,3.7621155,8.356335
1760985565401,-0.35294133,3.7627137,8.39462
1760985565404,-0.38165522,3.757928,8.442476
1760985565406,-0.40079778,3.7489548,8.495118
1760985565408,-0.42412782,3.749553,8.5525465
1760985565411,-0.43848476,3.739982,8.609376
1760985565413,-0.4869394,3.7070804,8.653045
1760985565415,-0.50069815,3.7076788,8.724232
1760985565417,-0.51505506,3.702893,8.7577305
1760985565420,-0.55812585,3.6891344,8.82473
1760985565423,-0.56769717,3.6753755,8.853444
1760985565424,-0.6155536,3.6520455,8.939586
1760985565426,-0.6346962,3.6281173,8.963513
1760985565428,-0.66400826,3.609573,9.001799
1760985565431,-0.70229346,3.586243,9.049655
1760985565433,-0.7118647,3.5479577,9.069396
1760985565436,-0.74117684,3.505485,9.102896
1760985565438,-0.76570326,3.4672,9.122038
1760985565441,-0.7752745,3.4576287,9.145967
1760985565443,-0.79441714,3.4342988,9.160323
1760985565445,-0.799801,3.3864422,9.175279
1760985565447,-0.7956135,3.3577285,9.170493
1760985565449,-0.7956135,3.3290145,9.189635
1760985565452,-0.80518484,3.3194432,9.189635
1760985565454,-0.7818548,3.3044882,9.194421
1760985565456,-0.7818548,3.2805598,9.189635
1760985565458,-0.74895346,3.2560334,9.180064
1760985565461,-0.7537391,3.237489,9.175279
1760985565463,-0.7686943,3.2039895,9.190233
1760985565465,-0.78783685,3.1896327,9.166306
1760985565467,-0.8117651,3.1800613,9.132806
1760985565469,-0.81655073,3.17049,9.118449
1760985565472,-0.85064846,3.1519456,9.090333
1760985565475,-0.8602197,3.1423743,9.066405
1760985565477,-0.86979103,3.1423743,9.037691
1760985565479,-0.8745767,3.14716,9.02812
1760985565481,-0.9128618,3.1375887,8.999406
1760985565484,-0.90388876,3.1136606,8.980862
1760985565485,-0.8991031,3.1088748,8.971291
1760985565488,-0.8895318,3.1040893,8.937791
1760985565490,-0.90388876,3.1088748,8.904291
1760985565492,-0.90388876,3.1136606,8.889935
1760985565494,-0.9086744,3.1040893,8.875577
1760985565497,-0.9182457,3.1088748,8.837293
1760985565499,-0.927817,3.0897322,8.832506
1760985565501,-0.93738824,3.1040893,8.8085785
1760985565504,-0.95653087,3.1280174,8.780462
1760985565506,-0.98524475,3.12383,8.770891
1760985565508,-1.0043873,3.1142588,8.713464
1760985565511,-1.0187442,3.1046875,8.68475
1760985565513,-1.0091729,3.094518,8.665607
1760985565515,-1.0139586,3.1136606,8.636893
1760985565517,-1.0187442,3.1136606,8.589635
1760985565519,-0.99960166,3.1280174,8.565707
1760985565522,-0.9762716,3.117848,8.546564
1760985565524,-0.9523434,3.117848,8.536993
1760985565526,-0.93320084,3.126821,8.508279
1760985565528,-0.8997013,3.1310084,8.484351
1760985565531,-0.89013004,3.1357942,8.465208
1760985565533,-0.8662018,3.1357942,8.431708
1760985565535,-0.86141616,3.1256247,8.426923
1760985565537,-0.8470592,3.1543384,8.379066
1760985565540,-0.8141579,3.1345978,8.355139
1760985565542,-0.80937225,3.1441689,8.345567
1760985565544,-0.7710871,3.1387851,8.302496
1760985565547,-0.75673014,3.1387851,8.302496
1760985565549,-0.7280163,3.1525438,8.264212
1760985565551,-0.68494546,3.161517,8.273184
1760985565553,-0.67118675,3.1519456,8.230712
1760985565556,-0.6233303,3.1513474,8.216354
1760985565558,-0.6041877,3.1513474,8.230113
1760985565560,-0.58504516,3.1555347,8.2348995
1760985565562,-0.5563313,3.1555347,8.215756
1760985565565,-0.53240305,3.1549366,8.220542
1760985565567,-0.53300124,3.1405797,8.249256
1760985565570,-0.52283174,3.150151,8.244471
1760985565572,-0.51864433,3.1405797,8.244471
1760985565574,-0.49471608,3.150151,8.263613
1760985565576,-0.50428736,3.1453655,8.273184
1760985565579,-0.49950173,3.1453655,8.287541
1760985565581,-0.5084748,3.1549366,8.311469
1760985565583,-0.50368917,3.1453655,8.330612
1760985565585,-0.50428736,3.1405797,8.325827
1760985565587,-0.5132605,3.150151,8.35454
1760985565590,-0.50428736,3.1262228,8.364112
1760985565592,-0.5180461,3.141178,8.373683
1760985565594,-0.53240305,3.1316066,8.3784685
1760985565597,-0.5132605,3.1357942,8.392825
1760985565599,-0.53240305,3.1316066,8.392825
1760985565601,-0.5371887,3.1555347,8.397611
1760985565603,-0.5180461,3.165106,8.411369
1760985565606,-0.4941179,3.1692936,8.401798
1760985565608,-0.4941179,3.178865,8.406584
1760985565610,-0.46959144,3.1884363,8.401798
1760985565613,-0.47916272,3.1980073,8.392227
1760985565615,-0.4743771,3.2362926,8.373085
1760985565617,-0.47856453,3.2650065,8.363513
1760985565619,-0.45942193,3.269792,8.344371
1760985565621,-0.46839502,3.3080773,8.353344
1760985565624,-0.47318068,3.32722,8.338987
1760985565626,-0.47318068,3.3320055,8.32463
1760985565628,-0.46779683,3.379862,8.300702
1760985565631,-0.47736812,3.3894334,8.286345
1760985565633,-0.48155555,3.4085758,8.286345
1760985565635,-0.48155555,3.4325042,8.276773
1760985565637,-0.48155555,3.4372897,8.262417
1760985565639,-0.4953143,3.4713874,8.281559
1760985565641,-0.5138587,3.49053,8.276773
1760985565644,-0.5138587,3.5096726,8.281559
1760985565646,-0.54257256,3.5150564,8.29113
1760985565648,-0.59940207,3.5300117,8.281559
1760985565651,-0.5946164,3.539583,8.281559
1760985565653,-0.6376872,3.5353954,8.29113
1760985565655,-0.66101724,3.5401812,8.305488
1760985565658,-0.6945168,3.545565,8.295917
1760985565659,-0.7178468,3.5653057,8.315059
1760985565662,-0.7423732,3.5365918,8.334201
1760985565664,-0.72741807,3.5557344,8.362915
1760985565666,-0.74177504,3.5700915,8.343773
1760985565669,-0.7178468,3.5653057,8.362317
1760985565671,-0.718445,3.5509489,8.367701
1760985565673,-0.6987042,3.574877,8.371888
1760985565676,-0.6945168,3.5551362,8.386245
1760985565678,-0.6753742,3.5503507,8.376674
1760985565680,-0.66101724,3.5647075,8.381459
1760985565685,-0.6418747,3.5497525,8.371888
1760985565689,-0.64247286,3.5210385,8.367701
1760985565689,-0.6329016,3.5162528,8.362915
1760985565690,-0.61914283,3.482155,8.338987
1760985565691,-0.61435723,3.482155,8.310273
1760985565694,-0.60000026,3.4677982,8.271988
1760985565696,-0.6053841,3.458227,8.257631
1760985565698,-0.5623133,3.4480574,8.248059
1760985565700,-0.5623133,3.4337006,8.243274
1760985565703,-0.5341976,3.4139597,8.252846
1760985565705,-0.51565325,3.3852458,8.248658
1760985565707,-0.4869394,3.3750763,8.239086
1760985565709,-0.47258246,3.365505,8.258229
1760985565712,-0.45403808,3.3457642,8.253444
1760985565714,-0.4444668,3.3170505,8.282157
1760985565716,-0.4444668,3.3170505,8.291729
1760985565718,-0.44506502,3.283551,8.310871
1760985565721,-0.44985065,3.293122,8.330014
1760985565723,-0.45942193,3.2506495,8.353942
1760985565725,-0.4743771,3.231507,8.363513
1760985565728,-0.4648058,3.2267213,8.397013
1760985565730,-0.49830532,3.2081769,8.4400835
1760985565732,-0.5174479,3.2033913,8.459227
1760985565734,-0.5413761,3.1896327,8.492725
1760985565737,-0.5844469,3.1806595,8.507083
1760985565739,-0.6221339,3.190829,8.559725
1760985565741,-0.64606214,3.1573296,8.607581
1760985565744,-0.6843473,3.153142,8.626724
1760985565746,-0.72741807,3.1441689,8.665009
1760985565748,-0.76989067,3.1543384,8.703294
1760985565750,-0.7752745,3.1304102,8.751151
1760985565753,-0.82731843,3.1316066,8.779864
1760985565755,-0.86081797,3.1220353,8.8085785
1760985565757,-0.8991031,3.1322048,8.837293
1760985565759,-0.927817,3.1280174,8.866006
1760985565762,-0.94695956,3.1232316,8.875577
1760985565764,-0.96550393,3.12383,8.875577
1760985565766,-0.9846465,3.1429725,8.909077
1760985565768,-1.0031909,3.153142,8.909077
1760985565771,-1.0175478,3.1579278,8.923434
1760985565773,-1.0175478,3.1722846,8.909077
1760985565775,-1.0127622,3.1770704,8.904291
1760985565777,-1.041476,3.1770704,8.875577
1760985565780,-1.0360922,3.2153554,8.889935
1760985565782,-1.0552348,3.2207394,8.880363
1760985565784,-1.0360922,3.234498,8.866006
1760985565787,-1.0408778,3.2392836,8.837293
1760985565789,-1.0402796,3.263212,8.803793
1760985565791,-1.0360922,3.2536407,8.789435
1760985565793,-1.0163515,3.2919257,8.779864
1760985565796,-0.9732806,3.3008988,8.755338
1760985565798,-0.96789676,3.3487554,8.721839
1760985565801,-0.95832545,3.3631122,8.740981
1760985565803,-0.9391829,3.362514,8.73141
1760985565805,-0.9343972,3.3864422,8.712267
1760985565807,-0.933799,3.4199417,8.721839
1760985565809,-0.95712906,3.4396825,8.693125
1760985565812,-0.9906286,3.4492538,8.702696
1760985565814,-1.0001999,3.464209,8.688339
1760985565816,-1.0043873,3.4977086,8.659625
1760985565818,-1.0522437,3.4887354,8.659625
1760985565821,-1.090529,3.493521,8.664411
1760985565824,-1.1282159,3.4893336,8.664411
1760985565825,-1.1425728,3.4893336,8.659625
1760985565827,-1.1377872,3.4893336,8.673982
1760985565830,-1.166501,3.4995031,8.669196
1760985565832,-1.1521441,3.51386,8.683554
1760985565834,-1.1617154,3.51386,8.702696
1760985565837,-1.1569297,3.5186458,8.7266245
1760985565839,-1.1473584,3.5042887,8.73141
1760985565841,-1.1330016,3.4947174,8.755338
1760985565844,-1.1288141,3.4654055,8.740981
1760985565846,-1.1192428,3.4749768,8.76491
1760985565848,-1.1048858,3.4606197,8.774481
1760985565850,-1.090529,3.4558342,8.788837
1760985565852,-1.076172,3.4654055,8.784052
1760985565855,-1.0570294,3.4456646,8.793623
1760985565857,-1.0522437,3.4504502,8.788837
1760985565859,-1.0289137,3.426522,8.7984085
1760985565862,-1.0049855,3.4307094,8.793623
1760985565864,-0.9762716,3.4307094,8.807382
1760985565866,-0.9385847,3.4253256,8.7882395
1760985565869,-0.9242278,3.4007993,8.793025
1760985565871,-0.9098708,3.4007993,8.760123
1760985565873,-0.8913264,3.3720853,8.774481
1760985565875,-0.87218386,3.385844,8.774481
1760985565878,-0.87218386,3.3619158,8.769695
1760985565880,-0.88235337,3.347559,8.760123
1760985565882,-0.8817552,3.3523445,8.760123
1760985565884,-0.8967103,3.3236306,8.745767
1760985565887,-0.8919246,3.3284163,8.736196
1760985565889,-0.8775677,3.333202,8.740981
1760985565891,-0.8775677,3.333202,8.736196
1760985565894,-0.8775677,3.3284163,8.745767
1760985565896,-0.8919246,3.318845,8.736196
1760985565898,-0.85842514,3.333202,8.736196
1760985565901,-0.8488538,3.35713,8.740981
1760985565903,-0.84406817,3.3469608,8.750552
1760985565905,-0.84406817,3.3379877,8.769695
1760985565908,-0.8153543,3.3565319,8.736196
1760985565910,-0.8344969,3.342175,8.7266245
1760985565912,-0.8249256,3.3613176,8.717052
1760985565914,-0.82013994,3.3565319,8.712267
1760985565916,-0.79142606,3.3559337,8.678768
1760985565919,-0.78723866,3.3463624,8.630911
1760985565921,-0.7722835,3.3601213,8.611769
1760985565923,-0.7680961,3.3553355,8.559127
1760985565925,-0.7298109,3.37388,8.520842
1760985565928,-0.74416786,3.3834512,8.463413
1760985565930,-0.72023964,3.3786657,8.444271
1760985565932,-0.70588267,3.3684962,8.401798
1760985565935,-0.67776704,3.3583267,8.339585
1760985565936,-0.66341007,3.367898,8.286943
1760985565939,-0.64905316,3.362514,8.277371
1760985565942,-0.6442675,3.3720853,8.22473
1760985565944,-0.63529444,3.362514,8.186444
1760985565946,-0.6299106,3.3762727,8.167302
1760985565948,-0.62512493,3.4097722,8.119446
1760985565950,-0.62512493,3.4097722,8.109874
1760985565953,-0.60598236,3.414558,8.081161
1760985565954,-0.6442675,3.4241292,8.047661
1760985565957,-0.66341007,3.4247274,8.048259
1760985565960,-0.69152576,3.4342988,8.048259
1760985565962,-0.72502524,3.458825,8.009974
1760985565964,-0.7196414,3.4779677,8.014161
1760985565966,-0.738784,3.4971104,8.00459
1760985565968,-0.762114,3.5120654,8.018947
1760985565971,-0.785444,3.5413775,8.028518
1760985565973,-0.7902297,3.5557344,8.042875
1760985565975,-0.785444,3.5605202,8.062017
1760985565977,-0.82313097,3.6137605,8.076375
1760985565980,-0.8129615,3.6520455,8.085348
1760985565982,-0.80817586,3.6520455,8.094919
1760985565984,-0.81236327,3.6807594,8.10449
1760985565987,-0.80757767,3.6903307,8.10449
1760985565989,-0.8458628,3.7005002,8.094919
1760985565991,-0.84047896,3.7100716,8.094919
1760985565993,-0.84047896,3.7196429,8.080562
1760985565996,-0.83090764,3.7238302,8.056634
1760985565998,-0.85483587,3.714857,8.085348
1760985566000,-0.86919284,3.7196429,8.056634
1760985566002,-0.8596215,3.743571,8.056634
1760985566005,-0.8644072,3.7387853,8.066205
1760985566007,-0.8644072,3.7196429,8.066205
1760985566009,-0.8883354,3.714857,8.066205
1760985566011,-0.8883354,3.7100716,8.080562
1760985566014,-0.91226363,3.7010984,8.085348
1760985566016,-0.92662054,3.7010984,8.090134
1760985566018,-0.9607183,3.65384,8.100303
1760985566021,-0.99900347,3.6346977,8.105088
1760985566024,-1.032503,3.6257246,8.124231
1760985566025,-1.0851451,3.6023946,8.124231
1760985566028,-1.1090733,3.5880375,8.096115
1760985566030,-1.1096715,3.5497525,8.120044
1760985566032,-1.1335998,3.5264223,8.143971
1760985566034,-1.1437693,3.502494,8.143971
1760985566037,-1.1485549,3.502494,8.158329
1760985566039,-1.1437693,3.4689946,8.163115
1760985566041,-1.1252248,3.4492538,8.153543
1760985566044,-1.0779666,3.434897,8.182257
1760985566046,-1.0636097,3.4247274,8.158329
1760985566048,-1.0205388,3.4193435,8.153543
1760985566050,-0.9876375,3.394817,8.139186
1760985566052,-0.9493524,3.394817,8.1344
1760985566055,-0.91166544,3.3607194,8.1344
1760985566057,-0.87338024,3.3696926,8.120044
1760985566059,-0.82612205,3.3643086,8.115258
1760985566061,-0.7932207,3.330211,8.086544
1760985566064,-0.74536425,3.324827,8.09133
1760985566066,-0.7118647,3.3194432,8.053044
1760985566068,-0.7262217,3.3152559,8.048259
1760985566071,-0.70289165,3.3146574,8.062616
1760985566073,-0.6789634,3.3050864,8.043473
1760985566075,-0.6550352,3.3236306,8.019546
1760985566077,-0.6406783,3.3092737,8.029117
1760985566080,-0.62153566,3.3278182,8.019546
1760985566082,-0.62153566,3.3469608,8.005188
1760985566084,-0.62153566,3.3284163,8.029117
1760985566087,-0.62153566,3.3230324,8.019546
1760985566089,-0.62093747,3.3523445,8.038688
1760985566091,-0.64008003,3.3714871,8.043473
1760985566093,-0.6681957,3.3960135,8.048259
1760985566095,-0.66341007,3.4151561,8.053044
1760985566098,-0.6771688,3.429513,8.05783
1760985566100,-0.6867401,3.429513,8.066803
1760985566103,-0.6771688,3.458227,8.081161
1760985566105,-0.69571316,3.4779677,8.081161
1760985566107,-0.69092757,3.5066817,8.085946
1760985566109,-0.6855437,3.5401812,8.105088
1760985566111,-0.6658029,3.5641093,8.114061
1760985566114,-0.6562316,3.5976088,8.118847
1760985566116,-0.6418747,3.606582,8.142776
1760985566118,-0.63170516,3.6496527,8.133204
1760985566120,-0.61734825,3.659224,8.132606
1760985566123,-0.60717875,3.687938,8.132606
1760985566126,-0.587438,3.7214375,8.142178
1760985566127,-0.573081,3.7304106,8.118249
1760985566129,-0.5587241,3.7543387,8.108678
1760985566131,-0.5485546,3.7878382,8.098508
1760985566134,-0.5485546,3.8069808,8.088937
1760985566136,-0.5485546,3.8117664,8.065009
1760985566139,-0.54376894,3.8117664,8.046464
1760985566141,-0.55334026,3.830909,8.050652
1760985566143,-0.5623133,3.8404803,8.031509
1760985566145,-0.5629115,3.8356948,8.022536
1760985566147,-0.58624154,3.8404803,8.003393
1760985566149,-0.5916254,3.8315072,8.017751
1760985566152,-0.61016977,3.8315072,8.017751
1760985566154,-0.62452674,3.8315072,8.027322
1760985566156,-0.6436693,3.8321054,8.070393
1760985566159,-0.66759753,3.822534,8.094321
1760985566161,-0.6723832,3.8374894,8.103892
1760985566163,-0.72023964,3.818945,8.12782
1760985566166,-0.7298109,3.8093736,8.156534
1760985566168,-0.7680961,3.7908292,8.180463
1760985566170,-0.8207382,3.772285,8.213962
1760985566172,-0.8350951,3.7483566,8.233105
1760985566175,-0.8542377,3.734598,8.2761755
1760985566177,-0.863809,3.7298124,8.319246
1760985566179,-0.8979067,3.6921253,8.357532
1760985566181,-0.9164511,3.6873398,8.395817
1760985566184,-0.9026923,3.6729827,8.414959
1760985566186,-0.9170493,3.673581,8.462815
1760985566189,-0.9068798,3.6687953,8.520244
1760985566191,-0.91226363,3.659224,8.558528
1760985566193,-0.9026923,3.659224,8.582457
1760985566195,-0.91226363,3.6448672,8.592028
1760985566197,-0.93619186,3.635894,8.611171
1760985566199,-0.9409775,3.6263227,8.649456
1760985566202,-0.95054877,3.60718,8.649456
1760985566204,-0.98883396,3.5838501,8.668598
1760985566206,-1.0127622,3.5838501,8.668598
1760985566208,-1.0277174,3.5503507,8.682955
1760985566211,-1.0606186,3.5509489,8.702098
1760985566213,-1.07019,3.5605202,8.72124
1760985566215,-1.0941181,3.5467613,8.72124
1760985566218,-1.0989038,3.5563326,8.749954
1760985566220,-1.1084751,3.5611184,8.759525
1760985566222,-1.1036894,3.565904,8.769096
1760985566224,-1.1180464,3.5521452,8.7882395
1760985566226,-1.1132607,3.5521452,8.802596
1760985566229,-1.1318051,3.5569308,8.840881
1760985566231,-1.1132607,3.542574,8.850452
1760985566233,-1.1078769,3.5617166,8.869596
1760985566236,-1.1228321,3.542574,8.879167
1760985566238,-1.1276177,3.5473595,8.898309
1760985566240,-1.1563315,3.5383866,8.907881
1760985566243,-1.1844472,3.5533416,8.903095
1760985566245,-1.2035898,3.5389848,8.888738
1760985566247,-1.227518,3.548556,8.893523
1760985566249,-1.2604194,3.5635111,8.907881
1760985566252,-1.2705889,3.5491543,8.936594
1760985566254,-1.2939188,3.5593238,8.912666
1760985566256,-1.2699906,3.5635111,8.893523
1760985566258,-1.2993027,3.5449667,8.907881
1760985566261,-1.3226327,3.554538,8.917452
1760985566263,-1.3082758,3.5784662,8.927023
1760985566265,-1.2939188,3.5784662,8.907881
1760985566267,-1.2939188,3.5880375,8.888738
1760985566270,-1.2939188,3.5784662,8.883952
1760985566272,-1.2987045,3.583252,8.86481
1760985566274,-1.3034902,3.583252,8.850452
1760985566277,-1.3130615,3.5641093,8.817552
1760985566279,-1.3034902,3.5641093,8.807981
1760985566281,-1.2897314,3.5635111,8.802596
1760985566283,-1.2993027,3.5587256,8.774481
1760985566286,-1.2610176,3.548556,8.740981
1760985566288,-1.2610176,3.5437703,8.750552
1760985566290,-1.2801601,3.539583,8.750552
1760985566293,-1.2664014,3.5198421,8.7266245
1760985566295,-1.2233306,3.5001013,8.736196
1760985566297,-1.180858,3.5090744,8.717052
1760985566299,-1.166501,3.4899318,8.69791
1760985566302,-1.166501,3.4899318,8.683554
1760985566304,-1.1473584,3.4851463,8.702696
1760985566306,-1.1425728,3.5090744,8.707481
1760985566308,-1.180858,3.4899318,8.69791
1760985566310,-1.21017,3.461816,8.693125
1760985566313,-1.262214,3.4767714,8.69791
1760985566315,-1.2861422,3.4576287,8.665009
1760985566318,-1.2963116,3.4337006,8.660223
1760985566320,-1.2957134,3.4480574,8.674581
1760985566323,-1.2957134,3.4528432,8.645866
1760985566324,-1.2867404,3.4337006,8.645866
1760985566326,-1.2628121,3.4331024,8.641081
1760985566329,-1.238884,3.423531,8.641081
1760985566331,-1.238884,3.4426737,8.621938
1760985566333,-1.2107682,3.4229329,8.63151
1760985566335,-1.2053844,3.4277184,8.641081
1760985566338,-1.2011969,3.418147,8.602796
1760985566340,-1.1820544,3.4277184,8.612367
1760985566342,-1.1964114,3.4133615,8.602796
1760985566345,-1.1916257,3.4277184,8.588439
1760985566347,-1.2011969,3.394219,8.578867
1760985566349,-1.2251252,3.418147,8.569296
1760985566352,-1.2203395,3.394219,8.550154
1760985566354,-1.2155539,3.4133615,8.531011
1760985566356,-1.18684,3.4079776,8.526225
1760985566359,-1.1916257,3.417549,8.535796
1760985566361,-1.1724831,3.4223347,8.531011
1760985566363,-1.1485549,3.431906,8.52144
1760985566365,-1.1389836,3.4313076,8.497512
1760985566367,-1.1150553,3.4408789,8.468798
1760985566369,-1.0624132,3.449852,8.464012
1760985566372,-1.0534402,3.4492538,8.430512
1760985566374,-1.0390832,3.463611,8.373085
1760985566376,-1.0199406,3.4725838,8.349156
1760985566379,-0.9720842,3.4624143,8.339585
1760985566381,-0.9391829,3.4528432,8.306086
1760985566383,-0.91525465,3.4666018,8.2678
1760985566385,-0.90029955,3.49053,8.229515
1760985566387,-0.8769695,3.4803605,8.200802
1760985566390,-0.8386843,3.4941192,8.176873
1760985566392,-0.81894356,3.5180476,8.152945
1760985566394,-0.7860422,3.522235,8.138588
1760985566397,-0.75254273,3.5168512,8.105088
1760985566399,-0.7429714,3.5264223,8.085946
1760985566401,-0.70947194,3.525824,8.052446
1760985566403,-0.6999006,3.5449667,8.028518
1760985566406,-0.6855437,3.5641093,8.018947
1760985566408,-0.6664011,3.5587256,8.00459
1760985566410,-0.66161543,3.5539398,7.990233
1760985566413,-0.6520442,3.5587256,7.9950185
1760985566415,-0.6664011,3.5587256,7.9950185
1760985566417,-0.64247286,3.5635111,8.00459
1760985566419,-0.67118675,3.5730824,7.9950185
1760985566422,-0.65682983,3.577868,7.9950185
1760985566424,-0.6562316,3.5874393,7.9998045
1760985566426,-0.6418747,3.592225,8.008778
1760985566428,-0.66101724,3.5874393,8.032705
1760985566431,-0.6658029,3.5874393,8.047063
1760985566433,-0.67058855,3.5826538,8.056634
1760985566435,-0.66101724,3.5874393,8.070991
1760985566438,-0.66101724,3.577868,8.090134
1760985566440,-0.67058855,3.5880375,8.090134
1760985566442,-0.66101724,3.5880375,8.128419
1760985566444,-0.66999036,3.60718,8.128419
1760985566447,-0.6658029,3.5880375,8.152347
1760985566449,-0.6658029,3.5976088,8.142776
1760985566451,-0.6801598,3.5641093,8.181061
1760985566453,-0.6658029,3.583252,8.190632
1760985566456,-0.66101724,3.5784662,8.195417
1760985566459,-0.6753742,3.5880375,8.195417
1760985566460,-0.66101724,3.5784662,8.219346
1760985566463,-0.6658029,3.5641093,8.2145605
1760985566465,-0.6801598,3.5497525,8.233703
1760985566467,-0.6658029,3.5593238,8.243274
1760985566470,-0.66101724,3.5593238,8.257631
1760985566472,-0.6801598,3.5647075,8.248059
1760985566474,-0.67058855,3.5551362,8.262417
1760985566476,-0.6801598,3.5359936,8.29113
1760985566479,-0.6753742,3.5407794,8.305488
1760985566481,-0.69930243,3.545565,8.338987
1760985566484,-0.6945168,3.5407794,8.343773
1760985566485,-0.7046863,3.5030923,8.3581295
1760985566488,-0.7328019,3.5126636,8.377272
1760985566490,-0.75673014,3.4893336,8.415557
1760985566492,-0.7615158,3.4941192,8.410771
1760985566494,-0.7860422,3.4558342,8.415557
1760985566497,-0.80937225,3.4803605,8.439486
1760985566499,-0.8237292,3.4660037,8.453842
1760985566501,-0.83389866,3.446861,8.444271
1760985566504,-0.8380861,3.4612179,8.449057
1760985566506,-0.84765744,3.4761732,8.477771
1760985566508,-0.85244304,3.4570305,8.5016985
1760985566510,-0.8386843,3.4522448,8.492127
1760985566513,-0.8243274,3.446861,8.516056
1760985566515,-0.8237292,3.4570305,8.530413
1760985566517,-0.8285148,3.4570305,8.549556
1760985566519,-0.8380861,3.4666018,8.559127
1760985566521,-0.8380861,3.4761732,8.549556
1760985566523,-0.84765744,3.4713874,8.554341
1760985566526,-0.86201435,3.4809587,8.539984
1760985566528,-0.84765744,3.4522448,8.549556
1760985566530,-0.8668,3.4522448,8.530413
1760985566533,-0.8668,3.461816,8.535198
1760985566535,-0.87158567,3.4624143,8.535198
1760985566538,-0.8668,3.4809587,8.5112705
1760985566540,-0.8662018,3.4953158,8.520842
1760985566542,-0.84765744,3.4761732,8.506484
1760985566544,-0.8662018,3.4953158,8.492127
1760985566547,-0.8668,3.461816,8.482556
1760985566549,-0.84765744,3.4809587,8.463413
1760985566551,-0.8428718,3.4761732,8.453842
1760985566554,-0.8668,3.4809587,8.487342
1760985566556,-0.8662018,3.4953158,8.472985
1760985566558,-0.87637126,3.4761732,8.4682
1760985566560,-0.89491564,3.5102708,8.463413
1760985566562,-0.8811569,3.49053,8.463413
1760985566565,-0.8955139,3.4863427,8.463413
1760985566567,-0.91405827,3.5102708,8.472985
1760985566569,-0.90448695,3.5006995,8.492127
1760985566571,-0.9092726,3.505485,8.5016985
1760985566574,-0.91405827,3.5150564,8.496913
1760985566576,-0.8997013,3.5198421,8.530413
1760985566578,-0.9092726,3.5198421,8.530413
1760985566580,-0.8991031,3.5294135,8.544769
1760985566584,-0.9182457,3.5204403,8.554341
1760985566585,-0.927817,3.5156546,8.554341
1760985566587,-0.9284152,3.510869,8.563912
1760985566589,-0.94277215,3.5060835,8.549556
1760985566592,-0.9284152,3.510869,8.559127
1760985566594,-0.91405827,3.4965122,8.568698
1760985566596,-0.91884387,3.4965122,8.559127
1760985566599,-0.927817,3.5156546,8.559127
1760985566601,-0.9182457,3.5156546,8.573483
1760985566603,-0.91884387,3.481557,8.549556
1760985566605,-0.89491564,3.5102708,8.554341
1760985566608,-0.8709874,3.5006995,8.554341
1760985566610,-0.8757731,3.505485,8.535198
1760985566612,-0.8662018,3.49053,8.539984
1760985566615,-0.8566305,3.5001013,8.520842
1760985566617,-0.83748794,3.4953158,8.530413
1760985566619,-0.8237292,3.4851463,8.516056
1760985566621,-0.8237292,3.4707892,8.5112705
1760985566623,-0.80937225,3.475575,8.5112705
1760985566626,-0.8045866,3.4707892,8.506484
1760985566628,-0.785444,3.4660037,8.506484
1760985566631,-0.7860422,3.4612179,8.5016985
1760985566633,-0.7812566,3.4564323,8.535198
1760985566635,-0.7860422,3.4372897,8.530413
1760985566637,-0.76689965,3.4462628,8.539984
1760985566639,-0.75254273,3.4510484,8.549556
1760985566642,-0.75254273,3.4462628,8.554341
1760985566644,-0.76689965,3.4372897,8.58784
1760985566646,-0.7716853,3.4372897,8.573483
1760985566649,-0.7716853,3.446861,8.620742
1760985566651,-0.7716853,3.4420755,8.620742
1760985566653,-0.7860422,3.4372897,8.635098
1760985566655,-0.7956135,3.4325042,8.62134
1760985566658,-0.81954175,3.4283166,8.62134
1760985566660,-0.82911307,3.4331024,8.626125
1760985566662,-0.8572287,3.4337006,8.650054
1760985566664,-0.84347,3.4283166,8.635697
1760985566667,-0.8668,3.4241292,8.640483
1760985566669,-0.86261255,3.4241292,8.626125
1760985566671,-0.8913264,3.4049866,8.616554
1760985566674,-0.8913264,3.414558,8.635697
1760985566676,-0.8769695,3.4049866,8.616554
1760985566678,-0.8817552,3.4097722,8.62134
1760985566680,-0.8913264,3.4097722,8.62134
1760985566683,-0.86261255,3.4043884,8.616554
1760985566685,-0.82911307,3.4187453,8.611769
1760985566688,-0.81954175,3.4085758,8.58784
1760985566689,-0.8147561,3.4229329,8.578269
1760985566692,-0.80997044,3.4325042,8.539984
1760985566694,-0.7956135,3.4420755,8.525627
1760985566697,-0.7812566,3.441477,8.496913
1760985566698,-0.77647096,3.4558342,8.4682
1760985566700,-0.77647096,3.470191,8.449057
1760985566703,-0.7860422,3.4749768,8.420342
1760985566705,-0.7716853,3.4654055,8.410771
1760985566707,-0.77647096,3.470191,8.405986
1760985566709,-0.78065836,3.498905,8.377272
1760985566713,-0.78065836,3.4941192,8.362915
1760985566714,-0.76630145,3.5132618,8.362915
1760985566717,-0.75194454,3.522235,8.329415
1760985566719,-0.75673014,3.5318062,8.334201
1760985566721,-0.75613195,3.5706897,8.334201
1760985566724,-0.7609176,3.565904,8.338987
1760985566725,-0.78424764,3.589832,8.32463
1760985566728,-0.76989067,3.6041892,8.305488
1760985566730,-0.7609176,3.5946178,8.319844
1760985566732,-0.7507481,3.6137605,8.333603
1760985566734,-0.74596244,3.6179478,8.319246
1760985566737,-0.7603194,3.6233318,8.338388
1760985566739,-0.76510507,3.6376886,8.324032
1760985566741,-0.7645068,3.64726,8.333603
1760985566744,-0.78364944,3.6329029,8.357532
1760985566746,-0.7890333,3.62393,8.367103
1760985566748,-0.82672024,3.62393,8.367103
1760985566751,-0.84107715,3.6197424,8.381459
1760985566753,-0.846461,3.6053855,8.377272
1760985566755,-0.84167534,3.610171,8.372486
1760985566757,-0.85124665,3.5910287,8.405986
1760985566759,-0.8554341,3.610171,8.42453
1760985566762,-0.84167534,3.5958142,8.405388
1760985566764,-0.86560357,3.571886,8.405986
1760985566766,-0.846461,3.5814574,8.42453
1760985566769,-0.83688974,3.571886,8.4012
1760985566771,-0.8321041,3.5814574,8.4012
1760985566773,-0.8327023,3.5527434,8.415557
1760985566776,-0.8135597,3.5473595,8.405986
1760985566778,-0.8039884,3.5473595,8.396415
1760985566780,-0.8039884,3.542574,8.4012
1760985566782,-0.80937225,3.51386,8.396415
1760985566785,-0.8045866,3.5186458,8.372486
1760985566787,-0.799801,3.528217,8.372486
1760985566789,-0.7896315,3.5324044,8.391629
1760985566791,-0.799801,3.5132618,8.367701
1760985566793,-0.80937225,3.4995031,8.386844
1760985566796,-0.8237292,3.4947174,8.367701
1760985566798,-0.8428718,3.4803605,8.367701
1760985566800,-0.82911307,3.4564323,8.377272
1760985566803,-0.8530413,3.4516466,8.358727
1760985566805,-0.86261255,3.446861,8.358727
1760985566807,-0.86261255,3.4325042,8.358727
1760985566809,-0.8530413,3.4325042,8.377871
1760985566812,-0.84347,3.4277184,8.377871
1760985566814,-0.8386843,3.4277184,8.377871
1760985566816,-0.8386843,3.4420755,8.415557
1760985566819,-0.84347,3.4229329,8.397013
1760985566821,-0.82911307,3.4229329,8.397013
1760985566823,-0.8386843,3.4325042,8.411369
1760985566825,-0.85842514,3.4085758,8.397013
1760985566828,-0.9056834,3.4187453,8.387442
1760985566830,-0.9302098,3.3810585,8.382656
1760985566832,-0.9445667,3.3810585,8.368299
1760985566834,-0.96849495,3.3810585,8.373085
1760985566837,-0.9924232,3.362514,8.359326
1760985566839,-0.9828519,3.3714871,8.349754
1760985566842,-0.9924232,3.3720853,8.359326
1760985566844,-0.96849495,3.3810585,8.325827
1760985566846,-0.9589237,3.35713,8.325827
1760985566848,-0.9445667,3.3762727,8.325827
1760985566850,-0.9206385,3.399603,8.320442
1760985566852,-0.91106725,3.3852458,8.311469
1760985566855,-0.9062816,3.3852458,8.310871
1760985566857,-0.8877372,3.3750763,8.287541
1760985566859,-0.8967103,3.379862,8.273184
1760985566862,-0.9212367,3.3613176,8.239685
1760985566865,-0.92602235,3.3613176,8.244471
1760985566866,-0.92602235,3.370889,8.215756
1760985566868,-0.9403793,3.3756745,8.191829
1760985566871,-0.9445667,3.3852458,8.2014
1760985566873,-0.9349955,3.3852458,8.2014
1760985566875,-0.9493524,3.3852458,8.187042
1760985566878,-0.96849495,3.409174,8.1679
1760985566880,-0.95413804,3.394817,8.177471
1760985566882,-0.9732806,3.3804603,8.172686
1760985566884,-0.9732806,3.4043884,8.172686
1760985566887,-0.9732806,3.4043884,8.163115
1760985566889,-0.9828519,3.4049866,8.153543
1760985566891,-0.9732806,3.4187453,8.163115
1760985566893,-0.94396853,3.4331024,8.158329
1760985566895,-0.92482597,3.4426737,8.177471
1760985566898,-0.91525465,3.4564323,8.172686
1760985566900,-0.8865408,3.4660037,8.181659
1760985566903,-0.86261255,3.4797623,8.181659
1760985566905,-0.8428718,3.498905,8.196015
1760985566907,-0.8333005,3.522833,8.176873
1760985566909,-0.8141579,3.5180476,8.181659
1760985566912,-0.799801,3.5365918,8.181659
1760985566914,-0.77587277,3.5605202,8.176275
1760985566916,-0.7615158,3.5653057,8.161918
1760985566918,-0.7752745,3.5892339,8.181061
1760985566921,-0.7704889,3.5940197,8.190632
1760985566923,-0.75613195,3.603591,8.181061
1760985566925,-0.75613195,3.6179478,8.17149
1760985566927,-0.7322037,3.612564,8.190632
1760985566930,-0.7076773,3.6317065,8.209774
1760985566932,-0.72263247,3.6221352,8.2145605
1760985566934,-0.70289165,3.6412778,8.190632
1760985566937,-0.65982085,3.650251,8.213962
1760985566939,-0.6406783,3.6454654,8.23789
1760985566941,-0.65084773,3.6311083,8.252247
1760985566944,-0.6269195,3.6023946,8.252247
1760985566946,-0.6029913,3.6113675,8.304889
1760985566948,-0.5844469,3.5970106,8.300103
1760985566950,-0.57487565,3.5826538,8.324032
1760985566952,-0.5796613,3.5826538,8.371888
1760985566955,-0.5557331,3.5826538,8.386245
1760985566957,-0.5605187,3.5826538,8.438888
1760985566959,-0.5413761,3.5730824,8.476574
1760985566962,-0.5270192,3.5682967,8.4909315
1760985566964,-0.503091,3.5635111,8.55793
1760985566967,-0.48394838,3.5533416,8.577073
1760985566968,-0.48873404,3.5587256,8.615358
1760985566971,-0.49830532,3.539583,8.653643
1760985566973,-0.50787663,3.539583,8.672786
1760985566975,-0.52223355,3.5306098,8.711071
1760985566977,-0.53180486,3.5210385,8.711071
1760985566980,-0.53659046,3.5210385,8.749356
1760985566982,-0.53659046,3.525824,8.758927
1760985566984,-0.5455636,3.5401812,8.772686
1760985566986,-0.5461618,3.5353954,8.772686
1760985566989,-0.5509474,3.5264223,8.791828
1760985566991,-0.53659046,3.5162528,8.791828
1760985566993,-0.5413761,3.5353954,8.777472
1760985566996,-0.5605187,3.5072799,8.787642
1760985566998,-0.5557331,3.5264223,8.768498
1760985567000,-0.5796613,3.502494,8.768498
1760985567003,-0.57009,3.5072799,8.754142
1760985567005,-0.5509474,3.501896,8.758927
1760985567007,-0.57487565,3.4881372,8.749356
1760985567009,-0.57487565,3.4881372,8.739784
1760985567012,-0.5844469,3.5120654,8.725428
1760985567014,-0.58504516,3.4737802,8.734999
1760985567016,-0.61794645,3.478566,8.720642
1760985567018,-0.637089,3.4743786,8.720642
1760985567020,-0.6472585,3.4648073,8.715857
1760985567023,-0.6999006,3.4366915,8.711669
1760985567025,-0.72382885,3.4223347,8.711669
1760985567028,-0.7477571,3.4085758,8.706883
1760985567029,-0.78664047,3.379862,8.712267
1760985567032,-0.8243274,3.409174,8.706883
1760985567034,-0.85842514,3.3619158,8.707481
1760985567036,-0.90149593,3.3523445,8.693125
1760985567039,-0.92542416,3.3242288,8.721839
1760985567041,-0.9870393,3.3296127,8.740981
1760985567043,-1.0211371,3.315854,8.7367935
1760985567046,-1.0402796,3.3110683,8.712866
1760985567048,-1.0594223,3.2967114,8.722437
1760985567050,-1.0731809,3.3164523,8.722437
1760985567052,-1.0875379,3.3020952,8.727222
1760985567055,-1.0923235,3.3116665,8.722437
1760985567057,-1.0875379,3.306881,8.732008
1760985567059,-1.1018949,3.3122647,8.751151
1760985567061,-1.0923235,3.3212378,8.722437
1760985567064,-1.0731809,3.345166,8.717651
1760985567066,-1.0677971,3.3690944,8.707481
1760985567068,-1.0630114,3.3834512,8.707481
1760985567070,-1.0630114,3.4025939,8.707481
1760985567073,-1.052842,3.4360933,8.7266245
1760985567075,-1.0283155,3.4600215,8.736196
1760985567077,-1.0378869,3.4839497,8.736196
1760985567079,-1.0283155,3.493521,8.712267
1760985567082,-1.0612168,3.5030923,8.712267
1760985567084,-1.0707881,3.5030923,8.712267
1760985567087,-1.0947163,3.5180476,8.678768
1760985567088,-1.1282159,3.527619,8.669196
1760985567091,-1.1712867,3.5042887,8.683554
1760985567093,-1.2047862,3.5144582,8.640483
1760985567095,-1.2000005,3.5144582,8.640483
1760985567098,-1.166501,3.5042887,8.630911
1760985567100,-1.1521441,3.5036905,8.602198
1760985567102,-1.1234303,3.5132618,8.616554
1760985567105,-1.1001002,3.493521,8.626125
1760985567107,-1.0713863,3.4983068,8.650054
1760985567109,-1.0187442,3.4977086,8.650054
1760985567111,-0.994816,3.4833515,8.673982
1760985567113,-0.9708878,3.4827533,8.692527
1760985567116,-0.95653087,3.4923246,8.7164545
1760985567118,-0.9667004,3.4683964,8.730812
1760985567121,-0.9810573,3.4402807,8.745767
1760985567123,-0.9906286,3.4450665,8.760123
1760985567125,-1.0145568,3.4594233,8.745767
1760985567127,-1.0522437,3.455236,8.740981
1760985567129,-1.0666007,3.4456646,8.750552
1760985567131,-1.0767702,3.4313076,8.755338
1760985567134,-1.0863415,3.417549,8.745767
1760985567136,-1.0911272,3.4127634,8.755338
1760985567139,-1.0767702,3.426522,8.755338
1760985567141,-1.0719845,3.426522,8.740981
1760985567143,-1.0480564,3.4217365,8.755338
1760985567145,-1.0145568,3.4259238,8.7266245
1760985567148,-0.98644114,3.4163525,8.736196
1760985567150,-0.971486,3.4444683,8.721839
1760985567152,-0.9523434,3.434897,8.717052
1760985567154,-0.9379865,3.4534414,8.688339
1760985567156,-0.94755775,3.458825,8.659625
1760985567159,-0.93320084,3.4630125,8.626125
1760985567161,-0.91884387,3.4630125,8.611769
1760985567163,-0.9098708,3.4480574,8.606983
1760985567166,-0.91465646,3.4576287,8.573483
1760985567168,-0.9098708,3.4576287,8.563912
1760985567170,-0.90029955,3.4528432,8.535198
1760985567172,-0.89072824,3.4576287,8.5112705
1760985567175,-0.8955139,3.4480574,8.530413
1760985567177,-0.8859426,3.4672,8.496913
1760985567179,-0.8955139,3.4432719,8.492127
1760985567181,-0.8859426,3.4474592,8.496913
1760985567184,-0.84825563,3.423531,8.472985
1760985567186,-0.80997044,3.4372897,8.463413
1760985567190,-0.7812566,3.441477,8.4682
1760985567191,-0.7722835,3.4223347,8.463413
1760985567193,-0.76749784,3.4127634,8.453842
1760985567195,-0.7435696,3.4169507,8.439486
1760985567198,-0.7435696,3.4121652,8.439486
1760985567200,-0.738784,3.4025939,8.439486
1760985567202,-0.738784,3.397808,8.415557
1760985567204,-0.74416786,3.397808,8.392227
1760985567206,-0.74835527,3.4073794,8.373085
1760985567208,-0.7680961,3.3882368,8.363513
1760985567211,-0.77766734,3.3786657,8.358727
1760985567213,-0.782453,3.37388,8.310871
1760985567215,-0.782453,3.3786657,8.282157
1760985567217,-0.782453,3.3882368,8.272586
1760985567220,-0.782453,3.3786657,8.248658
1760985567222,-0.8111669,3.3834512,8.220542
1760985567225,-0.80159557,3.3834512,8.196614
1760985567227,-0.78723866,3.37388,8.177471
1760985567229,-0.7968099,3.3882368,8.148758
1760985567231,-0.7830512,3.3684962,8.1344
1760985567233,-0.77766734,3.3876386,8.115258
1760985567236,-0.78723866,3.3924243,8.086544
1760985567238,-0.7920243,3.4025939,8.09133
1760985567241,-0.7968099,3.4025939,8.100901
1760985567243,-0.7680961,3.4163525,8.105687
1760985567245,-0.7968099,3.4217365,8.096115
1760985567247,-0.7818548,3.4408789,8.110473
1760985567249,-0.79142606,3.4360933,8.115258
1760985567252,-0.78664047,3.4648073,8.090732
1760985567254,-0.8009974,3.4456646,8.120044
1760985567257,-0.82013994,3.4648073,8.119446
1760985567259,-0.8243274,3.484548,8.152945
1760985567261,-0.8243274,3.484548,8.167302
1760985567263,-0.8243274,3.4797623,8.162517
1760985567265,-0.8386843,3.4941192,8.196015
1760985567267,-0.8572287,3.51386,8.186444
1760985567270,-0.84765744,3.5377884,8.200802
1760985567272,-0.87158567,3.5234313,8.196015
1760985567274,-0.86141616,3.542574,8.210373
1760985567277,-0.8709874,3.542574,8.215158
1760985567279,-0.8997013,3.5431721,8.219944
1760985567281,-0.89013004,3.5527434,8.215158
1760985567284,-0.9092726,3.5383866,8.219944
1760985567286,-0.8997013,3.557529,8.210373
1760985567288,-0.8805587,3.5760734,8.205587
1760985567290,-0.8805587,3.5569308,8.215158
1760985567293,-0.8566305,3.5760734,8.224132
1760985567295,-0.8279166,3.5904303,8.219346
1760985567297,-0.83688974,3.609573,8.2145605
1760985567299,-0.7890333,3.6137605,8.238488
1760985567302,-0.76989067,3.6376886,8.228917
1760985567304,-0.74596244,3.6466618,8.242676
1760985567306,-0.7076773,3.656233,8.261818
1760985567308,-0.7118647,3.6849468,8.257032
1760985567311,-0.69332033,3.6652062,8.252247
1760985567313,-0.6831509,3.6843486,8.23789
1760985567315,-0.69272214,3.6987057,8.23789
1760985567318,-0.69272214,3.6843486,8.223534
1760985567320,-0.6831509,3.6891344,8.213962
1760985567322,-0.6831509,3.6987057,8.218747
1760985567324,-0.6975078,3.7034912,8.204391
1760985567327,-0.6879365,3.6987057,8.185248
1760985567329,-0.65922266,3.7076788,8.166105
1760985567331,-0.64965135,3.7124643,8.175676
1760985567333,-0.64008003,3.7220356,8.156534
1760985567336,-0.60658056,3.7214375,8.16132
1760985567338,-0.573081,3.74058,8.170891
1760985567340,-0.549751,3.7256248,8.156534
1760985567343,-0.51146585,3.7106698,8.142178
1760985567345,-0.5162515,3.735196,8.165507
1760985567347,-0.49232325,3.7298124,8.165507
1760985567349,-0.49232325,3.7250266,8.170293
1760985567352,-0.5066802,3.7106698,8.175676
1760985567354,-0.50189453,3.6915271,8.190034
1760985567356,-0.5401797,3.6777685,8.223534
1760985567358,-0.57906306,3.6448672,8.213962
1760985567360,-0.5599205,3.6203406,8.242676
1760985567363,-0.59342,3.606582,8.2761755
1760985567365,-0.63170516,3.6167514,8.304889
1760985567367,-0.6556334,3.5934215,8.333603
1760985567370,-0.6891329,3.5838501,8.362317
1760985567372,-0.6939186,3.5647075,8.362317
1760985567374,-0.7178468,3.5557344,8.395817
1760985567377,-0.7471589,3.5324044,8.396415
1760985567378,-0.7471589,3.522833,8.444271
1760985567382,-0.718445,3.507878,8.444271
1760985567383,-0.68494546,3.502494,8.453244
1760985567386,-0.66161543,3.4737802,8.458628
1760985567388,-0.70947194,3.455236,8.472985
1760985567390,-0.79501534,3.4899318,8.496913
1760985567392,-0.8141579,3.4899318,8.525627
1760985567395,-0.82313097,3.5001013,8.525627
1760985567397,-0.8422736,3.5048869,8.506484
1760985567399,-0.85244304,3.4857445,8.477771
1760985567401,-0.87637126,3.4809587,8.444271
1760985567404,-0.8811569,3.4666018,8.392227
1760985567407,-0.9194421,3.4528432,8.397013
1760985567408,-0.9242278,3.4576287,8.353942
1760985567411,-0.90029955,3.461816,8.3348
1760985567413,-0.8673982,3.4372897,8.277371
1760985567415,-0.8386843,3.4558342,8.243873
1760985567417,-0.80997044,3.4606197,8.205587
1760985567419,-0.74835527,3.4450665,8.176873
1760985567422,-0.7106683,3.4396825,8.138588
1760985567424,-0.6867401,3.4444683,8.1433735
1760985567426,-0.63888365,3.458227,8.109874
1760985567428,-0.60059845,3.4528432,8.042875
1760985567431,-0.5724828,3.4522448,8.03809
1760985567433,-0.55334026,3.4426737,8.03809
1760985567435,-0.52522457,3.418147,8.023732
1760985567438,-0.5300102,3.4133615,8.018947
1760985567440,-0.52522457,3.3990045,8.028518
1760985567442,-0.5300102,3.379862,8.03809
1760985567445,-0.54436713,3.3894334,8.03809
1760985567447,-0.5587241,3.4043884,8.057232
1760985567449,-0.587438,3.3900316,8.081161
1760985567451,-0.60658056,3.3762727,8.119446
1760985567454,-0.6257231,3.3523445,8.152945
1760985567457,-0.6831509,3.3529427,8.143971
1760985567458,-0.7118647,3.3296127,8.182257
1760985567460,-0.7686943,3.3349965,8.210971
1760985567463,-0.77826554,3.3212378,8.239685
1760985567466,-0.8213364,3.3266218,8.268398
1760985567468,-0.84047896,3.336193,8.311469
1760985567469,-0.81236327,3.2883365,8.35454
1760985567472,-0.75493556,3.2877383,8.416156
1760985567475,-0.7543373,3.306881,8.425727
1760985567476,-0.85902333,3.3415768,8.358727
1760985567478,-0.96909314,3.318845,8.335398
1760985567481,-1.0552348,3.2913275,8.397611
1760985567484,-1.0887343,3.2727833,8.49811
1760985567486,-1.11685,3.278167,8.526823
1760985567487,-1.1318051,3.2638102,8.526823
1760985567490,-1.183849,3.283551,8.493324
1760985567492,-1.2023934,3.321836,8.478967
1760985567495,-1.1970096,3.3649068,8.46461
1760985567497,-1.1587243,3.3690944,8.474181
1760985567499,-1.0869397,3.4067812,8.483154
1760985567501,-1.0205388,3.3870404,8.48794
1760985567504,-0.95353985,3.4103706,8.473583
1760985567506,-0.8865408,3.4283166,8.464012
1760985567508,-0.8428718,3.4612179,8.429914
1760985567510,-0.78065836,3.5132618,8.396415
1760985567513,-0.75194454,3.5174494,8.343773
1760985567515,-0.7328019,3.5509489,8.319844
1760985567517,-0.7088737,3.5557344,8.315059
1760985567519,-0.70348984,3.5886357,8.281559
1760985567521,-0.6939186,3.5838501,8.243274
1760985567524,-0.6891329,3.6029928,8.2049885
1760985567527,-0.6891329,3.6317065,8.181061
1760985567528,-0.6939186,3.6221352,8.152347
1760985567531,-0.6837491,3.6604204,8.13799
1760985567533,-0.6646065,3.674179,8.12782
1760985567535,-0.6693921,3.6837504,8.137392
1760985567537,-0.66400826,3.7268212,8.151749
1760985567540,-0.54436713,3.7447674,8.199007
1760985567542,-0.49232325,3.720241,8.199007
1760985567544,-0.62153566,3.6789649,8.190034
1760985567547,-0.5347959,3.739982,8.170293
1760985567549,-0.55334026,3.7836509,8.275578
1760985567551,-0.6053841,3.80399,8.356335
1760985567554,-0.6580262,3.804588,8.356933
1760985567557,-0.7393822,3.7716868,8.380861
1760985567558,-0.7920243,3.743571,8.438289
1760985567560,-0.8392825,3.7447674,8.476574
1760985567563,-0.8925229,3.7118661,8.534002
1760985567565,-0.9589237,3.6981075,8.586644
1760985567567,-1.0019945,3.679563,8.615956
1760985567569,-1.0450653,3.6610186,8.668598
1760985567571,-1.0450653,3.6520455,8.720642
1760985567574,-1.0642079,3.64726,8.782856
1760985567576,-1.0977074,3.62393,8.840283
1760985567579,-1.1312069,3.6149569,8.873783
1760985567581,-1.1551352,3.5964124,8.945567
1760985567583,-1.1557333,3.5772698,8.940782
1760985567585,-1.1700903,3.5294135,8.984451
1760985567587,-1.1892328,3.5198421,8.989237
1760985567589,-1.1946167,3.4911282,8.994022
1760985567592,-1.2329018,3.482155,9.008379
1760985567595,-1.2233306,3.458227,8.998808
1760985567596,-1.2430713,3.4390843,9.003593
1760985567599,-1.247857,3.4199417,8.999406
1760985567601,-1.224527,3.4103706,8.99462
1760985567603,-1.224527,3.3954153,8.970692
1760985567605,-1.2149557,3.3810585,8.965906
1760985567608,-1.21017,3.3810585,8.965906
1760985567610,-1.2053844,3.3954153,8.961121
1760985567613,-1.1862419,3.385844,8.961121
1760985567615,-1.1814562,3.394817,8.956335
1760985567617,-1.1575279,3.394817,8.932407
1760985567619,-1.1581261,3.3900316,8.91805
1760985567621,-1.1389836,3.394219,8.908479
1760985567623,-1.1389836,3.3846476,8.889337
1760985567626,-1.1485549,3.4037902,8.851051
1760985567628,-1.1581261,3.3894334,8.836694
1760985567631,-1.1533405,3.4037902,8.817552
1760985567633,-1.1485549,3.4037902,8.822337
1760985567635,-1.134198,3.4037902,8.831908
1760985567637,-1.1389836,3.4037902,8.817552
1760985567639,-1.119841,3.4133615,8.841479
1760985567642,-1.1246266,3.4133615,8.822337
1760985567644,-1.1096715,3.4420755,8.846265
1760985567647,-1.1288141,3.4420755,8.883952
1760985567648,-1.1383854,3.4420755,8.874979
1760985567651,-1.1718849,3.4331024,8.903693
1760985567653,-1.1952149,3.4528432,8.912666
1760985567655,-1.2095718,3.4480574,8.908479
1760985567658,-1.2382857,3.4289148,8.903693
1760985567660,-1.2526426,3.429513,8.937193
1760985567663,-1.2909278,3.434897,8.91805
1760985567665,-1.3094722,3.4492538,8.91805
1760985567667,-1.3244274,3.434897,8.922835
1760985567669,-1.3196417,3.4205399,8.91805
1760985567671,-1.3004991,3.4444683,8.898908
1760985567673,-1.2909278,3.4492538,8.913264
1760985567676,-1.2526426,3.4534414,8.898908
1760985567679,-1.2335001,3.4528432,8.88455
1760985567681,-1.2000005,3.4719856,8.879765
1760985567683,-1.1617154,3.4713874,8.86481
1760985567685,-1.1090733,3.4851463,8.850452
1760985567687,-1.0516455,3.484548,8.83131
1760985567690,-0.9846465,3.5072799,8.802596
1760985567692,-0.95653087,3.5114672,8.764311
1760985567695,-0.9086744,3.5204403,8.730812
1760985567696,-0.8703892,3.5246277,8.687741
1760985567699,-0.84167534,3.5294135,8.64467
1760985567701,-0.83688974,3.5383866,8.587242
1760985567703,-0.79860455,3.557529,8.553742
1760985567705,-0.76989067,3.566502,8.501101
1760985567707,-0.779462,3.5712879,8.453244
1760985567709,-0.7513463,3.5754752,8.405388
1760985567712,-0.7082755,3.5844483,8.381459
1760985567714,-0.6939186,3.603591,8.371888
1760985567717,-0.6646065,3.626921,8.328817
1760985567719,-0.6406783,3.6311083,8.304889
1760985567721,-0.62153566,3.6598222,8.314461
1760985567723,-0.6023931,3.6550367,8.300103
1760985567725,-0.5832505,3.673581,8.290532
1760985567728,-0.59282184,3.6885362,8.299505
1760985567730,-0.5688936,3.687938,8.275578
1760985567732,-0.5922236,3.6981075,8.27139
1760985567734,-0.62093747,3.6981075,8.280961
1760985567737,-0.6550352,3.679563,8.27139
1760985567739,-0.6975078,3.6897326,8.261818
1760985567741,-0.71724856,3.6610186,8.257032
1760985567744,-0.75493556,3.6568313,8.280961
1760985567746,-0.78424764,3.6233318,8.286345
1760985567748,-0.79860455,3.5994034,8.305488
1760985567750,-0.8039884,3.5760734,8.329415
1760985567753,-0.79920274,3.5473595,8.362915
1760985567755,-0.79920274,3.5521452,8.410771
1760985567757,-0.785444,3.522833,8.415557
1760985567760,-0.7902297,3.5186458,8.439486
1760985567762,-0.76630145,3.498905,8.482556
1760985567765,-0.75673014,3.4797623,8.487342
1760985567766,-0.7477571,3.4606197,8.5016985
1760985567769,-0.7716853,3.4510484,8.5016985
1760985567771,-0.77647096,3.4223347,8.5016985
1760985567773,-0.8105687,3.3990045,8.5112705
1760985567775,-0.8392825,3.3607194,8.492725
1760985567778,-0.85902333,3.3326037,8.478369
1760985567780,-0.8781659,3.3038898,8.454441
1760985567782,-0.88295156,3.3038898,8.464012
1760985567784,-0.907478,3.275176,8.455039
1760985567787,-0.91226363,3.275176,8.455039
1760985567789,-0.9026923,3.260819,8.440681
1760985567791,-0.8979067,3.260819,8.426325
1760985567793,-0.88414794,3.2416766,8.445468
1760985567796,-0.8596215,3.2745779,8.426325
1760985567798,-0.84047896,3.2745779,8.444869
1760985567800,-0.82612205,3.2841492,8.430512
1760985567803,-0.8117651,3.293122,8.420941
1760985567805,-0.8021938,3.3074791,8.392227
1760985567807,-0.8069794,3.3122647,8.406584
1760985567809,-0.8111669,3.3314073,8.397013
1760985567812,-0.81595254,3.3409786,8.353942
1760985567814,-0.83988076,3.3415768,8.330014
1760985567817,-0.8542377,3.3559337,8.339585
1760985567819,-0.90149593,3.3756745,8.292327
1760985567821,-0.8925229,3.3702908,8.268398
1760985567824,-0.91166544,3.3661032,8.239685
1760985567826,-0.9349955,3.3852458,8.2253275
1760985567828,-0.9445667,3.4139597,8.210971
1760985567830,-0.9445667,3.4139597,8.215756
1760985567832,-0.9391829,3.4331024,8.187042
1760985567835,-0.9200403,3.4331024,8.206185
1760985567837,-0.9056834,3.4522448,8.205587
1760985567839,-0.8811569,3.5090744,8.205587
1760985567841,-0.86201435,3.528217,8.219944
1760985567844,-0.83748794,3.5521452,8.233703
1760985567846,-0.82313097,3.565904,8.224132
1760985567848,-0.8135597,3.5611184,8.2145605
1760985567850,-0.8327023,3.566502,8.219346
1760985567852,-0.82313097,3.5706897,8.209774
1760985567855,-0.8279166,3.5754752,8.190632
1760985567857,-0.8566305,3.566502,8.167302
1760985567860,-0.8566305,3.5760734,8.167302
1760985567862,-0.8566305,3.5712879,8.148159
1760985567864,-0.8566305,3.5712879,8.133802
1760985567866,-0.8279166,3.589832,8.124231
1760985567868,-0.80877405,3.5946178,8.133204
1760985567870,-0.7704889,3.5988052,8.109276
1760985567873,-0.7513463,3.6083765,8.128419
1760985567876,-0.7322037,3.5934215,8.133204
1760985567877,-0.70348984,3.6173496,8.13799
1760985567880,-0.67477596,3.6263227,8.142776
1760985567882,-0.6795616,3.60718,8.142776
1760985567884,-0.66101724,3.6023946,8.142776
1760985567887,-0.67058855,3.583252,8.133204
1760985567889,-0.67058855,3.5736806,8.128419
1760985567891,-0.6753742,3.5641093,8.128419
1760985567893,-0.6753742,3.5593238,8.13799
1760985567896,-0.6759724,3.5497525,8.133204
1760985567898,-0.65682983,3.5347972,8.114061
1760985567900,-0.6239285,3.5156546,8.133204
1760985567903,-0.5946164,3.534199,8.161918
1760985567905,-0.53300124,3.519244,8.17149
1760985567907,-0.49471608,3.5288153,8.185846
1760985567910,-0.46121657,3.5186458,8.219346
1760985567911,-0.41814575,3.522833,8.223534
1760985567914,-0.38464624,3.53719,8.247461
1760985567916,-0.35174492,3.5174494,8.252247
1760985567918,-0.32243285,3.5413775,8.242676
1760985567921,-0.3080759,3.5503507,8.23789
1760985567923,-0.31286156,3.5509489,8.257032
1760985567925,-0.31345975,3.5359936,8.247461
1760985567928,-0.3367898,3.5557344,8.242676
1760985567930,-0.33738798,3.522235,8.242676
1760985567932,-0.35653058,3.522235,8.228319
1760985567935,-0.37567315,3.522833,8.23789
1760985567937,-0.40378883,3.5180476,8.247461
1760985567939,-0.41814575,3.51386,8.266604
1760985567941,-0.41336012,3.51386,8.300103
1760985567943,-0.41336012,3.5042887,8.324032
1760985567946,-0.4229314,3.4995031,8.352746
1760985567948,-0.41814575,3.51386,8.395817
1760985567950,-0.41814575,3.5186458,8.429316
1760985567953,-0.4223332,3.5527434,8.4813595
1760985567955,-0.45104706,3.5389848,8.538788
1760985567957,-0.4749753,3.5246277,8.596215
1760985567959,-0.50787663,3.5347972,8.624929
1760985567961,-0.53659046,3.5353954,8.610572
1760985567964,-0.6131608,3.5216367,8.624929
1760985567966,-0.66999036,3.5270207,8.6345005
1760985567969,-0.6891329,3.527619,8.648857
1760985567971,-0.72741807,3.5186458,8.659027
1760985567973,-0.7465607,3.5090744,8.659027
1760985567975,-0.7513463,3.5330026,8.691928
1760985567977,-0.74177504,3.5377884,8.682357
1760985567980,-0.71246296,3.5617166,8.715857
1760985567982,-0.698106,3.5706897,8.730213
1760985567984,-0.67417777,3.589832,8.744571
1760985567987,-0.65922266,3.6089747,8.758329
1760985567989,-0.63529444,3.6233318,8.758329
1760985567991,-0.6113662,3.6323047,8.743972
1760985567993,-0.6113662,3.641876,8.72483
1760985567996,-0.6257231,3.6370904,8.729615
1760985567999,-0.64008003,3.6424742,8.6961155
1760985568000,-0.65922266,3.64726,8.6961155
1760985568003,-0.69272214,3.6137605,8.663215
1760985568005,-0.74536425,3.6047873,8.653643
1760985568007,-0.7501499,3.595216,8.648857
1760985568009,-0.7932207,3.6053855,8.644072
1760985568011,-0.802792,3.5910287,8.644072
1760985568013,-0.7932207,3.586243,8.653643
1760985568016,-0.779462,3.571886,8.663215
1760985568019,-0.77407813,3.5910287,8.696713
1760985568020,-0.73100734,3.5904303,8.754142
1760985568023,-0.7118647,3.6000016,8.8014
1760985568025,-0.69272214,3.595216,8.854042
1760985568028,-0.6975078,3.6047873,8.868399
1760985568034,-0.7070791,3.5958142,8.897113
1760985568035,-0.7262217,3.6005998,8.930613
1760985568035,-0.74536425,3.5820556,8.935398
1760985568036,-0.7788638,3.5581272,8.935398
1760985568039,-0.8225328,3.5300117,8.921639
1760985568041,-0.8889336,3.5162528,8.912068
1760985568043,-0.94695956,3.464209,8.912666
1760985568045,-0.9804591,3.4456646,8.917452
1760985568047,-1.0139586,3.4360933,8.912666
1760985568050,-1.0241281,3.4169507,8.946166
1760985568052,-1.0336994,3.3984063,8.955737
1760985568054,-0.9912268,3.3786657,8.979665
1760985568056,-0.9810573,3.3834512,9.032308
1760985568059,-0.971486,3.3834512,9.037093
1760985568061,-0.9242278,3.382853,9.084352
1760985568063,-0.90029955,3.3732817,9.108279
1760985568066,-0.87637126,3.377469,9.1465645
1760985568068,-0.8668,3.377469,9.141779
1760985568070,-0.8811569,3.3487554,9.132208
1760985568072,-0.9194421,3.354139,9.11785
1760985568074,-0.94337034,3.3493536,9.118449
1760985568077,-0.9625129,3.330809,9.099306
1760985568079,-0.991825,3.3116665,9.0849495
1760985568081,-1.0013963,3.2925239,9.075378
1760985568084,-0.991825,3.2925239,9.094521
1760985568086,-0.9631111,3.2919257,9.0849495
1760985568088,-0.9296116,3.3206396,9.104092
1760985568090,-0.8961121,3.3056846,9.0849495
1760985568093,-0.8530413,3.3439696,9.113065
1760985568095,-0.80518484,3.3481572,9.11785
1760985568097,-0.7710871,3.3810585,9.15135
1760985568099,-0.7328019,3.400201,9.126823
1760985568102,-0.7328019,3.4049866,9.126823
1760985568104,-0.718445,3.4283166,9.131609
1760985568106,-0.7375876,3.4139597,9.084352
1760985568109,-0.75194454,3.4241292,9.060423
1760985568111,-0.7902297,3.4289148,9.022138
1760985568113,-0.8141579,3.4241292,8.988638
1760985568116,-0.8333005,3.429513,8.945567
1760985568118,-0.8662018,3.4534414,8.916854
1760985568120,-0.86141616,3.4725838,8.892925
1760985568122,-0.8327023,3.482155,8.897711
1760985568124,-0.82731843,3.4917264,8.897711
1760985568127,-0.7938189,3.5389848,8.902496
1760985568129,-0.7645068,3.5772698,8.930613
1760985568131,-0.73579293,3.6005998,8.925827
1760985568133,-0.72083783,3.6532419,8.9210415
1760985568136,-0.72502524,3.6580276,8.925827
1760985568138,-0.7298109,3.6580276,8.9210415
1760985568140,-0.74416786,3.6729827,8.901898
1760985568142,-0.7728817,3.6729827,8.873184
1760985568145,-0.78723866,3.682554,8.863613
1760985568147,-0.8207382,3.673581,8.8492565
1760985568149,-0.8446664,3.673581,8.830113
1760985568152,-0.8446664,3.6544385,8.825328
1760985568154,-0.8542377,3.6448672,8.820542
1760985568156,-0.83988076,3.659224,8.834899
1760985568159,-0.849452,3.6544385,8.830113
1760985568161,-0.8255238,3.6783667,8.8492565
1760985568163,-0.8063812,3.687938,8.8492565
1760985568165,-0.7728817,3.6873398,8.868399
1760985568168,-0.7537391,3.6921253,8.892327
1760985568170,-0.74416786,3.682554,8.920443
1760985568172,-0.715454,3.6771703,8.896515
1760985568175,-0.70588267,3.6915271,8.896515
1760985568177,-0.7298109,3.6771703,8.887542
1760985568179,-0.73459655,3.6628132,8.901898
1760985568182,-0.74895346,3.65384,8.897113
1760985568184,-0.75912297,3.644269,8.882756
1760985568186,-0.7686943,3.6346977,8.868399
1760985568188,-0.7639086,3.629912,8.854042
1760985568190,-0.75912297,3.6346977,8.863613
1760985568193,-0.7495517,3.610171,8.873184
1760985568195,-0.7304091,3.6293137,8.897113
1760985568197,-0.6969096,3.6293137,8.940184
1760985568199,-0.6873383,3.638885,8.949157
1760985568201,-0.6681957,3.6430724,8.958728
1760985568204,-0.6681957,3.6574295,8.9826565
1760985568206,-0.6580262,3.6717863,8.992228
1760985568208,-0.6723832,3.667599,8.992228
1760985568211,-0.69152576,3.6771703,9.01137
1760985568213,-0.715454,3.6532419,9.001799
1760985568215,-0.7585248,3.6346977,9.001799
1760985568217,-0.7680961,3.6544385,9.020942
1760985568220,-0.7920243,3.6400814,9.020942
1760985568222,-0.8207382,3.6406796,9.02154
1760985568224,-0.83030945,3.6454654,9.0544405
1760985568227,-0.8105687,3.6646078,9.059227
1760985568229,-0.8344969,3.6454654,9.111869
1760985568231,-0.8392825,3.6652062,9.126225
1760985568233,-0.8344969,3.6652062,9.174082
1760985568236,-0.82911307,3.69392,9.174082
1760985568238,-0.8530413,3.6843486,9.193225
1760985568240,-0.8673982,3.6753755,9.2075815
1760985568243,-0.8673982,3.694518,9.193225
1760985568245,-0.90089774,3.6801612,9.188439
1760985568247,-0.9343972,3.6568313,9.159725
1760985568249,-0.96789676,3.6568313,9.164511
1760985568251,-0.9870393,3.6430724,9.160323
1760985568254,-0.99720883,3.6382868,9.150752
1760985568256,-1.0013963,3.6430724,9.117252
1760985568258,-0.991825,3.6574295,9.131609
1760985568261,-0.9822537,3.6664026,9.140582
1760985568263,-0.9487542,3.6951163,9.135797
1760985568265,-0.9290134,3.7094734,9.150154
1760985568267,-0.948156,3.7094734,9.15494
1760985568269,-0.9200403,3.7040894,9.131011
1760985568272,-0.9242278,3.7280176,9.126225
1760985568274,-0.94337034,3.738187,9.135797
1760985568276,-0.971486,3.7525442,9.08794
1760985568279,-0.9912268,3.7477584,9.059227
1760985568281,-1.0342976,3.7339997,9.026325
1760985568283,-1.0624132,3.7489548,8.997611
1760985568286,-1.0725827,3.720241,8.973683
1760985568288,-1.0767702,3.758526,8.964112
1760985568290,-1.0725827,3.743571,8.930613
1760985568292,-1.0576276,3.7674992,8.949755
1760985568295,-1.052842,3.7866418,8.964112
1760985568297,-1.0235299,3.8057845,8.973084
1760985568299,-0.99003035,3.8291144,8.987442
1760985568301,-0.96550393,3.8673997,8.992228
1760985568304,-0.9415757,3.8721852,8.99163
1760985568307,-0.9415757,3.886542,8.9724865
1760985568308,-0.9559326,3.9056847,8.977272
1760985568311,-0.9559326,3.9104705,8.9724865
1760985568313,-1.0085747,3.8967116,8.939586
1760985568315,-1.0079765,3.9158542,8.930014
1760985568317,-1.0271192,3.9158542,8.877372
1760985568320,-1.0366904,3.9158542,8.85823
1760985568322,-1.0564312,3.9014974,8.848659
1760985568324,-1.032503,3.8967116,8.829515
1760985568327,-1.0133604,3.8913279,8.867801
1760985568328,-1.0037891,3.9056847,8.867801
1760985568331,-0.96550393,3.915256,8.896515
1760985568334,-0.9415757,3.9194436,8.906086
1760985568336,-0.9128618,3.9290147,8.92463
1760985568338,-0.8889336,3.923631,8.938987
1760985568340,-0.8985049,3.9290147,8.95813
1760985568343,-0.8985049,3.9050865,8.962915
1760985568345,-0.927817,3.8763726,8.968299
1760985568347,-0.927817,3.8620157,8.9826565
1760985568349,-0.97567344,3.848257,8.992228
1760985568351,-1.0091729,3.81057,8.987442
1760985568354,-1.052842,3.772285,9.01137
1760985568356,-1.0719845,3.7489548,9.011969
1760985568358,-1.082154,3.7154553,9.026325
1760985568360,-1.0917253,3.705884,9.050254
1760985568363,-1.1060823,3.6921253,9.074182
1760985568365,-1.1156535,3.6777685,9.093325
1760985568367,-1.1018949,3.6634114,9.112467
1760985568370,-1.0588241,3.6628132,9.155538
1760985568372,-1.0492527,3.6580276,9.165109
1760985568374,-1.0492527,3.6436708,9.184252
1760985568376,-1.0348958,3.62393,9.179466
1760985568379,-1.0205388,3.6287155,9.184252
1760985568381,-1.0211371,3.6047873,9.169894
1760985568383,-1.0073783,3.5808592,9.17468
1760985568385,-0.997807,3.565904,9.145967
1760985568388,-1.012164,3.5712879,9.122038
1760985568390,-1.0031909,3.5467613,9.09811
1760985568392,-1.0079765,3.5324044,9.089137
1760985568395,-0.9984053,3.5324044,9.079565
1760985568397,-0.9840483,3.5324044,9.079565
1760985568399,-0.96490574,3.522235,9.050852
1760985568401,-0.9409775,3.5318062,9.065208
1760985568404,-0.9170493,3.559922,9.093325
1760985568406,-0.8883354,3.559922,9.093325
1760985568408,-0.88354975,3.5838501,9.088538
1760985568410,-0.8925229,3.6077783,9.102896
1760985568412,-0.9020941,3.5934215,9.083753
1760985568415,-0.9212367,3.5988052,9.069396
1760985568417,-0.9451649,3.5940197,9.050254
1760985568419,-0.9882358,3.589832,9.035896
1760985568421,-1.0025927,3.5994034,9.011969
1760985568424,-1.0360922,3.6041892,8.983852
1760985568426,-1.0450653,3.6143587,8.974281
1760985568428,-1.049851,3.62393,8.955139
1760985568431,-1.0642079,3.6382868,8.96471
1760985568433,-1.0396814,3.6670008,8.944969
1760985568435,-1.0205388,3.675974,8.940184
1760985568438,-1.0013963,3.699902,8.95454
1760985568440,-0.99661064,3.714259,8.95454
1760985568442,-0.9816555,3.7238302,8.949755
1760985568444,-1.0007981,3.7477584,8.949755
1760985568447,-0.98644114,3.7573297,8.9210415
1760985568449,-1.0007981,3.766901,8.887542
1760985568451,-1.0247263,3.7525442,8.887542
1760985568454,-1.0289137,3.7866418,8.887542
1760985568456,-1.0480564,3.8009987,8.863613
1760985568458,-1.0576276,3.7866418,8.873184
1760985568460,-1.052842,3.8057845,8.873184
1760985568463,-1.061815,3.8201413,8.868399
1760985568465,-1.061815,3.8344984,8.892327
1760985568467,-1.0570294,3.8297126,8.9348
1760985568469,-1.0474582,3.8344984,8.944371
1760985568472,-1.0612168,3.8638103,8.953942
1760985568474,-1.0564312,3.8590248,8.977871
1760985568476,-1.0564312,3.868596,9.001799
1760985568479,-1.0851451,3.8494534,9.001799
1760985568480,-1.1090733,3.8644085,9.006584
1760985568483,-1.1377872,3.859623,8.997013
1760985568485,-1.1611172,3.8506498,9.025727
1760985568488,-1.1712867,3.836293,9.030513
1760985568490,-1.2095718,3.822534,9.035298
1760985568492,-1.2143575,3.8177485,9.031111
1760985568494,-1.2287145,3.8177485,9.050254
1760985568497,-1.2143575,3.822534,9.0544405
1760985568499,-1.1856437,3.8081772,9.078369
1760985568501,-1.1712867,3.7980077,9.097511
1760985568503,-1.1521441,3.8123646,9.111869
1760985568505,-1.1234303,3.821936,9.150154
1760985568508,-1.1042876,3.8410785,9.145369
1760985568510,-1.0809577,3.8069808,9.131011
1760985568512,-1.076172,3.7974095,9.145369
1760985568515,-1.0666007,3.7878382,9.131011
1760985568517,-1.0863415,3.7591243,9.111869
1760985568519,-1.0863415,3.7447674,9.111869
1760985568521,-1.0863415,3.735196,9.092726
1760985568524,-1.0677971,3.7106698,9.088538
1760985568526,-1.0677971,3.7154553,9.097511
1760985568528,-1.0677971,3.7154553,9.111869
1760985568531,-1.0342976,3.7005002,9.107083
1760985568533,-1.0055838,3.7052858,9.140582
1760985568535,-1.0007981,3.7196429,9.164511
1760985568538,-0.96729857,3.7100716,9.188439
1760985568540,-0.94337034,3.728616,9.245269
1760985568542,-0.9385847,3.7238302,9.25484
1760985568544,-0.94337034,3.7052858,9.293125
1760985568548,-0.9385847,3.7052858,9.302696
1760985568549,-0.9625129,3.7005002,9.307482
1760985568551,-0.9816555,3.6957145,9.298509
1760985568553,-1.0103694,3.667599,9.298509
1760985568555,-1.0390832,3.6628132,9.288938
1760985568558,-1.0731809,3.6346977,9.288938
1760985568560,-1.0875379,3.6107693,9.279964
1760985568564,-1.0875379,3.6059837,9.303294
1760985568566,-1.0875379,3.6011982,9.299107
1760985568567,-1.0779666,3.6059837,9.30808
1760985568569,-1.0636097,3.615555,9.336794
1760985568572,-1.0247263,3.6484563,9.3511505
1760985568574,-0.9912268,3.6628132,9.374481
1760985568576,-0.9912268,3.6580276,9.379865
1760985568578,-0.9870393,3.6532419,9.360723
1760985568581,-0.99661064,3.6532419,9.322437
1760985568583,-1.006182,3.6532419,9.30808
1760985568585,-1.0301101,3.6532419,9.284152
1760985568587,-1.0683953,3.615555,9.241679
1760985568590,-1.0827522,3.615555,9.208179
1760985568592,-1.1018949,3.6203406,9.169894
1760985568594,-1.0881361,3.5910287,9.136395
1760985568596,-1.0881361,3.5910287,9.117252
1760985568599,-1.0642079,3.6005998,9.122038
1760985568601,-1.0211371,3.6143587,9.122038
1760985568604,-0.9732806,3.618546,9.136395
1760985568606,-0.92542416,3.6227336,9.141181
1760985568608,-0.8919246,3.6658044,9.140582
1760985568610,-0.8673982,3.6843486,9.15494
1760985568612,-0.84347,3.69392,9.164511
1760985568615,-0.83389866,3.708277,9.15494
1760985568616,-0.82911307,3.69392,9.12144
1760985568619,-0.8578269,3.7226338,9.107083
1760985568621,-0.8865408,3.6993039,9.092726
1760985568623,-0.91525465,3.6993039,9.059227
1760985568625,-0.9391829,3.6801612,9.040682
1760985568628,-0.9726824,3.671188,9.011969
1760985568630,-0.96849495,3.6616168,9.007183
1760985568632,-0.9732806,3.6664026,8.9928255
1760985568635,-0.95353985,3.6801612,9.016754
1760985568637,-0.92482597,3.6801612,9.045467
1760985568639,-0.8817552,3.6843486,9.092726
1760985568642,-0.84406817,3.6747773,9.107083
1760985568644,-0.83389866,3.69392,9.131011
1760985568646,-0.8392825,3.679563,9.145369
1760985568648,-0.8530413,3.679563,9.178867
1760985568651,-0.8392825,3.6604204,9.183653
1760985568653,-0.887139,3.656233,9.188439
1760985568655,-0.93978107,3.6089747,9.183653
1760985568657,-0.96430755,3.5850465,9.198608
1760985568660,-1.012164,3.5473595,9.193823
1760985568662,-1.0504491,3.5383866,9.203394
1760985568664,-1.0654043,3.5001013,9.194421
1760985568666,-1.0893325,3.4809587,9.208778
1760985568669,-1.0749756,3.4666018,9.223135
1760985568671,-1.0516455,3.4426737,9.247063
1760985568673,-1.0372887,3.4372897,9.270991
1760985568676,-0.98943216,3.4516466,9.303893
1760985568678,-0.9415757,3.4366915,9.323035
1760985568680,-0.90807617,3.455236,9.342177
1760985568682,-0.89371926,3.4695928,9.356535
1760985568684,-0.8745767,3.4648073,9.351749
1760985568687,-0.85124665,3.4594233,9.323035
1760985568689,-0.8703892,3.4450665,9.299107
1760985568692,-0.8751749,3.4354951,9.270393
1760985568694,-0.8991031,3.4211383,9.222537
1760985568696,-0.93320084,3.3882368,9.175279
1760985568699,-0.9236295,3.382853,9.113065
1760985568700,-0.91884387,3.3876386,9.093923
1760985568703,-0.9236295,3.4019957,9.069994
1760985568705,-0.8853444,3.4157543,9.0747795
1760985568707,-0.83748794,3.4492538,9.060423
1760985568710,-0.78424764,3.4773695,9.050254
1760985568712,-0.7363912,3.495914,9.0646105
1760985568714,-0.6837491,3.519244,9.069396
1760985568716,-0.67417777,3.5144582,9.078967
1760985568719,-0.6358926,3.5617166,9.049655
1760985568721,-0.631107,3.5617166,9.044869
1760985568723,-0.64008003,3.5856447,9.030513
1760985568725,-0.6448657,3.6047873,9.016156
1760985568727,-0.6879365,3.586243,8.983254
1760985568730,-0.67836523,3.595216,8.973683
1760985568732,-0.67776704,3.6197424,8.968299
1760985568734,-0.6729814,3.6287155,8.973084
1760985568737,-0.6729814,3.6191442,8.963513
1760985568739,-0.64905316,3.6526437,8.958728
1760985568741,-0.61016977,3.6813576,8.997013
1760985568743,-0.5623133,3.7046876,9.005986
1760985568746,-0.54317075,3.7046876,9.0347
1760985568748,-0.51445687,3.6993039,9.005986
1760985568751,-0.50009996,3.7040894,9.020343
1760985568753,-0.5096712,3.7280176,9.001201
1760985568755,-0.5096712,3.7136607,8.9724865
1760985568757,-0.51505506,3.6993039,8.948559
1760985568760,-0.55334026,3.694518,8.925228
1760985568762,-0.55812585,3.6658044,8.915657
1760985568764,-0.5778667,3.6370904,8.872586
1760985568766,-0.587438,3.641876,8.867801
1760985568769,-0.60658056,3.618546,8.87797
1760985568771,-0.59760743,3.5940197,8.873184
1760985568773,-0.5832505,3.5844483,8.887542
1760985568775,-0.5593223,3.5988052,8.9108715
1760985568778,-0.57846487,3.5940197,8.9210415
1760985568780,-0.52582276,3.5694933,8.949157
1760985568782,-0.5353941,3.5844483,8.973084
1760985568784,-0.55453664,3.5700915,8.997013
1760985568787,-0.549751,3.5605202,9.01137
1760985568789,-0.59282184,3.53719,9.007183
1760985568792,-0.6263213,3.527619,9.002397
1760985568793,-0.65982085,3.5186458,9.011969
1760985568796,-0.7178468,3.4953158,9.007183
1760985568798,-0.74117684,3.495914,9.026325
1760985568800,-0.76989067,3.4863427,9.016754
1760985568802,-0.75613195,3.4767714,9.007781
1760985568805,-0.7322037,3.49053,9.031111
1760985568807,-0.7076773,3.5144582,9.050254
1760985568809,-0.6406783,3.5330026,9.059825
1760985568812,-0.5880362,3.5563326,9.083155
1760985568814,-0.5688936,3.5611184,9.078369
1760985568816,-0.5491528,3.6089747,9.073584
1760985568819,-0.5246264,3.6466618,9.058628
1760985568821,-0.52941203,3.6753755,9.039486
1760985568823,-0.5341976,3.6897326,9.005986
1760985568825,-0.54376894,3.6897326,8.977871
1760985568828,-0.5766702,3.7190447,8.939586
1760985568830,-0.61016977,3.7238302,8.872586
1760985568832,-0.62871414,3.7525442,8.853444
1760985568834,-0.65324056,3.7292142,8.829515
1760985568837,-0.6765706,3.757928,8.800801
1760985568839,-0.6903293,3.7818563,8.781659
1760985568841,-0.6759724,3.7914274,8.748159
1760985568844,-0.68075806,3.8057845,8.772088
1760985568846,-0.6664011,3.8297126,8.776874
1760985568849,-0.6562316,3.8440695,8.819346
1760985568851,-0.6466603,3.867998,8.833703
1760985568853,-0.61794645,3.8488553,8.852845
1760985568855,-0.637089,3.863212,8.862417
1760985568857,-0.651446,3.8536408,8.881559
1760985568860,-0.66101724,3.8446677,8.895916
1760985568862,-0.7088737,3.8207395,8.886345
1760985568864,-0.7328019,3.8165522,8.877372
1760985568866,-0.79501534,3.7884364,8.882157
1760985568869,-0.80997044,3.7740796,8.886943
1760985568871,-0.85244304,3.7746778,8.882157
1760985568874,-0.87158567,3.7657046,8.896515
1760985568876,-0.8811569,3.7561333,8.920443
1760985568878,-0.8673982,3.7417765,8.9348
1760985568880,-0.8578269,3.7411783,8.958728
1760985568883,-0.84765744,3.7651064,8.9826565
1760985568884,-0.82911307,3.7507496,8.973084
1760985568887,-0.83389866,3.7411783,8.992228
1760985568889,-0.8673982,3.7322052,9.01137
1760985568891,-0.8386843,3.731607,8.997013
1760985568893,-0.8961121,3.6987057,8.964112
1760985568896,-0.9056834,3.708277,8.949755
1760985568898,-0.95413804,3.6753755,8.906684
1760985568900,-1.0019945,3.6568313,8.868998
1760985568903,-1.049851,3.6281173,8.840283
1760985568905,-1.0785648,3.62393,8.849854
1760985568908,-1.0833504,3.62393,8.811569
1760985568910,-1.0881361,3.62393,8.811569
1760985568913,-1.0839486,3.595216,8.85464
1760985568914,-1.0743774,3.6143587,8.845069
1760985568916,-1.0546366,3.6335013,8.873783
1760985568919,-1.0594223,3.6526437,8.873783
1760985568920,-1.0307083,3.6520455,8.902496
1760985568923,-1.0450653,3.6574295,8.912068
1760985568925,-1.0307083,3.6520455,8.907282
1760985568927,-1.0492527,3.6717863,8.907282
1760985568930,-1.0731809,3.6574295,8.892925
1760985568933,-1.0833504,3.6382868,8.859426
1760985568935,-1.102493,3.6335013,8.849854
1760985568937,-1.11685,3.6293137,8.845069
1760985568939,-1.1216356,3.6197424,8.825927
1760985568941,-1.1120644,3.609573,8.830712
1760985568944,-1.079163,3.6000016,8.825927
1760985568946,-1.0594223,3.6281173,8.835498
1760985568948,-1.0067801,3.64726,8.85464
1760985568950,-0.9828519,3.6466618,8.85464
1760985568952,-0.9637093,3.656233,8.859426
1760985568955,-0.9206385,3.6843486,8.863613
1760985568957,-0.88235337,3.6981075,8.858828
1760985568960,-0.8967103,3.69392,8.844471
1760985568962,-0.88235337,3.7076788,8.839685
1760985568964,-0.88235337,3.6837504,8.810971
1760985568966,-0.90149593,3.6933217,8.806186
1760985568969,-0.8919246,3.7124643,8.787043
1760985568971,-0.91106725,3.6789649,8.773284
1760985568973,-0.90149593,3.6933217,8.763115
1760985568975,-0.8967103,3.6981075,8.772686
1760985568977,-0.8919246,3.7076788,8.777472
1760985568980,-0.87278205,3.7124643,8.806186
1760985568982,-0.84406817,3.7118661,8.815757
1760985568984,-0.7962117,3.7310088,8.839685
1760985568986,-0.7956135,3.754937,8.867801
1760985568989,-0.738784,3.7447674,8.896515
1760985568991,-0.7190432,3.7686956,8.930014
1760985568993,-0.6999006,3.76391,8.963513
1760985568995,-0.6945168,3.802195,8.967701
1760985568998,-0.7190432,3.7734814,8.996415
1760985569000,-0.7286145,3.778267,9.001201
1760985569002,-0.7710871,3.778865,9.001799
1760985569005,-0.7902297,3.7794633,9.01137
1760985569007,-0.8333005,3.769892,9.020942
1760985569009,-0.84765744,3.7657046,9.016156
1760985569011,-0.8668,3.760919,9.01137
1760985569014,-0.8668,3.775276,9.020942
1760985569016,-0.85244304,3.7561333,9.064013
1760985569018,-0.8428718,3.7657046,9.073584
1760985569020,-0.83748794,3.799204,9.096913
1760985569023,-0.8279166,3.8231323,9.116056
1760985569025,-0.80877405,3.827918,9.120842
1760985569027,-0.79920274,3.8321054,9.120842
1760985569029,-0.8321041,3.8470607,9.101699
1760985569031,-0.85184485,3.827918,9.072986
1760985569034,-0.8853444,3.8141594,9.049057
1760985569036,-0.91884387,3.8093736,9.006584
1760985569039,-0.94755775,3.8051863,8.9826565
1760985569041,-0.9523434,3.795615,8.977871
1760985569043,-0.9619147,3.7860436,8.958728
1760985569045,-0.9385847,3.7758741,8.949157
1760985569048,-0.9379865,3.7854455,8.953942
1760985569050,-0.9092726,3.7998023,8.9348
1760985569052,-0.8853444,3.8135612,8.953942
1760985569055,-0.8279166,3.822534,8.963513
1760985569057,-0.81834537,3.8368912,8.939586
1760985569059,-0.79441714,3.8464625,8.967701
1760985569061,-0.81834537,3.8321054,8.939586
1760985569063,-0.81834537,3.8177485,8.930014
1760985569066,-0.8327023,3.8177485,8.920443
1760985569068,-0.8709874,3.8087754,8.891729
1760985569070,-0.89072824,3.775276,8.896515
1760985569072,-0.9290134,3.7663028,8.882756
1760985569075,-0.933799,3.7567315,8.87797
1760985569077,-0.94337034,3.751946,8.863613
1760985569079,-0.948156,3.7567315,8.87797
1760985569082,-0.94337034,3.751946,8.892327
1760985569085,-0.94337034,3.7615173,8.911469
1760985569086,-0.90029955,3.7561333,8.9348
1760985569088,-0.89072824,3.7657046,8.968299
1760985569091,-0.86201435,3.760919,8.9826565
1760985569093,-0.8428718,3.775276,9.001799
1760985569095,-0.8572287,3.7704902,9.016156
1760985569097,-0.87637126,3.775276,9.020942
1760985569099,-0.89491564,3.7806597,9.025727
1760985569102,-0.9098708,3.7663028,9.040084
1760985569105,-0.94337034,3.7573297,9.025727
1760985569107,-0.9762716,3.7621155,9.025727
1760985569109,-0.9720842,3.7477584,9.049655
1760985569111,-0.9954142,3.757928,9.059227
1760985569113,-1.0193424,3.7627137,9.049655
1760985569116,-1.0097711,3.772285,9.064013
1760985569118,-1.0001999,3.7770705,9.083155
1760985569120,-0.971486,3.7764723,9.083155
1760985569123,-0.9619147,3.7716868,9.111869
1760985569124,-0.9613165,3.8009987,9.149555
1760985569127,-0.91346,3.8051863,9.163913
1760985569129,-0.8991031,3.8093736,9.149555
1760985569132,-0.89013004,3.7998023,9.149555
1760985569134,-0.8997013,3.7998023,9.154342
1760985569136,-0.8805587,3.790231,9.139984
1760985569138,-0.8662018,3.7758741,9.139984
1760985569141,-0.87637126,3.7663028,9.102298
1760985569142,-0.8572287,3.7417765,9.097511
1760985569145,-0.8285148,3.746562,9.106484
1760985569147,-0.8380861,3.760919,9.083155
1760985569149,-0.8141579,3.7507496,9.096913
1760985569152,-0.785444,3.7555351,9.096913
1760985569154,-0.76630145,3.7651064,9.120842
1760985569156,-0.7471589,3.7836509,9.120842
1760985569159,-0.7423732,3.8027935,9.1256275
1760985569161,-0.7328019,3.7980077,9.14477
1760985569163,-0.74177504,3.8171504,9.120842
1760985569166,-0.76570326,3.822534,9.096913
1760985569167,-0.80877405,3.7938204,9.092128
1760985569170,-0.85244304,3.7848473,9.068199
1760985569172,-0.8859426,3.7758741,9.040084
1760985569175,-0.9194421,3.7758741,9.006584
1760985569176,-0.94337034,3.7567315,9.006584
1760985569179,-0.9523434,3.7860436,8.997013
1760985569181,-0.9385847,3.7663028,8.997013
1760985569183,-0.94277215,3.790231,8.997013
1760985569186,-0.9236295,3.790231,9.035298
1760985569188,-0.89491564,3.790231,9.040084
1760985569191,-0.8662018,3.8231323,9.025128
1760985569193,-0.81834537,3.8321054,9.029915
1760985569195,-0.81834537,3.8321054,9.039486
1760985569197,-0.79920274,3.8321054,9.044271
1760985569200,-0.8039884,3.8416767,9.0347
1760985569202,-0.8039884,3.8177485,9.010772
1760985569204,-0.82313097,3.822534,9.020343
1760985569206,-0.86141616,3.799204,8.997013
1760985569209,-0.8805587,3.7944186,8.977871
1760985569211,-0.91465646,3.7758741,8.997013
1760985569213,-0.933799,3.7471602,8.9826565
1760985569215,-0.9385847,3.7423747,8.968299
1760985569217,-0.9529416,3.7280176,8.983254
1760985569220,-0.95772725,3.7334015,8.997013
1760985569222,-0.95353985,3.7088752,9.011969
1760985569224,-0.95772725,3.714259,9.040084
1760985569226,-0.9726824,3.6951163,9.050254
1760985569229,-0.9774681,3.6951163,9.078369
1760985569231,-0.9774681,3.685545,9.097511
1760985569233,-0.99601245,3.6957145,9.111869
1760985569236,-1.0205388,3.676572,9.102896
1760985569238,-1.0348958,3.6670008,9.088538
1760985569240,-1.0540384,3.638885,9.126823
1760985569242,-1.1018949,3.6346977,9.112467
1760985569244,-1.1216356,3.6059837,9.107681
1760985569247,-1.1407782,3.5820556,9.108279
1760985569249,-1.1407782,3.5820556,9.136395
1760985569251,-1.1120644,3.586841,9.145967
1760985569254,-1.11685,3.5820556,9.145967
1760985569256,-1.0977074,3.586841,9.160323
1760985569258,-1.0785648,3.5958142,9.169894
1760985569260,-1.0689936,3.6005998,9.169894
1760985569263,-1.0402796,3.610171,9.17468
1760985569265,-1.0019945,3.6191442,9.193823
1760985569267,-1.0109676,3.6287155,9.202796
1760985569270,-0.9924232,3.6287155,9.202796
1760985569272,-1.0115658,3.609573,9.189037
1760985569274,-1.0115658,3.609573,9.169894
1760985569276,-1.0307083,3.609573,9.145967
1760985569279,-1.035494,3.6047873,9.122038
1760985569281,-1.0402796,3.609573,9.09811
1760985569283,-1.0211371,3.6143587,9.09811
1760985569286,-1.0259227,3.6143587,9.088538
1760985569288,-1.0019945,3.6335013,9.093325
1760985569290,-0.9870393,3.6520455,9.088538
1760985569292,-0.9726824,3.6616168,9.107681
1760985569295,-0.94396853,3.671188,9.102298
1760985569297,-0.9200403,3.694518,9.107083
1760985569299,-0.90089774,3.7040894,9.145369
1760985569301,-0.89072824,3.723232,9.12144
1760985569304,-0.9194421,3.7477584,9.150154
1760985569306,-0.94277215,3.7525442,9.145369
1760985569308,-1.0193424,3.743571,9.12144
1760985569311,-1.090529,3.7686956,9.097511
1760985569313,-1.1240284,3.778267,9.078369
1760985569315,-1.1910275,3.7746778,9.074182
1760985569318,-1.2382857,3.7896328,9.069396
1760985569320,-1.3238292,3.804588,9.074182
1760985569322,-1.3573287,3.8195431,9.069396
1760985569324,-1.3280165,3.8578284,9.064013
1760985569326,-1.2849457,3.8907297,9.083155
1760985569329,-1.2323036,3.894917,9.145369
1760985569331,-1.1700903,3.8895333,9.163913
1760985569333,-1.1371889,3.8697925,9.149555
1760985569335,-1.0941181,3.8650067,9.159127
1760985569338,-1.1036894,3.8602211,9.168698
1760985569340,-1.0797613,3.8691943,9.130413
1760985569342,-1.07019,3.8691943,9.078369
1760985569344,-1.0612168,3.8638103,9.035298
1760985569347,-1.0660025,3.854239,9.016156
1760985569349,-1.061815,3.8350966,8.968299
1760985569351,-1.0522437,3.8398821,8.958728
1760985569353,-1.0426725,3.8297126,8.925228
1760985569356,-1.0570294,3.8303108,8.915657
1760985569358,-1.0283155,3.8488553,8.886943
1760985569360,-1.0420742,3.863212,8.85823
1760985569362,-1.0283155,3.867998,8.82473
1760985569365,-1.0468599,3.8727834,8.787043
1760985569367,-1.0570294,3.863212,8.772686
1760985569369,-1.0331012,3.876971,8.763115
1760985569372,-1.0378869,3.8673997,8.753544
1760985569375,-1.0331012,3.8530426,8.734401
1760985569376,-1.038485,3.8339,8.72483
1760985569379,-1.0241281,3.8339,8.72483
1760985569381,-1.0432707,3.8291144,8.710473
1760985569383,-1.0671989,3.8297126,8.715259
1760985569386,-1.0624132,3.8195431,8.700901
1760985569387,-1.0432707,3.8051863,8.69133
1760985569391,-1.0241281,3.8099718,8.676973
1760985569392,-1.0295119,3.795615,8.682357
1760985569395,-0.9912268,3.790231,8.700901
1760985569397,-0.96729857,3.790231,8.753544
1760985569399,-0.93320084,3.8231323,8.7679
1760985569401,-0.9379865,3.8333018,8.800801
1760985569404,-0.9284152,3.8327036,8.819944
1760985569406,-0.9284152,3.8470607,8.815159
1760985569408,-0.9236295,3.842275,8.829515
1760985569411,-0.971486,3.804588,8.820542
1760985569413,-0.9912268,3.7854455,8.796615
1760985569415,-1.0295119,3.766901,8.787043
1760985569417,-1.0438689,3.7477584,8.763713
1760985569419,-1.0917253,3.7339997,8.744571
1760985569422,-1.1204392,3.7387853,8.720642
1760985569424,-1.1114662,3.7052858,8.725428
1760985569426,-1.1018949,3.7005002,8.706285
1760985569429,-1.0636097,3.7046876,8.711071
1760985569431,-1.0205388,3.7328033,8.725428
1760985569433,-0.9870393,3.7328033,8.734999
1760985569435,-0.93978107,3.708277,8.734999
1760985569437,-0.91525465,3.7363925,8.72483
1760985569440,-0.90089774,3.731607,8.729615
1760985569443,-0.90149593,3.7076788,8.7015
1760985569444,-0.8919246,3.6933217,8.687142
1760985569447,-0.9068798,3.6837504,8.668
1760985569449,-0.9212367,3.6550367,8.620144
1760985569451,-0.93559366,3.6550367,8.615358
1760985569454,-0.9451649,3.6550367,8.606385
1760985569455,-0.9738788,3.6652062,8.639286
1760985569458,-0.97866446,3.6747773,8.639286
1760985569460,-1.0019945,3.6801612,8.663215
1760985569463,-0.9828519,3.6987057,8.696713
1760985569465,-0.9774681,3.7178483,8.720642
1760985569467,-0.96789676,3.7369907,8.730213
1760985569469,-0.9816555,3.7710886,8.777472
1760985569471,-0.98644114,3.7615173,8.763115
1760985569474,-0.9906286,3.7950168,8.791828
1760985569476,-1.038485,3.7908292,8.782257
1760985569479,-1.052842,3.795615,8.772686
1760985569481,-1.0959128,3.7962132,8.772686
1760985569483,-1.1335998,3.8063827,8.753544
1760985569485,-1.1670992,3.802195,8.734999
1760985569487,-1.2011969,3.7878382,8.725428
1760985569490,-1.1910275,3.8069808,8.7015
1760985569492,-1.2005987,3.8117664,8.682357
1760985569494,-1.1766706,3.830909,8.682357
1760985569496,-1.1431711,3.8398821,8.7015
1760985569499,-1.090529,3.8440695,8.720044
1760985569501,-1.0713863,3.8536408,8.72483
1760985569503,-1.0331012,3.8578284,8.763115
1760985569505,-1.0091729,3.862614,8.739186
1760985569509,-0.98524475,3.8668015,8.734401
1760985569511,-1.0139586,3.876971,8.72483
1760985569512,-1.0091729,3.8572302,8.6961155
1760985569515,-0.9954142,3.8333018,8.653045
1760985569517,-1.0432707,3.8386858,8.643474
1760985569519,-1.0576276,3.824329,8.620144
1760985569522,-1.038485,3.8380876,8.581859
1760985569524,-1.0145568,3.8572302,8.600403
1760985569526,-0.9708878,3.8709888,8.619545
1760985569529,-0.9284152,3.8470607,8.648259
1760985569531,-0.87637126,3.8368912,8.667402
1760985569533,-0.86201435,3.8368912,8.686544
1760985569536,-0.85244304,3.8267217,8.705687
1760985569538,-0.86141616,3.8416767,8.700901
1760985569540,-0.8811569,3.822534,8.6961155
1760985569543,-0.8997013,3.8368912,8.720044
1760985569545,-0.8955139,3.8081772,8.710473
1760985569547,-0.8955139,3.798606,8.729615
1760985569549,-0.8961121,3.7746778,8.729615
1760985569551,-0.91525465,3.7561333,8.772686
1760985569553,-0.92482597,3.7513478,8.772686
1760985569555,-0.933799,3.775276,8.763115
1760985569558,-0.9194421,3.7704902,8.796615
1760985569560,-0.90508515,3.7848473,8.834899
1760985569563,-0.90029955,3.775276,8.882157
1760985569564,-0.86261255,3.760321,8.896515
1760985569567,-0.86201435,3.760919,8.963513
1760985569569,-0.8428718,3.7800615,8.997013
1760985569571,-0.8572287,3.7800615,9.025727
1760985569574,-0.8380861,3.7800615,9.016156
1760985569576,-0.85244304,3.7800615,9.049655
1760985569578,-0.86201435,3.775276,9.049655
1760985569580,-0.8566305,3.7944186,9.058628
1760985569583,-0.89072824,3.7663028,9.073584
1760985569585,-0.9242278,3.751946,9.040084
1760985569587,-0.9242278,3.7663028,9.040084
1760985569589,-0.8955139,3.7663028,9.016156
1760985569591,-0.84347,3.731607,9.01137
1760985569594,-0.8285148,3.760321,8.992228
1760985569597,-0.7956135,3.7501514,8.997013
1760985569599,-0.73818576,3.778267,8.99163
1760985569601,-0.7190432,3.7734814,8.977272
1760985569603,-0.71365935,3.792624,8.967701
1760985569605,-0.718445,3.792624,8.982058
1760985569608,-0.6999006,3.778267,8.982058
1760985569610,-0.7286145,3.7878382,8.95813
1760985569612,-0.7716853,3.7692938,8.925228
1760985569614,-0.8003992,3.7692938,8.930014
1760985569617,-0.81954175,3.731607,8.920443
1760985569619,-0.8153543,3.7214375,8.930014
1760985569622,-0.7962117,3.7070804,8.953942
1760985569624,-0.8009974,3.7118661,8.963513
1760985569626,-0.76271224,3.6975093,8.9826565
1760985569628,-0.74835527,3.6975093,9.030513
1760985569631,-0.7196414,3.7064822,9.073584
1760985569633,-0.72442704,3.7016966,9.106484
1760985569635,-0.7429714,3.726223,9.154342
1760985569637,-0.7429714,3.7310088,9.183055
1760985569639,-0.76630145,3.7459638,9.230911
1760985569641,-0.79501534,3.7561333,9.230911
1760985569644,-0.8380861,3.7567315,9.2691965
1760985569646,-0.8757731,3.7471602,9.273982
1760985569650,-0.9098708,3.728616,9.250054
1760985569650,-0.933799,3.7190447,9.264411
1760985569653,-0.9720842,3.7100716,9.278768
1760985569655,-0.9816555,3.7052858,9.2793665
1760985569657,-0.9912268,3.6861434,9.269794
1760985569660,-0.9912268,3.6813576,9.2793665
1760985569662,-0.98644114,3.6861434,9.260223
1760985569664,-0.9625129,3.7005002,9.274581
1760985569666,-0.91465646,3.714259,9.293125
1760985569669,-0.8811569,3.7238302,9.307482
1760985569671,-0.8572287,3.7184465,9.307482
1760985569673,-0.8428718,3.7328033,9.321838
1760985569676,-0.8380861,3.7328033,9.317053
1760985569678,-0.8428718,3.7280176,9.312267
1760985569680,-0.86201435,3.7136607,9.297911
1760985569683,-0.8859426,3.6993039,9.297911
1760985569685,-0.9194421,3.7046876,9.273982
1760985569687,-0.9529416,3.7100716,9.255438
1760985569689,-0.9720842,3.7052858,9.245867
1760985569692,-0.9768698,3.6861434,9.226724
1760985569694,-0.9822537,3.6717863,9.23151
1760985569696,-0.99661064,3.6670008,9.245867
1760985569698,-0.9720842,3.690929,9.241081
1760985569701,-0.9619147,3.7244284,9.2691965
1760985569704,-0.9236295,3.738187,9.28834
1760985569705,-0.8997013,3.7477584,9.307482
1760985569708,-0.8805587,3.7860436,9.317053
1760985569710,-0.89431745,3.8099718,9.311669
1760985569713,-0.92303133,3.8153558,9.28834
1760985569714,-0.97507524,3.824927,9.25484
1760985569716,-1.018146,3.8398821,9.226126
1760985569718,-1.0947163,3.8261235,9.178867
1760985569721,-1.1371889,3.8506498,9.135797
1760985569723,-1.1515459,3.8506498,9.097511
1760985569725,-1.1754742,3.8703907,9.059227
1760985569727,-1.1712867,3.8506498,8.977871
1760985569730,-1.1712867,3.8315072,8.959326
1760985569732,-1.1521441,3.8458643,8.940184
1760985569735,-1.1186446,3.8548372,8.953942
1760985569736,-1.0953146,3.8207395,8.944371
1760985569739,-1.090529,3.8303108,8.9348
1760985569741,-1.0713863,3.8350966,8.9348
1760985569744,-1.0331012,3.81057,8.930014
1760985569746,-1.0043873,3.8153558,8.944371
1760985569748,-1.0097711,3.7962132,8.939586
1760985569750,-1.0145568,3.7770705,8.940184
1760985569752,-1.0342976,3.7244284,8.944969
1760985569755,-1.0779666,3.6915271,8.944969
1760985569757,-1.0923235,3.6580276,8.945567
1760985569759,-1.1120644,3.6197424,8.935996
1760985569762,-1.1503495,3.586841,8.955139
1760985569764,-1.1700903,3.5437703,8.950952
1760985569766,-1.1802598,3.5150564,8.965308
1760985569768,-1.1611172,3.495914,9.0131645
1760985569771,-1.1467602,3.4767714,9.037093
1760985569773,-1.1234303,3.4426737,9.065806
1760985569775,-1.1186446,3.4474592,9.080164
1760985569778,-1.1001002,3.409174,9.108877
1760985569780,-1.1144571,3.4187453,9.104092
1760985569782,-1.0953146,3.4043884,9.099306
1760985569784,-1.105484,3.3613176,9.080164
1760985569786,-1.119841,3.3373895,9.05145
1760985569789,-1.096511,3.3224342,9.041879
1760985569791,-1.0917253,3.3032916,9.0233345
1760985569793,-1.0588241,3.2883365,9.004191
1760985569796,-1.0205388,3.3020952,8.975478
1760985569798,-0.9726824,3.315854,8.984451
1760985569800,-0.9056834,3.324827,8.974879
1760985569802,-0.8578269,3.3672996,8.989237
1760985569805,-0.7812566,3.3762727,8.993423
1760985569807,-0.7328019,3.409174,8.988638
1760985569809,-0.6897311,3.4325042,8.96471
1760985569811,-0.6562316,3.4420755,8.988638
1760985569814,-0.651446,3.4564323,8.964112
1760985569816,-0.61794645,3.470191,8.9210415
1760985569819,-0.6269195,3.5036905,8.911469
1760985569820,-0.6412765,3.498905,8.892327
1760985569823,-0.63170516,3.5324044,8.87797
1760985569825,-0.6406783,3.551547,8.868399
1760985569827,-0.6358926,3.5706897,8.8492565
1760985569830,-0.6161518,3.6041892,8.839685
1760985569832,-0.6161518,3.6424742,8.844471
1760985569834,-0.5916254,3.656233,8.848659
1760985569836,-0.55812585,3.67059,8.85823
1760985569839,-0.552742,3.7088752,8.867801
1760985569841,-0.567099,3.7088752,8.891729
1760985569844,-0.61016977,3.7334015,8.9013
1760985569845,-0.69571316,3.7441692,8.906086
1760985569848,-0.8141579,3.7884364,8.886943
1760985569850,-0.7710871,3.821936,8.863015
1760985569852,-0.718445,3.8404803,8.843872
1760985569855,-0.65682983,3.8057845,8.796016
1760985569857,-0.5617151,3.7663028,8.796016
1760985569859,-0.49052864,3.746562,8.819944
1760985569861,-0.46241298,3.731607,8.84806
1760985569864,-0.41934216,3.7118661,8.867203
1760985569866,-0.4103691,3.6927235,8.886345
1760985569868,-0.40079778,3.6687953,8.919845
1760985569871,-0.41515473,3.6640096,8.919845
1760985569873,-0.42053857,3.6263227,8.968299
1760985569875,-0.4636094,3.6077783,8.997013
1760985569877,-0.587438,3.580261,9.016156
1760985569880,-0.70169526,3.5958142,9.0544405
1760985569882,-0.7112665,3.6059837,9.078369
1760985569884,-0.67836523,3.5814574,9.12144
1760985569886,-0.60717875,3.5234313,9.111869
1760985569889,-0.5509474,3.4408789,9.145967
1760985569891,-0.4941179,3.4019957,9.212367
1760985569893,-0.45104706,3.39721,9.288938
1760985569895,-0.465404,3.3780673,9.312865
1760985569898,-0.4755735,3.3445678,9.322437
1760985569900,-0.49950173,3.3212378,9.346365
1760985569902,-0.54735816,3.3074791,9.375079
1760985569905,-0.69571316,3.2853456,9.399606
1760985569907,-0.8003992,3.3056846,9.385248
1760985569909,-0.799801,3.3439696,9.375677
1760985569911,-0.71425754,3.3427732,9.390035
1760985569914,-0.62871414,3.3038898,9.380463
1760985569916,-0.5288138,3.2739797,9.404391
1760985569918,-0.43788654,3.2679975,9.466006
1760985569920,-0.3906283,3.2673993,9.499506
1760985569923,-0.3906283,3.2721848,9.470792
1760985569926,-0.45224348,3.263212,9.475577
1760985569927,-0.60059845,3.2554352,9.437891
1760985569930,-0.7531409,3.266801,9.385248
1760985569932,-0.7286145,3.3044882,9.332606
1760985569935,-0.70947194,3.3140593,9.31825
1760985569937,-0.62452674,3.2650065,9.256635
1760985569939,-0.54436713,3.2207394,9.256635
1760985569941,-0.44865423,3.2105699,9.332606
1760985569943,-0.40079778,3.229114,9.399008
1760985569945,-0.3714857,3.2434711,9.427721
1760985569948,-0.3906283,3.2434711,9.446864
1760985569950,-0.5198407,3.2356944,9.466604
1760985569952,-0.62871414,3.275176,9.404391
1760985569955,-0.62871414,3.313461,9.385248
1760985569957,-0.60000026,3.3032916,9.3613205
1760985569959,-0.5479564,3.2596226,9.332606
1760985569961,-0.50129634,3.2153554,9.323035
1760985569964,-0.47258246,3.1866415,9.39482
1760985569966,-0.43489552,3.1722846,9.442677
1760985569968,-0.44925246,3.167499,9.447462
1760985569971,-0.46839502,3.1579278,9.452248
1760985569973,-0.4779663,3.1387851,9.466604
1760985569975,-0.47736812,3.1633115,9.461819
1760985569977,-0.49172506,3.158526,9.480962
1760985569979,-0.47258246,3.1920254,9.500104
1760985569982,-0.4869394,3.1728828,9.528818
1760985569984,-0.5389833,3.2069805,9.533604
1760985569986,-0.567099,3.21715,9.571291
1760985569988,-0.61016977,3.2416766,9.5665045
1760985569991,-0.61016977,3.2321053,9.54796
1760985569993,-0.6149554,3.2273195,9.495318
1760985569995,-0.6149554,3.2219357,9.447462
1760985569998,-0.61076796,3.2123644,9.423533
1760985570000,-0.59641105,3.2219357,9.428319
1760985570002,-0.55334026,3.2309089,9.385248
1760985570004,-0.5479564,3.2500513,9.380463
1760985570007,-0.54317075,3.2739797,9.370892
1760985570009,-0.5096712,3.2925239,9.346964
1760985570011,-0.485743,3.3116665,9.341579
1760985570014,-0.46121657,3.3493536,9.317652
1760985570016,-0.41336012,3.3631122,9.327223
1760985570018,-0.4031906,3.4205399,9.321838
1760985570021,-0.38883367,3.4253256,9.293723
1760985570023,-0.38883367,3.4253256,9.2793665
1760985570025,-0.39840496,3.4492538,9.265009
1760985570027,-0.42652065,3.4540396,9.245867
1760985570029,-0.4743771,3.4546378,9.202796
1760985570032,-0.526421,3.4791641,9.169296
1760985570034,-0.5461618,3.4695928,9.12144
1760985570036,-0.5694918,3.484548,9.093325
1760985570039,-0.59342,3.4893336,9.093325
1760985570041,-0.6029913,3.5036905,9.088538
1760985570043,-0.5838487,3.5132618,9.083155
1760985570046,-0.56470615,3.522833,9.083155
1760985570048,-0.5455636,3.5318062,9.092726
1760985570050,-0.5306084,3.5605202,9.097511
1760985570052,-0.5306084,3.574877,9.08794
1760985570054,-0.5401797,3.5700915,9.0544405
1760985570056,-0.5688936,3.565904,9.0544405
1760985570059,-0.6119644,3.522833,9.050254
1760985570061,-0.6550352,3.5234313,9.026325
1760985570063,-0.66999036,3.5090744,9.016754
1760985570066,-0.72741807,3.49053,9.02154
1760985570069,-0.7369894,3.4713874,8.983852
1760985570070,-0.76570326,3.4624143,8.983852
1760985570072,-0.74177504,3.4570305,9.0029955
1760985570075,-0.72263247,3.4713874,9.016754
1760985570077,-0.70348984,3.4522448,9.026325
1760985570079,-0.6795616,3.4570305,9.069396
1760985570081,-0.6556334,3.4612179,9.069396
1760985570084,-0.6364908,3.4660037,9.074182
1760985570086,-0.6221339,3.4707892,9.078967
1760985570088,-0.6125626,3.4749768,9.088538
1760985570091,-0.63170516,3.475575,9.055039
1760985570093,-0.6418747,3.4612179,9.035896
1760985570095,-0.68494546,3.4372897,9.026325
1760985570097,-0.71365935,3.4283166,8.99821
1760985570100,-0.7615158,3.4097722,8.983852
1760985570102,-0.76630145,3.4097722,8.959925
1760985570104,-0.77647096,3.385844,8.940782
1760985570107,-0.799801,3.4049866,8.935996
1760985570109,-0.785444,3.3954153,8.955139
1760985570111,-0.75673014,3.4187453,8.955139
1760985570113,-0.7088737,3.4187453,8.979067
1760985570116,-0.68494546,3.4277184,8.974281
1760985570118,-0.6418747,3.4510484,8.997611
1760985570120,-0.6131608,3.4462628,8.997611
1760985570123,-0.57487565,3.455236,9.026325
1760985570125,-0.56530434,3.4695928,9.040682
1760985570127,-0.5844469,3.470191,9.040682
1760985570129,-0.58923256,3.4654055,9.045467
1760985570131,-0.60837513,3.4462628,9.026325
1760985570134,-0.6227321,3.4558342,9.011969
1760985570136,-0.63230336,3.4606197,9.026325
1760985570138,-0.637089,3.4564323,9.035896
1760985570140,-0.6412765,3.4707892,9.045467
1760985570143,-0.6269195,3.4707892,9.093325
1760985570145,-0.60777694,3.498905,9.093325
1760985570148,-0.6029913,3.5036905,9.111869
1760985570149,-0.5599205,3.5132618,9.140582
1760985570152,-0.5306084,3.5270207,9.15494
1760985570154,-0.50189453,3.5509489,9.140582
1760985570156,-0.48753762,3.5551362,9.140582
1760985570159,-0.45882374,3.5742788,9.154342
1760985570161,-0.44925246,3.5790644,9.163913
1760985570163,-0.45403808,3.559922,9.149555
1760985570166,-0.43489552,3.5688949,9.116056
1760985570168,-0.43968117,3.5736806,9.08794
1760985570170,-0.44925246,3.5694933,9.097511
1760985570173,-0.44985065,3.5497525,9.078369
1760985570174,-0.44027936,3.5497525,9.068798
1760985570177,-0.44027936,3.5401812,9.073584
1760985570179,-0.44027936,3.5353954,9.078369
1760985570181,-0.41575295,3.5688949,9.101699
1760985570184,-0.401396,3.6023946,9.101699
1760985570186,-0.3822534,3.583252,9.139984
1760985570188,-0.3822534,3.5880375,9.168698
1760985570190,-0.3822534,3.5880375,9.173484
1760985570193,-0.38703907,3.5976088,9.1974125
1760985570195,-0.41575295,3.5593238,9.216555
1760985570197,-0.4444668,3.5647075,9.216555
1760985570200,-0.47318068,3.5413775,9.230911
1760985570202,-0.52582276,3.5180476,9.245867
1760985570204,-0.57906306,3.4947174,9.236296
1760985570206,-0.5880362,3.5042887,9.226724
1760985570209,-0.6263213,3.4857445,9.255438
1760985570211,-0.6364908,3.4713874,9.269794
1760985570213,-0.6364908,3.437888,9.288938
1760985570216,-0.6364908,3.4570305,9.336794
1760985570217,-0.6269195,3.4522448,9.346365
1760985570219,-0.6125626,3.4426737,9.355937
1760985570222,-0.6125626,3.437888,9.370294
1760985570224,-0.6029913,3.437888,9.375079
1760985570226,-0.5940182,3.4229329,9.365508
1760985570229,-0.6131608,3.4187453,9.365508
1760985570231,-0.6227321,3.394817,9.355937
1760985570234,-0.6562316,3.399603,9.312865
1760985570236,-0.68494546,3.3762727,9.303893
1760985570238,-0.695115,3.3517463,9.270393
1760985570240,-0.7190432,3.35713,9.241679
1760985570242,-0.7190432,3.3667014,9.222537
1760985570244,-0.71425754,3.3523445,9.212965
1760985570247,-0.6999006,3.3469608,9.208179
1760985570249,-0.6664011,3.3463624,9.189037
1760985570251,-0.6472585,3.3511481,9.189037
1760985570254,-0.6233303,3.3702908,9.208179
1760985570256,-0.613759,3.3750763,9.198608
1760985570258,-0.58983076,3.3840494,9.179466
1760985570260,-0.58983076,3.388835,9.179466
1760985570263,-0.58983076,3.403192,9.169894
1760985570265,-0.6041877,3.388835,9.150752
1760985570267,-0.6334998,3.3601213,9.112467
1760985570270,-0.66161543,3.365505,9.103494
1760985570272,-0.695115,3.3613176,9.093923
1760985570274,-0.7196414,3.342175,9.060423
1760985570276,-0.7531409,3.3278182,9.031709
1760985570279,-0.7531409,3.3373895,9.017352
1760985570281,-0.762114,3.3427732,9.026923
1760985570283,-0.762114,3.3523445,9.041281
1760985570285,-0.71425754,3.3613176,9.050852
1760985570288,-0.6999006,3.3702908,9.046066
1760985570290,-0.6664011,3.3894334,9.0747795
1760985570292,-0.64247286,3.3990045,9.069396
1760985570295,-0.6329016,3.403192,9.069396
1760985570297,-0.61854464,3.3792639,9.050852
1760985570299,-0.6041877,3.3984063,9.012567
1760985570302,-0.6233303,3.3840494,9.0029955
1760985570304,-0.6239285,3.3792639,8.974281
1760985570306,-0.61435723,3.3643086,8.935996
1760985570308,-0.60000026,3.3643086,8.912068
1760985570310,-0.5808577,3.3643086,8.916854
1760985570313,-0.552742,3.3589249,8.878569
1760985570315,-0.5192425,3.3726835,8.902496
1760985570317,-0.4851448,3.4013975,8.912068
1760985570319,-0.4229314,3.4151561,8.9210415
1760985570322,-0.37986058,3.4528432,8.930613
1760985570324,-0.39900318,3.4193435,8.930613
1760985570326,-0.40438703,3.4049866,8.925827
1760985570329,-0.37567315,3.4049866,8.944969
1760985570331,-0.32303107,3.4187453,8.95454
1760985570333,-0.31764722,3.4283166,8.98804
1760985570336,-0.28953153,3.394219,9.02154
1760985570338,-0.30867413,3.3900316,9.011969
1760985570340,-0.33738798,3.3900316,8.997611
1760985570343,-0.35174492,3.4043884,8.978469
1760985570344,-0.3702893,3.4289148,8.9928255
1760985570347,-0.40378883,3.4390843,8.973683
1760985570349,-0.41336012,3.4390843,8.98804
1760985570351,-0.4223332,3.4342988,9.031111
1760985570353,-0.44147578,3.4492538,9.064013
1760985570356,-0.4127619,3.4342988,9.08794
1760985570358,-0.39361933,3.4677982,9.102298
1760985570360,-0.3930211,3.4869409,9.150154
1760985570363,-0.3786642,3.4725838,9.174082
1760985570365,-0.38344982,3.4869409,9.1974125
1760985570367,-0.3930211,3.473182,9.202796
1760985570369,-0.41694933,3.4827533,9.169296
1760985570372,-0.4546363,3.502494,9.159725
1760985570374,-0.49292147,3.5359936,9.12144
1760985570376,-0.52582276,3.5605202,9.12144
1760985570379,-0.5210371,3.5509489,9.078369
1760985570381,-0.5162515,3.5557344,9.0544405
1760985570383,-0.5210371,3.5844483,9.049655
1760985570385,-0.4779663,3.5742788,9.049655
1760985570387,-0.43968117,3.583252,9.040084
1760985570390,-0.4103691,3.6454654,9.015557
1760985570392,-0.40558344,3.673581,8.982058
1760985570394,-0.42891344,3.6981075,8.95813
1760985570397,-0.39960137,3.7501514,8.962915
1760985570399,-0.40917268,3.7507496,8.938987
1760985570401,-0.4139583,3.7555351,8.915059
1760985570404,-0.44745782,3.7651064,8.867203
1760985570406,-0.49052864,3.775276,8.857632
1760985570408,-0.509073,3.799204,8.819346
1760985570410,-0.54257256,3.790231,8.800801
1760985570412,-0.5521438,3.7950168,8.781659
1760985570415,-0.5665008,3.7998023,8.7673025
1760985570418,-0.5617151,3.804588,8.7673025
1760985570420,-0.55692947,3.7950168,8.772088
1760985570421,-0.5521438,3.8093736,8.781659
1760985570424,-0.52342993,3.8183467,8.804989
1760985570426,-0.49950173,3.8135612,8.8289175
1760985570428,-0.5132605,3.827918,8.857632
1760985570431,-0.5132605,3.8333018,8.89113
1760985570433,-0.5180461,3.8141594,8.900702
1760985570436,-0.5276174,3.8093736,8.915059
1760985570438,-0.54675996,3.804588,8.92463
1760985570440,-0.6047859,3.7764723,8.938987
1760985570442,-0.63828546,3.7483566,8.930014
1760985570444,-0.657428,3.7387853,8.930014
1760985570447,-0.69092757,3.720241,8.963513
1760985570449,-0.70588267,3.6963127,8.973084
1760985570451,-0.7298109,3.6777685,8.977871
1760985570453,-0.70588267,3.6484563,8.987442
1760985570456,-0.69212395,3.638885,9.040084
1760985570458,-0.6586244,3.6340995,9.049655
1760985570460,-0.6299106,3.6382868,9.092726
1760985570463,-0.61076796,3.6335013,9.102298
1760985570464,-0.5916254,3.62393,9.130413
1760985570467,-0.58265233,3.589832,9.140582
1760985570469,-0.59700924,3.5904303,9.140582
1760985570471,-0.59700924,3.5617166,9.15494
1760985570474,-0.6305088,3.5473595,9.159725
1760985570477,-0.65982085,3.5144582,9.15494
1760985570478,-0.67417777,3.5048869,9.131609
1760985570480,-0.68853474,3.5001013,9.131609
1760985570483,-0.7076773,3.481557,9.141181
1760985570485,-0.71246296,3.4863427,9.155538
1760985570487,-0.69332033,3.5001013,9.145967
1760985570490,-0.69332033,3.5006995,9.174082
1760985570492,-0.6646065,3.5048869,9.202796
1760985570494,-0.6358926,3.5048869,9.23151
1760985570496,-0.61675006,3.51386,9.236296
1760985570499,-0.59760743,3.528217,9.236296
1760985570501,-0.6023931,3.51386,9.265009
1760985570503,-0.59760743,3.5234313,9.2793665
1760985570506,-0.6023931,3.5186458,9.2793665
1760985570508,-0.6263213,3.5001013,9.274581
1760985570510,-0.65982085,3.5001013,9.2793665
1760985570512,-0.6550352,3.5001013,9.288938
1760985570515,-0.68853474,3.4767714,9.284152
1760985570517,-0.69332033,3.4719856,9.274581
1760985570519,-0.6891329,3.4528432,9.293723
1760985570521,-0.6939186,3.4576287,9.30808
1760985570524,-0.6795616,3.4528432,9.312865
1760985570527,-0.66041905,3.461816,9.322437
1760985570528,-0.6358926,3.4761732,9.327223
1760985570531,-0.60717875,3.49053,9.341579
1760985570533,-0.60717875,3.4857445,9.341579
1760985570535,-0.60717875,3.5001013,9.355338
1760985570537,-0.60717875,3.5096726,9.345767
1760985570539,-0.631107,3.5001013,9.332008
1760985570542,-0.6358926,3.5001013,9.298509
1760985570544,-0.6789634,3.4863427,9.274581
1760985570546,-0.6891329,3.4624143,9.255438
1760985570549,-0.70348984,3.4672,9.23151
1760985570551,-0.7178468,3.4576287,9.236894
1760985570553,-0.7369894,3.4432719,9.203394
1760985570555,-0.72263247,3.4576287,9.203394
1760985570558,-0.7178468,3.4624143,9.189037
1760985570560,-0.7076773,3.4863427,9.179466
1760985570562,-0.67417777,3.5096726,9.169296
1760985570564,-0.65024954,3.5144582,9.174082
1760985570567,-0.6406783,3.5096726,9.174082
1760985570569,-0.6263213,3.5042887,9.164511
1760985570571,-0.6263213,3.5234313,9.159725
1760985570574,-0.6358926,3.5186458,9.097511
1760985570576,-0.65024954,3.51386,9.088538
1760985570578,-0.66041905,3.4995031,9.093325
1760985570580,-0.64606214,3.5090744,9.059825
1760985570583,-0.6652047,3.4947174,9.055039
1760985570585,-0.6652047,3.4899318,9.050254
1760985570588,-0.65982085,3.51386,9.026325
1760985570590,-0.64606214,3.5042887,9.026325
1760985570592,-0.63170516,3.5042887,9.040682
1760985570595,-0.5982057,3.5132618,9.0646105
1760985570596,-0.6023931,3.522833,9.092726
1760985570599,-0.5838487,3.5084763,9.092726
1760985570601,-0.57906306,3.5180476,9.097511
1760985570603,-0.59282184,3.522833,9.116654
1760985570606,-0.5886344,3.5036905,9.116654
1760985570608,-0.5982057,3.498905,9.140582
1760985570610,-0.6029913,3.4851463,9.164511
1760985570612,-0.61734825,3.4803605,9.15494
1760985570615,-0.6412765,3.475575,9.169296
1760985570616,-0.66999036,3.461816,9.189037
1760985570619,-0.6843473,3.4426737,9.179466
1760985570621,-0.6891329,3.4331024,9.184252
1760985570623,-0.7082755,3.438486,9.227323
1760985570626,-0.6987042,3.4480574,9.227323
1760985570628,-0.70348984,3.438486,9.246465
1760985570630,-0.6939186,3.4480574,9.260223
1760985570632,-0.66999036,3.4522448,9.274581
1760985570634,-0.64606214,3.4474592,9.298509
1760985570637,-0.6364908,3.461816,9.298509
1760985570639,-0.6269195,3.4522448,9.327223
1760985570641,-0.6221339,3.4570305,9.312865
1760985570644,-0.60777694,3.4660037,9.298509
1760985570647,-0.63170516,3.4570305,9.274581
1760985570649,-0.64606214,3.437888,9.265009
1760985570650,-0.6269195,3.4420755,9.250652
1760985570653,-0.6412765,3.4474592,9.23151
1760985570655,-0.6269195,3.4612179,9.19801
1760985570657,-0.6221339,3.4803605,9.19801
1760985570659,-0.60717875,3.5042887,9.183653
1760985570662,-0.56470615,3.5036905,9.178867
1760985570664,-0.5401797,3.522833,9.183653
1760985570666,-0.5210371,3.5365918,9.174082
1760985570668,-0.4971089,3.5653057,9.159127
1760985570671,-0.48753762,3.5700915,9.149555
1760985570673,-0.46839502,3.5742788,9.130413
1760985570675,-0.49232325,3.5790644,9.102298
1760985570678,-0.5066802,3.5796626,9.092726
1760985570680,-0.5353941,3.5844483,9.064013
1760985570682,-0.549751,3.5700915,9.040084
1760985570685,-0.5736792,3.5706897,9.01137
1760985570687,-0.57846487,3.5611184,9.020942
1760985570689,-0.59760743,3.565904,9.016156
1760985570691,-0.5832505,3.5706897,9.01137
1760985570693,-0.59700924,3.580261,9.006584
1760985570696,-0.59700924,3.5850465,9.025727
1760985570698,-0.58265233,3.580261,9.049655
1760985570700,-0.587438,3.5994034,9.059227
1760985570703,-0.58265233,3.5946178,9.016156
1760985570705,-0.59700924,3.5946178,9.0544405
1760985570708,-0.60658056,3.5706897,9.0544405
1760985570710,-0.6305088,3.5904303,9.049655
1760985570712,-0.654437,3.5808592,9.040084
1760985570715,-0.67417777,3.5569308,9.002397
1760985570717,-0.69332033,3.5336008,9.011969
1760985570719,-0.70289165,3.5288153,9.02154
1760985570721,-0.698106,3.5288153,8.9928255
1760985570723,-0.68853474,3.5144582,9.011969
1760985570725,-0.6837491,3.5090744,9.011969
1760985570727,-0.64606214,3.51386,9.007183
1760985570730,-0.6029913,3.522833,9.011969
1760985570732,-0.57906306,3.5270207,8.9928255
1760985570734,-0.5688936,3.5467613,9.044869
1760985570736,-0.549751,3.5413775,9.035298
1760985570739,-0.5306084,3.546163,9.035298
1760985570741,-0.5407779,3.5365918,9.035298
1760985570743,-0.5599205,3.5174494,9.035896
1760985570745,-0.57906306,3.5036905,9.035896
1760985570748,-0.59342,3.522833,9.045467
1760985570750,-0.6125626,3.498905,9.02154
1760985570752,-0.6221339,3.4797623,9.02154
1760985570755,-0.61734825,3.498905,9.040682
1760985570757,-0.6269195,3.4899318,9.031111
1760985570759,-0.6125626,3.4941192,9.045467
1760985570762,-0.5838487,3.4797623,9.083753
1760985570764,-0.57427746,3.498905,9.12144
1760985570766,-0.5312066,3.4887354,9.126225
1760985570768,-0.53599226,3.4887354,9.15494
1760985570771,-0.526421,3.4983068,9.169296
1760985570773,-0.526421,3.493521,9.178867
1760985570775,-0.5407779,3.4749768,9.183653
1760985570777,-0.57906306,3.4893336,9.188439
1760985570780,-0.5886344,3.4797623,9.183653
1760985570782,-0.5988039,3.4516466,9.174082
1760985570785,-0.6364908,3.4516466,9.193823
1760985570787,-0.6556334,3.4522448,9.17468
1760985570789,-0.6987042,3.4331024,9.184252
1760985570791,-0.6897311,3.4283166,9.193823
1760985570793,-0.70348984,3.4480574,9.203394
1760985570796,-0.6939186,3.4241292,9.227323
1760985570798,-0.69930243,3.4139597,9.193823
1760985570800,-0.6987042,3.437888,9.179466
1760985570803,-0.6987042,3.438486,9.208179
1760985570805,-0.6795616,3.437888,9.203394
1760985570807,-0.67477596,3.4474592,9.208179
1760985570809,-0.64606214,3.4570305,9.198608
1760985570811,-0.63170516,3.4707892,9.183653
1760985570814,-0.63170516,3.4803605,9.169296
1760985570816,-0.6269195,3.4612179,9.145967
1760985570819,-0.63170516,3.4612179,9.150752
1760985570821,-0.637089,3.4564323,9.088538
1760985570823,-0.61794645,3.4366915,9.074182
1760985570825,-0.6221339,3.4803605,9.0646105
1760985570827,-0.61794645,3.4606197,9.059825
1760985570829,-0.5796613,3.4606197,9.035896
1760985570832,-0.57009,3.4695928,9.055039
1760985570834,-0.53659046,3.4695928,9.035896
1760985570837,-0.503091,3.4881372,9.026325
1760985570839,-0.48394838,3.4881372,9.020942
1760985570841,-0.46002015,3.473182,9.02154
1760985570843,-0.4552345,3.4827533,9.016156
1760985570845,-0.45044887,3.487539,9.016156
1760985570848,-0.46959144,3.4779677,9.002397
1760985570850,-0.47916272,3.473182,9.002397
1760985570852,-0.52223355,3.478566,9.002397
1760985570855,-0.5557331,3.4743786,9.007183
1760985570857,-0.58923256,3.4606197,9.011969
1760985570859,-0.60837513,3.4797623,9.011969
1760985570861,-0.61794645,3.4606197,9.02154
1760985570863,-0.6227321,3.4654055,9.035896
1760985570866,-0.6125626,3.4797623,9.045467
1760985570868,-0.61734825,3.4995031,9.059825
1760985570871,-0.6269195,3.5090744,9.055039
1760985570873,-0.61675006,3.528217,9.064013
1760985570875,-0.631107,3.5234313,9.078369
1760985570878,-0.6454639,3.51386,9.078967
1760985570880,-0.6550352,3.5186458,9.069396
1760985570882,-0.6550352,3.5330026,9.059825
1760985570884,-0.65024954,3.5330026,9.055039
1760985570887,-0.6556334,3.5042887,9.040682
1760985570889,-0.66999036,3.4995031,9.02154
1760985570891,-0.67417777,3.519244,9.026325
1760985570893,-0.65982085,3.51386,9.031111
1760985570895,-0.65982085,3.5234313,8.997611
1760985570898,-0.6406783,3.542574,8.983254
1760985570900,-0.61675006,3.53719,8.997611
1760985570902,-0.5832505,3.5419757,9.007183
1760985570905,-0.55453664,3.5605202,8.987442
1760985570907,-0.5353941,3.5700915,8.997013
1760985570909,-0.50189453,3.5838501,9.001799
1760985570911,-0.48753762,3.5790644,9.001799
1760985570914,-0.4779663,3.5742788,9.01137
1760985570916,-0.4881358,3.559922,9.006584
1760985570918,-0.49292147,3.545565,8.987442
1760985570920,-0.5072784,3.5407794,8.997013
1760985570923,-0.52163535,3.5168512,8.997611
1760985570925,-0.5312066,3.5264223,8.973683
1760985570927,-0.5455636,3.5174494,8.98804
1760985570929,-0.55034924,3.522235,9.007183
1760985570932,-0.55513483,3.5126636,9.016754
1760985570934,-0.5312066,3.5270207,9.049655
1760985570936,-0.526421,3.522235,9.044869
1760985570939,-0.52163535,3.5174494,9.08794
1760985570941,-0.53599226,3.507878,9.12144
1760985570943,-0.549751,3.522833,9.150154
1760985570946,-0.5449654,3.522833,9.159725
1760985570948,-0.55513483,3.5036905,9.159725
1760985570950,-0.59760743,3.5090744,9.164511
1760985570952,-0.6406783,3.4995031,9.164511
1760985570955,-0.64606214,3.4707892,9.155538
1760985570957,-0.6795616,3.4809587,9.155538
1760985570959,-0.7082755,3.4576287,9.193823
1760985570961,-0.7082755,3.4432719,9.189037
1760985570964,-0.70348984,3.4624143,9.198608
1760985570966,-0.66999036,3.461816,9.221938
1760985570968,-0.6843473,3.4666018,9.236296
1760985570971,-0.66999036,3.4522448,9.245867
1760985570973,-0.6652047,3.461816,9.250652
1760985570975,-0.6556334,3.4713874,9.274581
1760985570977,-0.6364908,3.461816,9.293723
1760985570979,-0.64606214,3.461816,9.288938
1760985570982,-0.6556334,3.4474592,9.288938
1760985570984,-0.6652047,3.4522448,9.265009
1760985570986,-0.6891329,3.438486,9.269794
1760985570988,-0.6939186,3.4337006,9.246465
1760985570991,-0.6897311,3.409174,9.227323
1760985570993,-0.72323066,3.4049866,9.208179
1760985570995,-0.7423732,3.400201,9.17468
1760985570997,-0.74177504,3.414558,9.198608
1760985571000,-0.7423732,3.4097722,9.184252
1760985571002,-0.7088737,3.4043884,9.165109
1760985571004,-0.6945168,3.4187453,9.17468
1760985571007,-0.6801598,3.4187453,9.17468
1760985571009,-0.63230336,3.4372897,9.198608
1760985571011,-0.6131608,3.4372897,9.184252
1760985571013,-0.5988039,3.4510484,9.178867
1760985571016,-0.59342,3.4606197,9.164511
1760985571018,-0.60777694,3.4660037,9.155538
1760985571020,-0.62751776,3.4516466,9.131609
1760985571023,-0.65084773,3.4612179,9.117252
1760985571025,-0.70348984,3.4713874,9.074182
1760985571027,-0.71306115,3.4570305,9.050254
1760985571029,-0.74177504,3.481557,9.026325
1760985571032,-0.74177504,3.4767714,9.016754
1760985571034,-0.7369894,3.4761732,9.007183
1760985571036,-0.71246296,3.5001013,9.016754
1760985571038,-0.6837491,3.519244,9.050254
1760985571040,-0.6550352,3.51386,9.055039
1760985571044,-0.6119644,3.5569308,9.049655
1760985571045,-0.5736792,3.5611184,9.064013
1760985571048,-0.5587241,3.5850465,9.044869
1760985571050,-0.5395815,3.5988052,9.030513
1760985571052,-0.5306084,3.5892339,9.016156
1760985571054,-0.5401797,3.5605202,8.992228
1760985571057,-0.5449654,3.5796626,8.992228
1760985571059,-0.56410795,3.5844483,8.977871
1760985571061,-0.5688936,3.5796626,8.973084
1760985571063,-0.5832505,3.5706897,8.968299
1760985571065,-0.5688936,3.574877,8.953942
1760985571068,-0.573081,3.5946178,8.977871
1760985571071,-0.5688936,3.5796626,8.987442
1760985571072,-0.55453664,3.574877,8.992228
1760985571075,-0.5353941,3.574877,9.020942
1760985571077,-0.5210371,3.5892339,9.035298
1760985571079,-0.5210371,3.5796626,9.049655
1760985571081,-0.5162515,3.5557344,9.064013
1760985571084,-0.5449654,3.5653057,9.0544405
1760985571086,-0.549751,3.546163,9.064013
1760985571088,-0.5736792,3.5467613,9.092726
1760985571091,-0.5694918,3.522833,9.08794
1760985571093,-0.57906306,3.4893336,9.097511
1760985571095,-0.60837513,3.4654055,9.102896
1760985571097,-0.6221339,3.4660037,9.117252
1760985571099,-0.63230336,3.446861,9.141181
1760985571102,-0.62751776,3.446861,9.179466
1760985571104,-0.5982057,3.4612179,9.164511
1760985571107,-0.57009,3.431906,9.202796
1760985571109,-0.57487565,3.431906,9.226724
1760985571112,-0.5461618,3.417549,9.245867
1760985571114,-0.53659046,3.4462628,9.260223
1760985571115,-0.5413761,3.417549,9.284152
1760985571118,-0.53240305,3.4079776,9.274581
1760985571120,-0.53240305,3.403192,9.288938
1760985571123,-0.5605187,3.403192,9.293723
1760985571125,-0.5605187,3.4079776,9.298509
1760985571127,-0.57547385,3.3696926,9.2895355
1760985571130,-0.58504516,3.365505,9.2895355
1760985571131,-0.59940207,3.379862,9.275179
1760985571133,-0.6089734,3.3511481,9.270393
1760985571136,-0.6095716,3.3415768,9.275179
1760985571138,-0.613759,3.3511481,9.299107
1760985571141,-0.6041877,3.3702908,9.317652
1760985571143,-0.5706882,3.35055,9.308679
1760985571145,-0.58504516,3.3750763,9.336794
1760985571147,-0.5988039,3.3990045,9.327223
1760985571150,-0.56530434,3.3990045,9.360723
1760985571152,-0.5844469,3.394219,9.365508
1760985571154,-0.5940182,3.394219,9.3511505
1760985571156,-0.60358953,3.4229329,9.346365
1760985571159,-0.637089,3.3900316,9.360723
1760985571161,-0.6795616,3.414558,9.327223
1760985571164,-0.7178468,3.4097722,9.323035
1760985571165,-0.7423732,3.3960135,9.313464
1760985571168,-0.75673014,3.391228,9.294321
1760985571170,-0.76570326,3.4055848,9.313464
1760985571172,-0.7465607,3.4247274,9.31825
1760985571174,-0.72741807,3.4199417,9.313464
1760985571177,-0.6987042,3.438486,9.312865
1760985571180,-0.6843473,3.4337006,9.293723
1760985571181,-0.6412765,3.4426737,9.322437
1760985571184,-0.6364908,3.4522448,9.303294
1760985571186,-0.6221339,3.4564323,9.288938
1760985571189,-0.6364908,3.4570305,9.274581
1760985571191,-0.6269195,3.4612179,9.265009
1760985571193,-0.6412765,3.461816,9.236296
1760985571195,-0.65084773,3.4474592,9.2177515
1760985571197,-0.64606214,3.4516466,9.189037
1760985571200,-0.6658029,3.4187453,9.155538
1760985571201,-0.651446,3.4372897,9.160323
1760985571204,-0.6418747,3.446861,9.160323
1760985571207,-0.60777694,3.4660037,9.155538
1760985571209,-0.5940182,3.4606197,9.145967
1760985571211,-0.5605187,3.470191,9.159725
1760985571213,-0.55034924,3.498905,9.150154
1760985571215,-0.526421,3.493521,9.174082
1760985571217,-0.5024927,3.5030923,9.159725
1760985571219,-0.5024927,3.4887354,9.15494
1760985571222,-0.52163535,3.5126636,9.131011
1760985571224,-0.5168497,3.522235,9.083155
1760985571226,-0.5353941,3.5413775,9.078369
1760985571229,-0.5455636,3.4887354,9.073584
1760985571231,-0.57906306,3.522833,9.059227
1760985571233,-0.5982057,3.4941192,9.055039
1760985571236,-0.59342,3.498905,9.026325
1760985571238,-0.6269195,3.4899318,9.045467
1760985571240,-0.59342,3.5036905,9.055039
1760985571242,-0.57427746,3.493521,9.031111
1760985571244,-0.5599205,3.5318062,9.0544405
1760985571247,-0.52163535,3.5270207,9.059227
1760985571249,-0.49292147,3.5359936,9.064013
1760985571251,-0.5024927,3.531208,9.073584
1760985571254,-0.46899325,3.5264223,9.059227
1760985571256,-0.47377887,3.531208,9.068798
1760985571259,-0.46899325,3.545565,9.059227
1760985571261,-0.49292147,3.545565,9.035298
1760985571263,-0.52163535,3.5126636,9.049655
1760985571265,-0.5455636,3.5126636,9.026325
1760985571267,-0.55034924,3.507878,9.002397
1760985571270,-0.55513483,3.507878,8.98804
1760985571272,-0.5599205,3.4983068,8.983254
1760985571274,-0.5509474,3.493521,9.002397
1760985571276,-0.53599226,3.522235,9.006584
1760985571278,-0.5312066,3.522235,9.016156
1760985571281,-0.5072784,3.5216367,9.035298
1760985571283,-0.4977071,3.5407794,9.040084
1760985571285,-0.46899325,3.5359936,9.049655
1760985571287,-0.47856453,3.531208,9.044869
1760985571290,-0.47856453,3.531208,9.040084
1760985571292,-0.4833502,3.5407794,9.049655
1760985571295,-0.51206404,3.5503507,9.030513
1760985571297,-0.5168497,3.5359936,9.025727
1760985571299,-0.5593223,3.5413775,9.01137
1760985571301,-0.57427746,3.5270207,9.016754
1760985571304,-0.6029913,3.5084763,8.98804
1760985571306,-0.6125626,3.5036905,8.978469
1760985571308,-0.6029913,3.5036905,8.983254
1760985571310,-0.6125626,3.5084763,8.98804
1760985571313,-0.5886344,3.5132618,9.016754
1760985571315,-0.5688936,3.5365918,9.025727
1760985571318,-0.5455636,3.5318062,9.040084
1760985571320,-0.5162515,3.5509489,9.064013
1760985571322,-0.5066802,3.5509489,9.073584
1760985571324,-0.526421,3.5270207,9.083155
1760985571326,-0.5353941,3.5413775,9.073584
1760985571329,-0.549751,3.5413775,9.068798
1760985571331,-0.59342,3.5180476,9.050254
1760985571333,-0.6221339,3.4995031,9.050254
1760985571335,-0.65084773,3.4995031,9.040682
1760985571338,-0.6795616,3.5001013,9.026325
1760985571340,-0.67477596,3.4947174,9.011969
1760985571342,-0.6939186,3.4857445,9.035896
1760985571345,-0.66999036,3.4851463,9.031111
1760985571347,-0.65024954,3.5090744,9.0646105
1760985571350,-0.65024954,3.5090744,9.078967
1760985571352,-0.631107,3.5186458,9.083753
1760985571354,-0.61734825,3.51386,9.083155
1760985571356,-0.5982057,3.5084763,9.107083
1760985571358,-0.61734825,3.4947174,9.09811
1760985571361,-0.61734825,3.4899318,9.09811
1760985571363,-0.6556334,3.4803605,9.107681
1760985571365,-0.67477596,3.4570305,9.107681
1760985571367,-0.6987042,3.4474592,9.088538
1760985571369,-0.6897311,3.4283166,9.083753
1760985571372,-0.7280163,3.423531,9.069994
1760985571374,-0.7040881,3.423531,9.088538
1760985571376,-0.7040881,3.409174,9.126823
1760985571379,-0.6664011,3.3846476,9.102896
1760985571381,-0.6562316,3.4277184,9.112467
1760985571383,-0.62751776,3.4229329,9.141181
1760985571385,-0.60358953,3.417549,9.165109
1760985571388,-0.5796613,3.4366915,9.169894
1760985571390,-0.5796613,3.4223347,9.198608
1760985571392,-0.57487565,3.431906,9.193225
1760985571394,-0.57487565,3.441477,9.193225
1760985571396,-0.5796613,3.417549,9.189037
1760985571399,-0.60837513,3.4133615,9.169894
1760985571401,-0.6227321,3.418147,9.165109
1760985571403,-0.61854464,3.3990045,9.141181
1760985571406,-0.637089,3.4085758,9.169894
1760985571408,-0.6562316,3.4325042,9.150752
1760985571410,-0.651446,3.4133615,9.141181
1760985571412,-0.6562316,3.4085758,9.141181
1760985571415,-0.6466603,3.418147,9.150752
1760985571417,-0.6466603,3.4325042,9.155538
1760985571419,-0.6227321,3.4229329,9.169894
1760985571421,-0.6131608,3.446861,9.179466
1760985571424,-0.61734825,3.4516466,9.184252
1760985571426,-0.6029913,3.4803605,9.188439
1760985571428,-0.60777694,3.4707892,9.193225
1760985571431,-0.60777694,3.4851463,9.202796
1760985571433,-0.5982057,3.4803605,9.19801
1760985571435,-0.6364908,3.4803605,9.174082
1760985571437,-0.6364908,3.4851463,9.174082
1760985571440,-0.63170516,3.4803605,9.188439
1760985571442,-0.67477596,3.4809587,9.17468
1760985571444,-0.6795616,3.4809587,9.179466
1760985571447,-0.6556334,3.4761732,9.19801
1760985571449,-0.64606214,3.4857445,9.183653
1760985571451,-0.6269195,3.475575,9.2075815
1760985571453,-0.61675006,3.5042887,9.212367
1760985571455,-0.631107,3.5144582,9.226724
1760985571458,-0.62153566,3.5288153,9.236296
1760985571460,-0.6023931,3.5234313,9.226724
1760985571463,-0.62093747,3.542574,9.217153
1760985571465,-0.6257231,3.5527434,9.2075815
1760985571467,-0.63529444,3.5527434,9.183653
1760985571469,-0.65922266,3.5383866,9.169296
1760985571472,-0.6687939,3.5431721,9.145369
1760985571475,-0.6975078,3.5437703,9.131011
1760985571476,-0.6879365,3.5671003,9.12144
1760985571479,-0.6879365,3.5814574,9.131011
1760985571481,-0.6879365,3.571886,9.097511
1760985571483,-0.6687939,3.586243,9.097511
1760985571486,-0.6257231,3.6000016,9.092726
1760985571487,-0.62512493,3.62393,9.083155
1760985571489,-0.6155536,3.6287155,9.08794
1760985571492,-0.59641105,3.6287155,9.073584
1760985571494,-0.59641105,3.662215,9.059227
1760985571497,-0.5772685,3.6520455,9.040084
1760985571500,-0.5772685,3.6424742,9.030513
1760985571501,-0.5820541,3.6329029,9.016156
1760985571503,-0.5916254,3.6329029,8.992228
1760985571505,-0.6299106,3.6382868,8.987442
1760985571508,-0.6257231,3.6191442,8.987442
1760985571510,-0.6305088,3.6047873,8.963513
1760985571512,-0.61675006,3.580261,8.964112
1760985571514,-0.6161518,3.6137605,8.963513
1760985571517,-0.6161518,3.6089747,8.992228
1760985571519,-0.6113662,3.6089747,8.997013
1760985571521,-0.587438,3.6041892,8.992228
1760985571523,-0.59700924,3.589832,8.997013
1760985571526,-0.5880362,3.5706897,9.016156
1760985571528,-0.573081,3.5850465,9.025727
1760985571530,-0.59282184,3.5563326,9.040084
1760985571533,-0.59760743,3.551547,9.049655
1760985571535,-0.62153566,3.5377884,9.064013
1760985571537,-0.631107,3.5234313,9.055039
1760985571539,-0.6364908,3.5042887,9.074182
1760985571542,-0.67417777,3.5144582,9.055039
1760985571544,-0.6891329,3.49053,9.059825
1760985571547,-0.6891329,3.4953158,9.069396
1760985571548,-0.6891329,3.461816,9.069396
1760985571551,-0.6891329,3.4761732,9.088538
1760985571553,-0.6939186,3.4761732,9.074182
1760985571555,-0.6652047,3.4564323,9.107681
1760985571558,-0.66999036,3.4713874,9.088538
1760985571560,-0.6412765,3.4803605,9.088538
1760985571562,-0.6364908,3.4803605,9.102896
1760985571565,-0.6269195,3.4803605,9.107681
1760985571567,-0.61734825,3.4707892,9.117252
1760985571569,-0.6131608,3.4654055,9.088538
1760985571571,-0.6227321,3.4612179,9.09811
1760985571573,-0.5940182,3.4606197,9.074182
1760985571576,-0.5796613,3.470191,9.059825
1760985571578,-0.58923256,3.4462628,9.059825
1760985571580,-0.5605187,3.4504502,9.050254
1760985571583,-0.5419743,3.4313076,9.040682
1760985571585,-0.5276174,3.4450665,9.031111
1760985571587,-0.49830532,3.4737802,9.064013
1760985571589,-0.48394838,3.4737802,9.064013
1760985571591,-0.46002015,3.4827533,9.040084
1760985571594,-0.465404,3.463611,9.035896
1760985571596,-0.4743771,3.4923246,9.020942
1760985571599,-0.46061835,3.4683964,9.02154
1760985571601,-0.4648058,3.473182,9.02154
1760985571604,-0.49830532,3.478566,9.002397
1760985571605,-0.50787663,3.4737802,9.011969
1760985571608,-0.52223355,3.464209,8.9928255
1760985571610,-0.5413761,3.4648073,8.98804
1760985571612,-0.5461618,3.4648073,8.98804
1760985571615,-0.5509474,3.4743786,9.002397
1760985571617,-0.5605187,3.4600215,8.997611
1760985571619,-0.57427746,3.4887354,9.026325
1760985571621,-0.5605187,3.4887354,9.026325
1760985571623,-0.5557331,3.4791641,9.040682
1760985571626,-0.55513483,3.493521,9.0646105
1760985571628,-0.5599205,3.5174494,9.073584
1760985571630,-0.55034924,3.4839497,9.107083
1760985571633,-0.5694918,3.498905,9.092726
1760985571635,-0.5838487,3.5084763,9.08794
1760985571637,-0.5694918,3.4887354,9.083753
1760985571639,-0.5838487,3.484548,9.078967
1760985571641,-0.59342,3.4749768,9.093325
1760985571644,-0.6125626,3.484548,9.093325
1760985571647,-0.58923256,3.4558342,9.09811
1760985571649,-0.58923256,3.470191,9.09811
1760985571651,-0.5796613,3.4654055,9.112467
1760985571653,-0.56530434,3.4408789,9.112467
1760985571655,-0.5557331,3.4408789,9.122038
1760985571658,-0.5509474,3.4456646,9.131609
1760985571659,-0.53180486,3.4648073,9.126225
1760985571662,-0.52223355,3.4408789,9.126823
1760985571664,-0.53180486,3.4456646,9.145369
1760985571667,-0.5557331,3.4408789,9.126823
1760985571668,-0.57009,3.441477,9.126823
1760985571671,-0.5802595,3.4223347,9.126823
1760985571673,-0.5796613,3.431906,9.131609
1760985571676,-0.60358953,3.4462628,9.122038
1760985571678,-0.5988039,3.431906,9.102896
1760985571680,-0.60837513,3.441477,9.102896
1760985571683,-0.62751776,3.4420755,9.107681
1760985571685,-0.6131608,3.4366915,9.088538
1760985571687,-0.63230336,3.4420755,9.107681
1760985571689,-0.58923256,3.4510484,9.102896
1760985571692,-0.5844469,3.441477,9.117252
1760985571694,-0.58923256,3.4558342,9.145967
1760985571696,-0.57487565,3.4654055,9.15494
1760985571698,-0.56470615,3.4749768,9.174082
1760985571700,-0.5886344,3.4947174,9.178867
1760985571703,-0.5886344,3.4899318,9.202796
1760985571705,-0.5886344,3.4899318,9.19801
1760985571708,-0.6125626,3.4803605,9.169296
1760985571712,-0.63170516,3.4899318,9.193225
1760985571712,-0.6556334,3.4857445,9.178867
1760985571714,-0.65084773,3.4761732,9.169894
1760985571716,-0.65084773,3.4666018,9.193225
1760985571718,-0.6364908,3.4666018,9.217153
1760985571721,-0.65084773,3.461816,9.212367
1760985571723,-0.64606214,3.4761732,9.23151
1760985571725,-0.6269195,3.4803605,9.236296
1760985571727,-0.631107,3.4857445,9.265009
1760985571730,-0.6406783,3.49053,9.2793665
1760985571732,-0.6269195,3.4761732,9.269794
1760985571734,-0.6693921,3.4767714,9.2793665
1760985571736,-0.64606214,3.4761732,9.274581
1760985571739,-0.6789634,3.4672,9.288938
1760985571741,-0.67417777,3.4672,9.288938
1760985571743,-0.6939186,3.4576287,9.269794
1760985571745,-0.6987042,3.4528432,9.2793665
1760985571748,-0.70348984,3.4528432,9.265009
1760985571750,-0.6939186,3.438486,9.246465
1760985571753,-0.6987042,3.438486,9.25125
1760985571755,-0.6556334,3.4474592,9.250652
1760985571757,-0.6652047,3.4426737,9.260223
1760985571760,-0.63170516,3.437888,9.250652
1760985571761,-0.6269195,3.4564323,9.255438
1760985571764,-0.5982057,3.4564323,9.245867
1760985571766,-0.59342,3.4564323,9.241081
1760985571768,-0.5694918,3.470191,9.241081
1760985571771,-0.57427746,3.4797623,9.241081
1760985571773,-0.57427746,3.484548,9.217153
1760985571775,-0.60777694,3.4803605,9.193225
1760985571777,-0.6125626,3.4612179,9.169296
1760985571780,-0.61734825,3.475575,9.169296
1760985571782,-0.61734825,3.4803605,9.136395
1760985571784,-0.6125626,3.4660037,9.117252
1760985571786,-0.63170516,3.4660037,9.083753
1760985571789,-0.61794645,3.4654055,9.083753
1760985571791,-0.5982057,3.484548,9.074182
1760985571794,-0.5838487,3.5036905,9.092726
1760985571796,-0.5599205,3.5036905,9.107083
1760985571798,-0.55513483,3.5180476,9.12144
1760985571800,-0.52163535,3.5126636,9.097511
1760985571802,-0.526421,3.522235,9.083155
1760985571804,-0.53599226,3.5174494,9.092726
1760985571807,-0.53599226,3.5318062,9.064013
1760985571809,-0.5455636,3.5270207,9.073584
1760985571812,-0.56470615,3.5324044,9.059227
1760985571814,-0.56470615,3.522235,9.049655
1760985571816,-0.5880362,3.527619,9.064013
1760985571818,-0.5886344,3.5180476,9.078369
1760985571820,-0.57906306,3.5084763,9.111869
1760985571823,-0.57427746,3.522833,9.102298
1760985571825,-0.57427746,3.5036905,9.116654
1760985571828,-0.5694918,3.498905,9.145369
1760985571829,-0.5599205,3.498905,9.145369
1760985571832,-0.5886344,3.4941192,9.150154
1760985571834,-0.5838487,3.4893336,9.164511
1760985571837,-0.5982057,3.5042887,9.150154
1760985571839,-0.5838487,3.470191,9.164511
1760985571841,-0.61734825,3.475575,9.159725
1760985571843,-0.6125626,3.4564323,9.169894
1760985571847,-0.6221339,3.4660037,9.136395
1760985571849,-0.6227321,3.4516466,9.141181
1760985571850,-0.6131608,3.446861,9.136395
1760985571852,-0.60837513,3.4462628,9.131609
1760985571855,-0.60358953,3.441477,9.136395
1760985571857,-0.5940182,3.4223347,9.155538
1760985571859,-0.5802595,3.417549,9.131609
1760985571861,-0.5557331,3.4408789,9.136395
1760985571863,-0.5413761,3.4456646,9.150154
1760985571866,-0.51266223,3.4408789,9.150154
1760985571868,-0.53180486,3.4408789,9.136395
1760985571870,-0.53180486,3.4408789,9.150154
1760985571873,-0.5413761,3.4504502,9.135797
1760985571876,-0.5557331,3.4558342,9.145369
1760985571878,-0.57009,3.431906,9.131609
1760985571881,-0.58504516,3.417549,9.141181
1760985571882,-0.61794645,3.4229329,9.141181
1760985571884,-0.60837513,3.4223347,9.136395
1760985571887,-0.62751776,3.418147,9.131609
1760985571889,-0.63230336,3.4325042,9.145967
1760985571891,-0.6131608,3.446861,9.155538
1760985571893,-0.60358953,3.4420755,9.179466
1760985571895,-0.58923256,3.4366915,9.189037
1760985571898,-0.5694918,3.4606197,9.212367
1760985571900,-0.5605187,3.4510484,9.212367
1760985571902,-0.5413761,3.4510484,9.2075815
1760985571904,-0.5413761,3.4366915,9.226724
1760985571907,-0.5413761,3.4366915,9.212367
1760985571909,-0.5461618,3.4271202,9.212367
1760985571911,-0.5605187,3.441477,9.202796
1760985571913,-0.56111693,3.4127634,9.189037
1760985571916,-0.5706882,3.3984063,9.179466
1760985571918,-0.58983076,3.3936207,9.160323
1760985571920,-0.58983076,3.3984063,9.155538
1760985571922,-0.58983076,3.3792639,9.165109
1760985571925,-0.56590253,3.3936207,9.169894
1760985571927,-0.54675996,3.3786657,9.169894
1760985571929,-0.5282156,3.3690944,9.165109
1760985571932,-0.5138587,3.3637104,9.169894
1760985571934,-0.48993045,3.382853,9.169894
1760985571936,-0.4755735,3.3780673,9.189037
1760985571939,-0.46121657,3.377469,9.169894
1760985571941,-0.45164528,3.3726835,9.169894
1760985571943,-0.4660022,3.3589249,9.169894
1760985571945,-0.48993045,3.354139,9.169894
1760985571947,-0.51445687,3.330211,9.155538
1760985571950,-0.5282156,3.3547373,9.165109
1760985571952,-0.5377869,3.345166,9.165109
1760985571954,-0.54317075,3.330809,9.160323
1760985571957,-0.54317075,3.3164523,9.155538
1760985571959,-0.54735816,3.345166,9.179466
1760985571961,-0.54257256,3.359523,9.160323
1760985571964,-0.54735816,3.3499517,9.179466
1760985571965,-0.54735816,3.37388,9.189037
1760985571968,-0.5180461,3.397808,9.179466
1760985571970,-0.5276174,3.4073794,9.184252
1760985571972,-0.52283174,3.4025939,9.193823
1760985571975,-0.5132605,3.4073794,9.183653
1760985571977,-0.52283174,3.4313076,9.164511
1760985571980,-0.52283174,3.4169507,9.150752
1760985571982,-0.5276174,3.4121652,9.155538
1760985571984,-0.5132605,3.4313076,9.140582
1760985571986,-0.5276174,3.426522,9.131609
1760985571988,-0.5413761,3.4456646,9.131609
1760985571991,-0.53240305,3.4313076,9.122038
1760985571993,-0.53240305,3.4313076,9.126823
1760985571995,-0.53180486,3.4408789,9.136395
1760985571998,-0.5174479,3.455236,9.126225
1760985572000,-0.48873404,3.4737802,9.116654
1760985572002,-0.503091,3.464209,9.116654
1760985572004,-0.48394838,3.478566,9.12144
1760985572006,-0.47916272,3.4929228,9.135797
1760985572009,-0.4648058,3.4929228,9.126225
1760985572011,-0.4743771,3.4929228,9.12144
1760985572013,-0.4743771,3.4881372,9.116654
1760985572015,-0.4881358,3.502494,9.092726
1760985572018,-0.4977071,3.5072799,9.102298
1760985572020,-0.53180486,3.4887354,9.064013
1760985572023,-0.56470615,3.4887354,9.059825
1760985572024,-0.57009,3.4600215,9.045467
1760985572027,-0.5844469,3.4606197,9.055039
1760985572029,-0.60837513,3.4654055,9.0646105
1760985572031,-0.61734825,3.4797623,9.074182
1760985572034,-0.6125626,3.4797623,9.078967
1760985572036,-0.5886344,3.4893336,9.083753
1760985572038,-0.55513483,3.4887354,9.092726
1760985572041,-0.56470615,3.5036905,9.107083
1760985572043,-0.5312066,3.5030923,9.12144
1760985572045,-0.5407779,3.493521,9.111869
1760985572048,-0.5455636,3.5030923,9.116654
1760985572049,-0.56470615,3.4941192,9.107083
1760985572051,-0.55034924,3.4839497,9.092726
1760985572054,-0.56470615,3.484548,9.097511
1760985572056,-0.57906306,3.4893336,9.083753
1760985572059,-0.5838487,3.498905,9.069396
1760985572061,-0.5694918,3.484548,9.069396
1760985572063,-0.5599205,3.4983068,9.0646105
1760985572065,-0.56470615,3.493521,9.078369
1760985572067,-0.5312066,3.5030923,9.073584
1760985572070,-0.526421,3.5270207,9.078369
1760985572072,-0.4977071,3.531208,9.097511
1760985572075,-0.5162515,3.5413775,9.102298
1760985572076,-0.5168497,3.5174494,9.107083
1760985572079,-0.5024927,3.5318062,9.111869
1760985572081,-0.526421,3.522235,9.097511
1760985572083,-0.5407779,3.5126636,9.097511
1760985572086,-0.5599205,3.507878,9.083155
1760985572088,-0.5886344,3.484548,9.088538
1760985572090,-0.61734825,3.4893336,9.0646105
1760985572093,-0.63170516,3.4995031,9.0646105
1760985572095,-0.6269195,3.4707892,9.074182
1760985572097,-0.6412765,3.4707892,9.074182
1760985572099,-0.6221339,3.4749768,9.059825
1760985572102,-0.6029913,3.4893336,9.088538
1760985572104,-0.5886344,3.498905,9.107083
1760985572106,-0.57906306,3.4797623,9.111869
1760985572108,-0.55513483,3.5036905,9.126225
1760985572111,-0.5694918,3.4941192,9.116654
1760985572113,-0.5694918,3.498905,9.107083
1760985572115,-0.57906306,3.4797623,9.107681
1760985572118,-0.6029913,3.470191,9.093325
1760985572120,-0.5988039,3.4558342,9.09811
1760985572122,-0.6131608,3.4654055,9.078967
1760985572124,-0.63230336,3.446861,9.069396
1760985572127,-0.637089,3.4612179,9.055039
1760985572129,-0.6131608,3.4366915,9.055039
1760985572131,-0.60358953,3.441477,9.0646105
1760985572134,-0.60358953,3.441477,9.078967
1760985572136,-0.5844469,3.4654055,9.078967
1760985572138,-0.57906306,3.4797623,9.107681
1760985572140,-0.5413761,3.4695928,9.116654
1760985572143,-0.5509474,3.4695928,9.093325
1760985572145,-0.56530434,3.4743786,9.093325
1760985572147,-0.57009,3.4654055,9.083753
1760985572149,-0.59342,3.4797623,9.0646105
1760985572152,-0.60358953,3.4654055,9.045467
1760985572154,-0.6227321,3.4654055,9.045467
1760985572156,-0.63230336,3.4660037,9.045467
1760985572159,-0.6418747,3.4612179,9.035896
1760985572160,-0.6466603,3.4612179,9.035896
1760985572164,-0.6364908,3.4707892,9.055039
1760985572165,-0.63230336,3.4654055,9.035896
1760985572167,-0.6227321,3.4606197,9.059825
1760985572170,-0.6131608,3.4558342,9.069396
1760985572172,-0.60777694,3.484548,9.074182
1760985572175,-0.58923256,3.4749768,9.074182
1760985572177,-0.57009,3.4749768,9.107681
1760985572179,-0.5599205,3.4887354,9.102298
1760985572181,-0.5605187,3.4743786,9.107083
1760985572184,-0.56470615,3.4797623,9.107083
1760985572186,-0.5605187,3.4749768,9.116654
1760985572188,-0.5886344,3.4797623,9.102896
1760985572190,-0.59342,3.4941192,9.102298
1760985572192,-0.5886344,3.4797623,9.09811
1760985572195,-0.5940182,3.4654055,9.09811
1760985572197,-0.60358953,3.4558342,9.093325
1760985572200,-0.6131608,3.4462628,9.117252
1760985572202,-0.6227321,3.446861,9.131609
1760985572204,-0.60837513,3.4516466,9.136395
1760985572206,-0.5988039,3.4510484,9.150752
1760985572209,-0.59342,3.4606197,9.174082
1760985572212,-0.5982057,3.475575,9.178867
1760985572213,-0.59342,3.4606197,9.174082
1760985572215,-0.6029913,3.4660037,9.19801
1760985572217,-0.58923256,3.441477,9.179466
1760985572220,-0.60358953,3.4325042,9.193823
1760985572221,-0.60358953,3.4516466,9.183653
1760985572224,-0.5988039,3.446861,9.188439
1760985572226,-0.60358953,3.4277184,9.193823
1760985572228,-0.58923256,3.4127634,9.203394
1760985572231,-0.57487565,3.417549,9.193823
1760985572233,-0.5844469,3.441477,9.212367
1760985572235,-0.56530434,3.441477,9.241081
1760985572237,-0.56530434,3.4366915,9.260223
1760985572240,-0.56470615,3.4606197,9.250652
1760985572242,-0.5407779,3.470191,9.2793665
1760985572244,-0.5599205,3.4749768,9.274581
1760985572247,-0.59342,3.4612179,9.265009
1760985572249,-0.61734825,3.4564323,9.269794
1760985572251,-0.6364908,3.4666018,9.250652
1760985572254,-0.66041905,3.4570305,9.250652
1760985572256,-0.67477596,3.4426737,9.241679
1760985572258,-0.6795616,3.4666018,9.226724
1760985572260,-0.6843473,3.4570305,9.212965
1760985572263,-0.6795616,3.4666018,9.198608
1760985572265,-0.6795616,3.4713874,9.212367
1760985572267,-0.6556334,3.4522448,9.208179
1760985572269,-0.6269195,3.4851463,9.193225
1760985572272,-0.631107,3.5048869,9.212367
1760985572274,-0.59760743,3.5042887,9.188439
1760985572276,-0.5736792,3.5180476,9.19801
1760985572278,-0.5688936,3.527619,9.193225
1760985572281,-0.5593223,3.527619,9.169296
1760985572283,-0.55453664,3.5419757,9.159725
1760985572285,-0.55453664,3.53719,9.145369
1760985572288,-0.5593223,3.5419757,9.131011
1760985572290,-0.57846487,3.5563326,9.116654
1760985572292,-0.57846487,3.5563326,9.097511
1760985572294,-0.6023931,3.551547,9.08794
1760985572297,-0.59282184,3.5467613,9.083155
1760985572299,-0.5832505,3.551547,9.064013
1760985572301,-0.549751,3.5557344,9.064013
1760985572303,-0.5593223,3.5611184,9.078369
1760985572306,-0.5401797,3.5413775,9.073584
1760985572308,-0.5353941,3.5557344,9.083155
1760985572311,-0.5162515,3.5796626,9.102298
1760985572313,-0.5162515,3.5796626,9.08794
1760985572315,-0.5300102,3.5844483,9.107083
1760985572317,-0.549751,3.5754752,9.111869
1760985572319,-0.5688936,3.5706897,9.097511
1760985572321,-0.5880362,3.5611184,9.073584
1760985572324,-0.6119644,3.5569308,9.0544405
1760985572326,-0.6406783,3.5330026,9.055039
1760985572329,-0.65982085,3.51386,9.031111
1760985572331,-0.65982085,3.51386,9.045467
1760985572333,-0.67417777,3.5096726,9.045467
1760985572335,-0.65982085,3.5090744,9.083753
1760985572337,-0.6358926,3.51386,9.059825
1760985572340,-0.61675006,3.5330026,9.083155
1760985572342,-0.56470615,3.5180476,9.107083
1760985572345,-0.51206404,3.507878,9.116654
1760985572346,-0.51206404,3.5126636,9.116654
1760985572349,-0.5024927,3.5126636,9.126225
1760985572351,-0.503091,3.464209,9.111869
1760985572353,-0.51206404,3.5030923,9.107083
1760985572355,-0.52223355,3.4743786,9.111869
1760985572358,-0.5174479,3.4791641,9.092726
1760985572360,-0.51266223,3.4546378,9.093325
1760985572362,-0.53180486,3.4408789,9.093325
1760985572365,-0.53659046,3.4743786,9.083753
1760985572367,-0.5270192,3.4600215,9.093325
1760985572369,-0.49830532,3.4689946,9.083155
1760985572372,-0.48873404,3.4737802,9.107083
1760985572374,-0.46959144,3.4594233,9.111869
1760985572376,-0.4552345,3.463611,9.116654
1760985572378,-0.4552345,3.4683964,9.116654
1760985572381,-0.4552345,3.4689946,9.126225
1760985572383,-0.47018966,3.449852,9.135797
1760985572385,-0.47916272,3.4546378,9.131011
1760985572387,-0.503091,3.464209,9.135797
1760985572389,-0.5270192,3.4743786,9.126225
1760985572392,-0.5605187,3.4408789,9.122038
1760985572394,-0.5940182,3.441477,9.122038
1760985572397,-0.5988039,3.431906,9.145967
1760985572399,-0.61794645,3.4325042,9.131609
1760985572401,-0.637089,3.4372897,9.145967
1760985572403,-0.62751776,3.4229329,9.150752
1760985572406,-0.6418747,3.418147,9.169894
1760985572408,-0.63230336,3.4229329,9.184252
1760985572410,-0.62751776,3.446861,9.184252
1760985572412,-0.61794645,3.4372897,9.203394
1760985572415,-0.6029913,3.4612179,9.217153
1760985572418,-0.60777694,3.4660037,9.2075815
1760985572419,-0.61734825,3.4612179,9.19801
1760985572422,-0.63170516,3.4612179,9.188439
1760985572424,-0.65084773,3.4612179,9.160323
1760985572426,-0.6556334,3.461816,9.150752
1760985572428,-0.6556334,3.4707892,9.112467
1760985572430,-0.65084773,3.4899318,9.09811
1760985572433,-0.66041905,3.4995031,9.069396
1760985572435,-0.64606214,3.4851463,9.0646105
1760985572437,-0.60777694,3.5036905,9.059825
1760985572439,-0.5736792,3.5324044,9.044869
1760985572442,-0.549751,3.5365918,9.064013
1760985572445,-0.4977071,3.5407794,9.064013
1760985572447,-0.47318068,3.559922,9.068798
1760985572449,-0.46839502,3.5742788,9.059227
1760985572451,-0.4546363,3.5593238,9.035298
1760985572453,-0.45403808,3.5688949,9.040084
1760985572456,-0.45942193,3.5641093,9.025727
1760985572458,-0.4833502,3.5264223,9.016156
1760985572460,-0.51206404,3.5503507,9.016156
1760985572462,-0.5312066,3.5270207,9.025727
1760985572465,-0.55034924,3.507878,8.9928255
1760985572467,-0.5557331,3.493521,9.016754
1760985572469,-0.5844469,3.4797623,9.011969
1760985572471,-0.57009,3.4791641,9.011969
1760985572474,-0.56530434,3.4648073,9.059825
1760985572476,-0.5509474,3.4695928,9.083753
1760985572478,-0.5509474,3.4743786,9.111869
1760985572481,-0.5407779,3.4791641,9.150154
1760985572482,-0.53180486,3.4600215,9.164511
1760985572485,-0.5461618,3.4606197,9.178867
1760985572487,-0.5413761,3.4456646,9.183653
1760985572490,-0.5605187,3.431906,9.19801
1760985572492,-0.57487565,3.4223347,9.2075815
1760985572494,-0.5946164,3.403192,9.208179
1760985572496,-0.61854464,3.379862,9.2177515
1760985572498,-0.6329016,3.3559337,9.212965
1760985572501,-0.62811595,3.3559337,9.2177515
1760985572503,-0.6376872,3.3463624,9.25125
1760985572505,-0.6095716,3.3463624,9.246465
1760985572508,-0.6095716,3.3415768,9.265608
1760985572510,-0.58983076,3.3601213,9.279964
1760985572513,-0.5419743,3.3840494,9.312865
1760985572514,-0.52283174,3.3690944,9.312865
1760985572517,-0.5084748,3.3882368,9.341579
1760985572520,-0.4989035,3.3930225,9.370294
1760985572521,-0.49830532,3.426522,9.355937
1760985572523,-0.5174479,3.4127634,9.346365
1760985572526,-0.5270192,3.4127634,9.336794
1760985572528,-0.5509474,3.4079776,9.298509
1760985572530,-0.60358953,3.4229329,9.284152
1760985572533,-0.63230336,3.3990045,9.270393
1760985572535,-0.6466603,3.409174,9.236894
1760985572538,-0.6658029,3.4283166,9.232108
1760985572539,-0.6795616,3.437888,9.198608
1760985572543,-0.6652047,3.437888,9.208179
1760985572544,-0.65084773,3.461816,9.202796
1760985572547,-0.61734825,3.4947174,9.19801
1760985572548,-0.5736792,3.522833,9.221938
1760985572551,-0.55453664,3.5467613,9.221938
1760985572553,-0.5491528,3.5850465,9.211769
1760985572555,-0.56350976,3.580261,9.216555
1760985572557,-0.5587241,3.5994034,9.211769
1760985572560,-0.54436713,3.6089747,9.192626
1760985572562,-0.5778667,3.6047873,9.163913
1760985572564,-0.62512493,3.6191442,9.140582
1760985572567,-0.64905316,3.6005998,9.116654
1760985572569,-0.6442675,3.6197424,9.097511
1760985572571,-0.64905316,3.6197424,9.073584
1760985572573,-0.66341007,3.6149569,9.102298
1760985572576,-0.6203393,3.6478581,9.097511
1760985572578,-0.5772685,3.6520455,9.106484
1760985572580,-0.552742,3.671188,9.1256275
1760985572583,-0.5240282,3.6951163,9.1256275
1760985572585,-0.5096712,3.7040894,9.149555
1760985572587,-0.51445687,3.7094734,9.172886
1760985572589,-0.5240282,3.7190447,9.154342
1760985572591,-0.53300124,3.7190447,9.149555
1760985572594,-0.55752766,3.7046876,9.154342
1760985572596,-0.5766702,3.7052858,9.135199
1760985572598,-0.61435723,3.7100716,9.1256275
1760985572601,-0.6239285,3.705884,9.139984
1760985572603,-0.65324056,3.667599,9.14477
1760985572605,-0.6628119,3.6628132,9.139984
1760985572607,-0.64845496,3.6436708,9.159127
1760985572610,-0.65324056,3.6484563,9.154342
1760985572612,-0.6053841,3.6478581,9.173484
1760985572614,-0.5910272,3.6526437,9.211769
1760985572616,-0.5766702,3.6478581,9.216555
1760985572619,-0.55812585,3.6382868,9.240483
1760985572621,-0.5246264,3.64726,9.250054
1760985572623,-0.5198407,3.6329029,9.264411
1760985572625,-0.5198407,3.6329029,9.2691965
1760985572627,-0.5246264,3.6137605,9.25484
1760985572630,-0.51505506,3.6137605,9.28834
1760985572632,-0.55334026,3.6143587,9.278768
1760985572635,-0.573081,3.5856447,9.2691965
1760985572637,-0.56350976,3.566502,9.273982
1760985572639,-0.6017949,3.5569308,9.2691965
1760985572641,-0.6161518,3.557529,9.283554
1760985572643,-0.6263213,3.5240295,9.2793665
1760985572646,-0.6113662,3.5383866,9.302696
1760985572648,-0.6113662,3.5527434,9.307482
1760985572650,-0.6017949,3.5383866,9.350553
1760985572653,-0.59700924,3.5383866,9.355338
1760985572655,-0.5778667,3.566502,9.374481
1760985572657,-0.573081,3.5521452,9.403194
1760985572659,-0.56829536,3.5473595,9.40798
1760985572662,-0.58265233,3.5336008,9.422338
1760985572664,-0.60658056,3.5383866,9.431909
1760985572666,-0.6257231,3.5240295,9.422338
1760985572668,-0.65922266,3.5150564,9.431909
1760985572671,-0.6831509,3.5252259,9.44148
1760985572673,-0.69272214,3.5300117,9.446265
1760985572675,-0.69272214,3.5012977,9.460623
1760985572678,-0.68255264,3.539583,9.460623
1760985572680,-0.6975078,3.5204403,9.474979
1760985572682,-0.66341007,3.539583,9.489336
1760985572684,-0.6586244,3.5635111,9.4941225
1760985572687,-0.6538388,3.548556,9.508479
1760985572689,-0.63948184,3.5581272,9.508479
1760985572691,-0.63948184,3.5676985,9.522238
1760985572693,-0.6346962,3.5581272,9.517452
1760985572696,-0.6538388,3.5533416,9.513265
1760985572698,-0.6442675,3.562913,9.498908
1760985572700,-0.68255264,3.5587256,9.48455
1760985572702,-0.7160522,3.5497525,9.479765
1760985572705,-0.72083783,3.5641093,9.470194
1760985572707,-0.7495517,3.554538,9.48455
1760985572709,-0.7639086,3.5551362,9.474979
1760985572712,-0.77347994,3.5359936,9.4941225
1760985572714,-0.76331043,3.559922,9.48455
1760985572716,-0.7680961,3.559922,9.513265
1760985572719,-0.74895346,3.5790644,9.503694
1760985572721,-0.72023964,3.5976088,9.546165
1760985572723,-0.715454,3.5976088,9.54138
1760985572725,-0.71007013,3.6167514,9.550952
1760985572728,-0.71007013,3.6454654,9.560523
1760985572729,-0.72442704,3.6364923,9.560523
1760985572732,-0.74835527,3.6317065,9.560523
1760985572734,-0.7573284,3.6460636,9.5557375
1760985572736,-0.78664047,3.6323047,9.536594
1760985572739,-0.80997044,3.6323047,9.550952
1760985572741,-0.82911307,3.6370904,9.522836
1760985572744,-0.8243274,3.6275191,9.513265
1760985572746,-0.8009974,3.6275191,9.531809
1760985572748,-0.7962117,3.6227336,9.522836
1760985572750,-0.77647096,3.6370904,9.54138
1760985572752,-0.73340017,3.6652062,9.546165
1760985572754,-0.68075806,3.674179,9.560523
1760985572757,-0.6376872,3.687938,9.564711
1760985572759,-0.613759,3.6927235,9.579067
1760985572761,-0.6089734,3.687938,9.598209
1760985572763,-0.58504516,3.7016966,9.612567
1760985572766,-0.6041877,3.7118661,9.622138
1760985572768,-0.6041877,3.687938,9.6173525
1760985572770,-0.6041877,3.6975093,9.602996
1760985572773,-0.65682983,3.6933217,9.602996
1760985572775,-0.6759724,3.6837504,9.579067
1760985572777,-0.6999006,3.674179,9.589237
1760985572780,-0.695115,3.6598222,9.598808
1760985572782,-0.68135625,3.6454654,9.613165
1760985572784,-0.6765706,3.650251,9.613165
1760985572786,-0.66161543,3.6646078,9.636495
1760985572788,-0.64247286,3.6598222,9.665209
1760985572791,-0.6376872,3.674179,9.684352
1760985572793,-0.613759,3.6831522,9.70828
1760985572795,-0.61854464,3.659224,9.717851
1760985572798,-0.61854464,3.659224,9.717851
1760985572800,-0.62811595,3.6598222,9.732208
1760985572802,-0.6472585,3.6550367,9.70828
1760985572804,-0.66699934,3.635894,9.717851
1760985572807,-0.6861419,3.635894,9.689137
1760985572809,-0.7046863,3.6317065,9.713065
1760985572811,-0.7286145,3.6317065,9.68495
1760985572813,-0.7477571,3.6227336,9.68495
1760985572816,-0.7196414,3.626921,9.6993065
1760985572818,-0.7292127,3.6221352,9.713663
1760985572820,-0.73340017,3.6317065,9.689735
1760985572823,-0.6903293,3.6364923,9.70828
1760985572825,-0.68075806,3.650251,9.698709
1760985572827,-0.6664011,3.6693935,9.693923
1760985572830,-0.6520442,3.6550367,9.684352
1760985572832,-0.64247286,3.6550367,9.703494
1760985572834,-0.62811595,3.6783667,9.67478
1760985572836,-0.6376872,3.6687953,9.646067
1760985572839,-0.6430711,3.6496527,9.650852
1760985572841,-0.6430711,3.6448672,9.608379
1760985572843,-0.6430711,3.6257246,9.594023
1760985572845,-0.63828546,3.659224,9.607781
1760985572848,-0.6622137,3.6550367,9.603594
1760985572850,-0.66699934,3.6454654,9.589237
1760985572853,-0.657428,3.6448672,9.579665
1760985572855,-0.62871414,3.659224,9.602996
1760985572857,-0.63828546,3.659224,9.598209
1760985572859,-0.6047859,3.6544385,9.631709
1760985572861,-0.5952146,3.6681972,9.631709
1760985572863,-0.58564335,3.6681972,9.669994
1760985572866,-0.5706882,3.6777685,9.67478
1760985572868,-0.58983076,3.6783667,9.684352
1760985572871,-0.5946164,3.687938,9.698709
1760985572873,-0.62811595,3.6687953,9.689137
1760985572875,-0.65682983,3.674179,9.717851
1760985572877,-0.6945168,3.6843486,9.713065
1760985572880,-0.72382885,3.6604204,9.698709
1760985572882,-0.77647096,3.6514473,9.689735
1760985572884,-0.8003992,3.6520455,9.689735
1760985572886,-0.80518484,3.6424742,9.6993065
1760985572889,-0.83389866,3.6376886,9.6993065
1760985572891,-0.84347,3.6281173,9.704092
1760985572893,-0.81954175,3.6329029,9.713663
1760985572895,-0.80937225,3.6520455,9.741779
1760985572898,-0.78065836,3.6664026,9.746565
1760985572900,-0.75673014,3.67059,9.756136
1760985572902,-0.75194454,3.6849468,9.756136
1760985572905,-0.7423732,3.6753755,9.765707
1760985572907,-0.7328019,3.6849468,9.75135
1760985572909,-0.72323066,3.6849468,9.756136
1760985572911,-0.7328019,3.6801612,9.736994
1760985572913,-0.7471589,3.67059,9.70828
1760985572916,-0.75673014,3.67059,9.693923
1760985572918,-0.7615158,3.67059,9.689137
1760985572920,-0.76689965,3.656233,9.661021
1760985572923,-0.73340017,3.6699917,9.650852
1760985572925,-0.70947194,3.6843486,9.646067
1760985572927,-0.6999006,3.6843486,9.646067
1760985572929,-0.6520442,3.6933217,9.655638
1760985572932,-0.61854464,3.7070804,9.650852
1760985572934,-0.5988039,3.7166517,9.655638
1760985572936,-0.5796613,3.726223,9.683753
1760985572939,-0.5563313,3.711268,9.669994
1760985572941,-0.5706882,3.7160535,9.669994
1760985572943,-0.57547385,3.711268,9.669994
1760985572945,-0.6041877,3.7070804,9.655638
1760985572947,-0.60837513,3.7214375,9.684352
1760985572950,-0.6418747,3.702893,9.684352
1760985572952,-0.6759724,3.6885362,9.679565
1760985572954,-0.69930243,3.7034912,9.679565
1760985572957,-0.72323066,3.6891344,9.689137
1760985572959,-0.7280163,3.6993039,9.727423
1760985572961,-0.75194454,3.7040894,9.732208
1760985572963,-0.75673014,3.6801612,9.775279
1760985572966,-0.7423732,3.6849468,9.789636
1760985572968,-0.7423732,3.694518,9.81835
1760985572971,-0.7513463,3.6903307,9.856635
1760985572972,-0.7710871,3.675974,9.851849
1760985572975,-0.7800602,3.685545,9.856635
1760985572977,-0.7848458,3.6957145,9.894321
1760985572979,-0.8039884,3.6717863,9.885348
1760985572981,-0.8333005,3.662215,9.866206
1760985572984,-0.85244304,3.6532419,9.890134
1760985572986,-0.8668,3.6532419,9.880563
1760985572988,-0.8811569,3.6436708,9.856635
1760985572990,-0.87158567,3.6484563,9.861421
1760985572993,-0.8668,3.6245282,9.861421
1760985572995,-0.84765744,3.6335013,9.847063
1760985572997,-0.81894356,3.6335013,9.847063
1760985573000,-0.7908279,3.6329029,9.842278
1760985573002,-0.76689965,3.6329029,9.823135
1760985573004,-0.7429714,3.6275191,9.851849
1760985573007,-0.7477571,3.6466618,9.832706
1760985573009,-0.7477571,3.6275191,9.827921
1760985573011,-0.73818576,3.641876,9.799207
1760985573013,-0.7477571,3.6275191,9.789636
1760985573016,-0.7429714,3.6370904,9.7704935
1760985573018,-0.7573284,3.6227336,9.7609215
1760985573020,-0.7812566,3.6131623,9.751948
1760985573022,-0.80518484,3.6137605,9.723235
1760985573025,-0.82911307,3.6137605,9.71845
1760985573028,-0.84347,3.609573,9.728021
1760985573029,-0.8249256,3.589832,9.737592
1760985573031,-0.82911307,3.5994034,9.713663
1760985573033,-0.82971126,3.589832,9.732806
1760985573036,-0.8147561,3.5994034,9.766306
1760985573038,-0.8386843,3.6000016,9.766306
1760985573040,-0.84347,3.595216,9.780663
1760985573043,-0.8386843,3.595216,9.804591
1760985573045,-0.83389866,3.609573,9.818948
1760985573048,-0.8578269,3.5808592,9.823733
1760985573050,-0.86261255,3.5760734,9.8428755
1760985573052,-0.85842514,3.5569308,9.862019
1760985573054,-0.87218386,3.5623147,9.87159
1760985573056,-0.8769695,3.557529,9.876375
1760985573058,-0.91106725,3.5288153,9.895518
1760985573061,-0.9062816,3.5288153,9.909875
1760985573063,-0.9391829,3.5389848,9.919446
1760985573066,-0.93978107,3.5294135,9.909875
1760985573068,-0.9349955,3.5150564,9.929018
1760985573070,-0.93978107,3.5102708,9.943375
1760985573072,-0.9493524,3.5150564,9.938589
1760985573075,-0.9206385,3.5198421,9.957731
1760985573077,-0.9062816,3.5198421,9.962517
1760985573079,-0.87278205,3.5336008,9.957731
1760985573082,-0.8632108,3.5288153,9.952946
1760985573085,-0.8536395,3.5288153,9.94816
1760985573087,-0.84406817,3.51386,9.94816
1760985573089,-0.82013994,3.528217,9.943375
1760985573090,-0.8105687,3.528217,9.929018
1760985573093,-0.7968099,3.522833,9.924232
1760985573095,-0.8009974,3.522833,9.924232
1760985573097,-0.8105687,3.53719,9.890733
1760985573099,-0.7962117,3.53719,9.866804
1760985573102,-0.7962117,3.53719,9.857233
1760985573104,-0.79142606,3.551547,9.8428755
1760985573106,-0.79142606,3.551547,9.83809
1760985573108,-0.76749784,3.5557344,9.828519
1760985573111,-0.7393822,3.5557344,9.809377
1760985573113,-0.72442704,3.5838501,9.803992
1760985573115,-0.7052845,3.5886357,9.775279
1760985573118,-0.69092757,3.5934215,9.780065
1760985573120,-0.6765706,3.5880375,9.7704935
1760985573122,-0.66699934,3.611966,9.775279
1760985573124,-0.6430711,3.6263227,9.780065
1760985573127,-0.62871414,3.6263227,9.780065
1760985573129,-0.6430711,3.6263227,9.775279
1760985573132,-0.6329016,3.6550367,9.756136
1760985573134,-0.6520442,3.6454654,9.765707
1760985573136,-0.67118675,3.650251,9.7609215
1760985573138,-0.6759724,3.6652062,9.7704935
1760985573140,-0.6903293,3.6556349,9.746565
1760985573143,-0.695115,3.6604204,9.746565
1760985573145,-0.6999006,3.6604204,9.75135
1760985573148,-0.6945168,3.6747773,9.75135
1760985573149,-0.7040881,3.679563,9.765707
1760985573152,-0.6897311,3.679563,9.780065
1760985573154,-0.6945168,3.6891344,9.7704935
1760985573156,-0.68494546,3.6891344,9.780065
1760985573159,-0.70348984,3.723232,9.789038
1760985573161,-0.6897311,3.7130625,9.784252
1760985573163,-0.70348984,3.7184465,9.780065
1760985573165,-0.6945168,3.708277,9.780065
1760985573167,-0.69930243,3.708277,9.775279
1760985573170,-0.72323066,3.7040894,9.7704935
1760985573172,-0.7322037,3.7088752,9.780065
1760985573174,-0.7615158,3.685545,9.780065
1760985573176,-0.7710871,3.671188,9.775279
1760985573179,-0.785444,3.6807594,9.7609215
1760985573181,-0.78065836,3.6903307,9.7704935
1760985573184,-0.8045866,3.671188,9.765707
1760985573186,-0.8045866,3.6616168,9.78485
1760985573188,-0.80937225,3.6664026,9.775279
1760985573190,-0.81894356,3.6574295,9.7704935
1760985573192,-0.8237292,3.662215,9.803992
1760985573195,-0.81894356,3.6430724,9.799207
1760985573197,-0.8285148,3.6335013,9.794421
1760985573199,-0.8428718,3.6382868,9.789636
1760985573201,-0.8380861,3.6478581,9.808778
1760985573204,-0.85244304,3.6287155,9.813564
1760985573206,-0.8428718,3.6287155,9.790234
1760985573208,-0.87637126,3.638885,9.799805
1760985573211,-0.87637126,3.638885,9.785448
1760985573213,-0.8961121,3.610171,9.766306
1760985573216,-0.8817552,3.6047873,9.76152
1760985573217,-0.8865408,3.6047873,9.742377
1760985573220,-0.8913264,3.6149569,9.742377
1760985573221,-0.8769695,3.6000016,9.742377
1760985573224,-0.87218386,3.6047873,9.723235
1760985573226,-0.86261255,3.6143587,9.732806
1760985573228,-0.8578269,3.595216,9.723235
1760985573231,-0.8147561,3.618546,9.713663
1760985573233,-0.81954175,3.6281173,9.728021
1760985573235,-0.80518484,3.6137605,9.704092
1760985573237,-0.7722835,3.5988052,9.704092
1760985573240,-0.76689965,3.6275191,9.708878
1760985573242,-0.76749784,3.6083765,9.704092
1760985573244,-0.76271224,3.603591,9.723235
1760985573246,-0.762114,3.6275191,9.71845
1760985573249,-0.7812566,3.6227336,9.708878
1760985573251,-0.8003992,3.6281173,9.689735
1760985573253,-0.80997044,3.64726,9.689735
1760985573256,-0.80518484,3.6329029,9.680164
1760985573258,-0.8243274,3.6376886,9.675379
1760985573260,-0.8003992,3.6281173,9.68495
1760985573262,-0.7956135,3.6131623,9.675379
1760985573265,-0.7860422,3.6179478,9.661021
1760985573267,-0.7812566,3.6227336,9.670592
1760985573269,-0.7818548,3.5940197,9.680164
1760985573271,-0.7477571,3.6227336,9.694521
1760985573274,-0.73818576,3.6221352,9.704092
1760985573276,-0.7429714,3.6370904,9.713065
1760985573279,-0.7286145,3.6412778,9.698709
1760985573281,-0.73340017,3.626921,9.704092
1760985573283,-0.73818576,3.6221352,9.704092
1760985573285,-0.7429714,3.626921,9.6993065
1760985573288,-0.7722835,3.603591,9.694521
1760985573290,-0.7435696,3.6029928,9.675379
1760985573292,-0.76271224,3.5988052,9.656236
1760985573294,-0.77706915,3.5988052,9.680164
1760985573297,-0.7818548,3.5844483,9.646665
1760985573299,-0.7818548,3.5844483,9.656236
1760985573301,-0.79142606,3.574877,9.646665
1760985573303,-0.7818548,3.5892339,9.641879
1760985573306,-0.76749784,3.5844483,9.641879
1760985573308,-0.7531409,3.5934215,9.641879
1760985573310,-0.73399836,3.6029928,9.646665
1760985573312,-0.7435696,3.612564,9.65145
1760985573315,-0.72442704,3.612564,9.646665
1760985573317,-0.7106683,3.5880375,9.61795
1760985573319,-0.7106683,3.5976088,9.603594
1760985573322,-0.7106683,3.5880375,9.598808
1760985573324,-0.70588267,3.5928233,9.570094
1760985573326,-0.6867401,3.5880375,9.570094
1760985573328,-0.69152576,3.5928233,9.570094
1760985573331,-0.69152576,3.5784662,9.570094
1760985573333,-0.6771688,3.577868,9.546165
1760985573335,-0.6628119,3.592225,9.536594
1760985573337,-0.6628119,3.5970106,9.54138
1760985573340,-0.6436693,3.5874393,9.536594
1760985573342,-0.6436693,3.5970106,9.527023
1760985573344,-0.65324056,3.6017964,9.546165
1760985573347,-0.62452674,3.6011982,9.546165
1760985573349,-0.6197411,3.6011982,9.5557375
1760985573351,-0.6436693,3.6017964,9.550952
1760985573353,-0.62452674,3.5964124,9.560523
1760985573356,-0.64905316,3.5730824,9.5557375
1760985573358,-0.62931234,3.5820556,9.565309
1760985573360,-0.6580262,3.5730824,9.550952
1760985573362,-0.67776704,3.5539398,9.565309
1760985573365,-0.6729814,3.539583,9.579665
1760985573367,-0.69212395,3.5449667,9.594023
1760985573369,-0.7112665,3.5353954,9.613165
1760985573371,-0.7256235,3.5210385,9.618548
1760985573374,-0.70169526,3.5162528,9.646665
1760985573376,-0.7304091,3.5168512,9.665807
1760985573378,-0.70648086,3.5162528,9.675379
1760985573380,-0.7160522,3.502494,9.6993065
1760985573383,-0.7304091,3.502494,9.728021
1760985573385,-0.73519474,3.478566,9.747163
1760985573387,-0.73519474,3.4737802,9.751948
1760985573390,-0.74476606,3.4737802,9.771091
1760985573392,-0.75912297,3.4695928,9.780663
1760985573394,-0.7639086,3.4839497,9.780663
1760985573396,-0.78783685,3.4695928,9.799805
1760985573399,-0.7830512,3.4791641,9.809377
1760985573401,-0.7926225,3.4600215,9.800404
1760985573403,-0.78783685,3.4839497,9.823733
1760985573405,-0.79740816,3.4797623,9.818948
1760985573408,-0.78783685,3.4893336,9.823733
1760985573410,-0.78783685,3.4941192,9.823733
1760985573412,-0.7920243,3.498905,9.823733
1760985573415,-0.7830512,3.4791641,9.8428755
1760985573417,-0.7728817,3.5030923,9.828519
1760985573419,-0.7585248,3.5270207,9.8428755
1760985573422,-0.74895346,3.5030923,9.8524475
1760985573424,-0.7680961,3.522235,9.8428755
1760985573426,-0.76331043,3.5270207,9.828519
1760985573428,-0.76331043,3.5413775,9.83809
1760985573430,-0.7537391,3.522235,9.8428755
1760985573433,-0.76749784,3.5557344,9.8428755
1760985573435,-0.7531409,3.5605202,9.828519
1760985573437,-0.738784,3.5844483,9.832706
1760985573439,-0.74835527,3.5892339,9.847063
1760985573442,-0.73340017,3.6131623,9.827921
1760985573444,-0.7429714,3.6083765,9.837492
1760985573446,-0.762114,3.6083765,9.827921
1760985573449,-0.77647096,3.6424742,9.808778
1760985573451,-0.7902297,3.6424742,9.813564
1760985573453,-0.8045866,3.6424742,9.81835
1760985573455,-0.8045866,3.6520455,9.827921
1760985573457,-0.81894356,3.6430724,9.799207
1760985573460,-0.8045866,3.6664026,9.789636
1760985573462,-0.8237292,3.6478581,9.799207
1760985573465,-0.8285148,3.662215,9.794421
1760985573467,-0.84347,3.6191442,9.785448
1760985573469,-0.8380861,3.6335013,9.81835
1760985573472,-0.78065836,3.6568313,9.803992
1760985573474,-0.68075806,3.6604204,9.780065
1760985573476,-0.637089,3.6837504,9.851251
1760985573478,-0.6855437,3.6604204,9.832706
1760985573480,-0.7429714,3.6514473,9.799207
1760985573483,-0.8045866,3.6568313,9.780065
1760985573485,-0.80937225,3.676572,9.823135
1760985573487,-0.8333005,3.6670008,9.803992
1760985573489,-0.8668,3.6478581,9.756734
1760985573491,-0.85244304,3.6478581,9.742377
1760985573494,-0.8578269,3.6335013,9.71845
1760985573496,-0.81894356,3.6616168,9.732208
1760985573498,-0.7902297,3.6568313,9.717851
1760985573501,-0.7615158,3.67059,9.732208
1760985573503,-0.718445,3.6747773,9.727423
1760985573505,-0.69930243,3.679563,9.717851
1760985573507,-0.68494546,3.679563,9.746565
1760985573510,-0.6658029,3.6933217,9.736994
1760985573512,-0.6472585,3.6693935,9.741779
1760985573514,-0.6664011,3.6646078,9.741779
1760985573517,-0.6903293,3.6652062,9.746565
1760985573519,-0.6999006,3.6604204,9.727423
1760985573521,-0.73340017,3.6610186,9.736994
1760985573523,-0.75254273,3.6514473,9.732208
1760985573525,-0.76689965,3.6514473,9.717851
1760985573528,-0.7860422,3.6370904,9.728021
1760985573530,-0.7812566,3.6179478,9.713663
1760985573532,-0.7579266,3.6131623,9.713663
1760985573535,-0.77706915,3.603591,9.704092
1760985573537,-0.76271224,3.6083765,9.713663
1760985573539,-0.7435696,3.5934215,9.704092
1760985573541,-0.7292127,3.5838501,9.713663
1760985573544,-0.7196414,3.598207,9.71845
1760985573546,-0.7196414,3.5886357,9.71845
1760985573548,-0.72023964,3.5742788,9.708878
1760985573550,-0.6963114,3.5593238,9.71845
1760985573553,-0.69152576,3.5736806,9.713663
1760985573555,-0.715454,3.559922,9.704092
1760985573557,-0.7106683,3.5694933,9.737592
1760985573560,-0.72502524,3.559922,9.732806
1760985573562,-0.74895346,3.5503507,9.71845
1760985573564,-0.7585248,3.5407794,9.6993065
1760985573566,-0.74416786,3.5407794,9.708878
1760985573568,-0.7585248,3.5359936,9.708878
1760985573571,-0.7680961,3.5270207,9.6993065
1760985573573,-0.74476606,3.5264223,9.68495
1760985573576,-0.7585248,3.5264223,9.6993065
1760985573578,-0.7585248,3.5264223,9.680164
1760985573580,-0.73519474,3.5264223,9.670592
1760985573582,-0.7160522,3.525824,9.661021
1760985573584,-0.7256235,3.5216367,9.65145
1760985573587,-0.7112665,3.5306098,9.637094
1760985573589,-0.70169526,3.525824,9.632308
1760985573592,-0.70648086,3.5449667,9.637094
1760985573594,-0.69152576,3.554538,9.6275215
1760985573596,-0.72023964,3.5449667,9.61795
1760985573598,-0.7106683,3.554538,9.613165
1760985573600,-0.70648086,3.5353954,9.58505
1760985573603,-0.7106683,3.5641093,9.584451
1760985573605,-0.73459655,3.5694933,9.57488
1760985573607,-0.74895346,3.5886357,9.560523
1760985573609,-0.7537391,3.5694933,9.556335
1760985573612,-0.74416786,3.5790644,9.546764
1760985573615,-0.7680961,3.5838501,9.546764
1760985573619,-0.79142606,3.603591,9.546764
1760985573620,-0.7818548,3.6077783,9.54138
1760985573621,-0.7818548,3.6029928,9.537193
1760985573623,-0.7818548,3.6131623,9.550952
1760985573625,-0.77706915,3.6077783,9.522836
1760985573628,-0.77706915,3.626921,9.550952
1760985573630,-0.7722835,3.626921,9.54138
1760985573633,-0.76271224,3.6317065,9.536594
1760985573635,-0.7531409,3.6412778,9.54138
1760985573637,-0.76271224,3.626921,9.565309
1760985573639,-0.7477571,3.650849,9.5557375
1760985573642,-0.75254273,3.650849,9.579665
1760985573645,-0.7573284,3.6460636,9.594023
1760985573646,-0.7573284,3.6412778,9.589237
1760985573648,-0.74835527,3.6317065,9.589237
1760985573651,-0.74835527,3.6317065,9.603594
1760985573653,-0.7429714,3.6556349,9.608379
1760985573655,-0.7435696,3.6173496,9.622736
1760985573657,-0.7477571,3.6317065,9.6275215
1760985573659,-0.7435696,3.626921,9.632308
1760985573662,-0.77647096,3.6275191,9.632308
1760985573664,-0.7812566,3.6275191,9.65145
1760985573666,-0.7818548,3.603591,9.670592
1760985573669,-0.7908279,3.6179478,9.670592
1760985573671,-0.7818548,3.5988052,9.680164
1760985573673,-0.7962117,3.6083765,9.68495
1760985573675,-0.7962117,3.5892339,9.689735
1760985573678,-0.79142606,3.574877,9.723235
1760985573680,-0.80578303,3.5706897,9.747163
1760985573682,-0.8344969,3.5754752,9.76152
1760985573685,-0.82013994,3.5611184,9.766306
1760985573687,-0.82911307,3.5850465,9.785448
1760985573689,-0.82971126,3.5760734,9.804591
1760985573691,-0.84825563,3.5904303,9.814162
1760985573693,-0.84406817,3.5712879,9.83809
1760985573696,-0.81954175,3.5808592,9.847662
1760985573698,-0.83389866,3.5760734,9.866804
1760985573700,-0.8392825,3.5569308,9.876375
1760985573703,-0.8153543,3.5563326,9.8524475
1760985573705,-0.82971126,3.5521452,9.876375
1760985573707,-0.8153543,3.5617166,9.885947
1760985573709,-0.80578303,3.5563326,9.876375
1760985573712,-0.78664047,3.5467613,9.876375
1760985573715,-0.76749784,3.551547,9.866804
1760985573717,-0.76331043,3.5365918,9.881161
1760985573719,-0.7435696,3.5557344,9.875777
1760985573721,-0.7435696,3.546163,9.875777
1760985573723,-0.73399836,3.5653057,9.861421
1760985573725,-0.72023964,3.5509489,9.861421
1760985573728,-0.7052845,3.5694933,9.875777
1760985573730,-0.701097,3.545565,9.856635
1760985573732,-0.7004988,3.5647075,9.851849
1760985573734,-0.70588267,3.545565,9.856635
1760985573736,-0.6963114,3.5551362,9.870992
1760985573739,-0.7052845,3.5694933,9.861421
1760985573741,-0.69571316,3.5742788,9.866206
1760985573743,-0.71007013,3.5742788,9.870992
1760985573745,-0.738784,3.5796626,9.866206
1760985573748,-0.74835527,3.5892339,9.875777
1760985573750,-0.76271224,3.5706897,9.890134
1760985573752,-0.79142606,3.5754752,9.875777
1760985573754,-0.8243274,3.5760734,9.866804
1760985573757,-0.8249256,3.5712879,9.857233
1760985573759,-0.8386843,3.5760734,9.862019
1760985573761,-0.8578269,3.5712879,9.876375
1760985573764,-0.86261255,3.5760734,9.857233
1760985573766,-0.84825563,3.5760734,9.8524475
1760985573769,-0.8530413,3.5808592,9.847662
1760985573770,-0.8386843,3.5712879,9.857233
1760985573773,-0.83389866,3.595216,9.828519
1760985573775,-0.8243274,3.5904303,9.828519
1760985573777,-0.82911307,3.5904303,9.823733
1760985573779,-0.80997044,3.589832,9.809377
1760985573782,-0.79142606,3.589832,9.795019
1760985573784,-0.7956135,3.6233318,9.780065
1760985573786,-0.7812566,3.6131623,9.76152
1760985573789,-0.762114,3.6131623,9.751948
1760985573791,-0.77647096,3.6275191,9.728021
1760985573793,-0.762114,3.6323047,9.723235
1760985573796,-0.762114,3.6323047,9.694521
1760985573798,-0.74835527,3.6179478,9.6993065
1760985573800,-0.73818576,3.626921,9.680164
1760985573802,-0.74835527,3.6173496,9.65145
1760985573805,-0.73399836,3.6221352,9.646665
1760985573807,-0.7292127,3.6077783,9.637094
1760985573809,-0.738784,3.6221352,9.637094
1760985573812,-0.7531409,3.6173496,9.6275215
1760985573814,-0.7579266,3.598207,9.622736
1760985573816,-0.77706915,3.6083765,9.622736
1760985573819,-0.76749784,3.612564,9.603594
1760985573820,-0.7722835,3.6179478,9.61795
1760985573823,-0.7818548,3.6083765,9.622736
1760985573825,-0.7722835,3.6227336,9.641879
1760985573827,-0.77706915,3.5940197,9.656236
1760985573830,-0.78664047,3.5988052,9.661021
1760985573832,-0.7818548,3.603591,9.670592
1760985573834,-0.78664047,3.603591,9.680164
1760985573836,-0.7962117,3.5892339,9.68495
1760985573839,-0.80578303,3.5796626,9.680164
1760985573841,-0.7818548,3.5892339,9.689735
1760985573843,-0.7722835,3.5940197,9.6993065
1760985573845,-0.7531409,3.5844483,9.6993065
1760985573848,-0.76271224,3.6083765,9.694521
1760985573850,-0.7722835,3.5844483,9.6993065
1760985573852,-0.76271224,3.5892339,9.694521
1760985573855,-0.76271224,3.5940197,9.694521
1760985573857,-0.7722835,3.5988052,9.68495
1760985573859,-0.76749784,3.5844483,9.670592
1760985573861,-0.76271224,3.5796626,9.680164
1760985573864,-0.7722835,3.5700915,9.68495
1760985573866,-0.76271224,3.5796626,9.665807
1760985573868,-0.7818548,3.574877,9.665807
1760985573871,-0.7680961,3.5605202,9.65145
1760985573872,-0.7728817,3.5509489,9.661021
1760985573875,-0.7818548,3.5796626,9.641879
1760985573878,-0.7818548,3.574877,9.637094
1760985573880,-0.8009974,3.5700915,9.646665
1760985573882,-0.782453,3.5557344,9.623335
1760985573884,-0.7728817,3.5694933,9.61795
1760985573886,-0.7585248,3.5503507,9.632308
1760985573888,-0.73459655,3.5694933,9.632308
1760985573891,-0.72502524,3.5790644,9.632308
1760985573893,-0.715454,3.5838501,9.637094
1760985573895,-0.71007013,3.5934215,9.65145
1760985573897,-0.7052845,3.611966,9.637094
1760985573900,-0.7052845,3.612564,9.656236
1760985573902,-0.7052845,3.6263227,9.637094
1760985573904,-0.7196414,3.6221352,9.641879
1760985573906,-0.72442704,3.5934215,9.613165
1760985573909,-0.7531409,3.612564,9.613165
1760985573911,-0.7579266,3.6221352,9.61795
1760985573913,-0.7435696,3.626921,9.594023
1760985573916,-0.77706915,3.6179478,9.613165
1760985573918,-0.762114,3.6466618,9.608379
1760985573920,-0.73818576,3.6460636,9.608379
1760985573923,-0.75254273,3.6412778,9.613165
1760985573925,-0.7573284,3.6275191,9.641879
1760985573927,-0.762114,3.6323047,9.65145
1760985573929,-0.7716853,3.6466618,9.637094
1760985573932,-0.7956135,3.6370904,9.641879
1760985573934,-0.7956135,3.6275191,9.622736
1760985573936,-0.80518484,3.6323047,9.637094
1760985573939,-0.80518484,3.6227336,9.637094
1760985573941,-0.8386843,3.6281173,9.6275215
1760985573943,-0.82911307,3.6089747,9.637094
1760985573945,-0.8344969,3.589832,9.637094
1760985573947,-0.8344969,3.5754752,9.646665
1760985573950,-0.8392825,3.580261,9.670592
1760985573952,-0.82971126,3.5850465,9.675379
1760985573954,-0.8153543,3.5706897,9.680164
1760985573956,-0.82013994,3.580261,9.680164
1760985573959,-0.81595254,3.5467613,9.675379
1760985573961,-0.80159557,3.546163,9.708878
1760985573963,-0.80159557,3.522235,9.708878
1760985573966,-0.8111669,3.5180476,9.71845
1760985573968,-0.80159557,3.507878,9.719048
1760985573970,-0.8063812,3.5036905,9.733404
1760985573972,-0.81595254,3.522833,9.737592
1760985573975,-0.7920243,3.522235,9.756734
1760985573977,-0.7968099,3.522833,9.766306
1760985573979,-0.8063812,3.5084763,9.780663
1760985573981,-0.7920243,3.53719,9.775877
1760985573984,-0.7920243,3.522833,9.790234
1760985573986,-0.77766734,3.5174494,9.795019
1760985573988,-0.78723866,3.5419757,9.799805
1760985573991,-0.78723866,3.53719,9.804591
1760985573993,-0.7728817,3.5413775,9.790234
1760985573995,-0.7585248,3.5318062,9.795019
1760985573997,-0.76331043,3.5365918,9.785448
1760985574000,-0.7680961,3.5413775,9.790234
1760985574002,-0.7728817,3.5318062,9.790234
1760985574004,-0.7728817,3.5413775,9.790234
1760985574007,-0.782453,3.5270207,9.775877
1760985574009,-0.76331043,3.5365918,9.775877
1760985574011,-0.7585248,3.5413775,9.790234
1760985574013,-0.74835527,3.5653057,9.775877
1760985574015,-0.7537391,3.5557344,9.780663
1760985574018,-0.7680961,3.5413775,9.780663
1760985574020,-0.7722835,3.5605202,9.785448
1760985574022,-0.74835527,3.574877,9.771091
1760985574025,-0.7537391,3.5509489,9.76152
1760985574027,-0.76749784,3.5557344,9.775877
1760985574029,-0.7722835,3.5605202,9.751948
1760985574031,-0.7537391,3.5318062,9.76152
1760985574034,-0.74416786,3.546163,9.756734
1760985574036,-0.73399836,3.5700915,9.771091
1760985574038,-0.72502524,3.5503507,9.751948
1760985574040,-0.72023964,3.5551362,9.766306
1760985574043,-0.6963114,3.5551362,9.766306
1760985574045,-0.6771688,3.5497525,9.742377
1760985574047,-0.6580262,3.5641093,9.751948
1760985574049,-0.64845496,3.5641093,9.765707
1760985574052,-0.63888365,3.554538,9.756734
1760985574054,-0.63888365,3.5784662,9.765707
1760985574057,-0.64845496,3.5449667,9.751948
1760985574059,-0.6628119,3.5641093,9.76152
1760985574061,-0.6580262,3.5641093,9.756734
1760985574064,-0.66759753,3.5593238,9.766306
1760985574065,-0.6867401,3.5449667,9.76152
1760985574068,-0.69152576,3.5694933,9.76152
1760985574070,-0.6867401,3.5593238,9.751948
1760985574072,-0.6963114,3.5407794,9.76152
1760985574074,-0.69152576,3.5551362,9.775877
1760985574077,-0.69152576,3.559922,9.775877
1760985574079,-0.6771688,3.5641093,9.78485
1760985574081,-0.69152576,3.5647075,9.803992
1760985574084,-0.6867401,3.5694933,9.813564
1760985574086,-0.7004988,3.5694933,9.81835
1760985574088,-0.6861419,3.5742788,9.808778
1760985574090,-0.69152576,3.5694933,9.78485
1760985574093,-0.7106683,3.5647075,9.771091
1760985574095,-0.7148558,3.5790644,9.751948
1760985574097,-0.73459655,3.5647075,9.747163
1760985574099,-0.73459655,3.545565,9.71845
1760985574102,-0.73459655,3.5551362,9.71845
1760985574104,-0.7585248,3.546163,9.71845
1760985574106,-0.74895346,3.545565,9.728021
1760985574108,-0.76331043,3.546163,9.723235
1760985574111,-0.74895346,3.545565,9.694521
1760985574113,-0.7680961,3.5365918,9.708878
1760985574115,-0.73459655,3.5503507,9.71845
1760985574118,-0.7106683,3.5503507,9.713663
1760985574120,-0.68195444,3.554538,9.723235
1760985574122,-0.68195444,3.554538,9.732806
1760985574124,-0.6681957,3.5401812,9.742377
1760985574127,-0.6436693,3.5539398,9.728021
1760985574129,-0.6442675,3.5443685,9.728021
1760985574131,-0.6155536,3.539583,9.751948
1760985574133,-0.634098,3.5491543,9.747163
1760985574136,-0.6436693,3.5539398,9.742377
1760985574138,-0.6729814,3.5353954,9.71845
1760985574140,-0.6873383,3.5353954,9.728021
1760985574143,-0.70169526,3.5306098,9.713663
1760985574145,-0.72083783,3.5120654,9.723235
1760985574147,-0.73519474,3.5216367,9.71845
1760985574149,-0.74416786,3.5359936,9.71845
1760985574152,-0.74895346,3.5359936,9.708878
1760985574154,-0.74895346,3.5359936,9.71845
1760985574156,-0.73459655,3.531208,9.71845
1760985574158,-0.73459655,3.5359936,9.732806
1760985574161,-0.7256235,3.5216367,9.723235
1760985574163,-0.73459655,3.5359936,9.71845
1760985574165,-0.73519474,3.5216367,9.713663
1760985574167,-0.73519474,3.502494,9.704092
1760985574170,-0.7304091,3.5072799,9.689735
1760985574172,-0.72083783,3.5120654,9.68495
1760985574175,-0.72083783,3.5072799,9.680164
1760985574176,-0.7118647,3.487539,9.680762
1760985574179,-0.70169526,3.501896,9.680164
1760985574181,-0.68255264,3.501896,9.71845
1760985574184,-0.6586244,3.501896,9.723235
1760985574186,-0.63948184,3.5060835,9.708878
1760985574188,-0.6538388,3.525824,9.728021
1760985574191,-0.63948184,3.5252259,9.732806
1760985574193,-0.63948184,3.5252259,9.728021
1760985574195,-0.6299106,3.5060835,9.732806
1760985574197,-0.66341007,3.5162528,9.737592
1760985574199,-0.68255264,3.5066817,9.723235
1760985574202,-0.69212395,3.5306098,9.728021
1760985574205,-0.68255264,3.5162528,9.713663
1760985574207,-0.70169526,3.5210385,9.708878
1760985574208,-0.70648086,3.525824,9.708878
1760985574211,-0.69212395,3.5210385,9.713663
1760985574213,-0.7160522,3.5120654,9.71845
1760985574215,-0.7112665,3.5264223,9.723235
1760985574217,-0.70169526,3.5306098,9.713663
1760985574220,-0.72502524,3.545565,9.704092
1760985574222,-0.70588267,3.5503507,9.708878
1760985574224,-0.715454,3.5551362,9.713663
1760985574226,-0.72502524,3.559922,9.728021
1760985574228,-0.715454,3.559922,9.728021
1760985574231,-0.73459655,3.5694933,9.723235
1760985574233,-0.738784,3.5790644,9.713663
1760985574235,-0.7531409,3.5892339,9.71845
1760985574238,-0.7579266,3.5844483,9.675379
1760985574240,-0.76271224,3.5892339,9.694521
1760985574242,-0.7531409,3.6083765,9.675379
1760985574244,-0.762114,3.6275191,9.68495
1760985574247,-0.75254273,3.6370904,9.694521
1760985574249,-0.7579266,3.6179478,9.68495
1760985574251,-0.7573284,3.6179478,9.694521
1760985574253,-0.77647096,3.6227336,9.675379
1760985574256,-0.7716853,3.6370904,9.6993065
1760985574258,-0.7908279,3.641876,9.670592
1760985574260,-0.8003992,3.6376886,9.675379
1760985574262,-0.8003992,3.6329029,9.661021
1760985574265,-0.81954175,3.6281173,9.661021
1760985574267,-0.82911307,3.6233318,9.6993065
1760985574269,-0.83389866,3.618546,9.689735
1760985574272,-0.80997044,3.6281173,9.689735
1760985574274,-0.8003992,3.6281173,9.704092
1760985574276,-0.7956135,3.64726,9.694521
1760985574278,-0.7956135,3.6376886,9.723235
1760985574280,-0.7908279,3.6137605,9.756734
1760985574283,-0.7812566,3.6233318,9.747163
1760985574285,-0.7956135,3.6329029,9.7609215
1760985574287,-0.7860422,3.618546,9.780065
1760985574290,-0.7956135,3.6137605,9.803992
1760985574292,-0.80518484,3.5994034,9.780663
1760985574294,-0.8243274,3.6000016,9.799805
1760985574296,-0.84825563,3.6000016,9.818948
1760985574299,-0.86261255,3.5904303,9.828519
1760985574301,-0.86261255,3.6047873,9.823733
1760985574303,-0.86261255,3.5808592,9.814162
1760985574306,-0.8817552,3.5910287,9.809377
1760985574308,-0.8967103,3.5623147,9.809377
1760985574310,-0.9056834,3.557529,9.828519
1760985574312,-0.90149593,3.5527434,9.814162
1760985574314,-0.90089774,3.5623147,9.828519
1760985574318,-0.887139,3.5479577,9.818948
1760985574319,-0.8913264,3.5671003,9.818948
1760985574321,-0.8961121,3.5671003,9.799805
1760985574324,-0.88235337,3.5617166,9.780663
1760985574326,-0.8775677,3.5521452,9.790234
1760985574328,-0.85842514,3.5760734,9.785448
1760985574331,-0.8536395,3.5569308,9.775877
1760985574333,-0.8488538,3.551547,9.751948
1760985574335,-0.8392825,3.5467613,9.751948
1760985574337,-0.8344969,3.565904,9.742377
1760985574339,-0.8153543,3.5563326,9.723235
1760985574342,-0.82971126,3.565904,9.732806
1760985574345,-0.7920243,3.5557344,9.732806
1760985574347,-0.77706915,3.5653057,9.723235
1760985574349,-0.76749784,3.5653057,9.747163
1760985574351,-0.72442704,3.5742788,9.756734
1760985574353,-0.69571316,3.583252,9.737592
1760985574355,-0.70588267,3.559922,9.737592
1760985574358,-0.70588267,3.5647075,9.737592
1760985574361,-0.6867401,3.5688949,9.723235
1760985574363,-0.6963114,3.5688949,9.713663
1760985574365,-0.715454,3.5647075,9.732806
1760985574367,-0.70588267,3.5551362,9.728021
1760985574369,-0.7298109,3.5647075,9.728021
1760985574371,-0.72442704,3.5790644,9.732806
1760985574374,-0.7298109,3.5742788,9.723235
1760985574376,-0.73399836,3.5886357,9.713663
1760985574378,-0.73459655,3.5647075,9.732806
1760985574380,-0.76331043,3.5653057,9.708878
1760985574383,-0.76331043,3.5605202,9.708878
1760985574385,-0.78664047,3.5844483,9.728021
1760985574387,-0.78664047,3.5796626,9.71845
1760985574390,-0.8105687,3.5946178,9.704092
1760985574392,-0.8009974,3.5946178,9.723235
1760985574394,-0.7962117,3.603591,9.704092
1760985574396,-0.80518484,3.6041892,9.704092
1760985574399,-0.7860422,3.6227336,9.689735
1760985574401,-0.7812566,3.6131623,9.704092
1760985574403,-0.77647096,3.6227336,9.680164
1760985574405,-0.7716853,3.6275191,9.665807
1760985574408,-0.76749784,3.6179478,9.665807
1760985574410,-0.7908279,3.6179478,9.661021
1760985574413,-0.79142606,3.603591,9.637094
1760985574414,-0.8153543,3.6131623,9.61795
1760985574417,-0.7956135,3.6323047,9.622736
1760985574420,-0.80997044,3.6275191,9.613165
1760985574421,-0.80518484,3.6370904,9.613165
1760985574423,-0.7860422,3.6370904,9.613165
1760985574426,-0.7477571,3.6556349,9.641879
1760985574428,-0.73340017,3.6652062,9.622736
1760985574430,-0.70947194,3.6699917,9.608379
1760985574433,-0.70947194,3.6652062,9.64128
1760985574435,-0.6999006,3.6598222,9.632308
1760985574437,-0.695115,3.6598222,9.636495
1760985574440,-0.68075806,3.6550367,9.646067
1760985574442,-0.68075806,3.674179,9.660423
1760985574444,-0.695115,3.6406796,9.661021
1760985574447,-0.71425754,3.650849,9.641879
1760985574449,-0.73340017,3.6412778,9.641879
1760985574451,-0.738784,3.626921,9.656236
1760985574453,-0.738784,3.6173496,9.670592
1760985574456,-0.72442704,3.612564,9.661021
1760985574458,-0.74835527,3.6077783,9.675379
1760985574460,-0.7573284,3.6227336,9.680164
1760985574462,-0.7722835,3.603591,9.68495
1760985574464,-0.76749784,3.5940197,9.708878
1760985574467,-0.76271224,3.5892339,9.680164
1760985574469,-0.7680961,3.5605202,9.680164
1760985574471,-0.76331043,3.5700915,9.675379
1760985574474,-0.77766734,3.5653057,9.68495
1760985574475,-0.78723866,3.5509489,9.704092
1760985574478,-0.77706915,3.5700915,9.704092
1760985574480,-0.782453,3.5557344,9.689735
1760985574482,-0.7968099,3.5365918,9.708878
1760985574485,-0.80159557,3.5413775,9.694521
1760985574487,-0.8207382,3.527619,9.728021
1760985574489,-0.81595254,3.527619,9.713663
1760985574491,-0.8111669,3.5318062,9.713663
1760985574494,-0.78783685,3.507878,9.714262
1760985574496,-0.782453,3.5318062,9.708878
1760985574498,-0.7543373,3.5168512,9.71845
1760985574500,-0.7256235,3.5264223,9.723235
1760985574503,-0.6969096,3.525824,9.737592
1760985574505,-0.70169526,3.525824,9.728021
1760985574507,-0.6873383,3.5353954,9.728021
1760985574509,-0.67776704,3.525824,9.6993065
1760985574512,-0.6681957,3.5162528,9.6993065
1760985574514,-0.6681957,3.5066817,9.694521
1760985574516,-0.6681957,3.5114672,9.694521
1760985574518,-0.6729814,3.5162528,9.708878
1760985574521,-0.69212395,3.5114672,9.694521
1760985574523,-0.70169526,3.501896,9.6993065
1760985574525,-0.68255264,3.5114672,9.708878
1760985574528,-0.69212395,3.5066817,9.708878
1760985574530,-0.66341007,3.5114672,9.708878
1760985574532,-0.6586244,3.5066817,9.723235
1760985574534,-0.6586244,3.5162528,9.742377
1760985574537,-0.6346962,3.5252259,9.747163
1760985574539,-0.6442675,3.5300117,9.751948
1760985574541,-0.64905316,3.5306098,9.747163
1760985574544,-0.6436693,3.5497525,9.76152
1760985574546,-0.6729814,3.5353954,9.756734
1760985574548,-0.6771688,3.5497525,9.751948
1760985574550,-0.701097,3.5503507,9.751948
1760985574553,-0.72023964,3.5407794,9.756734
1760985574555,-0.74416786,3.5407794,9.747163
1760985574557,-0.74416786,3.5407794,9.747163
1760985574559,-0.77766734,3.5318062,9.737592
1760985574562,-0.7728817,3.546163,9.71845
1760985574564,-0.77766734,3.5509489,9.708878
1760985574566,-0.77766734,3.5557344,9.68495
1760985574568,-0.7722835,3.5796626,9.694521
1760985574571,-0.74895346,3.5551362,9.665807
1760985574573,-0.7393822,3.559922,9.689735
1760985574576,-0.72023964,3.5694933,9.675379
1760985574577,-0.715454,3.5593238,9.65145
1760985574580,-0.7106683,3.5742788,9.665807
1760985574582,-0.715454,3.5742788,9.661021
1760985574584,-0.7292127,3.5886357,9.661021
1760985574587,-0.72502524,3.5694933,9.65145
1760985574589,-0.70588267,3.583252,9.665807
1760985574591,-0.73399836,3.6029928,9.65145
1760985574594,-0.72442704,3.598207,9.665807
1760985574596,-0.738784,3.5934215,9.665807
1760985574599,-0.7435696,3.598207,9.675379
1760985574600,-0.74835527,3.6029928,9.670592
1760985574603,-0.77706915,3.5940197,9.6993065
1760985574607,-0.78664047,3.5940197,9.6993065
1760985574607,-0.8009974,3.6041892,9.708878
1760985574610,-0.8003992,3.6137605,9.708878
1760985574612,-0.80518484,3.6089747,9.708878
1760985574614,-0.7956135,3.6233318,9.71845
1760985574616,-0.7908279,3.6137605,9.737592
1760985574618,-0.7812566,3.6131623,9.71845
1760985574620,-0.77647096,3.6179478,9.71845
1760985574623,-0.7812566,3.6370904,9.728021
1760985574625,-0.7573284,3.6323047,9.723235
1760985574628,-0.73340017,3.626921,9.6993065
1760985574630,-0.7477571,3.6227336,9.71845
1760985574632,-0.7429714,3.6227336,9.71845
1760985574634,-0.7286145,3.6221352,9.736994
1760985574637,-0.7292127,3.6077783,9.680164
1760985574639,-0.72442704,3.6029928,9.68495
1760985574641,-0.7148558,3.612564,9.661021
1760985574644,-0.71007013,3.598207,9.680164
1760985574646,-0.72442704,3.598207,9.665807
1760985574648,-0.7106683,3.5736806,9.646665
1760985574650,-0.70588267,3.5880375,9.661021
1760985574652,-0.70588267,3.5688949,9.661021
1760985574655,-0.69152576,3.5736806,9.675379
1760985574657,-0.6867401,3.5641093,9.665807
1760985574659,-0.69152576,3.554538,9.665807
1760985574662,-0.70169526,3.5162528,9.680164
1760985574664,-0.70169526,3.5306098,9.708878
1760985574666,-0.70169526,3.5162528,9.694521
1760985574669,-0.69212395,3.5210385,9.728021
1760985574670,-0.70169526,3.4923246,9.742377
1760985574673,-0.69212395,3.5066817,9.756734
1760985574675,-0.70648086,3.5120654,9.766306
1760985574678,-0.69212395,3.4971104,9.780663
1760985574680,-0.70169526,3.4833515,9.785448
1760985574682,-0.70648086,3.4881372,9.809377
1760985574684,-0.7256235,3.4977086,9.823733
1760985574687,-0.7399804,3.4839497,9.823733
1760985574689,-0.7543373,3.493521,9.83809
1760985574691,-0.7543373,3.4791641,9.818948
1760985574693,-0.7495517,3.4839497,9.8524475
1760985574696,-0.7543373,3.4983068,9.8428755
1760985574698,-0.73459655,3.507878,9.862019
1760985574700,-0.74416786,3.522235,9.8524475
1760985574703,-0.7537391,3.5318062,9.8428755
1760985574705,-0.74895346,3.5509489,9.833304
1760985574707,-0.74895346,3.5365918,9.818948
1760985574709,-0.76331043,3.5509489,9.804591
1760985574711,-0.7962117,3.5563326,9.766306
1760985574714,-0.8063812,3.5419757,9.747163
1760985574717,-0.8105687,3.551547,9.728021
1760985574720,-0.8105687,3.5706897,9.71845
1760985574720,-0.82013994,3.5850465,9.680164
1760985574723,-0.8153543,3.6083765,9.6275215
1760985574725,-0.77706915,3.603591,9.637094
1760985574727,-0.76749784,3.6173496,9.608379
1760985574729,-0.73399836,3.6221352,9.598808
1760985574732,-0.7435696,3.6317065,9.579665
1760985574734,-0.7292127,3.6263227,9.560523
1760985574736,-0.69092757,3.6167514,9.54138
1760985574739,-0.69092757,3.6263227,9.512667
1760985574741,-0.7004988,3.6263227,9.4839525
1760985574743,-0.6765706,3.6257246,9.493524
1760985574745,-0.69152576,3.6161532,9.498309
1760985574748,-0.69092757,3.6311083,9.507881
1760985574750,-0.69571316,3.6263227,9.522238
1760985574752,-0.7052845,3.6454654,9.531809
1760985574755,-0.71007013,3.6406796,9.54138
1760985574757,-0.7286145,3.6550367,9.531809
1760985574760,-0.7286145,3.6652062,9.550952
1760985574761,-0.7477571,3.6604204,9.560523
1760985574764,-0.762114,3.6556349,9.565309
1760985574767,-0.7908279,3.6658044,9.57488
1760985574768,-0.7908279,3.6610186,9.598808
1760985574771,-0.799801,3.67059,9.613165
1760985574773,-0.8003992,3.656233,9.622736
1760985574775,-0.8141579,3.671188,9.646665
1760985574777,-0.8141579,3.671188,9.646665
1760985574780,-0.8003992,3.6568313,9.665807
1760985574782,-0.7902297,3.6658044,9.68495
1760985574784,-0.79501534,3.6664026,9.689735
1760985574786,-0.79501534,3.6520455,9.723235
1760985574788,-0.8003992,3.6376886,9.723235
1760985574791,-0.7956135,3.6137605,9.737592
1760985574793,-0.80518484,3.6281173,9.771091
1760985574796,-0.80997044,3.5994034,9.775877
1760985574798,-0.80997044,3.5946178,9.814162
1760985574800,-0.8009974,3.5754752,9.828519
1760985574802,-0.78664047,3.5611184,9.8428755
1760985574805,-0.8105687,3.551547,9.8524475
1760985574807,-0.7962117,3.53719,9.890733
1760985574809,-0.77766734,3.5132618,9.900304
1760985574811,-0.7920243,3.5036905,9.91466
1760985574814,-0.78723866,3.5036905,9.919446
1760985574816,-0.7680961,3.484548,9.929018
1760985574818,-0.77347994,3.441477,9.924232
1760985574820,-0.77347994,3.4366915,9.952946
1760985574823,-0.77347994,3.4366915,9.943375
1760985574825,-0.7788638,3.4271202,9.952946
1760985574827,-0.7645068,3.417549,9.98166
1760985574830,-0.7788638,3.417549,9.972089
1760985574832,-0.7788638,3.403192,9.962517
1760985574834,-0.78364944,3.417549,9.962517
1760985574836,-0.78364944,3.4223347,9.952946
1760985574839,-0.78843504,3.4079776,9.943375
1760985574841,-0.7692925,3.4217365,9.919446
1760985574843,-0.7692925,3.4360933,9.890733
1760985574845,-0.7788638,3.4217365,9.890733
1760985574848,-0.78783685,3.4462628,9.87159
1760985574850,-0.7932207,3.441477,9.847662
1760985574852,-0.7830512,3.4606197,9.857233
1760985574855,-0.79740816,3.4654055,9.83809
1760985574857,-0.7830512,3.4743786,9.823733
1760985574859,-0.77766734,3.5030923,9.814162
1760985574861,-0.77347994,3.5030923,9.771091
1760985574864,-0.7680961,3.5174494,9.775877
1760985574866,-0.77766734,3.5413775,9.756734
1760985574868,-0.7728817,3.546163,9.742377
1760985574870,-0.77706915,3.5700915,9.713663
1760985574873,-0.76749784,3.5700915,9.704092
1760985574875,-0.76271224,3.5892339,9.694521
1760985574877,-0.74835527,3.598207,9.680164
1760985574879,-0.7435696,3.612564,9.661021
1760985574882,-0.72442704,3.612564,9.670592
1760985574884,-0.7046863,3.650849,9.656236
1760985574887,-0.7046863,3.650849,9.646665
1760985574888,-0.7190432,3.6652062,9.6275215
1760985574891,-0.75254273,3.6556349,9.61795
1760985574893,-0.75254273,3.6412778,9.608379
1760985574895,-0.75254273,3.650849,9.6275215
1760985574897,-0.75254273,3.6556349,9.6275215
1760985574900,-0.76689965,3.656233,9.608379
1760985574902,-0.7716853,3.641876,9.589237
1760985574905,-0.7812566,3.656233,9.61795
1760985574907,-0.7908279,3.6514473,9.594023
1760985574909,-0.7812566,3.6514473,9.598808
1760985574911,-0.7812566,3.6466618,9.598808
1760985574914,-0.7962117,3.6179478,9.608379
1760985574916,-0.7812566,3.641876,9.61795
1760985574918,-0.762114,3.6466618,9.6275215
1760985574920,-0.7716853,3.6370904,9.6275215
1760985574923,-0.7573284,3.6514473,9.641879
1760985574925,-0.7286145,3.6412778,9.656236
1760985574927,-0.73818576,3.6317065,9.65145
1760985574929,-0.73340017,3.6317065,9.670592
1760985574931,-0.73818576,3.6460636,9.661021
1760985574934,-0.73340017,3.6364923,9.670592
1760985574936,-0.72382885,3.6412778,9.68495
1760985574939,-0.7286145,3.626921,9.708878
1760985574940,-0.72442704,3.6173496,9.6993065
1760985574943,-0.72442704,3.612564,9.713663
1760985574945,-0.7148558,3.6029928,9.71845
1760985574947,-0.7148558,3.6029928,9.732806
1760985574950,-0.71007013,3.6077783,9.713663
1760985574952,-0.7052845,3.6221352,9.713065
1760985574954,-0.69092757,3.60718,9.71845
1760985574956,-0.7004988,3.6077783,9.713663
1760985574959,-0.69092757,3.6023946,9.723235
1760985574961,-0.7052845,3.598207,9.713663
1760985574963,-0.70588267,3.5742788,9.6993065
1760985574965,-0.6963114,3.5641093,9.713663
1760985574968,-0.701097,3.5784662,9.704092
1760985574970,-0.6963114,3.5593238,9.713663
1760985574973,-0.701097,3.5641093,9.708878
1760985574974,-0.70588267,3.5401812,9.704092
1760985574977,-0.7106683,3.545565,9.708878
1760985574979,-0.72502524,3.5359936,9.6993065
1760985574981,-0.73459655,3.531208,9.713663
1760985574983,-0.7537391,3.531208,9.71845
1760985574986,-0.7537391,3.5270207,9.737592
1760985574988,-0.7639086,3.4983068,9.742377
1760985574990,-0.7686943,3.4839497,9.733404
1760985574993,-0.7639086,3.4839497,9.742377
1760985574995,-0.7686943,3.4743786,9.76152
1760985574998,-0.7501499,3.464209,9.771091
1760985575000,-0.73100734,3.4546378,9.762118
1760985575002,-0.7070791,3.4540396,9.756734
1760985575004,-0.6975078,3.4540396,9.785448
1760985575007,-0.6879365,3.4444683,9.799805
1760985575008,-0.6735796,3.4492538,9.766306
1760985575011,-0.67836523,3.463611,9.799805
1760985575013,-0.66400826,3.4540396,9.799805
1760985575015,-0.654437,3.4492538,9.790234
1760985575018,-0.6735796,3.473182,9.780663
1760985575020,-0.67836523,3.473182,9.771091
1760985575022,-0.65922266,3.4725838,9.732806
1760985575025,-0.5587241,3.5048869,9.661021
1760985575027,-0.5724828,3.548556,9.670592
1760985575029,-0.61076796,3.539583,9.756734
1760985575031,-0.6735796,3.4827533,9.728021
1760985575033,-0.71665037,3.4540396,9.719048
1760985575036,-0.7501499,3.4402807,9.699904
1760985575038,-0.7686943,3.4833515,9.671191
1760985575040,-0.77826554,3.5126636,9.680762
1760985575043,-0.80159557,3.5126636,9.714262
1760985575045,-0.80159557,3.5270207,9.751948
1760985575047,-0.8207382,3.522833,9.766306
1760985575049,-0.80159557,3.522235,9.766306
1760985575052,-0.80159557,3.527619,9.780663
1760985575054,-0.8063812,3.5174494,9.747163
1760985575056,-0.7926225,3.5030923,9.76152
1760985575058,-0.7830512,3.4887354,9.742975
1760985575061,-0.7968099,3.5030923,9.766306
1760985575063,-0.7680961,3.5174494,9.771091
1760985575065,-0.7543373,3.5126636,9.771091
1760985575068,-0.7393822,3.531208,9.771091
1760985575070,-0.715454,3.5264223,9.775877
1760985575072,-0.715454,3.5216367,9.785448
1760985575074,-0.701097,3.5359936,9.775877
1760985575077,-0.6867401,3.5353954,9.775877
1760985575079,-0.6586244,3.5353954,9.775877
1760985575081,-0.65324056,3.5497525,9.76152
1760985575083,-0.6346962,3.539583,9.771091
1760985575086,-0.61076796,3.5443685,9.756734
1760985575088,-0.6203393,3.5347972,9.742377
1760985575090,-0.6203393,3.5300117,9.756734
1760985575092,-0.6203393,3.5347972,9.747163
1760985575095,-0.62512493,3.5252259,9.751948
1760985575097,-0.61076796,3.5252259,9.742377
1760985575099,-0.6203393,3.5347972,9.737592
1760985575102,-0.6538388,3.525824,9.747163
1760985575104,-0.6538388,3.5353954,9.751948
1760985575106,-0.6771688,3.5401812,9.742377
1760985575108,-0.6873383,3.4971104,9.728021
1760985575111,-0.68255264,3.525824,9.747163
1760985575113,-0.6969096,3.5210385,9.756734
1760985575116,-0.69212395,3.5210385,9.742377
1760985575117,-0.69212395,3.501896,9.742377
1760985575120,-0.6969096,3.5306098,9.751948
1760985575122,-0.6873383,3.5210385,9.737592
1760985575125,-0.70169526,3.525824,9.728021
1760985575127,-0.67776704,3.5353954,9.708878
1760985575129,-0.67776704,3.5306098,9.689735
1760985575131,-0.68255264,3.5306098,9.675379
1760985575133,-0.6723832,3.554538,9.670592
1760985575136,-0.63948184,3.5300117,9.65145
1760985575138,-0.66341007,3.539583,9.646665
1760985575140,-0.6436693,3.5635111,9.641879
1760985575143,-0.6299106,3.5491543,9.622736
1760985575145,-0.6442675,3.5347972,9.6275215
1760985575147,-0.6299106,3.5491543,9.608379
1760985575149,-0.6299106,3.5443685,9.622736
1760985575152,-0.6538388,3.5587256,9.608379
1760985575154,-0.63948184,3.539583,9.608379
1760985575156,-0.63948184,3.5443685,9.603594
1760985575159,-0.66341007,3.5443685,9.608379
1760985575160,-0.6538388,3.5347972,9.608379
1760985575163,-0.6729814,3.5491543,9.603594
1760985575165,-0.69212395,3.525824,9.61795
1760985575167,-0.6873383,3.5401812,9.613165
1760985575169,-0.67776704,3.5353954,9.637094
1760985575172,-0.6867401,3.554538,9.65145
1760985575175,-0.67776704,3.5497525,9.661021
1760985575176,-0.70169526,3.5306098,9.680164
1760985575179,-0.7256235,3.5264223,9.708878
1760985575181,-0.7393822,3.531208,9.708878
1760985575183,-0.7585248,3.5270207,9.71845
1760985575185,-0.7728817,3.5126636,9.732806
1760985575188,-0.77347994,3.507878,9.732806
1760985575190,-0.782453,3.507878,9.751948
1760985575192,-0.7830512,3.5030923,9.766306
1760985575195,-0.782453,3.5174494,9.775877
1760985575197,-0.782453,3.5126636,9.766306
1760985575200,-0.7680961,3.5318062,9.804591
1760985575202,-0.7585248,3.522235,9.785448
1760985575204,-0.7585248,3.5270207,9.780663
1760985575206,-0.7728817,3.5270207,9.775877
1760985575208,-0.7728817,3.5270207,9.756734
1760985575210,-0.8111669,3.5180476,9.732806
1760985575213,-0.8063812,3.507878,9.714262
1760985575215,-0.8350951,3.5132618,9.70469
1760985575217,-0.81595254,3.53719,9.694521
1760985575221,-0.81595254,3.527619,9.699904
1760985575222,-0.80159557,3.5413775,9.704092
1760985575224,-0.7968099,3.5413775,9.689735
1760985575226,-0.782453,3.5605202,9.694521
1760985575228,-0.7728817,3.5653057,9.689735
1760985575230,-0.76331043,3.5700915,9.675379
1760985575233,-0.76331043,3.5557344,9.68495
1760985575235,-0.77766734,3.5509489,9.675379
1760985575237,-0.782453,3.5509489,9.656236
1760985575240,-0.7680961,3.5700915,9.675379
1760985575242,-0.76271224,3.603591,9.670592
1760985575244,-0.78664047,3.5796626,9.68495
1760985575247,-0.7722835,3.5796626,9.675379
1760985575249,-0.76749784,3.603591,9.680164
1760985575251,-0.76749784,3.603591,9.689735
1760985575253,-0.76749784,3.603591,9.680164
1760985575255,-0.7579266,3.6179478,9.675379
1760985575258,-0.76271224,3.6083765,9.694521
1760985575260,-0.7579266,3.6131623,9.675379
1760985575262,-0.7435696,3.6173496,9.680164
1760985575264,-0.73399836,3.598207,9.68495
1760985575267,-0.738784,3.5934215,9.68495
1760985575269,-0.738784,3.6029928,9.680164
1760985575271,-0.7531409,3.5940197,9.694521
1760985575274,-0.738784,3.5790644,9.675379
1760985575276,-0.738784,3.5790644,9.68495
1760985575278,-0.7585248,3.5742788,9.665807
1760985575281,-0.7537391,3.5647075,9.6993065
1760985575283,-0.72502524,3.5647075,9.6993065
1760985575285,-0.74895346,3.559922,9.708878
1760985575288,-0.7531409,3.5700915,9.71845
1760985575290,-0.7537391,3.5647075,9.708878
1760985575292,-0.76331043,3.5557344,9.713663
1760985575294,-0.7728817,3.5557344,9.713663
1760985575296,-0.77766734,3.5605202,9.713663
1760985575299,-0.78723866,3.5318062,9.704092
1760985575301,-0.7968099,3.5413775,9.694521
1760985575303,-0.80159557,3.546163,9.704092
1760985575305,-0.8063812,3.5413775,9.694521
1760985575308,-0.7968099,3.5365918,9.68495
1760985575310,-0.8207382,3.5324044,9.685548
1760985575313,-0.8255238,3.522833,9.671191
1760985575315,-0.81595254,3.5413775,9.671191
1760985575317,-0.83988076,3.5419757,9.661619
1760985575319,-0.8446664,3.5467613,9.656834
1760985575322,-0.81595254,3.5318062,9.666406
1760985575325,-0.8207382,3.5270207,9.647263
1760985575326,-0.8111669,3.5270207,9.656834
1760985575328,-0.8111669,3.5270207,9.642477
1760985575330,-0.79740816,3.5174494,9.647263
1760985575333,-0.7926225,3.522235,9.62812
1760985575335,-0.77826554,3.5264223,9.589835
1760985575337,-0.77826554,3.5216367,9.604192
1760985575340,-0.7830512,3.5264223,9.599406
1760985575342,-0.7830512,3.5264223,9.575478
1760985575344,-0.7920243,3.5365918,9.575478
1760985575346,-0.7920243,3.5407794,9.570692
1760985575349,-0.8111669,3.5318062,9.570692
1760985575351,-0.81655073,3.5270207,9.55155
1760985575353,-0.82612205,3.5270207,9.537193
1760985575355,-0.8111669,3.5365918,9.537193
1760985575358,-0.82612205,3.522235,9.537193
1760985575360,-0.8111669,3.5365918,9.51805
1760985575362,-0.7920243,3.5503507,9.498908
1760985575364,-0.79740816,3.5359936,9.4941225
1760985575367,-0.8069794,3.531208,9.479765
1760985575369,-0.78723866,3.5503507,9.489336
1760985575371,-0.7728817,3.559922,9.474979
1760985575373,-0.77826554,3.5407794,9.465408
1760985575376,-0.7639086,3.5449667,9.465408
1760985575378,-0.7495517,3.554538,9.451052
1760985575380,-0.7495517,3.554538,9.455837
1760985575383,-0.74476606,3.525824,9.460623
1760985575385,-0.73519474,3.5353954,9.460623
1760985575387,-0.74476606,3.5449667,9.465408
1760985575390,-0.7399804,3.5497525,9.455837
1760985575392,-0.73519474,3.5210385,9.479765
1760985575394,-0.7304091,3.5210385,9.479765
1760985575397,-0.7304091,3.525824,9.48455
1760985575399,-0.7495517,3.5114672,9.498908
1760985575401,-0.74536425,3.5066817,9.4941225
1760985575403,-0.77347994,3.5120654,9.4941225
1760985575405,-0.75972116,3.487539,9.498908
1760985575408,-0.75493556,3.4971104,9.513265
1760985575410,-0.7692925,3.4977086,9.51805
1760985575412,-0.8069794,3.5120654,9.513265
1760985575414,-0.8021938,3.5072799,9.522836
1760985575417,-0.7926225,3.5120654,9.537193
1760985575419,-0.802792,3.4881372,9.532407
1760985575422,-0.79740816,3.4929228,9.556335
1760985575424,-0.8021938,3.4881372,9.561121
1760985575426,-0.8069794,3.4887354,9.565907
1760985575428,-0.802792,3.478566,9.561121
1760985575430,-0.7830512,3.5072799,9.561121
1760985575433,-0.78783685,3.4977086,9.565907
1760985575435,-0.78364944,3.4833515,9.556335
1760985575437,-0.7645068,3.4881372,9.561121
1760985575439,-0.7501499,3.4923246,9.55155
1760985575442,-0.71665037,3.4971104,9.55155
1760985575444,-0.6969096,3.5204403,9.532407
1760985575446,-0.6969096,3.5204403,9.51805
1760985575448,-0.6879365,3.510869,9.537193
1760985575451,-0.66400826,3.5300117,9.498908
1760985575453,-0.6257231,3.5294135,9.498908
1760985575456,-0.63948184,3.5437703,9.489336
1760985575457,-0.6305088,3.5437703,9.470194
1760985575460,-0.64008003,3.5294135,9.460623
1760985575462,-0.63529444,3.5198421,9.446265
1760985575464,-0.64965135,3.534199,9.417552
1760985575467,-0.66400826,3.5389848,9.40798
1760985575469,-0.6448657,3.534199,9.40798
1760985575471,-0.64008003,3.534199,9.412766
1760985575473,-0.64008003,3.5389848,9.412766
1760985575476,-0.64008003,3.5294135,9.393623
1760985575478,-0.63529444,3.5246277,9.403194
1760985575480,-0.6448657,3.5246277,9.40798
1760985575482,-0.63529444,3.534199,9.398409
1760985575485,-0.6454639,3.505485,9.384052
1760985575487,-0.6358926,3.5006995,9.422338
1760985575489,-0.62153566,3.5001013,9.422338
1760985575492,-0.6454639,3.4719856,9.427123
1760985575494,-0.61675006,3.49053,9.431909
1760985575496,-0.61675006,3.4809587,9.451052
1760985575499,-0.61734825,3.4570305,9.446265
1760985575501,-0.62153566,3.4857445,9.465408
1760985575503,-0.631107,3.4666018,9.451052
1760985575506,-0.65024954,3.4480574,9.461221
1760985575507,-0.6412765,3.438486,9.470792
1760985575510,-0.67417777,3.4576287,9.48455
1760985575512,-0.69332033,3.44387,9.489935
1760985575514,-0.7076773,3.4390843,9.49472
1760985575517,-0.7316055,3.4205399,9.513863
1760985575519,-0.7609176,3.406183,9.504292
1760985575521,-0.7609176,3.406183,9.504292
1760985575523,-0.7609176,3.406183,9.509077
1760985575526,-0.74177504,3.367898,9.504292
1760985575528,-0.7513463,3.3870404,9.509077
1760985575530,-0.74596244,3.4109688,9.523434
1760985575532,-0.7322037,3.3822548,9.533006
1760985575535,-0.71306115,3.3816566,9.523434
1760985575537,-0.68494546,3.3768709,9.509077
1760985575539,-0.66999036,3.3906298,9.489935
1760985575541,-0.67058855,3.3810585,9.49472
1760985575544,-0.651446,3.3714871,9.466006
1760985575546,-0.651446,3.3714871,9.456435
1760985575548,-0.6418747,3.3756745,9.432507
1760985575551,-0.651446,3.3954153,9.4229355
1760985575553,-0.6562316,3.400201,9.403793
1760985575555,-0.6753742,3.3954153,9.389436
1760985575558,-0.6945168,3.400201,9.370294
1760985575560,-0.6891329,3.4049866,9.375079
1760985575562,-0.7088737,3.3906298,9.313464
1760985575564,-0.6801598,3.3756745,9.313464
1760985575567,-0.68494546,3.3900316,9.2895355
1760985575569,-0.66101724,3.3852458,9.265608
1760985575571,-0.6227321,3.3894334,9.265608
1760985575573,-0.59940207,3.394219,9.236894
1760985575576,-0.57547385,3.3984063,9.232108
1760985575578,-0.53240305,3.4025939,9.217153
1760985575580,-0.5084748,3.426522,9.226724
1760985575583,-0.48454657,3.4163525,9.23151
1760985575584,-0.47916272,3.449852,9.212367
1760985575587,-0.48933223,3.4259238,9.202796
1760985575589,-0.48933223,3.411567,9.188439
1760985575591,-0.52283174,3.4121652,9.183653
1760985575594,-0.5461618,3.4313076,9.178867
1760985575597,-0.5946164,3.4079776,9.189037
1760985575598,-0.61794645,3.4229329,9.169894
1760985575600,-0.637089,3.418147,9.179466
1760985575603,-0.6466603,3.4133615,9.169894
1760985575605,-0.67058855,3.4187453,9.189037
1760985575607,-0.6795616,3.4474592,9.203394
1760985575610,-0.6801598,3.423531,9.193823
1760985575612,-0.66999036,3.4331024,9.212965
1760985575614,-0.651446,3.4331024,9.208179
1760985575616,-0.6466603,3.4277184,9.198608
1760985575619,-0.637089,3.4277184,9.193823
1760985575621,-0.6131608,3.418147,9.203394
1760985575623,-0.5940182,3.4223347,9.193823
1760985575625,-0.57487565,3.417549,9.193823
1760985575628,-0.5509474,3.4271202,9.188439
1760985575630,-0.5557331,3.431906,9.183653
1760985575632,-0.56530434,3.4223347,9.184252
1760985575634,-0.5563313,3.4169507,9.165109
1760985575637,-0.56530434,3.4271202,9.155538
1760985575639,-0.54675996,3.4121652,9.155538
1760985575641,-0.5461618,3.4313076,9.150752
1760985575644,-0.5419743,3.4025939,9.126823
1760985575647,-0.53240305,3.4121652,9.112467
1760985575649,-0.5371887,3.426522,9.141181
1760985575651,-0.52283174,3.4073794,9.131609
1760985575653,-0.50368917,3.4019957,9.126823
1760985575656,-0.50368917,3.4307094,9.126823
1760985575658,-0.5132605,3.4313076,9.145369
1760985575659,-0.50787663,3.4408789,9.145369
1760985575662,-0.52223355,3.4456646,9.140582
1760985575664,-0.5413761,3.4408789,9.145967
1760985575667,-0.5563313,3.4217365,9.145967
1760985575668,-0.5461618,3.4360933,9.159725
1760985575671,-0.5988039,3.431906,9.165109
1760985575673,-0.60358953,3.4372897,9.193823
1760985575675,-0.60358953,3.4372897,9.193823
1760985575678,-0.6364908,3.4516466,9.221938
1760985575680,-0.6364908,3.446861,9.23151
1760985575683,-0.6412765,3.4522448,9.250652
1760985575684,-0.65084773,3.437888,9.245867
1760985575687,-0.6843473,3.4474592,9.274581
1760985575689,-0.67477596,3.4331024,9.269794
1760985575691,-0.6843473,3.437888,9.274581
1760985575694,-0.6987042,3.4337006,9.293723
1760985575696,-0.6843473,3.4480574,9.30808
1760985575698,-0.7082755,3.4337006,9.294321
1760985575700,-0.6939186,3.438486,9.322437
1760985575703,-0.6795616,3.4337006,9.370294
1760985575705,-0.6652047,3.4283166,9.3511505
1760985575707,-0.6556334,3.4474592,9.370294
1760985575710,-0.65982085,3.4624143,9.379865
1760985575711,-0.6550352,3.4666018,9.370294
1760985575714,-0.65024954,3.4666018,9.379865
1760985575716,-0.6550352,3.461816,9.379865
1760985575718,-0.67417777,3.4672,9.399008
1760985575720,-0.68853474,3.4767714,9.394221
1760985575723,-0.70289165,3.458227,9.403793
1760985575725,-0.7220342,3.4677982,9.408579
1760985575727,-0.70289165,3.4869409,9.394221
1760985575730,-0.71246296,3.4773695,9.403793
1760985575731,-0.71724856,3.482155,9.413364
1760985575734,-0.71665037,3.4965122,9.432507
1760985575736,-0.7262217,3.482155,9.41815
1760985575738,-0.70289165,3.482155,9.442079
1760985575741,-0.71246296,3.4773695,9.446864
1760985575743,-0.71724856,3.4725838,9.461221
1760985575745,-0.71724856,3.4773695,9.45165
1760985575747,-0.70229346,3.482155,9.479765
1760985575750,-0.70229346,3.4869409,9.498908
1760985575752,-0.69272214,3.482155,9.4941225
1760985575754,-0.721436,3.4827533,9.498908
1760985575757,-0.74536425,3.4683964,9.508479
1760985575759,-0.74536425,3.487539,9.498908
1760985575761,-0.75493556,3.4683964,9.522836
1760985575763,-0.7692925,3.4689946,9.537193
1760985575766,-0.7788638,3.464209,9.52822
1760985575768,-0.79800636,3.4881372,9.522836
1760985575770,-0.7932207,3.4546378,9.533006
1760985575773,-0.8171489,3.4648073,9.533006
1760985575775,-0.8219346,3.4648073,9.552148
1760985575778,-0.81236327,3.449852,9.547362
1760985575780,-0.8219346,3.4600215,9.571291
1760985575782,-0.802792,3.4737802,9.537791
1760985575784,-0.78364944,3.4450665,9.552148
1760985575786,-0.80757767,3.449852,9.556933
1760985575788,-0.7932207,3.4546378,9.533006
1760985575790,-0.802792,3.4450665,9.52822
1760985575793,-0.78843504,3.464209,9.513863
1760985575795,-0.78364944,3.4737802,9.518648
1760985575798,-0.7932207,3.4737802,9.485149
1760985575800,-0.7932207,3.478566,9.466006
1760985575802,-0.7645068,3.487539,9.461221
1760985575804,-0.77407813,3.501896,9.456435
1760985575807,-0.77407813,3.4971104,9.437292
1760985575809,-0.74536425,3.5114672,9.436694
1760985575811,-0.74536425,3.501896,9.408579
1760985575813,-0.73100734,3.4965122,9.375079
1760985575815,-0.73579293,3.5012977,9.341579
1760985575818,-0.7363912,3.4869409,9.327223
1760985575820,-0.71665037,3.5060835,9.298509
1760985575822,-0.7220342,3.482155,9.2793665
1760985575825,-0.7076773,3.5006995,9.288938
1760985575827,-0.68853474,3.5102708,9.265009
1760985575829,-0.6687939,3.519244,9.269794
1760985575831,-0.6735796,3.5294135,9.250652
1760985575833,-0.6687939,3.5288153,9.226724
1760985575836,-0.6789634,3.5096726,9.202796
1760985575838,-0.6789634,3.5048869,9.188439
1760985575841,-0.69332033,3.5144582,9.178867
1760985575843,-0.6789634,3.5240295,9.169296
1760985575845,-0.6789634,3.519244,9.159725
1760985575847,-0.6843473,3.4809587,9.169894
1760985575849,-0.698106,3.5048869,9.131609
1760985575852,-0.68853474,3.5144582,9.126823
1760985575854,-0.6837491,3.5048869,9.122038
1760985575856,-0.68853474,3.5001013,9.102896
1760985575858,-0.6891329,3.4857445,9.117252
1760985575861,-0.68853474,3.5048869,9.09811
1760985575863,-0.6843473,3.49053,9.078967
1760985575865,-0.6939186,3.4857445,9.074182
1760985575867,-0.6987042,3.49053,9.059825
1760985575870,-0.6891329,3.4857445,9.040682
1760985575872,-0.6939186,3.4809587,9.02154
1760985575874,-0.6987042,3.461816,9.016754
1760985575877,-0.7082755,3.4570305,9.011969
1760985575879,-0.6945168,3.4420755,8.99821
1760985575881,-0.70348984,3.4570305,9.016754
1760985575883,-0.69930243,3.418147,9.007781
1760985575886,-0.6945168,3.4325042,9.0029955
1760985575888,-0.69930243,3.4372897,9.007781
1760985575890,-0.69930243,3.4426737,9.022138
1760985575892,-0.70348984,3.4522448,9.031111
1760985575895,-0.6897311,3.4474592,9.055039
1760985575897,-0.7040881,3.4283166,9.059825
1760985575899,-0.7088737,3.423531,9.050852
1760985575902,-0.72323066,3.4283166,9.050852
1760985575904,-0.72323066,3.4187453,9.050852
1760985575906,-0.7423732,3.4187453,9.046066
1760985575909,-0.7423732,3.4193435,9.060423
1760985575911,-0.7280163,3.4139597,9.060423
1760985575913,-0.7328019,3.399603,9.055637
1760985575915,-0.7280163,3.399603,9.050852
1760985575918,-0.7423732,3.414558,9.060423
1760985575920,-0.7040881,3.4139597,9.055637
1760985575923,-0.69930243,3.4139597,9.065208
1760985575925,-0.7040881,3.399603,9.065208
1760985575927,-0.7040881,3.4043884,9.060423
1760985575929,-0.7046863,3.394817,9.069994
1760985575931,-0.71365935,3.394817,9.0747795
1760985575933,-0.7040881,3.399603,9.0747795
1760985575936,-0.718445,3.409174,9.093923
1760985575938,-0.718445,3.409174,9.079565
1760985575941,-0.7423732,3.4097722,9.117252
1760985575943,-0.7375876,3.3810585,9.122637
1760985575945,-0.7375876,3.385844,9.108279
1760985575947,-0.7429714,3.3810585,9.108279
1760985575949,-0.7286145,3.3565319,9.11785
1760985575952,-0.718445,3.394817,9.136395
1760985575954,-0.71365935,3.3900316,9.136395
1760985575956,-0.6945168,3.4187453,9.145967
1760985575959,-0.6801598,3.4043884,9.179466
1760985575961,-0.6658029,3.409174,9.179466
1760985575963,-0.66101724,3.4187453,9.189037
1760985575966,-0.6466603,3.4133615,9.184252
1760985575968,-0.651446,3.394219,9.198608
1760985575970,-0.6562316,3.409174,9.208179
1760985575972,-0.637089,3.4037902,9.198608
1760985575974,-0.637089,3.4133615,9.198608
1760985575977,-0.6376872,3.394219,9.208179
1760985575979,-0.61794645,3.4133615,9.189037
1760985575981,-0.5988039,3.417549,9.208179
1760985575984,-0.58923256,3.4462628,9.217153
1760985575986,-0.58923256,3.431906,9.226724
1760985575988,-0.5940182,3.431906,9.217153
1760985575990,-0.5940182,3.4372897,9.236296
1760985575992,-0.5844469,3.4366915,9.241081
1760985575995,-0.60358953,3.4372897,9.241081
1760985575997,-0.60837513,3.4372897,9.245867
1760985576000,-0.64606214,3.4474592,9.23151
1760985576003,-0.65084773,3.4474592,9.250652
1760985576004,-0.66041905,3.4666018,9.255438
1760985576006,-0.66041905,3.4522448,9.250652
1760985576008,-0.66999036,3.4522448,9.245867
1760985576010,-0.6795616,3.4570305,9.260223
1760985576013,-0.69332033,3.4767714,9.245867
1760985576015,-0.68853474,3.4672,9.265009
1760985576017,-0.67477596,3.4570305,9.274581
1760985576020,-0.6843473,3.4522448,9.245867
1760985576022,-0.6843473,3.4570305,9.232108
1760985576025,-0.6843473,3.4624143,9.265009
1760985576027,-0.69332033,3.4719856,9.241081
1760985576029,-0.66999036,3.4666018,9.241081
1760985576031,-0.6939186,3.4432719,9.25125
1760985576033,-0.6891329,3.4426737,9.256036
1760985576036,-0.6891329,3.4528432,9.255438
1760985576038,-0.6987042,3.4337006,9.241679
1760985576040,-0.6945168,3.423531,9.212965
1760985576043,-0.6897311,3.4187453,9.241679
1760985576045,-0.6801598,3.4187453,9.232108
1760985576047,-0.6801598,3.4187453,9.25125
1760985576049,-0.67058855,3.4187453,9.241679
1760985576051,-0.6945168,3.399603,9.246465
1760985576054,-0.6753742,3.409174,9.256036
1760985576057,-0.6658029,3.409174,9.246465
1760985576058,-0.6801598,3.3852458,9.232108
1760985576061,-0.69930243,3.394817,9.232108
1760985576063,-0.718445,3.400201,9.222537
1760985576065,-0.7375876,3.3667014,9.227323
1760985576067,-0.7471589,3.3714871,9.189037
1760985576070,-0.72382885,3.3667014,9.179466
1760985576072,-0.72382885,3.3373895,9.165708
1760985576074,-0.7190432,3.3326037,9.175279
1760985576076,-0.70947194,3.342175,9.180064
1760985576079,-0.7004988,3.3230324,9.175279
1760985576081,-0.6759724,3.342175,9.184252
1760985576083,-0.6765706,3.3278182,9.189635
1760985576086,-0.66699934,3.32722,9.175279
1760985576088,-0.657428,3.3176486,9.170493
1760985576091,-0.66699934,3.3176486,9.180064
1760985576092,-0.66699934,3.3080773,9.165708
1760985576094,-0.68195444,3.2841492,9.160921
1760985576097,-0.66699934,3.3032916,9.1465645
1760985576099,-0.6628119,3.2889347,9.1465645
1760985576101,-0.69092757,3.3038898,9.156136
1760985576104,-0.6771688,3.298506,9.136993
1760985576107,-0.65324056,3.2889347,9.141779
1760985576108,-0.657428,3.3080773,9.1465645
1760985576110,-0.6430711,3.3176486,9.136993
1760985576113,-0.62452674,3.3122647,9.122637
1760985576115,-0.60059845,3.3122647,9.127422
1760985576117,-0.59581286,3.3122647,9.122637
1760985576119,-0.59581286,3.3074791,9.113065
1760985576122,-0.58624154,3.3122647,9.127422
1760985576124,-0.5814559,3.3164523,9.089137
1760985576126,-0.5910272,3.2973096,9.089137
1760985576129,-0.58624154,3.2925239,9.084352
1760985576131,-0.59581286,3.3074791,9.093923
1760985576133,-0.59581286,3.3122647,9.084352
1760985576135,-0.60059845,3.321836,9.0747795
1760985576138,-0.5952146,3.3409786,9.093923
1760985576140,-0.62871414,3.336193,9.069994
1760985576142,-0.6430711,3.321836,9.065208
1760985576144,-0.65264237,3.32722,9.089137
1760985576147,-0.6472585,3.3702908,9.084352
1760985576149,-0.6472585,3.3750763,9.055637
1760985576151,-0.65264237,3.365505,9.055637
1760985576154,-0.6472585,3.3846476,9.050852
1760985576156,-0.62811595,3.3936207,9.041281
1760985576158,-0.62811595,3.3936207,9.022138
1760985576160,-0.62811595,3.4079776,9.026325
1760985576163,-0.6233303,3.417549,9.011969
1760985576165,-0.59940207,3.4127634,8.997611
1760985576167,-0.6041877,3.4169507,8.955139
1760985576169,-0.5946164,3.4360933,8.964112
1760985576172,-0.57547385,3.4456646,8.949755
1760985576174,-0.56111693,3.4408789,8.949755
1760985576176,-0.5509474,3.4689946,8.935398
1760985576179,-0.53240305,3.4546378,8.9210415
1760985576181,-0.53240305,3.449852,8.935398
1760985576183,-0.5276174,3.464209,8.911469
1760985576185,-0.5084748,3.458825,8.901898
1760985576188,-0.5084748,3.473182,8.901898
1760985576190,-0.4941179,3.463611,8.925827
1760985576192,-0.48933223,3.4779677,8.887542
1760985576195,-0.4989035,3.463611,8.911469
1760985576197,-0.50368917,3.4779677,8.901898
1760985576199,-0.4989035,3.463611,8.897113
1760985576201,-0.5084748,3.473182,8.887542
1760985576204,-0.5132605,3.4737802,8.906684
1760985576206,-0.50368917,3.458825,8.911469
1760985576208,-0.53240305,3.4546378,8.925827
1760985576211,-0.53180486,3.4689946,8.95454
1760985576213,-0.5461618,3.4689946,8.949755
1760985576215,-0.56111693,3.4504502,8.95454
1760985576217,-0.58504516,3.4360933,8.98804
1760985576219,-0.60358953,3.4462628,8.997611
1760985576223,-0.6233303,3.4271202,9.011969
1760985576224,-0.6376872,3.417549,9.050254
1760985576227,-0.64247286,3.4133615,9.055039
1760985576229,-0.64247286,3.4037902,9.055039
1760985576231,-0.6376872,3.388835,9.069396
1760985576232,-0.6376872,3.379862,9.117252
1760985576235,-0.64247286,3.394219,9.136395
1760985576238,-0.6329016,3.3894334,9.131609
1760985576240,-0.6376872,3.379862,9.131609
1760985576242,-0.6329016,3.3846476,9.131609
1760985576244,-0.6478567,3.3511481,9.136993
1760985576246,-0.62811595,3.3702908,9.150752
1760985576248,-0.62811595,3.365505,9.145967
1760985576251,-0.64247286,3.3607194,9.155538
1760985576253,-0.6430711,3.3367913,9.15135
1760985576256,-0.6430711,3.3511481,9.160323
1760985576258,-0.6095716,3.3457642,9.179466
1760985576260,-0.6430711,3.3463624,9.184252
1760985576262,-0.6472585,3.3559337,9.208179
1760985576265,-0.65682983,3.3559337,9.184252
1760985576267,-0.65682983,3.3463624,9.179466
1760985576269,-0.657428,3.3367913,9.203394
1760985576271,-0.65682983,3.3607194,9.208179
1760985576274,-0.65682983,3.3415768,9.227323
1760985576276,-0.6664011,3.3517463,9.222537
1760985576278,-0.65682983,3.3469608,9.246465
1760985576280,-0.65682983,3.3565319,9.236894
1760985576283,-0.6759724,3.342175,9.260822
1760985576286,-0.6664011,3.3565319,9.25125
1760985576288,-0.6664011,3.3469608,9.25125
1760985576289,-0.67118675,3.370889,9.275179
1760985576292,-0.68075806,3.3565319,9.275179
1760985576294,-0.6753742,3.3756745,9.265608
1760985576297,-0.6664011,3.3613176,9.265608
1760985576298,-0.68494546,3.3804603,9.294321
1760985576301,-0.6801598,3.3852458,9.2895355
1760985576303,-0.6658029,3.3852458,9.28475
1760985576306,-0.68494546,3.394817,9.2895355
1760985576308,-0.6801598,3.4049866,9.313464
1760985576310,-0.6658029,3.3852458,9.313464
1760985576312,-0.67058855,3.4043884,9.303893
1760985576316,-0.6753742,3.4139597,9.2895355
1760985576317,-0.6795616,3.4241292,9.298509
1760985576319,-0.6795616,3.423531,9.28475
1760985576321,-0.6652047,3.4474592,9.298509
1760985576324,-0.6556334,3.4426737,9.303294
1760985576326,-0.66041905,3.4522448,9.312865
1760985576328,-0.6652047,3.4522448,9.293723
1760985576330,-0.66041905,3.4666018,9.298509
1760985576333,-0.65084773,3.461816,9.293723
1760985576335,-0.65982085,3.4713874,9.30808
1760985576337,-0.66041905,3.461816,9.30808
1760985576340,-0.6454639,3.4857445,9.293723
1760985576342,-0.6454639,3.4713874,9.30808
1760985576344,-0.6412765,3.4522448,9.312865
1760985576346,-0.6454639,3.4761732,9.312865
1760985576349,-0.6269195,3.4761732,9.303294
1760985576351,-0.62153566,3.49053,9.322437
1760985576353,-0.60717875,3.4761732,9.3511505
1760985576355,-0.5886344,3.475575,9.3511505
1760985576358,-0.6119644,3.4761732,9.379865
1760985576360,-0.6119644,3.4857445,9.388838
1760985576362,-0.6358926,3.5048869,9.384052
1760985576364,-0.6358926,3.4809587,9.398409
1760985576366,-0.6406783,3.4863427,9.40798
1760985576369,-0.6550352,3.4767714,9.41815
1760985576372,-0.69332033,3.4773695,9.437292
1760985576374,-0.69272214,3.4917264,9.427123
1760985576376,-0.721436,3.5060835,9.436694
1760985576379,-0.7262217,3.510869,9.44148
1760985576380,-0.7399804,3.5210385,9.44148
1760985576383,-0.77347994,3.5168512,9.455837
1760985576385,-0.77766734,3.5503507,9.48455
1760985576387,-0.8021938,3.5264223,9.479765
1760985576389,-0.8117651,3.5318062,9.51805
1760985576392,-0.8207382,3.5413775,9.513265
1760985576394,-0.8207382,3.546163,9.503694
1760985576396,-0.8207382,3.5509489,9.532407
1760985576398,-0.8255238,3.574877,9.537193
1760985576401,-0.82013994,3.5796626,9.556335
1760985576403,-0.8255238,3.5700915,9.565907
1760985576405,-0.8063812,3.574877,9.570692
1760985576408,-0.78723866,3.5742788,9.556335
1760985576410,-0.7962117,3.5844483,9.556335
1760985576412,-0.7728817,3.5838501,9.565907
1760985576414,-0.7968099,3.5844483,9.532407
1760985576417,-0.79142606,3.5988052,9.556335
1760985576419,-0.8009974,3.5892339,9.565907
1760985576421,-0.8207382,3.5605202,9.556335
1760985576424,-0.8255238,3.5653057,9.546764
1760985576426,-0.863809,3.5563326,9.55155
1760985576428,-0.86859465,3.5324044,9.522836
1760985576430,-0.8925229,3.5324044,9.546764
1760985576432,-0.86859465,3.522833,9.527621
1760985576435,-0.88354975,3.4749768,9.533006
1760985576437,-0.9026923,3.484548,9.537791
1760985576439,-0.8787641,3.4749768,9.537791
1760985576442,-0.88414794,3.4558342,9.547362
1760985576444,-0.8985049,3.4366915,9.556933
1760985576446,-0.8985049,3.4510484,9.561719
1760985576448,-0.90807617,3.4127634,9.556933
1760985576451,-0.9086744,3.403192,9.547362
1760985576453,-0.9421739,3.379862,9.524033
1760985576455,-0.94695956,3.3607194,9.533604
1760985576458,-0.9810573,3.3463624,9.509675
1760985576460,-0.9667004,3.3224342,9.495318
1760985576462,-1.0001999,3.3080773,9.500104
1760985576464,-1.0049855,3.298506,9.491131
1760985576467,-0.99601245,3.2745779,9.471989
1760985576469,-1.0103694,3.2650065,9.495916
1760985576471,-1.0103694,3.2650065,9.476774
1760985576473,-0.9912268,3.2554352,9.48156
1760985576476,-0.9774681,3.254837,9.438489
1760985576478,-0.9631111,3.2452657,9.428918
1760985576480,-0.94396853,3.2452657,9.395418
1760985576483,-0.9200403,3.249453,9.390633
1760985576486,-0.9062816,3.2249267,9.323633
1760985576488,-0.8919246,3.2297122,9.29492
1760985576490,-0.887139,3.2249267,9.262018
1760985576492,-0.8542377,3.219543,9.209376
1760985576494,-0.849452,3.2099717,9.171091
1760985576496,-0.8207382,3.2285159,9.132806
1760985576498,-0.80159557,3.2327034,9.104092
1760985576500,-0.7680961,3.2566316,9.061021
1760985576503,-0.7304091,3.246462,9.046664
1760985576505,-0.70169526,3.2506495,8.979665
1760985576507,-0.6681957,3.2644083,8.94138
1760985576510,-0.6305088,3.2446675,8.893523
1760985576512,-0.62512493,3.2638102,8.879167
1760985576514,-0.5778667,3.2775688,8.802596
1760985576516,-0.573081,3.257828,8.764311
1760985576519,-0.54436713,3.2626138,8.764311
1760985576521,-0.5347959,3.3003006,8.730812
1760985576523,-0.4869394,3.3146574,8.72124
1760985576525,-0.46301118,3.3284163,8.697312
1760985576528,-0.45822555,3.318845,8.687741
1760985576530,-0.45822555,3.3284163,8.663813
1760985576532,-0.46301118,3.318845,8.639884
1760985576535,-0.46779683,3.3379877,8.620742
1760985576537,-0.46301118,3.3284163,8.606385
1760985576539,-0.4534399,3.3326037,8.615956
1760985576541,-0.43848476,3.3517463,8.611171
1760985576544,-0.43908295,3.3469608,8.611171
1760985576547,-0.40498522,3.3804603,8.615956
1760985576548,-0.38584265,3.394219,8.6345005
1760985576550,-0.3906283,3.4037902,8.620144
1760985576553,-0.35653058,3.418147,8.639286
1760985576555,-0.36191443,3.4133615,8.644072
1760985576557,-0.33738798,3.4325042,8.653643
1760985576559,-0.34217364,3.4420755,8.668
1760985576562,-0.35653058,3.446861,8.663215
1760985576564,-0.34217364,3.446861,8.653643
1760985576567,-0.34217364,3.4564323,8.658429
1760985576568,-0.3469593,3.4564323,8.658429
1760985576571,-0.34636107,3.4660037,8.653643
1760985576573,-0.3367898,3.4995031,8.69133
1760985576575,-0.3361916,3.5186458,8.69133
1760985576577,-0.35533416,3.5144582,8.6961155
1760985576580,-0.3505485,3.5096726,8.705687
1760985576583,-0.36490545,3.5336008,8.6961155
1760985576584,-0.3792624,3.5336008,8.686544
1760985576587,-0.40737805,3.5581272,8.700901
1760985576589,-0.40259242,3.5389848,8.710473
1760985576591,-0.3930211,3.5527434,8.681759
1760985576593,-0.40259242,3.5581272,8.715259
1760985576596,-0.41156548,3.5820556,8.72483
1760985576598,-0.42592242,3.5772698,8.748757
1760985576600,-0.42592242,3.5820556,8.743972
1760985576603,-0.44506502,3.592225,8.772686
1760985576605,-0.44506502,3.577868,8.772686
1760985576607,-0.4546363,3.5874393,8.791828
1760985576609,-0.47856453,3.583252,8.820542
1760985576612,-0.4881358,3.5784662,8.834899
1760985576614,-0.4977071,3.5688949,8.858828
1760985576616,-0.52163535,3.559922,8.863613
1760985576618,-0.5312066,3.5551362,8.906684
1760985576620,-0.5455636,3.5509489,8.925827
1760985576623,-0.56410795,3.5509489,8.968898
1760985576625,-0.57906306,3.5324044,9.016754
1760985576628,-0.5982057,3.5180476,9.045467
1760985576630,-0.64606214,3.5090744,9.0646105
1760985576632,-0.6652047,3.4809587,9.102896
1760985576635,-0.7220342,3.4767714,9.145967
1760985576637,-0.7268199,3.481557,9.169894
1760985576639,-0.7890333,3.4630125,9.208179
1760985576641,-0.80877405,3.4301112,9.241679
1760985576644,-0.85184485,3.4211383,9.256036
1760985576645,-0.8757731,3.4019957,9.308679
1760985576648,-0.89013004,3.3930225,9.332606
1760985576650,-0.91884387,3.37388,9.351749
1760985576652,-0.92303133,3.388835,9.380463
1760985576655,-0.9284152,3.374478,9.404391
1760985576657,-0.93320084,3.3457642,9.428319
1760985576659,-0.9092726,3.3457642,9.447462
1760985576662,-0.9290134,3.3122647,9.437891
1760985576664,-0.9284152,3.3314073,9.461819
1760985576667,-0.9098708,3.3164523,9.457033
1760985576669,-0.89072824,3.3116665,9.47139
1760985576671,-0.90508515,3.306881,9.466604
1760985576673,-0.8817552,3.2877383,9.452248
1760985576675,-0.8578269,3.2871401,9.447462
1760985576678,-0.8572287,3.2967114,9.447462
1760985576680,-0.8386843,3.2823544,9.437891
1760985576683,-0.81954175,3.2823544,9.437891
1760985576685,-0.8003992,3.286542,9.409177
1760985576687,-0.7956135,3.2769706,9.418748
1760985576689,-0.76749784,3.2476585,9.413962
1760985576691,-0.73399836,3.2524443,9.404391
1760985576693,-0.7148558,3.266203,9.399606
1760985576695,-0.68135625,3.260819,9.385248
1760985576698,-0.6436693,3.2560334,9.39482
1760985576700,-0.63888365,3.2321053,9.380463
1760985576703,-0.62931234,3.2410784,9.385248
1760985576705,-0.59641105,3.231507,9.3613205
1760985576707,-0.60059845,3.2506495,9.351749
1760985576709,-0.58624154,3.2452657,9.356535
1760985576711,-0.60059845,3.2602208,9.327821
1760985576714,-0.5910272,3.2500513,9.31825
1760985576717,-0.5910272,3.254837,9.303893
1760985576718,-0.5724828,3.2452657,9.299107
1760985576720,-0.5485546,3.2542388,9.299107
1760985576723,-0.5629115,3.2500513,9.28475
1760985576725,-0.5389833,3.2590244,9.275179
1760985576728,-0.51505506,3.2638102,9.25125
1760985576730,-0.51505506,3.2733815,9.232108
1760985576731,-0.5054838,3.2823544,9.208179
1760985576734,-0.4863412,3.2823544,9.198608
1760985576736,-0.46181476,3.31047,9.193823
1760985576738,-0.46660042,3.3062828,9.198608
1760985576741,-0.45224348,3.31047,9.169894
1760985576743,-0.4235296,3.3296127,9.179466
1760985576745,-0.39960137,3.3290145,9.165109
1760985576747,-0.35653058,3.347559,9.145967
1760985576750,-0.3278167,3.3667014,9.15494
1760985576752,-0.30388847,3.3756745,9.131011
1760985576754,-0.27996024,3.3756745,9.135797
1760985576756,-0.27996024,3.370889,9.131011
1760985576759,-0.25603202,3.3846476,9.116654
1760985576761,-0.24646074,3.3846476,9.12144
1760985576763,-0.2321038,3.3990045,9.135797
1760985576766,-0.19860429,3.4079776,9.140582
1760985576768,-0.18903299,3.403192,9.131011
1760985576770,-0.18424734,3.4127634,9.126225
1760985576773,-0.1698904,3.4079776,9.159127
1760985576775,-0.15493527,3.4366915,9.183055
1760985576777,-0.1788635,3.4462628,9.18784
1760985576779,-0.21714866,3.4372897,9.192626
1760985576782,-0.24586253,3.437888,9.1974125
1760985576784,-0.28893334,3.4193435,9.230911
1760985576786,-0.33200413,3.4103706,9.245867
1760985576788,-0.38404804,3.4109688,9.241081
1760985576791,-0.43669012,3.4211383,9.274581
1760985576793,-0.4749753,3.3924243,9.288938
1760985576795,-0.52223355,3.4127634,9.317652
1760985576797,-0.54675996,3.3840494,9.346365
1760985576800,-0.5706882,3.3846476,9.355937
1760985576802,-0.6131608,3.3804603,9.403793
1760985576804,-0.62751776,3.3756745,9.432507
1760985576807,-0.6562316,3.3714871,9.446864
1760985576809,-0.6987042,3.391228,9.442079
1760985576811,-0.72323066,3.3720853,9.470792
1760985576813,-0.75673014,3.3631122,9.470792
1760985576816,-0.78065836,3.3583267,9.466604
1760985576818,-0.7896315,3.3726835,9.447462
1760985576820,-0.8135597,3.3684962,9.466604
1760985576823,-0.8422736,3.3732817,9.442677
1760985576825,-0.8327023,3.3732817,9.418748
1760985576827,-0.83748794,3.382853,9.404391
1760985576830,-0.82313097,3.3684962,9.390035
1760985576831,-0.81834537,3.39721,9.3613205
1760985576834,-0.82313097,3.406183,9.31825
1760985576836,-0.82313097,3.3966117,9.265608
1760985576838,-0.82313097,3.4109688,9.25125
1760985576841,-0.8135597,3.406183,9.203394
1760985576843,-0.7902297,3.4055848,9.165109
1760985576845,-0.785444,3.4055848,9.127422
1760985576847,-0.7615158,3.400201,9.069994
1760985576850,-0.7328019,3.394817,9.050852
1760985576852,-0.71365935,3.4139597,9.0029955
1760985576855,-0.68075806,3.4085758,8.974281
1760985576858,-0.6472585,3.3984063,8.955139
1760985576859,-0.6334998,3.388835,8.921639
1760985576861,-0.6239285,3.37388,8.897711
1760985576863,-0.61914283,3.3930225,8.883354
1760985576866,-0.61435723,3.3834512,8.864211
1760985576868,-0.58624154,3.3397822,8.868998
1760985576870,-0.590429,3.3684962,8.859426
1760985576872,-0.567099,3.3445678,8.859426
1760985576875,-0.58624154,3.3349965,8.855238
1760985576877,-0.60059845,3.330809,8.86481
1760985576879,-0.6053841,3.3260236,8.86481
1760985576881,-0.60059845,3.3116665,8.888738
1760985576884,-0.6203393,3.2925239,8.883952
1760985576886,-0.6346962,3.2829528,8.879167
1760985576889,-0.6538388,3.2787652,8.893523
1760985576890,-0.66341007,3.2596226,8.917452
1760985576893,-0.6873383,3.2452657,8.931808
1760985576895,-0.70648086,3.2267213,8.94138
1760985576898,-0.721436,3.2123644,8.970094
1760985576899,-0.7070791,3.2027931,8.979665
1760985576902,-0.7118647,3.1884363,9.003593
1760985576904,-0.69272214,3.1836505,9.032308
1760985576907,-0.67417777,3.1686954,9.032308
1760985576909,-0.6789634,3.1399815,9.061021
1760985576911,-0.64606214,3.1256247,9.065806
1760985576913,-0.61734825,3.1345978,9.056235
1760985576915,-0.59342,3.1345978,9.080164
1760985576918,-0.57906306,3.1106694,9.0849495
1760985576920,-0.56530434,3.0957143,9.094521
1760985576923,-0.5461618,3.0717862,9.118449
1760985576925,-0.53180486,3.0765717,9.118449
1760985576927,-0.53659046,3.0622149,9.123235
1760985576929,-0.5132605,3.0520453,9.137591
1760985576932,-0.53240305,3.0478578,9.142377
1760985576934,-0.48454657,3.056831,9.113664
1760985576936,-0.48394838,3.0759735,9.108877
1760985576938,-0.46061835,3.03709,9.104092
1760985576940,-0.46061835,3.03709,9.113664
1760985576943,-0.43669012,3.0562327,9.099306
1760985576945,-0.41336012,3.0412776,9.094521
1760985576947,-0.39840496,3.0556345,9.089735
1760985576949,-0.36011982,3.0693932,9.065806
1760985576952,-0.36490545,3.0789645,9.061021
1760985576954,-0.32183465,3.0879376,9.065806
1760985576956,-0.30269206,3.0927234,9.041879
1760985576959,-0.27876383,3.1112676,9.041281
1760985576961,-0.2739782,3.106482,9.065208
1760985576964,-0.2739782,3.1256247,9.060423
1760985576966,-0.3164508,3.1549366,9.065208
1760985576968,-0.3260221,3.1603205,9.079565
1760985576970,-0.36370903,3.1800613,9.089137
1760985576972,-0.40618163,3.2093735,9.108279
1760985576974,-0.42951167,3.2285159,9.132208
1760985576977,-0.4534399,3.2386854,9.127422
1760985576980,-0.4959125,3.2536407,9.1465645
1760985576981,-0.5246264,3.2823544,9.160323
1760985576984,-0.5389833,3.2685957,9.165708
1760985576986,-0.5623133,3.3074791,9.212965
1760985576989,-0.590429,3.321836,9.232108
1760985576990,-0.5952146,3.321836,9.25125
1760985576993,-0.6095716,3.3415768,9.265608
1760985576995,-0.6089734,3.365505,9.28475
1760985576997,-0.61794645,3.3990045,9.30808
1760985576999,-0.62751776,3.409174,9.303294
1760985577002,-0.6227321,3.4187453,9.322437
1760985577004,-0.6125626,3.4283166,9.336794
1760985577007,-0.6269195,3.4331024,9.322437
1760985577008,-0.61734825,3.4713874,9.322437
1760985577011,-0.6221339,3.4666018,9.327223
1760985577013,-0.61734825,3.4666018,9.303294
1760985577015,-0.61734825,3.4713874,9.30808
1760985577017,-0.6029913,3.4803605,9.269794
1760985577020,-0.6125626,3.4851463,9.265009
1760985577022,-0.6029913,3.4851463,9.245867
1760985577024,-0.59282184,3.4947174,9.250652
1760985577027,-0.56470615,3.4941192,9.236296
1760985577029,-0.5688936,3.5186458,9.221938
1760985577031,-0.5688936,3.527619,9.19801
1760985577033,-0.57906306,3.5036905,9.188439
1760985577035,-0.5599205,3.5084763,9.15494
1760985577038,-0.5880362,3.5132618,9.135797
1760985577040,-0.5982057,3.4995031,9.12144
1760985577042,-0.61675006,3.51386,9.116654
1760985577045,-0.62153566,3.51386,9.092726
1760985577047,-0.62153566,3.51386,9.074182
1760985577049,-0.61734825,3.4995031,9.088538
1760985577052,-0.6550352,3.5096726,9.09811
1760985577054,-0.65084773,3.4947174,9.078967
1760985577056,-0.65982085,3.5001013,9.09811
1760985577059,-0.6837491,3.5048869,9.102896
1760985577061,-0.71306115,3.4624143,9.126823
1760985577064,-0.7507481,3.481557,9.131609
1760985577065,-0.7848458,3.458227,9.126823
1760985577067,-0.79920274,3.4534414,9.145967
1760985577070,-0.81834537,3.4301112,9.169894
1760985577072,-0.8033902,3.463611,9.169894
1760985577074,-0.7890333,3.458227,9.17468
1760985577077,-0.7704889,3.44387,9.136395
1760985577079,-0.74177504,3.438486,9.145967
1760985577081,-0.7322037,3.4337006,9.160323
1760985577083,-0.72263247,3.438486,9.145967
1760985577086,-0.6891329,3.4426737,9.122038
1760985577088,-0.66101724,3.4420755,9.09811
1760985577091,-0.6418747,3.4229329,9.117252
1760985577092,-0.6658029,3.3990045,9.131609
1760985577095,-0.6753742,3.4043884,9.117252
1760985577097,-0.637089,3.4277184,9.083753
1760985577099,-0.6227321,3.4366915,9.083753
1760985577101,-0.62751776,3.4223347,9.074182
1760985577104,-0.6658029,3.4277184,9.083753
1760985577107,-0.67118675,3.394219,9.069994
1760985577108,-0.69930243,3.409174,9.078967
1760985577111,-0.7088737,3.399603,9.055637
1760985577113,-0.7328019,3.409174,9.046066
1760985577115,-0.72323066,3.399603,9.022138
1760985577117,-0.7710871,3.4097722,9.012567
1760985577119,-0.7710871,3.3954153,8.988638
1760985577122,-0.76630145,3.4193435,8.988638
1760985577124,-0.75194454,3.438486,8.983852
1760985577127,-0.718445,3.437888,8.979067
1760985577129,-0.71365935,3.4522448,8.955139
1760985577131,-0.6897311,3.446861,8.945567
1760985577133,-0.72323066,3.4570305,8.945567
1760985577135,-0.7328019,3.4474592,8.9312105
1760985577138,-0.7423732,3.4522448,8.902496
1760985577140,-0.7375876,3.4570305,8.883354
1760985577142,-0.7322037,3.4761732,8.864211
1760985577145,-0.75613195,3.4809587,8.883354
1760985577147,-0.7609176,3.4761732,8.883354
1760985577149,-0.76570326,3.49053,8.868998
1760985577151,-0.78424764,3.505485,8.883354
1760985577154,-0.7938189,3.5294135,8.897711
1760985577156,-0.8129615,3.5300117,8.912068
1760985577158,-0.802792,3.5491543,8.912068
1760985577160,-0.8219346,3.5635111,8.9210415
1760985577163,-0.8500503,3.5976088,8.940184
1760985577165,-0.863809,3.60718,8.968898
1760985577167,-0.89730847,3.6173496,9.002397
1760985577169,-0.93978107,3.6658044,8.98804
1760985577172,-0.9589237,3.6753755,8.973683
1760985577174,-1.006182,3.6807594,8.9928255
1760985577176,-1.0295119,3.7244284,8.964112
1760985577179,-1.0199406,3.7387853,8.973683
1760985577181,-1.0390832,3.7483566,8.95454
1760985577183,-1.0624132,3.7680974,8.968898
1760985577185,-1.0671989,3.7824545,8.997013
1760985577188,-1.0857433,3.7920256,8.973683
1760985577190,-1.0953146,3.815954,8.963513
1760985577192,-1.0953146,3.8063827,8.977871
1760985577195,-1.1192428,3.8261235,8.940184
1760985577197,-1.1048858,3.8117664,8.949755
1760985577199,-1.1096715,3.8165522,8.958728
1760985577201,-1.1144571,3.8117664,8.959326
1760985577204,-1.1144571,3.8117664,8.959326
1760985577206,-1.1192428,3.8069808,8.973683
1760985577208,-1.1144571,3.802195,8.992228
1760985577211,-1.1144571,3.7974095,8.98804
1760985577213,-1.1575279,3.7836509,9.016754
1760985577215,-1.1431711,3.7645082,9.040682
1760985577217,-1.1533405,3.7501514,9.055039
1760985577219,-1.1629118,3.74058,9.088538
1760985577222,-1.1581261,3.7166517,9.102896
1760985577224,-1.1724831,3.7022948,9.122038
1760985577227,-1.1587243,3.6544385,9.165109
1760985577230,-1.1353943,3.6352959,9.184252
1760985577231,-1.14018,3.6161532,9.241679
1760985577233,-1.1449656,3.5970106,9.275179
1760985577235,-1.1449656,3.5730824,9.337392
1760985577237,-1.1359925,3.5204403,9.366106
1760985577239,-1.1222339,3.510869,9.404391
1760985577242,-1.1365907,3.473182,9.461819
1760985577244,-1.1324034,3.4492538,9.500104
1760985577246,-1.1563315,3.4205399,9.538389
1760985577249,-1.7204394,3.298506,9.731011
1760985577251,-2.5980072,3.2135608,10.038489
1760985577253,-3.3643086,3.2907293,10.473983
1760985577255,-3.5288153,3.437888,10.802996
1760985577258,-3.0173492,3.5126636,10.663614
1760985577260,-2.160719,3.482155,10.179666
1760985577262,-1.3752748,3.3954153,9.796814
1760985577264,-0.7704889,3.3589249,9.585648
1760985577267,-0.41694933,3.4354951,9.465408
1760985577269,-0.27337998,3.481557,9.393025
1760985577271,-0.37806597,3.501896,9.302696
1760985577274,-0.60777694,3.4707892,9.288938
1760985577276,-0.951147,3.4606197,9.308679
1760985577278,-1.2376875,3.4211383,9.390633
1760985577280,-1.3848461,3.4420755,9.452846
1760985577283,-1.3471591,3.4372897,9.505488
1760985577285,-1.2179468,3.4689946,9.5048895
1760985577287,-1.0510473,3.481557,9.423533
1760985577289,-0.9409775,3.4893336,9.342177
1760985577292,-0.9451649,3.565904,9.250652
1760985577294,-1.0301101,3.638885,9.19801
1760985577296,-1.0636097,3.6436708,9.169894
1760985577298,-1.049851,3.6005998,9.145967
1760985577301,-1.0073783,3.5617166,9.184252
1760985577303,-0.9834501,3.5712879,9.260822
1760985577305,-0.9302098,3.6089747,9.298509
1760985577308,-0.85842514,3.6227336,9.303294
1760985577310,-0.78664047,3.6221352,9.317053
1760985577312,-0.7298109,3.5874393,9.350553
1760985577314,-0.6729814,3.5533416,9.345767
1760985577317,-0.63529444,3.5527434,9.33141
1760985577319,-0.6119644,3.5144582,9.317652
1760985577321,-0.5736792,3.5186458,9.2793665
1760985577324,-0.5407779,3.4941192,9.2075815
1760985577326,-0.49351966,3.4594233,9.159725
1760985577328,-0.47976094,3.4450665,9.102298
1760985577330,-0.42711884,3.463611,9.030513
1760985577332,-0.39900318,3.4241292,8.949755
1760985577335,-0.36131623,3.3900316,8.892327
1760985577337,-0.32362926,3.394219,8.810971
1760985577340,-0.29910284,3.4085758,8.796615
1760985577342,-0.27996024,3.4223347,8.743972
1760985577344,-0.2656033,3.4558342,8.715259
1760985577347,-0.28953153,3.4366915,8.691928
1760985577349,-0.2757728,3.4127634,8.687142
1760985577351,-0.27098715,3.417549,8.706285
1760985577353,-0.25184458,3.3930225,8.711071
1760985577355,-0.2620141,3.345166,8.739784
1760985577358,-0.30029923,3.321836,8.754142
1760985577360,-0.36251262,3.3224342,8.754142
1760985577362,-0.3912265,3.3373895,8.754142
1760985577365,-0.41455653,3.3613176,8.725428
1760985577367,-0.42891344,3.3714871,8.730213
1760985577369,-0.45702913,3.3810585,8.744571
1760985577371,-0.49112684,3.362514,8.735598
1760985577373,-0.5240282,3.367898,8.773284
1760985577376,-0.567099,3.3732817,8.845069
1760985577378,-0.77407813,3.5162528,9.250652
1760985577380,-0.88414794,3.455236,9.385248
1760985577383,-0.95712906,3.3792639,9.242277
1760985577385,-0.8913264,3.315854,9.175279
1760985577387,-0.7860422,3.3385859,9.165708
1760985577389,-0.7531409,3.3044882,9.136993
1760985577391,-0.72023964,3.289533,9.032308
1760985577394,-0.6586244,3.2739797,8.888738
1760985577396,-0.5629115,3.2823544,8.883952
1760985577398,-0.4869394,3.3050864,8.807382
1760985577400,-0.39601216,3.3278182,8.763713
1760985577403,-0.35294133,3.3320055,8.715857
1760985577405,-0.3152544,3.2979078,8.706883
1760985577407,-0.2632105,3.2829528,8.678169
1760985577410,-0.22492532,3.263212,8.668598
1760985577412,-0.20638095,3.2392836,8.659027
1760985577414,-0.19740787,3.1956146,8.659027
1760985577416,-0.20279172,3.162115,8.659027
1760985577419,-0.19800608,3.1477582,8.673384
1760985577421,-0.19322042,3.12383,8.697312
1760985577424,-0.20757736,3.114857,8.745169
1760985577426,-0.20817557,3.0909286,8.7882395
1760985577428,-0.21296121,3.0813572,8.826525
1760985577430,-0.22731815,3.0723844,8.883952
1760985577432,-0.27038896,3.062813,8.907881
1760985577434,-0.30867413,3.039483,8.970094
1760985577437,-0.3182454,3.03051,9.0131645
1760985577439,-0.39481574,3.00718,9.05145
1760985577441,-0.40917268,2.9982069,9.089735
1760985577444,-0.4755735,2.984448,9.142377
1760985577446,-0.52342993,2.975475,9.185448
1760985577448,-0.55692947,2.9617162,9.2285185
1760985577450,-0.5952146,2.9575288,9.266804
1760985577453,-0.6095716,2.9533412,9.305089
1760985577455,-0.6329016,2.9772696,9.333803
1760985577458,-0.6664011,2.9587252,9.357731
1760985577459,-0.64247286,2.9778678,9.352945
1760985577462,-0.6562316,2.9922247,9.372088
1760985577464,-0.6658029,2.9874392,9.396016
1760985577466,-0.63230336,3.0209386,9.386445
1760985577469,-0.6364908,3.0496526,9.409775
1760985577471,-0.65084773,3.054438,9.419347
1760985577473,-0.6454639,3.0783663,9.428918
1760985577476,-0.65982085,3.0933216,9.428918
1760985577478,-0.6831509,3.141178,9.438489
1760985577480,-0.68255264,3.1746774,9.404989
1760985577483,-0.67776704,3.1986058,9.413962
1760985577484,-0.69152576,3.2327034,9.39482
1760985577487,-0.7052845,3.2757742,9.346964
1760985577489,-0.7004988,3.3044882,9.299107
1760985577491,-0.6999006,3.333202,9.28475
1760985577493,-0.6897311,3.370889,9.260822
1760985577496,-0.69930243,3.3762727,9.232108
1760985577498,-0.66999036,3.4331024,9.208179
1760985577500,-0.6939186,3.461816,9.17468
1760985577503,-0.7076773,3.4911282,9.155538
1760985577505,-0.71724856,3.5198421,9.15494
1760985577507,-0.7070791,3.5581272,9.15494
1760985577509,-0.7160522,3.5772698,9.140582
1760985577512,-0.7304091,3.5874393,9.164511
1760985577514,-0.74416786,3.606582,9.183653
1760985577516,-0.74416786,3.6257246,9.193225
1760985577519,-0.74895346,3.6352959,9.183653
1760985577521,-0.7722835,3.6598222,9.188439
1760985577523,-0.77706915,3.6837504,9.1974125
1760985577526,-0.7908279,3.6933217,9.1974125
1760985577528,-0.7908279,3.6933217,9.178269
1760985577530,-0.8147561,3.7178483,9.1974125
1760985577532,-0.83389866,3.7130625,9.163913
1760985577535,-0.8386843,3.6987057,9.174082
1760985577537,-0.8578269,3.694518,9.183653
1760985577539,-0.87218386,3.694518,9.202796
1760985577541,-0.8817552,3.6993039,9.174082
1760985577544,-0.91525465,3.6807594,9.178867
1760985577546,-0.9343972,3.671188,9.178867
1760985577548,-0.92482597,3.685545,9.174082
1760985577550,-0.9343972,3.6568313,9.15494
1760985577552,-0.93978107,3.6329029,9.15494
1760985577555,-0.92542416,3.618546,9.164511
1760985577557,-0.92542416,3.6424742,9.15494
1760985577559,-0.9206385,3.6131623,9.141181
1760985577561,-0.91585284,3.6227336,9.131011
1760985577564,-0.86859465,3.612564,9.135797
1760985577566,-0.86919284,3.5742788,9.117252
1760985577569,-0.8356933,3.5880375,9.088538
1760985577572,-0.81655073,3.5784662,9.09811
1760985577573,-0.81655073,3.5880375,9.09811
1760985577575,-0.79740816,3.5730824,9.083753
1760985577577,-0.77347994,3.5682967,9.078967
1760985577580,-0.7788638,3.5252259,9.093325
1760985577582,-0.78843504,3.5156546,9.093325
1760985577584,-0.7645068,3.5252259,9.088538
1760985577587,-0.76510507,3.4917264,9.107681
1760985577589,-0.76510507,3.4965122,9.126823
1760985577591,-0.76510507,3.482155,9.112467
1760985577593,-0.7938189,3.482155,9.122038
1760985577596,-0.79920274,3.4486556,9.107681
1760985577598,-0.81834537,3.4301112,9.155538
1760985577600,-0.83748794,3.4157543,9.15135
1760985577603,-0.8422736,3.3966117,9.15135
1760985577605,-0.8572287,3.3822548,9.141779
1760985577608,-0.8668,3.353541,9.1465645
1760985577609,-0.87637126,3.3397822,9.156136
1760985577612,-0.8769695,3.315854,9.160921
1760985577614,-0.8769695,3.3200414,9.136993
1760985577616,-0.8578269,3.3056846,9.156136
1760985577618,-0.8775677,3.2769706,9.180662
1760985577621,-0.85842514,3.257828,9.171091
1760985577623,-0.8632108,3.2434711,9.195019
1760985577625,-0.8542377,3.2386854,9.190233
1760985577628,-0.8542377,3.2147572,9.223733
1760985577630,-0.87338024,3.1956146,9.214162
1760985577632,-0.849452,3.2099717,9.242876
1760985577635,-0.8542377,3.190829,9.23809
1760985577637,-0.85483587,3.1669009,9.276375
1760985577639,-0.8500503,3.1334012,9.329018
1760985577641,-0.80757767,3.1088748,9.386445
1760985577643,-0.8033902,3.065804,9.372088
1760985577645,-0.846461,3.0616167,9.333803
1760985577648,-0.9170493,3.1196425,9.338589
1760985577650,-0.9451649,3.1776686,9.338589
1760985577652,-0.9637093,3.225525,9.295518
1760985577654,-0.9493524,3.2303107,9.266804
1760985577657,-0.93978107,3.2303107,9.257233
1760985577659,-0.93679005,3.2368908,8.259425
1760985577661,-1.1539388,3.525824,7.752745
1760985577663,-1.032503,3.8823547,8.9108715
1760985577666,-0.7704889,3.8321054,9.177671
1760985577668,-0.87637126,3.4103706,8.812167
1760985577670,-1.1814562,3.0448668,8.847462
1760985577672,-1.2520444,3.103491,8.933603
1760985577675,-0.9726824,3.330211,8.8701935
1760985577677,-0.8279166,3.4677982,8.940782
1760985577679,-0.89491564,3.4444683,8.988638
1760985577681,-0.9391829,3.3487554,8.860622
1760985577684,-0.91106725,3.3194432,8.817552
1760985577686,-0.8105687,3.347559,8.893523
1760985577688,-0.762114,3.3762727,9.007781
1760985577690,-0.76271224,3.318845,9.032308
1760985577693,-0.82971126,3.3050864,9.070593
1760985577695,-0.9056834,3.3254254,9.136993
1760985577697,-0.9236295,3.359523,9.237492
1760985577700,-0.92303133,3.4313076,9.265608
1760985577702,-0.907478,3.5318062,9.212965
1760985577704,-0.88295156,3.603591,9.15494
1760985577707,-0.81595254,3.6263227,9.049655
1760985577709,-0.74416786,3.6634114,8.9348
1760985577711,-0.69152576,3.6963127,8.9108715
1760985577713,-0.6334998,3.757928,8.915657
1760985577715,-0.58564335,3.7716868,8.886345
1760985577718,-0.5808577,3.7716868,8.834301
1760985577720,-0.5623133,3.7471602,8.834301
