1761515400733,0.48440793,0.7069207,10.2489395
1761515400735,0.4701174,0.67834836,10.329631
1761515400739,0.49393985,0.66406244,10.320138
1761515400741,0.45582873,0.74501765,10.234701
1761515400743,0.4844153,0.72596973,10.258434
1761515400744,0.47488886,0.735494,10.210969
1761515400748,0.4748907,0.74501824,10.144517
1761515400750,0.49871314,0.67834944,10.149264
1761515400753,0.52253556,0.6735875,10.158756
1761515400754,0.5034809,0.69739807,10.196731
1761515400758,0.5225392,0.71168435,10.139771
1761515400760,0.53206927,0.74978125,10.120786
1761515400763,0.5654199,0.7450192,10.135025
1761515400764,0.6273553,0.70216084,10.135025
1761515400768,0.6083007,0.7307334,10.135025
1761515400770,0.627359,0.73073363,10.158757
1761515400773,0.61306846,0.7402579,10.187238
1761515400775,0.66071147,0.6973994,10.244196
1761515400777,0.6416568,0.7116858,10.248942
1761515400780,0.7083563,0.72597224,10.25369
1761515400783,0.7512352,0.7354966,10.282168
1761515400785,0.76076525,0.70216215,10.377099
1761515400788,0.7369465,0.73549694,10.32014
1761515400790,0.70836365,0.77359354,10.282169
1761515400793,0.72742194,0.7259731,10.286916
1761515400795,0.73218787,0.72597325,10.282169
1761515400798,0.7131333,0.7116872,10.229957
1761515400799,0.6750221,0.67359084,10.182492
1761515400803,0.66549575,0.67359096,10.172999
1761515400804,0.64167696,0.6974015,10.168253
1761515400808,0.5892735,0.68311536,10.120789
1761515400810,0.5845113,0.66882944,10.059084
1761515400813,0.5464001,0.66882956,10.059084
1761515400815,0.5797508,0.68311596,9.983139
1761515400817,0.5225832,0.6926402,10.030604
1761515400820,0.50352854,0.74978536,9.9689
1761515400823,0.51782274,0.7354993,9.926182
1761515400824,0.53688097,0.706927,9.902449
1761515400828,0.5225905,0.74978584,9.897703
1761515400829,0.50353587,0.71645147,9.968901
1761515400833,0.46542478,0.7021654,9.916689
1761515400834,0.45589837,0.76883465,9.9119425
1761515400839,0.47972074,0.74502444,9.945168
1761515400840,0.52259964,0.73073834,9.99738
1761515400843,0.57024264,0.7831214,9.992633
1761515400845,0.6035933,0.7640732,10.006873
1761515400846,0.56071806,0.7735976,10.021113
1761515400850,0.59406877,0.73073906,10.049592
1761515400852,0.5654859,0.783122,10.040099
1761515400854,0.5893083,0.7783602,10.078072
1761515400857,0.56072545,0.79740864,10.101805
1761515400859,0.5845478,0.7593123,10.101805
1761515400861,0.5702573,0.7450261,10.097058
1761515400864,0.57025915,0.7355023,10.092313
1761515400867,0.5845534,0.7450264,10.073326
1761515400870,0.57979107,0.764075,10.120791
1761515400872,0.57026464,0.71645445,10.106552
1761515400874,0.56073827,0.72121656,10.149271
1761515400877,0.56074005,0.6783582,10.073326
1761515400879,0.5893267,0.7212169,10.025862
1761515400881,0.54645145,0.7259793,10.021115
1761515400884,0.54645324,0.76407593,10.049594
1761515400887,0.5893321,0.7307417,10.044848
1761515400889,0.5702775,0.71645564,9.997383
1761515400891,0.5702793,0.71169376,9.973651
1761515400894,0.57028115,0.73550427,10.035355
1761515400897,0.5798112,0.7307424,10.00213
1761515400899,0.5941054,0.7307425,10.021116
1761515400901,0.5559943,0.74979097,10.021116
1761515400904,0.6084015,0.7164567,9.992637
1761515400907,0.63222384,0.7355051,9.926186
1761515400909,0.61316913,0.75455356,9.9689045
1761515400911,0.5845864,0.72598135,9.978397
1761515400913,0.59411645,0.70217115,10.0021305
1761515400916,0.5798258,0.7640782,9.907201
1761515400919,0.5750636,0.77360255,9.888214
1761515400921,0.6131783,0.69264746,9.883469
1761515400924,0.61318016,0.7307442,9.902453
1761515400927,0.6655873,0.768841,9.92144
1761515400929,0.6512968,0.7450307,9.850243
1761515400931,0.6084215,0.7640793,9.854988
1761515400933,0.589367,0.75931734,9.854989
1761515400936,0.6274817,0.7116968,9.854989
1761515400939,0.61795527,0.7402694,9.9261875
1761515400941,0.613193,0.78312826,9.930934
1761515400943,0.58937424,0.7402698,9.902454
1761515400946,0.60366845,0.73550797,9.94992
1761515400948,0.59890616,0.71169764,9.902454
1761515400951,0.55603087,0.7212219,10.006879
1761515400953,0.5560328,0.7259843,9.973655
1761515400956,0.5607987,0.69741195,9.940429
1761515400959,0.51315933,0.6497914,10.025866
1761515400960,0.5131612,0.64979154,10.021119
1761515400963,0.50363475,0.66407806,10.035358
1761515400967,0.48934424,0.6831264,10.1018095
1761515400969,0.50363845,0.6640784,10.111303
1761515400971,0.47505555,0.66407853,10.106558
1761515400973,0.49887797,0.70217514,10.144529
1761515400976,0.43218216,0.740272,10.158769
1761515400978,0.42265576,0.74503416,10.139783
1761515400981,0.4655347,0.716462,10.135036
1761515400983,0.47506472,0.6831276,10.111303
1761515400987,0.45124593,0.7212244,10.044853
1761515400988,0.47506833,0.7402728,10.03536
1761515400990,0.5370038,0.7307489,10.011628
1761515400996,0.5084209,0.7402732,9.92619
1761515400996,0.5084227,0.7831321,9.921444
1761515400998,0.5465375,0.75932187,9.888218
1761515401001,0.61323696,0.7926564,9.807528
1761515401005,0.63229525,0.74979806,9.92619
1761515401006,0.5894201,0.7736085,9.888219
1761515401008,0.63229895,0.7640846,9.921445
1761515401010,0.56083894,0.77360886,9.930938
1761515401013,0.565605,0.8164677,9.945177
1761515401015,0.5989556,0.8450403,9.945177
1761515401018,0.4989109,0.78789574,9.973657
1761515401021,0.48462042,0.82123035,9.973657
1761515401023,0.47509402,0.77837193,9.945178
1761515401026,0.42269054,0.8021824,9.907207
1761515401028,0.4512771,0.81170666,9.883474
1761515401030,0.4179301,0.8117069,9.916699
1761515401033,0.3559984,0.80218285,9.911953
1761515401035,0.4179338,0.8069451,9.779051
1761515401038,0.40364328,0.8117074,9.788544
1761515401040,0.39411688,0.7545627,9.788545
1761515401043,0.408411,0.7498008,9.779052
1761515401046,0.47511047,0.82123214,9.750571
1761515401048,0.5608665,0.8021839,9.7126
1761515401050,0.5846889,0.8212323,9.703107
1761515401053,0.62756777,0.8021843,9.684121
1761515401055,0.67044663,0.840281,9.726839
1761515401058,0.72285384,0.8498054,9.750572
1761515401060,0.71332747,0.8593297,9.736333
1761515401063,0.6895087,0.88790226,9.75532
1761515401066,0.7609722,0.8545679,9.793292
1761515401068,0.76097405,0.8259957,9.869237
1761515401070,0.72762716,0.8021855,9.907208
1761515401073,0.7419213,0.8164719,9.930941
1761515401075,0.6799895,0.80218583,9.968913
1761515401078,0.6752273,0.80694795,10.00214
1761515401080,0.62282383,0.8117103,9.954675
1761515401083,0.5894768,0.79742426,10.016379
1761515401085,0.5751863,0.84504515,9.97366
1761515401088,0.5990087,0.82123494,9.945181
1761515401090,0.55613345,0.81647307,9.916702
1761515401092,0.5466071,0.806949,9.935688
1761515401095,0.60377836,0.7926631,9.873984
1761515401097,0.5656672,0.7974253,9.883478
1761515401101,0.53232026,0.7879013,9.90721
1761515401103,0.56090677,0.8307602,9.854998
1761515401106,0.5847292,0.816474,9.817026
1761515401107,0.6037875,0.83076054,9.81228
1761515401110,0.62284577,0.8402848,9.845505
1761515401112,0.6561965,0.8259987,9.954677
1761515401115,0.6657266,0.81647474,9.888225
1761515401117,0.6990772,0.8117129,9.907211
1761515401120,0.62285316,0.81171304,9.945183
1761515401122,0.627619,0.8021891,10.006887
1761515401126,0.5990362,0.8069513,10.011635
1761515401127,0.6133304,0.8069514,9.987903
1761515401130,0.53234214,0.7498068,10.011636
1761515401132,0.55140054,0.7640931,9.973663
1761515401135,0.5704588,0.76409334,10.002143
1761515401138,0.59428126,0.7545693,9.987904
1761515401140,0.57999074,0.7069489,9.940438
1761515401145,0.5895208,0.7259973,9.907212
1761515401145,0.6466921,0.73552173,9.926198
1761515401147,0.58952445,0.74028385,9.954679
1761515401150,0.62763923,0.7831426,9.836016
1761515401152,0.68957466,0.7450462,9.840761
1761515401154,0.7276894,0.73552233,9.873987
1761515401157,0.7038706,0.7974295,9.836016
1761515401159,0.7515136,0.82123995,9.845508
1761515401162,0.75151545,0.8307643,9.836016
1761515401165,0.7419891,0.7879058,9.850256
1761515401168,0.79439616,0.83076465,9.855001
1761515401169,0.7038797,0.8307648,9.855001
1761515401172,0.7277022,0.78314424,9.902467
1761515401174,0.66577053,0.759334,9.916707
1761515401177,0.6324235,0.8021928,9.930946
1761515401180,0.68006647,0.8164792,9.949932
1761515401182,0.61337066,0.8164793,9.95468
1761515401184,0.58002377,0.7688589,9.949933
1761515401188,0.58478963,0.7831452,9.873989
1761515401189,0.59908384,0.80219376,9.916708
1761515401192,0.5990856,0.78314555,9.949933
1761515401194,0.59908754,0.78790796,9.973666
1761515401197,0.6181458,0.7831459,9.95468
1761515401200,0.63244003,0.7545736,9.930947
1761515401204,0.6896112,0.764098,9.930948
1761515401206,0.67055655,0.78790855,9.945188
1761515401209,0.6753226,0.80695695,9.968921
1761515401210,0.7134374,0.7926709,9.987907
1761515401213,0.70391095,0.8069573,10.0211315
1761515401215,0.6896204,0.7974334,9.98316
1761515401218,0.73249924,0.7688612,10.044865
1761515401221,0.6753317,0.79743373,10.059106
1761515401223,0.7086824,0.802196,10.059106
1761515401225,0.742033,0.792672,10.106571
1761515401229,0.665809,0.80219626,10.125556
1761515401229,0.6801032,0.8069585,10.125556
1761515401233,0.70868975,0.8164828,10.116064
1761515401235,0.69916326,0.8307693,10.116064
1761515401237,0.6896369,0.7736245,10.092332
1761515401239,0.6658181,0.7831489,10.087585
1761515401242,0.66582,0.7879111,10.006894
1761515401244,0.68487823,0.7926734,9.945189
1761515401248,0.6324748,0.78314936,9.926204
1761515401249,0.646769,0.76410127,9.926204
1761515401253,0.64677083,0.81172216,9.85026
1761515401254,0.64200854,0.78791195,9.8645
1761515401257,0.6420104,0.8117225,9.892979
1761515401260,0.68965334,0.8069605,9.911965
1761515401263,0.6991834,0.7926746,9.888232
1761515401264,0.6944212,0.78791267,9.845513
1761515401267,0.7515924,0.8212474,9.888232
1761515401269,0.7468301,0.81172335,9.94519
1761515401273,0.76588845,0.8307719,9.9024725
1761515401275,0.756362,0.8450582,9.850262
1761515401277,0.72301507,0.84029627,9.821782
1761515401279,0.69443214,0.8021999,9.836022
1761515401283,0.68490577,0.82601035,9.9356985
1761515401284,0.7516052,0.79743826,9.949938
1761515401288,0.70873004,0.8307729,9.926206
1761515401289,0.6610907,0.8355351,9.945191
1761515401293,0.6182154,0.8117249,9.992658
1761515401294,0.59439665,0.81172514,9.940446
1761515401297,0.6039268,0.84982187,9.935699
1761515401299,0.5181744,0.8117254,9.954686
1761515401303,0.44195038,0.80220145,9.935699
1761515401304,0.47530103,0.8164877,9.926207
1761515401308,0.42766172,0.82125014,9.973672
1761515401309,0.43719175,0.82125026,9.968926
1761515401313,0.47054243,0.80696416,9.978419
1761515401314,0.49912897,0.84982306,9.907222
1761515401318,0.5372437,0.8498233,9.88349
1761515401319,0.55153793,0.8641096,9.88349
1761515401322,0.6230015,0.8355374,9.878742
1761515401325,0.66111624,0.806965,9.807545
1761515401327,0.66111815,0.8498239,9.831278
1761515401329,0.66111994,0.84982413,9.826531
1761515401331,0.72305536,0.8307759,9.850265
1761515401334,0.7659342,0.90220726,9.812292
1761515401336,0.7325872,0.9022074,9.878743
1761515401339,0.77070206,0.868873,9.812292
1761515401340,0.75164735,0.8355387,9.826531
1761515401344,0.72782856,0.8926838,9.859758
1761515401347,0.79929227,0.8688735,9.845518
1761515401349,0.80405813,0.84982556,9.8502655
1761515401351,0.8088241,0.83077735,9.855011
1761515401354,0.7992977,0.8498258,9.826532
1761515401356,0.75642246,0.84982604,9.888237
1761515401359,0.77071667,0.85458815,9.902476
1761515401361,0.70402086,0.8498264,9.916717
1761515401364,0.6706738,0.84506434,9.902477
1761515401366,0.7040245,0.8355404,9.836027
1761515401369,0.6611493,0.8260164,9.897732
1761515401371,0.6420947,0.8212546,9.945196
1761515401373,0.5944553,0.7831581,9.921464
1761515401376,0.59445715,0.78792036,9.845519
1761515401378,0.62304366,0.82601714,9.916717
1761515401385,0.6468661,0.8069689,9.935704
1761515401385,0.5992267,0.80696917,9.878746
1761515401387,0.6468698,0.82125556,9.883493
1761515401388,0.67069215,0.82601786,9.888239
1761515401391,0.64210933,0.84030426,9.85976
1761515401393,0.65640354,0.8355423,9.869253
1761515401396,0.66593355,0.8545908,9.878746
1761515401399,0.69452006,0.854591,9.940452
1761515401401,0.7564554,0.8688773,9.897734
1761515401404,0.7326367,0.88792574,9.869254
1761515401406,0.7183462,0.8593536,9.935705
1761515401408,0.70405567,0.8641158,9.817042
1761515401411,0.6325957,0.864116,9.855014
1761515401413,0.65641814,0.8831644,9.855014
1761515401416,0.6611841,0.8355439,9.888241
1761515401418,0.661186,0.85935444,9.916719
1761515401421,0.6516595,0.87364084,9.90248
1761515401424,0.6468972,0.8260202,9.90248
1761515401427,0.5563808,0.8545928,9.954693
1761515401429,0.5373261,0.8736413,9.90248
1761515401431,0.49921504,0.8355448,9.949945
1761515401433,0.46110395,0.83078307,9.9452
1761515401436,0.40870047,0.81649685,9.940454
1761515401439,0.48492822,0.85459375,9.91672
1761515401441,0.48493004,0.8450697,9.859763
1761515401444,0.48016775,0.8688803,9.935707
1761515401446,0.55163133,0.8831667,9.907228
1761515401448,0.53257674,0.8498324,9.883496
1761515401451,0.56116325,0.8593567,9.859763
1761515401453,0.5945139,0.86888087,9.826538
1761515401456,0.5897516,0.8736432,9.845524
1761515401458,0.6278664,0.8879295,9.911976
1761515401461,0.6135759,0.8926919,9.911976
1761515401464,0.6373983,0.88792986,9.888243
1761515401467,0.60881543,0.8688818,9.897737
1761515401468,0.60405314,0.90697855,9.926215
1761515401471,0.604055,0.9165029,9.92147
1761515401473,0.61358505,0.8926927,9.92147
1761515401475,0.59453046,0.8641205,9.869258
1761515401478,0.585004,0.87364477,9.916722
1761515401480,0.55642116,0.8974552,9.930963
1761515401484,0.5468948,0.8736451,9.949948
1761515401486,0.53260416,0.8498349,9.973681
1761515401488,0.5516625,0.8736455,9.983175
1761515401490,0.5278438,0.8545973,10.035387
1761515401493,0.5135532,0.8165009,10.087599
1761515401496,0.4992627,0.8688838,10.173036
1761515401498,0.4135104,0.8403117,10.158796
1761515401501,0.38969165,0.8450738,10.187275
1761515401503,0.3992217,0.8879326,10.135064
1761515401506,0.3801671,0.8450742,10.097093
1761515401508,0.35634834,0.81650186,10.130319
1761515401510,0.36111423,0.80221593,10.011655
1761515401513,0.40399316,0.84031266,10.011655
1761515401515,0.4611644,0.84983706,10.035387
1761515401518,0.43258154,0.83078885,10.002163
1761515401520,0.51357335,0.84031326,9.987923
1761515401523,0.58980113,0.8641237,10.011656
1761515401526,0.6040952,0.8831721,10.002164
1761515401528,0.66126657,0.8926965,10.016403
1761515401530,0.6707966,0.87841034,10.044882
1761515401533,0.6850908,0.8784106,10.0306425
1761515401535,0.73749787,0.8784107,9.99267
1761515401538,0.7327356,0.8974592,10.016403
1761515401541,0.69462454,0.9069835,9.983178
1761515401542,0.6517493,0.90222174,9.968939
1761515401546,0.6850999,0.8403149,10.00691
1761515401547,0.6660453,0.85936344,10.035389
1761515401549,0.6517548,0.8736497,10.002165
1761515401552,0.6374643,0.8403154,10.002165
1761515401554,0.6136455,0.8926984,10.092348
1761515401557,0.53265727,0.864126,10.049629
1761515401559,0.50883853,0.87365043,10.025898
1761515401562,0.5136045,0.8784126,10.054377
1761515401565,0.5421911,0.8736508,10.044884
1761515401567,0.508844,0.8403164,9.997418
1761515401569,0.4564406,0.83555454,9.992672
1761515401572,0.51361185,0.87365127,9.911982
1761515401574,0.45644426,0.85460323,9.907235
1761515401577,0.49932313,0.8831758,9.921475
1761515401579,0.5612585,0.9022242,9.911983
1761515401581,0.5993732,0.8927003,9.888249
1761515401585,0.5993751,0.8974624,9.888249
1761515401587,0.59937704,0.9022248,9.869264
1761515401589,0.6565482,0.90698695,9.921475
1761515401591,0.66131413,0.9879424,9.916728
1761515401594,0.68513656,0.93079764,9.949955
1761515401597,0.7184873,0.9641323,9.88825
1761515401599,0.713725,0.95937043,9.864518
1761515401601,0.68037796,0.9403222,9.793321
1761515401604,0.7566057,0.94508463,9.821799
1761515401607,0.70420223,0.9593709,9.750601
1761515401609,0.64703465,0.9022263,9.793321
1761515401611,0.666093,0.9307988,9.817054
1761515401614,0.6327459,0.90698874,9.840786
1761515401617,0.642276,0.87365437,9.783828
1761515401619,0.64704204,0.86413044,9.826547
1761515401621,0.5994026,0.892703,9.888251
1761515401624,0.56129146,0.8831791,9.826547
1761515401627,0.589878,0.9165137,9.855025
1761515401629,0.556531,0.8927035,9.840787
1761515401631,0.49459934,0.89746577,9.8692665
1761515401635,0.44219586,0.87841755,9.926225
1761515401637,0.44696182,0.85460746,9.902492
1761515401639,0.42790714,0.8498456,9.86452
1761515401642,0.43267316,0.85936993,9.888252
1761515401645,0.42314675,0.89270455,9.916731
1761515401648,0.38503557,0.8831806,9.911985
1761515401650,0.41362214,0.88318074,9.888253
1761515401652,0.38503927,0.9117535,9.87876
1761515401654,0.4326823,0.8688948,9.940465
1761515401658,0.4088635,0.88794327,9.921479
1761515401660,0.40410125,0.91651595,9.921479
1761515401662,0.41363132,0.8879436,9.992677
1761515401665,0.40886903,0.8450852,9.902493
1761515401668,0.42316324,0.83556116,9.859775
1761515401669,0.48986274,0.8641339,9.9024935
1761515401672,0.4612798,0.9117548,9.888254
1761515401674,0.4803381,0.86889625,9.940466
1761515401677,0.51368874,0.84508604,9.926227
1761515401679,0.49939823,0.8688965,9.883508
1761515401682,0.56609774,0.83080024,9.9357195
1761515401685,0.5184584,0.83556235,9.964199
1761515401688,0.5613373,0.85937303,10.011664
1761515401688,0.56133914,0.82603854,9.968946
1761515401692,0.57563335,0.8498492,9.978439
1761515401694,0.532758,0.8784217,10.011664
1761515401697,0.5041752,0.8403255,9.93572
1761515401699,0.51846945,0.86413586,9.893002
1761515401702,0.53752774,0.854612,9.8930025
1761515401705,0.556586,0.84985006,9.878763
1761515401707,0.52800316,0.8498502,9.817059
1761515401709,0.5422973,0.82603997,9.779087
1761515401711,0.54229915,0.8450884,9.783833
1761515401714,0.52800864,0.8403266,9.817059
1761515401716,0.5280105,0.8831854,9.850285
1761515401719,0.57565343,0.8831856,9.855031
1761515401722,0.56256384,0.89282256,9.826638
1761515401725,0.56733155,0.9261574,9.845624
1761515401727,0.5959199,0.878537,9.864611
1761515401729,0.57686704,0.88329947,9.888344
1761515401732,0.53399354,0.9213963,9.878851
1761515401734,0.55305374,0.9404449,9.859865
1761515401736,0.54352903,0.94520736,9.831386
1761515401739,0.5197121,0.89282495,9.869359
1761515401742,0.4816027,0.8880632,9.878852
1761515401745,0.5006628,0.9547326,9.878852
1761515401747,0.4768458,0.9023502,9.826641
1761515401749,0.50067,0.86425376,9.878853
1761515401752,0.5054377,0.88330245,9.878853
1761515401754,0.50067717,0.892827,9.764936
1761515401756,0.4720961,0.9261618,9.755445
1761515401759,0.5387973,0.94997245,9.821896
1761515401762,0.46257505,0.9404487,9.80291
1761515401764,0.46257865,0.9785458,9.741204
1761515401767,0.4482899,1.0166423,9.684248
1761515401769,0.5340476,0.99283254,9.703234
1761515401772,0.5578718,0.9547363,9.665261
1761515401773,0.51976246,0.9737849,9.703235
1761515401776,0.56740725,0.97854745,9.698488
1761515401778,0.572175,0.940451,9.698488
1761515401782,0.5721786,0.94521344,9.665262
1761515401784,0.58647454,0.9690241,9.693742
1761515401787,0.619827,0.9737866,9.731715
1761515401788,0.65794355,0.9928353,9.726968
1761515401792,0.63412654,0.98331136,9.788672
1761515401793,0.60078126,0.9642634,9.783927
1761515401796,0.61984134,0.9547397,9.783927
1761515401799,0.6674862,0.9690261,9.788673
1761515401801,0.63414097,0.9737886,9.83614
1761515401804,0.6579651,0.94997853,9.878859
1761515401807,0.5960352,0.93093055,9.878859
1761515401808,0.60080296,0.94997925,9.897845
1761515401811,0.5865142,0.94045544,9.893099
1761515401813,0.57222545,0.9023593,9.940564
1761515401816,0.52935195,0.8833112,10.007015
1761515401818,0.53411967,0.92617023,9.992776
1761515401822,0.53412324,0.8833119,9.935819
1761515401824,0.53889096,0.9071226,9.950058
1761515401826,0.5627152,0.8309299,9.959552
1761515401828,0.572247,0.87378883,9.897848
1761515401831,0.6008353,0.8309306,9.888354
1761515401833,0.57225424,0.8356928,9.959553
1761515401836,0.54367316,0.85474145,9.90734
1761515401838,0.6294309,0.84045565,9.945313
1761515401841,0.61990625,0.84521806,9.931074
1761515401844,0.6199099,0.883315,9.954807
1761515401846,0.6532623,0.921412,9.945313
1761515401848,0.6770865,0.902364,9.888356
1761515401851,0.69138247,0.8928401,9.859877
1761515401853,0.71044254,0.88807833,9.945314
1761515401856,0.6818614,0.9214133,9.950062
1761515401858,0.6866291,0.9071274,9.950062
1761515401861,0.65804803,0.921414,9.983288
1761515401864,0.65805167,0.93093836,10.021259
1761515401866,0.63899875,0.88331795,9.988035
1761515401868,0.6294741,0.8785562,10.092459
1761515401871,0.6437701,0.8690324,10.101952
1761515401873,0.6628301,0.8595087,10.068726
1761515401876,0.6056643,0.9071297,10.026009
1761515401879,0.6104321,0.8595094,10.026009
1761515401881,0.6294921,0.8642718,10.040248
1761515401884,0.63902396,0.90236866,10.063982
1761515401886,0.6294994,0.8690344,10.002277
1761515401888,0.6676159,0.84046245,9.9595585
1761515401891,0.6819118,0.82617646,10.030756
1761515401893,0.70573604,0.87855965,10.01177
1761515401895,0.7486167,0.8642738,10.01177
1761515401898,0.7295638,0.9023708,9.988038
1761515401901,0.7343315,0.8785606,9.983292
1761515401904,0.767684,0.85475063,9.992785
1761515401906,0.82962114,0.8404648,10.040251
1761515401908,0.8105682,0.89284796,10.016519
1761515401911,0.7867513,0.878562,10.01652
1761515401913,0.78199077,0.8452279,10.054491
1761515401915,0.767702,0.8642765,10.011772
1761515401918,0.7486491,0.8595148,10.063985
1761515401921,0.69148326,0.8071322,10.073479
1761515401923,0.67719454,0.830943,10.040253
1761515401926,0.66766995,0.8404675,10.03076
1761515401927,0.62479645,0.8261816,10.073479
1761515401931,0.6438565,0.8357061,9.973803
1761515401933,0.6295678,0.807134,9.964309
1761515401935,0.6438638,0.8357067,9.93583
1761515401938,0.6438674,0.81665874,9.978549
1761515401941,0.67721975,0.8309454,9.95007
1761515401944,0.67245924,0.83094573,10.011775
1761515401946,0.67246294,0.8642806,9.988043
1761515401947,0.71534353,0.8452326,9.97855
1761515401950,0.73440355,0.88332945,10.045002
1761515401953,0.7629919,0.85475737,9.99279
1761515401955,0.8106367,0.8976163,9.964311
1761515401958,0.7725274,0.8833305,10.02127
1761515401960,0.7963515,0.8690446,9.988045
1761515401963,0.791591,0.88333124,9.997538
1761515401966,0.74395347,0.89285576,9.973806
1761515401967,0.6963159,0.90238017,9.931087
1761515401970,0.6724988,0.89285636,9.959567
1761515401972,0.6439178,0.92142916,9.988046
1761515401975,0.6963267,0.90714324,9.9975395
1761515401977,0.72015095,0.9309539,9.9975395
1761515401980,0.7296827,0.9261922,9.902609
1761515401982,0.82020456,0.9547651,9.940581
1761515401986,0.83450055,0.94047904,9.897864
1761515401987,0.87261707,0.9500035,9.798186
1761515401990,0.89167714,0.9690522,9.840905
1761515401992,0.863096,0.97381467,9.764962
1761515401995,0.89168435,0.99762523,9.736483
1761515401998,0.88692385,1.011912,9.736483
1761515402000,0.8535786,0.9690536,9.731736
1761515402003,0.81546926,0.9642917,9.722244
1761515402005,0.81547284,0.9500059,9.646299
1761515402007,0.79165584,0.9595304,9.665286
1761515402010,0.810716,0.94048244,9.722244
1761515402012,0.7678425,0.92143464,9.722244
1761515402015,0.7487896,0.926197,9.717499
1761515402018,0.68685967,0.89286274,9.75547
1761515402020,0.6582786,0.92143553,9.750725
1761515402022,0.66781044,0.92619795,9.7175
1761515402025,0.68687046,0.9261983,9.7697115
1761515402027,0.6916382,0.9404848,9.812429
1761515402030,0.73928297,0.95477146,9.74598
1761515402031,0.6773531,0.9595338,9.8361635
1761515402034,0.7011773,0.95000994,9.864643
1761515402037,0.67259616,0.9262,9.864644
1761515402040,0.6916563,0.92620033,9.864644
1761515402043,0.7107163,0.91191447,9.931094
1761515402044,0.6440223,0.9595355,9.969068
1761515402046,0.6202053,0.92620134,9.883631
1761515402048,0.6202089,0.9214397,9.859898
1761515402051,0.65832543,0.92143995,9.916856
1761515402053,0.6249802,0.9500126,9.9026165
1761515402056,0.63451207,0.92144066,9.954829
1761515402058,0.63451564,0.9166789,9.959577
1761515402061,0.63928336,0.9119172,9.945335
1761515402064,0.6440511,0.8976313,9.940591
1761515402067,0.6631112,0.9071558,9.964323
1761515402068,0.6678789,0.91191816,9.959578
1761515402071,0.67264664,0.89763224,9.96907
1761515402073,0.6535937,0.88810843,9.969071
1761515402076,0.7012385,0.8785846,10.002296
1761515402078,0.70124215,0.88810915,9.978563
1761515402081,0.7250663,0.8690612,9.99755
1761515402084,0.7012493,0.88810986,10.049762
1761515402086,0.77271473,0.9309687,10.035522
1761515402088,0.73936945,0.8785863,10.030777
1761515402091,0.72031665,0.8928729,10.068749
1761515402093,0.7584331,0.9166836,10.092483
1761515402095,0.7965497,0.89763564,10.064004
1761515402098,0.7393839,0.8547774,10.097228
1761515402101,0.7346234,0.8833501,10.0592575
1761515402104,0.7584476,0.9309711,10.078244
1761515402106,0.73939466,0.9071611,10.087737
1761515402108,0.7632189,0.92144775,10.045018
1761515402110,0.74893016,0.8785894,10.068751
1761515402113,0.6870002,0.8690656,10.12571
1761515402115,0.6203061,0.9262109,10.073498
1761515402118,0.63460207,0.91668695,10.059259
1761515402120,0.64889807,0.9024011,10.087739
1761515402123,0.6584299,0.89287734,10.082992
1761515402126,0.64414114,0.86906725,10.130457
1761515402128,0.64890885,0.8881159,10.111472
1761515402132,0.68702537,0.9024025,10.05926
1761515402134,0.65844434,0.845258,10.097232
1761515402136,0.66797614,0.88811684,10.1921625
1761515402139,0.66321564,0.91192764,10.206404
1761515402142,0.60128576,0.9452625,10.135206
1761515402144,0.6346382,0.8881179,10.192163
1761515402147,0.64417,0.8928804,10.139953
1761515402149,0.65370184,0.91669106,10.111474
1761515402151,0.634649,0.89764315,10.101981
1761515402154,0.62512434,0.8976434,10.101981
1761515402156,0.6203638,0.8738334,10.040277
1761515402159,0.6203674,0.9166924,10.016544
1761515402161,0.658484,0.8928824,10.021291
1761515402164,0.64895934,0.89288276,9.992811
1761515402167,0.63467056,0.91193146,9.9311075
1761515402169,0.6632589,0.8928835,9.85991
1761515402171,0.6632624,0.87859744,9.826684
1761515402174,0.6918508,0.90717024,9.859911
1761515402176,0.6823262,0.95002925,9.831432
1761515402179,0.67756563,0.90717095,9.826685
1761515402182,0.6585128,0.93098164,9.836179
1761515402184,0.63469577,0.9500303,9.788714
1761515402186,0.6251712,0.9214582,9.779222
1761515402188,0.63946706,0.9262206,9.793461
1761515402191,0.5489524,0.89288646,9.82194
1761515402194,0.5584844,0.92145926,9.793462
1761515402196,0.5441956,0.89764917,9.760237
1761515402198,0.5299068,0.90241164,9.831434
1761515402201,0.5251463,0.87383956,9.78397
1761515402204,0.47274458,0.88812596,9.821942
1761515402207,0.506097,0.87384015,9.878901
1761515402208,0.47751588,0.83098185,9.888392
1761515402211,0.4536989,0.85003054,9.845675
1761515402213,0.50134367,0.8500309,9.869409
1761515402216,0.48705497,0.85479325,9.940606
1761515402218,0.49658683,0.87860394,9.902634
1761515402221,0.50135446,0.859556,9.931113
1761515402224,0.5632916,0.87384254,9.973833
1761515402227,0.48230523,0.8643187,10.002312
1761515402228,0.54424244,0.8309846,10.026045
1761515402231,0.5728307,0.8214608,10.054524
1761515402233,0.5347213,0.85003364,10.054524
1761515402236,0.55854553,0.9167029,10.097242
1761515402238,0.52996445,0.85479623,10.059272
1761515402241,0.5442603,0.8214621,10.021299
1761515402244,0.56808454,0.82622445,10.0782585
1761515402246,0.5871447,0.8738456,10.049778
1761515402248,0.57762,0.8357493,9.988075
1761515402251,0.591916,0.85003597,9.945355
1761515402253,0.5728631,0.83098793,10.002315
1761515402255,0.58239496,0.8405124,9.945356
1761515402258,0.6109833,0.83098865,9.893146
1761515402261,0.6443357,0.86432344,9.874159
1761515402264,0.6109905,0.8547997,9.812454
1761515402266,0.6538712,0.85480005,9.760243
1761515402268,0.6586389,0.8595625,9.760243
1761515402271,0.6062371,0.816704,9.769736
1761515402273,0.6395896,0.8595631,9.731765
1761515402276,0.6443573,0.86432546,9.674808
1761515402278,0.6110121,0.85480165,9.708033
1761515402281,0.6014874,0.87385035,9.746005
1761515402284,0.58719873,0.8786127,9.670062
1761515402286,0.57290995,0.8643269,9.717527
1761515402287,0.549093,0.85956514,9.74126
1761515402291,0.5014554,0.8643275,9.693794
1761515402293,0.5109872,0.82623124,9.727021
1761515402295,0.5109908,0.8690902,9.717528
1761515402298,0.5014662,0.8548044,9.722274
1761515402301,0.4728851,0.8786151,9.746007
1761515402303,0.4776528,0.8595672,9.712782
1761515402306,0.47289228,0.8405192,9.76974
1761515402308,0.48718825,0.80242294,9.788727
1761515402310,0.491956,0.85480607,9.769741
1761515402313,0.511016,0.8548064,9.845686
1761515402315,0.50149137,0.8500447,9.831447
1761515402318,0.47291028,0.85956925,9.869419
1761515402320,0.4919704,0.888142,9.921631
1761515402323,0.4586252,0.8167111,9.954857
1761515402326,0.46339285,0.81194943,9.945363
1761515402328,0.43481177,0.8119498,10.0165615
1761515402330,0.4157589,0.8595709,10.0497875
1761515402332,0.40147018,0.83099884,10.045042
1761515402335,0.40147373,0.77861637,10.097253
1761515402338,0.46341088,0.807189,10.120987
1761515402341,0.43006566,0.8262376,10.097254
1761515402344,0.45388988,0.8071897,10.087761
1761515402345,0.46342167,0.8405246,10.092508
1761515402348,0.48248175,0.845287,10.06403
1761515402351,0.55394715,0.8357632,10.03555
1761515402352,0.5587149,0.81195325,10.030804
1761515402355,0.59206724,0.8881466,10.06403
1761515402358,0.5920709,0.8786228,10.054538
1761515402360,0.611131,0.8548128,9.983339
1761515402363,0.65401167,0.85005116,9.973847
1761515402366,0.6587794,0.8595757,9.9643545
1761515402367,0.6063776,0.86910003,10.002327
1761515402370,0.5920889,0.8833867,9.959608
1761515402372,0.6397337,0.8595766,9.907396
1761515402375,0.6492655,0.869101,9.912144
1761515402378,0.68738204,0.8929118,9.912144
1761515402381,0.6445086,0.9119605,9.869426
1761515402383,0.65404046,0.8738642,9.850439
1761515402385,0.6445158,0.9119612,9.774496
1761515402387,0.6111706,0.92148566,9.765003
1761515402390,0.58735365,0.9738687,9.793482
1761515402392,0.61594194,0.91672415,9.793483
1761515402395,0.58736086,0.88339,9.746017
1761515402398,0.5492515,0.926249,9.736524
1761515402400,0.5349628,0.94053555,9.760257
1761515402402,0.4968534,0.945298,9.760258
1761515402405,0.50638527,0.95958453,9.750765
1761515402407,0.4778041,0.90244,9.746018
1761515402410,0.4682795,0.92148864,9.807723
1761515402412,0.4730472,0.93577516,9.793485
1761515402414,0.45875847,0.91672724,9.798231
1761515402417,0.4492338,0.97863466,9.850443
1761515402420,0.40636036,0.95482457,9.869431
1761515402423,0.406364,0.94530064,9.845697
1761515402425,0.3873111,0.945301,9.959614
1761515402427,0.40160704,0.8881564,9.992839
1761515402430,0.41113886,0.9214914,9.99284
1761515402432,0.39208603,0.92149174,10.035559
1761515402434,0.43020257,0.89768165,10.073531
1761515402437,0.43973443,0.93101645,10.149476
1761515402440,0.4445021,0.883396,10.14473
1761515402442,0.45879808,0.9072067,10.149477
1761515402445,0.50167876,0.88339674,10.177956
1761515402447,0.48739,0.9357799,10.15897
1761515402450,0.52550656,0.9405423,10.163717
1761515402452,0.54456663,0.9214944,10.196943
1761515402454,0.5350419,0.95006716,10.182703
1761515402457,0.54457384,0.9548295,10.130492
1761515402460,0.5922186,0.9024471,10.102013
1761515402462,0.5541092,0.90244746,10.1115055
1761515402465,0.54458463,0.916734,10.054548
1761515402467,0.6017577,0.892924,10.016577
1761515402470,0.5588842,0.89768636,9.997591
1761515402472,0.5588877,0.8929247,10.040309
1761515402474,0.5731837,0.93102145,10.030817
1761515402476,0.6065362,0.9262598,9.988099
1761515402480,0.5398422,0.90244985,10.002338
1761515402482,0.5684304,0.89292604,9.945379
1761515402485,0.568434,0.94530916,9.921648
1761515402486,0.539853,0.96911985,9.902661
1761515402489,0.5541489,0.9167373,9.931141
1761515402492,0.4874548,0.9119756,9.902661
1761515402495,0.52557135,0.9357863,9.87893
1761515402495,0.52081084,0.954835,9.926395
1761515402499,0.5351068,0.935787,9.926395
1761515402501,0.52081805,0.9405494,9.931143
1761515402505,0.454124,0.9167394,9.940637
1761515402505,0.42077884,0.93102586,9.964369
1761515402512,0.44936717,0.9405503,9.969115
1761515402513,0.40172955,0.91197836,10.011835
1761515402515,0.42078963,0.94055104,9.988103
1761515402516,0.4065009,0.95959973,10.002342
1761515402520,0.3779198,0.90721726,10.026075
1761515402522,0.37315923,0.93102795,10.011836
1761515402524,0.37316287,0.916742,10.064048
1761515402526,0.3826947,0.93102854,10.078287
1761515402529,0.39699066,0.95007724,10.059302
1761515402531,0.3684095,0.9500776,10.073542
1761515402534,0.40176198,0.9357918,10.092528
1761515402536,0.4398785,0.9357921,10.092528
1761515402539,0.4541745,0.9215063,10.121008
1761515402542,0.45894223,0.9357927,10.045064
1761515402544,0.44941753,0.9405551,10.06405
1761515402546,0.45418528,0.9643658,10.10677
1761515402549,0.4827736,0.91198343,10.111515
1761515402551,0.47324896,0.8929355,10.073544
1761515402553,0.492309,0.93103236,10.059304
1761515402555,0.5685385,0.9072224,10.059305
1761515402558,0.5113727,0.89769846,10.007092
1761515402561,0.4780275,0.9453196,9.98336
1761515402563,0.48279518,0.8976992,9.98336
1761515402565,0.48279878,0.8834134,9.973868
1761515402568,0.50662297,0.91674817,9.950135
1761515402570,0.49233428,0.89770025,9.926403
1761515402572,0.48280957,0.8310315,9.912165
1761515402575,0.5304544,0.85960436,9.907418
1761515402578,0.5542786,0.89293915,9.888432
1761515402580,0.5399899,0.8834154,9.82198
1761515402582,0.5018805,0.92151237,9.874193
1761515402585,0.5161764,0.91198856,9.907419
1761515402587,0.45901063,0.9262751,9.926405
1761515402591,0.449486,0.907227,9.87894
1761515402592,0.48760256,0.8929412,9.826729
1761515402595,0.52571905,0.87865525,9.926406
1761515402598,0.5543074,0.8453211,9.964378
1761515402600,0.5400187,0.8405595,9.897928
1761515402603,0.4971452,0.8738943,9.959633
1761515402605,0.47809228,0.8453222,9.954886
1761515402607,0.52097297,0.8881811,9.874195
1761515402610,0.5305048,0.8691331,9.859957
1761515402612,0.5590932,0.85008526,9.893182
1761515402615,0.5543327,0.8500856,9.888435
1761515402617,0.5209874,0.81675136,9.84097
1761515402620,0.5257551,0.85008633,9.78876
1761515402623,0.55434346,0.8405625,9.831478
1761515402625,0.52099824,0.79770416,9.840971
1761515402627,0.52576596,0.78341824,9.907424
1761515402630,0.58293897,0.8453255,9.864705
1761515402632,0.56865025,0.83103967,9.845718
1761515402634,0.59723854,0.8215159,9.855211
1761515402637,0.55436504,0.8215163,9.893185
1761515402642,0.55436873,0.8358028,9.964383
1761515402644,0.6163058,0.82627887,9.983369
1761515402645,0.6067811,0.8405655,9.935904
1761515402648,0.6210771,0.83580375,9.831481
1761515402651,0.6163166,0.8215179,9.888439
1761515402653,0.60679203,0.7977079,9.950144
1761515402655,0.6592009,0.8119945,9.912173
1761515402658,0.6258556,0.80723256,9.864708
1761515402661,0.62585926,0.79770887,9.831482
1761515402664,0.6163346,0.8405679,9.874201
1761515402666,0.6163382,0.8310441,9.8931875
1761515402680,0.6639829,0.740565,9.921667
1761515402680,0.6544584,0.78818613,9.95964
1761515402680,0.6878108,0.83104515,9.91692
1761515402681,0.64017326,0.8167591,9.902681
1761515402681,0.6258844,0.75961465,9.845723
1761515402681,0.6068316,0.8024736,9.888442
1761515402691,0.5591941,0.7881878,9.8836975
1761515402691,0.5782541,0.8310468,9.916922
1761515402691,0.57825774,0.80723673,9.964387
1761515402691,0.58778954,0.79771304,10.00236
1761515402692,0.53062373,0.8262856,9.992867
1761515402706,0.54491967,0.84057224,9.983375
1761515402706,0.573508,0.8643829,9.916923
1761515402706,0.5449269,0.8167625,9.945402
1761515402706,0.58780754,0.7977147,9.988122
1761515402707,0.53064173,0.77866673,9.93591
1761515402707,0.5782865,0.79295325,9.940657
1761515402709,0.57352597,0.8120018,9.992869
1761515402711,0.5592372,0.8120022,10.007109
1761515402714,0.5592409,0.7929542,9.9501505
1761515402717,0.57830095,0.7881926,9.997616
1761515402719,0.559248,0.81676525,9.988124
1761515402721,0.5954975,0.8404008,9.973751
1761515402724,0.6050247,0.8261144,10.006975
1761515402726,0.58120304,0.82135236,10.030708
1761515402729,0.59073025,0.81182814,10.025962
1761515402731,0.5621446,0.811828,9.997483
1761515402734,0.624077,0.82611406,10.00223
1761515402737,0.60501957,0.78801745,9.978497
1761515402739,0.60025436,0.82611394,9.978497
1761515402741,0.59548926,0.8451621,9.945271
1761515402744,0.60978055,0.84992415,10.00223
1761515402746,0.5954872,0.80230325,9.95951
1761515402748,0.5859579,0.8499239,9.950017
1761515402751,0.5716645,0.83087546,9.94527
1761515402754,0.6431253,0.8356375,9.916791
1761515402757,0.61930364,0.8689718,9.874072
1761515402759,0.59548205,0.8642097,9.845593
1761515402762,0.59548104,0.87373376,9.836101
1761515402764,0.6574135,0.9356406,9.85034
1761515402766,0.6240636,0.87373364,9.85034
1761515402769,0.600242,0.86897135,9.826607
1761515402771,0.60500515,0.9070679,9.840846
1761515402773,0.6288246,0.9165919,9.855085
1761515402776,0.6526443,0.9023056,9.769649
1761515402778,0.5907097,0.91659164,9.798127
1761515402781,0.5907087,0.93087786,9.831352
1761515402784,0.58594346,0.89754325,9.82186
1761515402786,0.6002348,0.9165914,9.736422
1761515402788,0.571649,0.92611545,9.798127
1761515402792,0.5621198,0.91659117,9.840845
1761515402795,0.5621187,0.8975429,9.8361
1761515402797,0.571646,0.9023049,9.864578
1761515402799,0.5811732,0.9213531,9.831352
1761515402802,0.533531,0.9165908,9.864578
1761515402805,0.5430582,0.92611486,9.902551
1761515402806,0.5668777,0.8737321,9.874071
1761515402809,0.5192355,0.91659063,9.883565
1761515402812,0.5716398,0.9261146,9.87407
1761515402814,0.5716387,0.94516283,9.855083
1761515402817,0.5668736,0.8832558,9.9215355
1761515402819,0.58592904,0.88325566,9.931028
1761515402822,0.59545624,0.9308763,9.940522
1761515402825,0.61451167,0.9356383,10.030705
1761515402826,0.585926,0.87849325,10.016466
1761515402829,0.6192737,0.90706563,9.992733
1761515402831,0.63356507,0.9165897,10.002227
1761515402834,0.63832814,0.9213518,10.025959
1761515402836,0.6478554,0.8784929,10.002227
1761515402839,0.65738255,0.88325495,9.9879875
1761515402842,0.6430892,0.8451582,10.040198
1761515402844,0.6669088,0.8832547,10.044945
1761515402846,0.6859642,0.85944426,10.035451
1761515402849,0.70978373,0.89754075,10.0639305
1761515402851,0.638321,0.8737303,10.059184
1761515402854,0.65261227,0.86896807,10.082916
1761515402856,0.70501655,0.8784921,10.0639305
1761515402859,0.64308196,0.9261127,10.044945
1761515402861,0.6573733,0.8975403,10.106649
1761515402864,0.6192593,0.85944366,10.0307045
1761515402866,0.6287865,0.85468143,10.044945
1761515402869,0.6573702,0.88801575,10.078171
1761515402871,0.6144921,0.8784915,10.073423
1761515402874,0.5954346,0.90230185,10.120889
1761515402876,0.56208473,0.87372935,10.082915
1761515402879,0.58114016,0.85468096,10.106648
1761515402882,0.5668468,0.8880153,10.049689
1761515402884,0.53826106,0.9070635,10.082915
1761515402886,0.576373,0.88801503,10.040196
1761515402889,0.6097208,0.9023014,9.983238
1761515402891,0.5906633,0.8975391,9.931026
1761515402893,0.61924696,0.91182524,9.888308
1761515402896,0.63830245,0.89277685,9.883562
1761515402899,0.6287731,0.91658705,9.883562
1761515402901,0.6335362,0.9308731,9.893055
1761515402904,0.6049505,0.9261111,9.959506
1761515402906,0.57636476,0.94515926,9.907293
1761515402909,0.59542024,0.8832522,9.869322
1761515402911,0.57636267,0.92611074,9.878815
1761515402913,0.5715975,0.9451589,9.850335
1761515402916,0.5715965,0.9403968,9.812363
1761515402919,0.5430108,0.9308725,9.826602
1761515402922,0.5334815,0.8927759,9.874067
1761515402924,0.514424,0.9165861,9.855081
1761515402926,0.56682825,0.89277565,9.945265
1761515402928,0.5620631,0.8832515,9.878815
1761515402931,0.519185,0.9070617,9.888307
1761515402933,0.50489163,0.9356341,9.850335
1761515402936,0.5525318,0.9165856,9.878815
1761515402939,0.49059722,0.90706134,9.907292
1761515402941,0.50488853,0.8784888,9.8977995
1761515402944,0.46201044,0.89753705,9.907292
1761515402945,0.49535826,0.9022991,9.888306
1761515402948,0.46677256,0.8642024,9.950011
1761515402951,0.44771498,0.8213436,9.926279
1761515402954,0.5096475,0.82610554,9.912039
1761515402955,0.49058998,0.81658137,9.921532
1761515402959,0.5048813,0.864202,9.935771
1761515402960,0.50964445,0.84515357,9.954758
1761515402963,0.50487924,0.8356293,9.992729
1761515402966,0.538227,0.8499155,9.987984
1761515402968,0.57157487,0.83562905,9.987984
1761515402971,0.538225,0.8499154,9.959503
1761515402973,0.5858652,0.88801175,9.940517
1761515402975,0.62397707,0.85467714,9.997476
1761515402978,0.6382684,0.84515285,9.987983
1761515402981,0.61921084,0.8499149,10.016461
1761515402983,0.6049175,0.8784872,9.95001
1761515402985,0.5810959,0.8737251,9.954757
1761515402988,0.63350016,0.8451525,9.926278
1761515402991,0.671612,0.8451524,9.926278
1761515402993,0.62396985,0.91182137,9.926278
1761515402995,0.63349706,0.87848663,9.86932
1761515402998,0.6049114,0.8594385,9.85508
1761515403001,0.59538203,0.93563145,9.907291
1761515403003,0.55726814,0.8975347,9.897798
1761515403005,0.6049083,0.9022967,9.840838
1761515403008,0.5906149,0.8975345,9.931023
1761515403011,0.58108556,0.90705866,9.855079
1761515403012,0.5620281,0.91658264,9.836093
1761515403015,0.5382064,0.94039285,9.845586
1761515403018,0.55249774,0.9308686,9.864572
1761515403021,0.54296845,0.92134446,9.878812
1761515403024,0.5477316,0.90705806,9.893051
1761515403025,0.5334382,0.9118202,9.850332
1761515403028,0.5096166,0.9213442,9.793374
1761515403031,0.55725676,0.8880095,9.817106
1761515403032,0.5810763,0.9070577,9.817105
1761515403035,0.5858394,0.93563,9.845585
1761515403038,0.58107424,0.9308679,9.736414
1761515403041,0.57154495,0.9451541,9.750654
1761515403043,0.55248743,0.9403918,9.783879
1761515403044,0.56201464,0.93086755,9.712682
1761515403047,0.61918306,0.94039154,9.779134
1761515403050,0.61441785,0.9880123,9.726922
1761515403052,0.60965276,1.0022984,9.750654
1761515403054,0.5715388,1.0403949,9.722175
1761515403057,0.63823545,1.0022981,9.70319
1761515403060,0.7001679,0.94515324,9.741161
1761515403062,0.60964864,0.96896344,9.755401
1761515403064,0.6382323,0.99753577,9.760146
1761515403067,0.6572878,0.949915,9.764894
1761515403070,0.6668149,0.9975355,9.7554
1761515403071,0.6096445,0.9689631,9.736413
1761515403074,0.58582294,0.96420085,9.764894
1761515403077,0.6048784,0.98801124,9.802865
1761515403079,0.5762926,0.97372496,9.7316675
1761515403082,0.6048763,0.99753505,9.750653
1761515403085,0.6144034,0.9737247,9.807611
1761515403087,0.6239307,0.9642004,9.821852
1761515403089,0.6144014,1.0403935,9.774386
1761515403091,0.65727746,0.96420026,9.779133
1761515403094,0.65251225,0.9499139,9.855077
1761515403097,0.6286907,0.98801047,9.859822
1761515403099,0.6096332,1.0118208,9.831344
1761515403102,0.65727335,0.99277234,9.912034
1761515403104,0.63821584,1.0118207,9.897795
1761515403107,0.64774305,1.0261067,9.864569
1761515403109,0.6620344,0.96896166,9.859822
1761515403111,0.69061804,1.0070581,9.926274
1761515403114,0.68108875,0.9689614,9.91678
1761515403117,0.63821065,0.95943713,9.945259
1761515403119,0.652502,0.9784856,9.997472
1761515403122,0.61438805,1.01182,9.902541
1761515403124,0.6239152,1.0070577,9.91678
1761515403126,0.6667913,0.9641988,9.902541
1761515403129,0.66202605,0.99277127,9.883554
1761515403131,0.6524969,0.983247,9.931019
1761515403134,0.662024,0.98800904,9.907287
1761515403138,0.66678715,1.0451539,9.893047
1761515403139,0.6667861,1.0022949,9.907287
1761515403142,0.70489806,0.96896034,9.874061
1761515403145,0.6620199,0.9927708,9.855075
1761515403147,0.704896,0.9975326,9.8883
1761515403150,0.6810743,0.9975325,9.883554
1761515403152,0.6810733,0.9880083,9.869315
1761515403154,0.6953646,0.9927703,9.874061
1761515403157,0.6905995,1.0070564,9.907287
1761515403159,0.6905984,0.9499115,9.921526
1761515403162,0.7239462,1.0118184,9.916779
1761515403165,0.676304,0.99276996,9.921525
1761515403166,0.64771837,0.9641973,9.907286
1761515403170,0.6858302,0.9880076,9.954751
1761515403172,0.6667727,0.9689593,9.973738
1761515403174,0.67629987,0.9737213,9.921525
1761515403176,0.6905912,0.9641969,9.9927225
1761515403179,0.7191749,0.9261003,10.016456
1761515403181,0.6905892,0.9641967,10.016456
1761515403185,0.6524752,0.9165759,9.983231
1761515403186,0.7096436,0.93562424,9.987977
1761515403189,0.66200143,0.9165758,10.021202
1761515403191,0.6191233,0.9165757,10.030696
1761515403194,0.65247107,0.9403859,10.044934
1761515403196,0.6858189,0.9499099,10.059174
1761515403199,0.6810537,0.94038576,10.016455
1761515403202,0.7048733,0.9546719,9.997469
1761515403205,0.6715234,1.0070546,10.025948
1761515403207,0.6810506,0.9784821,10.054427
1761515403210,0.69057786,0.98800606,10.016455
1761515403211,0.7239257,0.9641955,10.016455
1761515403213,0.6905758,0.9784819,10.016455
1761515403216,0.6334053,0.93562305,9.978482
1761515403219,0.6286402,0.96895736,10.002215
1761515403222,0.661988,0.9927677,9.968989
1761515403224,0.66198695,1.0308642,9.907284
1761515403226,0.71439123,0.9975295,9.902537
1761515403230,0.7143902,0.99276745,9.935762
1761515403231,0.69533265,1.030864,9.897791
1761515403233,0.67151105,1.0165775,9.878805
1761515403236,0.68103826,1.0356257,9.83134
1761515403239,0.6858013,0.988005,9.883552
1761515403242,0.6762721,1.0165772,9.874058
1761515403245,0.6572146,1.0118152,9.821847
1761515403245,0.6667418,1.021339,9.850326
1761515403249,0.66197664,1.011815,9.764889
1761515403251,0.66197556,1.0118148,9.769634
1761515403253,0.6715029,1.0308632,9.779128
1761515403256,0.64768124,1.030863,9.793366
1761515403259,0.60956717,1.0641974,9.750648
1761515403261,0.6333868,1.0165764,9.802859
1761515403263,0.6000369,1.0403867,9.817099
1761515403266,0.6333847,1.0308627,9.840831
1761515403269,0.61909133,0.99752784,9.812352
1761515403271,0.5905056,0.9880037,9.8265915
1761515403273,0.5571557,1.0213381,9.907283
1761515403276,0.57621115,0.9737173,9.89779
1761515403279,0.5857384,0.9832412,9.874057
1761515403282,0.5380962,0.9927655,9.916776
1761515403284,0.48568985,0.95943075,10.00696
1761515403286,0.49045295,1.0165755,9.97848
1761515403288,0.49998015,0.98324084,10.021198
1761515403291,0.495215,0.9737167,10.059171
1761515403293,0.54285514,0.98800284,10.082903
1761515403296,0.53809,0.97371656,10.111382
1761515403299,0.50950426,0.95466816,10.173087
1761515403301,0.49044672,0.95943004,10.220552
1761515403304,0.48091748,0.9975264,10.177834
1761515403306,0.5237935,0.98800224,10.244285
1761515403308,0.5571413,0.96895397,10.2870035
1761515403311,0.585725,0.93085724,10.301244
1761515403313,0.56190336,0.9499054,10.272764
1761515403316,0.5952512,0.95466745,10.239538
1761515403319,0.6381272,0.92609483,10.26327
1761515403322,0.633362,0.9737156,10.287003
1761515403324,0.6714739,0.9594292,10.263269
1761515403325,0.69529355,0.97371536,10.24903
1761515403328,0.66670775,0.95942897,10.258524
1761515403331,0.6714709,0.9356185,10.230044
1761515403333,0.69052637,0.9641909,10.206312
1761515403335,0.7286382,0.9784772,10.173086
1761515403339,0.7000525,0.94038033,10.16834
1761515403341,0.6809949,0.97371477,10.192072
1761515403344,0.64288104,0.96895254,10.18258
1761515403345,0.6381158,0.95466626,10.149354
1761515403348,0.6714636,0.92609376,10.173086
1761515403351,0.6476421,0.95942813,10.1873255
1761515403353,0.604764,0.954666,10.1540985
1761515403355,0.5761782,0.94514173,10.0781555
1761515403359,0.59046954,1.0070486,10.059169
1761515403360,0.60952497,1.0260968,10.068662
1761515403363,0.53806216,1.0022863,10.035436
1761515403365,0.5857023,0.94990337,10.035436
1761515403368,0.59999365,0.9975239,10.063915
1761515403371,0.54758734,1.0403825,10.03069
1761515403374,0.5571146,1.007048,10.040182
1761515403375,0.5856982,0.9879997,10.092395
1761515403379,0.53329194,1.0356202,10.0781555
1761515403381,0.5761679,1.0451443,10.082901
1761515403384,0.61904395,1.0118097,10.092394
1761515403385,0.5761658,0.97847515,10.097139
1761515403388,0.54758006,1.0308579,10.059168
1761515403391,0.585692,1.0546681,10.068661
1761515403393,0.57616276,1.0451438,10.101887
1761515403396,0.61903876,1.0308576,10.116126
1761515403399,0.65715075,1.016571,10.116126
1761515403401,0.67144203,0.97847456,10.22055
1761515403404,0.62856394,1.0165709,10.268015
1761515403405,0.64761937,1.0308572,10.343959
1761515403408,0.671439,0.96895003,10.305986
1761515403411,0.6714379,0.9737121,10.305986
1761515403412,0.6333239,1.0213326,10.301241
1761515403415,0.6952564,0.9975222,10.320225
1761515403419,0.7095478,0.9689497,10.315479
1761515403421,0.69049025,1.0118083,10.391423
1761515403423,0.74289453,0.9975218,10.476861
1761515403425,0.75242174,0.9832355,10.533819
1761515403428,0.7667131,0.9737114,10.538566
1761515403431,0.7381273,0.9784735,10.576537
1761515403433,0.74289036,1.0118078,10.586031
1761515403439,0.7047764,0.9832352,10.595524
1761515403439,0.7381242,0.9546627,10.590776
1761515403441,0.7857644,0.95466256,10.609763
1761515403444,0.7524145,0.9070418,10.676215
1761515403445,0.7143006,0.9499003,10.571792
1761515403448,0.6666583,0.94513816,10.652481
1761515403451,0.69047785,0.89275527,10.718932
1761515403452,0.7000051,0.9403758,10.756905
1761515403455,0.7047682,0.9118035,10.718932
1761515403458,0.7190595,0.8641826,10.799623
1761515403460,0.75240725,0.8879928,10.785383
1761515403464,0.7095293,0.8927548,10.752158
1761515403464,0.6952358,0.8689442,10.794877
1761515403471,0.7190554,0.9070407,10.904046
1761515403472,0.71905434,0.92608905,10.875567
1761515403472,0.72381747,0.8975165,10.885061
1761515403475,0.747637,0.91656464,10.899301
1761515403478,0.7047589,0.90227836,10.918284
1761515403481,0.7571631,0.8594196,10.989484
1761515403483,0.70475686,0.86418164,10.984736
1761515403484,0.714284,0.8689435,10.975244
1761515403488,0.69522655,0.8879917,11.013216
1761515403491,0.7095179,0.87846744,11.046441
1761515403491,0.7190451,0.8927536,11.084414
1761515403495,0.6856952,0.859419,11.103399
1761515403498,0.69522244,0.8356086,11.112892
1761515403500,0.77144724,0.8308464,11.112892
1761515403503,0.761918,0.84989464,11.146118
1761515403505,0.68569106,0.8546565,11.108147
1761515403508,0.73809534,0.8308461,11.179344
1761515403511,0.7571508,0.86894256,11.198329
1761515403512,0.723801,0.8832288,11.122385
1761515403515,0.71427166,0.83084583,11.198329
1761515403518,0.7333271,0.8451319,11.179343
1761515403520,0.733326,0.8213214,11.179343
1761515403523,0.72379684,0.8117972,11.212569
1761515403525,0.7809652,0.8356075,11.250541
1761515403527,0.7428512,0.85941786,11.222061
1761515403530,0.7571425,0.86417973,11.245793
1761515403532,0.75714153,0.82132095,11.298006
1761515403534,0.7523764,0.84036916,11.283767
1761515403538,0.77619594,0.80703455,11.18409
1761515403539,0.7523743,0.8308449,11.222061
1761515403543,0.76190156,0.8356068,11.288512
1761515403544,0.76666456,0.8737033,11.326484
1761515403547,0.76666355,0.868941,11.2363
1761515403549,0.7809549,0.8975134,11.25054
1761515403551,0.77618974,0.92132384,11.293258
1761515403553,0.747604,0.87370294,11.2363
1761515403557,0.785716,0.91179943,11.212568
1761515403559,0.8000072,0.93560964,11.188835
1761515403562,0.7666574,0.9356095,11.103397
1761515403564,0.76665634,0.9308474,11.060679
1761515403566,0.7761836,0.9594197,11.060679
1761515403569,0.77618253,1.0118026,11.017961
1761515403571,0.757125,1.0165642,10.984735
1761515403573,0.7761805,1.0165641,10.90879
1761515403576,0.7809436,1.0784712,10.847084
1761515403578,0.7857067,1.0879952,10.823352
1761515403581,0.76188505,1.0641848,10.775887
1761515403583,0.7380634,1.0975192,10.633491
1761515403586,0.7285341,1.1356157,10.576532
1761515403589,0.71900487,1.1403775,10.562293
1761515403591,0.7142397,1.1356156,10.524322
1761515403593,0.6904181,1.1499016,10.491096
1761515403597,0.6999453,1.1403773,10.419898
1761515403598,0.5903696,1.1832359,10.400911
1761515403601,0.5856044,1.2260945,10.36294
1761515403603,0.58560336,1.1784736,10.305981
1761515403606,0.5856024,1.1927596,10.320219
1761515403609,0.58560133,1.2403804,10.301234
1761515403611,0.52366674,1.1879976,10.320219
1761515403613,0.5522505,1.1975214,10.286995
1761515403617,0.5236647,1.1832352,10.315474
1761515403618,0.5046072,1.2070456,10.263262
1761515403621,0.5284267,1.2260938,10.286995
1761515403623,0.49031278,1.2022833,10.253769
1761515403626,0.49031177,1.1927588,10.272755
1761515403629,0.44743362,1.202283,10.23953
1761515403631,0.48078144,1.2641898,10.29174
1761515403634,0.52842164,1.2165691,10.277501
1761515403637,0.5236564,1.216569,10.296487
1761515403639,0.49030662,1.226093,10.329712
1761515403642,0.5236544,1.1594237,10.272754
1761515403644,0.57129455,1.1356134,10.282247
1761515403647,0.5331806,1.1498996,10.315473
1761515403649,0.5474718,1.1022788,10.41515
1761515403651,0.5474709,1.1546615,10.362938
1761515403654,0.5427058,1.140375,10.343951
1761515403657,0.5427047,1.1213266,10.38667
1761515403659,0.5188831,1.1213266,10.362938
1761515403662,0.54746675,1.0451335,10.339205
1761515403663,0.5236451,1.035609,10.3581915
1761515403667,0.5379364,1.0117987,10.438882
1761515403669,0.55699193,1.0260848,10.37243
1761515403672,0.5665191,0.9927503,10.367682
1761515403674,0.5522257,1.045133,10.443627
1761515403677,0.51887584,1.0022742,10.419895
1761515403679,0.49981835,0.94036704,10.462614
1761515403682,0.50934553,0.97370154,10.514825
1761515403683,0.51410866,0.9356048,10.533812
1761515403687,0.50934345,0.949891,10.56229
1761515403689,0.5188707,0.9213185,10.5765295
1761515403691,0.4950491,0.9308424,10.614503
1761515403693,0.5379251,0.93560445,10.652474
1761515403697,0.54268825,0.87369734,10.737911
1761515403698,0.5379231,0.8403629,10.742658
1761515403702,0.5141014,0.8451248,10.761643
1761515403704,0.50457215,0.82131433,10.809109
1761515403706,0.5283917,0.7641693,10.766391
1761515403709,0.5617395,0.8022658,10.818602
1761515403711,0.54268193,0.8117898,10.851828
1761515403713,0.5760298,0.8022657,10.8613205
1761515403716,0.504567,0.72607243,10.908786
1761515403719,0.54267895,0.7165482,10.904038
1761515403721,0.5617343,0.7403584,10.918279
1761515403723,0.58999497,0.7498522,10.932494
1761515403726,0.56617254,0.7165175,10.989453
1761515403729,0.5566425,0.7212794,10.989453
1761515403732,0.570933,0.711755,10.970467
1761515403733,0.6090441,0.66889626,10.951481
1761515403736,0.59475,0.7022305,10.951481
1761515403738,0.58998394,0.7022304,10.984705
1761515403741,0.57568973,0.66889566,10.984705
1761515403743,0.57092386,0.6784197,10.956226
1761515403746,0.55662966,0.6498471,10.960973
1761515403749,0.5852125,0.6260365,10.979959
1761515403751,0.5804466,0.6927054,10.979959
1761515403753,0.589973,0.6498465,10.989452
1761515403756,0.55185825,0.65937054,10.998944
1761515403759,0.4994511,0.6641325,11.0559025
1761515403762,0.49944922,0.6546082,11.01793
1761515403763,0.5327962,0.65936995,11.032169
1761515403766,0.53755856,0.68318015,11.036916
1761515403769,0.5137361,0.66889375,11.022676
1761515403772,0.4851496,0.69270396,11.01793
1761515403773,0.48991185,0.702228,11.108113
1761515403776,0.4851459,0.72127604,11.155579
1761515403778,0.49467233,0.71651393,11.08438
1761515403781,0.4851423,0.7117516,11.060648
1761515403783,0.48990452,0.7069894,10.98945
1761515403786,0.48990268,0.7498478,10.937238
1761515403789,0.5375421,0.7260374,10.951478
1761515403791,0.49466318,0.64984393,11.008434
1761515403793,0.5089537,0.7022266,11.146084
1761515403796,0.5232442,0.6593678,11.174563
1761515403798,0.4517806,0.6022228,11.174563
1761515403801,0.45177877,0.65936744,11.250507
1761515403803,0.4898899,0.6546052,11.226775
1761515403805,0.5327651,0.66889125,11.155578
1761515403808,0.4898862,0.72127384,11.0986185
1761515403811,0.48035613,0.7784186,11.079633
1761515403813,0.53275967,0.826039,11.074885
1761515403815,0.5041731,0.83080107,11.103365
1761515403818,0.53752005,0.8498491,11.117604
1761515403821,0.58992356,0.8450869,11.041659
1761515403823,0.561337,0.8688971,10.960969
1761515403825,0.61374044,0.8927073,10.960969
1761515403829,0.57562566,0.88794506,10.842304
1761515403831,0.61373675,0.8974689,10.780601
1761515403833,0.63755554,0.9450896,10.737881
1761515403836,0.64708203,0.921279,10.690416
1761515403838,0.64231604,0.98318577,10.609725
1761515403841,0.6566066,1.0022339,10.543274
1761515403843,0.6851894,0.9879475,10.533781
1761515403846,0.6566029,1.035568,10.443596
1761515403848,0.64707285,1.0974749,10.367652
1761515403851,0.6375427,1.0689021,10.31544
1761515403852,0.62801266,1.0641401,10.339172
1761515403855,0.6899444,1.1403329,10.244242
1761515403858,0.6518296,1.1403327,10.196777
1761515403860,0.6613561,1.1260464,10.158805
1761515403863,0.6994672,1.1450945,10.116085
1761515403865,0.67564464,1.1641426,10.111339
1761515403868,0.680407,1.1736665,10.139817
1761515403871,0.6613487,1.2355734,10.059127
1761515403872,0.6613468,1.1736662,10.116085
1761515403875,0.62323207,1.2022386,10.182537
1761515403878,0.66134316,1.2260488,10.125578
1761515403881,0.63275665,1.197476,10.215761
1761515403882,0.680396,1.1927139,10.253734
1761515403885,0.6994506,1.1927136,10.248987
1761515403887,0.64704347,1.164141,10.2964525
1761515403890,0.67086226,1.1355685,10.377144
1761515403892,0.64227575,1.1069958,10.396129
1761515403895,0.63750976,1.0927095,10.448341
1761515403898,0.67085683,1.0784231,10.495807
1761515403900,0.6851473,1.0641369,10.562256
1761515403902,0.6565608,1.092709,10.533777
1761515403905,0.66608715,1.0879467,10.519538
1761515403907,0.6613212,1.0736603,10.647694
1761515403911,0.70896053,1.0117533,10.728385
1761515403912,0.680374,0.9736565,10.742624
1761515403915,0.61843866,0.9593701,10.77585
1761515403917,0.6517857,0.9784183,10.823315
1761515403920,0.68036854,0.973656,10.851793
1761515403923,0.7041873,0.9831799,10.851793
1761515403924,0.7041855,0.95936936,10.847047
1761515403927,0.6994195,0.9498451,10.918244
1761515403930,0.73276645,0.9355587,10.946723
1761515403932,0.7518211,0.8688895,11.022668
1761515403935,0.7327628,0.91651005,11.084372
1761515403937,0.68511987,0.8879374,11.0464
1761515403939,0.7327592,0.8879372,10.994187
1761515403942,0.69940853,0.87841296,11.084372
1761515403944,0.6803502,0.84984046,11.18405
1761515403947,0.66129196,0.8117436,11.179302
1761515403950,0.6851106,0.845078,11.226768
1761515403952,0.71369356,0.84507775,11.241006
1761515403954,0.6946352,0.8546018,11.212527
1761515403957,0.637464,0.8355532,11.188794
1761515403959,0.65175456,0.7926945,11.278978
1761515403962,0.65651685,0.7831701,11.274232
1761515403964,0.6326944,0.75935966,11.269485
1761515403967,0.65651315,0.81650424,11.231513
1761515403970,0.6517472,0.82126623,11.283724
1761515403972,0.6088683,0.7450729,11.259992
1761515403974,0.6183947,0.8069796,11.293217
1761515403977,0.64221346,0.82602775,11.31695
1761515403979,0.69938105,0.8212655,11.388147
1761515403982,0.6660304,0.7974551,11.359669
1761515403984,0.63267976,0.79745483,11.335936
1761515403986,0.6803191,0.8260271,11.30271
1761515403990,0.6660248,0.80221653,11.184047
1761515403992,0.6660231,0.7736439,11.1698065
1761515403994,0.656493,0.7926921,11.188792
1761515403997,0.68031174,0.84507465,11.155567
1761515403998,0.6279046,0.8212642,11.146073
1761515404006,0.67554396,0.8403123,11.098608
1761515404006,0.6421933,0.8260259,11.112847
1761515404007,0.6088427,0.783167,11.032157
1761515404010,0.59931254,0.8593601,11.003677
1761515404011,0.60407484,0.82126325,11.041649
1761515404014,0.55643195,0.83554935,11.022663
1761515404017,0.5897789,0.8498354,10.965705
1761515404019,0.5945412,0.85935944,10.989438
1761515404022,0.5468981,0.88316965,10.965705
1761515404024,0.5850093,0.926028,10.9609585
1761515404026,0.57547915,0.9593624,10.870774
1761515404030,0.55165684,0.9403138,10.832802
1761515404031,0.5230702,0.94507587,10.837548
1761515404034,0.5659454,0.94031346,10.794829
1761515404036,0.5611795,0.916503,10.7853365
1761515404039,0.5707059,0.95936143,10.771096
1761515404042,0.5611758,0.935551,10.747363
1761515404044,0.5373534,0.9212647,10.742617
1761515404046,0.5421157,0.9165023,10.747363
1761515404050,0.5754627,0.8641194,10.73787
1761515404051,0.5325838,0.9545986,10.699898
1761515404053,0.52781785,0.9403122,10.661926
1761515404055,0.5564008,0.95936024,10.666672
1761515404058,0.52781415,0.9593601,10.690404
1761515404061,0.5325765,0.9165013,10.609714
1761515404063,0.5563953,0.8831667,10.6524315
1761515404065,0.5230446,0.9593595,10.6856575
1761515404068,0.53257096,0.97840786,10.6524315
1761515404070,0.5611538,0.9165007,10.623953
1761515404073,0.5754444,0.91650045,10.661925
1761515404075,0.5706784,0.94031066,10.671418
1761515404078,0.59926134,0.9212622,10.66667
1761515404080,0.5706747,0.9165,10.642938
1761515404083,0.59925765,0.935548,10.68091
1761515404085,0.63260466,0.90697545,10.699896
1761515404088,0.65642345,0.9022132,10.685657
1761515404090,0.63260096,0.89268893,10.671417
1761515404092,0.6230709,0.9307853,10.657178
1761515404095,0.6135408,0.921261,10.699895
1761515404097,0.62783134,0.89745045,10.690402
1761515404100,0.6421219,0.9069744,10.685656
1761515404102,0.6373559,0.8831639,10.661923
1761515404105,0.6754671,0.85935336,10.714134
1761515404108,0.62782407,0.85459113,10.642937
1761515404110,0.6659352,0.86411506,10.666669
1761515404112,0.6421127,0.88792527,10.671415
1761515404115,0.646875,0.8736388,10.6951475
1761515404117,0.6706938,0.897449,10.756852
1761515404121,0.6563996,0.86411446,10.699894
1761515404122,0.665926,0.8688762,10.709387
1761515404125,0.63257533,0.8736382,10.747359
1761515404128,0.6659223,0.86411387,10.756852
1761515404131,0.6611564,0.883162,10.794824
1761515404132,0.637334,0.9069721,10.752106
1761515404135,0.6230397,0.8641134,10.766345
1761515404137,0.58492506,0.8926856,10.828049
1761515404140,0.6087438,0.8450647,10.851782
1761515404144,0.613506,0.7926817,10.813809
1761515404147,0.5992119,0.8545885,10.828049
1761515404149,0.59920996,0.83077806,10.851781
1761515404151,0.61350054,0.85935026,10.856528
1761515404153,0.62302697,0.87839836,10.832795
1761515404156,0.618261,0.89744645,10.780583
1761515404159,0.59443855,0.878398,10.832795
1761515404161,0.5944368,0.80220467,10.842287
1761515404163,0.60872734,0.830777,10.870768
1761515404166,0.6420743,0.86411124,10.8470335
1761515404169,0.6468366,0.88315946,10.771089
1761515404172,0.62777823,0.8974455,10.728371
1761515404172,0.6039558,0.86887276,10.761597
1761515404176,0.5801334,0.86411065,10.756849
1761515404178,0.5896598,0.8783966,10.752104
1761515404181,0.5658374,0.87363446,10.804315
1761515404183,0.6039485,0.8402997,10.771089
1761515404186,0.6230032,0.86410993,10.780581
1761515404189,0.63252956,0.8450614,10.747355
1761515404191,0.6229995,0.84029925,10.780581
1761515404193,0.6182335,0.9164923,10.813807
1761515404196,0.6325241,0.8736334,10.861272
1761515404198,0.63728637,0.8450608,10.8233
1761515404201,0.5991716,0.8450606,10.752103
1761515404202,0.61346203,0.88791907,10.79482
1761515404206,0.62298846,0.88791883,10.785327
1761515404208,0.58487374,0.86887044,10.799566
1761515404211,0.64680547,0.89744264,10.799566
1761515404212,0.622983,0.88791835,10.847032
1761515404219,0.59916055,0.8641078,10.880258
1761515404219,0.59915876,0.8688697,10.870765
1761515404221,0.59439284,0.8879179,10.842284
1761515404222,0.5991551,0.8545832,10.875509
1761515404226,0.5658044,0.8641072,10.86127
1761515404229,0.6182079,0.86410695,10.870764
1761515404231,0.58962137,0.88315517,10.913483
1761515404232,0.54674244,0.8879169,10.870764
1761515404236,0.5800895,0.8783927,10.908735
1761515404238,0.5848517,0.85458213,10.913482
1761515404241,0.546737,0.88791645,10.870763
1761515404242,0.5562634,0.90220255,10.842283
1761515404245,0.6134309,0.92601275,10.870763
1761515404248,0.58960855,0.91648847,10.960947
1761515404250,0.64677614,0.87362957,10.880256
1761515404252,0.6277178,0.9307743,10.885002
1761515404255,0.5943672,0.9117259,10.837536
1761515404258,0.61818594,0.92124987,10.847029
1761515404260,0.6134199,0.90696335,10.842282
1761515404262,0.5800693,0.8783908,10.856523
1761515404265,0.5753034,0.9260113,10.837536
1761515404268,0.594358,0.9069629,10.766338
1761515404271,0.55147916,0.9498214,10.737859
1761515404272,0.57053375,0.96410733,10.775831
1761515404275,0.53241897,0.95458317,10.695139
1761515404278,0.5467095,0.959345,10.718872
1761515404281,0.53241533,0.9545828,10.709378
1761515404282,0.5038287,0.978393,10.671407
1761515404285,0.5133552,0.9688687,10.685646
1761515404288,0.5276457,0.9450581,10.628688
1761515404290,0.55146444,0.94982,10.623941
1761515404292,0.56099087,1.0022025,10.63818
1761515404295,0.5466967,1.0212507,10.628687
1761515404298,0.5324025,1.0164884,10.619193
1761515404299,0.58480597,1.0069642,10.62394
1761515404302,0.59433234,0.98791575,10.600208
1761515404305,0.6086229,1.0450604,10.619193
1761515404308,0.58003634,1.0164877,10.547996
1761515404311,0.58003455,1.0164875,10.552742
1761515404312,0.5562121,1.0164874,10.619193
1761515404315,0.5990873,1.0212493,10.642926
1761515404317,0.5705008,0.9783907,10.6239395
1761515404320,0.58002716,0.98315245,10.6097
1761515404322,0.5419124,1.0117248,10.638179
1761515404325,0.51808995,1.0164865,10.680898
1761515404328,0.49426755,1.0164863,10.714123
1761515404330,0.46091688,0.98791385,10.728362
1761515404332,0.5133204,0.9212447,10.780574
1761515404334,0.5037903,0.9450549,10.77108
1761515404337,0.48473203,0.9164822,10.77108
1761515404339,0.45614547,0.9069579,10.790067
1761515404341,0.41326657,0.91648185,10.847025
1761515404344,0.44661355,0.86886096,10.946701
1761515404348,0.4704323,0.87838495,10.927715
1761515404350,0.47043046,0.8498124,10.922968
1761515404352,0.47519276,0.80695355,10.965687
1761515404355,0.518068,0.8117154,10.975181
1761515404357,0.5133021,0.8164773,11.013152
1761515404359,0.54664904,0.8402875,10.975181
1761515404362,0.56093955,0.8212391,10.979926
1761515404364,0.5466454,0.79742855,10.998912
1761515404368,0.60857713,0.8021904,10.970433
1761515404370,0.6085752,0.8117145,10.965686
1761515404371,0.64192224,0.76409346,11.022644
1761515404374,0.6180998,0.79742795,11.070109
1761515404377,0.6657391,0.7688553,11.117575
1761515404379,0.6943221,0.7450447,11.117575
1761515404382,0.7371973,0.778379,11.108081
1761515404384,0.7086107,0.74980646,11.103334
1761515404387,0.69431657,0.7450441,11.13656
1761515404390,0.70860714,0.76409227,11.141306
1761515404391,0.73718995,0.7402817,11.074855
1761515404394,0.70860344,0.7307575,11.108081
1761515404397,0.7228939,0.7640918,11.112827
1761515404399,0.70383567,0.787902,11.079601
1761515404402,0.7276544,0.7879019,11.065362
1761515404404,0.72288847,0.7926637,11.051122
1761515404407,0.7133584,0.76885325,10.9941635
1761515404409,0.732413,0.7879013,10.960938
1761515404411,0.68477005,0.8021874,10.937205
1761515404414,0.71811706,0.8212354,10.937205
1761515404416,0.65141755,0.802187,10.903978
1761515404419,0.6609439,0.83552134,10.790062
1761515404422,0.6466498,0.8831419,10.733104
1761515404424,0.61806315,0.84504515,10.771076
1761515404427,0.6228255,0.86885524,10.671399
1761515404429,0.66570073,0.8831414,10.666653
1761515404431,0.68951946,0.94981015,10.581215
1761515404434,0.6371124,0.91171354,10.50527
1761515404436,0.63711053,0.9450478,10.524256
1761515404439,0.6656934,0.9879063,10.533749
1761515404441,0.65139925,0.95457155,10.486283
1761515404444,0.61804855,0.9593335,10.448312
1761515404447,0.6371032,0.9831437,10.386607
1761515404449,0.62757313,0.9688573,10.4340725
1761515404451,0.62280715,0.96885717,10.391354
1761515404453,0.6323336,0.9498086,10.405592
1761515404456,0.6370959,0.9355223,10.429324
1761515404459,0.6370941,0.9545704,10.429324
1761515404462,0.62756395,0.9593323,10.405592
1761515404464,0.63232625,0.9831424,10.49103
1761515404466,0.65614504,0.897425,10.5100155
1761515404469,0.6370867,0.94504565,10.505269
1761515404472,0.5942078,0.9069488,10.614438
1761515404473,0.59897006,0.85932803,10.66665
1761515404476,0.58944005,0.8593278,10.66665
1761515404478,0.58467406,0.883138,10.690383
1761515404481,0.6180211,0.88313776,10.780566
1761515404483,0.58943456,0.84980315,10.799552
1761515404486,0.60848916,0.84027874,10.828031
1761515404489,0.61325145,0.8355165,10.866003
1761515404491,0.5799008,0.84504044,10.875495
1761515404493,0.62277603,0.79741967,10.95144
1761515404496,0.6275383,0.80218154,10.899229
1761515404498,0.5989518,0.78313303,10.970427
1761515404501,0.5941858,0.8021812,11.027384
1761515404503,0.5751276,0.7926568,11.041624
1761515404506,0.59894633,0.72598773,11.060609
1761515404509,0.5513032,0.7545598,11.03213
1761515404511,0.5846503,0.72122526,11.065356
1761515404513,0.5846485,0.7402733,11.103328
1761515404516,0.59417486,0.74979734,11.12706
1761515404519,0.6179936,0.7545592,11.12706
1761515404521,0.63704824,0.73074865,11.055862
1761515404523,0.65133876,0.7402727,11.117566
1761515404526,0.694214,0.7497966,11.155539
1761515404529,0.6942122,0.7593207,11.131805
1761515404531,0.67515385,0.7355101,11.1223135
1761515404533,0.65609556,0.7688445,11.117566
1761515404536,0.7180273,0.76884425,11.103327
1761515404538,0.74661016,0.76408195,11.074848
1761515404541,0.7227877,0.74979556,11.070101
1761515404543,0.66561645,0.7402713,11.084339
1761515404545,0.67037874,0.792654,11.041621
1761515404548,0.70372576,0.79265374,10.984663
1761515404551,0.7084881,0.71169835,10.984663
1761515404552,0.6894297,0.7974155,10.937198
1761515404554,0.67989963,0.82598776,10.998902
1761515404557,0.69895434,0.75931853,10.951437
1761515404560,0.66560364,0.78789085,10.899225
1761515404562,0.6513095,0.7783665,10.903971
1761515404564,0.6131947,0.79265255,10.875492
1761515404567,0.6417776,0.8117007,10.861252
1761515404570,0.62748337,0.82122463,10.818534
1761515404572,0.6274815,0.75455546,10.780561
1761515404574,0.5464897,0.85455877,10.766322
1761515404577,0.5846008,0.873607,10.80904
1761515404580,0.5941273,0.84027225,10.752082
1761515404582,0.57506895,0.8402721,10.747335
1761515404584,0.5750671,0.81646144,10.771068
1761515404587,0.5512447,0.85455793,10.723602
1761515404590,0.57982755,0.8497957,10.676138
1761515404592,0.5321845,0.8545576,10.733095
1761515404595,0.51789033,0.8736058,10.723601
1761515404597,0.49406794,0.8926538,10.752081
1761515404600,0.53217906,0.84027094,10.742587
1761515404601,0.5131207,0.8974155,10.761574
1761515404604,0.47977012,0.9117017,10.714108
1761515404607,0.49882475,0.8783668,10.723601
1761515404610,0.55122817,0.8831289,10.742587
1761515404611,0.5798111,0.92122525,10.76632
1761515404615,0.5512245,0.8926527,10.799544
1761515404617,0.5178739,0.9021767,10.747334
1761515404619,0.5607491,0.89265233,10.699868
1761515404621,0.56551135,0.9069384,10.794799
1761515404624,0.48928365,0.9212244,10.804291
1761515404627,0.5131025,0.9164622,10.73784
1761515404630,0.49880826,0.9069378,10.790051
1761515404631,0.5369193,0.8926515,10.81853
1761515404634,0.5416817,0.9164616,10.747333
1761515404638,0.5416798,0.8783648,10.752079
1761515404641,0.5559703,0.8926509,10.766318
1761515404641,0.56549674,0.8783645,10.723599
1761515404645,0.57978725,0.89265066,10.742585
1761515404648,0.58454955,0.935509,10.723599
1761515404650,0.57025534,0.8974123,10.690373
1761515404652,0.57978183,0.89265007,10.661894
1761515404655,0.59883636,0.8736016,10.718852
1761515404657,0.5607216,0.9021739,10.7235985
1761515404659,0.57501215,0.9164599,10.737838
1761515404662,0.5702462,0.89741135,10.747332
1761515404666,0.5702444,0.8497906,10.780557
1761515404668,0.57500666,0.84979045,10.809035
1761515404671,0.6035895,0.91169715,10.775809
1761515404671,0.59405947,0.89264876,10.799541
1761515404675,0.5797653,0.859314,10.775809
1761515404678,0.60358405,0.83074147,10.813781
1761515404681,0.5845257,0.8116929,10.84226
1761515404681,0.60834455,0.8402653,10.8327675
1761515404692,0.6131068,0.8878857,10.894471
1761515404692,0.57975614,0.8831235,10.884978
1761515404692,0.6131031,0.8735991,10.832767
1761515404692,0.6464501,0.8355024,10.8565
1761515404701,0.6273918,0.8593127,10.889725
1761515404701,0.62739,0.8640745,10.861245
1761515404701,0.6607369,0.8355019,10.861245
1761515404701,0.6464428,0.86883616,10.842258
1761515404713,0.608328,0.89740855,10.842258
1761515404713,0.64643914,0.8355013,10.870738
1761515404713,0.6702579,0.8259771,10.847005
1761515404713,0.6511996,0.8735976,10.856499
1761515404714,0.6511978,0.840263,10.79954
1761515404716,0.65119594,0.7974042,10.804287
1761515404718,0.6607224,0.84026265,10.847005
1761515404721,0.6509612,0.8783373,10.846988
1761515404724,0.6652511,0.8783371,10.865974
1761515404726,0.68430525,0.8450024,10.832747
1761515404729,0.6176052,0.89262295,10.832747
1761515404730,0.6128386,0.85452604,10.818508
1761515404734,0.6271286,0.80690503,10.846987
1761515404736,0.6128338,0.7640462,10.87072
1761515404738,0.5747185,0.83547705,10.889706
1761515404740,0.53183895,0.8116665,10.875465
1761515404744,0.56042135,0.79261804,10.880212
1761515404745,0.57947546,0.806904,10.951409
1761515404749,0.56518066,0.7592831,10.941916
1761515404750,0.5842347,0.7592829,10.918183
1761515404753,0.5651758,0.80214125,10.956156
1761515404756,0.5985222,0.8449997,10.965648
1761515404758,0.59851986,0.84499943,10.989382
1761515404760,0.55087626,0.78309226,10.989382
1761515404763,0.598515,0.80690235,10.970395
1761515404766,0.56516373,0.83071256,11.060579
1761515404768,0.5937461,0.7783295,11.084311
1761515404770,0.5556307,0.76880527,11.046338
1761515404773,0.57944894,0.8069015,11.00362
1761515404775,0.57944655,0.8069013,11.041592
1761515404778,0.5603877,0.7926149,11.017859
1761515404780,0.58420587,0.75928015,11.008365
1761515404783,0.5889675,0.8164247,10.9846325
1761515404786,0.5746728,0.76880383,10.9609
1761515404788,0.5984909,0.81642425,10.927674
1761515404790,0.6080168,0.8211861,10.899196
1761515404793,0.62230676,0.8783307,10.941914
1761515404795,0.6651814,0.8259478,10.908688
1761515404798,0.6461225,0.7830889,10.922927
1761515404801,0.61753535,0.8402336,10.913434
1761515404804,0.6651742,0.8354712,10.842236
1761515404806,0.6604076,0.87356764,10.82325
1761515404809,0.63182056,0.85451907,10.79477
1761515404811,0.64611053,0.868805,10.846981
1761515404814,0.6270516,0.91166353,10.823249
1761515404816,0.63181335,0.8688045,10.79477
1761515404818,0.6127544,0.87356645,10.804263
1761515404821,0.58416736,0.8449937,10.780531
1761515404824,0.5555802,0.8783281,10.78053
1761515404826,0.5984549,0.87832785,10.728317
1761515404829,0.6127448,0.8783276,10.728317
1761515404830,0.5508089,0.9021378,10.761543
1761515404834,0.5508065,0.87356514,10.761543
1761515404836,0.5317476,0.9068994,10.76629
1761515404840,0.4983964,0.87356466,10.771035
1761515404841,0.5460351,0.90213686,10.737809
1761515404844,0.5222122,0.88308835,10.737809
1761515404846,0.51268154,0.8973743,10.76629
1761515404849,0.5222073,0.89261216,10.794768
1761515404851,0.5317332,0.8545153,10.723569
1761515404854,0.5126743,0.91165996,10.780528
1761515404856,0.555549,0.8878493,10.790021
1761515404858,0.5650748,0.9021354,10.771034
1761515404861,0.5698365,0.92594546,10.756795
1761515404863,0.56507,0.9021349,10.79002
1761515404866,0.58888817,0.87356216,10.733062
1761515404869,0.5698293,0.89737225,10.747301
1761515404871,0.574591,0.88308585,10.737807
1761515404873,0.54600394,0.8926098,10.747301
1761515404875,0.53170913,0.8735613,10.742555
1761515404878,0.5888761,0.8735611,10.709328
1761515404881,0.53646845,0.8783229,10.728313
1761515404883,0.5555225,0.85927445,10.742554
1761515404886,0.54599184,0.92118114,10.766287
1761515404888,0.53169703,0.85927397,10.804258
1761515404891,0.55075115,0.88308406,10.7947645
1761515404893,0.5793335,0.8783217,10.785271
1761515404896,0.5316898,0.8687973,10.82799
1761515404898,0.51739514,0.83546257,10.865962
1761515404900,0.53644913,0.8592729,10.894442
1761515404903,0.46974915,0.82117605,10.842229
1761515404906,0.50309557,0.8307,10.842228
1761515404908,0.5221497,0.8592722,10.823242
1761515404910,0.474506,0.8354615,10.865961
1761515404913,0.5173807,0.8545096,10.889693
1761515404915,0.5507271,0.82117486,10.889693
1761515404918,0.5602529,0.87355745,10.884947
1761515404921,0.51260936,0.86403304,10.8374815
1761515404923,0.512607,0.83546036,10.851721
1761515404926,0.569774,0.8592707,10.927665
1761515404928,0.588828,0.8449841,10.856467
1761515404930,0.55071265,0.8259356,10.870707
1761515404933,0.53165376,0.8497458,10.884946
1761515404935,0.55070794,0.8735559,10.870706
1761515404939,0.54594135,0.8592695,10.875452
1761515404940,0.55070305,0.83069676,10.9134245
1761515404942,0.5268801,0.81164825,10.903931
1761515404946,0.5316417,0.8306963,10.865958
1761515404948,0.54593176,0.82117194,10.851719
1761515404950,0.5030523,0.80212337,10.856465
1761515404953,0.507814,0.84021986,10.83748
1761515404955,0.53639627,0.797361,10.832732
1761515404957,0.5125733,0.74497783,10.856464
1761515404960,0.48398617,0.76878804,10.846971
1761515404962,0.5030402,0.80688435,10.823238
1761515404966,0.4982737,0.8830773,10.785266
1761515404968,0.5030354,0.8687908,10.78052
1761515404970,0.54591006,0.7878354,10.808999
1761515404972,0.54114354,0.8497421,10.756786
1761515404975,0.5792541,0.85926604,10.794759
1761515404978,0.62689286,0.8306935,10.785265
1761515404979,0.55066454,0.8640277,10.804252
1761515404982,0.55066216,0.89259994,10.76628
1761515404986,0.6316498,0.87355137,10.766279
1761515404988,0.62688327,0.87355113,10.823236
1761515404990,0.6602297,0.92117167,10.775771
1761515404992,0.6221143,0.90688515,10.775771
1761515404994,0.6030555,0.9021229,10.756785
1761515404998,0.6316377,0.88307434,10.837477
1761515405000,0.5839942,0.8497396,10.832728
1761515405002,0.5839918,0.8735497,10.832728
1761515405005,0.569697,0.8878358,10.780518
1761515405008,0.5220534,0.88783556,10.851715
1761515405010,0.5029945,0.85450083,10.8232355
1761515405012,0.52681273,0.8545006,10.771024
1761515405015,0.50775385,0.85450035,10.8232355
1761515405017,0.488695,0.87831044,10.84222
1761515405020,0.5220414,0.8497379,10.84222
1761515405021,0.53156716,0.8449755,10.870701
1761515405025,0.5077442,0.8592616,10.785262
1761515405028,0.49344945,0.8687853,10.85646
1761515405029,0.5410883,0.916406,10.790009
1761515405032,0.5506141,0.87354714,10.823235
1761515405034,0.5315552,0.8783089,10.837474
1761515405037,0.5124963,0.897357,10.818487
1761515405040,0.5506068,0.8544981,10.8327265
1761515405041,0.49343506,0.8735462,10.842218
1761515405044,0.52678144,0.84021145,10.856459
1761515405047,0.48866612,0.8735457,10.818486
1761515405049,0.5029561,0.8592593,10.81374
1761515405051,0.48866132,0.8544969,10.842218
1761515405053,0.5363,0.878307,10.827978
1761515405056,0.5267694,0.8640207,10.813739
1761515405058,0.5315311,0.8687825,10.804246
1761515405061,0.47435927,0.8735444,10.832725
1761515405063,0.52676225,0.8878303,10.837472
1761515405067,0.5172316,0.86401975,10.870697
1761515405068,0.50770086,0.9021161,10.86595
1761515405071,0.5029344,0.9021159,10.790006
1761515405073,0.50293195,0.89735353,10.804245
1761515405076,0.49340138,0.8973533,10.884936
1761515405078,0.52674776,0.89259106,10.870697
1761515405081,0.5839148,0.92592543,10.799498
1761515405083,0.5553277,0.8973527,10.794751
1761515405086,0.545797,0.9068766,10.832723
1761515405089,0.5553228,0.88306606,10.861202
1761515405091,0.6029616,0.91163826,10.827976
1761515405093,0.59343106,0.9068759,10.832722
1761515405096,0.5981927,0.90687567,10.837469
1761515405098,0.6458315,0.87354094,10.827975
1761515405101,0.6220085,0.8735407,10.771017
1761515405103,0.5505443,0.9116371,10.832722
1761515405106,0.60294724,0.89735055,10.780511
1761515405109,0.6315295,0.8735401,10.804242
1761515405111,0.5934142,0.92116064,10.813735
1761515405113,0.5791194,0.92592245,10.823229
1761515405116,0.61246586,0.9021119,10.813735
1761515405118,0.593407,0.859253,10.771016
1761515405121,0.60769683,0.85925275,10.83272
1761515405123,0.56958157,0.86401457,10.827973
1761515405126,0.5886356,0.90211093,10.861199
1761515405129,0.6124538,0.921159,10.861199
1761515405131,0.60768723,0.8544897,10.84696
1761515405134,0.56004363,0.8497276,10.8184805
1761515405136,0.5409848,0.8259169,10.884932
1761515405139,0.51239765,0.8449649,10.903916
1761515405141,0.5171594,0.8259164,10.932396
1761515405144,0.49810052,0.84496444,10.922903
1761515405147,0.49809813,0.83067805,10.956129
1761515405149,0.5171522,0.7973434,10.975115
1761515405151,0.5219139,0.82591546,11.017833
1761515405154,0.47903445,0.84972566,10.946634
1761515405156,0.46473968,0.8640116,10.946634
1761515405158,0.4980861,0.82115275,10.913409
1761515405161,0.51714015,0.8259146,10.960875
1761515405164,0.52666605,0.8544868,10.93714
1761515405167,0.56477654,0.8544866,10.956127
1761515405169,0.53618944,0.88305885,10.93714
1761515405171,0.53142285,0.8544861,10.922901
1761515405174,0.5457128,0.85924804,10.903915
1761515405176,0.55523866,0.8544857,10.837463
1761515405179,0.58858514,0.84019923,10.832716
1761515405181,0.5885827,0.8925818,10.856449
1761515405184,0.5695238,0.83543664,10.818477
1761515405187,0.57904965,0.82591236,10.7947445
1761515405189,0.57904726,0.87829494,10.842209
1761515405191,0.5790448,0.8640085,10.823223
1761515405194,0.5314013,0.8830566,10.789997
1761515405196,0.53139883,0.8782942,10.794744
1761515405199,0.5361605,0.87353194,10.804236
1761515405201,0.4980452,0.8640076,10.813729
1761515405203,0.5028069,0.8782935,10.86594
1761515405206,0.521861,0.8306726,10.86594
1761515405209,0.5361509,0.8687689,10.780503
1761515405210,0.53614855,0.8401963,10.799489
1761515405213,0.5599667,0.8640065,10.842207
1761515405216,0.52185136,0.8878166,10.856447
1761515405218,0.521849,0.859244,10.8517
1761515405221,0.540903,0.9116266,10.8374605
1761515405223,0.55519307,0.9021022,10.903912
1761515405226,0.5266059,0.9211502,10.884926
1761515405228,0.54565996,0.925912,10.865939
1761515405230,0.51707286,0.9163876,10.880178
1761515405233,0.50754213,0.9068632,10.851699
1761515405235,0.48848334,0.91162515,10.846952
1761515405238,0.52659386,0.9306732,10.865938
1761515405240,0.51706326,0.8973385,10.813726
1761515405243,0.4884761,0.9068624,10.761515
1761515405246,0.50753015,0.892576,10.823219
1761515405249,0.4932354,0.9306723,10.79474
1761515405250,0.4789406,0.89733756,10.737781
1761515405253,0.50752294,0.9354339,10.761514
1761515405255,0.51228464,0.91638535,10.747274
1761515405257,0.5265747,0.9544818,10.752021
1761515405260,0.43605393,0.95448154,10.6713295
1761515405263,0.4836927,0.90686053,10.64285
1761515405266,0.49798268,0.9544812,10.657089
1761515405268,0.45033908,0.96400493,10.657089
1761515405270,0.45986494,0.9354324,10.585892
1761515405273,0.45033428,0.9687666,10.562158
1761515405275,0.4122189,0.95448023,10.576398
1761515405278,0.45032942,0.97829044,10.571651
1761515405280,0.4598553,0.91638315,10.552666
1761515405283,0.38839114,0.9687657,10.538425
1761515405286,0.43126577,0.9925759,10.543171
1761515405288,0.455084,0.98781353,10.500452
1761515405290,0.43602508,0.94495475,10.490959
1761515405293,0.45507914,0.9544787,10.509946
1761515405295,0.4693691,0.98305076,10.495707
1761515405298,0.45507434,0.9830505,10.533677
1761515405300,0.40743077,0.9687641,10.51469
1761515405302,0.44077715,0.9640018,10.54317
1761515405306,0.46935952,0.987812,10.547916
1761515405308,0.47412118,0.9830496,10.576396
1761515405310,0.48841113,0.97828746,10.585889
1761515405313,0.47888052,0.95923877,10.581141
1761515405315,0.49793455,0.9640006,10.652339
1761515405318,0.48363984,0.97828686,10.576395
1761515405320,0.5026939,0.9782866,10.566902
1761515405323,0.4741068,0.9782864,10.652339
1761515405325,0.5550943,0.97828615,10.633353
1761515405328,0.5217431,0.98304784,10.619112
1761515405330,0.5026843,0.9687614,10.619112
1761515405333,0.5122101,0.9925716,10.5811405
1761515405335,0.5407924,0.9782852,10.543168
1761515405338,0.5169694,0.9401882,10.5811405
1761515405340,0.5217311,0.9592363,10.547914
1761515405343,0.5264928,0.98304653,10.519435
1761515405346,0.5788957,0.9925706,10.533674
1761515405347,0.59794974,0.9782841,10.486209
1761515405350,0.5788909,0.9782839,10.45773
1761515405353,0.5693603,0.97828364,10.452983
1761515405355,0.6074708,0.9782834,10.400771
1761515405358,0.6122325,0.93542445,10.410263
1761515405360,0.6169942,0.92590004,10.443489
1761515405363,0.6169918,0.96875846,10.433997
1761515405365,0.59316885,0.97352034,10.42925
1761515405368,0.5931665,0.98304415,10.367544
1761515405369,0.58839995,0.98780614,10.362798
1761515405373,0.5598128,0.96399546,10.391277
1761515405375,0.54551804,0.94494706,10.38653
1761515405377,0.56933624,0.9068502,10.38653
1761515405380,0.58362615,0.9354224,10.429249
1761515405383,0.5312185,0.94494635,10.410262
1761515405385,0.5359802,0.9449461,10.405516
1761515405388,0.48833656,0.8973251,10.457727
1761515405390,0.5073906,0.8830387,10.443487
1761515405392,0.5312088,0.90208673,10.405516
1761515405395,0.5312064,0.9354211,10.433994
1761515405397,0.5073834,0.94970703,10.462473
1761515405400,0.47403222,0.9449448,10.490952
1761515405403,0.4740298,0.9258963,10.471966
1761515405405,0.48355561,0.93542016,10.433994
1761515405408,0.47402495,0.91637164,10.457726
1761515405410,0.5121355,0.90208524,10.486204
1761515405412,0.48354843,0.88779867,10.452978
1761515405414,0.46925366,0.9163709,10.419753
1761515405417,0.5550054,0.91160864,10.419753
1761515405419,0.50736177,0.8973221,10.433993
1761515405422,0.50259525,0.8877979,10.400766
1761515405425,0.53594166,0.94494253,10.433992
1761515405428,0.5216469,0.9592285,10.415006
1761515405429,0.55022925,0.86874884,10.38178
1761515405432,0.55022687,0.9116074,10.301089
1761515405434,0.55022436,0.94017947,10.301088
1761515405437,0.49781665,0.89732057,10.267862
1761515405440,0.55021966,0.91160667,10.253623
1761515405442,0.5645096,0.90684426,10.1824255
1761515405445,0.55021477,0.8973199,10.139706
1761515405448,0.5359201,0.91636807,10.191918
1761515405450,0.5406818,0.8925575,10.172931
1761515405453,0.51685876,0.8973193,10.106481
1761515405454,0.5597334,0.9354157,10.049521
1761515405457,0.49303335,0.9258913,10.044775
1761515405460,0.535908,0.92589104,10.096987
1761515405462,0.51684916,0.94493914,10.134958
1761515405465,0.45967737,0.8735078,10.059014
1761515405468,0.5120802,0.87350756,10.111225
1761515405470,0.4882572,0.8782693,10.153944
1761515405472,0.43584946,0.92112786,10.111225
1761515405475,0.47396004,0.92588973,10.120719
1761515405477,0.5120706,0.8830309,10.096985
1761515405480,0.47871935,0.88779265,10.120718
1761515405482,0.4739528,0.8830304,10.130211
1761515405485,0.53588396,0.8687439,10.1254635
1761515405488,0.5263533,0.86874366,10.163436
1761515405488,0.4834738,0.86398137,10.210901
1761515405492,0.51682025,0.85921913,10.206154
1761515405495,0.49776143,0.87350506,10.172928
1761515405497,0.5263437,0.85921866,10.191915
1761515405499,0.5406337,0.8782667,10.201407
1761515405502,0.5596877,0.87826645,10.153942
1761515405505,0.60256237,0.86398005,10.130209
1761515405508,0.5692111,0.8544557,10.163435
1761515405508,0.5596805,0.83540714,10.139701
1761515405512,0.56920636,0.8687414,10.163435
1761515405514,0.59302455,0.84969294,10.101729
1761515405517,0.5930221,0.873503,10.092236
1761515405519,0.5596708,0.8639786,10.030531
1761515405522,0.5453762,0.86874044,9.983066
1761515405525,0.5501378,0.8877886,10.016292
1761515405527,0.5358431,0.8877884,9.9925585
1761515405529,0.48343542,0.9258848,9.911868
1761515405532,0.5406024,0.8687396,9.869148
1761515405534,0.4977229,0.84492904,9.864402
1761515405536,0.48342812,0.87350124,9.831176
1761515405539,0.48818988,0.94017,9.859655
1761515405541,0.4643669,0.9592181,9.854908
1761515405545,0.46912858,0.902073,9.840668
1761515405548,0.47389027,0.9306451,9.812189
1761515405549,0.41671842,0.93064487,9.821682
1761515405551,0.43100843,0.9115966,9.826428
1761515405555,0.40718538,0.94493085,9.816936
1761515405556,0.38336244,0.94016844,9.78371
1761515405560,0.43576536,0.9068337,9.812188
1761515405562,0.43099883,0.94493014,9.831174
1761515405563,0.46910933,0.9449299,9.816935
1761515405567,0.40240926,0.94492966,9.821681
1761515405568,0.41669923,0.9639776,9.797948
1761515405570,0.48339444,0.95921534,9.774215
1761515405573,0.45004326,0.9639771,9.750482
1761515405575,0.45480502,0.963977,9.740989
1761515405578,0.4405102,1.0115976,9.783708
1761515405580,0.4690925,0.98778695,9.745736
1761515405583,0.43574122,1.0306455,9.717257
1761515405586,0.4881442,1.0258831,9.712509
1761515405588,0.48814175,0.9973103,9.69827
1761515405590,0.42620584,0.9830239,9.688777
1761515405593,0.46431637,0.9973098,9.5891
1761515405595,0.4023804,0.9830234,9.555874
1761515405598,0.4786039,0.98302317,9.603338
1761515405601,0.4881297,0.9973091,9.541633
1761515405603,0.48812735,1.0163573,9.498915
1761515405606,0.49288905,0.99730873,9.46569
1761515405608,0.5214714,0.9734983,9.479929
1761515405610,0.49764833,0.95921177,9.427717
1761515405612,0.52623063,0.9734978,9.441956
1761515405615,0.52146417,0.9592113,9.475182
1761515405618,0.5214617,0.94968694,9.422969
1761515405620,0.507167,0.9734971,9.437209
1761515405623,0.48810807,0.9830209,9.427716
1761515405625,0.53098273,0.99254495,9.408729
1761515405628,0.48333916,0.98302054,9.446701
1761515405631,0.4499879,0.9830203,9.427715
1761515405632,0.50715494,1.0020684,9.422968
1761515405635,0.5071525,0.97825795,9.555871
1761515405638,0.45474485,1.0020679,9.541632
1761515405640,0.44521418,0.9496849,9.608082
1761515405643,0.44044763,0.9211123,9.589096
1761515405646,0.4785582,0.91634995,9.660294
1761515405649,0.46426344,0.93063587,9.698266
1761515405651,0.44044045,0.96873224,9.6270685
1761515405653,0.44996625,0.90682507,9.7030115
1761515405656,0.49760506,0.8973008,9.74573
1761515405658,0.4594897,0.9115869,9.783702
1761515405661,0.44995904,0.91158664,9.755223
1761515405664,0.4594849,0.9211106,9.75997
1761515405666,0.46901068,0.94968265,9.745729
1761515405669,0.48806483,0.9306341,9.755222
1761515405672,0.48806238,0.8972994,9.745729
1761515405672,0.5071165,0.887775,9.693518
1761515405676,0.50711405,0.8830128,9.759969
1761515405679,0.49758336,0.90682286,9.783701
1761515405681,0.4689963,0.921109,9.7125025
1761515405684,0.48805034,0.9258708,9.721995
1761515405686,0.5023403,0.8734878,9.740982
1761515405689,0.5023379,0.906822,9.7457285
1761515405691,0.46898663,0.9401562,9.669784
1761515405693,0.48327664,0.9592043,9.6792755
1761515405695,0.44516125,0.9496799,9.617571
1761515405698,0.45468712,0.8972969,9.698262
1761515405701,0.42133585,0.9258691,9.636558
1761515405704,0.4213335,0.88301027,9.63181
1761515405706,0.46420813,0.86872375,9.650797
1761515405708,0.39750805,0.8925341,9.646049
1761515405711,0.41656214,0.9115821,9.636557
1761515405713,0.44514441,0.87824726,9.636557
1761515405716,0.483255,0.8687229,9.721993
1761515405718,0.45466787,0.9068193,9.712501
1761515405721,0.4308449,0.8830087,9.774204
1761515405727,0.4737195,0.8734843,9.850149
1761515405727,0.5023018,0.9020566,9.80743
1761515405729,0.47847885,0.89729416,9.80743
1761515405731,0.49276876,0.830625,9.869136
1761515405733,0.5308794,0.84491104,9.921347
1761515405735,0.49752808,0.85443497,9.945078
1761515405738,0.54040277,0.86395884,9.935585
1761515405741,0.4927591,0.83062416,9.959318
1761515405743,0.47846437,0.8020514,9.964065
1761515405746,0.5261032,0.7925271,9.954572
1761515405748,0.5308649,0.7782406,9.978303
1761515405751,0.5451548,0.7925266,10.025768
1761515405752,0.53086007,0.8210988,10.044755
1761515405755,0.5546782,0.7925261,10.002036
1761515405758,0.61660933,0.7591914,10.002036
1761515405761,0.5880223,0.74014294,10.0495
1761515405763,0.5594352,0.77823937,10.06374
1761515405765,0.6023098,0.76871496,10.087472
1761515405768,0.5927792,0.8020492,10.111204
1761515405771,0.56419206,0.78776276,10.111204
1761515405772,0.62135905,0.76871425,10.073233
1761515405775,0.59277195,0.7306174,10.10171
1761515405778,0.568949,0.7591896,10.120697
1761515405780,0.5689466,0.7306169,10.096964
1761515405783,0.6356418,0.7306167,10.111203
1761515405786,0.61181885,0.7210924,10.044753
1761515405788,0.554647,0.73537844,10.111203
1761515405790,0.530824,0.7306161,10.111202
1761515405792,0.549878,0.7496642,10.092217
1761515405795,0.5832245,0.74966395,10.106457
1761515405798,0.54987323,0.70204294,10.106457
1761515405800,0.49270144,0.716329,10.125442
1761515405803,0.56416076,0.74013907,10.163414
1761515405805,0.5403378,0.7734733,10.144427
1761515405808,0.54986364,0.74966276,10.139681
1761515405810,0.53556883,0.7925211,10.163414
1761515405812,0.5498588,0.8258555,10.144427
1761515405815,0.5546206,0.78775877,10.111201
1761515405818,0.5927311,0.8068067,10.149174
1761515405819,0.5736722,0.7829962,10.106455
1761515405822,0.5593774,0.7734718,10.115948
1761515405826,0.58795977,0.8544268,10.073229
1761515405828,0.5546085,0.8449024,10.04475
1761515405830,0.5403137,0.8401401,10.068481
1761515405832,0.564132,0.8544261,10.021016
1761515405835,0.59271425,0.85918796,9.973552
1761515405838,0.5641271,0.8972843,9.921339
1761515405840,0.55936056,0.8972841,9.945071
1761515405842,0.6403482,0.92585635,9.883368
1761515405846,0.55935574,0.9020458,9.850141
1761515405847,0.53553283,0.8544248,9.850141
1761515405850,0.6308127,0.91633147,9.826407
1761515405852,0.5450562,0.94014156,9.807422
1761515405854,0.4926485,0.9591896,9.774197
1761515405857,0.5069384,0.9306169,9.774196
1761515405859,0.54504895,0.9306167,9.783688
1761515405863,0.5069336,0.9115683,9.783688
1761515405865,0.45452598,0.9449026,9.797928
1761515405867,0.49740058,0.9639506,9.721983
1761515405870,0.4545211,0.8782331,9.778942
1761515405872,0.4735752,0.9020433,9.755208
1761515405874,0.4783369,0.90204304,9.802673
1761515405877,0.497391,0.9353773,9.797927
1761515405880,0.44498324,0.9163287,9.831152
1761515405883,0.4640374,0.9544251,9.859632
1761515405884,0.49261966,0.91156626,9.9023485
1761515405890,0.52596605,0.9258522,9.897603
1761515405890,0.51643544,0.9449004,9.883364
1761515405892,0.54978186,0.9591863,9.926083
1761515405894,0.530723,0.9258516,10.006772
1761515405897,0.58788997,0.9115652,9.987787
1761515405899,0.56406695,0.94489944,10.002026
1761515405902,0.5926493,0.95918536,10.0115185
1761515405905,0.54024154,0.9639471,10.0447445
1761515405906,0.5926445,0.9591849,9.987786
1761515405909,0.58311385,0.92585015,10.025758
1761515405912,0.60216796,0.9353741,9.997278
1761515405916,0.56881666,0.94013584,10.00677
1761515405916,0.5878707,0.95918405,9.964052
1761515405922,0.5592836,0.968708,9.954559
1761515405923,0.5640453,0.93537325,9.916587
1761515405925,0.5449865,0.98299366,9.964052
1761515405927,0.4782864,0.9877556,9.987784
1761515405928,0.51639694,0.9782313,10.002024
1761515405932,0.49257395,0.9591826,10.039995
1761515405934,0.4973356,0.97823083,10.016263
1761515405937,0.49256915,1.0020407,10.006769
1761515405939,0.4878026,0.9734682,10.063727
1761515405942,0.49732846,0.9829921,10.049487
1761515405944,0.4877978,1.0163264,10.030501
1761515405947,0.51161593,0.94489515,10.039994
1761515405949,0.4782647,0.9782295,10.134925
1761515405952,0.5259035,0.9972774,10.111191
1761515405954,0.4877882,0.97346693,10.101699
1761515405956,0.49731398,0.99251497,10.125431
1761515405959,0.5163681,0.9544181,10.120685
1761515405962,0.5020733,0.9734662,10.087459
1761515405964,0.5401838,0.9639417,10.063726
1761515405967,0.5068326,0.98298985,10.054233
1761515405970,0.5592355,0.95917934,10.12543
1761515405971,0.5735255,0.9306066,10.049485
1761515405974,0.53064597,0.9925134,10.039992
1761515405980,0.56399244,0.9639406,10.030499
1761515405980,0.5925748,0.99251294,10.077966
1761515405982,0.5449312,0.96394014,10.106443
1761515405984,0.53063637,0.94965374,10.130176
1761515405987,0.5544545,0.9306052,10.111189
1761515405990,0.5496881,0.9734637,10.092204
1761515405991,0.56397796,0.95441514,10.120683
1761515405994,0.5449192,0.9258426,10.087456
1761515405996,0.5258602,0.93060434,10.077964
1761515405999,0.5782631,0.94965243,10.111188
1761515406002,0.549676,0.9687005,10.134921
1761515406004,0.55920184,0.9353658,10.106442
1761515406007,0.6163689,0.9496517,10.087455
1761515406009,0.5877818,0.96393764,10.101695
1761515406012,0.5830152,0.91155475,10.0732155
1761515406014,0.5973051,0.949651,10.115934
1761515406016,0.59253865,0.9401266,10.115934
1761515406018,0.58777213,0.9353645,10.125427
1761515406021,0.58776975,0.96393657,10.101694
1761515406024,0.55918264,0.9639363,10.153905
1761515406026,0.5782367,0.9258396,10.163399
1761515406030,0.5639419,0.88298076,10.153905
1761515406031,0.5734677,0.916315,10.077962
1761515406033,0.57346535,0.93060094,10.101694
1761515406035,0.5544065,0.9306007,10.168144
1761515406039,0.5877529,0.93060046,10.144411
1761515406041,0.5782223,0.9210762,10.115932
1761515406044,0.55916333,0.9163138,10.082706
1761515406046,0.5972738,0.94488615,10.054228
1761515406048,0.5448662,0.91631347,10.068466
1761515406051,0.5448638,0.95917183,10.068466
1761515406052,0.5543897,0.93059915,10.0494795
1761515406055,0.55915135,0.9305989,10.058973
1761515406057,0.5353283,0.90678835,10.044734
1761515406060,0.5877312,0.8829778,10.039986
1761515406063,0.59249294,0.88773954,9.987775
1761515406065,0.57819813,0.9210739,9.959295
1761515406068,0.5591393,0.91631156,9.921323
1761515406071,0.55437285,0.9305976,9.935562
1761515406072,0.57342684,0.93535954,9.987775
1761515406074,0.5924809,0.9448834,9.888096
1761515406077,0.59724253,0.9639314,9.888096
1761515406079,0.6734661,0.9401208,9.831139
1761515406082,0.6258225,0.9305964,9.845378
1761515406085,0.621056,0.9877411,9.845378
1761515406087,0.62105364,0.96869254,9.835884
1761515406090,0.6401077,0.93535787,9.82639
1761515406092,0.6258129,0.93535763,9.84063
1761515406095,0.62104636,0.9353574,9.797912
1761515406097,0.60198754,0.9591676,9.793165
1761515406100,0.6162774,0.97821575,9.82639
1761515406102,0.60674685,1.0258362,9.736205
1761515406105,0.60674435,0.9925015,9.7741785
1761515406107,0.5924496,0.99250126,9.736205
1761515406110,0.59721136,1.0115494,9.669755
1761515406112,0.56386006,0.96869034,9.73146
1761515406114,0.56385773,0.9686901,9.707726
1761515406117,0.51621413,0.9591657,9.70298
1761515406120,0.53050405,0.9448793,9.70298
1761515406122,0.5066811,0.940117,9.646021
1761515406125,0.4971504,0.96868926,9.683993
1761515406127,0.51620454,0.96392685,9.669754
1761515406130,0.4971456,0.9591646,9.636527
1761515406131,0.46855852,0.93535405,9.712471
1761515406134,0.48761263,0.9305917,9.736203
1761515406137,0.4352049,0.94487774,9.655514
1761515406140,0.43043837,0.89249474,9.740951
1761515406143,0.4780771,0.8877323,9.769428
1761515406145,0.4447259,0.85915977,9.812147
1761515406148,0.4542517,0.9115423,9.83588
1761515406151,0.45424935,0.8972559,9.921317
1761515406152,0.47330338,0.9020178,9.907078
1761515406155,0.49235743,0.8924934,9.8928385
1761515406158,0.46377036,0.8591587,9.95929
1761515406161,0.4590038,0.8829688,9.949796
1761515406163,0.5018785,0.8543961,9.954542
1761515406166,0.49711192,0.87344414,10.02574
1761515406168,0.49710956,0.8543956,10.02574
1761515406170,0.5352201,0.8448712,10.082697
1761515406172,0.5399818,0.82106066,10.068458
1761515406175,0.5113947,0.8305847,10.049471
1761515406178,0.4875717,0.8258223,10.125416
1761515406179,0.5495028,0.82582206,10.10643
1761515406183,0.5590286,0.8210598,10.030486
1761515406185,0.5923751,0.83534575,10.054217
1761515406188,0.5780803,0.8353455,10.082696
1761515406191,0.582842,0.77343833,10.09219
1761515406191,0.60189617,0.8067726,10.073203
1761515406195,0.62095016,0.7972483,10.044724
1761515406198,0.6066555,0.8162963,10.068456
1761515406200,0.62094533,0.8353443,10.101682
1761515406203,0.63047117,0.81153387,10.073202
1761515406205,0.64476115,0.8496303,10.039976
1761515406208,0.6399946,0.8448679,9.997258
1761515406210,0.6114075,0.8305815,10.039976
1761515406212,0.62569743,0.882964,9.949792
1761515406214,0.6495157,0.8829638,10.00675
1761515406217,0.64951324,0.90677387,9.99251
1761515406220,0.6304543,0.9067737,9.964031
1761515406223,0.6066314,0.87820095,9.907073
1761515406225,0.5542236,0.86867654,9.850114
1761515406227,0.56851363,0.8924869,9.921311
1761515406230,0.5542189,0.8639142,9.921311
1761515406232,0.5494523,0.8877243,9.911819
1761515406235,0.5827987,0.89248616,9.888086
1761515406237,0.5256269,0.8924859,9.921311
1761515406240,0.52086043,0.911534,9.926058
1761515406242,0.5018015,0.92105794,9.81214
1761515406245,0.5303839,0.8496266,9.840619
1761515406247,0.5303814,0.8734367,9.82638
1761515406250,0.52085084,0.8924848,9.81214
1761515406252,0.5208484,0.8877225,9.831126
1761515406254,0.50178945,0.92105687,9.783661
1761515406257,0.5399,0.90677035,9.8121395
1761515406259,0.5208411,0.89724594,9.788407
1761515406261,0.530367,0.9305802,9.740942
1761515406269,0.5589493,0.9258179,9.7456875
1761515406269,0.5827674,0.949628,9.793153
1761515406271,0.5922933,0.98296225,9.736195
1761515406272,0.554178,0.9496276,9.721954
1761515406274,0.63040143,0.9020067,9.75518
1761515406277,0.62087077,0.94486505,9.812139
1761515406279,0.61134017,0.9162925,9.750433
1761515406282,0.6256301,0.99248546,9.717208
1761515406285,0.6351559,0.9686748,9.745687
1761515406287,0.6256253,0.9401021,9.788405
1761515406290,0.6065664,0.95438814,9.797898
1761515406291,0.6256205,0.96391195,9.759927
1761515406294,0.58750516,0.95438766,9.778912
1761515406297,0.5922669,0.94486326,9.83587
1761515406299,0.5970286,0.9210527,9.826376
1761515406302,0.5827338,0.92105246,9.840615
1761515406305,0.59225965,0.94486266,9.854856
1761515406307,0.59225726,0.9353383,9.90232
1761515406309,0.5827266,0.9401001,9.968771
1761515406312,0.5827242,0.9210517,9.954532
1761515406314,0.57795763,0.92581344,9.983011
1761515406316,0.55889875,0.91628903,9.968771
1761515406319,0.5541322,0.92581296,9.968771
1761515406322,0.5446016,0.87342995,10.011489
1761515406325,0.52554274,0.8734297,10.058954
1761515406327,0.54459685,0.93057424,10.087434
1761515406329,0.5541226,0.92105,10.04946
1761515406331,0.51124316,0.90200156,10.077941
1761515406334,0.5493537,0.9067634,10.096925
1761515406336,0.5255307,0.89723897,10.092179
1761515406339,0.53982073,0.8924767,10.03522
1761515406342,0.5636388,0.90676266,10.073193
1761515406345,0.54934406,0.89723825,10.068446
1761515406347,0.61603934,0.9020001,10.039967
1761515406349,0.66367805,0.87342745,10.0637
1761515406352,0.592214,0.90199965,10.039967
1761515406354,0.63508856,0.9019994,10.025726
1761515406356,0.6493786,0.9353338,10.030474
1761515406359,0.62079144,0.8781886,10.054206
1761515406361,0.63508135,0.8972367,10.063699
1761515406364,0.64937127,0.9019986,10.020979
1761515406367,0.64936894,0.949619,10.020979
1761515406369,0.6446024,0.94961876,10.016233
1761515406372,0.6493641,0.85913926,10.016233
1761515406374,0.65412587,0.925808,10.044711
1761515406376,0.6684158,0.9162836,10.025724
1761515406379,0.67794156,0.89247304,10.011485
1761515406381,0.67317504,0.88771063,10.096922
1761515406384,0.6684086,0.90199685,10.025724
1761515406387,0.66364205,0.89723444,9.94978
1761515406389,0.66840374,0.9353308,10.030471
1761515406391,0.67316544,0.9591409,9.997245
1761515406393,0.65887076,0.9305682,9.983006
1761515406397,0.65886825,0.90199566,10.001991
1761515406399,0.65886587,0.92580575,9.93554
1761515406401,0.64933527,0.94961584,9.921299
1761515406404,0.615984,0.93532944,9.930792
1761515406406,0.6636228,0.89723253,9.926046
1761515406409,0.6350357,0.9686635,9.949779
1761515406411,0.58739203,0.96390116,9.916553
1761515406413,0.5873897,0.8829458,9.90706
1761515406416,0.59215146,0.86389726,9.916552
1761515406418,0.55880016,0.9353281,9.87858
1761515406421,0.5778543,0.91627955,9.859593
1761515406424,0.55879533,0.8734207,9.883327
1761515406426,0.5254441,0.8972308,9.859593
1761515406429,0.50162107,0.9353272,9.949777
1761515406431,0.51591104,0.8496097,9.888072
1761515406433,0.55878574,0.87818176,9.93079
1761515406436,0.5301986,0.8638955,9.926044
1761515406439,0.4634986,0.8448469,9.907058
1761515406441,0.5349579,0.859133,9.983003
1761515406444,0.49684253,0.86389476,10.001987
1761515406446,0.530189,0.8353221,10.058946
1761515406449,0.5397149,0.8591323,10.03996
1761515406451,0.5301842,0.85913205,10.073185
1761515406453,0.5635306,0.83532137,10.082678
1761515406455,0.5254153,0.8305591,10.12065
1761515406458,0.62069523,0.8353209,10.139635
1761515406461,0.6111645,0.8210346,10.153874
1761515406463,0.56828505,0.8210344,10.21558
1761515406466,0.62068796,0.83055824,10.253552
1761515406468,0.6587985,0.84008217,10.206087
1761515406471,0.6778526,0.8353198,10.220325
1761515406473,0.6683219,0.84960586,10.182354
1761515406475,0.6302066,0.8210332,10.229818
1761515406478,0.6730812,0.82579494,10.215579
1761515406481,0.7111918,0.81627053,10.215579
1761515406483,0.69213295,0.82103246,10.144381
1761515406486,0.62066877,0.8019839,10.15862
1761515406489,0.63495874,0.81150794,10.149127
1761515406491,0.7064181,0.835318,10.06369
1761515406492,0.639718,0.86389023,10.02097
1761515406495,0.64924383,0.83531755,10.039957
1761515406498,0.68259025,0.8019828,9.954518
1761515406501,0.64923906,0.8353171,9.888067
1761515406503,0.5968313,0.85436517,9.883321
1761515406505,0.6539984,0.8496029,9.840602
1761515406508,0.61111885,0.8972233,9.78839
1761515406511,0.58253175,0.8496024,9.764657
1761515406513,0.6396988,0.8876988,9.769403
1761515406515,0.6158758,0.8924607,9.721938
1761515406518,0.6063451,0.8829363,9.731431
1761515406521,0.58728623,0.91627055,9.759911
1761515406523,0.5825197,0.89722204,9.707698
1761515406526,0.5920456,0.92579424,9.721937
1761515406529,0.57298666,0.9353182,9.688712
1761515406531,0.56822014,0.8972213,9.693458
1761515406532,0.57774603,0.91626936,9.693458
1761515406535,0.5158101,0.9162691,9.641247
1761515406538,0.5300999,0.8734103,9.688711
1761515406540,0.5348616,0.92103094,9.664978
1761515406543,0.5062746,0.8924582,9.683964
1761515406545,0.4681592,0.89722,9.669724
1761515406547,0.45862862,0.8972198,9.7029505
1761515406550,0.46815446,0.92103,9.726683
1761515406551,0.49197266,0.89245725,9.764654
1761515406554,0.47767785,0.86388457,9.840598
1761515406557,0.48243955,0.8781705,9.845345
1761515406559,0.515786,0.87817025,9.888063
1761515406561,0.5396041,0.8876942,9.9877405
1761515406564,0.54913,0.88769406,9.949767
1761515406567,0.48454005,0.87836754,9.959412
1761515406569,0.5131252,0.85455734,10.035356
1761515406571,0.5560027,0.88312984,10.073328
1761515406574,0.54171073,0.8259849,10.068582
1761515406577,0.5417112,0.8402713,10.049596
1761515406579,0.57982457,0.8307471,10.101807
1761515406581,0.58935326,0.825985,10.097061
1761515406584,0.6084101,0.8402714,10.130287
1761515406587,0.6227029,0.79265064,10.092316
1761515406589,0.64652395,0.81646097,10.116048
1761515406591,0.62746793,0.8212232,10.101808
1761515406594,0.6227042,0.83074737,10.054342
1761515406596,0.64652526,0.8116992,10.073329
1761515406599,0.65605396,0.83550954,9.997385
1761515406602,0.6369979,0.84027165,9.968905
1761515406604,0.6798754,0.792651,9.916694
1761515406607,0.64176285,0.82122344,9.926187
1761515406609,0.66558385,0.83550966,9.978398
1761515406611,0.67511255,0.8450339,9.945172
1761515406614,0.6274718,0.8450339,9.907201
1761515406616,0.61317986,0.8307477,9.92144
1761515406618,0.59888804,0.85932034,9.850243
1761515406622,0.5845961,0.8212237,9.873975
1761515406624,0.5893606,0.8021754,9.883469
1761515406627,0.5655405,0.8736066,9.845496
1761515406629,0.5321921,0.86884445,9.8597355
1761515406631,0.50360775,0.8497963,9.878721
1761515406634,0.4702594,0.84027225,9.869229
1761515406637,0.49408045,0.8593206,9.840749
1761515406640,0.48455262,0.87836874,9.845496
1761515406642,0.48931715,0.8164619,9.8597355
1761515406645,0.4607329,0.80217576,9.850243
1761515406647,0.43691272,0.8164619,9.92144
1761515406650,0.44644138,0.878369,9.92144
1761515406652,0.44644186,0.88789314,9.935679
1761515406654,0.47026286,0.8831311,9.907201
1761515406656,0.46549916,0.8688449,9.93568
1761515406659,0.4845561,0.86408293,9.940428
1761515406662,0.503613,0.8355105,9.96416
1761515406665,0.47026455,0.86408305,9.983146
1761515406667,0.5131421,0.859321,9.94992
1761515406670,0.5131425,0.8069381,10.006878
1761515406672,0.47503,0.80693823,10.011625
1761515406674,0.5274358,0.854559,10.011625
1761515406677,0.560785,0.8640832,10.025865
1761515406679,0.56554955,0.8497971,10.021118
1761515406682,0.56555,0.88313156,10.011625
1761515406685,0.546494,0.8307489,9.978399
1761515406687,0.5941356,0.85455924,9.96416
1761515406689,0.58460784,0.8736076,9.93568
1761515406691,0.57508,0.83074903,9.959414
1761515406694,0.598901,0.8593215,9.86923
1761515406708,0.5750809,0.90218014,9.812271
1761515406708,0.57031715,0.8926561,9.902454
1761515406708,0.57031757,0.8926561,9.864483
1761515406709,0.5607898,0.8593216,9.812271
1761515406709,0.53696966,0.8926562,9.850244
1761515406709,0.53697,0.86408377,9.845497
1761515406717,0.5369705,0.8545596,9.7743
1761515406717,0.5274427,0.87360805,9.7743
1761515406718,0.45598134,0.8355114,9.802778
1761515406729,0.49409473,0.8688459,9.817018
1761515406729,0.48933107,0.84979784,9.836004
1761515406729,0.4655109,0.85932195,9.7743
1761515406729,0.4702754,0.88789433,9.845497
1761515406729,0.42739883,0.8640841,9.8502445
1761515406730,0.44169167,0.8831324,9.873977
1761515406733,0.38928673,0.85455996,9.954668
1761515406735,0.4464566,0.86884624,9.997387
1761515406738,0.4512212,0.8593222,10.040105
1761515406741,0.44645745,0.86408424,9.983147
1761515406743,0.43216556,0.84503603,10.002133
1761515406745,0.4893354,0.83074987,10.030612
1761515406748,0.52268463,0.8497982,10.063838
1761515406750,0.54650575,0.8212258,10.073331
1761515406752,0.5465061,0.80693954,10.106557
1761515406755,0.5465066,0.82122594,10.054344
1761515406757,0.56556344,0.825988,10.049598
1761515406761,0.5798563,0.80693966,10.044852
1761515406763,0.5846208,0.8069398,10.054344
1761515406766,0.63702655,0.7926536,10.044852
1761515406768,0.67037576,0.8069398,10.044852
1761515406770,0.61320674,0.8450365,10.068584
1761515406772,0.603679,0.81646407,9.968907
1761515406775,0.63226414,0.8021779,10.025866
1761515406777,0.6989623,0.81170213,9.9784
1761515406780,0.62750083,0.81170213,9.954668
1761515406783,0.63226545,0.8545608,9.935681
1761515406785,0.61797357,0.8640851,9.949921
1761515406788,0.6370304,0.8307506,9.945174
1761515406790,0.6608514,0.8259884,9.864484
1761515406792,0.6084466,0.85932314,9.883471
1761515406795,0.55604166,0.85456103,9.845498
1761515406797,0.6132116,0.8736093,9.8502445
1761515406800,0.5989197,0.9069439,9.836005
1761515406803,0.6036842,0.8831336,9.812272
1761515406805,0.55604345,0.9117061,9.859738
1761515406808,0.5465157,0.94027853,9.831259
1761515406810,0.54651606,0.90694404,9.774301
1761515406813,0.5084036,0.88789576,9.774301
1761515406815,0.53698874,0.90694416,9.807527
1761515406818,0.5369892,0.9164683,9.845499
1761515406820,0.49887666,0.892658,9.873978
1761515406823,0.5226977,0.9069443,9.897711
1761515406826,0.49887756,0.8974201,9.854991
1761515406828,0.49887797,0.9069443,9.878724
1761515406831,0.48935017,0.8974202,9.921443
1761515406833,0.44647357,0.8878961,9.91195
1761515406835,0.49411517,0.9117067,9.926189
1761515406838,0.5274644,0.87361,9.9926405
1761515406841,0.47982368,0.8688479,9.954669
1761515406843,0.48935235,0.8926585,9.983148
1761515406847,0.4941169,0.88789636,10.002134
1761515406848,0.479825,0.83551353,9.983148
1761515406851,0.46553302,0.8259895,10.030613
1761515406852,0.4988823,0.8402758,10.054345
1761515406855,0.5417598,0.79265505,10.0590925
1761515406858,0.5322319,0.8259896,10.111303
1761515406861,0.6036942,0.88313454,10.092319
1761515406862,0.59416646,0.8259896,10.097064
1761515406865,0.6036951,0.84503806,10.073332
1761515406868,0.6179879,0.8259897,10.125543
1761515406871,0.6084601,0.81170356,10.116051
1761515406872,0.62275285,0.85932446,10.125543
1761515406875,0.64180976,0.85456234,10.116051
1761515406877,0.5846408,0.82598984,10.0590925
1761515406880,0.575113,0.85456246,10.073332
1761515406883,0.58464164,0.8117038,10.0496
1761515406885,0.63704735,0.81646585,10.073333
1761515406888,0.5941708,0.8117039,10.082826
1761515406891,0.54653,0.8402764,10.087572
1761515406892,0.60369986,0.8212281,10.068586
1761515406895,0.5798797,0.81170404,10.054346
1761515406897,0.4988901,0.8021799,9.992641
1761515406900,0.55605996,0.8212282,10.044854
1761515406903,0.53700393,0.78789383,10.030614
1761515406905,0.48459908,0.8259903,10.030614
1761515406908,0.4845995,0.8355145,10.016375
1761515406910,0.4941282,0.8307526,9.945176
1761515406912,0.470308,0.8355146,10.021121
1761515406915,0.49412903,0.84027684,10.025867
1761515406917,0.513186,0.849801,9.973656
1761515406920,0.5131864,0.849801,10.040107
1761515406923,0.49413034,0.8640873,10.006881
1761515406925,0.460782,0.87361145,9.930937
1761515406928,0.4893671,0.9164701,9.935683
1761515406930,0.46554694,0.83075297,9.949923
1761515406932,0.47983974,0.88789773,9.935683
1761515406934,0.49413255,0.9117082,9.973656
1761515406937,0.49889705,0.8545634,9.888218
1761515406939,0.5465387,0.897422,9.798035
1761515406943,0.5274827,0.88789785,9.864486
1761515406945,0.47031364,0.9069463,9.892965
1761515406947,0.4893706,0.88789797,9.83126
1761515406950,0.5131916,0.88789797,9.793288
1761515406952,0.513192,0.9021844,9.8455
1761515406954,0.49413604,0.9021844,9.783794
1761515406957,0.47031584,0.9212327,9.760063
1761515406959,0.52748567,0.90694654,9.8075285
1761515406963,0.50842965,0.8831362,9.793289
1761515406964,0.503666,0.91170865,9.8075285
1761515406968,0.5036664,0.90694666,9.764811
1761515406970,0.44173327,0.90694666,9.760063
1761515406972,0.41314903,0.94028115,9.850247
1761515406974,0.45602652,0.9498054,9.826514
1761515406976,0.46079105,0.9402813,9.798035
1761515406979,0.5131968,0.91647094,9.788543
1761515406982,0.5274896,0.8831366,9.798035
1761515406985,0.51319766,0.8831366,9.755317
1761515406987,0.4798493,0.91647106,9.8075285
1761515406990,0.47032148,0.93551946,9.840754
1761515406991,0.49890658,0.8783746,9.831261
1761515406994,0.49414298,0.89742297,9.817021
1761515406997,0.51796395,0.90694714,9.840754
1761515406999,0.53702086,0.89742297,9.831261
1761515407002,0.48461604,0.9164714,9.760063
1761515407005,0.50843704,0.8926611,9.793289
1761515407007,0.47508863,0.8974231,9.831261
1761515407009,0.53225845,0.9117095,9.888219
1761515407011,0.5322589,0.8926612,9.940432
1761515407014,0.4989105,0.86885077,9.98315
1761515407016,0.49891096,0.8355164,9.954671
1761515407019,0.50843966,0.81170607,9.987897
1761515407021,0.52273244,0.81170607,10.044855
1761515407024,0.5322611,0.8450407,10.07808
1761515407026,0.5179692,0.8878993,10.097066
1761515407030,0.5322619,0.8402786,10.073334
1761515407031,0.5703753,0.84027874,10.059095
1761515407034,0.5941964,0.8640891,10.101813
1761515407036,0.60848916,0.8450408,10.139786
1761515407040,0.56084836,0.8259926,10.1208
1761515407041,0.58943355,0.8878995,10.101813
1761515407044,0.62278277,0.8640892,10.063842
1761515407046,0.61325496,0.88789964,10.002137
1761515407049,0.637076,0.8640893,9.964165
1761515407050,0.63707644,0.81170654,10.073335
1761515407053,0.6513693,0.85456526,10.006883
1761515407055,0.68471855,0.8688515,9.987898
1761515407058,0.6513701,0.8783756,10.030616
1761515407061,0.6418423,0.8831379,9.935685
1761515407063,0.6466069,0.9069482,9.8739805
1761515407066,0.64660734,0.8878999,9.859741
1761515407068,0.5894383,0.9164725,9.892967
1761515407070,0.6227876,0.883138,9.878727
1761515407073,0.6418445,0.89266217,9.82177
1761515407075,0.6227884,0.8498036,9.802783
1761515407078,0.58467597,0.8545656,9.802783
1761515407080,0.5656199,0.85456574,9.812276
1761515407083,0.5656203,0.88790023,9.79329
1761515407086,0.5418002,0.87837607,9.807529
1761515407088,0.57038534,0.8783762,9.769557
1761515407090,0.59420633,0.8212314,9.812276
1761515407093,0.61326325,0.86409,9.812276
1761515407095,0.57991487,0.8736143,9.892967
1761515407098,0.5322741,0.849804,9.8739805
1761515407100,0.56562334,0.8736143,9.926192
1761515407103,0.5846803,0.845042,9.964165
1761515407105,0.57515246,0.8545661,9.9167
1761515407108,0.579917,0.85932827,10.011631
1761515407110,0.6085022,0.87837654,9.954673
1761515407112,0.5656256,0.8498042,9.997391
1761515407115,0.6132671,0.8545662,9.964166
1761515407118,0.5846829,0.85456634,10.030617
1761515407120,0.6037398,0.8640905,10.006884
1761515407123,0.5989761,0.8402802,10.006884
1761515407126,0.5799201,0.8355182,9.9404335
1761515407128,0.5894488,0.84980446,10.021124
1761515407131,0.55133617,0.8736148,10.006884
1761515407133,0.5846855,0.8402804,9.983151
1761515407136,0.5751577,0.8355183,9.997391
1761515407138,0.6037428,0.82123214,10.030617
1761515407141,0.6132715,0.82123226,9.987899
1761515407144,0.5799231,0.8355184,9.968912
1761515407147,0.560867,0.8164701,9.935686
1761515407148,0.57515985,0.84504265,9.983151
1761515407151,0.5894527,0.8259944,9.997391
1761515407153,0.5513401,0.79266,10.02587
1761515407156,0.52275586,0.82123244,10.04011
1761515407157,0.5561051,0.82123244,10.0496025
1761515407161,0.58469033,0.8402809,10.011631
1761515407163,0.5275213,0.8402809,10.002138
1761515407166,0.49893698,0.8021843,10.011631
1761515407168,0.52275807,0.8021844,9.973659
1761515407171,0.5703996,0.8069464,10.02587
1761515407173,0.5561077,0.79742235,9.987899
1761515407175,0.57040054,0.79266036,10.030617
1761515407179,0.55134445,0.8402811,10.092322
1761515407181,0.48464727,0.8212328,10.030618
1761515407183,0.5418172,0.82599497,10.002139
1761515407186,0.58469456,0.8831399,10.016378
1761515407188,0.5132333,0.86885357,9.997392
1761515407190,0.5132337,0.8307572,10.002139
1761515407193,0.47988528,0.8640917,9.9736595
1761515407195,0.51323456,0.8688537,9.954674
1761515407198,0.47988623,0.9069505,9.930941
1761515407201,0.46083012,0.873616,9.902461
1761515407203,0.50370765,0.873616,9.921448
1761515407205,0.4322463,0.9069506,9.836011
1761515407208,0.441775,0.9212369,9.783798
1761515407211,0.4417754,0.88790226,9.831264
1761515407212,0.408427,0.9117128,9.840756
1761515407215,0.4417763,0.925999,9.821771
1761515407217,0.413192,0.9164748,9.817024
1761515407220,0.44654125,0.9212371,9.788546
1761515407223,0.42748526,0.9355233,9.783798
1761515407225,0.43224978,0.91171294,9.826517
1761515407228,0.41795784,0.92123723,9.793292
1761515407231,0.47512773,0.91647506,9.788546
1761515407232,0.44177932,0.8831407,9.812278
1761515407235,0.46083623,0.9164752,9.812278
1761515407237,0.45130846,0.89266485,9.85025
1761515407240,0.5227706,0.84980637,9.892969
1761515407243,0.52277106,0.8831408,9.902461
1761515407245,0.5084792,0.9069511,9.911955
1761515407248,0.52753603,0.8498065,9.930941
1761515407251,0.50848,0.8498065,9.916701
1761515407252,0.5370652,0.8736168,9.94518
1761515407255,0.5084809,0.88314104,10.006885
1761515407257,0.5656507,0.8926652,9.945181
1761515407260,0.5656512,0.87361693,9.983153
1761515407263,0.5418311,0.87361705,10.030619
1761515407265,0.57041615,0.8688549,10.016379
1761515407268,0.53706783,0.8879032,10.00214
1761515407270,0.5656529,0.87837917,9.978407
1761515407272,0.4798992,0.864093,10.021126
1761515407274,0.5227767,0.88790333,9.983153
1761515407277,0.49895656,0.81647235,9.992646
1761515407280,0.49895698,0.85456896,10.011633
1761515407283,0.4656086,0.8831414,9.968914
1761515407285,0.47513726,0.8831415,9.959421
1761515407288,0.48943007,0.8545691,9.902462
1761515407290,0.5180152,0.8593312,9.869238
1761515407292,0.5275439,0.86885536,9.949927
1761515407295,0.48943135,0.8593313,9.945181
1761515407299,0.50848824,0.8593313,9.89297
1761515407300,0.49896047,0.84504515,9.873983
1761515407303,0.49896088,0.87837964,9.869238
1761515407305,0.48943308,0.8212348,9.859744
1761515407308,0.5037259,0.87837976,9.888223
1761515407310,0.5227828,0.8974281,9.930942
1761515407312,0.53231144,0.8783799,9.911956
1761515407314,0.5323119,0.85933167,9.935688
1761515407317,0.5370765,0.9021903,9.940435
1761515407320,0.5275486,0.89742833,9.8977165
1761515407322,0.5513697,0.88790417,9.8977165
1761515407325,0.5513701,0.94504905,9.883477
1761515407327,0.54660636,0.90695256,9.911956
1761515407330,0.60377634,0.9164767,9.859744
1761515407332,0.6228332,0.9164767,9.878731
1761515407334,0.6228336,0.9021907,9.845505
1761515407337,0.66094697,0.9069527,9.883478
1761515407339,0.67523974,0.91171485,9.859745
1761515407342,0.61330664,0.96885973,9.836013
1761515407345,0.67047656,0.9307631,9.831265
1761515407347,0.62283576,0.9355253,9.888224
1761515407350,0.6466568,0.9117151,9.883478
1761515407352,0.6466572,0.9450495,9.859745
1761515407354,0.6466577,0.92600125,9.807533
1761515407357,0.5656681,0.92600137,9.836013
1761515407360,0.58472496,0.9212393,9.836013
1761515407362,0.5561408,0.92600137,9.836013
1761515407365,0.55614114,0.94504976,9.802787
1761515407367,0.5323209,0.94504976,9.81228
1761515407370,0.49897262,0.92123944,9.873984
1761515407372,0.5132654,0.8926671,9.897717
1761515407374,0.5656711,0.9069533,9.92145
1761515407377,0.49420983,0.94981194,9.911957
1761515407379,0.5132667,0.88314307,9.992647
1761515407382,0.48944652,0.8879051,9.983154
1761515407385,0.47515464,0.8736189,9.930943
1761515407387,0.5227963,0.8783811,9.940436
1761515407389,0.5227967,0.8640949,10.021126
1761515407392,0.4846842,0.83552253,9.959422
1761515407394,0.49421284,0.87361914,10.04486
1761515407397,0.49897736,0.8831433,10.082831
1761515407399,0.53232664,0.84980893,10.0401125
1761515407402,0.51803476,0.854571,10.101817
1761515407405,0.51327103,0.8402848,10.13979
1761515407407,0.49897912,0.84980905,10.135044
1761515407409,0.5085078,0.80695033,10.144537
1761515407411,0.5466212,0.8212366,10.187256
1761515407414,0.51803684,0.8355229,10.201495
1761515407416,0.52280146,0.84504706,10.182509
1761515407419,0.58949953,0.84980917,10.149283
1761515407421,0.551387,0.8450472,10.187256
1761515407424,0.5799722,0.8117127,10.177763
1761515407427,0.58950084,0.7783782,10.196749
1761515407429,0.57044476,0.8450473,10.225228
1761515407431,0.560917,0.8498094,10.15403
1761515407434,0.5990304,0.8069507,10.163524
1761515407436,0.60379493,0.83552325,10.182509
1761515407439,0.5466259,0.8212371,10.16827
1761515407442,0.60855997,0.8545716,10.163524
1761515407444,0.5895039,0.84028554,10.073339
1761515407448,0.6133249,0.86409587,10.092326
1761515407448,0.5799765,0.87362,10.082832
1761515407457,0.52280754,0.8974304,10.025874
1761515407457,0.5180439,0.8926684,10.021127
1761515407457,0.4989878,0.8974304,10.035367
1761515407459,0.5228088,0.8831444,9.992648
1761515407462,0.5371016,0.88790643,9.954677
1761515407465,0.50375324,0.8736202,9.978409
1761515407467,0.4894613,0.9069548,9.940437
1761515407470,0.54663116,0.8879065,9.949929
1761515407471,0.5132828,0.8974308,9.892972
1761515407474,0.52757555,0.8974308,9.878732
1761515407476,0.50851953,0.8926688,9.845506
1761515407481,0.49422762,0.88314474,9.821774
1761515407481,0.50852036,0.8545723,9.850253
1761515407485,0.5418696,0.88790673,9.859746
1761515407487,0.54663426,0.9117173,9.745831
1761515407489,0.5180499,0.8640965,9.779057
1761515407492,0.5513991,0.9069552,9.750576
1761515407493,0.56092787,0.89743114,9.793296
1761515407496,0.5609283,0.92600363,9.783802
1761515407499,0.54663634,0.89266914,9.736337
1761515407502,0.5990421,0.8736209,9.779057
1761515407504,0.575222,0.85933477,9.788549
1761515407507,0.55140173,0.9069554,9.755323
1761515407509,0.5704587,0.9212418,9.736337
1761515407511,0.5418744,0.8831452,9.779057
1761515407514,0.47517717,0.8879072,9.774309
1761515407516,0.5514035,0.8545729,9.788549
1761515407518,0.5323475,0.859335,9.783802
1761515407522,0.5037632,0.8974315,9.807535
1761515407525,0.48947132,0.8974316,9.812282
1761515407527,0.5132923,0.88790745,9.774309
1761515407529,0.49423626,0.88314545,9.812282
1761515407531,0.5037649,0.8498111,9.864493
1761515407534,0.51805776,0.85933524,9.812282
1761515407536,0.46565285,0.84504896,9.779057
1761515407538,0.5180586,0.8688594,9.86924
1761515407541,0.518059,0.85933536,9.930944
1761515407544,0.4799465,0.82123876,9.916705
1761515407547,0.5275882,0.84028715,9.935691
1761515407549,0.57522976,0.8117147,9.959424
1761515407551,0.5609379,0.84028727,9.959424
1761515407552,0.5418818,0.83076316,10.016382
1761515407555,0.57046694,0.8545735,10.006888
1761515407558,0.59428805,0.8545736,10.011637
1761515407560,0.5942884,0.84981155,10.035369
1761515407562,0.64193004,0.84981155,10.054355
1761515407565,0.6371664,0.85933584,10.025876
1761515407568,0.62534094,0.85435814,10.0636835
1761515407570,0.60151505,0.8591197,10.006724
1761515407572,0.6158021,0.85911924,10.044696
1761515407575,0.56815565,0.7924497,10.030457
1761515407577,0.5062169,0.79721135,10.001977
1761515407580,0.53003216,0.79244876,9.978243
1761515407582,0.5157346,0.7924483,9.992483
1761515407585,0.5062011,0.7638752,9.987736
1761515407588,0.53954464,0.7591127,9.973496
1761515407590,0.5204829,0.76387423,9.935524
1761515407592,0.5157135,0.7733979,9.916536
1761515407595,0.50141585,0.80196995,9.949762
1761515407600,0.53475946,0.80196947,9.935523
1761515407601,0.48234886,0.8257792,9.954508
1761515407602,0.5156925,0.77815807,9.878564
1761515407605,0.53950775,0.7686334,9.907042
1761515407607,0.5109178,0.7829191,9.911789
1761515407610,0.51091254,0.81149113,9.907042
1761515407612,0.55854845,0.81149065,9.930773
1761515407614,0.53472245,0.8353004,9.902294
1761515407617,0.57283026,0.85911036,9.940266
1761515407620,0.5585326,0.84006155,9.926026
1761515407622,0.5347067,0.8114886,9.897547
1761515407625,0.52517325,0.81148815,9.8833065
1761515407627,0.5489886,0.8495843,10.020955
1761515407630,0.5299268,0.82577324,9.9924755
1761515407632,0.5727986,0.8638694,9.997222
1761515407634,0.6013781,0.90672755,10.001969
1761515407637,0.6013728,0.8591064,9.982982
1761515407640,0.55849046,0.8305335,10.0351925
1761515407643,0.5823058,0.8352949,10.016207
1761515407646,0.54418755,0.8733911,10.0257
1761515407648,0.5346541,0.8495803,9.987726
1761515407651,0.52512056,0.8924384,9.945007
1761515407653,0.5632282,0.91624826,9.911782
1761515407655,0.52987415,0.8733892,9.997218
1761515407658,0.53939706,0.8733886,9.9355135
1761515407660,0.5489201,0.86386395,9.897541
1761515407663,0.53462243,0.89243597,9.907033
1761515407666,0.52985305,0.9162458,9.888047
1761515407669,0.5155554,0.88291085,9.802609
1761515407671,0.548899,0.90195864,9.797862
1761515407672,0.5250731,0.89243394,9.826341
1761515407675,0.53936017,0.9067196,9.835834
1761515407678,0.539355,0.9305295,9.783622
1761515407681,0.5202932,0.9448153,9.745649
1761515407683,0.54887265,0.91624236,9.755142
1761515407686,0.5202826,0.89243156,9.769381
1761515407688,0.5393339,0.9210034,9.759888
1761515407691,0.5488569,0.94481325,9.759888
1761515407692,0.52979505,0.9210025,9.812098
1761515407695,0.52978987,0.930526,9.7409
1761515407698,0.57266164,0.9114774,9.750393
1761515407700,0.5488358,0.8924286,9.802605
1761515407703,0.4678404,0.8733797,9.816844
1761515407705,0.48689166,0.91147584,9.783617
1761515407708,0.5297634,0.91623735,9.812096
1761515407711,0.51546586,0.9114749,9.835828
1761515407712,0.5011682,0.9114744,9.845321
1761515407715,0.51069117,0.9400462,9.859561
1761515407717,0.5249782,0.9162354,9.835828
1761515407721,0.5154447,0.90671074,9.926011
1761515407723,0.48209062,0.92099655,9.973476
1761515407725,0.46302894,0.8924236,9.92601
1761515407728,0.49160838,0.85908866,9.949742
1761515407730,0.5106596,0.89718455,9.959235
1761515407732,0.53923905,0.8971841,9.954489
1761515407735,0.5392337,0.8590871,9.94974
1761515407738,0.56781316,0.9257556,10.044671
1761515407740,0.5821003,0.8971827,10.025685
1761515407743,0.59162325,0.9209927,9.959233
1761515407745,0.62496674,0.9114679,10.039924
1761515407748,0.59161264,0.89718115,9.997205
1761515407751,0.62972033,0.8638462,10.001951
1761515407751,0.6582997,0.85432154,9.992457
1761515407754,0.6630586,0.88765556,9.982964
1761515407758,0.6773457,0.8495586,9.997203
1761515407759,0.701161,0.8114614,9.949737
1761515407763,0.63922226,0.8638437,10.030428
1761515407765,0.6344528,0.87336737,9.94499
1761515407768,0.6153911,0.90193933,10.011441
1761515407770,0.59632933,0.85908026,10.001948
1761515407772,0.56773937,0.8352692,9.982961
1761515407774,0.56773406,0.81622046,9.963975
1761515407777,0.59154946,0.8257441,9.973468
1761515407779,0.5724877,0.81145746,9.992453
1761515407781,0.5629542,0.7924087,10.001946
1761515407785,0.57247716,0.844791,10.035171
1761515407788,0.5677078,0.83526623,9.973466
1761515407790,0.51053303,0.83050376,10.016185
1761515407791,0.53434837,0.84478945,10.001945
1761515407794,0.5057584,0.8685993,10.068395
1761515407797,0.48669666,0.8638368,9.987704
1761515407799,0.5200402,0.840026,9.968718
1761515407802,0.50097847,0.8447874,10.035169
1761515407805,0.43903965,0.8114525,9.940238
1761515407806,0.4771473,0.86859685,9.968717
1761515407809,0.4580856,0.7924032,9.982955
1761515407811,0.48190096,0.8162131,9.997194
1761515407814,0.49142393,0.8495472,9.959223
1761515407816,0.51523924,0.87335694,9.968715
1761515407819,0.49141338,0.8209737,9.935489
1761515407822,0.45805928,0.8304974,9.954474
1761515407824,0.47234634,0.8733555,9.963967
1761515407827,0.54856694,0.82573426,9.949727
1761515407829,0.5390335,0.79716146,9.973459
1761515407832,0.52473587,0.83525735,9.9544735
1761515407834,0.49138173,0.84478104,9.997191
1761515407836,0.4818482,0.8114461,9.949725
1761515407840,0.5008994,0.88763875,9.883275
1761515407842,0.534243,0.83525544,9.892767
1761515407845,0.5390018,0.79239625,9.959218
1761515407847,0.49135542,0.80191994,9.944977
1761515407849,0.49611422,0.84954023,9.925991
1761515407851,0.52469367,0.8257293,9.944977
1761515407854,0.54850894,0.83049095,9.963963
1761515407856,0.4960984,0.8114422,9.973455
1761515407860,0.5484984,0.79715544,9.968709
1761515407862,0.5342008,0.8209653,9.982947
1761515407864,0.53419554,0.8257268,9.935482
1761515407867,0.5246621,0.8352505,9.992439
1761515407873,0.51512855,0.79239136,9.9782
1761515407873,0.5294156,0.8066771,9.982945
1761515407873,0.5437027,0.83524895,10.016171
1761515407876,0.51034856,0.8352485,9.96396
1761515407880,0.52463573,0.84477216,9.959212
1761515407882,0.51986635,0.85429585,9.944972
1761515407884,0.5436816,0.8209609,9.935479
1761515407887,0.5436764,0.859057,9.935478
1761515407889,0.5293788,0.830484,9.944971
1761515407891,0.5293734,0.91143876,9.897506
1761515407894,0.4864911,0.92572445,9.840547
1761515407896,0.46266526,0.8923895,9.854785
1761515407900,0.5341218,0.9066752,9.826306
1761515407901,0.51506007,0.90667474,9.8832655
1761515407907,0.54840356,0.89715,9.826305
1761515407907,0.5722189,0.9352461,9.79308
1761515407910,0.51980835,0.93524563,9.797826
1761515407912,0.5531519,0.93048304,9.77884
1761515407913,0.54361844,0.96381706,9.77884
1761515407916,0.51979256,0.9161958,9.807318
1761515407919,0.5102591,0.95429194,9.7646
1761515407922,0.5436025,0.9638155,9.726626
1761515407924,0.5912385,0.9209565,9.740866
1761515407926,0.6150538,0.96857667,9.769344
1761515407929,0.61504847,0.9781005,9.774091
1761515407931,0.6245715,0.9590515,9.740865
1761515407933,0.62456626,0.9780994,9.74561
1761515407936,0.64361745,0.9447643,9.769342
1761515407938,0.6150274,0.93047756,9.764597
1761515407941,0.686484,0.93523926,9.759849
1761515407944,0.619781,0.95428705,9.774089
1761515407946,0.5959552,0.94952434,9.816807
1761515407949,0.6435911,0.92095155,9.826299
1761515407952,0.57212406,0.9352372,9.831045
1761515407954,0.57688296,0.89714015,9.826298
1761515407955,0.55782115,0.91618794,9.883257
1761515407959,0.53399533,0.90666336,9.840537
1761515407961,0.54351825,0.94475937,9.935467
1761515407967,0.55780536,0.91618645,9.992425
1761515407968,0.52445126,0.90189976,9.935466
1761515407969,0.48156893,0.90666133,10.016157
1761515407971,0.53873307,0.84951603,10.082608
1761515407973,0.5006148,0.87332577,10.020903
1761515407976,0.5434866,0.8638012,10.016156
1761515407978,0.49584016,0.8447524,10.077861
1761515407981,0.5053631,0.8399899,10.144311
1761515407984,0.57681966,0.84951353,10.153804
1761515407986,0.56252205,0.89713377,10.115831
1761515407988,0.52440387,0.8542745,10.17279
1761515407991,0.5720397,0.85427403,10.168042
1761515407993,0.595855,0.81141496,10.220254
1761515407996,0.5720292,0.8447489,10.153802
1761515407998,0.60060865,0.8495106,10.125322
1761515408001,0.6434804,0.8256997,10.115829
1761515408004,0.6625317,0.7876026,10.144307
1761515408006,0.6291776,0.7971263,10.1538
1761515408009,0.63393635,0.8018878,10.163294
1761515408011,0.70539284,0.82569766,10.120574
1761515408012,0.6625106,0.79712486,10.12532
1761515408015,0.6482129,0.7971244,10.172785
1761515408018,0.6434435,0.8256961,10.111079
1761515408021,0.7006077,0.8161715,10.063615
1761515408024,0.6815459,0.80188483,10.120572
1761515408026,0.6767765,0.79712236,10.125319
1761515408028,0.6767713,0.7971219,10.082599
1761515408031,0.68629426,0.7828351,10.125318
1761515408033,0.648176,0.80664486,10.063613
1761515408035,0.6576989,0.844741,9.997161
1761515408038,0.6195808,0.8209302,10.068358
1761515408040,0.557642,0.84474003,10.087343
1761515408043,0.6290985,0.8209292,10.073104
1761515408045,0.65291387,0.84473896,10.058865
1761515408047,0.65290856,0.8352144,10.0683565
1761515408050,0.6147903,0.8209277,10.115822
1761515408052,0.56714386,0.8494997,10.073102
1761515408054,0.581431,0.83521295,10.092089
1761515408057,0.58142567,0.84473664,10.011397
1761515408059,0.60047686,0.85426015,9.940199
1761515408062,0.6004716,0.84473556,9.982918
1761515408064,0.60999453,0.89711785,9.954437
1761515408067,0.5671122,0.8971174,9.916465
1761515408070,0.609984,0.9114032,9.911719
1761515408071,0.5623376,0.935213,9.845266
1761515408074,0.52898353,0.95426077,9.769321
1761515408077,0.56709117,0.935212,9.826279
1761515408079,0.57661414,0.90187705,9.807294
1761515408081,0.5384959,0.9590214,9.793054
1761515408085,0.54325473,0.94949675,9.740841
1761515408087,0.51466477,0.9637824,9.736094
1761515408089,0.5384801,0.9733061,9.702868
1761515408091,0.54800314,0.9828297,9.683882
1761515408094,0.54323375,0.9923535,9.63167
1761515408097,0.5194078,0.94949424,9.688628
1761515408099,0.47652546,0.9637799,9.7028675
1761515408102,0.5241614,0.9971138,9.660147
1761515408104,0.48604316,0.9875893,9.669641
1761515408107,0.4812738,1.0352095,9.626922
1761515408109,0.48603266,0.98282623,9.683879
1761515408111,0.43362206,0.9780639,9.707611
1761515408114,0.4526733,0.9828253,9.726597
1761515408117,0.46219626,1.001873,9.721849
1761515408119,0.42884216,0.9971104,9.769315
1761515408122,0.43836507,0.99710995,9.7883005
1761515408124,0.40977517,0.98282325,9.774061
1761515408127,0.4097699,0.9780609,9.802539
1761515408129,0.46693403,1.020919,9.835765
1761515408131,0.41452345,1.0352045,9.873736
1761515408133,0.42404643,0.96853507,9.897469
1761515408138,0.41927704,0.9542484,9.878483
1761515408139,0.42403588,0.9351997,9.859495
1761515408142,0.39068177,0.9637715,9.93544
1761515408145,0.42878947,0.954247,9.9734125
1761515408147,0.41925594,0.92091197,10.006637
1761515408150,0.41925067,0.90186316,10.011383
1761515408152,0.4240095,0.94472134,10.0161295
1761515408154,0.4621172,0.92091054,10.0161295
1761515408157,0.4716401,0.9351962,10.0161295
1761515408159,0.43352196,0.90186125,10.096818
1761515408162,0.46210143,0.8875744,10.096818
1761515408165,0.49544495,0.8875739,10.077832
1761515408168,0.48114732,0.8590011,10.087325
1761515408170,0.46684968,0.8685247,10.115804
1761515408172,0.50972146,0.8637622,10.044605
1761515408175,0.51924443,0.8399514,10.120549
1761515408177,0.5240033,0.8589991,10.1347885
1761515408179,0.5335263,0.8828089,10.144281
1761515408182,0.5192287,0.8637602,10.168015
1761515408185,0.5144593,0.8304252,10.125294
1761515408187,0.5049257,0.85423505,10.1775055
1761515408190,0.47633573,0.81137586,10.22497
1761515408192,0.50967926,0.85899615,10.182252
1761515408194,0.5525511,0.82566106,10.096814
1761515408197,0.56207407,0.7923261,10.10156
1761515408200,0.5477765,0.8780429,10.125292
1761515408202,0.5906483,0.85899425,10.101559
1761515408205,0.56205827,0.8399453,10.049346
1761515408207,0.58110946,0.854231,10.0446005
1761515408210,0.60492474,0.882803,9.987641
1761515408212,0.6287401,0.88756454,10.054092
1761515408214,0.6477914,0.8732779,9.992387
1761515408217,0.6144372,0.9208982,9.930681
1761515408220,0.6001396,0.93518376,9.930681
1761515408222,0.666832,0.9256592,9.887962
1761515408225,0.6715908,0.95899314,9.821511
1761515408231,0.5810673,0.9399444,9.769299
1761515408231,0.5477132,0.9113716,9.764552
1761515408232,0.5953491,0.97804016,9.683861
1761515408234,0.60010797,0.9685153,9.6696205
1761515408236,0.533405,0.9589907,9.702847
1761515408244,0.5619845,0.9685144,9.650633
1761515408244,0.5048098,0.9875622,9.622154
1761515408244,0.50956863,1.00661,9.617408
1761515408247,0.5143275,1.0542301,9.61266
1761515408250,0.54767114,1.0351813,9.593675
1761515408251,0.50955284,1.0256568,9.560448
1761515408254,0.4380858,0.9970837,9.579433
1761515408256,0.51907057,0.97327304,9.631645
1761515408258,0.52859354,1.0542277,9.631644
1761515408261,0.52382416,1.0256548,9.622151
1761515408264,0.52381885,1.0161301,9.645883
1761515408267,0.52381366,0.973271,9.717081
1761515408269,0.4952236,1.0447017,9.717081
1761515408271,0.5095107,1.0351769,9.721827
1761515408274,0.5047413,0.9923179,9.788278
1761515408276,0.44756663,0.9685069,9.835742
1761515408279,0.395156,0.9780307,9.845235
1761515408282,0.4761408,0.9732681,9.79777
1761515408284,0.43802255,0.9780297,9.854727
1761515408286,0.43801728,0.96374285,9.897447
1761515408289,0.4618326,0.9494562,9.883205
1761515408291,0.46182734,0.9256453,9.892698
1761515408294,0.4427656,0.935169,9.963896
1761515408296,0.43799618,0.9304064,9.940163
1761515408298,0.51421684,0.92564386,10.020853
1761515408302,0.48562688,0.8923089,10.039839
1761515408304,0.49038574,0.91135675,10.016107
1761515408307,0.51420105,0.87802154,10.035091
1761515408309,0.47608283,0.84944874,10.115782
1761515408312,0.495134,0.8637344,10.044584
1761515408313,0.504657,0.8446857,10.077809
1761515408316,0.54752874,0.8494473,10.1015415
1761515408318,0.57134414,0.8780191,10.134768
1761515408322,0.58563125,0.8542083,10.153752
1761515408324,0.5951541,0.88278025,10.177485
1761515408326,0.61896944,0.85896945,10.120526
1761515408329,0.67136943,0.8494448,10.158498
1761515408331,0.6475436,0.8494444,10.1774845
1761515408334,0.67135894,0.8875403,10.120525
1761515408336,0.6904102,0.87325364,10.120525
1761515408338,0.68564075,0.87801516,10.058819
1761515408341,0.63799435,0.8589665,10.082552
1761515408344,0.67133784,0.90182465,10.12527
1761515408346,0.65227616,0.8542034,10.087297
1761515408349,0.64274263,0.8875373,10.0161
1761515408351,0.6236809,0.892299,10.035084
1761515408353,0.64273214,0.9018226,10.011352
1761515408360,0.59984976,0.8780117,10.00186
1761515408360,0.61890095,0.8542009,10.035083
1761515408362,0.63318807,0.8542005,10.011351
1761515408363,0.59030575,0.90182066,10.001858
1761515408370,0.571244,0.8732477,9.940152
1761515408370,0.5902952,0.88753337,10.001858
1761515408372,0.5474128,0.9018192,9.911673
1761515408372,0.5426434,0.90658075,9.935405
1761515408376,0.55216646,0.9256285,9.902178
1761515408378,0.51404816,0.92086595,9.906925
1761515408381,0.51880705,0.8970551,9.982869
1761515408384,0.5045094,0.92562705,9.849966
1761515408386,0.4711553,0.90181625,9.892684
1761515408388,0.4997348,0.9256261,9.859458
1761515408391,0.46161658,0.9065772,9.89743
1761515408392,0.45208305,0.9589595,9.925909
1761515408395,0.46160603,0.9303866,9.86895
1761515408398,0.47589308,0.9541966,9.85471
1761515408401,0.44253898,0.93990976,9.916413
1761515408403,0.4377696,0.94467145,9.878442
1761515408405,0.46158493,0.97800547,9.892681
1761515408408,0.4568156,0.95419455,9.878441
1761515408411,0.46633855,0.9399078,9.878441
1761515408412,0.47109738,0.9922902,9.887933
1761515408415,0.44250733,0.9922897,9.859454
1761515408418,0.46155855,0.973241,9.892679
1761515408421,0.4520251,1.0018127,9.835721
1761515408423,0.46154806,1.0065744,9.8404665
1761515408425,0.4901275,0.949429,9.859452
1761515408429,0.45200926,0.96371466,9.816733
1761515408431,0.46153224,0.9827625,9.816733
1761515408433,0.49487576,0.9684758,9.840465
1761515408435,0.49963462,1.020858,9.769267
1761515408438,0.4615164,0.9875231,9.76452
1761515408441,0.4662753,1.0303813,9.76452
1761515408443,0.4853265,1.0065705,9.816731
1761515408446,0.49961358,1.0018078,9.797744
1761515408448,0.4996083,1.0065695,9.750278
1761515408451,0.4710183,0.99228275,9.764519
1761515408452,0.5329466,0.982758,9.81673
1761515408455,0.5329413,1.0018058,9.830969
1761515408458,0.54722834,0.9875192,9.821475
1761515408460,0.53293073,0.9875187,9.873687
1761515408463,0.5091049,0.9779941,9.8262205
1761515408466,0.5519767,0.9779936,9.873686
1761515408468,0.54720724,0.96846884,9.921151
1761515408470,0.5233814,0.96370625,9.849953
1761515408472,0.5329044,0.97323006,9.864192
1761515408475,0.528135,0.9732296,9.940136
1761515408478,0.53765804,0.9684668,9.902163
1761515408481,0.48524743,0.9398939,9.902163
1761515408483,0.50906277,0.96846586,9.940135
1761515408485,0.5281139,0.9303688,9.997092
1761515408488,0.5233446,0.9256063,9.992345
1761515408491,0.5090469,0.8684609,10.011332
1761515408491,0.49474928,0.8732225,9.987599
1761515408495,0.48521584,0.8970323,10.035063
1761515408498,0.50426704,0.8684594,10.092022
1761515408500,0.53284645,0.8541727,10.030315
1761515408502,0.5328412,0.87798256,10.049301
1761515408505,0.5423641,0.88274425,10.101513
1761515408508,0.58047175,0.906554,10.115752
1761515408510,0.58046657,0.8875052,10.087273
1761515408512,0.5614048,0.8684564,10.096765
1761515408515,0.56616366,0.8541698,10.101511
1761515408517,0.5709225,0.8589314,10.068286
1761515408520,0.61379427,0.8636929,10.096764
1761515408523,0.6042608,0.8684544,10.054045
1761515408523,0.63760436,0.8589299,10.077777
1761515408528,0.64236325,0.9160742,10.039804
1761515408530,0.6090091,0.91607374,10.054044
1761515408532,0.656645,0.9303594,10.001832
1761515408535,0.60423446,0.9017865,9.978099
1761515408537,0.60422915,0.9398825,9.930633
1761515408539,0.58993155,0.9255959,9.940126
1761515408541,0.580398,0.9589299,9.92114
1761515408548,0.5661004,0.90654665,9.925885
1761515408548,0.53751045,0.92559445,9.935378
1761515408551,0.56608987,0.92559385,9.930631
1761515408552,0.5708487,0.89225894,9.925884
1761515408554,0.4850893,0.93035495,9.902151
1761515408557,0.48984817,0.93987864,9.892658
1761515408559,0.48507875,0.9113058,9.854685
1761515408561,0.5565353,0.9255915,9.826205
1761515408563,0.49459648,0.9827357,9.864178
1761515408566,0.50411946,0.9541629,9.826205
1761515408569,0.54444534,0.93532217,9.835856
1761515408571,0.5253891,0.91151196,9.892815
1761515408573,0.5253893,0.94008434,9.911802
1761515408575,0.54444593,0.94008434,9.902308
1761515408578,0.58732337,0.96389467,9.9355345
1761515408581,0.5396824,0.96389467,9.930787
1761515408584,0.5730314,0.9638948,9.911802
1761515408586,0.52062637,0.9686569,9.983
1761515408588,0.5253907,0.973419,9.9355345
1761515408590,0.5253909,0.9448466,9.854843
1761515408593,0.5730323,0.95437074,9.878576
1761515408595,0.55874014,0.973419,9.911802
1761515408599,0.56826866,0.9496087,9.916548
1761515408601,0.5682689,0.9400846,9.888069
1761515408603,0.5730332,0.9638949,9.949774
1761515408606,0.59208995,0.9115122,9.997239
1761515408608,0.5968543,0.9019881,9.987746
1761515408610,0.5396851,0.954371,9.992493
1761515408613,0.5492136,0.9448468,10.044704
1761515408615,0.5444496,0.9115123,9.964013
1761515408618,0.5682705,0.90198815,10.011478
1761515408621,0.5635066,0.9210365,10.016226
1761515408623,0.54445034,0.8829399,10.011478
1761515408626,0.6016201,0.89246416,10.025718
1761515408628,0.55397904,0.89722615,9.992493
1761515408630,0.53968686,0.89246416,9.992493
1761515408633,0.5301589,0.8781779,10.030465
1761515408635,0.5015744,0.9067503,10.044704
1761515408638,0.4777541,0.91151243,10.07793
1761515408641,0.48728257,0.9257987,10.04945
1761515408643,0.534924,0.93056077,10.030465
1761515408648,0.52063185,0.9686574,10.101663
1761515408649,0.520632,0.9543712,10.030465
1761515408651,0.52063227,0.9591332,10.035211
1761515408654,0.5444531,0.9638954,9.973507
1761515408656,0.5444533,0.94960916,9.883323
1761515408658,0.5253971,0.92579883,9.9355345
1761515408662,0.52063316,0.95437133,9.916548
1761515408665,0.4968128,0.9972298,9.864337
1761515408666,0.5015772,0.9972298,9.869083
1761515408669,0.53969043,0.95913345,9.812124
1761515408671,0.48252118,0.95913345,9.831111
1761515408672,0.47299317,1.0210404,9.807379
1761515408677,0.4729934,1.0258025,9.826364
1761515408678,0.43488067,0.9781819,9.816872
1761515408681,0.4253527,0.9924682,9.774153
1761515408684,0.44917345,1.0305648,9.759913
1761515408687,0.44440958,1.0162784,9.759913
1761515408689,0.49681512,1.0067544,9.717195
1761515408691,0.44441006,1.044851,9.75042
1761515408693,0.392005,1.0115165,9.76466
1761515408696,0.43488228,1.0305649,9.759913
1761515408699,0.43964663,1.0781856,9.688716
1761515408701,0.46346748,1.0115166,9.731434
1761515408704,0.46823183,1.0258027,9.778899
1761515408706,0.4587038,1.0400889,9.717195
1761515408709,0.46346813,1.0258029,9.745674
1761515408725,0.45870426,1.0067546,9.740927
1761515408726,0.4634686,1.0019925,9.740927
1761515408726,0.45870474,1.0115167,9.76466
1761515408726,0.4682331,1.0162786,9.693461
1761515408726,0.49681807,1.0258029,9.774154
1761515408726,0.48729014,0.9877064,9.774154
1761515408727,0.49205443,0.9877064,9.759914
1761515408728,0.4777623,0.9305615,9.80738
1761515408731,0.47299844,0.94484776,9.850098
1761515408732,0.4777628,0.94960976,9.840605
1761515408735,0.47776303,0.9638961,9.897563
1761515408738,0.5015838,0.95913404,9.949775
1761515408740,0.4729993,0.91627544,10.011479
1761515408743,0.47776368,0.95913404,9.987747
1761515408746,0.4491792,0.95437205,10.020972
1761515408748,0.50634885,0.9115134,10.020972
1761515408751,0.49682078,0.90198934,10.035212
1761515408752,0.45394406,0.8972272,10.049451
1761515408755,0.5015854,0.91627556,10.101664
1761515408757,0.5254063,0.88770306,10.182355
1761515408760,0.50635,0.85436857,10.1871
1761515408763,0.5730479,0.8829412,10.149129
1761515408765,0.5396993,0.8877032,10.139635
1761515408768,0.47300187,0.82579625,10.177608
1761515408770,0.56828445,0.86389285,10.158622
1761515408772,0.6016334,0.8829412,10.196594
1761515408775,0.5635208,0.873417,10.158622
1761515408777,0.59210575,0.863893,10.177608
1761515408781,0.60639834,0.8305585,10.239313
1761515408783,0.6063986,0.8448447,10.196594
1761515408785,0.6302194,0.859131,10.158622
1761515408787,0.58734256,0.8543688,10.196594
1761515408791,0.61592746,0.8543689,10.130142
1761515408792,0.6159277,0.87341726,10.044705
1761515408795,0.6349844,0.8543689,10.082677
1761515408797,0.63974875,0.8638931,10.068438
1761515408800,0.6206925,0.84008276,9.978253
1761515408803,0.62069273,0.9019897,9.964014
1761515408805,0.6683341,0.88770354,9.940282
1761515408808,0.66357017,0.9067519,9.926043
1761515408810,0.6921552,0.92103815,9.88807
1761515408812,0.65404254,0.9400863,9.87383
1761515408815,0.6349862,0.9400863,9.878577
1761515408818,0.63498646,0.96389675,9.869084
1761515408820,0.58734554,0.9877072,9.750421
1761515408823,0.5730534,0.9496106,9.764661
1761515408825,0.5825819,0.9305623,9.7789
1761515408827,0.60163856,0.93532443,9.764661
1761515408830,0.530177,0.97342104,9.759914
1761515408832,0.5349413,1.0067556,9.783647
1761515408834,0.5301775,1.0115178,9.740928
1761515408837,0.4491877,1.0067556,9.750421
1761515408840,0.4301314,0.9829452,9.769407
1761515408842,0.43965992,0.9496107,9.797886
1761515408845,0.44918838,0.963897,9.774154
1761515408848,0.48253745,0.98770744,9.812125
1761515408850,0.41583997,0.9972315,9.835858
1761515408852,0.4301326,0.9496108,9.79314
1761515408854,0.46824574,0.9258005,9.8263645
1761515408857,0.4491895,0.93056256,9.88807
1761515408859,0.46824622,0.9686593,9.935536
1761515408863,0.42536935,0.98294544,9.864338
1761515408865,0.4777749,1.0067558,9.921296
1761515408867,0.4491904,0.9734214,9.930789
1761515408870,0.4444266,0.98770756,9.945029
1761515408872,0.53970915,0.9353249,9.945029
1761515408875,0.5349452,0.9305628,10.0352125
1761515408877,0.5540019,0.95913523,10.044706
1761515408880,0.5587663,0.9353249,10.01148
1761515408882,0.5540024,0.9686594,10.001987
1761515408885,0.5921156,0.9115146,10.001987
1761515408887,0.601644,0.8972284,10.030467
1761515408890,0.5968802,0.935325,10.01148
1761515408892,0.62070096,0.940087,9.992495
1761515408894,0.63499355,0.9305629,10.020973
1761515408897,0.6492861,0.95913535,9.983002
1761515408899,0.6254658,0.9543735,9.945029
1761515408902,0.6397584,0.9591355,9.954522
1761515408905,0.60164565,0.9591355,9.968762
1761515408907,0.6159382,0.925801,9.949776
1761515408910,0.6064102,0.9448493,9.90231
1761515408911,0.59688216,0.9162768,9.91655
1761515408914,0.5635336,0.94484943,9.935536
1761515408916,0.5682979,0.94484943,9.8928175
1761515408919,0.54924166,0.9258011,9.869085
1761515408922,0.5158931,0.91151494,9.907057
1761515408924,0.44919568,0.94484943,9.888071
1761515408927,0.47778064,0.96865976,9.82162
1761515408930,0.4587244,0.9972322,9.793141
1761515408931,0.4444323,0.94961154,9.854845
1761515408934,0.47301722,0.98294604,9.878578
1761515408936,0.5111304,0.97818416,9.869085
1761515408939,0.45396116,0.9686599,9.845352
1761515408941,0.43014082,0.95913583,9.864339
1761515408944,0.39202812,1.030567,9.850099
1761515408948,0.43966952,1.0210428,9.831113
1761515408948,0.41108504,0.9781843,9.8595915
1761515408951,0.38726464,0.95437384,9.840606
1761515408954,0.4206137,0.96866,9.854845
1761515408956,0.39202923,1.0400912,9.802633
1761515408959,0.40155777,0.9781844,9.850099
1761515408962,0.4396709,0.95437396,9.897564
1761515408965,0.46825582,0.95913595,9.907057
1761515408967,0.43490723,1.0019946,9.945029
1761515408969,0.39203042,0.9496119,9.973509
1761515408971,0.4825489,0.93532574,9.945029
1761515408973,0.45396438,0.9496119,9.911804
1761515408976,0.44920048,0.9448499,9.835859
1761515408979,0.47778544,0.9067533,9.935536
1761515408981,0.47302154,0.9210396,10.001987
1761515408984,0.47302178,0.9638982,9.9260435
1761515408987,0.48731434,0.93056375,9.945029
1761515408990,0.50160694,0.9543742,9.940283
1761515408991,0.5016072,0.9258017,9.968762
1761515408994,0.51113564,0.90199137,9.954522
1761515408996,0.53972054,0.9638983,10.001987
1761515409000,0.5349567,0.940088,9.968762
1761515409002,0.56354165,0.94485015,9.91655
1761515409004,0.54448545,0.935326,9.892818
1761515409006,0.5825985,0.94485015,9.926044
1761515409009,0.5968911,0.9686605,9.978255
1761515409011,0.5254296,0.9543744,9.907058
1761515409013,0.57783514,0.9543744,9.897565
1761515409016,0.56354296,0.9686606,9.935537
1761515409018,0.56830734,0.9638984,9.940284
1761515409021,0.5540152,0.9734227,9.873832
1761515409024,0.53972316,0.9448504,9.883326
1761515409026,0.52543104,0.9353262,9.883326
1761515409029,0.5206671,0.8734193,9.9592705
1761515409031,0.5349597,0.9162779,9.949777
1761515409033,0.50161105,0.9496124,9.9592705
1761515409035,0.52543193,0.9400882,9.926044
1761515409039,0.4873192,0.93532634,9.902311
1761515409041,0.48255524,0.90199184,9.949777
1761515409044,0.48255548,0.94008833,9.940284
1761515409046,0.48255578,0.911516,9.997242
1761515409049,0.49684834,0.94008833,9.987749
1761515409051,0.46349972,0.9448506,9.94503
1761515409052,0.4777923,0.93532646,9.97351
1761515409055,0.4635002,0.9496126,9.978255
1761515409057,0.46826455,0.9258023,9.992496
1761515409060,0.5063777,0.906754,9.987749
1761515409063,0.48255733,0.9258023,10.001988
1761515409065,0.46826518,0.8829438,9.987749
1761515409068,0.4349166,0.9210404,9.883326
1761515409070,0.43015274,0.9067541,9.992496
1761515409072,0.50161475,0.91627824,9.9592705
1761515409075,0.51590735,0.94485074,9.83586
1761515409077,0.4968511,0.9400887,9.911805
1761515409080,0.47779486,0.9734233,9.869086
1761515409082,0.4635027,0.9781854,9.821621
1761515409085,0.41109762,0.94485086,9.873832
1761515409088,0.46826726,0.98770946,9.845353
1761515409090,0.47779575,0.98294735,9.869086
1761515409092,0.43968302,0.92580265,9.831114
1761515409094,0.4539756,0.9543751,9.812127
1761515409100,0.4492117,0.97818553,9.821621
1761515409100,0.4206272,0.9877096,9.797888
1761515409102,0.39204276,0.9686613,9.821621
1761515409105,0.41109943,1.006758,9.764663
1761515409107,0.43492028,1.0115201,9.759916
1761515409109,0.453977,0.9877097,9.7836485
1761515409114,0.4158643,0.9924719,9.7504225
1761515409114,0.4301569,0.9924719,9.778902
1761515409117,0.4730341,1.0210441,9.755169
1761515409119,0.46350613,0.99723387,9.802634
1761515409122,0.449214,1.0400926,9.778902
1761515409124,0.5159119,1.0258064,9.745676
1761515409127,0.49685565,0.97342366,9.797888
1761515409129,0.5063841,0.9829477,9.793142
1761515409132,0.5206767,1.0258065,9.759916
1761515409134,0.46350756,1.0162823,9.769409
1761515409137,0.46827188,0.9781859,9.812127
1761515409140,0.5111491,1.0019962,9.812127
1761515409142,0.50638527,0.997234,9.793142
1761515409145,0.4778008,0.997234,9.821622
1761515409147,0.5016216,0.9972341,9.8501005
1761515409151,0.48256537,1.0115205,9.869087
1761515409152,0.4444526,0.978186,9.8501005
1761515409154,0.46827343,1.0067583,9.859593
1761515409158,0.49209428,0.9734239,9.94503
1761515409161,0.51115096,0.9543757,9.921298
1761515409164,0.46827415,0.973424,9.9924965
1761515409165,0.51115143,0.9496136,10.001989
1761515409167,0.5159158,0.93056524,9.959271
1761515409170,0.5016237,0.9400894,10.054201
1761515409172,0.4873315,0.9353274,9.98775
1761515409175,0.5063882,0.96389985,10.011482
1761515409177,0.47780374,0.8972309,10.054201
1761515409180,0.54926574,0.92580336,9.997243
1761515409183,0.5159172,0.92580336,10.054201
1761515409185,0.5111532,0.90675503,10.08268
1761515409187,0.5397382,0.8734207,10.044708
1761515409190,0.5349743,0.8829448,10.006736
1761515409192,0.5016258,0.93532765,9.959271
1761515409195,0.46351302,0.86389655,10.011482
1761515409197,0.5111544,0.93532765,10.020975
1761515409200,0.54450345,0.9115173,9.997243
1761515409203,0.53497547,0.90675527,10.001989
1761515409205,0.53973985,0.88294494,10.030469
1761515409208,0.54450417,0.8781828,9.978256
1761515409210,0.5587967,0.887707,9.959271
1761515409212,0.54450464,0.90675527,9.949778
1761515409215,0.57308954,0.9067554,10.035214
1761515409217,0.5730898,0.91627955,9.968764
1761515409219,0.57308996,0.9400899,9.9924965
1761515409223,0.5445056,0.91627955,10.039962
1761515409225,0.592147,0.91151756,9.997243
1761515409227,0.5445061,0.8924692,9.949778
1761515409230,0.5635627,0.9019935,9.935538
1761515409232,0.60167587,0.9067555,9.983004
1761515409234,0.6254967,0.92580384,9.964017
1761515409237,0.5921481,0.9115177,9.907059
1761515409240,0.6159689,0.87818307,9.930791
1761515409242,0.5778562,0.85437286,9.930791
1761515409245,0.5730923,0.85437286,9.916552
1761515409248,0.61596954,0.8972315,9.897566
1761515409249,0.62549806,0.8829453,9.907059
1761515409252,0.61597,0.8972315,9.926045
1761515409254,0.56356496,0.9115178,9.907059
1761515409258,0.5730935,0.8734213,9.949778
1761515409259,0.61120665,0.90675575,9.916552
1761515409262,0.56832975,0.9210421,9.921298
1761515409265,0.5588018,0.9305661,9.87858
1761515409267,0.57309437,0.9210421,9.831115
1761515409270,0.5635663,0.91628003,9.87858
1761515409272,0.5873872,0.9305662,9.816875
1761515409274,0.5683309,0.9019939,9.826367
1761515409277,0.57785934,0.94009036,9.807383
1761515409279,0.5302185,0.91628003,9.802635
1761515409282,0.50639814,0.9448525,9.831115
1761515409284,0.5111624,0.9448526,9.764664
1761515409287,0.50639856,0.9400905,9.802635
1761515409290,0.50163466,0.9400905,9.79789
1761515409292,0.5016349,0.9639008,9.793143
1761515409294,0.47781453,0.9448526,9.840609
1761515409296,0.46828645,0.9115183,9.807384
1761515409299,0.47305083,0.9115183,9.816876
1761515409301,0.42064577,0.95913893,9.807384
1761515409304,0.49210778,0.93056643,9.869088
1761515409307,0.47305155,0.93056643,9.911807
1761515409310,0.45399532,0.95913893,9.926046
1761515409311,0.48734438,0.9162804,9.90706
1761515409314,0.46352404,0.9210425,9.940286
1761515409316,0.47305247,0.9019942,9.945031
1761515409319,0.44923207,0.9019942,9.930792
1761515409322,0.4730529,0.89247006,9.992497
1761515409324,0.4539967,0.9162805,10.00199
1761515409327,0.48258162,0.8496116,10.03047
1761515409329,0.5111666,0.8781839,10.087428
1761515409331,0.54927975,0.90675634,10.049455
1761515409334,0.554044,0.9258047,10.082681
1761515409336,0.53498775,0.86389774,10.073188
1761515409339,0.6016857,0.88294613,10.106414
1761515409341,0.6397989,0.90199447,10.068441
1761515409344,0.6112144,0.8877082,10.077935
1761515409347,0.61121464,0.9162806,10.120653
1761515409349,0.62550724,0.8877082,10.087428
1761515409351,0.644564,0.9353291,10.0257225
1761515409354,0.62550765,0.91628075,10.049455
1761515409356,0.6540926,0.9019946,10.0257225
1761515409359,0.63503635,0.91628075,9.987751
1761515409362,0.6159801,0.9305669,9.930792
1761515409364,0.59215975,0.9639014,9.959272
1761515409367,0.64932936,0.9400912,9.940286
1761515409369,0.5921603,0.9448533,9.90706
1761515409371,0.5683399,0.98294985,9.835862
1761515409373,0.606453,1.0067602,9.826368
1761515409376,0.6207456,0.997236,9.774158
1761515409379,0.6159817,0.98295,9.778904
1761515409382,0.59692544,0.99723613,9.7409315
1761515409384,0.6969722,0.9924742,9.759918
1761515409387,0.74937767,1.0067604,9.764665
1761515409389,0.7589062,0.99723613,9.693466
1761515409391,0.72555757,1.0258087,9.612776
1761515409393,0.7493784,1.0115227,9.655495
1761515409395,0.7493786,1.0115227,9.664988
1761515409401,0.7112659,0.95913976,9.736185
1761515409402,0.66362494,0.9829501,9.717199
1761515409405,0.58739936,0.95913976,9.688721
1761515409407,0.5683431,0.9639019,9.736185
1761515409409,0.49688148,0.968664,9.745678
1761515409411,0.43494818,0.97342616,9.845355
1761515409413,0.3968355,0.9639019,9.897567
1761515409415,0.35872278,0.9639019,9.8833275
1761515409419,0.358723,0.9496157,9.978257
1761515409422,0.33966672,0.95437795,10.020976
1761515409424,0.3063181,0.9258055,10.03047
1761515409426,0.2920261,0.892471,10.049455
1761515409429,0.3158469,0.9448538,10.077935
1761515409431,0.33490357,0.9353297,10.049456
1761515409433,0.3349038,0.92104346,10.077935
1761515409436,0.36825287,0.9448539,10.063697
1761515409439,0.3444325,0.94961596,10.106415
1761515409441,0.34443274,0.9591401,10.0921755
1761515409444,0.34443292,0.9353298,10.054203
1761515409446,0.42542318,0.9400918,10.049456
1761515409449,0.43018752,0.9496161,10.039964
1761515409452,0.43018776,0.88770914,10.016232
1761515409453,0.40636733,0.92580575,10.039964
1761515409456,0.42066,0.9067574,10.082682
1761515409459,0.4397167,0.944854,10.096921
1761515409461,0.46353754,0.9210437,10.068442
1761515409464,0.4301889,0.89723337,10.082682
1761515409467,0.48735854,0.8924714,10.073189
1761515409469,0.49212292,0.8591369,10.111161
1761515409471,0.5111796,0.92580587,10.111161
1761515409473,0.49688748,0.8829472,10.077936
1761515409476,0.5302365,0.8781852,10.096921
1761515409478,0.5302367,0.86389905,10.077936
1761515409481,0.54929346,0.87342316,10.096921
1761515409484,0.5397655,0.8877094,10.087429
1761515409486,0.6064633,0.90675765,10.058949
1761515409489,0.6207559,0.92104393,10.058949
1761515409492,0.615992,0.8972336,10.087429
1761515409492,0.63504875,0.9353302,10.025723
1761515409496,0.6017002,0.9448544,10.068442
1761515409498,0.668398,0.9639026,10.011484
1761515409501,0.6255212,0.91628194,9.978258
1761515409504,0.6302855,0.9448545,9.968765
1761515409506,0.6350499,0.94961655,9.9497795
1761515409508,0.630286,0.9448545,9.973513
1761515409511,0.6017015,0.9639027,9.926047
1761515409513,0.61599404,0.9639027,9.869089
1761515409515,0.601702,0.973427,9.878582
1761515409518,0.57788163,0.9924754,9.878582
1761515409521,0.48736358,0.9829511,9.8073845
1761515409523,0.5445332,0.9591408,9.845356
1761515409526,0.54453343,0.9972373,9.84061
1761515409528,0.50642073,1.0067616,9.783651
1761515409531,0.50642097,0.9877134,9.788398
1761515409533,0.5492982,0.97342724,9.759919
1761515409535,0.5111855,0.9877134,9.750425
1761515409538,0.47783694,1.0162858,9.73144
1761515409541,0.48736542,0.9924755,9.707706
1761515409544,0.46830916,1.0067617,9.740932
1761515409546,0.4873659,0.9877135,9.688722
1761515409548,0.482602,0.99723756,9.627016
1761515409550,0.4492534,0.9496169,9.669735
1761515409552,0.44448948,0.954379,9.707706
1761515409554,0.45401797,0.99723756,9.698214
1761515409557,0.4301976,0.9686653,9.707706
1761515409559,0.42543373,0.9781896,9.62227
1761515409562,0.45401865,1.0019997,9.736186
1761515409564,0.43972647,0.9734275,9.7741585
1761515409567,0.48644608,0.982865,9.854783
1761515409569,0.5102646,0.987627,9.835797
1761515409572,0.4769137,0.96857846,9.864276
1761515409574,0.48167577,0.95429206,9.864276
1761515409577,0.5293149,0.9685781,9.883263
1761515409579,0.5054922,0.982864,9.916488
1761515409581,0.48166957,0.916195,9.973447
1761515409585,0.5150163,0.9638154,9.925981
1761515409587,0.5150143,0.949529,10.00667
1761515409590,0.505484,0.86381155,10.016164
1761515409591,0.50071776,0.8923838,10.011417
1761515409594,0.5150081,0.90190774,10.049389
1761515409597,0.48165724,0.9161938,10.00667
1761515409600,0.52453226,0.9066694,9.949712
1761515409603,0.5388225,0.8447622,9.8975
1761515409605,0.5674051,0.8733345,9.92598
1761515409607,0.6531573,0.8923826,9.954458
1761515409609,0.6436269,0.86381006,9.997177
1761515409611,0.6150401,0.8828581,10.025656
1761515409614,0.61027396,0.8876199,10.044642
1761515409617,0.62932837,0.8733336,10.058881
1761515409619,0.58644927,0.8590472,10.030401
1761515409622,0.59597546,0.868571,10.049387
1761515409624,0.58644515,0.83999854,10.049387
1761515409627,0.624556,0.85428447,10.039894
1761515409629,0.6626669,0.8638085,10.120585
1761515409631,0.5912031,0.8923807,10.13957
1761515409634,0.6340781,0.86380804,10.163303
1761515409637,0.61978364,0.8447596,10.182289
1761515409641,0.6007252,0.9019043,10.130077
1761515409643,0.6054872,0.9161902,10.106345
1761515409645,0.61977744,0.9066659,10.044641
1761515409647,0.5673701,0.9066657,10.001922
1761515409650,0.5483116,0.8923793,10.035146
1761515409652,0.53401715,0.9161895,9.968695
1761515409655,0.529251,0.8876168,9.921229
1761515409657,0.5530695,0.901903,9.916483
1761515409659,0.534011,0.90190274,9.888003
1761515409663,0.5483013,0.8876162,9.845285
1761515409665,0.5578275,0.9019024,9.793073
1761515409668,0.5244766,0.95904696,9.740861
1761515409670,0.5673515,0.9780952,9.759847
1761515409672,0.5482931,0.94952244,9.679155
1761515409674,0.5197063,0.9495222,9.664916
1761515409677,0.5197042,0.9828566,9.63169
1761515409680,0.50064564,1.0257151,9.664915
1761515409682,0.53399235,1.0352389,9.61745
1761515409685,0.5292263,0.9495215,9.622197
1761515409687,0.5578089,0.9542834,9.679154
1761515409690,0.52445805,1.006666,9.641183
1761515409692,0.5196918,0.98761755,9.660169
1761515409694,0.529218,1.0066656,9.626944
1761515409696,0.5339801,1.0257137,9.6696615
1761515409700,0.5196857,1.0257136,9.740859
1761515409701,0.5006271,0.9971407,9.740859
1761515409704,0.49586096,1.0352372,9.736112
1761515409707,0.4672742,1.0114268,9.72662
1761515409710,0.49585682,1.0352367,9.802564
1761515409711,0.47203416,0.98285383,9.831041
1761515409714,0.48156032,1.0114262,9.783576
1761515409717,0.51967126,1.0019016,9.826295
1761515409719,0.5434898,1.0066637,9.816802
1761515409722,0.52919537,1.0161875,9.835789
1761515409725,0.4815521,0.9638046,9.864267
1761515409727,0.45296538,0.9876148,9.854774
1761515409729,0.50060445,0.9828524,9.902239
1761515409732,0.46725357,0.9257075,9.959197
1761515409734,0.4434309,0.93523145,10.011409
1761515409736,0.45295712,0.96856564,10.035141
1761515409739,0.4958321,0.9447552,10.068367
1761515409742,0.50059414,0.9304687,10.044635
1761515409744,0.48629972,0.9352306,10.149057
1761515409747,0.48153353,0.9209443,10.111084
1761515409749,0.46723914,0.9257061,10.068366
1761515409752,0.53869885,0.8828473,10.096845
1761515409753,0.5148762,0.91618156,10.120578
1761515409756,0.5053459,0.8780847,10.1063385
1761515409760,0.49581563,0.9209434,10.101591
1761515409760,0.50534177,0.9018948,10.092098
1761515409764,0.5005756,0.8923704,10.139563
1761515409767,0.54821473,0.86379784,10.111083
1761515409769,0.5339203,0.88760793,10.092098
1761515409772,0.55773884,0.87808365,10.120577
1761515409773,0.5529727,0.8876076,10.077859
1761515409776,0.54820645,0.87808317,10.134815
1761515409779,0.572025,0.8590349,10.063618
1761515409782,0.5815512,0.9209416,10.049377
1761515409784,0.60536975,0.9495137,10.049377
1761515409787,0.5291418,0.8971308,10.058871
1761515409790,0.53390384,0.9495133,10.020899
1761515409791,0.5767788,0.9495132,10.035137
1761515409794,0.5815409,0.92570263,10.011405
1761515409796,0.6244159,0.9257024,9.9734335
1761515409799,0.59582907,0.95903677,9.930714
1761515409802,0.5577141,0.9637985,9.954447
1761515409804,0.56247616,1.0066571,9.987673
1761515409806,0.5862947,0.97332245,9.954446
1761515409809,0.62440556,0.91617733,9.978178
1761515409811,0.57199824,0.9876082,9.973433
1761515409813,0.54341143,0.9209391,9.944952
1761515409816,0.6005788,0.95903534,9.911727
1761515409819,0.62439734,0.9685594,9.963939
1761515409821,0.5529335,0.97332126,9.916473
1761515409824,0.61010087,0.9495106,9.935458
1761515409827,0.5815141,0.98284495,9.89274
1761515409829,0.56245553,0.96379644,9.831036
1761515409832,0.56245345,0.9733204,9.873754
1761515409833,0.56721556,0.9495099,9.850021
1761515409836,0.5910341,0.9923684,9.883247
1761515409839,0.5624473,1.0352267,9.873753
1761515409842,0.5433888,1.0352266,9.86426
1761515409844,0.55291504,0.96855736,9.873753
1761515409847,0.6148464,0.9637951,9.873753
1761515409849,0.54338264,0.9447467,9.906979
1761515409851,0.52432406,0.9923672,9.840527
1761515409853,0.5290862,1.0352256,9.831035
1761515409856,0.5576688,0.98760474,9.864259
1761515409859,0.51478964,0.93522173,9.869006
1761515409861,0.4623823,0.9209354,9.911724
1761515409864,0.4719085,0.91141105,9.925964
1761515409866,0.4671423,0.92093503,9.887991
1761515409869,0.4814326,0.9161727,9.925964
1761515409872,0.5052511,0.9399828,9.987668
1761515409872,0.51477736,0.897124,9.978174
1761515409876,0.49571878,0.9161721,9.973429
1761515409879,0.4957167,0.91140985,10.039879
1761515409881,0.49571463,0.9256959,10.0114
1761515409884,0.50524086,0.92093366,9.9924135
1761515409886,0.5528799,0.91140926,10.063611
1761515409889,0.56717026,0.91140914,10.1015835
1761515409891,0.52905524,0.89236057,10.039878
1761515409893,0.56716615,0.8399777,10.058865
1761515409895,0.54334354,0.8304533,10.077851
1761515409898,0.5338131,0.8780737,10.001906
1761515409901,0.52904695,0.88283575,10.020892
1761515409904,0.5099885,0.854263,10.016145
1761515409906,0.48616585,0.8923594,10.006652
1761515409908,0.5004561,0.89235926,9.992412
1761515409911,0.5528593,0.892359,9.9591875
1761515409913,0.5195085,0.86854845,9.963933
1761515409916,0.52427053,0.88283455,9.949694
1761515409918,0.5242685,0.8923584,9.944945
1761515409921,0.55285114,0.9066445,9.949693
1761515409924,0.61478263,0.8780718,9.902227
1761515409926,0.55284697,0.91140616,9.887987
1761515409928,0.5719014,0.9066439,9.883242
1761515409931,0.5671352,0.88759536,9.887987
1761515409933,0.59571785,0.8923573,9.902227
1761515409935,0.5433106,0.89711916,9.845268
1761515409938,0.58142143,0.89235693,9.878494
1761515409940,0.6004758,0.85426015,9.864254
1761515409943,0.5957097,0.8923566,9.911719
1761515409946,0.58141524,0.91616666,9.906973
1761515409948,0.5861773,0.8637837,9.802549
1761515409950,0.5623546,0.9018801,9.859507
1761515409952,0.5480603,0.9304522,9.916465
1761515409955,0.5766429,0.9114039,9.85476
1761515409958,0.6433385,0.8780691,9.88324
1761515409961,0.60998756,0.9399759,9.911719
1761515409963,0.59092903,0.92092746,9.835774
1761515409966,0.5956911,0.8971168,9.845266
1761515409968,0.5813967,0.9209271,9.883239
1761515409971,0.5718664,0.935213,9.883239
1761515409973,0.58615667,0.91140246,9.864252
1761515409975,0.5432776,0.94473684,9.821534
1761515409978,0.49563432,0.9447366,9.850013
1761515409980,0.51468873,0.97330886,9.816787
1761515409987,0.5099225,0.96854657,9.778814
1761515409987,0.5146846,0.9733085,9.783561
1761515409989,0.5242108,0.9399738,9.783561
1761515409991,0.5527934,0.968546,9.788307
1761515409992,0.5099143,0.9637836,9.778814
1761515409995,0.48609164,0.9447353,9.71711
1761515409998,0.53373075,0.9494971,9.76932
1761515410001,0.48608753,0.9352107,9.78356
1761515410002,0.46702898,0.9352106,9.75508
1761515410005,0.47655514,0.9209242,9.698122
1761515410008,0.45273256,0.9494964,9.679136
1761515410011,0.4860793,0.94473416,9.721854
1761515410012,0.51942605,0.9494959,9.755079
1761515410015,0.50989574,0.95901996,9.721853
1761515410018,0.53847843,0.9352094,9.802545
1761515410020,0.5908817,0.89711255,9.812037
1761515410023,0.5384743,0.9161607,9.925955
1761515410025,0.5861134,0.92092264,9.97342
1761515410028,0.5622907,0.9161602,9.968673
1761515410030,0.614694,0.89711183,10.020884
1761515410031,0.6146919,0.8971116,10.044617
1761515410035,0.6051616,0.9018736,10.106321
1761515410037,0.6003954,0.8780629,10.092082
1761515410040,0.6003934,0.8733007,10.172772
1761515410042,0.6003914,0.8209178,10.201251
1761515410045,0.5718046,0.82567954,10.224983
1761515410047,0.6051513,0.78282064,10.262956
1761515410051,0.60514927,0.7875827,10.248715
1761515410051,0.61467546,0.7828203,10.315167
1761515410055,0.62896574,0.7542477,10.334153
1761515410057,0.6575484,0.7542475,10.334153
1761515410060,0.5956127,0.7780577,10.310421
1761515410062,0.6099031,0.7637713,10.334152
1761515410064,0.6384857,0.79710567,10.319912
1761515410066,0.59560657,0.82091576,10.28194
1761515410069,0.6194251,0.8352018,10.262955
1761515410071,0.6575361,0.7875809,10.229729
1761515410073,0.619421,0.8018668,10.215489
1761515410076,0.6908807,0.82567704,10.234474
1761515410078,0.71946335,0.8637734,10.234474
1761515410081,0.7289895,0.8971078,10.153783
1761515410084,0.75757223,0.9018697,10.101572
1761515410086,0.752806,0.8590108,10.03512
1761515410089,0.7718604,0.8590107,9.992401
1761515410091,0.757566,0.9113932,9.982908
1761515410093,0.77662045,0.9352033,9.911711
1761515410095,0.7527978,0.90663075,9.850005
1761515410098,0.7956728,0.939965,9.816779
1761515410101,0.7623219,0.92567873,9.816779
1761515410104,0.74326336,0.93996465,9.745582
1761515410106,0.7194407,0.973299,9.740835
1761515410109,0.69085395,0.978061,9.736088
1761515410111,0.69085187,0.9685365,9.77406
1761515410113,0.62891626,0.99710864,9.759821
1761515410115,0.59556544,0.9923466,9.712356
1761515410118,0.624148,1.0113946,9.707608
1761515410121,0.6432024,1.0399668,9.674383
1761515410124,0.6336721,0.96853554,9.736087
1761515410126,0.69560367,1.0304424,9.736087
1761515410128,0.6670169,1.0733008,9.740833
1761515410130,0.6622507,1.0637765,9.755073
1761515410133,0.68130505,1.0352037,9.721847
1761515410135,0.7098878,1.0542519,9.736087
1761515410138,0.70035744,1.0209172,9.793045
1761515410141,0.6765348,1.0352031,9.736086
1761515410143,0.61459917,1.0494891,9.774058
1761515410146,0.6574742,1.0637753,9.774058
1761515410149,0.67652863,1.0018681,9.788298
1761515410151,0.64317775,1.0256784,9.750325
1761515410154,0.619355,1.0304402,9.745579
1761515410156,0.619353,1.0304401,9.745578
1761515410159,0.6336433,1.0256778,9.7645645
1761515410162,0.5907642,1.0256776,9.755071
1761515410164,0.6479315,1.0209153,9.788297
1761515410167,0.6002882,1.020915,9.717099
1761515410169,0.56693745,0.954246,9.740831
1761515410171,0.5764636,0.95900774,9.793043
1761515410174,0.58122563,0.9351972,9.868987
1761515410176,0.5907518,0.9447212,9.835761
1761515410178,0.6002779,0.8923382,9.883226
1761515410182,0.53357834,0.9209104,9.940185
1761515410184,0.57645327,0.86376536,10.011382
1761515410186,0.58597946,0.84947896,10.035114
1761515410189,0.533572,0.86852694,10.101565
1761515410192,0.5764471,0.8351923,10.101565
1761515410193,0.5621527,0.8209059,10.125298
1761515410196,0.57644296,0.8209058,10.16327
1761515410198,0.60978967,0.79709524,10.229721
1761515410201,0.6193159,0.77804667,10.281933
1761515410204,0.6002574,0.8304294,10.239214
1761515410206,0.60501945,0.80185664,10.272439
1761515410209,0.55737615,0.7589978,10.305664
1761515410211,0.590723,0.7637597,10.376863
1761515410213,0.64312625,0.7732836,10.296171
1761515410216,0.65741646,0.754235,10.286679
1761515410218,0.6621785,0.7970937,10.386355
1761515410221,0.6764688,0.79233134,10.391102
1761515410224,0.68599504,0.8066174,10.367369
1761515410227,0.7193418,0.8018551,10.286678
1761515410229,0.71933967,0.8209032,10.281931
1761515410231,0.69551706,0.82090306,10.319903
1761515410233,0.7288638,0.8256648,10.239213
1761515410235,0.7193335,0.83042675,10.196493
1761515410238,0.77650094,0.82566446,10.163267
1761515410241,0.75744236,0.83995056,10.120549
1761515410244,0.7717326,0.81137794,10.030365
1761515410246,0.77173066,0.8256639,9.95442
1761515410249,0.709795,0.8732844,9.940181
1761515410251,0.72884935,0.9256671,9.873729
1761515410253,0.70502675,0.90661854,9.816771
1761515410256,0.7050247,0.91614246,9.750319
1761515410258,0.6240326,0.9018562,9.683867
1761515410261,0.58591765,0.90661794,9.674375
1761515410264,0.60973614,0.9399522,9.674375
1761515410266,0.60973406,0.9590004,9.6079235
1761515410269,0.5811474,0.93518984,9.536725
1761515410271,0.5811453,0.9494759,9.536725
1761515410273,0.5906714,1.0018585,9.512992
1761515410276,0.53826404,1.044717,9.536725
1761515410278,0.5525544,1.0256685,9.512992
1761515410282,0.58590114,0.9589992,9.527231
1761515410284,0.5477861,0.963761,9.56995
1761515410287,0.5287276,1.0018575,9.574696
1761515410288,0.5144332,0.99233323,9.574696
1761515410291,0.48108232,0.98757094,9.574696
1761515410293,0.45249552,1.0161431,9.588935
1761515410296,0.4667858,0.98280835,9.655387
1761515410298,0.5096608,0.9637599,9.626907
1761515410301,0.47630996,0.9304252,9.645892
1761515410304,0.50012845,0.94471127,9.636399
1761515410306,0.53823936,0.9256628,9.688612
1761515410309,0.50012434,0.89709014,9.679118
1761515410311,0.46677345,0.9113762,9.707597
1761515410312,0.490592,0.9161381,9.774049
1761515410319,0.5239388,0.9161379,9.774048
1761515410319,0.5572855,0.9399481,9.812019
1761515410322,0.5620476,0.9161375,9.750315
1761515410324,0.5620455,0.8732786,9.826259
1761515410326,0.5477511,0.90185094,9.911697
1761515410328,0.585862,0.92089903,9.883218
1761515410331,0.59062403,0.89708835,9.892711
1761515410332,0.547745,0.88756406,9.906949
1761515410339,0.58585584,0.8780397,9.887963
1761515410339,0.5715614,0.8542293,9.883217
1761515410341,0.6287287,0.8304187,9.925936
1761515410343,0.6239626,0.83041847,9.921189
1761515410346,0.62872463,0.79708385,9.87847
1761515410348,0.64777905,0.74946284,9.86423
1761515410351,0.5953716,0.79232126,9.902202
1761515410352,0.62871844,0.782797,9.906948
1761515410355,0.55249053,0.797083,9.821511
1761515410358,0.5524884,0.816131,9.854736
1761515410361,0.6001275,0.79708266,9.84999
1761515410363,0.623946,0.7923203,9.868976
1761515410366,0.60012347,0.7923202,9.8452425
1761515410368,0.6334702,0.79231995,9.8120165
1761515410371,0.59535515,0.8304163,9.774045
1761515410371,0.6191737,0.8494645,9.750312
1761515410375,0.6668129,0.8208918,9.750312
1761515410378,0.6715749,0.78755707,9.750312
1761515410380,0.6477522,0.8304156,9.726579
1761515410383,0.6477502,0.8494637,9.797776
1761515410385,0.6668046,0.83517724,9.731325
1761515410388,0.62392545,0.84946334,9.736072
1761515410391,0.6191593,0.8589872,9.769298
1761515410392,0.65250605,0.83041465,9.717086
1761515410395,0.66203225,0.80660397,9.717085
1761515410398,0.614389,0.86374867,9.683859
1761515410400,0.58580226,0.8351761,9.636394
1761515410402,0.58103603,0.8351759,9.626901
1761515410405,0.56197745,0.8637481,9.645886
1761515410408,0.60485256,0.8494618,9.660126
1761515410410,0.5619734,0.8685097,9.617407
1761515410412,0.49050957,0.83517516,9.565195
1761515410414,0.552441,0.86374736,9.645885
1761515410417,0.5333825,0.8732713,9.565195
1761515410419,0.5000316,0.87327117,9.584182
1761515410423,0.5143219,0.89708126,9.569942
1761515410425,0.48573512,0.8685086,9.550956
1761515410428,0.48096892,0.8732706,9.5034895
1761515410430,0.4762028,0.8589842,9.565194
1761515410432,0.447616,0.8732702,9.565194
1761515410434,0.44761392,0.88755614,9.5367155
1761515410437,0.49048892,0.87803173,9.527222
1761515410440,0.5285998,0.85898346,9.5034895
1761515410442,0.53336185,0.8637452,9.508235
1761515410445,0.5238316,0.9351761,9.569941
1761515410448,0.56194246,0.9161277,9.503489
1761515410450,0.54764813,0.8637446,9.560447
1761515410452,0.5762307,0.8780306,9.47501
1761515410454,0.5667004,0.8732684,9.375333
1761515410457,0.59051895,0.88279235,9.375333
1761515410459,0.6429222,0.8780301,9.460769
1761515410462,0.61909956,0.887554,9.437036
1761515410465,0.5952769,0.8732676,9.418051
1761515410467,0.65244424,0.8970778,9.380077
1761515410470,0.6667345,0.8827914,9.399064
1761515410471,0.62861955,0.873267,9.361092
1761515410474,0.6667304,0.88279104,9.375331
1761515410477,0.63814366,0.89707696,9.356344
1761515410479,0.652434,0.85898036,9.337358
1761515410482,0.6619602,0.9018388,9.323119
1761515410485,0.6238451,0.9208868,9.342105
1761515410487,0.661956,0.9161246,9.380076
1761515410490,0.66195387,0.8875519,9.346851
1761515410491,0.66195184,0.86850333,9.351597
1761515410494,0.6571857,0.8780274,9.356343
1761515410496,0.61430657,0.8923134,9.351597
1761515410499,0.6143045,0.90183735,9.399062
1761515410502,0.6476513,0.8827889,9.432288
1761515410505,0.6285927,0.83993006,9.465514
1761515410507,0.62859064,0.83516777,9.384822
1761515410510,0.6476451,0.858978,9.408554
1761515410512,0.61429423,0.83992946,9.4133005
1761515410514,0.59523565,0.8494535,9.323117
1761515410516,0.6285824,0.8732636,9.313624
1761515410520,0.5952315,0.854215,9.232933
1761515410522,0.5618807,0.80659413,9.261411
1761515410525,0.5666427,0.873263,9.237679
1761515410527,0.5761689,0.8685007,9.194961
1761515410529,0.5856951,0.8637385,9.161735
1761515410531,0.55234426,0.8494521,9.114269
1761515410533,0.54757804,0.8732623,9.119016
1761515410536,0.60950947,0.8875482,9.1380005
1761515410538,0.60474324,0.9065963,9.090536
1761515410542,0.552336,0.9161203,9.090536
1761515410544,0.58568275,0.87326145,9.081042
1761515410547,0.5809165,0.8732612,9.038323
1761515410549,0.5999709,0.8637369,9.005097
1761515410551,0.59520483,0.8637367,9.076297
1761515410553,0.5904386,0.8351641,9.100028
1761515410555,0.6142571,0.85421216,9.062055
1761515410558,0.64760387,0.8542119,9.081041
1761515410560,0.6380736,0.8827843,9.04307
1761515410562,0.63330746,0.85897374,9.038322
1761515410565,0.5809001,0.83992517,9.04307
1761515410568,0.59033334,0.81134385,9.047808
1761515410570,0.59509516,0.83515394,9.066794
1761515410572,0.6332058,0.82562965,9.071541
1761515410575,0.6379676,0.8399157,9.033568
1761515410578,0.6093806,0.80181885,9.043062
1761515410580,0.62367064,0.79229444,9.0240755
1761515410583,0.6141401,0.8303908,9.081033
1761515410585,0.60937375,0.7780079,9.047807
1761515410588,0.6474845,0.82562834,9.009835
1761515410590,0.6665386,0.84943855,9.005089
1761515410592,0.62365925,0.79705554,9.019328
1761515410595,0.6474775,0.7970553,8.948131
1761515410598,0.62365466,0.83991367,8.872185
1761515410600,0.647473,0.8684859,8.872185
1761515410603,0.6665271,0.8494375,8.900664
1761515410605,0.6617606,0.8589614,8.867439
1761515410608,0.58553255,0.86372316,8.895918
1761515410611,0.65222794,0.8303885,8.8579445
1761515410612,0.68081033,0.86372286,8.772508
1761515410615,0.5950539,0.85419846,8.753521
1761515410617,0.6426928,0.85896033,8.79624
1761515410620,0.67603934,0.8875325,8.838958
1761515410623,0.66174465,0.8351494,8.758267
1761515410626,0.6569782,0.88276994,8.744027
1761515410628,0.656976,0.83038706,8.748774
1761515410630,0.67603016,0.8256247,8.772507
1761515410632,0.6331508,0.8208624,8.782
1761515410635,0.6998462,0.85419667,8.853197
1761515410638,0.6331462,0.83991027,8.886422
1761515410640,0.61408746,0.80657554,8.805732
1761515410644,0.6045569,0.8065753,8.796238
1761515410646,0.66648823,0.8303855,8.824717
1761515410648,0.6474294,0.8018128,8.843703
1761515410651,0.6331348,0.82086086,8.824717
1761515410653,0.6950661,0.7875263,8.862689
1761515410655,0.623602,0.8113364,8.905407
1761515410658,0.6093073,0.84943277,8.929139
1761515410661,0.66171026,0.76371515,8.891168
1761515410664,0.64265156,0.79228735,8.843702
1761515410666,0.5997722,0.82085955,8.957619
1761515410668,0.6283546,0.7970491,8.924393
1761515410672,0.66170114,0.8018109,8.891167
1761515410673,0.66646296,0.81133485,8.952871
1761515410675,0.680753,0.83990705,8.933886
1761515410678,0.7236278,0.8351447,8.87218
1761515410681,0.7617385,0.7494273,8.957618
1761515410684,0.73791564,0.80180985,8.905405
1761515410686,0.74744153,0.8018096,8.924392
1761515410689,0.78078806,0.7970474,8.838953
1761515410691,0.7807858,0.7732367,8.9101515
1761515410693,0.74267054,0.7732366,8.95287
1761515410695,0.72837585,0.77323633,8.95287
1761515410698,0.6950247,0.75418776,8.986095
1761515410701,0.6712019,0.777998,8.990841
1761515410703,0.6616714,0.76847357,8.976602
1761515410706,0.60449964,0.74942505,8.981349
1761515410708,0.60926145,0.7589491,8.905404
1761515410711,0.53779745,0.77799714,8.924391
1761515410713,0.5139745,0.79704523,8.881671
1761515410715,0.46633106,0.7637104,8.900657
1761515410718,0.475857,0.749424,8.867432
1761515410721,0.4806188,0.78752047,8.8769245
1761515410723,0.45679596,0.77323395,8.838951
1761515410726,0.45679367,0.8113303,8.786739
1761515410728,0.46631962,0.82561624,8.715542
1761515410731,0.47108144,0.8779988,8.672823
1761515410732,0.50919205,0.8827607,8.606372
1761515410735,0.5663592,0.8494261,8.501948
1761515410738,0.5806493,0.8732362,8.573146
1761515410740,0.57588285,0.8922843,8.606371
1761515410743,0.594937,0.9256185,8.592131
1761515410745,0.63781184,0.91133213,8.587384
1761515410749,0.64733785,0.93038017,8.682315
1761515410749,0.6473355,0.9780008,8.658582
1761515410753,0.6282767,1.011335,8.63485
1761515410755,0.67115146,1.0065727,8.620609
1761515410757,0.61397976,0.94942755,8.630102
1761515410760,0.5996851,0.9256171,8.644341
1761515410763,0.609211,0.9065685,8.68706
1761515410766,0.5568034,0.88275796,8.6775675
1761515410768,0.5377447,0.86370945,8.68706
1761515410770,0.5091578,0.8351368,8.677567
1761515410772,0.5186837,0.83989865,8.68706
1761515410775,0.542502,0.8351364,8.696552
1761515410778,0.5424996,0.8446603,8.744018
1761515410780,0.56155384,0.8589464,8.729778
1761515410783,0.58060807,0.9208531,8.73927
1761515410786,0.56154925,0.9303769,8.73927
1761515410788,0.51866996,0.93037677,8.767749
1761515410790,0.5377241,0.96371096,8.734524
1761515410792,0.49484476,0.95418674,8.734524
1761515410795,0.51866305,0.93990016,8.786736
1761515410797,0.52342486,0.9398999,8.772495
1761515410800,0.5138944,0.8732309,8.777242
1761515410803,0.49007148,0.87323064,8.710791
1761515410806,0.51388973,0.90180284,8.744016
1761515410808,0.48530275,0.91132677,8.710791
1761515410810,0.54246986,0.9256127,8.815213
1761515410814,0.5901088,0.92085046,8.7630005
1761515410814,0.5234089,0.94942266,8.848438
1761515410817,0.5710477,0.9398983,8.781987
1761515410819,0.5472248,0.935136,8.81996
1761515410822,0.5805714,0.9684703,8.824705
1761515410824,0.6139179,0.9589459,8.815212
1761515410827,0.5853309,0.9446596,8.800972
1761515410829,0.599621,0.94465935,8.85793
1761515410831,0.5757981,0.93513495,8.772493
1761515410834,0.59485227,0.92084855,8.838944
1761515410837,0.6520194,0.9398965,8.853184
1761515410839,0.67107356,0.9446584,8.895903
1761515410842,0.62343013,0.930372,8.929127
1761515410845,0.6329561,0.91132355,8.881662
1761515410847,0.61389726,0.91132337,8.914887
1761515410850,0.6186591,0.9303713,8.967099
1761515410851,0.5948363,0.9398952,8.943366
1761515410854,0.61865455,0.96846753,9.01931
1761515410857,0.5805393,0.93989486,9.028804
1761515410859,0.6377064,0.89703596,9.009817
1761515410861,0.59482706,0.91608405,9.038297
1761515410864,0.5852966,0.93037,9.009817
1761515410867,0.6186431,0.90179753,8.986085
1761515410870,0.5900561,0.8684627,8.97659
1761515410872,0.59958196,0.93989354,9.009816
1761515410874,0.6567492,0.92084515,8.995577
1761515410876,0.5900492,0.88274825,9.009816
1761515410879,0.594811,0.92560667,9.062028
1761515410882,0.61386514,0.9446549,9.043042
1761515410884,0.57098585,0.9398925,8.990829
1761515410887,0.56621945,0.8922716,9.009815
1761515410890,0.6043301,0.92560583,8.995576
1761515410891,0.5757431,0.9446539,8.981337
1761515410894,0.56144845,0.96846414,8.967096
1761515410896,0.55668205,0.9875122,8.938617
1761515410900,0.5376233,0.9779879,8.9576025
1761515410902,0.5852622,0.90179443,8.986082
1761515410905,0.6186087,0.958939,9.028801
1761515410907,0.59954995,0.97798735,9.000321
1761515410909,0.55190647,0.9494145,9.019307
1761515410912,0.5614324,0.9684626,9.043039
1761515410914,0.5995431,0.9589382,9.076265
1761515410916,0.6043049,0.9446518,9.043039
1761515410919,0.5566614,0.9208412,9.057279
1761515410922,0.5661874,0.9065548,9.10949
1761515410924,0.5804774,0.9398891,9.114237
1761515410927,0.65193695,0.9351268,9.156955
1761515410929,0.5900011,0.91607827,9.114236
1761515410932,0.57094234,0.8636952,9.20442
1761515410933,0.64716595,0.90655375,9.20442
1761515410936,0.623343,0.9017915,9.270871
1761515410939,0.589992,0.90655327,9.275618
1761515410942,0.6281026,0.9208393,9.275617
1761515410944,0.64239264,0.91607696,9.346814
1761515410946,0.6185698,0.9303629,9.323082
1761515410949,0.6328598,0.8827421,9.337321
1761515410951,0.6566781,0.8541694,9.289856
1761515410953,0.6137988,0.8541692,9.289855
1761515410956,0.67573,0.89702755,9.313588
1761515410959,0.728133,0.88274115,9.299349
1761515410961,0.7233667,0.816072,9.247136
1761515410964,0.78053373,0.88750285,9.209165
1761515410967,0.69954145,0.87797844,9.223404
1761515410969,0.732888,0.93512315,9.223403
1761515410971,0.7376498,0.92559874,9.242389
1761515410973,0.6947704,0.9732193,9.1522045
1761515410976,0.6995323,0.9303604,9.19967
1761515410978,0.6900017,0.9494085,9.156952
1761515410981,0.6947636,0.9589324,9.142713
1761515410984,0.6375919,0.95893216,9.0905
1761515410986,0.6042408,0.9303594,9.109486
1761515410989,0.6280591,0.9589318,9.052527
1761515410991,0.60900027,0.93035907,9.009809
1761515410993,0.5661209,0.9636933,9.052527
1761515410996,0.58993924,0.9255966,9.076261
1761515410999,0.61852163,0.96369284,9.038287
1761515411001,0.5899347,0.9398824,9.090499
1761515411004,0.5946965,0.9779789,9.0857525
1761515411006,0.5565812,0.9446441,9.109485
1761515411009,0.54228663,0.95893,9.161696
1761515411011,0.5470484,0.97321606,9.14271
1761515411013,0.5470462,0.9684537,9.123723
1761515411016,0.556572,0.9779779,9.156949
1761515411019,0.566098,0.9255947,9.1616955
1761515411021,0.57085985,0.96369094,9.1616955
1761515411024,0.5708576,0.94940454,9.2234
1761515411026,0.5851476,0.9065457,9.256624
1761515411029,0.570853,0.95416635,9.280357
1761515411031,0.57561475,0.887497,9.275611
1761515411032,0.5803766,0.9208314,9.270865
1761515411036,0.6041949,0.92559314,9.256624
1761515411038,0.61372083,0.9494032,9.232892
1761515411041,0.65183157,0.9208308,9.166441
1761515411043,0.6232445,0.8970201,9.166441
1761515411046,0.62324226,0.901782,9.209159
1761515411048,0.6327682,0.9017818,9.199665
1761515411050,0.6422941,0.935116,9.142708
1761515411052,0.67087656,0.9160675,9.147454
1761515411054,0.661346,0.91606736,9.109481
1761515411057,0.632759,0.8874946,9.1711855
1761515411060,0.59940785,0.9446393,9.175932
1761515411062,0.6041698,0.9255908,9.12372
1761515411065,0.56605446,0.91130435,9.147453
1761515411067,0.5755805,0.93511456,9.161693
1761515411070,0.59463465,0.88273156,9.147452
1761515411072,0.5755758,0.8493968,9.166439
1761515411074,0.5708095,0.9017794,9.156945
1761515411077,0.5565148,0.897017,9.156945
1761515411079,0.5422201,0.88749266,9.161692
1761515411082,0.52792543,0.88749254,9.109479
1761515411085,0.5565079,0.87796813,9.109479
1761515411087,0.5517415,0.88273,9.062014
1761515411089,0.5755598,0.9017781,9.062014
1761515411091,0.513624,0.8922537,9.038281
1761515411094,0.53267825,0.86368114,8.990816
1761515411097,0.5422041,0.87320507,9.009801
1761515411099,0.5660224,0.89701515,8.986069
1761515411102,0.5660201,0.92082536,8.995562
1761515411105,0.5564896,0.9065388,8.971829
1761515411107,0.60412854,0.93987316,8.91487
1761515411110,0.60889024,0.9398729,8.933857
1761515411111,0.608888,0.9732073,8.952842
1761515411114,0.62317806,0.97796917,8.891137
1761515411117,0.5993552,0.97796893,8.853165
1761515411120,0.58029646,0.9732066,8.891137
1761515411122,0.5898224,0.9541581,8.924363
1761515411125,0.63746125,0.92558545,8.910123
1761515411127,0.6136384,0.9255852,8.87215
1761515411130,0.57552314,0.93987113,8.853164
1761515411131,0.59934145,0.95415723,8.853164
1761515411134,0.63745207,0.9541571,8.919616
1761515411137,0.57075214,0.9065361,8.829432
1761515411140,0.55169344,0.90653586,8.872149
1761515411143,0.59933233,0.9208219,8.872149
1761515411145,0.53739643,0.95891815,8.810444
1761515411148,0.5659789,0.91605943,8.84367
1761515411150,0.580269,0.94463164,8.748739
1761515411152,0.5326255,0.9446314,8.739246
1761515411154,0.54691553,0.93986905,8.786711
1761515411157,0.54691327,0.93034464,8.848416
1761515411160,0.5659674,0.901772,8.810443
1761515411163,0.50879574,0.92558223,8.725006
1761515411165,0.48973697,0.9017717,8.796204
1761515411168,0.46114993,0.8922473,8.772471
1761515411170,0.48020416,0.87319875,8.781963
1761515411172,0.46114537,0.9112951,8.810442
1761515411175,0.4754354,0.8922467,8.791457
1761515411177,0.46590486,0.86843604,8.900626
1761515411179,0.52307206,0.9065324,8.967078
1761515411182,0.5611827,0.9112943,8.990809
1761515411186,0.5325956,0.8636733,9.038275
1761515411188,0.48971632,0.88748354,9.0572605
1761515411189,0.50877047,0.8589109,9.028782
1761515411192,0.55164534,0.8922452,9.062007
1761515411194,0.55164295,0.91129327,9.071501
1761515411197,0.57546127,0.8589102,9.15219
1761515411200,0.5945155,0.9160548,9.128457
1761515411201,0.627862,0.9017685,9.0715
1761515411206,0.65644443,0.8731958,9.109471
1761515411207,0.68502676,0.90653,9.0715
1761515411210,0.6802604,0.91605395,9.052513
1761515411212,0.713607,0.9208159,9.0667515
1761515411215,0.6897841,0.9065294,9.033525
1761515411217,0.7136024,0.9255775,9.104724
1761515411219,0.7183642,0.9303393,9.043019
1761515411222,0.74694663,0.92557704,9.02878
1761515411225,0.7993496,0.9065285,8.967075
1761515411228,0.7850549,0.90652823,8.981314
1761515411230,0.7850526,0.9112903,8.967074
1761515411232,0.7898145,0.87795544,8.962327
1761515411234,0.7707558,0.86843103,8.971821
1761515411237,0.78980994,0.9017654,8.976567
1761515411239,0.7516947,0.91128933,8.9243555
1761515411242,0.7612207,0.8922409,8.905368
1761515411245,0.78027487,0.88747853,8.981313
1761515411247,0.70881075,0.94462323,8.910115
1761515411250,0.6802237,0.92081267,8.924355
1761515411252,0.74691916,0.89224,8.94334
1761515411254,0.6992757,0.8874776,8.910114
1761515411256,0.66592455,0.9493844,8.948086
1761515411259,0.69450694,0.9303359,8.929099
1761515411262,0.67068404,0.89223915,8.948086
1761515411265,0.6420971,0.8731906,8.990805
1761515411267,0.6802077,0.90652484,8.948086
1761515411270,0.6897336,0.83985573,8.986057
1761515411271,0.6420902,0.9017624,8.986057
1761515411274,0.6897291,0.8922381,9.014537
1761515411277,0.6944909,0.85414124,9.019282
1761515411280,0.6754321,0.8922376,8.99555
1761515411282,0.67066574,0.8874753,9.033522
1761515411284,0.65637106,0.8684268,9.005042
1761515411287,0.7230665,0.896999,9.066747
1761515411289,0.7087718,0.8874746,9.118959
1761515411292,0.67542064,0.87795025,9.024029
1761515411294,0.7087673,0.87795,9.052507
1761515411296,0.72305727,0.8922362,9.133199
1761515411299,0.723055,0.9017601,9.152184
1761515411302,0.7516374,0.86366326,9.171169
1761515411304,0.77069163,0.863663,9.166424
1761515411307,0.7373405,0.8969972,9.128451
1761515411310,0.74686646,0.887473,9.137943
1761515411311,0.73733586,0.906521,9.133197
1761515411313,0.78973883,0.8731863,9.071492
1761515411316,0.7611519,0.83032745,9.12845
1761515411319,0.72303665,0.8446134,9.152183
1761515411322,0.7611473,0.8541374,9.161675
1761515411324,0.74685264,0.8065164,9.095224
1761515411327,0.7468504,0.8350886,9.114209
1761515411329,0.75161225,0.84461254,9.090477
1761515411331,0.69444054,0.8398503,9.128449
1761515411334,0.7611359,0.8541362,9.085731
1761515411336,0.7658977,0.83984995,9.114209
1761515411339,0.7468389,0.83032554,9.095223
1761515411341,0.75160074,0.816039,9.156927
1761515411344,0.7420702,0.83032507,9.114208
1761515411347,0.6848985,0.839849,9.05725
1761515411350,0.7420656,0.8303247,9.109462
1761515411350,0.77541226,0.8874693,9.118956
1761515411354,0.7706458,0.85889673,9.137939
1761515411356,0.76111525,0.9017551,9.114207
1761515411358,0.7801695,0.916041,9.057249
1761515411362,0.77063894,0.8969925,9.080982
1761515411364,0.75634426,0.91127867,9.0619955
1761515411366,0.7515778,0.93032664,9.047756
1761515411369,0.76586795,0.91604024,9.052502
1761515411371,0.7229885,0.8874675,8.962317
1761515411373,0.7372786,0.89222944,8.929092
1761515411376,0.722984,0.88270515,8.976558
1761515411379,0.737274,0.8827049,8.857894
1761515411381,0.71821535,0.93508744,8.8863735
1761515411384,0.6991565,0.9636596,8.87688
1761515411386,0.71344656,0.9731836,8.853147
1761515411389,0.6848595,0.9779456,8.86264
1761515411391,0.6133955,0.98746943,8.872133
1761515411393,0.6181573,1.0160415,8.838907
1761515411396,0.59433436,1.0208035,8.810428
1761515411399,0.64673746,0.9636583,8.810427
1761515411401,0.61338633,0.9398477,8.796187
1761515411404,0.5990917,0.93508554,8.838906
1761515411406,0.61338174,0.92079914,8.805681
1761515411409,0.6086153,0.9541334,8.8484
1761515411411,0.5847925,0.9303227,8.881625
1761515411413,0.57526195,0.88746387,8.905357
1761515411416,0.5704955,0.8684154,8.867385
1761515411418,0.6086061,0.8922256,8.924343
1761515411420,0.613368,0.8493667,8.971808
1761515411423,0.665771,0.8303182,9.00978
1761515411426,0.63241994,0.86365247,9.109456
1761515411429,0.65623814,0.87317646,9.099963
1761515411431,0.68958473,0.85889006,9.161668
1761515411433,0.71340305,0.87793803,9.161668
1761515411436,0.76104194,0.83031714,9.194894
1761515411438,0.7324549,0.80174446,9.237613
1761515411441,0.7372167,0.83031666,9.161667
1761515411443,0.7943838,0.83031654,9.123694
1761515411446,0.8277305,0.8874611,9.228118
1761515411448,0.7943793,0.8112678,9.232865
1761515411451,0.79437697,0.84936416,9.232865
1761515411453,0.7705542,0.8493639,9.180654
1761515411455,0.8277213,0.84460163,9.237611
1761515411458,0.85630363,0.88746005,9.266089
1761515411461,0.82771665,0.87793565,9.2233715
1761515411463,0.7896014,0.9065079,9.147427
1761515411466,0.7419579,0.9160318,9.1569195
1761515411469,0.80388916,0.8588868,9.071483
1761515411470,0.7800664,0.882697,9.057242
1761515411472,0.7276587,0.88269675,9.019269
1761515411475,0.7038359,0.90650684,9.000284
1761515411478,0.7371824,0.9446032,9.038256
1761515411481,0.7133595,0.9636511,9.052495
1761515411483,0.70382893,0.9398407,9.028762
1761515411486,0.6800061,0.93507844,8.910099
1761515411488,0.61807024,0.95412654,8.900605
1761515411490,0.66570914,0.9255538,8.88162
1761515411492,0.6228298,0.9303156,8.829408
1761515411495,0.57042223,0.90650517,8.767703
1761515411498,0.5942405,0.93507737,8.843646
1761515411501,0.51801234,0.93507713,8.853139
1761515411503,0.5513588,0.9350769,8.753463
1761515411506,0.54182833,0.9398387,8.805675
1761515411508,0.54182607,0.9350764,8.82466
1761515411511,0.46559784,0.92079014,8.800928
1761515411512,0.45130318,0.9446002,8.777195
1761515411515,0.49417797,0.9017414,8.857885
1761515411518,0.4846475,0.90650314,8.895858
1761515411521,0.5037016,0.911265,8.938576
1761515411523,0.49893522,0.87793034,8.952816
1761515411525,0.5275176,0.8874543,8.967054
1761515411528,0.57039243,0.9112645,8.976547
1761515411530,0.565626,0.8969779,9.005026
1761515411532,0.6085007,0.849357,9.038252
1761515411535,0.6656679,0.868405,9.156915
1761515411537,0.7180709,0.8874532,9.109449
1761515411540,0.7037763,0.8826909,9.166408
1761515411543,0.74665105,0.84935623,9.171153
1761515411544,0.75141287,0.9112629,9.152167
1761515411548,0.8324006,0.8731661,9.090463
1761515411550,0.8276342,0.8874521,9.085716
1761515411552,0.8657448,0.8493554,9.123688
1761515411554,0.90385544,0.85411716,9.14742
1761515411558,0.8895609,0.87792724,9.118941
1761515411562,0.9181432,0.873165,9.1094475
1761515411562,0.9086127,0.8731649,9.114194
1761515411564,0.89908224,0.9064991,9.047743
1761515411567,0.9180452,0.9064903,9.014511
1761515411570,0.90851444,0.91125226,8.995523
1761515411571,0.8989837,0.8874416,9.005016
1761515411573,0.86563236,0.8826793,8.986032
1761515411576,0.8275169,0.91125154,8.90534
1761515411578,0.84657085,0.8826788,8.9528055
1761515411583,0.80369127,0.92077523,8.95755
1761515411584,0.7798681,0.930299,8.8911
1761515411586,0.78939384,0.9350609,8.914832
1761515411589,0.78462726,0.90648824,8.95755
1761515411591,0.77509654,0.906488,8.95755
1761515411593,0.74650925,0.90648776,8.924325
1761515411596,0.77985567,0.9017255,8.92907
1761515411598,0.7417401,0.92077357,8.905338
1761515411601,0.7655582,0.9302974,8.94331
1761515411604,0.70362216,0.8779143,8.910085
1761515411606,0.74173254,0.91601074,8.971789
1761515411609,0.7655507,0.9207726,8.967042
1761515411611,0.7369634,0.89219993,8.952803
1761515411613,0.7655456,0.8588652,8.924323
1761515411616,0.74172246,0.8731511,8.9290695
1761515411618,0.7274276,0.9064854,9.000268
1761515411621,0.7178968,0.8588645,8.976534
1761515411624,0.6559608,0.8398159,9.0050125
1761515411626,0.6654865,0.87315017,9.066718
1761515411629,0.6368993,0.8350533,9.047731
1761515411631,0.61784035,0.8636255,9.11893
1761515411633,0.69406366,0.83029085,9.147408
1761515411636,0.70358944,0.85410094,9.142661
1761515411639,0.7226433,0.8302904,9.152154
1761515411641,0.74646145,0.83029014,9.133168
1761515411644,0.73693067,0.84457606,9.128422
1761515411646,0.7131076,0.84933794,9.147407
1761515411650,0.70834094,0.81600314,9.1141815
1761515411651,0.73692304,0.84457535,9.109434
1761515411654,0.77026945,0.8255268,9.118928
1761515411656,0.74644625,0.8160024,9.152153
1761515411659,0.7416797,0.8731471,9.104689
1761515411662,0.7654978,0.87314683,9.133166
1761515411665,0.8369571,0.87314665,9.047729
1761515411667,0.81789804,0.911243,9.076208
1761515411669,0.836952,0.9064806,9.071462
1761515411672,0.87029827,0.8921942,9.038236
1761515411673,0.9084087,0.8826698,9.000263
1761515411676,0.898878,0.9588627,8.995517
1761515411679,0.8702907,0.9921971,8.962291
1761515411682,0.8893447,0.9731485,8.967037
1761515411685,0.8988704,0.9207655,8.933811
1761515411686,0.8274061,0.96362376,8.94805
1761515411689,0.8321677,0.92552704,8.9148245
1761515411691,0.86551404,0.9636233,8.924317
1761515411693,0.81310624,0.95886105,8.872106
1761515411696,0.8321602,0.9350505,8.881599
1761515411699,0.8131012,0.9588606,8.886345
1761515411701,0.7845139,0.93505,8.862612
1761515411704,0.73210615,0.94933593,8.867359
1761515411706,0.7321036,0.9160012,8.943302
1761515411709,0.70828056,0.9636216,8.929063
1761515411711,0.72733444,0.9493352,8.952796
1761515411713,0.73686016,0.944573,8.952795
1761515411716,0.73685765,0.9540969,8.943301
1761515411718,0.7035063,0.982669,8.900582
1761515411721,0.6701549,0.95885843,8.89109
1761515411724,0.6606242,0.94457203,8.986021
1761515411727,0.6701499,0.95885795,8.981273
1761515411728,0.693968,0.8969508,8.98602
1761515411731,0.6653808,0.9112368,9.009752
1761515411733,0.6844347,0.9445711,8.967033
1761515411736,0.6939605,0.90647423,9.000259
1761515411738,0.69872206,0.94933265,8.97178
1761515411741,0.6653707,0.9159979,8.986019
1761515411744,0.67966056,0.92552185,8.976525
1761515411746,0.6510733,0.88266295,8.938554
1761515411749,0.617722,0.86361444,8.986019
1761515411751,0.62248355,0.89218664,8.995511
1761515411753,0.6177169,0.8540898,9.00975
1761515411755,0.61295027,0.87313783,9.019243
1761515411758,0.6177119,0.8731376,9.014497
1761515411761,0.59865296,0.86837524,9.005003
1761515411763,0.622471,0.87789917,8.986018
1761515411766,0.61294025,0.8921852,9.028735
1761515411768,0.5795889,0.83504003,9.042975
1761515411771,0.5986429,0.80170536,9.095186
1761515411773,0.60340446,0.8207534,9.152144
1761515411775,0.6653355,0.8064669,9.085693
1761515411778,0.62722,0.8159908,9.114172
1761515411781,0.6843869,0.839801,9.1521435
1761515411783,0.7177332,0.8636111,9.1853695
1761515411786,0.70343834,0.83027637,9.142651
1761515411788,0.7320205,0.85408646,9.133158
1761515411791,0.73201793,0.8969449,9.12841
1761515411793,0.73201543,0.8921826,9.166383
1761515411795,0.77489007,0.85408574,9.123664
1761515411798,0.7605952,0.9017063,9.085691
1761515411800,0.76059264,0.88741976,9.085691
1761515411803,0.7987031,0.8874195,9.028732
1761515411806,0.7987005,0.93504006,8.971775
1761515411808,0.77964157,0.8731329,8.933802
1761515411812,0.7891672,0.87313265,8.914816
1761515411813,0.76534414,0.9302772,8.867352
1761515411815,0.7462852,0.94932526,8.881591
1761515411818,0.7796315,0.949325,8.824631
1761515411821,0.75580835,0.95408696,8.791406
1761515411823,0.6748158,0.9683729,8.715462
1761515411825,0.6986339,0.93027604,8.748687
1761515411828,0.7176879,0.9350379,8.748687
1761515411831,0.7319777,0.958848,8.739193
1761515411832,0.7319752,0.9778962,8.686981
1761515411835,0.6890956,1.0017061,8.724954
1761515411839,0.6509802,1.0017059,8.696474
1761515411841,0.6319212,1.0017056,8.672742
1761515411843,0.70814455,0.97789526,8.7012205
1761515411845,0.6414444,0.9540846,8.720205
1761515411847,0.6509701,0.98741883,8.663247
1761515411850,0.6557316,1.0255152,8.672741
1761515411852,0.6509651,0.9731322,8.720205
1761515411854,0.6652549,0.97313195,8.686979
1761515411857,0.5985547,0.9826557,8.715459
1761515411860,0.5985522,0.9778936,8.7439375
1761515411864,0.5604367,0.9921795,8.791403
1761515411866,0.5461419,0.9778931,8.810389
1761515411867,0.5604317,0.930272,8.834121
1761515411870,0.5318445,0.9064614,8.910065
1761515411871,0.53184193,0.91598547,8.933797
1761515411874,0.5651882,0.88265073,8.976516
1761515411877,0.536601,0.8731264,9.014488
1761515411879,0.5270703,0.91598475,9.000249
1761515411882,0.5604166,0.89693624,9.042967
1761515411884,0.55088586,0.82074285,9.080938
1761515411887,0.52229863,0.84455293,9.16163
1761515411889,0.5413525,0.85883904,9.152136
1761515411891,0.5889912,0.83502835,9.223334
1761515411894,0.5699322,0.8350281,9.247066
1761515411897,0.57469386,0.8255037,9.294531
1761515411899,0.63186073,0.8636001,9.346743
1761515411902,0.64138645,0.83026534,9.33725
1761515411904,0.67473274,0.8159788,9.327757
1761515411908,0.7128432,0.83026487,9.351488
1761515411908,0.7700101,0.8255025,9.327756
1761515411911,0.76047933,0.8493127,9.308769
1761515411913,0.79858977,0.8350262,9.280291
1761515411916,0.7557102,0.81597763,9.232825
1761515411919,0.7985847,0.83978784,9.256557
1761515411921,0.7890539,0.86836,9.228078
1761515411924,0.7985797,0.91121846,9.180613
1761515411926,0.8081054,0.89693195,9.1473875
1761515411929,0.8081029,0.88264555,9.0809355
1761515411931,0.75093096,0.9207419,9.009738
1761515411933,0.73663604,0.91597956,8.9717655
1761515411936,0.82715183,0.9778864,8.891074
1761515411938,0.7604517,0.9969342,8.9385395
1761515411942,0.7413927,0.9778859,8.848355
1761515411945,0.7413901,0.9683614,8.791397
1761515411947,0.717567,0.9731233,8.743931
1761515411949,0.7080363,1.0016954,8.686973
1761515411952,0.6508643,1.0302677,8.630014
1761515411954,0.68421066,1.0064571,8.634761
1761515411956,0.7080287,1.0397913,8.606281
1761515411959,0.66514915,1.0778877,8.544576
1761515411962,0.6460901,1.0636013,8.592041
1761515411964,0.5984465,1.0540768,8.5208435
1761515411966,0.5889157,1.0159799,8.582548
1761515411969,0.54603606,1.025504,8.573055
1761515411971,0.560326,1.044552,8.558814
1761515411973,0.5746158,1.0636001,8.582547
1761515411976,0.53650033,1.0731239,8.644252
1761515411978,0.5507902,1.0445513,8.667985
1761515411981,0.56031585,1.0588372,8.663238
1761515411984,0.52696455,1.0397887,8.634759
1761515411986,0.4983773,0.9731195,8.743928
1761515411989,0.51743126,1.0112159,8.815125
1761515411991,0.5460134,1.0302639,8.824618
1761515411993,0.5603033,1.0016911,8.910056
1761515411996,0.55553657,0.9921669,8.938536
1761515411998,0.6222318,0.98264235,8.981254
1761515412001,0.5793522,0.9635938,9.071437
1761515412004,0.5793497,0.97787994,9.171114
1761515412006,0.612696,0.935021,9.185353
1761515412009,0.6508065,0.9064483,9.1901
1761515412011,0.61745507,0.92073435,9.213831
1761515412013,0.68415016,0.9016858,9.25655
1761515412015,0.7413171,0.9064476,9.294522
1761515412018,0.7127299,0.8969232,9.308762
1761515412021,0.7174915,0.86358845,9.332495
1761515412023,0.7365454,0.8588262,9.384706
1761515412026,0.8175329,0.863588,9.375213
1761515412028,0.80323803,0.8493016,9.379959
1761515412030,0.8079997,0.84930134,9.3182535
1761515412033,0.78894067,0.83977693,9.327747
1761515412035,0.81275874,0.80644214,9.299269
1761515412039,0.7698792,0.8540627,9.275535
1761515412040,0.7889331,0.85882455,9.308761
1761515412044,0.7889306,0.83501387,9.308761
1761515412046,0.7936922,0.87311023,9.247055
1761515412048,0.7746332,0.8683479,9.237562
1761515412050,0.788923,0.87310976,9.247054
1761515412053,0.7841564,0.8826337,9.194843
1761515412056,0.7698615,0.9016818,9.152123
1761515412058,0.7603308,0.87310904,9.185349
1761515412061,0.7126871,0.8492985,9.147378
1761515412063,0.73174095,0.8873948,9.071432
1761515412066,0.7269744,0.9016808,9.052446
1761515412068,0.72697186,0.8873943,9.028714
1761515412070,0.66503584,0.9254907,9.038206
1761515412073,0.6364486,0.9159663,8.985995
1761515412075,0.6078614,0.8969177,8.981248
1761515412078,0.6650283,0.8969175,8.9432745
1761515412080,0.6459693,0.91120356,8.99074
1761515412083,0.64596677,0.90167916,8.985994
1761515412086,0.636436,0.97787213,8.948022
1761515412088,0.62690526,0.96834767,8.952768
1761515412090,0.6173745,0.93977493,8.948021
1761515412093,0.5935514,0.9350127,8.910049
1761515412095,0.6078412,0.9588228,8.900556
1761515412098,0.5744899,0.96358454,8.919541
1761515412100,0.5792515,0.95406026,8.905302
1761515412103,0.5506643,0.9921567,8.914794
1761515412106,0.56971824,0.94929767,8.905301
1761515412108,0.5697157,0.91596293,8.862582
1761515412110,0.5744773,0.939773,8.848343
1761515412112,0.57447475,0.9540591,8.914794
1761515412115,0.56970817,0.9540589,8.924287
1761515412117,0.57446975,0.95405865,8.919539
1761515412120,0.58399546,0.96834457,8.872074
1761515412123,0.5744647,0.95882016,8.895807
1761515412125,0.5887546,0.9683441,8.886314
1761515412128,0.58875203,0.96834385,8.895806
1761515412130,0.5935136,0.9778679,8.886313
1761515412132,0.588747,0.9731055,8.933779
1761515412135,0.67449856,0.93024653,8.962257
1761515412137,0.61256254,0.9350084,9.014469
1761515412140,0.57921124,0.96834266,8.97175
1761515412143,0.5839729,0.88738716,8.976496
1761515412146,0.6077908,0.90167326,9.028708
1761515412148,0.58873194,0.9445316,9.000229
1761515412150,0.56490874,0.95405555,9.004975
1761515412152,0.5696703,0.8921484,8.962256
1761515412155,0.536319,0.9207206,9.000228
1761515412159,0.59825003,0.93976855,8.981242
1761515412161,0.5982475,0.9207201,8.948016
1761515412163,0.59824497,0.935006,9.000228
1761515412166,0.6411196,0.97310245,9.047692
1761515412169,0.6649377,0.9873884,9.052439
1761515412171,0.6363504,0.95405364,8.985988
1761515412173,0.6363479,0.97786385,9.028707
1761515412175,0.65063775,0.9731015,9.123636
1761515412178,0.6601634,0.958815,9.061932
1761515412181,0.66016096,0.97786313,9.04769
1761515412183,0.6363378,0.9731008,9.042945
1761515412187,0.6410994,0.9826246,9.028706
1761515412189,0.6792098,0.958814,9.004972
1761515412191,0.6553867,0.9635758,9.10465
1761515412193,0.66967654,0.95881355,9.042945
1761515412196,0.62679696,0.939765,8.995479
1761515412198,0.60773796,0.954051,9.028705
1761515412201,0.65537673,0.9635748,8.990731
1761515412203,0.59820473,0.9921472,9.014464
1761515412206,0.55532515,0.97309864,8.966999
1761515412209,0.59819967,0.9730984,9.000224
1761515412211,0.588669,0.9588119,8.976491
1761515412212,0.58866644,1.0159564,9.01921
1761515412215,0.58866394,0.96833557,9.033449
1761515412218,0.5934255,0.944525,9.066675
1761515412220,0.5838947,0.9683351,9.080914
1761515412224,0.6267693,0.9492865,9.038196
1761515412226,0.60771024,0.99690694,9.052435
1761515412228,0.5886513,1.0016688,9.080914
1761515412232,0.6267617,0.9826203,9.109393
1761515412232,0.65057987,0.9349994,9.052434
1761515412235,0.59340787,0.925475,9.095152
1761515412238,0.62199,0.95404726,9.090406
1761515412241,0.65533644,0.91118836,9.047687
1761515412243,0.68391854,0.9159502,9.1236315
1761515412246,0.6743878,0.95880854,9.114138
1761515412248,0.6791494,0.9540463,9.099898
1761515412251,0.7029675,0.94928396,9.147364
1761515412252,0.6886726,0.92071134,9.237548
1761515412255,0.6362648,0.96356964,9.2328005
1761515412258,0.65055466,0.9730937,9.213815
1761515412260,0.61243916,0.9588071,9.237547
1761515412263,0.6410214,0.9540449,9.299252
1761515412266,0.6267265,0.9397585,9.318236
1761515412268,0.63148814,0.93975824,9.247039
1761515412271,0.60766494,0.96356833,9.280265
1761515412272,0.6362472,0.93975776,9.3419695
1761515412275,0.6219523,0.8921369,9.327729
1761515412278,0.60765743,0.91594696,9.375195
1761515412281,0.650532,0.9635674,9.365702
1761515412283,0.66005766,0.9445189,9.370448
1761515412286,0.66481924,0.9445187,9.432152
1761515412288,0.6695809,0.9207081,9.432152
1761515412290,0.6457578,0.8968975,9.48911
1761515412292,0.67910403,0.86356276,9.432152
1761515412295,0.73627096,0.88737285,9.536575
1761515412298,0.71721196,0.9588037,9.489109
1761515412300,0.69338894,0.90165865,9.508096
1761515412303,0.75531995,0.9016584,9.493856
1761515412305,0.7839021,0.91118234,9.527081
1761515412307,0.7648431,0.93499243,9.498602
1761515412310,0.7886611,0.91118187,9.498602
1761515412312,0.79342276,0.9445161,9.508095
1761515412315,0.8077126,0.9683262,9.470121
1761515412317,0.8077101,0.91118115,9.451136
1761515412320,0.7934152,0.93499124,9.441643
1761515412322,0.7981768,0.9635633,9.474869
1761515412325,0.79817426,0.9588011,9.3941765
1761515412327,0.7457665,0.9064181,9.408416
1761515412329,0.79816926,0.9302282,9.40367
1761515412332,0.76481795,0.96832454,9.346711
1761515412335,0.7743437,0.9635622,9.351458
1761515412337,0.7409923,1.0159447,9.37519
1761515412339,0.71716917,0.9635617,9.3609495
1761515412341,0.7266949,1.0064203,9.303991
1761515412345,0.73622066,1.0207062,9.313485
1761515412347,0.7552746,1.0111818,9.337217
1761515412349,0.7219233,1.0445161,9.289751
1761515412352,0.73144895,1.0254675,9.318231
1761515412354,0.7028618,1.0302294,9.294498
1761515412357,0.7219157,1.025467,9.294498
1761515412359,0.7219131,1.0445151,9.318231
1761515412362,0.6790336,1.0492768,9.341963
1761515412365,0.6837952,1.0159421,9.337215
1761515412367,0.65520805,1.0588006,9.322976
1761515412370,0.6170925,1.0778487,9.370441
1761515412371,0.6123259,1.054038,9.389428
1761515412374,0.6027952,1.0397516,9.384681
1761515412376,0.58850026,1.0540376,9.398919
1761515412379,0.5837336,1.0635616,9.446385
1761515412382,0.55514634,1.0397509,9.489103
1761515412385,0.60278505,1.0254645,9.489103
1761515412387,0.5980184,1.0492744,9.5128355
1761515412390,0.5980159,1.0397502,9.508089
1761515412392,0.57419276,1.0207016,9.460624
1761515412394,0.59801084,1.0778463,9.588779
1761515412396,0.60277253,1.0207012,9.631497
1761515412401,0.63611877,1.0254631,9.612513
1761515412401,0.64564455,1.0016524,9.702695
1761515412405,0.6504061,1.0302247,9.726427
1761515412408,0.69328064,1.0254624,9.731174
1761515412410,0.6789857,1.0064138,9.797626
1761515412412,0.71709615,1.0492721,9.797626
1761515412414,0.74567837,1.0064133,9.807117
1761515412416,0.7599682,1.0397476,9.878315
1761515412419,0.7647298,1.0397474,9.892555
1761515412422,0.7742556,0.9826022,9.854582
1761515412424,0.75996065,0.94926745,9.902047
1761515412427,0.7409016,1.0254605,9.944766
1761515412430,0.7266067,0.9968876,9.944765
1761515412431,0.755189,0.9921255,9.921033
1761515412434,0.7456583,0.9921253,9.878314
1761515412436,0.7218351,0.9778389,9.921033
1761515412439,0.65989906,0.97783864,9.944765
1761515412441,0.70277363,0.9492658,9.921032
1761515412445,0.6789505,1.0064105,9.925778
1761515412447,0.717061,0.9825998,9.921032
1761515412449,0.6884737,1.0016478,9.930525
1761515412451,0.68370706,0.9921236,9.925778
1761515412454,0.6598839,0.9825991,9.954257
1761515412456,0.63129675,0.9921231,9.8830595
1761515412459,0.6503507,0.99688476,9.864073
1761515412462,0.6360558,0.9683122,9.921031
1761515412464,0.6169968,0.96354985,9.968496
1761515412467,0.65987134,0.94926345,9.944762
1761515412469,0.6503407,1.0254564,9.987482
1761515412471,0.61698925,0.97783554,9.987482
1761515412473,0.62651503,1.0016456,10.020707
1761515412476,0.65033305,0.99688315,10.049186
1761515412478,0.60745347,0.98735887,9.996975
1761515412481,0.6074509,0.9968827,10.0349455
1761515412484,0.6360332,0.97783434,10.091905
1761515412486,0.62173826,0.9635477,10.077664
1761515412489,0.64079225,1.0492648,10.053931
1761515412492,0.66461027,1.0302165,10.129876
1761515412493,0.6264949,0.9683091,10.205819
1761515412496,0.65507704,0.97307104,10.201073
1761515412499,0.63601804,1.0064052,10.2105665
1761515412502,0.5931385,0.96830845,10.220059
1761515412504,0.63601303,0.9873565,10.224806
1761515412506,0.6645952,0.9302113,10.27227
1761515412509,0.6121874,0.96354556,10.234298
1761515412511,0.59312844,0.98735577,10.281763
1761515412513,0.60741824,0.98735553,10.267524
1761515412516,0.5978874,0.97783124,10.220058
1761515412519,0.6121773,0.9397343,10.291255
1761515412521,0.59788245,0.9825927,10.239043
1761515412524,0.61217225,1.011165,10.2200575
1761515412527,0.6264621,0.93973356,10.24379
1761515412529,0.6455161,0.95878166,10.229549
1761515412532,0.6883906,0.9730677,10.205817
1761515412532,0.6693316,0.97306746,10.253283
1761515412540,0.65503675,0.9825913,10.220057
1761515412541,0.6979113,1.0064015,10.182084
1761515412541,0.7122012,0.9444943,10.205816
1761515412544,0.7169627,1.0016389,10.177338
1761515412546,0.74078083,1.0111629,10.201069
1761515412549,0.7121936,1.0159246,10.101393
1761515412551,0.70742697,1.0064003,10.106139
1761515412553,0.7360091,1.0159241,10.110885
1761515412554,0.750299,1.0397342,10.034941
1761515412557,0.70265526,0.9968753,10.058673
1761515412559,0.6550116,1.0206856,10.115631
1761515412562,0.6645374,1.0540198,10.039686
1761515412564,0.6550065,1.0397334,10.053926
1761515412567,0.6555568,1.049309,10.072952
1761515412570,0.6222068,1.0302609,10.063458
1761515412572,0.5698004,1.0064503,10.039725
1761515412574,0.60314804,1.0159742,10.025486
1761515412577,0.64125985,1.0778812,10.006499
1761515412580,0.59838164,1.0683568,10.049218
1761515412582,0.6079087,1.0683568,10.025486
1761515412585,0.61267173,1.0683566,10.015993
1761515412587,0.61267054,1.0969291,10.077698
1761515412590,0.5745565,1.0731186,10.049218
1761515412592,0.5983759,1.111215,9.959035
1761515412594,0.6174312,1.115977,9.949541
1761515412597,0.5793172,1.0826424,9.982767
1761515412600,0.6079007,1.1207387,9.897329
1761515412602,0.5697866,1.1540734,9.892582
1761515412605,0.59360605,1.1159766,9.940047
1761515412607,0.62218964,1.0731177,9.916314
1761515412610,0.5936038,1.1302626,9.897329
1761515412612,0.6507721,1.096928,9.830877
1761515412614,0.6698274,1.1159762,9.86885
1761515412617,0.6078927,1.120738,9.845117
1761515412619,0.59836334,1.1350243,9.807145
1761515412622,0.5935981,1.1350242,9.807145
1761515412625,0.61265343,1.1064515,9.816638
1761515412627,0.60788816,1.0635929,9.835624
1761515412630,0.56500995,1.082641,9.82613
1761515412631,0.5459524,1.1207373,9.830876
1761515412634,0.5840641,1.0969269,9.887835
1761515412637,0.56024235,1.0778787,9.868849
1761515412641,0.51736414,1.0731164,9.906821
1761515412643,0.5316553,1.0778785,9.925807
1761515412646,0.5411825,1.0731162,9.883089
1761515412648,0.51259667,1.0493056,9.897328
1761515412650,0.52688783,1.0540676,9.954287
1761515412652,0.49353784,1.020733,9.968526
1761515412655,0.5221214,1.035019,10.020737
1761515412657,0.5411767,1.0683534,10.072948
1761515412660,0.5697603,0.98263603,10.044469
1761515412663,0.5459385,0.9493016,10.087188
1761515412665,0.5411733,0.9397773,10.101427
1761515412668,0.5411722,0.98263586,10.068201
1761515412671,0.541171,0.92072886,10.115666
1761515412672,0.5268775,0.91596663,10.129907
1761515412674,0.57451755,0.9683493,10.139399
1761515412678,0.61262935,0.92549056,10.153639
1761515412680,0.6269205,0.96834904,10.153639
1761515412683,0.6459759,0.9445386,10.186865
1761515412685,0.6221542,0.93977636,10.191611
1761515412688,0.660266,0.8921556,10.129906
1761515412690,0.6364442,0.8588211,10.134652
1761515412692,0.64597136,0.8778692,10.1061735
1761515412694,0.679319,0.8635829,10.167878
1761515412697,0.6936102,0.8540586,10.148891
1761515412700,0.67455256,0.86834466,10.063455
1761515412701,0.64596677,0.8540584,10.063455
1761515412706,0.6745503,0.88739276,10.0397215
1761515412708,0.66025686,0.8635823,10.015989
1761515412710,0.7078968,0.84453386,10.015989
1761515412712,0.67454684,0.8492959,10.063455
1761515412714,0.66978157,0.8492958,9.935297
1761515412717,0.68407285,0.8731061,9.94479
1761515412720,0.66025114,0.8826301,9.906818
1761515412722,0.665014,0.88263,9.887832
1761515412725,0.61737174,0.85881954,9.878339
1761515412727,0.63642704,0.87310565,9.873592
1761515412730,0.6888312,0.88262963,9.821381
1761515412732,0.6650095,0.8778674,9.845113
1761515412734,0.61260307,0.9016777,9.826127
1761515412737,0.6650072,0.87786716,9.769169
1761515412739,0.6030725,0.83977056,9.816634
1761515412742,0.58877903,0.8826292,9.854606
1761515412745,0.6316549,0.8921532,9.840365
1761515412747,0.6125973,0.9064393,9.883085
1761515412750,0.59353966,0.8731047,9.873591
1761515412752,0.61259496,0.8397701,9.792901
1761515412754,0.57924503,0.8683423,9.83562
1761515412757,0.5792439,0.84453183,9.826126
1761515412760,0.626884,0.8540559,9.826126
1761515412762,0.62211865,0.84929377,9.830873
1761515412765,0.6316458,0.8207212,9.854605
1761515412767,0.6840499,0.83976936,9.897325
1761515412769,0.66022813,0.79691076,9.868845
1761515412772,0.62211406,0.820721,9.883084
1761515412774,0.61258465,0.83024496,9.868844
1761515412776,0.63164,0.8254827,9.878337
1761515412779,0.6649877,0.8350068,9.911563
1761515412781,0.67927897,0.83500665,9.916308
1761515412785,0.688806,0.83500654,9.897324
1761515412787,0.612579,0.79214776,9.911563
1761515412790,0.622106,0.78262347,9.878337
1761515412791,0.68403846,0.825482,9.883084
1761515412794,0.66021675,0.8159577,9.883084
1761515412796,0.6173385,0.84929234,9.854604
1761515412800,0.68879914,0.8635784,9.921056
1761515412800,0.69832623,0.89215076,9.887829
1761515412805,0.693561,0.854054,9.878336
1761515412807,0.7173804,0.8778642,9.826124
1761515412809,0.7554922,0.86833996,9.849857
1761515412811,0.7888399,0.8635778,9.854603
1761515412814,0.7697823,0.89215016,9.740686
1761515412816,0.72690403,0.89691204,9.754927
1761515412819,0.74119526,0.95881885,9.678982
1761515412822,0.7793071,0.92072237,9.674236
1761515412824,0.7602495,0.90643597,9.65525
1761515412827,0.7554842,0.9302462,9.645756
1761515412830,0.7507189,0.9159599,9.584051
1761515412830,0.7316613,0.9778668,9.541331
1761515412837,0.7316602,0.9635803,9.541331
1761515412837,0.7221307,0.9635802,9.527092
1761515412840,0.7030732,0.9731043,9.498613
1761515412842,0.71736443,0.9492938,9.531839
1761515412845,0.71259916,0.97786623,9.555572
1761515412847,0.71736205,1.0254867,9.579305
1761515412850,0.6316068,0.95881766,9.603037
1761515412851,0.62207747,0.94929343,9.659995
1761515412854,0.6411328,0.9635795,9.617276
1761515412856,0.6125469,0.935007,9.669487
1761515412859,0.5553763,0.91119653,9.712206
1761515412861,0.55537516,0.93500674,9.707459
1761515412864,0.5553741,0.9350066,9.769164
1761515412867,0.52678823,0.90643406,9.883081
1761515412868,0.6077771,0.844527,9.849855
1761515412874,0.59824765,0.8397649,9.868841
1761515412875,0.58871835,0.87786126,9.930546
1761515412876,0.6458866,0.84452677,10.015984
1761515412878,0.66494197,0.8873853,10.011237
1761515412882,0.7078178,0.8921473,10.077688
1761515412884,0.70781666,0.83024025,10.120407
1761515412885,0.7316361,0.85405046,10.106167
1761515412889,0.72687083,0.8492883,10.172617
1761515412891,0.7554545,0.8302399,10.220082
1761515412893,0.7363968,0.86357427,10.205843
1761515412899,0.7697445,0.8492879,10.172617
1761515412899,0.80785626,0.8111912,10.21059
1761515412902,0.803091,0.81595314,10.248562
1761515412904,0.7506846,0.8302394,10.191604
1761515412906,0.8078528,0.80166686,10.148885
1761515412909,0.78879523,0.8492875,10.148885
1761515412912,0.7792659,0.83023906,10.148885
1761515412912,0.7602083,0.8445251,10.201096
1761515412916,0.76973534,0.85404915,10.1346445
1761515412919,0.7983189,0.84928703,10.058701
1761515412921,0.764969,0.83976275,10.063447
1761515412924,0.72209066,0.8445246,10.049207
1761515412926,0.72685367,0.86357284,9.996995
1761515412929,0.7602014,0.877859,9.902064
1761515412932,0.74114376,0.882621,9.921051
1761515412932,0.7268502,0.91595536,9.892571
1761515412936,0.6792079,0.95405185,9.88308
1761515412938,0.6363297,0.88262063,9.802388
1761515412941,0.6696774,0.93976533,9.792895
1761515412944,0.6458557,0.9445274,9.826119
1761515412946,0.58392096,1.001672,9.783401
1761515412949,0.6696739,0.9969098,9.664738
1761515412951,0.6220316,0.9826235,9.688471
1761515412953,0.5839176,0.97786146,9.674232
1761515412955,0.55056757,0.9826234,9.721696
1761515412958,0.5219818,0.9873854,9.726442
1761515412961,0.536273,0.99214745,9.754922
1761515412963,0.5505641,0.9921473,9.726442
1761515412966,0.56009126,0.9826229,9.773908
1761515412968,0.5648542,0.9492883,9.792894
1761515412971,0.521976,0.95881236,9.830866
1761515412973,0.52197486,0.95881224,9.873584
1761515412975,0.54579437,0.9397638,9.840358
1761515412978,0.5457932,0.93023956,9.897317
1761515412981,0.57914084,0.93976355,9.973261
1761515412983,0.58390385,0.9540499,9.992247
1761515412986,0.63630795,0.906429,10.049205
1761515412988,0.61248624,0.8683322,10.101417
1761515412991,0.61724913,0.89214253,10.110909
1761515412992,0.58866334,0.84452164,10.110909
1761515412995,0.5505493,0.8397595,10.125149
1761515412998,0.6220099,0.86356974,10.286531
1761515413001,0.60295236,0.85404545,10.2533045
1761515413003,0.5934229,0.87309366,10.291277
1761515413006,0.5934217,0.8207108,10.248558
1761515413008,0.6267694,0.83023477,10.234319
1761515413011,0.5934195,0.8064243,10.243811
1761515413012,0.6362954,0.7826139,10.243811
1761515413015,0.67917126,0.77785176,10.272291
1761515413018,0.69346255,0.8207103,10.267545
1761515413020,0.67440486,0.7492791,10.281784
1761515413023,0.69822437,0.78737557,10.30077
1761515413025,0.6839308,0.8540444,10.2865305
1761515413028,0.7172785,0.8635684,10.215332
1761515413030,0.6505797,0.8635683,10.224825
1761515413032,0.62199384,0.8588062,10.191599
1761515413035,0.6601057,0.83499575,10.158373
1761515413038,0.6648687,0.87309223,10.120401
1761515413041,0.683924,0.8873783,10.106162
1761515413042,0.69345105,0.8635678,10.129894
1761515413045,0.69821405,0.8921402,10.158373
1761515413048,0.64580756,0.9302366,10.072936
1761515413050,0.6362782,0.9207124,10.025471
1761515413052,0.6458053,0.9207123,9.968513
1761515413054,0.6696247,0.9921433,9.982752
1761515413057,0.6029259,0.9492844,9.954272
1761515413060,0.63150954,0.9540464,9.873581
1761515413064,0.7077343,0.9635705,9.883075
1761515413065,0.71249723,0.934998,9.816623
1761515413067,0.669619,0.93023574,9.802383
1761515413069,0.7315514,0.9016633,9.811876
1761515413071,0.75537086,0.9254735,9.80713
1761515413074,0.7506056,0.95404583,9.759665
1761515413076,0.6981991,0.99690425,9.707453
1761515413078,0.6743774,0.99690413,9.7264385
1761515413081,0.6457916,0.996904,9.712199
1761515413084,0.545744,0.9778558,9.674227
1761515413086,0.51715815,0.94928324,9.773903
1761515413089,0.5076287,0.9492831,9.773903
1761515413091,0.54097635,0.9921417,9.731185
1761515413093,0.59338045,0.96356905,9.75017
1761515413096,0.579087,0.9111862,9.75017
1761515413098,0.6314911,0.9111861,9.740678
1761515413101,0.6648388,0.93975836,9.702705
1761515413104,0.70295066,0.9302341,9.73593
1761515413106,0.6934213,0.9207099,9.811875
1761515413109,0.6934202,0.9111857,9.878326
1761515413111,0.7315319,0.9064234,9.854593
1761515413113,0.71247435,0.8968992,9.963763
1761515413116,0.73629373,0.84451634,9.992242
1761515413118,0.71723616,0.90166116,9.96851
1761515413121,0.6838862,0.8826127,9.96851
1761515413124,0.7172339,0.89213675,9.949523
1761515413127,0.7219969,0.87785035,9.963763
1761515413129,0.7172316,0.8730882,10.039707
1761515413131,0.7696358,0.86832595,10.058694
1761515413133,0.7696346,0.8492777,10.082426
1761515413136,0.81727463,0.85403955,10.106159
1761515413138,0.7886887,0.89213604,10.144131
1761515413141,0.7458105,0.84927744,10.110904
1761515413144,0.7982147,0.8492773,10.077679
1761515413146,0.774393,0.8492772,10.011228
1761515413151,0.74104303,0.8445149,10.015974
1761515413151,0.7553342,0.85880107,9.944776
1761515413153,0.78868186,0.8397527,9.868833
1761515413155,0.81726545,0.87784904,9.849846
1761515413158,0.8125002,0.88261104,9.897311
1761515413161,0.87443256,0.93499374,9.821366
1761515413163,0.87443143,0.96356595,9.764409
1761515413166,0.9315997,0.9778522,9.764409
1761515413168,0.92683446,0.9921384,9.754915
1761515413170,0.9506539,0.98261404,9.66473
1761515413173,0.94588864,0.96832776,9.622011
1761515413175,0.89824635,0.9540414,9.659984
1761515413178,0.86966044,1.0064241,9.655237
1761515413181,0.8506028,0.9540412,9.617265
1761515413182,0.822017,0.95404106,9.607772
1761515413186,0.7981952,0.9349927,9.659984
1761515413188,0.7505529,0.9111822,9.655237
1761515413190,0.75055176,0.9683269,9.650491
1761515413193,0.7076736,0.90642,9.697956
1761515413195,0.7076724,0.8635612,9.659984
1761515413198,0.71719956,0.925468,9.731181
1761515413201,0.70767015,0.91118175,9.783392
1761515413203,0.6647919,0.877847,9.75966
1761515413206,0.6266778,0.88737106,9.811872
1761515413208,0.6362049,0.8778468,9.764407
1761515413210,0.7029014,0.84927434,9.807125
1761515413212,0.7362491,0.87784654,9.816618
1761515413215,0.75530446,0.83974993,9.816618
1761515413217,0.79341626,0.82070154,9.897309
1761515413220,0.75053805,0.849274,9.864083
1761515413223,0.79341394,0.8397497,9.911549
1761515413225,0.802941,0.8397496,9.911549
1761515413228,0.7791193,0.8587978,9.911548
1761515413230,0.82675934,0.8159389,9.921041
1761515413232,0.78864527,0.8492734,9.959013
1761515413235,0.76958764,0.84451115,9.959013
1761515413237,0.8029353,0.7968904,9.977999
1761515413240,0.7743495,0.7778419,9.987493
1761515413243,0.83151776,0.8445108,10.020718
1761515413246,0.83628076,0.8492728,10.001732
1761515413249,0.86962837,0.78736585,10.025464
1761515413251,0.8410425,0.8207002,10.011225
1761515413253,0.82198495,0.7873656,9.9969845
1761515413255,0.8934456,0.79688966,10.053943
1761515413259,0.8600956,0.8111757,10.001731
1761515413261,0.86962265,0.78260314,9.959012
1761515413264,0.86485744,0.8016513,9.987492
1761515413266,0.80292267,0.7968892,9.996984
1761515413268,0.82197803,0.8445097,9.954266
1761515413271,0.84103334,0.8683199,10.053942
1761515413273,0.80291927,0.85403365,9.977998
1761515413276,0.8505593,0.8683198,9.968505
1761515413278,0.845794,0.90165424,9.944772
1761515413281,0.85532117,0.88736784,9.92104
1761515413283,0.85532,0.8587954,9.968505
1761515413286,0.85531884,0.8587953,9.887813
1761515413289,0.8505536,0.91117793,9.854587
1761515413291,0.86008066,0.8730812,9.859334
1761515413293,0.80767417,0.92070186,9.897306
1761515413296,0.80767304,0.8921293,9.849841
1761515413298,0.7981437,0.882605,9.849841
1761515413301,0.79814255,0.90641534,9.835602
1761515413304,0.7981414,0.89689106,9.86408
1761515413306,0.77908385,0.89689094,9.897306
1761515413308,0.7886109,0.8968908,9.86408
1761515413311,0.76478916,0.8778424,9.86408
1761515413313,0.75525975,0.8968906,9.840347
1761515413315,0.7552586,0.9159388,9.906798
1761515413318,0.73620105,0.9111766,9.902051
1761515413321,0.72190756,0.92070067,9.883066
1761515413324,0.7171423,0.88260394,9.883066
1761515413326,0.69808465,0.8873659,9.921038
1761515413328,0.6218576,0.90641415,9.963757
1761515413331,0.6266206,0.90641403,10.001729
1761515413333,0.65044004,0.844507,10.0064745
1761515413335,0.65043885,0.87784135,10.015968
1761515413338,0.6504378,0.8635551,10.049193
1761515413341,0.65520066,0.87307906,10.058687
1761515413344,0.68854845,0.8397445,10.077672
1761515413346,0.7028396,0.8445064,10.063433
1761515413348,0.7028385,0.8159338,10.120391
1761515413351,0.7028373,0.834982,10.167856
1761515413352,0.7600056,0.83021986,10.167856
1761515413355,0.77906096,0.8064094,10.158362
1761515413358,0.7742956,0.81593347,10.167856
1761515413361,0.7838227,0.79688513,10.210575
1761515413364,0.7933498,0.80640906,10.220068
1761515413365,0.80287695,0.8540297,10.210575
1761515413369,0.8362246,0.8445054,10.182096
1761515413371,0.8933929,0.81593287,10.172603
1761515413372,0.86957115,0.8445052,10.196335
1761515413376,0.831457,0.8349809,10.158361
1761515413378,0.8505123,0.87307745,10.091911
1761515413380,0.84574705,0.8587911,10.101403
1761515413383,0.8457459,0.83498067,10.025459
1761515413386,0.8838578,0.86355305,9.98274
1761515413388,0.86480016,0.89212537,9.992233
1761515413390,0.8552708,0.9445081,9.944768
1761515413392,0.8743261,0.887363,9.949514
1761515413395,0.8838532,0.87783873,9.840344
1761515413398,0.8933803,0.9302214,9.7976265
1761515413401,0.85526615,0.90164894,9.769146
1761515413403,0.8266803,0.8826005,9.73592
1761515413405,0.81715095,0.9349832,9.73592
1761515413408,0.76950866,0.98260385,9.697948
1761515413411,0.7837998,0.96831757,9.683709
1761515413412,0.74568576,0.9826036,9.664722
1761515413415,0.72186404,0.9921278,9.636244
1761515413417,0.7170988,0.99688953,9.645737
1761515413420,0.7170976,1.0016515,9.6220045
1761515413423,0.71233237,0.9921274,9.645737
1761515413426,0.71233124,0.982603,9.66947
1761515413428,0.6932736,0.96355456,9.674216
1761515413430,0.6456313,0.9826028,9.6979475
1761515413432,0.6361019,0.98736477,9.802371
