1760985777826,0.60658056,5.4035916,9.584451
1760985777828,0.60598236,5.389235,9.64128
1760985777830,0.6155536,5.3790655,9.707682
1760985777833,0.6203393,5.3886366,9.765109
1760985777835,0.6299106,5.378467,9.845269
1760985777837,0.6299106,5.378467,9.893126
1760985777840,0.6299106,5.3736815,9.949955
1760985777842,0.6305088,5.3976097,10.001999
1760985777844,0.62512493,5.392824,10.04507
1760985777846,0.6113662,5.4167523,10.068399
1760985777849,0.6161518,5.407181,10.082756
1760985777851,0.5880362,5.426922,10.092328
1760985777853,0.5736792,5.426922,10.097114
1760985777855,0.56470615,5.4466624,10.063614
1760985777858,0.5599205,5.451448,10.01157
1760985777860,0.55034924,5.432306,10.0163555
1760985777862,0.5168497,5.4376893,9.97807
1760985777864,0.47318068,5.3904314,9.964312
1760985777867,0.43070808,5.415556,9.930812
1760985777869,0.3930211,5.42094,9.902697
1760985777871,0.37447673,5.445466,9.897911
1760985777874,0.34576288,5.421538,9.969097
1760985777876,0.3074777,5.407779,9.954741
1760985777878,0.2835495,5.398806,10.021141
1760985777881,0.28295127,5.3557353,9.973883
1760985777883,0.28713873,5.3312087,10.082756
1760985777885,0.30029923,5.2833524,10.040284
1760985777887,0.31405798,5.244469,10.125827
1760985777890,0.30329028,5.1720862,10.173684
1760985777892,0.30269206,5.119444,10.216156
1760985777894,0.31106696,5.061418,10.316056
1760985777896,0.31944183,5.0081778,10.34477
1760985777899,0.35174492,4.935197,10.444671
1760985777901,0.38404804,4.886742,10.567902
1760985777903,0.4019942,4.828118,10.667802
1760985777905,0.42951167,4.770092,10.782059
1760985777907,0.4331009,4.6929235,10.872388
1760985777909,0.43728834,4.644469,10.953146
1760985777912,0.43609193,4.5966125,11.048261
1760985777914,0.4534399,4.5044885,11.100305
1760985777916,0.4953143,4.451248,11.143375
1760985777918,0.5132605,4.36391,11.167303
1760985777921,0.5353941,4.2915273,11.176874
1760985777923,0.567099,4.195216,11.153544
1760985777925,0.5940182,4.1180477,11.135
1760985777927,0.61675006,4.045665,11.096715
1760985777930,0.634098,3.958925,11.059028
1760985777932,0.6664011,3.8961134,11.026127
1760985777934,0.71246296,3.80399,10.936396
1760985777936,0.72502524,3.7369907,10.86521
1760985777939,0.76271224,3.6885362,10.770095
1760985777941,0.83748794,3.6436708,10.694721
1760985777943,0.90807617,3.5946178,10.609178
1760985777946,0.95473623,3.5557344,10.514063
1760985777948,1.0157533,3.5264223,10.419546
1760985777950,1.0396814,3.5066817,10.319646
1760985777952,1.0719845,3.4773695,10.258031
1760985777955,1.090529,3.44387,10.182656
1760985777957,1.0953146,3.44387,10.120443
1760985777959,1.1138589,3.4247274,10.04507
1760985777962,1.1138589,3.4103706,9.997213
1760985777964,1.1419746,3.4097722,9.949955
1760985777966,1.1515459,3.4049866,9.893126
1760985777968,1.1653047,3.385844,9.859626
1760985777971,1.174876,3.3900316,9.845269
1760985777973,1.1742777,3.3661032,9.8219385
1760985777975,1.160519,3.3619158,9.841082
1760985777977,1.146162,3.3667014,9.826724
1760985777979,1.1270195,3.3768709,9.845269
1760985777982,1.0887343,3.3631122,9.864411
1760985777984,1.0893325,3.377469,9.902697
1760985777986,1.0695918,3.353541,9.959526
1760985777988,1.0462617,3.353541,10.030712
1760985777991,1.0271192,3.339184,10.101899
1760985777993,0.9984053,3.3397822,10.182656
1760985777995,0.96490574,3.330809,10.249058
1760985777997,0.93619186,3.306881,10.315458
1760985778000,0.8739785,3.2937205,10.3681
1760985778003,0.84047896,3.2793634,10.420144
1760985778005,0.8213364,3.2656047,10.410573
1760985778007,0.77826554,3.2327034,10.420144
1760985778009,0.7537391,3.1800613,10.444073
1760985778012,0.7052845,3.1280174,10.477572
1760985778014,0.65264237,3.0999017,10.515259
1760985778016,0.61794645,3.0430722,10.534402
1760985778018,0.57009,3.0149565,10.539187
1760985778021,0.5694918,2.9766715,10.55833
1760985778023,0.5838487,2.9623144,10.5487585
1760985778024,0.587438,2.9282167,10.567902
1760985778027,0.58265233,2.909074,10.577473
1760985778029,0.56350976,2.8905299,10.563115
1760985778031,0.54376894,2.8666015,10.5589285
1760985778034,0.5479564,2.833102,10.539785
1760985778036,0.6089734,2.7936203,10.497313
1760985778038,0.613759,2.784049,10.492527
1760985778040,0.61734825,2.7308087,10.492527
1760985778042,0.6263213,2.687738,10.459626
1760985778045,0.63948184,2.6249263,10.478768
1760985778047,0.63888365,2.6009982,10.454841
1760985778049,0.634098,2.5818555,10.459626
1760985778051,0.6329016,2.5196424,10.459626
1760985778054,0.6227321,2.4909284,10.417153
1760985778056,0.6221339,2.4430718,10.3746805
1760985778058,0.6358926,2.4382863,10.336395
1760985778060,0.62153566,2.4095724,10.265807
1760985778063,0.6257231,2.3952155,10.18505
1760985778065,0.6257231,2.3958137,10.094721
1760985778067,0.64905316,2.3665016,9.981061
1760985778069,0.66341007,2.3856442,9.8524475
1760985778072,0.6346962,2.367698,9.710074
1760985778074,0.6305088,2.3868406,9.572487
1760985778076,0.61076796,2.3784657,9.421141
1760985778078,0.58265233,2.393421,9.27817
1760985778081,0.5593223,2.4275186,9.145369
1760985778083,0.5407779,2.4335005,9.007781
1760985778085,0.52163535,2.4532413,8.822935
1760985778088,0.4989035,2.4921248,8.675179
1760985778090,0.4989035,2.5070798,8.551949
1760985778092,0.5138587,2.5501506,8.409575
1760985778094,0.5240282,2.5986054,8.267202
1760985778096,0.5341976,2.6464617,8.181659
1760985778099,0.54436713,2.6853452,8.067402
1760985778101,0.56470615,2.742773,7.986644
1760985778103,0.5557331,2.786442,7.8867435
1760985778105,0.5521438,2.8438697,7.8107715
1760985778108,0.5623133,2.8965118,7.763513
1760985778110,0.56769717,2.9449666,7.7156568
1760985778113,0.5353941,2.9886355,7.673184
1760985778115,0.5407779,3.0317063,7.6540413
1760985778117,0.56590253,3.0987053,7.7012997
1760985778119,0.54317075,3.17049,7.8717885
1760985778121,0.5814559,3.1842487,7.852646
1760985778124,0.63888365,3.1884363,7.800602
1760985778127,0.6580262,3.1932218,7.7150583
1760985778129,0.67178494,3.1782668,7.643872
1760985778130,0.65682983,3.1453655,7.6343007
1760985778133,0.6753742,3.1160533,7.615756
1760985778135,0.66041905,3.0634112,7.606185
1760985778138,0.654437,3.0011978,7.597212
1760985778139,0.65324056,2.9341989,7.568498
1760985778142,0.6753742,2.8570302,7.535597
1760985778144,0.6975078,2.7655048,7.5122666
1760985778146,0.6879365,2.7463622,7.4979095
1760985778149,0.66400826,2.7230322,7.4739814
1760985778151,0.64905316,2.6799614,7.4979095
1760985778153,0.6334998,2.6368906,7.4937224
1760985778155,0.61854464,2.5794628,7.47458
1760985778157,0.6227321,2.5459633,7.4506516
1760985778159,0.65084773,2.5166512,7.432107
1760985778163,0.6837491,2.5064816,7.4177504
1760985778164,0.70289165,2.516053,7.3513494
1760985778166,0.7399804,2.4771698,7.29452
1760985778168,0.7686943,2.4765713,7.2753773
1760985778171,0.78723866,2.4568307,7.252047
1760985778173,0.80578303,2.4281168,7.1808605
1760985778175,0.8009974,2.4281168,7.100103
1760985778178,0.8105687,2.4185455,7.0618176
1760985778180,0.7573284,2.376671,7.0289164
1760985778182,0.6999006,2.3629124,6.986444
1760985778185,0.67118675,2.3300111,6.9481587
1760985778187,0.6472585,2.3258235,6.9152575
1760985778189,0.6233303,2.312065,6.896115
1760985778191,0.6233303,2.3072793,6.9009004
1760985778193,0.6658029,2.3012972,6.8865438
1760985778196,0.66041905,2.277369,6.8865438
1760985778198,0.6652047,2.2677977,6.896115
1760985778200,0.6843473,2.2677977,6.910472
1760985778202,0.7178468,2.2713869,6.9296145
1760985778205,0.75493556,2.2468605,6.9535427
1760985778207,0.8171489,2.2552354,6.9673014
1760985778209,0.8739785,2.2546372,6.95773
1760985778211,0.9553344,2.2863421,6.9768724
1760985778214,1.0313065,2.2851455,6.9673014
1760985778216,1.1222339,2.3078775,6.9481587
1760985778218,1.1844472,2.3353949,6.9481587
1760985778220,1.2699906,2.3437698,6.9009004
1760985778223,1.3268201,2.333002,6.867401
1760985778225,1.378864,2.332404,6.8578296
1760985778227,1.4159528,2.2929223,6.8345
1760985778229,1.4344971,2.2642083,6.8488564
1760985778232,1.4338989,2.225325,6.882356
1760985778234,1.3998013,2.1732812,6.920043
1760985778236,1.3663018,2.1541386,7.0151577
1760985778239,1.3519448,2.134996,7.0576305
1760985778241,1.3280165,2.1212373,7.1007013
1760985778243,1.3369896,2.1110678,7.1527452
1760985778246,1.3752748,2.1248264,7.1766734
1760985778248,1.3950156,2.172683,7.204789
1760985778250,1.4333007,2.1864417,7.2382884
1760985778252,1.4530416,2.2289143,7.295118
1760985778254,1.4829519,2.2815564,7.3136625
1760985778256,1.5074782,2.352743,7.3752775
1760985778259,1.5086746,2.4197419,7.4273214
1760985778261,1.4721842,2.477768,7.4937224
1760985778263,1.4392828,2.521437,7.5553374
1760985778265,1.3645071,2.5950162,7.6594253
1760985778268,1.2993027,2.644069,7.7162547
1760985778270,1.1952149,2.6889346,7.7682986
1760985778272,1.0959128,2.6949165,7.8442707
1760985778274,0.9774681,2.7260232,7.8777704
1760985778277,0.87338024,2.7613173,7.9106717
1760985778279,0.77407813,2.7822545,7.9627156
1760985778281,0.68494546,2.8175488,7.9722867
1760985778283,0.6233303,2.8325038,8.000402
1760985778286,0.5617151,2.8480573,7.986644
1760985778288,0.47138608,2.8498518,7.995617
1760985778290,0.3714857,2.8325038,7.9818583
1760985778292,0.24765715,2.8205397,7.9818583
1760985778295,0.15254244,2.8025935,8.005786
1760985778297,0.08973085,2.7559335,8.038688
1760985778299,0.02751746,2.7278178,8.0201435
1760985778301,-0.011365907,2.6853452,8.015358
1760985778304,-0.04546363,2.6333013,8.0201435
1760985778306,-0.0741775,2.614757,8.0201435
1760985778308,-0.06520442,2.5806592,8.005786
1760985778311,-0.02751746,2.5561328,8.006385
1760985778313,0.029312078,2.5549364,8.0345
1760985778315,0.09571291,2.5441687,8.058429
1760985778317,0.10049855,2.5292134,8.158329
1760985778320,0.15254244,2.5328028,8.29113
1760985778322,0.24825534,2.5603201,8.328817
1760985778324,0.35712877,2.5627131,8.357532
1760985778326,0.47198427,2.5992036,8.409575
1760985778329,0.5485546,2.6171498,8.466405
1760985778331,0.6203393,2.6536403,8.52802
1760985778333,0.6729814,2.6961129,8.617751
1760985778335,0.69272214,2.7290142,8.698508
1760985778338,0.7076773,2.7619154,8.793623
1760985778340,0.72263247,2.7906294,8.907282
1760985778342,0.72741807,2.7948167,9.025727
1760985778344,0.6987042,2.7954152,9.14477
1760985778347,0.6795616,2.7852457,9.296714
1760985778349,0.5988039,2.7529426,9.419945
1760985778351,0.52223355,2.7158537,9.571889
1760985778353,0.43609193,2.6883361,9.676575
1760985778356,0.34516466,2.6656044,9.809377
1760985778358,0.2638087,2.6279175,9.909277
1760985778360,0.16869399,2.5962126,9.999007
1760985778362,0.10109676,2.539383,10.094122
1760985778364,0.0011964113,2.5262225,10.20838
1760985778367,-0.05682954,2.4747767,10.293923
1760985778369,-0.16211374,2.4329023,10.393824
1760985778372,-0.23389842,2.391028,10.474581
1760985778373,-0.29192436,2.3437698,10.569695
1760985778376,-0.34037903,2.2815564,10.668998
1760985778379,-0.38404804,2.2342982,10.754541
1760985778381,-0.39960137,2.1529422,10.821541
1760985778383,-0.37627137,2.1092732,10.650454
1760985778385,-0.33020952,2.032703,10.247263
1760985778387,-0.33140594,1.9806589,9.929616
1760985778390,-0.4426722,1.881955,9.9960165
1760985778392,-0.53599226,1.6857436,10.258031
1760985778395,-0.5814559,1.5086746,10.462019
1760985778396,-0.62811595,1.3022938,10.572088
1760985778399,-0.7160522,1.1407782,10.643275
1760985778401,-0.8219346,1.0504491,10.876575
1760985778403,-0.92303133,0.974477,11.289337
1760985778405,-1.0235299,0.92243314,11.711671
1760985778407,-1.0767702,0.86979103,12.068201
1760985778410,-1.1156535,0.8219346,12.414562
1760985778413,-1.1437693,0.82612205,12.694522
1760985778414,-1.1676974,0.8069794,12.927224
1760985778416,-1.1240284,0.85842514,13.188042
1760985778419,-1.1090733,0.9056834,13.401602
1760985778421,-1.0689936,0.9912268,13.596018
1760985778423,-1.006182,1.0713863,13.69532
1760985778425,-0.94337034,1.1419746,13.766507
1760985778428,-0.8470592,1.1934203,13.756935
1760985778430,-0.78065836,1.2017952,13.780266
1760985778433,-0.7088737,1.2149557,13.8041935
1760985778435,-0.6239285,1.1796615,13.785051
1760985778437,-0.56769717,1.1497513,13.733007
1760985778439,-0.48753762,1.105484,13.704892
1760985778441,-0.4456632,1.0612168,13.72882
1760985778444,-0.42711884,1.0366904,13.79522
1760985778446,-0.43728834,1.0031909,13.90888
1760985778448,-0.47078785,0.9696914,13.999208
1760985778450,-0.5282156,0.94695956,14.051252
1760985778453,-0.5485546,0.8751749,14.09911
1760985778455,-0.5724828,0.8560323,14.118252
1760985778457,-0.5916254,0.85184485,14.179867
1760985778459,-0.5485546,0.86979103,14.312669
1760985778462,-0.485743,0.9164511,14.47897
1760985778464,-0.39481574,0.9720842,14.649459
1760985778466,-0.34097722,1.0474582,14.839089
1760985778468,-0.2739782,1.0749756,14.938392
1760985778471,-0.22073789,1.1216356,15.014364
1760985778474,-0.1680958,1.1688938,15.080765
1760985778475,-0.1381855,1.2257234,15.10888
1760985778477,-0.19860429,1.317847,15.180067
1760985778480,-0.35174492,1.527219,15.217753
1760985778482,-0.5563313,1.7659031,15.254843
1760985778484,-0.62093747,1.867598,15.264414
1760985778486,-0.6113662,1.881955,15.2357
1760985778489,-0.4336991,1.7306089,15.122041
1760985778491,-0.24705894,1.5260227,14.90908
1760985778493,-0.01375873,1.3016955,14.624932
1760985778495,0.2955136,1.0564312,14.264812
1760985778498,0.590429,0.8219346,13.819149
1760985778500,0.8662018,0.5778667,13.3639145
1760985778502,1.0390832,0.40797627,12.918251
1760985778505,1.1880364,0.24765715,12.5246315
1760985778508,1.247857,0.15613168,12.14537
1760985778509,1.2759727,0.12263216,11.818151
1760985778511,1.3226327,0.084346995,11.542976
1760985778514,1.4321043,0.08793623,11.291132
1760985778516,1.6498512,0.06999006,11.115857
1760985778518,2.0638096,0.08673982,11.0016
1760985778520,2.44367,0.08973085,10.949556
1760985778523,2.3383858,0.05802595,10.87837
1760985778525,2.2097716,0.036490545,10.807183
1760985778527,2.0865414,0.029312078,10.797612
1760985778530,1.9674984,0.0317049,10.779068
1760985778532,1.8484555,0.023928227,10.76471
1760985778534,1.7347964,0.035294134,10.783854
1760985778536,1.6594225,0.08015956,10.811969
1760985778538,1.5547365,0.05802595,10.831112
1760985778541,1.4362918,0.078963146,10.9070835
1760985778543,1.3417753,0.0951147,10.949556
1760985778546,1.2610176,0.096311115,11.006386
1760985778547,1.1754742,0.09272188,11.125429
1760985778550,1.1132607,0.05503492,11.267802
1760985778553,1.055833,0.0317049,11.386247
1760985778554,0.96490574,-0.005383851,11.510076
1760985778557,0.9349955,-0.07716853,11.618949
1760985778559,0.8913264,-0.13399807,11.714064
1760985778561,0.8662018,-0.2105684,11.757134
1760985778563,0.86979103,-0.27816564,11.771491
1760985778566,0.86859465,-0.3595216,11.79542
1760985778568,0.8859426,-0.44626144,11.776875
1760985778570,0.90388876,-0.509073,11.696117
1760985778572,0.9409775,-0.552742,11.615359
1760985778575,0.9924232,-0.60598236,11.511271
1760985778577,1.0534402,-0.631107,11.373684
1760985778579,1.0959128,-0.6556334,11.203196
1760985778581,1.1485549,-0.64606214,10.989636
1760985778583,1.1718849,-0.6412765,10.752149
1760985778586,1.2053844,-0.6221339,10.509875
1760985778588,1.2346965,-0.57846487,10.229915
1760985778590,1.2454642,-0.51086766,9.940384
1760985778594,1.2550355,-0.48155555,9.650852
1760985778595,1.2370893,-0.41814575,9.332606
1760985778597,1.2143575,-0.37387854,9.023932
1760985778599,1.1682956,-0.28594232,8.715259
1760985778601,1.11685,-0.2219343,8.435298
1760985778604,1.0516455,-0.14356937,8.188239
1760985778606,0.9625129,-0.083748795,7.978867
1760985778608,0.83988076,-0.008973085,7.7940216
1760985778611,0.72741807,0.08015956,7.5942206
1760985778613,0.6233303,0.1160519,7.4422765
1760985778616,0.5198407,0.16091733,7.3046894
1760985778617,0.38763726,0.21655045,7.190432
1760985778620,0.23688944,0.30089745,7.0953174
1760985778622,0.11485548,0.37567315,7.0289164
1760985778624,-0.012562319,0.44027936,6.972087
1760985778627,-0.16749759,0.5389833,6.929016
1760985778629,-0.28893334,0.6472585,6.9332037
1760985778631,-0.45822555,0.7603194,6.937989
1760985778633,-0.6221339,0.8739785,6.9326053
1760985778636,-0.77706915,0.9822537,6.951748
1760985778638,-0.9086744,1.0707881,6.9702926
1760985778640,-1.0546366,1.1503495,7.003194
1760985778642,-1.1952149,1.2628121,7.0408807
1760985778644,-1.3274183,1.3130615,7.1216383
1760985778647,-1.4548361,1.3441681,7.1880393
1760985778649,-1.5637096,1.3890336,7.2496543
1760985778651,-1.6821543,1.4057833,7.3112698
1760985778655,-1.7964116,1.3884354,7.3728848
1760985778656,-1.9148563,1.3998013,7.425527
1760985778657,-1.9669002,1.3956138,7.463214
1760985778660,-2.0291135,1.3824533,7.496713
1760985778663,-2.0817556,1.3399807,7.515258
1760985778664,-2.0961127,1.3304094,7.5344005
1760985778667,-2.1062822,1.2975081,7.4919276
1760985778669,-2.1212373,1.2640085,7.501499
1760985778671,-2.1026928,1.2394822,7.4446692
1760985778673,-2.0841484,1.2107682,7.3926253
1760985778676,-2.0087745,1.1760724,7.340582
1760985778678,-1.9471594,1.1700903,7.326225
1760985778680,-1.8580267,1.1204392,7.2975106
1760985778682,-1.762912,1.099502,7.3214393
1760985778685,-1.5972091,1.0725827,7.359724
1760985778687,-1.4267205,1.0360922,7.3788667
1760985778689,-1.2173486,1.0606186,7.411768
1760985778691,-1.0606186,1.082154,7.4069824
1760985778694,-0.9415757,1.0851451,7.3926253
1760985778696,-0.8315059,1.1264212,7.350153
1760985778698,-0.80757767,1.14018,7.3310103
1760985778700,-0.74536425,1.1581261,7.359126
1760985778702,-0.74596244,1.1533405,7.38784
1760985778705,-0.70348984,1.1335998,7.468598
1760985778707,-0.6801598,1.1084751,7.54457
1760985778709,-0.6329016,1.0887343,7.6109705
1760985778712,-0.567099,1.0247263,7.7347994
1760985778714,-0.5210371,0.9661021,7.825128
1760985778716,-0.46002015,0.89730847,7.929216
1760985778719,-0.44745782,0.80578303,8.043473
1760985778721,-0.42951167,0.7328019,8.190632
1760985778723,-0.43489552,0.6843473,8.390432
1760985778725,-0.45942193,0.6364908,8.641679
1760985778727,-0.47916272,0.5880362,8.879167
1760985778730,-0.5371887,0.53599226,9.140582
1760985778732,-0.5706882,0.5162515,9.410972
1760985778734,-0.613759,0.49292147,9.662816
1760985778736,-0.65682983,0.46899325,9.93799
1760985778739,-0.6622137,0.42951167,10.232307
1760985778742,-0.695115,0.4438686,10.564312
1760985778743,-0.7280163,0.46301118,10.882557
1760985778745,-0.8033902,0.47318068,11.167303
1760985778748,-0.8458628,0.49292147,11.385649
1760985778750,-0.8650054,0.4833502,11.570494
1760985778752,-0.8787641,0.4971089,11.764911
1760985778754,-0.88354975,0.50189453,11.892927
1760985778757,-0.907478,0.4971089,11.950355
1760985778759,-0.91226363,0.50189453,12.0023985
1760985778761,-0.9020941,0.5210371,12.0023985
1760985778764,-0.8877372,0.5401797,11.959328
1760985778766,-0.8781659,0.5353941,11.954542
1760985778768,-0.8446664,0.5491528,11.959328
1760985778770,-0.81655073,0.5389833,11.916855
1760985778773,-0.8021938,0.54376894,11.907284
1760985778775,-0.7543373,0.54317075,11.864811
1760985778777,-0.7262217,0.54735816,11.788839
1760985778780,-0.65922266,0.5557331,11.69851
1760985778782,-0.6029913,0.5407779,11.575279
1760985778784,-0.5461618,0.5353941,11.475379
1760985778786,-0.48394838,0.54436713,11.347363
1760985778789,-0.41754755,0.53359944,11.214561
1760985778791,-0.3182454,0.53240305,11.057832
1760985778793,-0.23748764,0.5312066,10.905888
1760985778795,-0.1471586,0.54436713,10.744371
1760985778797,-0.051445685,0.5623133,10.592427
1760985778799,0.034097724,0.58504516,10.421939
1760985778802,0.13878371,0.6125626,10.260424
1760985778804,0.23928227,0.6305088,10.113265
1760985778807,0.33499518,0.6771688,9.927821
1760985778808,0.41575295,0.7046863,9.771091
1760985778811,0.51206404,0.76570326,9.609575
1760985778813,0.6029913,0.82672024,9.471989
1760985778815,0.66101724,0.87936234,9.315259
1760985778818,0.762114,0.9403793,9.158528
1760985778820,0.84347,0.9870393,9.006584
1760985778822,0.910469,1.0199406,8.859426
1760985778824,0.96789676,1.0671989,8.749954
1760985778826,1.035494,1.1192428,8.635697
1760985778829,1.079163,1.166501,8.550154
1760985778831,1.1270195,1.1946167,8.446066
1760985778833,1.1324034,1.2287145,8.355737
1760985778836,1.1706885,1.2616158,8.284551
1760985778838,1.180858,1.2855439,8.213364
1760985778841,1.1766706,1.3142579,8.184649
1760985778842,1.1718849,1.3339987,8.12782
1760985778844,1.1772687,1.3674982,8.12782
1760985778847,1.1730813,1.3914263,8.103892
1760985778849,1.1784651,1.4153546,8.108678
1760985778852,1.1880364,1.4440684,8.112865
1760985778853,1.1796615,1.4823537,8.151151
1760985778856,1.1988041,1.5062819,8.188837
1760985778859,1.1940185,1.5158532,8.236095
1760985778861,1.2089736,1.5487545,8.288737
1760985778863,1.1910275,1.5876378,8.340781
1760985778865,1.2149557,1.5966109,8.4400835
1760985778867,1.1964114,1.6253247,8.520842
1760985778869,1.2059826,1.6444674,8.601599
1760985778872,1.2059826,1.6247265,8.705687
1760985778874,1.1964114,1.6438692,8.805588
1760985778876,1.2059826,1.6295122,8.89113
1760985778878,1.2059826,1.6384853,8.957532
1760985778881,1.2203395,1.6480566,9.043075
1760985778883,1.2107682,1.643271,9.109476
1760985778885,1.2299109,1.6474584,9.171091
1760985778888,1.2251252,1.6378871,9.232706
1760985778890,1.2251252,1.6474584,9.31825
1760985778892,1.253839,1.6468602,9.365508
1760985778895,1.2586247,1.6319051,9.427123
1760985778896,1.2777673,1.6360924,9.488738
1760985778899,1.2969099,1.6504494,9.5455675
1760985778901,1.3160524,1.6737795,9.588638
1760985778903,1.3591232,1.66361,9.645468
1760985778906,1.3633107,1.6534405,9.692726
1760985778908,1.3824533,1.6528423,9.75494
1760985778911,1.3824533,1.643271,9.77827
1760985778912,1.4159528,1.666601,9.806984
1760985778914,1.4255241,1.666601,9.821341
1760985778916,1.4440684,1.6468602,9.859028
1760985778919,1.4446666,1.6612171,9.839885
1760985778921,1.4685949,1.6851454,9.859028
1760985778924,1.463211,1.6462619,9.887741
1760985778926,1.4871392,1.6558332,9.892527
1760985778928,1.5014962,1.6648064,9.925428
1760985778931,1.4727824,1.6510476,9.906285
1760985778933,1.4727824,1.6558332,9.915857
1760985778935,1.4823537,1.6606189,9.925428
1760985778938,1.4913267,1.6408781,9.939785
1760985778940,1.463211,1.6510476,9.963714
1760985778943,1.4440684,1.6372889,9.968499
1760985778944,1.4111671,1.6570296,9.982258
1760985778946,1.3830515,1.6719848,9.977472
1760985778949,1.3734802,1.6719848,9.991829
1760985778950,1.3495519,1.6677973,9.963714
1760985778953,1.311865,1.6875381,9.925428
1760985778955,1.2981063,1.7120646,9.920643
1760985778958,1.2747762,1.7407784,9.906285
1760985778960,1.2364911,1.7324036,9.911072
1760985778963,1.2089736,1.7665013,9.891929
1760985778964,1.1802598,1.7814565,9.896714
1760985778966,1.1425728,1.791626,9.868001
1760985778968,1.1288141,1.8107685,9.839885
1760985778971,1.1288141,1.8113668,9.806385
1760985778973,1.0959128,1.8311075,9.763913
1760985778976,1.119841,1.8400806,9.71127
1760985778977,1.119841,1.8454645,9.659226
1760985778980,1.0570294,1.8077775,9.602397
1760985778982,1.0522437,1.8083757,9.559925
1760985778985,1.0438689,1.8466609,9.568898
1760985778987,1.0444671,1.8897316,9.58804
1760985778990,1.049851,1.9232312,9.559326
1760985778991,1.0456635,1.9477576,9.54497
1760985778993,1.0839486,1.9806589,9.573684
1760985778995,1.1030912,1.9992033,9.578469
1760985778998,1.1282159,2.0470598,9.573684
1760985779000,1.1712867,2.094318,9.587442
1760985779002,1.1820544,2.1421745,9.616156
1760985779004,1.1826526,2.1804597,9.6682
1760985779007,1.1928221,2.2235305,9.701101
1760985779009,1.1934203,2.2666013,9.757931
1760985779011,1.2035898,2.3042881,9.809975
1760985779014,1.2000005,2.361716,9.866804
1760985779016,1.2149557,2.4095724,9.928419
1760985779018,1.2251252,2.457429,9.999606
1760985779020,1.2263216,2.510071,10.056436
1760985779023,1.2083755,2.5579274,10.132407
1760985779026,1.2376875,2.5956144,10.198809
1760985779027,1.2287145,2.6488547,10.264611
1760985779030,1.2484552,2.6769702,10.293324
1760985779033,1.2394822,2.7110682,10.331012
1760985779034,1.2400804,2.754139,10.340583
1760985779036,1.2412767,2.8115666,10.350154
1760985779038,1.265205,2.8253253,10.335797
1760985779041,1.2424731,2.8785655,10.335797
1760985779043,1.2191432,2.917449,10.31187
1760985779045,1.2143575,2.9180472,10.316655
1760985779047,1.2053844,2.9467611,10.297512
1760985779050,1.2011969,2.9706893,10.2927265
1760985779052,1.2155539,2.9946175,10.249656
1760985779054,1.2346965,3.0041888,10.231112
1760985779056,1.2442678,3.0089746,10.207183
1760985779059,1.2634103,2.9940193,10.17847
1760985779061,1.2915261,2.9838498,10.140782
1760985779063,1.3244274,2.949752,10.116854
1760985779066,1.3477573,2.9401808,10.103095
1760985779068,1.3710874,2.9156544,10.093524
1760985779071,1.4183456,2.885744,10.126426
1760985779073,1.4889339,2.8749764,10.131211
1760985779075,1.5457634,2.8402805,10.183853
1760985779077,1.6115661,2.8055844,10.217353
1760985779080,1.6677973,2.7702904,10.274182
1760985779082,1.7150556,2.7553353,10.335797
1760985779084,1.7958134,2.7343981,10.387841
1760985779086,1.8376877,2.7044878,10.463814
1760985779088,1.884946,2.6793633,10.563714
1760985779091,1.96032,2.649453,10.630115
1760985779093,2.0171494,2.614757,10.692328
1760985779095,2.0931215,2.6129622,10.7635145
1760985779097,2.1397817,2.5639095,10.834701
1760985779100,2.1816561,2.5292134,10.915459
1760985779102,2.2241287,2.5094728,10.962717
1760985779104,2.251646,2.4508486,11.038689
1760985779106,2.2797618,2.4071796,11.100903
1760985779108,2.288735,2.3928227,11.167303
1760985779111,2.2875385,2.3108685,11.228918
1760985779113,2.2863421,2.2624137,11.271989
1760985779116,2.2474587,2.2103698,11.319247
1760985779118,2.2319052,2.1385853,11.37189
1760985779121,2.2169502,2.076372,11.438291
1760985779122,2.1780667,2.0338993,11.462218
1760985779124,2.1625135,1.9567307,11.495718
1760985779127,2.1571295,1.899303,11.547762
1760985779128,2.1272194,1.8370895,11.571691
1760985779131,2.088336,1.7850457,11.590833
1760985779133,2.0638096,1.7324036,11.643475
1760985779135,2.0578275,1.6606189,11.629118
1760985779138,2.0045872,1.608575,11.686545
1760985779140,1.9938195,1.527219,11.710474
1760985779142,1.9974087,1.4691931,11.724831
1760985779145,1.9908284,1.3734802,11.734403
1760985779147,1.9944177,1.2915261,11.782259
1760985779149,2.0171494,1.2335001,11.829517
1760985779151,2.067997,1.1509477,11.834303
1760985779154,2.1044874,1.0540384,11.867802
1760985779156,2.1649063,0.9810573,11.882159
1760985779158,2.225325,0.92243314,11.930016
1760985779161,2.3001008,0.82013994,11.949158
1760985779163,2.3503501,0.7328019,11.987443
1760985779164,2.4065814,0.6837491,12.025728
1760985779166,2.4765713,0.6053841,12.040086
1760985779169,2.5513473,0.5270192,12.054442
1760985779171,2.6165516,0.44925246,12.07837
1760985779173,2.6721847,0.37627137,12.073585
1760985779176,2.7128627,0.26979074,12.083157
1760985779178,2.778067,0.18664017,12.102897
1760985779180,2.809772,0.09990034,12.098111
1760985779182,2.856432,0.026919255,12.074781
1760985779185,2.8929226,-0.04546363,12.060425
1760985779187,2.9012976,-0.12263216,12.069996
1760985779189,2.9282167,-0.21894327,12.075379
1760985779192,2.9509485,-0.27218357,12.080165
1760985779194,2.9252257,-0.37746778,12.108879
1760985779196,2.9336007,-0.44027936,12.165709
1760985779198,2.894119,-0.5407779,12.189637
1760985779201,2.87378,-0.60777694,12.21835
1760985779203,2.8390841,-0.6789634,12.247065
1760985779205,2.8049862,-0.7268199,12.294323
1760985779208,2.7708886,-0.78843504,12.327823
1760985779210,2.737389,-0.8213364,12.356536
1760985779212,2.708077,-0.8452646,12.361321
1760985779215,2.6799614,-0.8446664,12.38525
1760985779217,2.6554348,-0.8775677,12.380465
1760985779220,2.6464617,-0.8536395,12.366107
1760985779222,2.6273193,-0.8530413,12.361321
1760985779224,2.6464617,-0.8536395,12.31885
1760985779227,2.6368906,-0.8386843,12.261421
1760985779228,2.632703,-0.80518484,12.242877
1760985779230,2.638087,-0.77587277,12.1663065
1760985779233,2.6344976,-0.7088737,12.071791
1760985779235,2.6063821,-0.68853474,11.995818
1760985779237,2.6111677,-0.67417777,11.886347
1760985779239,2.574079,-0.6346962,11.78166
1760985779241,2.536392,-0.5952146,11.6440735
1760985779243,2.528017,-0.5515456,11.482557
1760985779246,2.4993033,-0.5270192,11.335399
1760985779248,2.4382863,-0.48215377,11.173883
1760985779250,2.3718855,-0.4755735,10.974681
1760985779253,2.3252254,-0.4408776,10.798809
1760985779255,2.2594228,-0.39601216,10.604392
1760985779257,2.2175484,-0.35174492,10.390832
1760985779259,2.1750758,-0.3068795,10.21496
1760985779262,2.1140587,-0.27218357,10.010972
1760985779264,2.0961127,-0.21834506,9.806385
1760985779266,2.0877378,-0.15074782,9.616755
1760985779269,2.065006,-0.08733802,9.431311
1760985779270,2.0518453,-0.0047856453,9.255438
1760985779273,2.0662024,0.014356935,9.098708
1760985779275,2.0578275,0.07716853,8.946764
1760985779277,2.044667,0.14536397,8.79482
1760985779279,2.0410776,0.19322042,8.666803
1760985779283,2.0464616,0.24646074,8.542975
1760985779284,2.056631,0.29012975,8.429316
1760985779286,2.047658,0.32841492,8.310273
1760985779289,2.0386848,0.36729828,8.234301
1760985779291,2.0350957,0.40618163,8.120044
1760985779293,2.021337,0.44985065,8.082356
1760985779296,2.036292,0.4881358,8.006385
1760985779298,2.012962,0.50787663,7.9304123
1760985779300,1.989632,0.5515456,7.8921275
1760985779302,1.975275,0.5521438,7.8400836
1760985779304,1.9710877,0.590429,7.778468
1760985779307,1.9770697,0.634098,7.7210402
1760985779309,1.9579271,0.6436693,7.711469
1760985779311,1.9585253,0.68255264,7.668997
1760985779314,1.9824536,0.701097,7.635497
1760985779316,2.0117657,0.7298109,7.6067834
1760985779319,2.0075781,0.7537391,7.583453
1760985779320,2.0315065,0.77706915,7.5643106
1760985779322,2.027319,0.8063812,7.530811
1760985779325,2.0464616,0.81595254,7.502097
1760985779327,2.0847468,0.8488538,7.4739814
1760985779329,2.108675,0.86261255,7.459625
1760985779332,2.1188445,0.8817552,7.4309106
1760985779334,2.1284158,0.9056834,7.3980093
1760985779336,2.1337996,0.9296116,7.374081
1760985779338,2.1625135,0.9529416,7.350153
1760985779341,2.1535404,0.9631111,7.3028946
1760985779343,2.1535404,0.95832545,7.288538
1760985779346,2.1631117,0.9726824,7.274181
1760985779347,2.2061825,0.9912268,7.231708
1760985779349,2.2157538,0.98644114,7.1742806
1760985779351,2.2492533,1.0193424,7.1509504
1760985779354,2.2821546,1.0091729,7.112665
1760985779356,2.3300111,1.032503,7.0749784
1760985779359,2.344368,1.0277174,7.036693
1760985779361,2.3922246,1.041476,7.012765
1760985779363,2.4065814,1.0504491,6.984649
1760985779366,2.449054,1.049851,6.936793
1760985779367,2.4358935,1.0839486,6.9224358
1760985779370,2.4735804,1.0977074,6.9134626
1760985779372,2.4741786,1.1120644,6.875178
1760985779374,2.4646072,1.1222339,6.851249
1760985779376,2.4933212,1.11685,6.8464637
1760985779378,2.4987051,1.1551352,6.841678
1760985779381,2.4939194,1.1599208,6.808777
1760985779383,2.513062,1.1694921,6.789634
1760985779385,2.5184457,1.2029916,6.799206
1760985779388,2.5328028,1.1976078,6.8039913
1760985779390,2.5375884,1.2215359,6.8039913
1760985779392,2.5381866,1.2358929,6.79442
1760985779394,2.5908287,1.2592229,6.803393
1760985779397,2.5908287,1.2687942,6.7848487
1760985779399,2.6386852,1.2777673,6.7609205
1760985779401,2.6907291,1.2669996,6.741778
1760985779404,2.7242286,1.2807583,6.7226353
1760985779406,2.7714868,1.2705889,6.713662
1760985779408,2.8145576,1.2891332,6.6945195
1760985779411,2.8666015,1.3022938,6.6705914
1760985779413,2.900101,1.2873386,6.689734
1760985779415,2.9437702,1.3393825,6.699305
1760985779417,2.9671001,1.3387842,6.741778
1760985779419,2.981457,1.3387842,6.774679
1760985779422,2.9862428,1.3435699,6.81775
1760985779424,2.986841,1.3621143,6.869794
1760985779426,2.996412,1.3621143,6.9122663
1760985779428,2.9629126,1.3722838,6.960123
1760985779431,2.9916265,1.3669,6.9882383
1760985779433,2.986841,1.3669,7.031309
1760985779435,2.986841,1.3716856,7.09771
1760985779438,2.986841,1.3615161,7.1449685
1760985779440,3.0059834,1.3710874,7.2065835
1760985779442,2.9820552,1.3663018,7.25444
1760985779444,2.9724839,1.3615161,7.335198
1760985779446,2.958127,1.3471591,7.3920274
1760985779449,2.9389844,1.3280165,7.4775705
1760985779451,2.9150562,1.3142579,7.5296144
1760985779453,2.9102705,1.3190435,7.605587
1760985779455,2.905485,1.3136597,7.69113
1760985779458,2.8761728,1.2807583,7.771888
1760985779461,2.8666015,1.2664014,7.862217
1760985779462,2.8660033,1.2370893,7.9190464
1760985779464,2.856432,1.2131611,8.009376
1760985779466,2.8468606,1.2083755,8.099107
1760985779469,2.8319056,1.1796615,8.175676
1760985779471,2.821736,1.146162,8.270193
1760985779473,2.8025935,1.1174482,8.322835
1760985779476,2.8019953,1.0983056,8.374879
1760985779478,2.7876384,1.0839486,8.4604225
1760985779480,2.801397,1.0546366,8.526823
1760985779482,2.8103702,1.0205388,8.583653
1760985779485,2.8049862,0.99661064,8.645866
1760985779487,2.8337002,0.99601245,8.69791
1760985779489,2.838486,0.9906286,8.749954
1760985779492,2.8289146,0.9912268,8.778668
1760985779494,2.8235307,0.9619147,8.849854
1760985779496,2.8235307,0.9523434,8.916255
1760985779498,2.804388,0.9379865,8.973084
1760985779501,2.7900312,0.94277215,9.020942
1760985779503,2.7613173,0.9290134,9.092128
1760985779505,2.7565317,0.9194421,9.163314
1760985779507,2.7230322,0.9056834,9.177671
1760985779509,2.7182465,0.90089774,9.205787
1760985779512,2.6991038,0.8817552,9.253643
1760985779515,2.6745775,0.8578269,9.263215
1760985779516,2.656033,0.8536395,9.29133
1760985779519,2.6315067,0.8249256,9.32483
1760985779522,2.6315067,0.8105687,9.334401
1760985779523,2.612364,0.8207382,9.32483
1760985779528,2.5788646,0.8021938,9.329616
1760985779528,2.5926232,0.77766734,9.329616
1760985779530,2.5734808,0.77347994,9.300901
1760985779532,2.5878377,0.7585248,9.300901
1760985779534,2.6063821,0.74416786,9.268001
1760985779537,2.5872395,0.73459655,9.291928
1760985779540,2.5866413,0.7106683,9.263215
1760985779541,2.5962126,0.7106683,9.225528
1760985779543,2.6153553,0.715454,9.206385
1760985779546,2.6195426,0.69092757,9.206385
1760985779548,2.6195426,0.69092757,9.163913
1760985779550,2.6051857,0.66759753,9.120842
1760985779552,2.6004,0.6771688,9.106484
1760985779555,2.5627131,0.68255264,9.073584
1760985779557,2.548356,0.69272214,9.049655
1760985779559,2.5202405,0.71246296,9.002397
1760985779561,2.4969103,0.74177504,8.959326
1760985779564,2.440081,0.7573284,8.926425
1760985779567,2.393421,0.7920243,8.892925
1760985779568,2.3653052,0.8356933,8.826525
1760985779570,2.3425734,0.87936234,8.7882395
1760985779573,2.2815564,0.91405827,8.721839
1760985779575,2.2582264,0.94337034,8.69791
1760985779578,2.2205393,0.96849495,8.665009
1760985779580,2.1649063,1.0510473,8.645268
1760985779582,2.1134605,1.1096715,8.607581
1760985779584,2.0721843,1.1826526,8.569296
1760985779586,2.03031,1.2263216,8.531011
1760985779589,1.9932213,1.2801601,8.526225
1760985779591,1.9423738,1.3579268,8.483752
1760985779593,1.9148563,1.4207385,8.455039
1760985779595,1.8586249,1.4793626,8.407183
1760985779598,1.7982062,1.538585,8.3784685
1760985779599,1.7503498,1.5487545,8.326425
1760985779602,1.7138592,1.6265212,8.268997
1760985779604,1.7001005,1.6654046,8.2456665
1760985779607,1.6534405,1.7096717,8.216953
1760985779608,1.6354942,1.7533408,8.183454
1760985779611,1.6175481,1.8257236,8.140383
1760985779613,1.5900307,1.8693926,8.126026
1760985779615,1.591227,1.931606,8.135597
1760985779618,1.5966109,1.9698912,8.135597
1760985779621,1.6067804,2.0321047,8.135597
1760985779623,1.5840486,2.070988,8.135597
1760985779625,1.585245,2.1385853,8.130213
1760985779627,1.5948163,2.1619153,8.120642
1760985779629,1.5858432,2.1912274,8.130213
1760985779631,1.5918252,2.263012,8.125427
1760985779633,1.5918252,2.2725832,8.153543
1760985779637,1.6450655,2.3198416,8.172686
1760985779639,1.6408781,2.3437698,8.196614
1760985779641,1.669592,2.3718855,8.234301
1760985779643,1.7138592,2.428715,8.281559
1760985779645,1.7090735,2.457429,8.328817
1760985779647,1.7288144,2.4855444,8.376674
1760985779649,1.7766708,2.5136602,8.414361
1760985779652,1.8107685,2.5513473,8.466405
1760985779654,1.835295,2.5794628,8.499306
1760985779657,1.8831514,2.612364,8.565707
1760985779659,1.9166509,2.635694,8.618349
1760985779660,1.9830518,2.6344976,8.656036
1760985779663,2.012962,2.6865416,8.688937
1760985779665,2.0458634,2.676372,8.727222
1760985779667,2.0985055,2.6895328,8.750552
1760985779669,2.1655045,2.7218359,8.784052
1760985779671,2.1936202,2.716452,8.807981
1760985779674,2.2271197,2.7110682,8.816954
1760985779676,2.265405,2.7296124,8.86481
1760985779678,2.3318057,2.7475586,8.86481
1760985779680,2.3694925,2.7278178,8.921639
1760985779683,2.4221346,2.7266214,8.959326
1760985779685,2.4885356,2.7206392,9.030513
1760985779687,2.5262225,2.6955147,9.11127
1760985779689,2.5926232,2.684747,9.173484
1760985779692,2.6488547,2.664408,9.24467
1760985779694,2.720041,2.653042,9.329616
1760985779696,2.757728,2.638087,9.410374
1760985779698,2.8193433,2.6321049,9.529416
1760985779701,2.900101,2.6063821,9.633504
1760985779704,2.9569306,2.5950162,9.762118
1760985779705,3.0179477,2.5698915,9.918848
1760985779707,3.0652058,2.5543382,10.1084795
1760985779710,3.1363924,2.533401,10.312468
1760985779712,3.202195,2.4885356,10.521241
1760985779714,3.2638102,2.4819553,10.758729
1760985779716,3.3343983,2.4418755,11.001002
1760985779719,3.4055848,2.42034,11.247463
1760985779721,3.5144582,2.4035904,11.508879
1760985779723,3.5994034,2.367698,11.793625
1760985779725,3.7274194,2.3216362,12.087942
1760985779728,3.8069808,2.2761726,12.382259
1760985779730,3.9397824,2.2492533,12.667005
1760985779732,4.0528436,2.1984057,12.961322
1760985779735,4.14736,2.1337996,13.217953
1760985779737,4.21735,2.0697916,13.441083
1760985779739,4.28734,2.0105693,13.626527
1760985779741,4.310072,1.9423738,13.8024
1760985779750,4.3519464,1.8837496,13.906487
1760985779750,4.3651066,1.820938,13.996816
1760985779750,4.354937,1.7635103,14.035101
1760985779751,4.334,1.672583,14.026128
1760985779757,4.304688,1.6205392,13.9782715
1760985779757,4.2705903,1.5637096,13.907683
1760985779757,4.2406797,1.50688,13.789239
1760985779766,4.2167516,1.4979069,13.655839
1760985779766,4.202993,1.4985052,13.485351
1760985779766,4.159922,1.4901303,13.338192
1760985779766,4.1461635,1.5146568,13.167105
1760985779768,4.1084766,1.5349957,13.000804
1760985779770,4.0797625,1.5595222,12.820744
1760985779772,4.066602,1.6133606,12.620943
1760985779775,4.0151563,1.6528423,12.445669
1760985779777,3.9924245,1.7114664,12.260225
1760985779779,3.9553359,1.7653049,12.093924
1760985779781,3.9278183,1.8430717,11.956337
1760985779784,3.8763726,1.8825532,11.875579
1760985779786,3.81057,1.9369899,11.770893
1760985779789,3.7453656,2.0003998,11.647662
1760985779791,3.7034912,2.0542383,11.59502
1760985779793,3.6382868,2.1230319,11.547164
1760985779795,3.6107693,2.1762722,11.542378
1760985779797,3.5635111,2.2055843,11.542378
1760985779800,3.5210385,2.2307088,11.580664
1760985779802,3.5126636,2.2737796,11.651252
1760985779804,3.4695928,2.2695923,11.741581
1760985779806,3.4462628,2.2983062,11.850454
1760985779808,3.4229329,2.2983062,11.979069
1760985779811,3.4223347,2.288735,12.092728
1760985779813,3.4037902,2.2791636,12.21177
1760985779816,3.388835,2.2648067,12.315858
1760985779817,3.35055,2.2414765,12.415758
1760985779820,3.3212378,2.2031915,12.496516
1760985779822,3.2973096,2.1888344,12.543775
1760985779825,3.2685957,2.1511476,12.572489
1760985779826,3.2446675,2.1367905,12.601202
1760985779829,3.2009985,2.0847468,12.601202
1760985779831,3.1579278,2.0668006,12.591631
1760985779834,3.0999017,2.0386848,12.553944
1760985779836,3.0610185,1.9770697,12.487543
1760985779838,2.998805,1.9495523,12.449856
1760985779840,2.917449,1.9028922,12.37867
1760985779842,2.8642087,1.8658035,12.302697
1760985779845,2.8259234,1.8376877,12.236297
1760985779847,2.7732813,1.8340986,12.141182
1760985779849,2.7116663,1.820938,12.0227375
1760985779852,2.673381,1.8125632,11.941979
1760985779854,2.6117659,1.8329022,11.833106
1760985779857,2.574079,1.8484555,11.733206
1760985779859,2.5070798,1.835295,11.629118
1760985779861,2.4646072,1.8508483,11.495718
1760985779863,2.3988047,1.8807586,11.410174
1760985779865,2.3467607,1.896312,11.296515
1760985779868,2.3228326,1.8921245,11.178071
1760985779869,2.2947168,1.9076779,11.059028
1760985779872,2.2612174,1.9034904,10.95494
1760985779875,2.2420747,1.8897316,10.85504
1760985779877,2.1942184,1.8813568,10.769497
1760985779879,2.1655045,1.8771694,10.684551
1760985779881,2.1134605,1.8831514,10.622936
1760985779884,2.079961,1.8741783,10.527822
1760985779886,2.0368903,1.855634,10.461421
1760985779888,1.9794625,1.8424734,10.385448
1760985779890,1.9322042,1.8436699,10.33819
1760985779892,1.8939191,1.8442681,10.290334
1760985779895,1.8514465,1.8406788,10.23829
1760985779897,1.8083757,1.8364913,10.219148
1760985779899,1.7796619,1.8227327,10.157532
1760985779901,1.7180467,1.8191434,10.134202
1760985779903,1.6893328,1.8053846,10.11506
1760985779906,1.683949,1.7910278,10.063016
1760985779908,1.6558332,1.7964116,10.067801
1760985779911,1.6319051,1.7724833,10.077373
1760985779913,1.5978073,1.7443677,10.053444
1760985779915,1.5786648,1.7497516,10.05823
1760985779917,1.5403795,1.7120646,10.077373
1760985779920,1.4919249,1.6648064,10.096515
1760985779921,1.463211,1.6504494,10.124631
1760985779924,1.4434702,1.6031911,10.153345
1760985779926,1.3908281,1.5655042,10.177273
1760985779929,1.3226327,1.4895321,10.253245
1760985779931,1.2837493,1.41356,10.315458
1760985779933,1.253839,1.3513466,10.367502
1760985779935,1.1862419,1.2753744,10.434502
1760985779937,1.1282159,1.2137593,10.505688
1760985779939,1.0456635,1.1335998,10.576875
1760985779942,0.99302137,1.0815558,10.667203
1760985779944,0.95353985,1.0001999,10.762318
1760985779946,0.8859426,0.9391829,10.824532
1760985779948,0.8279166,0.88235337,10.890932
1760985779951,0.7746763,0.8063812,10.929217
1760985779953,0.7118647,0.7686943,10.952547
1760985779957,0.6538388,0.71246296,10.962717
1760985779957,0.58265233,0.69930243,10.97169
1760985779960,0.50129634,0.67178494,10.943574
1760985779962,0.4438686,0.6586244,10.929217
1760985779964,0.36789647,0.6454639,10.881959
1760985779967,0.3152544,0.63230336,10.815558
1760985779969,0.2536392,0.6478567,10.777273
1760985779971,0.19621146,0.62512493,10.687542
1760985779973,0.14476576,0.6550352,10.621141
1760985779976,0.09750752,0.6843473,10.516456
1760985779979,0.050249275,0.6999006,10.383654
1760985779981,-0.0065802624,0.72083783,10.278968
1760985779982,-0.019740786,0.77407813,10.179068
1760985779985,-0.07178468,0.7896315,10.017552
1760985779987,-0.10468599,0.8147561,9.865608
1760985779989,-0.15613168,0.863809,9.737592
1760985779991,-0.1698904,0.89312106,9.585648
1760985779993,-0.18364914,0.93260264,9.428918
1760985779996,-0.2015953,0.971486,9.257831
1760985779998,-0.22073789,0.9720842,9.105886
1760985780000,-0.22073789,0.9822537,8.944969
1760985780003,-0.22971097,1.0163515,8.802596
1760985780005,-0.23389842,1.0408778,8.6548395
1760985780008,-0.22013968,1.0313065,8.517252
1760985780010,-0.22432712,1.0456635,8.379665
1760985780012,-0.20518455,1.0600204,8.270791
1760985780014,-0.20518455,1.0654043,8.166105
1760985780016,-0.18185452,1.0648061,8.080562
1760985780018,-0.18185452,1.055833,8.000402
1760985780020,-0.148355,1.0552348,7.9477606
1760985780023,-0.148355,1.0600204,7.8813596
1760985780025,-0.14356937,1.0695918,7.810173
1760985780027,-0.12981063,1.0552348,7.7677007
1760985780030,-0.11545369,1.0552348,7.7204423
1760985780032,-0.091525465,1.0737791,7.6630144
1760985780034,-0.096311115,1.0648061,7.6348987
1760985780036,-0.07178468,1.102493,7.582257
1760985780039,-0.05742774,1.1072787,7.554141
1760985780041,-0.062213387,1.102493,7.520642
1760985780043,-0.047856454,1.1072787,7.501499
1760985780045,-0.047856454,1.1359925,7.4823565
1760985780047,-0.062213387,1.1270195,7.4446692
1760985780050,-0.07597212,1.160519,7.4590263
1760985780052,-0.09451649,1.1754742,7.463812
1760985780054,-0.0849452,1.189831,7.4919276
1760985780057,-0.1274178,1.180858,7.5110703
1760985780059,-0.15074782,1.2047862,7.5349984
1760985780061,-0.1698904,1.21017,7.548757
1760985780063,-0.19860429,1.2059826,7.5678997
1760985780066,-0.19860429,1.2107682,7.5583286
1760985780069,-0.20279172,1.2346965,7.5870423
1760985780070,-0.2117648,1.2394822,7.5870423
1760985780072,-0.17407785,1.2436695,7.596614
1760985780076,-0.16450655,1.2484552,7.600801
1760985780077,-0.1591227,1.2675978,7.6199436
1760985780079,-0.13100705,1.262214,7.600801
1760985780082,-0.111864455,1.2472588,7.629515
1760985780084,-0.10707881,1.2568301,7.648658
1760985780086,-0.09810573,1.2520444,7.667202
1760985780088,-0.050249275,1.2460624,7.7054873
1760985780091,-0.04127619,1.2317054,7.7437725
1760985780093,-0.026919255,1.2311072,7.757531
1760985780095,0.015553347,1.2113664,7.786245
1760985780097,0.04366901,1.1964114,7.8287177
1760985780099,0.07238288,1.2005987,7.852646
1760985780102,0.10049855,1.1952149,7.8909307
1760985780104,0.148355,1.1940185,7.9429746
1760985780107,0.16749759,1.1934203,7.9998045
1760985780108,0.21475583,1.1880364,8.023732
1760985780111,0.26261228,1.2059826,8.080562
1760985780113,0.32482567,1.2191432,8.1230345
1760985780115,0.35832518,1.2472588,8.203793
1760985780118,0.424726,1.250848,8.251051
1760985780120,0.48215377,1.2640085,8.284551
1760985780122,0.5491528,1.2771691,8.34138
1760985780125,0.587438,1.3004991,8.393424
1760985780127,0.62512493,1.2951152,8.445468
1760985780129,0.6681957,1.317847,8.488539
1760985780131,0.6969096,1.3220345,8.535796
1760985780134,0.72083783,1.3166506,8.606983
1760985780136,0.74476606,1.3310076,8.649456
1760985780138,0.7495517,1.3495519,8.706285
1760985780140,0.7830512,1.3633107,8.777472
1760985780142,0.78843504,1.3824533,8.834899
1760985780145,0.7938189,1.4111671,8.877372
1760985780148,0.79860455,1.4249259,8.915059
1760985780150,0.7848458,1.4350954,8.953344
1760985780152,0.7615158,1.4787644,8.991031
1760985780154,0.76749784,1.5361922,9.033504
1760985780157,0.76331043,1.5744773,9.057432
1760985780158,0.73100734,1.6325033,9.080762
1760985780160,0.7178468,1.6755741,9.132806
1760985780163,0.7040881,1.7336,9.156734
1760985780164,0.69092757,1.7820547,9.18485
1760985780167,0.6017949,1.841277,9.208778
1760985780169,0.57906306,1.9082761,9.256036
1760985780171,0.52283174,1.9621146,9.288938
1760985780175,0.50009996,2.0057836,9.312267
1760985780176,0.4534399,2.0691934,9.33141
1760985780178,0.41635114,2.1080768,9.33141
1760985780180,0.37387854,2.1326032,9.349955
1760985780183,0.34576288,2.1625135,9.302696
1760985780185,0.30388847,2.2061825,9.283554
1760985780187,0.28115666,2.2498515,9.245269
1760985780189,0.22911277,2.2845473,9.212367
1760985780192,0.20578274,2.309074,9.159725
1760985780194,0.19680966,2.3383858,9.117252
1760985780196,0.17347965,2.367698,9.078967
1760985780198,0.16510476,2.4011974,9.036494
1760985780201,0.17048861,2.4592235,9.007781
1760985780203,0.1471586,2.469393,8.946166
1760985780205,0.1381855,2.498107,8.898309
1760985780208,0.14297116,2.5028925,8.865408
1760985780211,0.1381855,2.5082762,8.799007
1760985780212,0.11485548,2.5471597,8.755937
1760985780215,0.11545369,2.5615165,8.703893
1760985780217,0.10049855,2.5477579,8.656036
1760985780219,0.08733802,2.6009982,8.580064
1760985780221,0.0735793,2.629712,8.532805
1760985780224,0.09272188,2.6536403,8.452047
1760985780226,0.083748795,2.6781666,8.356933
1760985780228,0.084346995,2.7074788,8.2761755
1760985780230,0.0849452,2.7314072,8.2049885
1760985780232,0.07537391,2.736791,8.109874
1760985780234,0.08015956,2.7463622,8.043473
1760985780237,0.08554341,2.7750762,7.9627156
1760985780240,0.10468599,2.7798617,7.8867435
1760985780242,0.11425728,2.8037899,7.825128
1760985780244,0.1052842,2.8187451,7.7587276
1760985780246,0.1381855,2.8277183,7.7066836
1760985780248,0.148355,2.8516464,7.6396847
1760985780251,0.16749759,2.8612177,7.6163545
1760985780252,0.18664017,2.8606195,7.559525
1760985780255,0.22492532,2.8791637,7.530811
1760985780257,0.23389842,2.8600214,7.5068827
1760985780260,0.27218357,2.8833513,7.483553
1760985780262,0.32961133,2.8869405,7.4787674
1760985780264,0.36729828,2.8671997,7.4644103
1760985780267,0.3906283,2.8719854,7.4548388
1760985780269,0.4426722,2.856432,7.450053
1760985780271,0.46660042,2.841477,7.4452677
1760985780273,0.5138587,2.836093,7.440482
1760985780275,0.5371887,2.821138,7.4309106
1760985780278,0.5844469,2.801397,7.4362946
1760985780280,0.5886344,2.7816563,7.4452677
1760985780282,0.60717875,2.7481568,7.4644103
1760985780284,0.64008003,2.7278178,7.4787674
1760985780287,0.65922266,2.7182465,7.493124
1760985780289,0.66400826,2.7176483,7.517052
1760985780291,0.68255264,2.6889346,7.536195
1760985780293,0.6963114,2.678765,7.5643106
1760985780295,0.7292127,2.6638098,7.569096
1760985780298,0.762114,2.644069,7.5643106
1760985780301,0.799801,2.6141586,7.616953
1760985780303,0.8333005,2.6135604,7.6217384
1760985780304,0.8709874,2.5986054,7.635497
1760985780307,0.9086744,2.5932214,7.6833534
1760985780309,0.9607183,2.5968108,7.6977105
1760985780311,1.0127622,2.57707,7.692925
1760985780314,1.055833,2.5758736,7.7120676
1760985780316,1.0887343,2.5704896,7.744969
1760985780318,1.1120644,2.5555346,7.7497544
1760985780320,1.1551352,2.559722,7.768897
1760985780322,1.1742777,2.5692933,7.75454
1760985780325,1.1976078,2.5543382,7.7880397
1760985780327,1.2023934,2.5591238,7.778468
1760985780329,1.2406785,2.5579274,7.792227
1760985780332,1.2646067,2.5674987,7.8017983
1760985780334,1.302892,2.5812573,7.7826557
1760985780336,1.3166506,2.5663023,7.778468
1760985780338,1.3405789,2.5758736,7.792227
1760985780340,1.3549358,2.565704,7.7832537
1760985780343,1.393221,2.5986054,7.75454
1760985780345,1.4069797,2.5746772,7.764111
1760985780347,1.4404793,2.5932214,7.7497544
1760985780350,1.4500505,2.588436,7.744969
1760985780352,1.4835501,2.5926232,7.730612
1760985780354,1.5074782,2.5968108,7.7258263
1760985780356,1.5409778,2.6201408,7.692925
1760985780359,1.5601203,2.6344976,7.701898
1760985780361,1.5936198,2.6434708,7.7162547
1760985780363,1.6079768,2.6428726,7.7210402
1760985780365,1.6366907,2.6668007,7.744969
1760985780368,1.6366907,2.6811578,7.740183
1760985780370,1.6420746,2.705086,7.7826557
1760985780372,1.6331015,2.7385855,7.797013
1760985780374,1.6474584,2.7529426,7.8017983
1760985780376,1.6474584,2.7475586,7.8107715
1760985780379,1.6576279,2.7619154,7.8346996
1760985780382,1.6671991,2.7714868,7.8963146
1760985780383,1.6773686,2.7996025,7.9298143
1760985780386,1.6773686,2.804388,7.9818583
1760985780388,1.6773686,2.8187451,8.014759
1760985780390,1.6540387,2.8337002,8.0715885
1760985780392,1.6301104,2.838486,8.105088
1760985780395,1.6163517,2.8582265,8.133204
1760985780397,1.6217356,2.8773692,8.161918
1760985780399,1.5930216,2.8923244,8.181061
1760985780402,1.5984055,2.8965118,8.209176
1760985780404,1.5936198,2.9108686,8.233105
1760985780406,1.5744773,2.9114668,8.242676
1760985780409,1.579263,2.9114668,8.299505
1760985780411,1.5750755,2.9449666,8.327621
1760985780413,1.5613167,2.949752,8.365906
1760985780415,1.5182459,2.955136,8.41795
1760985780417,1.5236298,2.9647074,8.469994
1760985780420,1.5140585,2.9838498,8.508279
1760985780422,1.5050855,2.9982069,8.569894
1760985780424,1.5002998,3.0077782,8.612367
1760985780426,1.4955142,3.0077782,8.673982
1760985780429,1.4817554,3.022135,8.735598
1760985780431,1.463211,3.0323045,8.797213
1760985780433,1.4584254,3.03709,8.845069
1760985780435,1.463211,3.0364919,8.897113
1760985780438,1.463211,3.0412776,8.953942
1760985780440,1.4344971,3.03709,9.010772
1760985780442,1.4057833,3.0323045,9.096315
1760985780445,1.4063815,3.03709,9.15793
1760985780447,1.3782659,3.0664022,9.24826
1760985780450,1.3304094,3.0430722,9.309875
1760985780451,1.3064811,3.0239296,9.395418
1760985780454,1.2963116,3.0095727,9.457033
1760985780456,1.2777673,3.0239296,9.547362
1760985780458,1.2490535,3.010171,9.613763
1760985780460,1.2346965,2.9862428,9.68495
1760985780462,1.2299109,3.0005996,9.741779
1760985780465,1.2442678,3.0000014,9.794421
1760985780467,1.2532408,2.9808588,9.865608
1760985780470,1.2675978,2.9802606,9.936794
1760985780472,1.3106686,2.9742785,10.012766
1760985780474,1.3339987,2.9545379,10.060024
1760985780476,1.3674982,2.9635108,10.135997
1760985780478,1.4189439,2.928815,10.183255
1760985780481,1.4901303,2.922833,10.264012
1760985780483,1.5326029,2.9168508,10.307083
1760985780486,1.5894325,2.8965118,10.34477
1760985780487,1.6366907,2.8815567,10.411171
1760985780490,1.6743777,2.870789,10.463814
1760985780492,1.7449659,2.8408787,10.530214
1760985780494,1.7880367,2.8444679,10.554143
1760985780496,1.8305093,2.8342984,10.6014
1760985780499,1.8400806,2.8337002,10.643873
1760985780501,1.8729819,2.8091738,10.696515
1760985780504,1.8921245,2.8085756,10.767702
1760985780506,1.9064814,2.818147,10.810175
1760985780508,1.8969102,2.8085756,10.881361
1760985780510,1.8729819,2.8037899,10.929217
1760985780513,1.8873389,2.7984061,10.990832
1760985780515,1.8921245,2.8079774,11.057234
1760985780517,1.8783658,2.8175488,11.104491
1760985780519,1.8735801,2.82712,11.15175
1760985780521,1.8592232,2.8325038,11.199606
1760985780524,1.8544376,2.8277183,11.246864
1760985780526,1.8496519,2.8325038,11.289337
1760985780528,1.8406788,2.8468606,11.327622
1760985780531,1.8364913,2.885146,11.379666
1760985780533,1.8418752,2.8995028,11.43171
1760985780535,1.8227327,2.9138598,11.493325
1760985780537,1.8323039,2.909074,11.559726
1760985780539,1.8323039,2.922833,11.640484
1760985780541,1.8185452,2.9467611,11.7260275
1760985780544,1.8041883,2.9330025,11.811571
1760985780546,1.8047864,2.9467611,11.877972
1760985780548,1.8239291,2.961118,11.949158
1760985780550,1.8430717,2.9748766,12.038889
1760985780553,1.8669999,2.993421,12.138789
1760985780555,1.8861425,2.992823,12.214762
1760985780557,1.9244276,2.9970105,12.290733
1760985780560,1.9435701,3.0203404,12.380465
1760985780562,1.9579271,3.0005996,12.4426775
1760985780564,1.995614,3.004787,12.513266
1760985780566,2.0147567,3.01376,12.598809
1760985780569,2.0386848,3.0035906,12.64188
1760985780571,2.0428724,2.9838498,12.6987095
1760985780573,2.0428724,2.9599216,12.736995
1760985780576,2.0518453,2.9353952,12.79861
1760985780577,2.0464616,2.9162526,12.841083
1760985780580,2.0608184,2.8923244,12.902698
1760985780582,2.0500507,2.8342984,12.936197
1760985780584,2.0494525,2.8151557,13.002598
1760985780587,2.0398812,2.800799,13.036098
1760985780589,2.0434706,2.7379873,13.069597
1760985780591,2.0386848,2.714059,13.079168
1760985780593,2.0380867,2.6757739,13.083954
1760985780596,2.0279171,2.661417,13.098311
1760985780599,2.0416758,2.6279175,13.093526
1760985780600,2.065006,2.603391,13.088739
1760985780603,2.0548365,2.5746772,13.03191
1760985780605,2.0548365,2.5459633,13.007982
1760985780607,2.0542383,2.5220351,12.989438
1760985780609,2.067997,2.4837499,12.932609
1760985780611,2.07697,2.4646072,12.894323
1760985780613,2.0805593,2.4065814,12.842279
1760985780616,2.094318,2.3778675,12.818949
1760985780618,2.088336,2.315654,12.771691
1760985780620,2.082952,2.2677977,12.719647
1760985780622,2.1008983,2.2097716,12.690933
1760985780625,2.108675,2.12363,12.643675
1760985780627,2.126621,2.0656042,12.620345
1760985780630,2.1254246,1.9884356,12.582658
1760985780632,2.1433709,1.9214365,12.577872
1760985780634,2.1517458,1.8490537,12.554543
1760985780636,2.1738794,1.7575282,12.5449705
1760985780638,2.1870399,1.6947167,12.568899
1760985780641,2.1714866,1.622932,12.554543
1760985780643,2.1798615,1.5553347,12.592828
1760985780645,2.1828525,1.4644074,12.602399
1760985780647,2.2055843,1.396212,12.612568
1760985780650,2.2229323,1.3142579,12.64547
1760985780652,2.2408783,1.227518,12.669397
1760985780654,2.248655,1.1359925,12.698112
1760985780658,2.2468605,1.0402796,12.726826
1760985780659,2.2743778,0.9720842,12.741182
1760985780661,2.268396,0.90508515,12.7698965
1760985780663,2.2911277,0.8422736,12.784253
1760985780666,2.2941186,0.74117684,12.794423
1760985780667,2.2929223,0.6646065,12.799209
1760985780670,2.2971098,0.631107,12.780066
1760985780671,2.309672,0.54436713,12.766307
1760985780674,2.3228326,0.4863412,12.737593
1760985780676,2.335993,0.40917268,12.709477
1760985780678,2.3491535,0.3469593,12.67179
1760985780681,2.3575284,0.31345975,12.60539
1760985780683,2.3569303,0.27038896,12.529418
1760985780685,2.356332,0.22253251,12.472588
1760985780687,2.3461626,0.18424734,12.373286
1760985780690,2.3222344,0.18484555,12.282957
1760985780692,2.2929223,0.13758731,12.197413
1760985780694,2.268994,0.123828575,12.078969
1760985780696,2.2546372,0.12921242,11.970096
1760985780698,2.2115662,0.111266255,11.846267
1760985780701,2.1541386,0.10289137,11.727822
1760985780703,2.1260228,0.11306087,11.585449
1760985780705,2.059622,0.11964113,11.47179
1760985780708,2.0075781,0.14955142,11.324632
1760985780710,1.9746768,0.15972091,11.191232
1760985780712,1.9082761,0.18065812,11.039288
1760985780714,1.8753748,0.2105684,10.87837
1760985780717,1.8239291,0.23569304,10.72164
1760985780720,1.7718852,0.25603202,10.584053
1760985780722,1.7527425,0.27158538,10.412966
1760985780723,1.6875381,0.33080772,10.270593
1760985780726,1.6594225,0.35533416,10.104292
1760985780728,1.6169499,0.37088752,9.976275
1760985780730,1.579263,0.40558344,9.8428755
1760985780732,1.5128621,0.40677986,9.705289
1760985780735,1.4895321,0.44626144,9.582058
1760985780737,1.457229,0.48035914,9.425328
1760985780739,1.4243277,0.5198407,9.297313
1760985780741,1.4009976,0.5347959,9.183055
1760985780743,1.3776677,0.55513483,9.059825
1760985780746,1.3351951,0.58983076,8.9312105
1760985780749,1.3304094,0.6041877,8.841479
1760985780751,1.311865,0.62871414,8.727222
1760985780753,1.3214363,0.6334998,8.636893
1760985780755,1.2981063,0.6436693,8.551949
1760985780758,1.288535,0.64905316,8.480164
1760985780760,1.2693924,0.64008003,8.380861
1760985780762,1.2699906,0.6735796,8.309675
1760985780765,1.2556337,0.6646065,8.252846
1760985780766,1.2460624,0.65084773,8.176873
1760985780769,1.2263216,0.63170516,8.110473
1760985780771,1.2029916,0.637089,8.048857
1760985780773,1.2071791,0.6131608,7.9776707
1760985780775,1.1880364,0.59940207,7.920243
1760985780778,1.1736795,0.5952146,7.858628
1760985780780,1.1778669,0.56111693,7.8017983
1760985780783,1.1916257,0.54675996,7.764111
1760985780784,1.1958131,0.50368917,7.6833534
1760985780787,1.21017,0.52283174,7.636095
1760985780789,1.2149557,0.5132605,7.5882387
1760985780791,1.2191432,0.4989035,7.5553374
1760985780794,1.2430713,0.50787663,7.512865
1760985780796,1.2520444,0.49351966,7.484151
1760985780798,1.247857,0.49351966,7.436893
1760985780800,1.2616158,0.49830532,7.393822
1760985780802,1.2526426,0.4989035,7.3657064
1760985780805,1.2335001,0.48933223,7.3226357
1760985780807,1.2287145,0.48993045,7.2658057
1760985780809,1.2000005,0.49052864,7.199405
1760985780812,1.218545,0.4851448,7.1898336
1760985780814,1.1958131,0.5288138,7.16112
1760985780816,1.1958131,0.5383851,7.1186476
1760985780819,1.2005987,0.5479564,7.099505
1760985780820,1.1916257,0.5629115,7.0618176
1760985780823,1.2017952,0.58683974,7.0522466
1760985780826,1.1970096,0.61076796,7.018747
1760985780829,1.2023934,0.6442675,7.009176
1760985780830,1.2173486,0.67776704,6.9948187
1760985780832,1.227518,0.7256235,6.975676
1760985780834,1.2376875,0.7399804,6.9469624
1760985780836,1.2616158,0.7639086,6.928418
1760985780839,1.2717853,0.79740816,6.9188466
1760985780841,1.2771691,0.8356933,6.9044895
1760985780843,1.3058829,0.8446664,6.8709903
1760985780846,1.3058829,0.8542377,6.838089
1760985780848,1.3399807,0.8919246,6.8333035
1760985780850,1.3304094,0.9164511,6.8285174
1760985780852,1.3453646,0.9403793,6.8045893
1760985780854,1.3692927,0.9445667,6.795018
1760985780856,1.393221,0.9631111,6.780661
1760985780859,1.4075779,0.9822537,6.766304
1760985780862,1.422533,1.0205388,6.742376
1760985780864,1.4327025,1.0492527,6.732805
1760985780866,1.480559,1.082154,6.723233
1760985780868,1.5098711,1.105484,6.690332
1760985780870,1.538585,1.134198,6.661618
1760985780872,1.5720844,1.1623136,6.661618
1760985780874,1.5960127,1.1617154,6.647261
1760985780876,1.6301104,1.218545,6.666404
1760985780879,1.66361,1.2376875,6.652047
1760985780881,1.6642082,1.2664014,6.665806
1760985780884,1.6887345,1.2993027,6.66102
1760985780886,1.7222341,1.3034902,6.6801624
1760985780888,1.7605193,1.3459628,6.675377
1760985780891,1.7898313,1.3651053,6.675377
1760985780894,1.8233309,1.378864,6.6849484
1760985780896,1.8430717,1.430908,6.66102
1760985780897,1.8765712,1.439881,6.6795645
1760985780900,1.9100707,1.4781662,6.6891356
1760985780902,1.9208384,1.521237,6.698707
1760985780904,1.9208384,1.5499508,6.7130637
1760985780907,1.9363917,1.5972091,6.7172513
1760985780909,1.9651057,1.625923,6.736394
1760985780911,1.9848464,1.6779668,6.7740808
1760985780913,1.9764715,1.7264216,6.798009
1760985780915,1.9674984,1.7551354,6.854839
1760985780918,1.9824536,1.8029919,6.8685975
1760985780920,1.9782661,1.8125632,6.9212394
1760985780922,1.9501505,1.8658035,6.9684978
1760985780924,1.9322042,1.9184456,7.015756
1760985780927,1.9088743,1.9477576,7.0582285
1760985780929,1.8574286,1.9824536,7.119844
1760985780931,1.8299111,2.0500507,7.171888
1760985780933,1.797608,2.0985055,7.233503
1760985780937,1.7557336,2.1421745,7.2903323
1760985780938,1.7228323,2.1714866,7.347162
1760985780940,1.7048861,2.219343,7.39442
1760985780942,1.672583,2.263012,7.42792
1760985780945,1.6677973,2.277369,7.475178
1760985780947,1.6450655,2.3306093,7.5272217
1760985780949,1.6313069,2.3599212,7.5553374
1760985780951,1.6127625,2.3694925,7.588837
1760985780954,1.6037893,2.3982065,7.640881
1760985780955,1.570888,2.4275186,7.678568
1760985780958,1.5762719,2.4562325,7.726424
1760985780960,1.5571294,2.4711876,7.735996
1760985780962,1.5577276,2.504687,7.778468
1760985780965,1.5391831,2.5094728,7.8017983
1760985780967,1.5439688,2.5286152,7.820941
1760985780969,1.5487545,2.5142584,7.872985
1760985780972,1.5487545,2.5094728,7.8777704
1760985780974,1.5583258,2.5040889,7.9256268
1760985780976,1.5768701,2.4993033,7.9633136
1760985780978,1.5810575,2.4747767,8.015956
1760985780980,1.6193427,2.4885356,8.048857
1760985780983,1.6522441,2.4496522,8.091928
1760985780985,1.6755741,2.4394827,8.148758
1760985780987,1.6707884,2.4149563,8.210373
1760985780990,1.6887345,2.3712873,8.271988
1760985780992,1.7174485,2.3659034,8.329415
1760985780994,1.7264216,2.3318057,8.419147
1760985780996,1.7635103,2.283351,8.471788
1760985780999,1.7820547,2.254039,8.538189
1760985781001,1.814956,2.2390838,8.6141615
1760985781003,1.8430717,2.228316,8.69492
1760985781005,1.8807586,2.2037897,8.756535
1760985781007,1.8951155,2.1888344,8.827721
1760985781010,1.9322042,2.149353,8.908479
1760985781012,1.9417756,2.1397817,8.956335
1760985781014,1.9507487,2.1296122,9.01795
1760985781017,1.9746768,2.1242282,9.089137
1760985781019,1.9651057,2.1098714,9.122038
1760985781021,1.9932213,2.0949163,9.145967
1760985781023,1.9974087,2.0757737,9.193823
1760985781026,2.00698,2.0608184,9.212367
1760985781028,2.0117657,2.0703897,9.221938
1760985781031,2.0255244,2.0512471,9.23151
1760985781032,2.0350957,2.0608184,9.241081
1760985781035,2.044667,2.0602202,9.241081
1760985781037,2.030908,2.0608184,9.250652
1760985781039,2.0638096,2.0602202,9.226724
1760985781042,2.059622,2.0937197,9.19801
1760985781044,2.0739791,2.1080768,9.179466
1760985781046,2.0835502,2.0985055,9.155538
1760985781048,2.0691934,2.1080768,9.098708
1760985781051,2.0937197,2.1559331,9.069994
1760985781053,2.108675,2.1750758,9.01795
1760985781055,2.0805593,2.1996021,8.955737
1760985781058,2.1140587,2.2229323,8.922835
1760985781060,2.1194427,2.2618155,8.8701935
1760985781062,2.0919251,2.3054845,8.8085785
1760985781064,2.1062822,2.3150558,8.756535
1760985781067,2.1020947,2.3437698,8.685348
1760985781069,2.0979073,2.3826532,8.637491
1760985781071,2.0602202,2.4119651,8.571091
1760985781073,2.0697916,2.4311078,8.528618
1760985781075,2.0703897,2.4652054,8.466405
1760985781078,2.0614166,2.484348,8.433503
1760985781080,2.0715861,2.5375884,8.400003
1760985781082,2.062613,2.5615165,8.343174
1760985781084,2.0494525,2.6051857,8.309675
1760985781086,2.035694,2.6344976,8.285747
1760985781089,2.036292,2.696711,8.252247
1760985781091,2.0410776,2.696711,8.242676
1760985781093,2.032703,2.7451658,8.23789
1760985781095,2.0374885,2.769094,8.228319
1760985781098,2.0285153,2.7930222,8.2145605
1760985781100,2.024328,2.8313074,8.23789
1760985781103,2.0201404,2.8510482,8.209176
1760985781105,2.0111675,2.865405,8.233105
1760985781107,2.0015962,2.8893332,8.242676
1760985781110,2.0165513,2.9132617,8.26122
1760985781111,2.0171494,2.9371898,8.2660055
1760985781114,1.9938195,2.9617162,8.275578
1760985781116,1.9938195,2.9760733,8.318049
1760985781118,1.989632,2.9952157,8.351549
1760985781120,1.9710877,3.048456,8.370093
1760985781123,1.9902302,3.0526435,8.394022
1760985781125,1.9908284,3.057429,8.426923
1760985781127,1.9908284,3.086143,8.455637
1760985781130,1.9722841,3.1106694,8.44128
1760985781132,1.9680966,3.1154552,8.479566
1760985781134,1.9447666,3.144767,8.483752
1760985781136,1.939981,3.1591241,8.469396
1760985781138,1.925624,3.1639097,8.469396
1760985781141,1.9118652,3.1932218,8.474181
1760985781143,1.9214365,3.1830523,8.493324
1760985781145,1.9268204,3.2117662,8.478967
1760985781148,1.931606,3.2165518,8.488539
1760985781150,1.9746768,3.2303107,8.474181
1760985781152,1.9986051,3.2350962,8.474181
1760985781154,1.9986051,3.2398818,8.483752
1760985781157,2.0315065,3.2392836,8.478967
1760985781159,2.0554347,3.229114,8.488539
1760985781161,2.0697916,3.2524443,8.483752
1760985781163,2.1128623,3.2470603,8.493324
1760985781165,2.1272194,3.251846,8.5118685
1760985781168,2.169692,3.2506495,8.531011
1760985781170,2.1888344,3.2506495,8.535796
1760985781172,2.2175484,3.269194,8.559725
1760985781175,2.2552354,3.2638102,8.569296
1760985781176,2.2797618,3.2871401,8.597412
1760985781178,2.312663,3.2913275,8.640483
1760985781181,2.341377,3.281158,8.635697
1760985781183,2.3551357,3.2757742,8.678169
1760985781185,2.4029922,3.2703903,8.702098
1760985781187,2.4311078,3.2506495,8.702098
1760985781190,2.4646072,3.2883365,8.711669
1760985781193,2.5028925,3.2925239,8.749356
1760985781194,2.536392,3.3110683,8.7780695
1760985781196,2.565106,3.2961133,8.8014
1760985781199,2.6081767,3.3146574,8.825328
1760985781201,2.6321049,3.3427732,8.848659
1760985781203,2.6608188,3.3469608,8.886943
1760985781205,2.6895328,3.365505,8.915059
1760985781208,2.7230322,3.3840494,8.938987
1760985781210,2.751746,3.3930225,8.967701
1760985781212,2.7708886,3.4121652,9.005388
1760985781215,2.7996025,3.4259238,9.033504
1760985781217,2.809772,3.4546378,9.033504
1760985781219,2.800799,3.4737802,9.04786
1760985781222,2.8193433,3.463611,9.067003
1760985781224,2.8576283,3.4677982,9.057432
1760985781226,2.853441,3.4923246,9.067003
1760985781228,2.8773692,3.4965122,9.08136
1760985781230,2.8869405,3.5204403,9.057432
1760985781232,2.906083,3.5150564,9.067003
1760985781235,2.9066813,3.5437703,9.062218
1760985781237,2.9018958,3.562913,9.075976
1760985781240,2.902494,3.5730824,9.066405
1760985781242,2.9162526,3.5772698,9.071191
1760985781244,2.926422,3.6107693,9.071191
1760985781246,2.9072795,3.6017964,9.071191
1760985781248,2.9168508,3.6011982,9.085547
1760985781251,2.9222345,3.6394832,9.075976
1760985781253,2.9413772,3.644269,9.099904
1760985781255,2.9557343,3.6484563,9.132806
1760985781258,2.9605198,3.6436708,9.16152
1760985781260,2.970091,3.6628132,9.175877
1760985781262,2.970091,3.662215,9.242277
1760985781264,2.9748766,3.662215,9.237492
1760985781267,2.9653056,3.6526437,9.294321
1760985781269,2.9605198,3.6335013,9.299107
1760985781271,2.9748766,3.6478581,9.346365
1760985781273,2.9653056,3.6382868,9.38465
1760985781276,2.9605198,3.62393,9.431909
1760985781278,2.9880373,3.5946178,9.498309
1760985781280,3.016751,3.5892339,9.517452
1760985781282,3.0215368,3.5886357,9.564711
1760985781285,3.0448668,3.5641093,9.612567
1760985781287,3.0873394,3.5443685,9.664611
1760985781289,3.0819557,3.5246277,9.731011
1760985781291,3.1202407,3.5288153,9.764511
1760985781294,3.153142,3.4947174,9.830912
1760985781296,3.176472,3.470191,9.882956
1760985781298,3.1812577,3.4791641,9.968499
1760985781300,3.1860433,3.4695928,10.025329
1760985781303,3.2087753,3.4307094,10.125229
1760985781305,3.1752756,3.4163525,10.215558
1760985781307,3.14716,3.4217365,10.296316
1760985781310,3.132803,3.4169507,10.414761
1760985781312,3.1040893,3.397808,10.495519
1760985781314,3.0801609,3.4079776,10.557134
1760985781316,3.0520453,3.403192,10.657034
1760985781319,3.0041888,3.4085758,10.733006
1760985781321,2.975475,3.394817,10.823335
1760985781323,2.9336007,3.414558,10.884951
1760985781325,2.8995028,3.3906298,10.974681
1760985781327,2.8570302,3.4007993,11.050653
1760985781330,2.8522446,3.391228,11.09851
1760985781332,2.804388,3.377469,11.179267
1760985781334,2.7619154,3.3637104,11.231311
1760985781336,2.6955147,3.374478,11.268998
1760985781339,2.690131,3.3553355,11.288141
1760985781341,2.6662025,3.3314073,11.302498
1760985781343,2.6608188,3.3170505,11.32164
1760985781345,2.6470602,3.32722,11.331212
1760985781348,2.661417,3.3320055,11.331212
1760985781350,2.6895328,3.321836,11.307283
1760985781352,2.713461,3.3355947,11.312069
1760985781355,2.728416,3.3499517,11.264213
1760985781357,2.7613173,3.354139,11.184053
1760985781360,2.809772,3.3918262,11.140983
1760985781362,2.8528428,3.4151561,11.079367
1760985781364,2.891128,3.44387,11.003395
1760985781366,2.929413,3.4719856,10.945967
1760985781369,2.949154,3.495914,10.861022
1760985781370,2.9539394,3.495914,10.80838
1760985781372,2.949154,3.505485,10.727622
1760985781375,2.9587252,3.5156546,10.642078
1760985781377,2.92044,3.4923246,10.585249
1760985781379,2.9012976,3.473182,10.5284195
1760985781382,2.8342984,3.4504502,10.495519
1760985781384,2.786442,3.4325042,10.47159
1760985781386,2.742773,3.3900316,10.457831
1760985781388,2.6949165,3.35713,10.414761
1760985781391,2.661417,3.3433714,10.381859
1760985781393,2.6321049,3.3200414,10.372288
1760985781395,2.6129622,3.3110683,10.372288
1760985781397,2.589034,3.2871401,10.367502
1760985781399,2.5603201,3.2733815,10.372288
1760985781402,2.5274189,3.2883365,10.372288
1760985781404,2.5124638,3.2596226,10.405787
1760985781406,2.4933212,3.2356944,10.467402
1760985781409,2.4735804,3.21715,10.496117
1760985781411,2.4352953,3.1836505,10.529017
1760985781413,2.39701,3.1555347,10.609776
1760985781415,2.3718855,3.1028929,10.691132
1760985781418,2.3383858,3.0652058,10.7431755
1760985781420,2.3042881,3.0029924,10.823934
1760985781423,2.2743778,2.9503503,10.942976
1760985781424,2.2265215,2.9126635,11.033305
1760985781427,2.1924238,2.8695927,11.15175
1760985781429,2.1391835,2.8079774,11.284552
1760985781431,2.0901306,2.7218359,11.446666
1760985781433,2.0231316,2.6793633,11.607583
1760985781436,1.9555343,2.5986054,11.793026
1760985781438,1.8825532,2.5226333,11.954542
1760985781440,1.791626,2.4616163,12.120843
1760985781442,1.7144574,2.4047868,12.2584305
1760985781445,1.6325033,2.3150558,12.429517
1760985781447,1.5643078,2.2390838,12.54856
1760985781449,1.4638093,2.1637099,12.695719
1760985781451,1.4051851,2.0871396,12.80519
1760985781454,1.3238292,2.030908,12.919448
1760985781457,1.2466606,1.96032,12.985848
1760985781459,1.183849,1.9130617,13.03849
1760985781460,1.1018949,1.8520447,13.09532
1760985781463,1.0348958,1.8101703,13.109677
1760985781465,0.9768698,1.7389839,13.152748
1760985781467,0.9092726,1.7012969,13.17189
1760985781469,0.8422736,1.6737795,13.167105
1760985781472,0.79920274,1.6265212,13.147963
1760985781474,0.71306115,1.5948163,13.124632
1760985781477,0.64606214,1.5816557,13.100704
1760985781479,0.5982057,1.5583258,13.043875
1760985781480,0.5312066,1.5164514,12.977473
1760985781483,0.47318068,1.4889339,12.906287
1760985781485,0.41635114,1.480559,12.844672
1760985781487,0.34516466,1.486541,12.763914
1760985781490,0.28773692,1.4590236,12.716656
1760985781492,0.19680966,1.4416757,12.659826
1760985781494,0.14416756,1.41356,12.659826
1760985781496,0.08673982,1.3860425,12.612568
1760985781499,0.034097724,1.372882,12.559926
1760985781501,-0.008374879,1.3734802,12.503097
1760985781503,-0.07058827,1.3363914,12.489338
1760985781505,-0.11844472,1.332204,12.441482
1760985781508,-0.15672988,1.3136597,12.427723
1760985781510,-0.22372891,1.3004991,12.399009
1760985781512,-0.25663024,1.2963116,12.370295
1760985781515,-0.30927232,1.2831511,12.379867
1760985781518,-0.37088752,1.2843475,12.366107
1760985781519,-0.42831525,1.2753744,12.394223
1760985781521,-0.4953143,1.2574283,12.40858
1760985781523,-0.5377869,1.2484552,12.413365
1760985781526,-0.58564335,1.2496517,12.418151
1760985781528,-0.62871414,1.2167503,12.403794
1760985781530,-0.67178494,1.2173486,12.3708935
1760985781533,-0.6861419,1.2083755,12.35175
1760985781535,-0.71007013,1.1988041,12.294921
1760985781537,-0.71007013,1.189831,12.242877
1760985781539,-0.7052845,1.1994023,12.1764765
1760985781542,-0.69092757,1.2137593,12.100504
1760985781544,-0.68135625,1.1994023,12.029318
1760985781546,-0.657428,1.2179468,11.938989
1760985781548,-0.6622137,1.2281163,11.853445
1760985781551,-0.6334998,1.2179468,11.75833
1760985781553,-0.6430711,1.2137593,11.659028
1760985781555,-0.6239285,1.2424731,11.573485
1760985781557,-0.62871414,1.2281163,11.464013
1760985781560,-0.6239285,1.2287145,11.350354
1760985781562,-0.6239285,1.2526426,11.227124
1760985781564,-0.6047859,1.262214,11.1224375
1760985781567,-0.5952146,1.2717853,11.0608225
1760985781569,-0.60000026,1.2675978,10.918449
1760985781571,-0.61914283,1.268196,10.818549
1760985781574,-0.6089734,1.2969099,10.724033
1760985781575,-0.61794645,1.3166506,10.628919
1760985781578,-0.64606214,1.3411771,10.519446
1760985781580,-0.637089,1.3369896,10.391431
1760985781582,-0.67477596,1.3567305,10.315458
1760985781584,-0.68853474,1.3716856,10.229915
1760985781587,-0.70289165,1.3674982,10.116256
1760985781589,-0.69332033,1.3722838,10.035499
1760985781591,-0.7220342,1.3680964,9.949955
1760985781593,-0.73100734,1.3830515,9.841082
1760985781595,-0.74536425,1.3830515,9.769895
1760985781598,-0.75493556,1.378864,9.712467
1760985781600,-0.75493556,1.393221,9.613165
1760985781603,-0.75553375,1.3645071,9.556335
1760985781605,-0.78843504,1.3896317,9.466006
1760985781607,-0.7830512,1.4039887,9.408579
1760985781609,-0.7788638,1.3848461,9.342776
1760985781612,-0.76510507,1.3704891,9.29492
1760985781614,-0.78364944,1.3806586,9.214162
1760985781617,-0.75553375,1.3800604,9.152547
1760985781618,-0.75493556,1.3896317,9.095717
1760985781621,-0.7603194,1.3806586,9.048459
1760985781623,-0.7603194,1.3663018,8.962915
1760985781625,-0.7220342,1.3704891,8.934201
1760985781627,-0.71306115,1.3609179,8.872586
1760985781630,-0.6945168,1.3411771,8.839685
1760985781632,-0.6664011,1.3268201,8.787642
1760985781634,-0.6329016,1.3160524,8.791828
1760985781636,-0.5952146,1.2963116,8.768498
1760985781639,-0.567099,1.2963116,8.763713
1760985781641,-0.5246264,1.2759727,8.744571
1760985781643,-0.5054838,1.2951152,8.749356
1760985781646,-0.4534399,1.2747762,8.734999
1760985781647,-0.43010986,1.2454642,8.730812
1760985781650,-0.38703907,1.2544373,8.7164545
1760985781652,-0.35832518,1.2586247,8.711669
1760985781654,-0.32542387,1.2484552,8.735598
1760985781656,-0.3062813,1.2675978,8.726026
1760985781659,-0.28235307,1.2813566,8.726026
1760985781661,-0.2632105,1.2861422,8.726026
1760985781664,-0.253041,1.3046865,8.734999
1760985781666,-0.23868406,1.3142579,8.744571
1760985781668,-0.22432712,1.3238292,8.725428
1760985781670,-0.22372891,1.3669,8.715857
1760985781672,-0.22791636,1.4099708,8.715857
1760985781675,-0.22253251,1.4344971,8.682955
1760985781676,-0.2219343,1.4871392,8.639884
1760985781678,-0.22552353,1.5206388,8.625527
1760985781681,-0.22013968,1.5595222,8.573483
1760985781683,-0.22432712,1.602593,8.516056
1760985781685,-0.23748764,1.6701902,8.444869
1760985781687,-0.2321038,1.7282162,8.387442
1760985781690,-0.23988047,1.7958134,8.306684
1760985781692,-0.23449662,1.8532411,8.235497
1760985781694,-0.23330021,1.9208384,8.145168
1760985781697,-0.27517462,1.9698912,8.059625
1760985781699,-0.26919255,2.0321047,7.96451
1760985781701,-0.26859435,2.0805593,7.8646097
1760985781703,-0.25842485,2.1379871,7.7742805
1760985781706,-0.2428715,2.1906292,7.7030945
1760985781708,-0.2757728,2.2301106,7.617551
1760985781710,-0.29790643,2.3024936,7.5607214
1760985781712,-0.31166515,2.341377,7.436893
1760985781715,-0.3589234,2.3808584,7.342376
1760985781718,-0.39601216,2.4251258,7.2329044
1760985781719,-0.4325027,2.4933212,7.1186476
1760985781722,-0.46061835,2.528017,7.0002027
1760985781724,-0.47916272,2.571686,6.890731
1760985781726,-0.5024927,2.6009982,6.8051877
1760985781728,-0.5210371,2.6350958,6.7148585
1760985781731,-0.54376894,2.664408,6.605985
1760985781733,-0.5623133,2.708077,6.515656
1760985781735,-0.58564335,2.7379873,6.41097
1760985781737,-0.57547385,2.7858438,6.3397837
1760985781740,-0.5940182,2.8055844,6.2877398
1760985781742,-0.5838487,2.8295128,6.220741
1760985781752,-0.56470615,2.8582265,6.1591253
1760985781752,-0.5401797,2.8815567,6.15434
1760985781753,-0.5066802,2.9198418,6.1208405
1760985781753,-0.47318068,2.9383862,6.1160545
1760985781754,-0.4109673,2.9515467,6.125626
1760985781760,-0.35832518,2.9599216,6.1447687
1760985781761,-0.32063824,2.9449666,6.1639113
1760985781761,-0.2638087,2.9533412,6.1639113
1760985781768,-0.23509483,2.9479575,6.1920266
1760985781768,-0.20219351,2.9521449,6.2063837
1760985781769,-0.14536397,2.922833,6.220741
1760985781769,-0.11724831,2.9072795,6.259026
1760985781771,-0.069391854,2.9066813,6.3110695
1760985781773,-0.032901313,2.8480573,6.330212
1760985781775,-0.009571291,2.8091738,6.3678994
1760985781777,0.047258247,2.7888348,6.3918276
1760985781780,0.08015956,2.7834508,6.41097
1760985781782,0.098703936,2.7643085,6.4444695
1760985781784,0.13160525,2.7439694,6.463014
1760985781786,0.14057833,2.7008986,6.4773707
1760985781789,0.17347965,2.676372,6.491728
1760985781791,0.16869399,2.6620152,6.4821568
1760985781793,0.18245272,2.6566312,6.491728
1760985781796,0.18245272,2.6470602,6.491728
1760985781798,0.2105684,2.6368906,6.4492555
1760985781800,0.22552353,2.6512475,6.463612
1760985781802,0.26799613,2.641078,6.454041
1760985781805,0.29192436,2.6691937,6.4683976
1760985781807,0.3062813,2.678765,6.4821568
1760985781809,0.29671,2.678765,6.530013
1760985781812,0.32063824,2.6781666,6.5677
1760985781814,0.34516466,2.7110682,6.5868425
1760985781816,0.34037903,2.7212377,6.6101727
1760985781818,0.32662028,2.7260232,6.619744
1760985781820,0.34576288,2.754139,6.6388865
1760985781823,0.36430725,2.7349963,6.6628146
1760985781825,0.3930211,2.7343981,6.6532435
1760985781827,0.40737805,2.7535408,6.667002
1760985781829,0.42652065,2.7672994,6.667002
1760985781831,0.44626144,2.786442,6.686145
1760985781834,0.47976094,2.7954152,6.695716
1760985781836,0.50368917,2.8091738,6.695716
1760985781839,0.5419743,2.8372893,6.7052875
1760985781841,0.56590253,2.8510482,6.71426
1760985781843,0.6041877,2.864807,6.7334027
1760985781845,0.6329016,2.8785655,6.7429743
1760985781847,0.6664011,2.8875387,6.766304
1760985781850,0.6759724,2.9018958,6.74776
1760985781852,0.70947194,2.8869405,6.7758756
1760985781854,0.7615158,2.885744,6.7998037
1760985781857,0.7848458,2.861816,6.77109
1760985781859,0.8225328,2.8606195,6.795018
1760985781861,0.86560357,2.85045,6.814161
1760985781863,0.92183495,2.8348966,6.838089
1760985781866,0.9457632,2.8295128,6.8428745
1760985781868,0.97866446,2.8145576,6.84766
1760985781870,1.0313065,2.8283165,6.8949184
1760985781873,1.0594223,2.8229325,6.9373913
1760985781875,1.0552348,2.8277183,6.9852476
1760985781877,1.0935199,2.8408787,7.042077
1760985781879,1.0935199,2.85045,7.0893354
1760985781882,1.079163,2.8552356,7.170093
1760985781884,1.0989038,2.8743782,7.2269225
1760985781886,1.0983056,2.8600214,7.265208
1760985781888,1.1180464,2.8833513,7.3172517
1760985781891,1.1228321,2.902494,7.3788667
1760985781892,1.099502,2.9168508,7.4356966
1760985781895,1.0947163,2.9216363,7.48774
1760985781897,1.099502,2.9312077,7.54457
1760985781899,1.090529,2.9359934,7.587641
1760985781901,1.0713863,2.940779,7.6253276
1760985781904,1.0666007,2.9455647,7.6917286
1760985781906,1.0713863,2.9503503,7.682157
1760985781909,1.0576276,2.9503503,7.7300134
1760985781911,1.0624132,2.955136,7.748558
1760985781913,1.0767702,2.969493,7.772486
1760985781915,1.0773684,2.9982069,7.772486
1760985781917,1.0719845,2.9742785,7.772486
1760985781920,1.0630114,3.0029924,7.7964144
1760985781922,1.0869397,2.993421,7.791629
1760985781924,1.0869397,3.0125637,7.795816
1760985781926,1.1252248,3.0263224,7.8053875
1760985781929,1.1395818,3.03051,7.8149586
1760985781931,1.1730813,3.0490541,7.810173
1760985781933,1.1970096,3.0634112,7.8149586
1760985781936,1.2023934,3.077768,7.8436728
1760985781938,1.2113664,3.0723844,7.8574314
1760985781940,1.2119647,3.101098,7.8670025
1760985781942,1.2167503,3.1058838,7.9052877
1760985781945,1.1934203,3.1256247,7.9238324
1760985781947,1.2179468,3.1537402,7.9429746
1760985781949,1.2131611,3.158526,7.9854474
1760985781951,1.2370893,3.1627133,8.033304
1760985781953,1.2418749,3.1770704,8.085348
1760985781956,1.2083755,3.1728828,8.132606
1760985781958,1.2281163,3.1962128,8.1942215
1760985781960,1.2089736,3.1962128,8.242078
1760985781963,1.1856437,3.211168,8.298907
1760985781965,1.1862419,3.2303107,8.34138
1760985781967,1.1294123,3.2452657,8.407781
1760985781969,1.1437693,3.2596226,8.4502535
1760985781971,1.1204392,3.2787652,8.52144
1760985781974,1.1066805,3.298506,8.583055
1760985781976,1.0929217,3.32722,8.649456
1760985781978,1.0360922,3.342175,8.749356
1760985781981,1.0366904,3.3661032,8.820542
1760985781983,0.98943216,3.4055848,8.877372
1760985781985,0.9804591,3.4342988,8.948559
1760985781988,0.98524475,3.4337006,9.02453
1760985781990,0.9720842,3.4773695,9.086145
1760985781992,0.94337034,3.4773695,9.175877
1760985781994,0.9493524,3.5300117,9.237492
1760985781996,0.91106725,3.5353954,9.299107
1760985781999,0.91166544,3.5593238,9.370294
1760985782001,0.9020941,3.554538,9.41815
1760985782004,0.8745767,3.5934215,9.451052
1760985782006,0.85064846,3.5940197,9.48455
1760985782008,0.83688974,3.6227336,9.531809
1760985782010,0.82731843,3.6323047,9.555139
1760985782012,0.80877405,3.6376886,9.569496
1760985782014,0.80877405,3.64726,9.602996
1760985782017,0.7896315,3.64726,9.612567
1760985782019,0.75673014,3.6670008,9.588638
1760985782021,0.75673014,3.6670008,9.607781
1760985782024,0.7477571,3.6963127,9.616755
1760985782026,0.7573284,3.6963127,9.574282
1760985782028,0.7477571,3.7010984,9.579067
1760985782030,0.738784,3.705884,9.583853
1760985782032,0.74835527,3.7250266,9.564711
1760985782035,0.7531409,3.7250266,9.555139
1760985782037,0.7579266,3.7106698,9.540782
1760985782039,0.74835527,3.7154553,9.517452
1760985782042,0.7573284,3.705884,9.498309
1760985782044,0.738784,3.7256248,9.46481
1760985782046,0.7477571,3.705884,9.431909
1760985782048,0.7196414,3.7064822,9.422338
1760985782051,0.73340017,3.696911,9.38465
1760985782052,0.7148558,3.7070804,9.38465
1760985782055,0.71007013,3.7070804,9.365508
1760985782057,0.6861419,3.7124643,9.3511505
1760985782059,0.6771688,3.731607,9.327223
1760985782062,0.6628119,3.7220356,9.327223
1760985782064,0.6771688,3.731607,9.303893
1760985782067,0.6723832,3.7411783,9.294321
1760985782068,0.6729814,3.7657046,9.2895355
1760985782071,0.6448657,3.7704902,9.294321
1760985782073,0.6448657,3.7854455,9.28475
1760985782075,0.654437,3.7800615,9.279964
1760985782078,0.64965135,3.7950168,9.256036
1760985782080,0.65024954,3.8285162,9.275179
1760985782082,0.65982085,3.8237305,9.2177515
1760985782084,0.65024954,3.818945,9.2177515
1760985782086,0.6646065,3.818945,9.194421
1760985782089,0.64965135,3.7950168,9.194421
1760985782091,0.6693921,3.8237305,9.165708
1760985782093,0.6837491,3.827918,9.141779
1760985782096,0.67836523,3.8183467,9.113664
1760985782099,0.6646065,3.8141594,9.075378
1760985782100,0.6693921,3.8285162,9.032906
1760985782102,0.6693921,3.8285162,8.985647
1760985782104,0.65024954,3.8147576,8.937791
1760985782107,0.65024954,3.8195431,8.833703
1760985782109,0.65024954,3.8297126,8.762517
1760985782111,0.65982085,3.839284,8.686544
1760985782114,0.65982085,3.8536408,8.624929
1760985782116,0.6693921,3.8344984,8.577073
1760985782119,0.698106,3.8721852,8.5346
1760985782120,0.6987042,3.891926,8.486744
1760985782122,0.7178468,3.9056847,8.477173
1760985782125,0.7369894,3.9200418,8.458628
1760985782127,0.7704889,3.938586,8.453842
1760985782129,0.77587277,3.952943,8.462815
1760985782132,0.79501534,3.9667017,8.449057
1760985782134,0.8285148,3.970889,8.462815
1760985782136,0.8141579,3.9858444,8.496315
1760985782138,0.8237292,3.9804604,8.505886
1760985782141,0.8428718,3.9948175,8.548359
1760985782143,0.84765744,3.9948175,8.567501
1760985782145,0.8572287,3.9990048,8.600403
1760985782147,0.8805587,3.9649072,8.648259
1760985782150,0.8757731,3.9601214,8.690732
1760985782152,0.87996054,3.9457645,8.738588
1760985782154,0.8991031,3.949952,8.809774
1760985782156,0.89491564,3.9595232,8.852247
1760985782159,0.91405827,3.9684963,8.89472
1760985782161,0.91346,3.9493537,8.975478
1760985782163,0.89431745,3.9158542,9.056235
1760985782166,0.92243314,3.9200418,9.104092
1760985782168,0.93679005,3.9146578,9.156136
1760985782170,0.9457632,3.8907297,9.232108
1760985782172,0.9696914,3.8901315,9.274581
1760985782174,0.9601201,3.8709888,9.332008
1760985782176,0.9834501,3.851248,9.384052
1760985782179,0.9828519,3.836293,9.412766
1760985782181,0.99720883,3.8123646,9.455238
1760985782183,1.0115658,3.830909,9.46481
1760985782185,1.0301101,3.802195,9.4839525
1760985782188,1.0582259,3.78724,9.493524
1760985782190,1.0917253,3.7914274,9.502497
1760985782193,1.1060823,3.8099718,9.512068
1760985782195,1.1437693,3.7950168,9.516854
1760985782197,1.1772687,3.7944186,9.526425
1760985782199,1.1916257,3.8183467,9.535996
1760985782201,1.2251252,3.8129628,9.550353
1760985782203,1.2394822,3.836293,9.58804
1760985782206,1.2634103,3.8404803,9.58804
1760985782208,1.2975081,3.8691943,9.597611
1760985782210,1.3022938,3.8733816,9.616755
1760985782214,1.311865,3.906881,9.625728
1760985782215,1.3022938,3.8925242,9.659226
1760985782217,1.3172488,3.9116669,9.664013
1760985782219,1.3124632,3.9212382,9.696914
1760985782221,1.2981063,3.9212382,9.730413
1760985782224,1.2843475,3.9314077,9.7681
1760985782226,1.288535,3.9164524,9.834501
1760985782228,1.250848,3.9218364,9.891929
1760985782230,1.250848,3.9361932,9.958329
1760985782233,1.2412767,3.9361932,10.029516
1760985782235,1.2460624,3.935595,10.124033
1760985782238,1.2269198,3.9170506,10.200005
1760985782240,1.2317054,3.9212382,10.275977
1760985782242,1.2412767,3.9212382,10.351949
1760985782244,1.2604194,3.906283,10.432707
1760985782246,1.2604194,3.915256,10.523036
1760985782248,1.2598212,3.8961134,10.594222
1760985782251,1.274178,3.871587,10.665409
1760985782253,1.2927225,3.856632,10.722239
1760985782256,1.311865,3.851248,10.783854
1760985782258,1.3256238,3.851248,10.859825
1760985782260,1.3633107,3.8213377,10.950154
1760985782262,1.387239,3.815954,10.993225
1760985782264,1.4057833,3.8057845,11.050055
1760985782267,1.4195421,3.772285,11.121242
1760985782269,1.4237294,3.7525442,11.158929
1760985782271,1.466202,3.7280176,11.202
1760985782274,1.4703895,3.7034912,11.221142
1760985782276,1.4847465,3.69392,11.263615
1760985782278,1.4841483,3.6646078,11.282757
1760985782280,1.4985052,3.6693935,11.3019
1760985782283,1.5080764,3.6646078,11.311471
1760985782285,1.5176477,3.6687953,11.3162565
1760985782287,1.5320047,3.6687953,11.330015
1760985782290,1.5320047,3.673581,11.373086
1760985782292,1.5511472,3.682554,11.405988
1760985782294,1.5511472,3.6921253,11.415559
1760985782296,1.5379868,3.7310088,11.434701
1760985782299,1.5427724,3.754937,11.453245
1760985782300,1.538585,3.7645082,11.467603
1760985782303,1.5098711,3.754937,11.481959
1760985782305,1.4769697,3.769892,11.524432
1760985782307,1.4482559,3.760919,11.557932
1760985782309,1.4243277,3.7758741,11.590833
1760985782312,1.3770695,3.7716868,11.648261
1760985782314,1.3531412,3.766901,11.676376
1760985782316,1.3244274,3.7627137,11.66202
1760985782319,1.3244274,3.7387853,11.6955185
1760985782321,1.2909278,3.720241,11.733804
1760985782323,1.2664014,3.6867416,11.729018
1760985782325,1.2711871,3.7010984,11.771491
1760985782328,1.2329018,3.6777685,11.809776
1760985782330,1.1994023,3.6448672,11.809776
1760985782332,1.1850454,3.659224,11.852249
1760985782334,1.1563315,3.6454654,11.871391
1760985782337,1.1419746,3.6263227,11.89532
1760985782339,1.1270195,3.5928233,11.89532
1760985782341,1.0887343,3.5886357,11.885748
1760985782343,1.0552348,3.5653057,11.876177
1760985782345,1.0253245,3.498905,11.876177
1760985782348,1.0055838,3.4510484,11.857633
1760985782350,0.9720842,3.4133615,11.8384905
1760985782352,0.9523434,3.3702908,11.819945
1760985782355,0.93679005,3.3032916,11.824731
1760985782357,0.8979067,3.246462,11.819945
1760985782359,0.8775677,3.1842487,11.810972
1760985782361,0.8578269,3.1226335,11.796616
1760985782364,0.8135597,3.065804,11.801401
1760985782366,0.80817586,3.0029924,11.792428
1760985782368,0.75912297,2.9126635,11.797214
1760985782370,0.73818576,2.8169506,11.801999
1760985782373,0.7375876,2.7643085,11.797214
1760985782375,0.75972116,2.696711,11.835499
1760985782377,0.7639086,2.6386852,11.854642
1760985782379,0.7818548,2.5902305,11.87857
1760985782382,0.8045866,2.5274189,11.902498
1760985782384,0.84107715,2.4502504,11.9407835
1760985782386,0.8596215,2.39701,11.983255
1760985782388,0.88235337,2.3431716,12.031113
1760985782391,0.90448695,2.2755744,12.040684
1760985782393,0.9415757,2.2223341,12.074183
1760985782395,0.9457632,2.1595225,12.098111
1760985782398,0.95832545,2.0871396,12.14537
1760985782400,1.0097711,2.0141585,12.18844
1760985782402,1.0420742,1.9561325,12.241082
1760985782404,1.0833504,1.8783658,12.288341
1760985782407,1.1294123,1.814956,12.32184
1760985782409,1.1760724,1.7563318,12.369099
1760985782411,1.204188,1.7174485,12.397812
1760985782413,1.274178,1.6534405,12.426526
1760985782416,1.3016955,1.5906289,12.45524
1760985782418,1.3483555,1.5607185,12.502499
1760985782420,1.4003994,1.535594,12.521641
1760985782423,1.4566308,1.4913267,12.5551405
1760985782425,1.4895321,1.4668003,12.574283
1760985782427,1.5559329,1.451247,12.574283
1760985782429,1.5984055,1.4362918,12.569497
1760985782431,1.6265212,1.4261223,12.564712
1760985782434,1.6642082,1.4063815,12.536596
1760985782436,1.692922,1.410569,12.4935255
1760985782438,1.6827525,1.3776677,12.4319105
1760985782440,1.6917256,1.3674982,12.355938
1760985782443,1.6683956,1.3639089,12.261421
1760985782445,1.634896,1.3645071,12.132807
1760985782447,1.6253247,1.3603196,11.99522
1760985782449,1.5870396,1.3417753,11.839088
1760985782451,1.5481563,1.3238292,11.65843
1760985782454,1.5098711,1.3058829,11.520843
1760985782456,1.4763715,1.2969099,11.35514
1760985782458,1.4243277,1.288535,11.188839
1760985782461,1.3860425,1.2753744,10.994422
1760985782463,1.3286148,1.2526426,10.808978
1760985782465,1.3004991,1.2777673,10.628919
1760985782467,1.2664014,1.2502499,10.462617
1760985782470,1.2335001,1.2556337,10.2825575
1760985782472,1.2047862,1.2568301,10.116256
1760985782474,1.1479566,1.2628121,9.940982
1760985782477,1.1048858,1.2687942,9.789038
1760985782479,1.0863415,1.274178,9.622736
1760985782481,1.0576276,1.294517,9.480363
1760985782483,1.0055838,1.3052847,9.29492
1760985782485,0.9720842,1.2969099,9.134003
1760985782487,0.9774681,1.3208381,8.977272
1760985782490,0.9343972,1.3124632,8.8492565
1760985782493,0.8967103,1.3280165,8.725428
1760985782495,0.8542377,1.3435699,8.597412
1760985782497,0.8069794,1.358525,8.48794
1760985782499,0.7692925,1.3692927,8.383852
1760985782501,0.74536425,1.3603196,8.265408
1760985782504,0.7070791,1.375873,8.212766
1760985782506,0.6789634,1.4003994,8.127222
1760985782508,0.66041905,1.4009976,8.065607
1760985782510,0.64606214,1.4153546,7.9944205
1760985782513,0.66041905,1.4153546,7.9944205
1760985782515,0.64606214,1.3968102,7.937591
1760985782517,0.67477596,1.4057833,7.908877
1760985782519,0.6693921,1.3818551,7.8664045
1760985782522,0.65982085,1.3818551,7.8424764
1760985782524,0.65922266,1.3435699,7.8239317
1760985782526,0.6442675,1.3154542,7.8239317
1760985782528,0.63948184,1.3058829,7.809575
1760985782530,0.62452674,1.2532408,7.795816
1760985782533,0.6239285,1.2340983,7.776674
1760985782535,0.6089734,1.1814562,7.7671022
1760985782537,0.6125626,1.1383854,7.734201
1760985782540,0.6263213,1.0899308,7.734201
1760985782542,0.6257231,1.0564312,7.706085
1760985782544,0.6436693,1.0127622,7.658229
1760985782546,0.6765706,0.9738788,7.64447
1760985782549,0.718445,0.9349955,7.6492558
1760985782551,0.7322037,0.9056834,7.630113
1760985782553,0.79800636,0.85184485,7.6067834
1760985782555,0.83988076,0.8177471,7.559525
1760985782558,0.887139,0.7926225,7.530811
1760985782560,0.94337034,0.76331043,7.5026956
1760985782562,0.98584294,0.73818576,7.4644103
1760985782564,1.0420742,0.69930243,7.4267235
1760985782567,1.0941181,0.6837491,7.3842506
1760985782569,1.1264212,0.6448657,7.34118
1760985782571,1.2017952,0.61016977,7.313064
1760985782574,1.2251252,0.58564335,7.2753773
1760985782576,1.2867404,0.5802595,7.227521
1760985782578,1.3100704,0.53659046,7.1706915
1760985782581,1.352543,0.5168497,7.123433
1760985782584,1.4045869,0.51086766,7.071389
1760985782586,1.4321043,0.4671986,7.0145597
1760985782588,1.4560326,0.4671986,6.9338017
1760985782589,1.5026926,0.4426722,6.8817577
1760985782592,1.527219,0.46660042,6.762715
1760985782595,1.5750755,0.47976094,6.725028
1760985782596,1.5798612,0.4851448,6.6676
1760985782598,1.5984055,0.48933223,6.605985
1760985782600,1.6372889,0.5180461,6.5539412
1760985782603,1.6426728,0.54675996,6.515656
1760985782605,1.6707884,0.5413761,6.4875402
1760985782607,1.6995022,0.5694918,6.463612
1760985782610,1.719243,0.5838487,6.4492555
1760985782612,1.7288144,0.60777694,6.430113
1760985782614,1.7341982,0.6269195,6.4067826
1760985782617,1.7347964,0.66041905,6.363712
1760985782620,1.7347964,0.6891329,6.3684974
1760985782621,1.7210377,0.7088737,6.363712
1760985782623,1.7359928,0.7423732,6.3158555
1760985782625,1.7120646,0.7429714,6.320641
1760985782627,1.7318054,0.7710871,6.296713
1760985782630,1.7228323,0.7956135,6.2877398
1760985782632,1.7371893,0.8045866,6.268597
1760985782634,1.7467605,0.8333005,6.282356
1760985782637,1.7563318,0.8380861,6.2919273
1760985782639,1.7521443,0.8572287,6.3254266
1760985782641,1.7527425,0.8955139,6.348757
1760985782643,1.7575282,0.8859426,6.382256
1760985782646,1.7820547,0.94755775,6.4055862
1760985782648,1.8155541,0.93260264,6.458228
1760985782650,1.8203398,0.9517452,6.510272
1760985782652,1.8400806,0.97507524,6.5479593
1760985782655,1.8777676,0.9696914,6.6000032
1760985782657,1.9016958,0.9738788,6.6711893
1760985782659,1.911267,0.97806627,6.742376
1760985782661,1.9680966,0.9774681,6.7998037
1760985782667,1.9968106,0.9667004,6.875776
1760985782667,2.03031,0.9804591,6.9702926
1760985782670,2.0871396,0.9696914,7.0845494
1760985782670,2.1254246,0.9876375,7.20778
1760985782672,2.134996,0.9876375,7.307082
1760985782674,2.143969,0.9726824,7.440482
1760985782676,2.1870399,0.9906286,7.5493555
1760985782679,2.2205393,0.994816,7.6109705
1760985782681,2.2917259,0.9936196,7.706085
1760985782684,2.344368,1.0163515,7.7868433
1760985782686,2.3826532,1.0253245,7.8436728
1760985782688,2.4299114,1.0241281,7.886145
1760985782690,2.4687948,1.0570294,7.928618
1760985782692,2.492723,1.0564312,7.9764743
1760985782695,2.5405796,1.0845468,8.028518
1760985782697,2.559722,1.0839486,8.042875
1760985782699,2.5788646,1.1072787,8.109276
1760985782701,2.6075785,1.1066805,8.156534
1760985782703,2.6171498,1.125823,8.222935
1760985782706,2.6362925,1.1060823,8.22772
1760985782708,2.6548367,1.1006985,8.246863
1760985782711,2.6362925,1.1347961,8.284551
1760985782713,2.6554348,1.1246266,8.284551
1760985782715,2.6889346,1.1479566,8.298907
1760985782717,2.6703901,1.1676974,8.289336
1760985782719,2.6805596,1.1916257,8.3174515
1760985782722,2.6709883,1.2155539,8.289336
1760985782724,2.6626134,1.2592229,8.327023
1760985782726,2.672783,1.3070793,8.34138
1760985782728,2.650051,1.3555341,8.350353
1760985782731,2.6452653,1.3698909,8.369495
1760985782733,2.5986054,1.4231312,8.407183
1760985782736,2.5950162,1.4668003,8.435896
1760985782738,2.5525436,1.5056837,8.449655
1760985782740,2.5058835,1.5451652,8.473583
1760985782742,2.4735804,1.5936198,8.496913
1760985782744,2.455036,1.6366907,8.520842
1760985782747,2.408376,1.6713866,8.544171
1760985782749,2.3994029,1.7048861,8.553742
1760985782751,2.400001,1.7240287,8.59143
1760985782754,2.367698,1.7724833,8.6345005
1760985782756,2.3437698,1.7730815,8.681759
1760985782758,2.3539393,1.8161523,8.6961155
1760985782760,2.3306093,1.835295,8.743374
1760985782762,2.3168504,1.8598214,8.781061
1760985782765,2.3168504,1.8741783,8.781061
1760985782767,2.2983062,1.8981066,8.809774
1760985782769,2.3222344,1.8933209,8.809774
1760985782772,2.30369,1.931606,8.823533
1760985782774,2.3276181,1.9268204,8.847462
1760985782776,2.3371894,1.9405792,8.837891
1760985782779,2.3605196,1.9310079,8.852247
1760985782780,2.370689,1.939981,8.876176
1760985782783,2.3898315,1.9591235,8.899506
1760985782785,2.3802602,1.9591235,8.923434
1760985782787,2.4131618,1.948954,8.92822
1760985782789,2.43709,1.9483558,8.961121
1760985782792,2.4323041,1.9483558,8.965906
1760985782795,2.4562325,1.9579271,8.970692
1760985782796,2.489732,1.9764715,8.989835
1760985782798,2.5232315,1.9704895,9.008977
1760985782801,2.5375884,1.975275,8.989835
1760985782803,2.565704,1.9794625,9.008977
1760985782805,2.594418,1.9645073,9.022736
1760985782807,2.6321049,1.9734805,9.05145
1760985782810,2.6512475,1.9782661,9.065806
1760985782812,2.6608188,1.9728823,9.108279
1760985782814,2.684747,1.986641,9.132208
1760985782817,2.6805596,2.0015962,9.1465645
1760985782819,2.6895328,1.9962122,9.179466
1760985782821,2.6991038,2.000998,9.208179
1760985782823,2.7092733,2.009971,9.255438
1760985782826,2.7326035,2.0051854,9.265009
1760985782828,2.728416,2.024328,9.265009
1760985782831,2.728416,2.0482562,9.293125
1760985782833,2.7385855,2.0817556,9.326625
1760985782834,2.7242286,2.0817556,9.345767
1760985782836,2.7391837,2.0955145,9.369097
1760985782839,2.7206392,2.120041,9.406784
1760985782841,2.6871397,2.1254246,9.449855
1760985782843,2.664408,2.1690936,9.445069
1760985782846,2.6219354,2.1936202,9.468399
1760985782848,2.5848467,2.2277179,9.501899
1760985782850,2.565704,2.228316,9.549157
1760985782853,2.5471597,2.2666013,9.563514
1760985782855,2.5094728,2.2869403,9.573085
1760985782858,2.481357,2.3114667,9.567701
1760985782860,2.4580271,2.3306093,9.567701
1760985782862,2.4299114,2.335993,9.567701
1760985782864,2.388037,2.3802602,9.572487
1760985782867,2.388037,2.3946173,9.572487
1760985782868,2.3784657,2.4041886,9.562916
1760985782871,2.3551357,2.4239295,9.553345
1760985782873,2.3365912,2.4580271,9.510872
1760985782875,2.3228326,2.4634109,9.477372
1760985782877,2.3276181,2.4729822,9.448658
1760985782880,2.309074,2.4969103,9.401401
1760985782882,2.3132613,2.477768,9.372686
1760985782884,2.3228326,2.4921248,9.311071
1760985782887,2.3419752,2.501696,9.268599
1760985782889,2.347359,2.5112674,9.230313
1760985782891,2.3808584,2.525026,9.202198
1760985782893,2.4041886,2.5106692,9.159127
1760985782896,2.4041886,2.525026,9.149555
1760985782899,2.437688,2.5339992,9.126225
1760985782900,2.4239295,2.5435705,9.102298
1760985782902,2.4526432,2.5579274,9.092726
1760985782905,2.452045,2.5531418,9.068798
1760985782907,2.4484558,2.5866413,9.097511
1760985782909,2.4335005,2.57707,9.08794
1760985782911,2.44367,2.5914268,9.073584
1760985782913,2.4526432,2.5818555,9.08794
1760985782916,2.4382863,2.57707,9.068798
1760985782919,2.4478576,2.5818555,9.073584
1760985782920,2.4382863,2.5674987,9.092726
1760985782923,2.4388845,2.5962126,9.1256275
1760985782925,2.4526432,2.5722845,9.135199
1760985782927,2.457429,2.5669005,9.163913
1760985782929,2.4717858,2.562115,9.149555
1760985782931,2.4855444,2.5615165,9.202198
1760985782933,2.481357,2.5669005,9.202198
1760985782936,2.4622145,2.562115,9.277572
1760985782938,2.4526432,2.5764718,9.315857
1760985782941,2.4382863,2.571686,9.377472
1760985782943,2.44367,2.5812573,9.410972
1760985782945,2.4430718,2.5764718,9.448658
1760985782947,2.4526432,2.5758736,9.500702
1760985782950,2.4670002,2.5758736,9.553345
1760985782952,2.4622145,2.5710878,9.591031
1760985782954,2.4717858,2.5609183,9.638289
1760985782956,2.4855444,2.5555346,9.68136
1760985782958,2.4867408,2.5992036,9.719048
1760985782961,2.5004997,2.5794628,9.73819
1760985782963,2.4909284,2.5842485,9.747761
1760985782965,2.5202405,2.612364,9.790234
1760985782968,2.5154548,2.6321049,9.799805
1760985782970,2.544767,2.6554348,9.814162
1760985782972,2.5495524,2.6650062,9.818948
1760985782974,2.5639095,2.6883361,9.823135
1760985782977,2.559722,2.69372,9.832706
1760985782979,2.5603201,2.7320054,9.823135
1760985782981,2.5549364,2.7128627,9.804591
1760985782983,2.559722,2.722434,9.799805
1760985782986,2.5794628,2.7559335,9.771091
1760985782988,2.617748,2.774478,9.756734
1760985782990,2.6129622,2.7696922,9.766306
1760985782992,2.6231318,2.7930222,9.775877
1760985782995,2.6279175,2.7930222,9.756734
1760985782997,2.6518457,2.8073792,9.775877
1760985782999,2.6566312,2.8169506,9.771091
1760985783002,2.6620152,2.8408787,9.756734
1760985783004,2.6715865,2.8498518,9.775279
1760985783006,2.7008986,2.8929226,9.7609215
1760985783009,2.7343981,2.9114668,9.765707
1760985783011,2.7391837,2.9353952,9.775279
1760985783013,2.7589245,2.9688947,9.765707
1760985783015,2.8115666,2.9772696,9.7609215
1760985783017,2.8205397,2.9629126,9.741779
1760985783020,2.858825,2.981457,9.732208
1760985783022,2.87378,3.010171,9.727423
1760985783024,2.9072795,3.0143583,9.704092
1760985783026,2.9306095,3.0185459,9.704092
1760985783028,2.955136,3.0323045,9.694521
1760985783031,2.992823,3.0269206,9.689735
1760985783033,3.0119655,3.0364919,9.713663
1760985783035,3.00718,3.0317063,9.727423
1760985783037,3.0077782,3.0556345,9.756136
1760985783040,3.0406795,3.0358937,9.7609215
1760985783042,3.0412776,3.0693932,9.803394
1760985783044,3.074179,3.0735807,9.812965
1760985783047,3.0789645,3.0681968,9.865009
1760985783049,3.112464,3.0915267,9.903295
1760985783051,3.1220353,3.0963125,9.917053
1760985783053,3.1363924,3.0813572,9.960124
1760985783055,3.1555347,3.1004999,9.98824
1760985783058,3.141178,3.0813572,10.021739
1760985783060,3.1507492,3.0909286,10.045668
1760985783063,3.1597223,3.0664022,10.078569
1760985783065,3.1692936,3.0616167,10.112068
1760985783067,3.1974092,3.0562327,10.112068
1760985783069,3.1974092,3.0418758,10.14497
1760985783071,3.187838,3.03709,10.173684
1760985783074,3.2063823,3.0077782,10.202397
1760985783077,3.2159536,3.00718,10.259227
1760985783079,3.2392836,2.9826534,10.287941
1760985783081,3.2584262,2.9826534,10.349556
1760985783082,3.2673993,2.9676983,10.4016
1760985783085,3.2769706,2.952743,10.463215
1760985783087,3.2709885,2.9048867,10.539187
1760985783090,3.2805598,2.8995028,10.648659
1760985783092,3.2703903,2.8612177,10.743773
1760985783094,3.260819,2.8516464,10.8149605
1760985783097,3.246462,2.8372893,10.90529
1760985783098,3.2368908,2.818147,10.990832
1760985783100,3.2356944,2.7792635,11.104491
1760985783103,3.2350962,2.7361927,11.209178
1760985783105,3.211168,2.7074788,11.341979
1760985783107,3.2015967,2.6925237,11.4699955
1760985783110,3.2099717,2.629712,11.59861
1760985783112,3.176472,2.6063821,11.72184
1760985783114,3.1758738,2.57707,11.840883
1760985783117,3.1609187,2.5579274,11.935399
1760985783119,3.165106,2.504687,12.040086
1760985783121,3.150151,2.4711876,12.149557
1760985783123,3.1591241,2.4179473,12.2584305
1760985783126,3.129812,2.3940191,12.343974
1760985783128,3.114857,2.3557339,12.429517
1760985783130,3.07717,2.3419752,12.519846
1760985783132,3.0664022,2.2743778,12.60539
1760985783135,3.0233314,2.2510478,12.643675
1760985783137,3.0173492,2.2031915,12.724433
1760985783139,2.9886355,2.1798615,12.747763
1760985783141,2.978466,2.1463618,12.766905
1760985783143,2.9880373,2.1314068,12.800405
1760985783146,2.9778678,2.1074786,12.800405
1760985783148,2.9772696,2.0787647,12.809976
1760985783150,2.9958138,2.059622,12.762718
1760985783154,2.9958138,2.0500507,12.719647
1760985783157,3.0149565,2.0398812,12.662817
1760985783157,3.0287154,2.0255244,12.601202
1760985783160,3.0107691,2.0691934,12.5348015
1760985783162,3.0293136,2.0644078,12.458829
1760985783164,2.9958138,2.050649,12.401999
1760985783167,2.9862428,2.050649,12.349358
1760985783168,2.958127,2.0614166,12.297314
1760985783170,2.9192436,2.0285153,12.230913
1760985783172,2.885744,2.0051854,12.18844
1760985783175,2.8277183,1.9579271,12.136396
1760985783176,2.7798617,1.9304097,12.089138
1760985783180,2.7032914,1.8885353,12.0843525
1760985783182,2.6404798,1.8364913,12.069996
1760985783184,2.5680969,1.7850457,12.093924
1760985783186,2.477768,1.7581264,12.113067
1760985783188,2.4101706,1.7060826,12.127423
1760985783191,2.3048863,1.6504494,12.189038
1760985783192,2.2229323,1.5942181,12.265609
1760985783195,2.1505494,1.5278172,12.332009
1760985783197,2.0733807,1.4524434,12.412767
1760985783199,1.9872392,1.3908281,12.512668
1760985783201,1.9334008,1.3196417,12.607782
1760985783203,1.8275183,1.2299109,12.712468
1760985783206,1.7647067,1.1682956,12.812368
1760985783208,1.6540387,1.0695918,12.888341
1760985783210,1.5667006,0.9696914,12.997812
1760985783213,1.4560326,0.8805587,13.092927
1760985783215,1.3639089,0.8003992,13.173685
1760985783217,1.2771691,0.72023964,13.221541
1760985783219,1.1856437,0.6299106,13.287942
1760985783222,1.1126626,0.5449654,13.34537
1760985783225,1.0450653,0.47377887,13.387843
1760985783227,0.9870393,0.4223332,13.416556
1760985783229,0.91465646,0.3367898,13.459627
1760985783231,0.8757731,0.27996024,13.512269
1760985783233,0.8129615,0.22791636,13.5170555
1760985783235,0.78364944,0.18544376,13.5074835
1760985783238,0.7495517,0.12801601,13.502698
1760985783240,0.7052845,0.061615184,13.484154
1760985783242,0.6664011,0.0047856453,13.474583
1760985783244,0.6466603,-0.028115666,13.456038
1760985783247,0.5796613,-0.07477571,13.422539
1760985783249,0.5593223,-0.1369891,13.37528
1760985783251,0.5066802,-0.18424734,13.337593
1760985783254,0.47258246,-0.23150559,13.261621
1760985783256,0.42412782,-0.2638087,13.2000065
1760985783258,0.4001996,-0.29192436,13.100704
1760985783260,0.35712877,-0.2961118,13.019946
1760985783263,0.32841492,-0.30508488,12.9439745
1760985783265,0.29012975,-0.33260235,12.815958
1760985783267,0.28055847,-0.33200413,12.725629
1760985783269,0.23808585,-0.317049,12.616158
1760985783272,0.22372891,-0.29252258,12.492927
1760985783274,0.19621146,-0.26261228,12.374482
1760985783276,0.18664017,-0.25722843,12.236895
1760985783278,0.16331014,-0.21834506,12.113067
1760985783281,0.15014961,-0.16031912,11.970694
1760985783283,0.1268196,-0.13040884,11.833106
1760985783285,0.10348958,-0.096311115,11.690733
1760985783287,0.0526421,-0.013160525,11.533405
1760985783290,0.0059820567,0.03589234,11.386247
1760985783292,-0.02632105,0.08973085,11.215159
1760985783294,-0.08733802,0.14895321,11.0351
1760985783297,-0.12921242,0.20279172,10.873585
1760985783299,-0.19920248,0.26679972,10.7024975
1760985783301,-0.2745764,0.3164508,10.526625
1760985783303,-0.33499518,0.3900301,10.327422
1760985783306,-0.40558344,0.43968117,10.15155
1760985783308,-0.46660042,0.48933223,9.966106
1760985783310,-0.54675996,0.52941203,9.786046
1760985783312,-0.61675006,0.57906306,9.624531
1760985783315,-0.6586244,0.63828546,9.443872
1760985783317,-0.72442704,0.6879365,9.254242
1760985783319,-0.78065836,0.7369894,9.073584
1760985783321,-0.8129615,0.7956135,8.88814
1760985783324,-0.8500503,0.8542377,8.721839
1760985783326,-0.8679964,0.92243314,8.5322075
1760985783328,-0.8673982,0.9613165,8.394022
1760985783330,-0.8805587,1.0241281,8.26122
1760985783332,-0.8650054,1.0869397,8.118847
1760985783335,-0.8644072,1.1395818,8.014161
1760985783337,-0.8111669,1.1964114,7.9238324
1760985783339,-0.8009974,1.2544373,7.8287177
1760985783342,-0.75254273,1.3064811,7.7671022
1760985783344,-0.718445,1.3393825,7.700701
1760985783346,-0.6891329,1.3920245,7.652845
1760985783348,-0.65024954,1.4440684,7.6103725
1760985783351,-0.60717875,1.4530416,7.576873
1760985783353,-0.59760743,1.4817554,7.5385876
1760985783355,-0.5880362,1.4817554,7.533802
1760985783358,-0.5593223,1.4907285,7.533802
1760985783359,-0.549751,1.5050855,7.5625157
1760985783362,-0.5587241,1.5098711,7.5529447
1760985783364,-0.56350976,1.5002998,7.5625157
1760985783367,-0.57846487,1.4913267,7.5960155
1760985783369,-0.5688936,1.4811572,7.6289167
1760985783371,-0.5832505,1.4763715,7.6480594
1760985783373,-0.57427746,1.4476577,7.690532
1760985783376,-0.5886344,1.442872,7.7096744
1760985783378,-0.57009,1.4039887,7.7240314
1760985783380,-0.56111693,1.3896317,7.7904325
1760985783383,-0.54735816,1.3555341,7.785647
1760985783384,-0.5383851,1.3310076,7.84786
1760985783386,-0.5479564,1.3166506,7.895118
1760985783389,-0.54317075,1.311865,7.937591
1760985783391,-0.5054838,1.3016955,7.966305
1760985783393,-0.4671986,1.2957134,8.018349
1760985783396,-0.46779683,1.2765709,8.0614195
1760985783398,-0.43968117,1.2616158,8.108678
1760985783400,-0.401396,1.2705889,8.137392
1760985783403,-0.36789647,1.265205,8.179864
1760985783405,-0.33020952,1.2640085,8.208578
1760985783407,-0.3062813,1.2783655,8.222935
1760985783409,-0.25842485,1.2771691,8.203793
1760985783411,-0.21595225,1.2765709,8.213364
1760985783414,-0.18305093,1.2616158,8.203793
1760985783416,-0.13040884,1.2801601,8.189436
1760985783418,-0.08315059,1.2646067,8.175078
1760985783420,-0.04965107,1.274178,8.151749
1760985783423,-0.011365907,1.2879368,8.108678
1760985783425,0.0077766734,1.3160524,8.103892
1760985783427,0.036490545,1.3160524,8.066205
1760985783430,0.06460621,1.3058829,8.032705
1760985783432,0.07956135,1.3298112,8.013563
1760985783434,0.10827523,1.3339987,7.9854474
1760985783437,0.11844472,1.3818551,7.9423766
1760985783439,0.13280165,1.3818551,7.937591
1760985783441,0.16630118,1.4051851,7.90469
1760985783443,0.19561325,1.442872,7.861619
1760985783445,0.20039889,1.4715859,7.847262
1760985783447,0.25782663,1.5044873,7.804789
1760985783450,0.27756742,1.5332011,7.7665043
1760985783452,0.2973082,1.5667006,7.7665043
1760985783454,0.3499503,1.5798612,7.7234335
1760985783456,0.39780676,1.6031911,7.713862
1760985783459,0.41694933,1.6271194,7.690532
1760985783461,0.4325027,1.6893328,7.6947193
1760985783463,0.43728834,1.7180467,7.704291
1760985783466,0.44745782,1.7413766,7.7090764
1760985783468,0.43848476,1.7706888,7.737192
1760985783471,0.424726,1.7898313,7.7234335
1760985783472,0.42532423,1.8185452,7.7611203
1760985783475,0.4019942,1.8478572,7.78445
1760985783477,0.37387854,1.896312,7.78445
1760985783480,0.34576288,1.8921245,7.8227353
1760985783481,0.3367898,1.9208384,7.865208
1760985783484,0.29910284,1.9549361,7.912466
1760985783486,0.26620153,1.9794625,7.96451
1760985783488,0.22851457,1.9944177,8.012366
1760985783490,0.19561325,2.0093727,8.050054
1760985783493,0.1680958,2.0482562,8.1020975
1760985783495,0.13040884,2.0823538,8.140383
1760985783497,0.10229317,2.1068804,8.173284
1760985783499,0.0741775,2.1361923,8.215756
1760985783502,0.050847482,2.1601207,8.244471
1760985783504,0.013160525,2.1661026,8.254042
1760985783506,-5.9820566E-4,2.1900308,8.282157
1760985783508,-0.009571291,2.2091734,8.2965145
1760985783510,-0.032901313,2.2384856,8.315059
1760985783513,-0.07058827,2.2677977,8.315059
1760985783515,-0.08015956,2.2588246,8.329415
1760985783517,-0.07956135,2.2779672,8.3013
1760985783520,-0.07537391,2.2636101,8.286943
1760985783522,-0.07477571,2.2875385,8.248658
1760985783524,-0.050847482,2.3060827,8.234301
1760985783527,-0.026919255,2.315654,8.153543
1760985783529,0.0011964113,2.3102703,8.106285
1760985783531,0.04426722,2.324029,8.059027
1760985783533,0.096909314,2.347359,7.978269
1760985783536,0.14895321,2.3276181,7.9022965
1760985783537,0.20578274,2.341377,7.811968
1760985783540,0.24945176,2.3694925,7.726424
1760985783542,0.32063824,2.3682961,7.640881
1760985783544,0.35353956,2.3629124,7.5463643
1760985783547,0.39661035,2.3718855,7.4656067
1760985783549,0.45882374,2.3904297,7.380063
1760985783551,0.51565325,2.3946173,7.2993054
1760985783554,0.5587241,2.408376,7.2137623
1760985783556,0.59641105,2.4077778,7.1377897
1760985783558,0.62512493,2.4221346,7.071389
1760985783560,0.68255264,2.425724,7.0289164
1760985783563,0.7160522,2.4496522,6.9242306
1760985783566,0.74416786,2.4442682,6.8865438
1760985783568,0.7543373,2.487339,6.862615
1760985783569,0.8069794,2.5154548,6.814759
1760985783571,0.81236327,2.525026,6.7962146
1760985783574,0.8602197,2.5531418,6.777072
1760985783576,0.88354975,2.5429723,6.795616
1760985783578,0.8847462,2.6004,6.8099732
1760985783581,0.8895318,2.6195426,6.814759
1760985783583,0.8997013,2.629114,6.8243303
1760985783585,0.8997013,2.6386852,6.871588
1760985783587,0.8955139,2.667399,6.88116
1760985783590,0.87158567,2.6769702,6.923632
1760985783591,0.8769695,2.6913273,6.975676
1760985783594,0.8673982,2.7056842,7.0043902
1760985783596,0.8632108,2.7152555,7.051648
1760985783599,0.8679964,2.7248268,7.0989065
1760985783601,0.85902333,2.7391837,7.12762
1760985783603,0.8679964,2.7391837,7.194021
1760985783605,0.85902333,2.7439694,7.222735
1760985783607,0.863809,2.7678976,7.2939215
1760985783610,0.8781659,2.7529426,7.34118
1760985783613,0.8883354,2.7816563,7.374081
1760985783614,0.91106725,2.7523441,7.388438
1760985783617,0.9349955,2.751746,7.44108
1760985783619,0.9493524,2.7511477,7.493124
1760985783621,0.9870393,2.745764,7.507481
1760985783623,0.9912268,2.71705,7.5403824
1760985783626,1.015155,2.7116663,7.5643106
1760985783628,1.0247263,2.7260232,7.573882
1760985783630,1.0677971,2.7152555,7.6019974
1760985783632,1.0671989,2.7056842,7.6259255
1760985783635,1.0863415,2.6955147,7.6307116
1760985783637,1.1192428,2.6949165,7.6259255
1760985783639,1.1240284,2.6757739,7.645068
1760985783642,1.1431711,2.7044878,7.649854
1760985783644,1.1623136,2.6991038,7.668997
1760985783646,1.1814562,2.69372,7.668997
1760985783648,1.1952149,2.6985056,7.6594253
1760985783650,1.2287145,2.6979074,7.664211
1760985783653,1.247857,2.71705,7.6546397
1760985783655,1.2526426,2.7218359,7.668997
1760985783658,1.2580265,2.7260232,7.673184
1760985783660,1.2675978,2.74038,7.663613
1760985783662,1.2771691,2.7643085,7.701898
1760985783664,1.2777673,2.7738798,7.725228
1760985783666,1.2586247,2.769094,7.7347994
1760985783668,1.2586247,2.7834508,7.792227
1760985783671,1.2496517,2.797808,7.829914
1760985783673,1.2263216,2.812763,7.8490562
1760985783675,1.2071791,2.8277183,7.8628154
1760985783677,1.2119647,2.8223343,7.9106717
1760985783680,1.1886346,2.842075,7.9627156
1760985783682,1.1647065,2.8378878,7.9770727
1760985783683,1.1694921,2.8516464,8.014759
1760985783686,1.1365907,2.8474588,8.066803
1760985783688,1.1371889,2.8713872,8.090732
1760985783690,1.1270195,2.861816,8.13799
1760985783692,1.0989038,2.8624141,8.181061
1760985783695,1.0989038,2.8576283,8.223534
1760985783697,1.0941181,2.8528428,8.266604
1760985783699,1.0989038,2.8713872,8.323434
1760985783701,1.0749756,2.8480573,8.365906
1760985783704,1.0755738,2.8719854,8.422736
1760985783706,1.0749756,2.8378878,8.465807
1760985783708,1.055833,2.8289146,8.517851
1760985783710,1.0606186,2.8426733,8.584251
1760985783713,1.0648061,2.8139594,8.617751
1760985783715,1.079163,2.8229325,8.665009
1760985783717,1.0600204,2.8091738,8.721839
1760985783719,1.0552348,2.7996025,8.769695
1760985783722,1.0695918,2.8037899,8.826525
1760985783724,1.0552348,2.7942185,8.860024
1760985783727,1.0689936,2.784049,8.926425
1760985783729,1.0689936,2.784049,8.959326
1760985783731,1.0785648,2.7792635,8.997611
1760985783733,1.0737791,2.7696922,8.9928255
1760985783735,1.0737791,2.7792635,9.030513
1760985783738,1.0881361,2.7786653,9.044869
1760985783740,1.0833504,2.769094,9.0544405
1760985783742,1.0875379,2.7499514,9.092128
1760985783744,1.0737791,2.7643085,9.149555
1760985783750,1.0450653,2.7505496,9.172886
1760985783750,1.0259227,2.7655048,9.196814
1760985783755,1.0313065,2.7696922,9.206385
1760985783755,1.0169497,2.7942185,9.220742
1760985783756,1.0079765,2.8133612,9.234501
1760985783763,1.0175478,2.8229325,9.2488575
1760985783763,1.0127622,2.8277183,9.2488575
1760985783763,1.0091729,2.8612177,9.268001
1760985783764,0.99003035,2.8666015,9.263215
1760985783767,0.98524475,2.8761728,9.281759
1760985783769,0.9810573,2.8905299,9.267402
1760985783771,0.9762716,2.9150562,9.253643
1760985783773,0.99661064,2.9671001,9.267402
1760985783776,1.0157533,2.9671001,9.262616
1760985783778,1.0115658,3.0005996,9.257831
1760985783780,1.0163515,3.0293136,9.257831
1760985783782,1.0217353,3.0532417,9.24826
1760985783785,1.0319048,3.0819557,9.257831
1760985783787,1.041476,3.1058838,9.272188
1760985783789,1.0516455,3.1250265,9.238688
1760985783791,1.0713863,3.1680973,9.219545
1760985783794,1.076172,3.1776686,9.190832
1760985783796,1.1192428,3.2004004,9.18126
1760985783798,1.1389836,3.2434711,9.138788
1760985783800,1.1437693,3.2482567,9.119645
1760985783803,1.16351,3.286542,9.090932
1760985783805,1.1682956,3.2961133,9.076574
1760985783807,1.1922239,3.3056846,9.0436735
1760985783810,1.1970096,3.3200414,9.019745
1760985783812,1.1928221,3.3439696,9.019745
1760985783814,1.1928221,3.3439696,9.010174
1760985783816,1.2023934,3.353541,8.995817
1760985783819,1.1934203,3.3822548,9.000603
1760985783821,1.2418749,3.429513,8.976674
1760985783823,1.2753744,3.4528432,8.995817
1760985783825,1.2861422,3.5006995,9.023932
1760985783827,1.3106686,3.5431721,9.067003
1760985783830,1.3393825,3.5671003,9.0951185
1760985783832,1.3537394,3.5904303,9.137591
1760985783834,1.3351951,3.6053855,9.166306
1760985783836,1.3453646,3.6335013,9.185448
1760985783839,1.3357933,3.6436708,9.218349
1760985783841,1.3316058,3.6723845,9.242277
1760985783843,1.3316058,3.6723845,9.247063
1760985783846,1.3459628,3.6670008,9.256036
1760985783848,1.3363914,3.6819558,9.260822
1760985783850,1.3507484,3.676572,9.260822
1760985783852,1.3740784,3.6568313,9.2895355
1760985783855,1.3938192,3.675974,9.303893
1760985783857,1.3986049,3.6903307,9.299107
1760985783859,1.4219348,3.6849468,9.279964
1760985783861,1.4410775,3.694518,9.28475
1760985783864,1.4847465,3.7220356,9.275179
1760985783866,1.4991034,3.7268212,9.270393
1760985783868,1.570888,3.7591243,9.28475
1760985783871,1.5900307,3.778267,9.303294
1760985783873,1.6241283,3.815954,9.322437
1760985783875,1.6809579,3.8099718,9.312865
1760985783877,1.7096717,3.818945,9.322437
1760985783880,1.7383857,3.8470607,9.341579
1760985783882,1.7958134,3.8560338,9.336794
1760985783884,1.8245273,3.874578,9.369696
1760985783886,1.8622142,3.8644085,9.355338
1760985783889,1.9004993,3.8733816,9.40798
1760985783891,1.905285,3.8727834,9.440882
1760985783893,1.9531415,3.8913279,9.469596
1760985783895,1.9908284,3.8907297,9.48814
1760985783897,2.0434706,3.8991046,9.507282
1760985783900,2.0482562,3.8847475,9.540782
1760985783902,2.0865414,3.92722,9.592826
1760985783905,2.096711,3.95055,9.616156
1760985783906,2.1158533,3.9696927,9.635299
1760985783909,2.1499512,4.002594,9.663414
1760985783911,2.1361923,4.0217366,9.706485
1760985783913,2.1457636,4.045665,9.763314
1760985783915,2.1702902,4.078566,9.79143
1760985783918,2.161317,4.107878,9.829716
1760985783920,2.1619153,4.136592,9.872188
1760985783922,2.1481566,4.1605206,9.919446
1760985783925,2.1391835,4.2035913,9.952946
1760985783927,2.1110678,4.2329035,10.00499
1760985783929,2.082952,4.243073,10.047462
1760985783931,2.0644078,4.2867417,10.066605
1760985783934,2.0267208,4.2969112,10.099506
1760985783936,1.9890338,4.3262234,10.109077
1760985783938,1.9465612,4.3268213,10.161121
1760985783940,1.899303,4.351348,10.1802635
1760985783943,1.8424734,4.338187,10.227522
1760985783945,1.771287,4.348955,10.251451
1760985783947,1.7048861,4.3501515,10.27478
1760985783950,1.6528423,4.360321,10.293923
1760985783952,1.5672989,4.35733,10.30828
1760985783954,1.5194423,4.334,10.322637
1760985783956,1.4524434,4.325625,10.34178
1760985783959,1.3998013,4.3070807,10.351351
1760985783961,1.3663018,4.2885365,10.360922
1760985783964,1.3328022,4.2508492,10.384252
1760985783965,1.3082758,4.2317066,10.422537
1760985783968,1.3076776,4.188636,10.456037
1760985783970,1.311865,4.159324,10.5080805
1760985783972,1.2921243,4.1162534,10.569695
1760985783974,1.2915261,4.0731826,10.66481
1760985783977,1.2765709,4.02054,10.735997
1760985783979,1.2807583,4.0007997,10.783854
1760985783981,1.3136597,3.9714873,10.840683
1760985783983,1.317847,3.932604,10.888539
1760985783986,1.3220345,3.9038901,10.950154
1760985783988,1.3501502,3.8650067,11.021341
1760985783990,1.3639089,3.8356948,11.073385
1760985783992,1.3674982,3.7824545,11.126027
1760985783995,1.3998013,3.7339997,11.182857
1760985783997,1.3896317,3.671188,11.202
1760985783999,1.3980067,3.6137605,11.211571
1760985784001,1.4069797,3.574877,11.225927
1760985784004,1.4201403,3.5126636,11.22174
1760985784006,1.4237294,3.449852,11.207383
1760985784008,1.4799608,3.4151561,11.169696
1760985784010,1.4985052,3.3960135,11.131411
1760985784012,1.5266209,3.3714871,11.060225
1760985784015,1.5738791,3.3517463,10.99861
1760985784017,1.625923,3.3511481,10.917851
1760985784019,1.6827525,3.345166,10.865808
1760985784022,1.7306089,3.3684962,10.780264
1760985784024,1.7694924,3.39721,10.680962
1760985784026,1.7982062,3.4301112,10.609178
1760985784028,1.8460627,3.4534414,10.524232
1760985784031,1.8843478,3.4725838,10.457233
1760985784033,1.9322042,3.505485,10.367502
1760985784035,1.9561325,3.5144582,10.310075
1760985784038,1.9704895,3.519244,10.24846
1760985784040,2.0093727,3.5521452,10.196416
1760985784042,2.0045872,3.5623147,10.143773
1760985784044,2.0045872,3.557529,10.091729
1760985784046,1.9902302,3.562913,10.063614
1760985784048,1.9806589,3.5581272,10.030114
1760985784051,1.9758734,3.5533416,9.982856
1760985784053,1.9669002,3.5682967,9.97807
1760985784055,1.9716859,3.577868,9.949356
1760985784058,1.9764715,3.5730824,9.925428
1760985784060,1.9860427,3.6059837,9.915857
1760985784062,2.0147567,3.6203406,9.902099
1760985784065,2.000998,3.6346977,9.911072
1760985784067,1.9669002,3.5970106,9.949356
1760985784069,1.9202402,3.621537,9.939785
1760985784071,1.9441684,3.6454654,9.930214
1760985784074,1.9872392,3.6687953,9.939785
1760985784076,2.015953,3.6873398,9.977472
1760985784078,2.0117657,3.7016966,10.034302
1760985784081,1.9734805,3.687938,10.072587
1760985784083,1.9501505,3.6975093,10.134202
1760985784085,1.8981066,3.7034912,10.191031
1760985784087,1.820938,3.6514473,10.219746
1760985784090,1.7210377,3.6293137,10.281361
1760985784091,1.6007984,3.5688949,10.329217
1760985784095,1.524228,3.5318062,10.386046
1760985784097,1.457229,3.4893336,10.438689
1760985784098,1.4093726,3.4612179,10.481161
1760985784100,1.3513466,3.4241292,10.547563
1760985784102,1.3130615,3.385844,10.624132
1760985784105,1.265205,3.3720853,10.704292
1760985784108,1.2269198,3.3487554,10.76172
1760985784109,1.2173486,3.339184,10.832907
1760985784112,1.2215359,3.3146574,10.904093
1760985784114,1.2071791,3.31047,10.960922
1760985784116,1.1874382,3.2769706,11.036895
1760985784118,1.2005987,3.2093735,11.108081
1760985784120,1.2047862,3.1657043,11.179866
1760985784123,1.2137593,3.1316066,11.236695
1760985784125,1.2221341,3.0640094,11.293525
1760985784127,1.2311072,3.0352955,11.341381
1760985784129,1.2544373,3.0059834,11.412567
1760985784132,1.2628121,2.9575288,11.455638
1760985784134,1.247857,2.9096723,11.502896
1760985784136,1.2382857,2.885744,11.550753
1760985784138,1.2227324,2.8187451,11.631511
1760985784141,1.2215359,2.7559335,11.712269
1760985784143,1.2017952,2.7032914,11.769098
1760985784146,1.1910275,2.6458635,11.831311
1760985784148,1.180858,2.5878377,11.902498
1760985784150,1.1844472,2.5351956,11.988042
1760985784153,1.1551352,2.4634109,12.0640135
1760985784154,1.1300105,2.4011974,12.125628
1760985784156,1.1144571,2.3246272,12.21177
1760985784159,1.0809577,2.300699,12.2685995
1760985784161,1.0606186,2.2289143,12.320643
1760985784164,1.0504491,2.1906292,12.344572
1760985784166,1.0163515,2.1433709,12.401999
1760985784168,0.99661064,2.0811574,12.387643
1760985784170,0.9768698,2.0428724,12.401999
1760985784172,0.9667004,2.0045872,12.406785
1760985784174,0.9517452,1.9621146,12.383455
1760985784177,0.93679005,1.9142581,12.373884
1760985784179,0.92662054,1.8903298,12.359528
1760985784181,0.907478,1.8765712,12.302697
1760985784184,0.88354975,1.8628124,12.226726
1760985784186,0.87278205,1.814956,12.14178
1760985784188,0.8632108,1.791626,12.046665
1760985784190,0.8530413,1.7724833,11.946765
1760985784193,0.8578269,1.7485552,11.804991
1760985784195,0.8380861,1.7395821,11.666805
1760985784197,0.8333005,1.7353946,11.543574
1760985784199,0.8380861,1.7407784,11.386845
1760985784202,0.8141579,1.7126628,11.254043
1760985784204,0.81834537,1.6935202,11.102697
1760985784206,0.79501534,1.7180467,10.959726
1760985784209,0.80937225,1.7228323,10.836495
1760985784211,0.7752745,1.7001005,10.713265
1760985784213,0.7280163,1.7060826,10.570892
1760985784215,0.7040881,1.7018951,10.399805
1760985784218,0.6801598,1.6881363,10.253245
1760985784220,0.6562316,1.6941184,10.119845
1760985784223,0.6562316,1.6893328,9.977472
1760985784224,0.6227321,1.6761723,9.830314
1760985784226,0.6131608,1.6761723,9.692726
1760985784229,0.6089734,1.7006987,9.583853
1760985784231,0.58983076,1.7060826,9.474381
1760985784233,0.58504516,1.7066808,9.370294
1760985784236,0.5808577,1.7210377,9.270393
1760985784238,0.5706882,1.7120646,9.180064
1760985784240,0.57607204,1.7216359,9.085547
1760985784242,0.57547385,1.707279,9.009576
1760985784244,0.55692947,1.7222341,8.933603
1760985784247,0.54735816,1.713261,8.843274
1760985784250,0.5377869,1.713261,8.748159
1760985784252,0.5138587,1.7240287,8.676973
1760985784254,0.4755735,1.6959131,8.606385
1760985784256,0.4749753,1.6767704,8.5112705
1760985784258,0.44207397,1.6821543,8.449655
1760985784260,0.4127619,1.6540387,8.3784685
1760985784263,0.39361933,1.6546369,8.321639
1760985784265,0.36909288,1.602593,8.236095
1760985784267,0.34037903,1.5984055,8.188837
1760985784269,0.3589234,1.5690935,8.150552
1760985784271,0.33020952,1.5361922,8.127222
1760985784274,0.36311084,1.521237,8.075178
1760985784276,0.36729828,1.50688,8.032107
1760985784278,0.41455653,1.4919249,8.003992
1760985784280,0.41934216,1.4871392,7.960921
1760985784283,0.45702913,1.4673985,7.913663
1760985784286,0.4851448,1.442872,7.8664045
1760985784287,0.5276174,1.4231312,7.8287177
1760985784290,0.56530434,1.4129617,7.780861
1760985784292,0.6029913,1.4027922,7.7144604
1760985784294,0.6454639,1.3926228,7.6576304
1760985784296,0.6646065,1.3824533,7.5960155
1760985784299,0.7262217,1.3866407,7.548757
1760985784301,0.75912297,1.3764713,7.496115
1760985784303,0.78783685,1.3854443,7.448857
1760985784306,0.8021938,1.3806586,7.3776703
1760985784308,0.8452646,1.3896317,7.3304124
1760985784310,0.8787641,1.4129617,7.263413
1760985784312,0.89312106,1.4273187,7.2305117
1760985784314,0.9212367,1.4219348,7.183254
1760985784317,0.91226363,1.451247,7.149754
1760985784319,0.9320044,1.4656038,7.1162543
1760985784321,0.951147,1.4889339,7.073782
1760985784324,0.93738824,1.5182459,7.083353
1760985784326,0.93260264,1.5182459,7.059425
1760985784328,0.93260264,1.5278172,7.049854
1760985784330,0.93320084,1.5469599,7.0402822
1760985784332,0.9290134,1.5714862,7.049854
1760985784335,0.933799,1.5858432,7.030711
1760985784337,0.9816555,1.622932,7.049854
1760985784339,0.99661064,1.6372889,7.0546393
1760985784342,1.0109676,1.6516458,7.0636125
1760985784344,1.0259227,1.6797615,7.0731835
1760985784346,1.0636097,1.683949,7.092326
1760985784348,1.0923235,1.6881363,7.110871
1760985784351,1.1114662,1.6977077,7.1018977
1760985784353,1.1449656,1.7258233,7.1156564
1760985784355,1.1976078,1.7395821,7.1012993
1760985784357,1.2215359,1.7533408,7.0779696
1760985784360,1.2592229,1.7431713,7.058827
1760985784362,1.2783655,1.7425731,7.0396843
1760985784364,1.311865,1.7665013,7.0396843
1760985784366,1.3357933,1.7659031,6.992426
1760985784369,1.3692927,1.7796619,6.978069
1760985784371,1.393221,1.7940187,6.9445696
1760985784373,1.4075779,1.8029919,6.926025
1760985784375,1.4267205,1.8029919,6.9116683
1760985784378,1.4458631,1.8173488,6.882954
1760985784380,1.474577,1.8263218,6.8542404
1760985784382,1.527219,1.8448663,6.83091
1760985784385,1.5224334,1.8544376,6.8261247
1760985784387,1.5278172,1.8735801,6.8021965
1760985784389,1.5702899,1.8777676,6.7926254
1760985784391,1.5661024,1.9016958,6.797411
1760985784394,1.599602,1.9058832,6.773483
1760985784395,1.6043876,1.9250258,6.7782683
1760985784398,1.6235301,1.9244276,6.783054
1760985784400,1.6043876,1.9298115,6.773483
1760985784402,1.6241283,1.9483558,6.7926254
1760985784404,1.6193427,1.9585253,6.7878394
1760985784407,1.6097715,1.9585253,6.797411
1760985784409,1.628914,1.9674984,6.7878394
1760985784412,1.6103697,1.9680966,6.797411
1760985784414,1.6199409,1.9824536,6.8255267
1760985784416,1.5960127,1.9824536,6.859026
1760985784419,1.5864414,1.9872392,6.882356
1760985784420,1.5583258,2.00698,6.9206414
1760985784423,1.5493526,2.030908,6.948757
1760985784425,1.5684953,2.035694,6.991828
1760985784427,1.5547365,2.0548365,7.063014
1760985784430,1.5738791,2.0685952,7.119844
1760985784432,1.5696917,2.0877378,7.1623163
1760985784434,1.579263,2.1068804,7.2382884
1760985784436,1.5984055,2.1062822,7.285547
1760985784439,1.6277176,2.1391835,7.342376
1760985784441,1.6366907,2.1248264,7.385447
1760985784443,1.6462619,2.1337996,7.4327054
1760985784445,1.6660028,2.1529422,7.489535
1760985784449,1.6845472,2.12363,7.542177
1760985784450,1.7030915,2.1278176,7.5846496
1760985784452,1.6743777,2.1044874,7.6462646
1760985784455,1.6983058,2.1038892,7.6797643
1760985784457,1.6983058,2.1080768,7.7365937
1760985784459,1.7078772,2.1128623,7.760522
1760985784461,1.7078772,2.0985055,7.8221374
1760985784463,1.7078772,2.1176481,7.8741813
1760985784466,1.7126628,2.11705,7.940582
1760985784468,1.7222341,2.1122642,7.9884386
1760985784470,1.7270198,2.11705,8.026125
1760985784472,1.7748762,2.1302104,8.082955
1760985784475,1.7700906,2.1254246,8.139785
1760985784477,1.7940187,2.1248264,8.201998
1760985784479,1.8323039,2.1385853,8.254042
1760985784481,1.8370895,2.1427727,8.282157
1760985784485,1.855634,2.1427727,8.338987
1760985784486,1.8652053,2.1230319,8.353344
1760985784488,1.8987048,2.1367905,8.386844
1760985784490,1.9082761,2.1415763,8.434102
1760985784493,1.8843478,2.1415763,8.477173
1760985784495,1.8891335,2.1415763,8.519645
1760985784497,1.8843478,2.1463618,8.543573
1760985784500,1.8843478,2.1511476,8.590832
1760985784502,1.8897316,2.1655045,8.618947
1760985784504,1.8711873,2.1894326,8.647661
1760985784506,1.884946,2.1702902,8.671589
1760985784508,1.9094725,2.2223341,8.685348
1760985784511,1.9286151,2.2127628,8.699705
1760985784513,1.9334008,2.2073789,8.704491
1760985784515,1.9621146,2.2456641,8.733205
1760985784518,1.9674984,2.2648067,8.742178
1760985784520,1.9537396,2.2839491,8.76132
1760985784522,1.9728823,2.2983062,8.780462
1760985784524,1.939981,2.3174486,8.813364
1760985784527,1.9453648,2.3509483,8.842078
1760985784529,1.9639091,2.3509483,8.855837
1760985784531,1.9405792,2.3754747,8.879765
1760985784533,1.9363917,2.3802602,8.874979
1760985784535,1.9268204,2.3994029,8.879765
1760985784538,1.9322042,2.4185455,8.907881
1760985784540,1.922633,2.4281168,8.907881
1760985784542,1.9136599,2.4382863,8.922237
1760985784544,1.9423738,2.4472594,8.950952
1760985784547,1.9567307,2.461018,8.94138
1760985784549,1.9806589,2.4658036,8.959925
1760985784552,1.9758734,2.489732,8.946166
1760985784553,2.0045872,2.4891338,8.950353
1760985784556,2.033301,2.5028925,8.983852
1760985784558,2.0620148,2.521437,8.99821
1760985784560,2.0578275,2.5262225,9.0029955
1760985784563,2.07697,2.5405796,8.993423
1760985784565,2.0865414,2.5549364,9.011969
1760985784567,2.0919251,2.5836504,9.007183
1760985784569,2.0871396,2.5980072,8.997611
1760985784572,2.1014965,2.5980072,9.026325
1760985784574,2.1158533,2.6117659,9.016754
1760985784576,2.1014965,2.612364,9.002397
1760985784579,2.111666,2.6362925,9.007183
1760985784581,2.11705,2.6548367,9.011969
1760985784583,2.11705,2.6602206,9.002397
1760985784585,2.11705,2.6596224,9.031111
1760985784587,2.126621,2.6835506,9.026325
1760985784590,2.1272194,2.693122,8.997611
1760985784592,2.1176481,2.69372,8.98804
1760985784594,2.1038892,2.7272196,8.983254
1760985784597,2.094318,2.7230322,8.945567
1760985784599,2.108675,2.7230322,8.892925
1760985784601,2.0847468,2.737389,8.878569
1760985784603,2.1188445,2.766103,8.86481
1760985784606,2.1044874,2.78046,8.845667
1760985784608,2.0859432,2.7954152,8.812167
1760985784610,2.091327,2.8289146,8.783454
1760985784612,2.0919251,2.8719854,8.769096
1760985784615,2.0823538,2.8725836,8.769096
1760985784617,2.0871396,2.8869405,8.73141
1760985784620,2.0979073,2.9300113,8.721839
1760985784621,2.0931215,2.9539394,8.693125
1760985784624,2.0889342,2.9778678,8.707481
1760985784626,2.0512471,3.0077782,8.693125
1760985784628,2.056631,3.0412776,8.693125
1760985784630,2.0572293,3.050849,8.683554
1760985784633,2.024328,3.0705895,8.678768
1760985784635,2.024328,3.0801609,8.678768
1760985784637,2.024328,3.0993035,8.688339
1760985784639,2.0153549,3.1142588,8.645268
1760985784642,2.0153549,3.12383,8.6548395
1760985784644,1.9920249,3.138187,8.669196
1760985784646,2.0015962,3.1429725,8.6548395
1760985784648,1.9776679,3.1244283,8.673982
1760985784651,1.9680966,3.1435707,8.688339
1760985784653,1.9830518,3.1579278,8.692527
1760985784655,1.9734805,3.167499,8.687741
1760985784658,1.9686948,3.167499,8.702098
1760985784660,1.98365,3.1914272,8.697312
1760985784662,1.9830518,3.1770704,8.711669
1760985784664,1.9974087,3.190829,8.726026
1760985784667,1.9932213,3.2201412,8.740383
1760985784669,1.9884356,3.1962128,8.740383
1760985784671,1.9597218,3.1914272,8.749954
1760985784674,1.9651057,3.2153554,8.763713
1760985784675,1.9746768,3.2249267,8.773284
1760985784677,1.9369899,3.2398818,8.792427
1760985784680,1.9363917,3.225525,8.782856
1760985784682,1.9280169,3.2685957,8.8014
1760985784684,1.9232312,3.283551,8.810971
1760985784686,1.9280169,3.293122,8.815757
1760985784688,1.9519451,3.2973096,8.825328
1760985784691,1.9381863,3.3212378,8.844471
1760985784693,1.9531415,3.3499517,8.844471
1760985784695,1.9627128,3.3643086,8.848659
1760985784697,1.963311,3.3882368,8.85823
1760985784700,1.9585253,3.3882368,8.85823
1760985784702,1.9872392,3.4163525,8.867801
1760985784704,1.9830518,3.4360933,8.882157
1760985784706,2.0021944,3.449852,8.85823
1760985784708,2.0165513,3.464209,8.882157
1760985784711,2.0219352,3.4929228,8.863015
1760985784713,2.0177476,3.5120654,8.881559
1760985784715,2.027319,3.5120654,8.871988
1760985784718,2.027319,3.545565,8.871988
1760985784720,2.032703,3.5503507,8.886345
1760985784722,2.0237298,3.5886357,8.928818
1760985784725,2.0237298,3.6077783,8.938389
1760985784727,2.033301,3.6077783,8.98146
1760985784729,2.0249262,3.6604204,9.000004
1760985784731,2.03031,3.6843486,9.014361
1760985784734,2.0255244,3.7034912,9.090333
1760985784736,2.0165513,3.7178483,9.142377
1760985784738,2.0452652,3.731607,9.147162
1760985784740,2.050649,3.7651064,9.189635
1760985784742,2.065006,3.7938204,9.227323
1760985784745,2.065006,3.7890346,9.241679
1760985784747,2.0751755,3.7980077,9.288938
1760985784749,2.0703897,3.8273199,9.341579
1760985784752,2.0656042,3.8123646,9.379267
1760985784754,2.0847468,3.8267217,9.412766
1760985784756,2.0662024,3.8267217,9.445667
1760985784759,2.0757737,3.8506498,9.479167
1760985784760,2.0757737,3.8506498,9.540782
1760985784763,2.1044874,3.859623,9.573684
1760985784765,2.1188445,3.8590248,9.597611
1760985784767,2.1475582,3.8584266,9.64487
1760985784770,2.2002003,3.876971,9.668798
1760985784772,2.2378874,3.8853457,9.720842
1760985784774,2.2899313,3.8703907,9.7681
1760985784776,2.3234308,3.8793638,9.811171
1760985784779,2.361716,3.8877387,9.848858
1760985784781,2.3994029,3.8727834,9.905687
1760985784783,2.4418755,3.8524444,9.958329
1760985784785,2.475375,3.856632,10.01516
1760985784788,2.4939194,3.8416767,10.105488
1760985784790,2.536392,3.8171504,10.167104
1760985784792,2.5692933,3.7968113,10.228719
1760985784794,2.5926232,3.772285,10.357333
1760985784797,2.620739,3.7477584,10.447063
1760985784799,2.6350958,3.7471602,10.532607
1760985784801,2.6392834,3.7226338,10.656436
1760985784803,2.676372,3.673581,10.770095
1760985784806,2.7092733,3.6394832,10.869995
1760985784808,2.7278178,3.6143587,11.002797
1760985784810,2.7649066,3.5706897,11.107483
1760985784812,2.7888348,3.5503507,11.221142
1760985784815,2.8121648,3.5353954,11.3162565
1760985784817,2.8354948,3.5204403,11.434701
1760985784819,2.8402805,3.5156546,11.506486
1760985784822,2.8642087,3.5198421,11.615359
1760985784824,2.8594232,3.5336008,11.68176
1760985784826,2.8977082,3.5473595,11.757732
1760985784828,2.9078777,3.5712879,11.824133
1760985784831,2.9084759,3.595216,11.890533
1760985784833,2.932404,3.6233318,11.947364
1760985784835,2.9138598,3.6424742,11.970694
1760985784837,2.9138598,3.64726,12.008979
1760985784840,2.909074,3.6424742,12.070594
1760985784842,2.8809586,3.6430724,12.075379
1760985784844,2.833102,3.6245282,12.104094
1760985784846,2.7762725,3.6448672,12.127423
1760985784849,2.7619154,3.6257246,12.132209
1760985784851,2.7044878,3.6029928,12.127423
1760985784853,2.6656044,3.5653057,12.128021
1760985784855,2.6279175,3.5706897,12.156137
1760985784858,2.5992036,3.5563326,12.160923
1760985784860,2.5842485,3.5377884,12.17528
1760985784862,2.5603201,3.5186458,12.213565
1760985784864,2.536392,3.4953158,12.256038
1760985784867,2.4741786,3.481557,12.265609
1760985784869,2.4364917,3.4773695,12.303894
1760985784871,2.4215364,3.44387,12.317653
1760985784873,2.3874388,3.4157543,12.318251
1760985784876,2.3491535,3.39721,12.365509
1760985784878,2.3389843,3.354139,12.394223
1760985784880,2.3144577,3.3062828,12.455838
1760985784883,2.2660031,3.2542388,12.517453
1760985784885,2.2510478,3.2063823,12.589238
1760985784887,2.2169502,3.1537402,12.665211
1760985784889,2.1828525,3.106482,12.717254
1760985784892,2.1391835,3.054438,12.779468
1760985784894,2.0907288,2.9922247,12.841083
1760985784896,2.0470598,2.9353952,12.8931265
1760985784898,2.012962,2.8881369,12.974483
1760985784900,1.9597218,2.8313074,13.050455
1760985784902,1.9202402,2.7547371,13.0977125
1760985784905,1.8765712,2.6883361,13.159926
1760985784907,1.7994026,2.6171498,13.259827
1760985784909,1.7605193,2.5507488,13.321442
1760985784911,1.6779668,2.4699912,13.392629
1760985784914,1.6247265,2.3940191,13.440485
1760985784916,1.5571294,2.3377876,13.521242
1760985784919,1.4937196,2.2331018,13.569099
1760985784921,1.4261223,2.1619153,13.625929
1760985784923,1.3770695,2.0715861,13.678571
1760985784925,1.294517,1.995614,13.754542
1760985784927,1.2364911,1.9106688,13.788042
1760985784930,1.1688938,1.8442681,13.811971
1760985784932,1.1006985,1.7587247,13.835898
1760985784934,1.0755738,1.6875381,13.8550415
1760985784936,1.0127622,1.6115661,13.859827
1760985784939,0.95473623,1.5499508,13.888541
1760985784941,0.9194421,1.4548361,13.869996
1760985784943,0.85244304,1.4081762,13.865211
1760985784945,0.7848458,1.3369896,13.89871
1760985784948,0.698106,1.2903296,13.874783
1760985784950,0.6263213,1.2293127,13.851452
1760985784952,0.55393845,1.1778669,13.83231
1760985784955,0.47198427,1.102493,13.823337
1760985784957,0.38584265,1.0755738,13.789837
1760985784959,0.30867413,1.0145568,13.75215
1760985784962,0.23688944,0.9726824,13.714463
1760985784963,0.11724831,0.92662054,13.681561
1760985784966,0.040677983,0.8991031,13.638491
1760985784968,-0.069391854,0.84347,13.60559
1760985784970,-0.14596218,0.8213364,13.586447
1760985784972,-0.25124636,0.7800602,13.524832
1760985784975,-0.3182454,0.7477571,13.477573
1760985784977,-0.39960137,0.72502524,13.459029
1760985784979,-0.48993045,0.7076773,13.420744
1760985784982,-0.55752766,0.6562316,13.359129
1760985784984,-0.6430711,0.63828546,13.311871
1760985784986,-0.69571316,0.61076796,13.2406845
1760985784988,-0.7818548,0.57427746,13.150355
1760985784990,-0.8488538,0.56590253,13.055839
1760985784993,-0.91106725,0.552742,12.960724
1760985784995,-0.9828519,0.51086766,12.8518505
1760985784997,-1.0450653,0.48873404,12.714263
1760985784999,-1.0977074,0.47018966,12.5958185
1760985785002,-1.1641082,0.4671986,12.44866
1760985785004,-1.230509,0.47856453,12.287145
1760985785006,-1.2969099,0.4749753,12.130414
1760985785008,-1.3351951,0.46181476,11.988042
1760985785011,-1.3734802,0.47258246,11.817553
1760985785013,-1.4015958,0.48753762,11.660823
1760985785015,-1.4153546,0.5072784,11.551352
1760985785018,-1.4392828,0.52283174,11.380862
1760985785020,-1.4817554,0.5377869,11.228918
1760985785022,-1.524228,0.5629115,11.062617
1760985785024,-1.561915,0.57846487,10.905888
1760985785027,-1.599602,0.5844469,10.730015
1760985785029,-1.6378871,0.57607204,10.559526
1760985785031,-1.698904,0.6155536,10.393225
1760985785033,-1.7563318,0.60777694,10.226924
1760985785035,-1.80359,0.613759,10.056436
1760985785038,-1.8562322,0.6197411,9.899706
1760985785040,-1.9130617,0.6161518,9.723833
1760985785043,-1.9417756,0.63170516,9.55813
1760985785045,-2.012364,0.65264237,9.410972
1760985785047,-2.035694,0.6771688,9.273384
1760985785049,-2.0787647,0.6687939,9.092726
1760985785051,-2.1164517,0.70348984,8.950353
1760985785054,-2.120639,0.718445,8.840881
1760985785056,-2.1870399,0.7435696,8.708079
1760985785058,-2.2199411,0.77347994,8.565707
1760985785060,-2.2528424,0.78843504,8.456834
1760985785063,-2.28036,0.82313097,8.380263
1760985785065,-2.2947168,0.81894356,8.257032
1760985785067,-2.3186452,0.83389866,8.166703
1760985785070,-2.3371894,0.8536395,8.100303
1760985785072,-2.3276181,0.8632108,8.038688
1760985785074,-2.3228326,0.87278205,7.9627156
1760985785077,-2.32702,0.88235337,7.9387875
1760985785079,-2.3312075,0.930808,7.877172
1760985785081,-2.2929223,0.9445667,7.8484583
1760985785084,-2.2791636,0.92482597,7.8012
1760985785086,-2.2504497,0.9343972,7.7347994
1760985785088,-2.2073789,0.94337034,7.687541
1760985785090,-2.1738794,0.971486,7.6917286
1760985785092,-2.1308086,0.9708878,7.6917286
1760985785095,-2.0644078,0.9696914,7.6492558
1760985785097,-2.0267208,0.9738788,7.597212
1760985785099,-1.9651057,0.9391829,7.5637126
1760985785101,-1.9178474,0.95772725,7.5260253
1760985785103,-1.8514465,0.93260264,7.4787674
1760985785106,-1.7850457,0.92662054,7.4356966
1760985785108,-1.7228323,0.9451649,7.36451
1760985785110,-1.6426728,0.9200403,7.3028946
1760985785112,-1.5858432,0.90448695,7.260422
1760985785115,-1.5337993,0.89431745,7.2173514
1760985785117,-1.4536397,0.87338024,7.1653075
1760985785119,-1.3920245,0.87278205,7.12762
1760985785122,-1.3351951,0.8668,7.056434
1760985785124,-1.2640085,0.8560323,7.02772
1760985785126,-1.2209377,0.8650054,6.966105
1760985785128,-1.1449656,0.86859465,6.9373913
1760985785130,-1.0977074,0.85842514,6.914061
1760985785133,-1.0552348,0.8578269,6.8709903
1760985785135,-0.97806627,0.89491564,6.8333035
1760985785138,-0.93978107,0.91346,6.7854466
1760985785140,-0.8781659,0.9170493,6.7758756
1760985785142,-0.83988076,0.930808,6.7525454
1760985785144,-0.8063812,0.96849495,6.7381887
1760985785146,-0.7537391,0.96789676,6.728617
1760985785149,-0.6963114,0.98584294,6.728617
1760985785151,-0.6628119,1.0097711,6.71426
1760985785153,-0.6053841,1.0420742,6.704689
1760985785155,-0.5192425,1.0743774,6.695118
1760985785158,-0.49052864,1.0929217,6.666404
1760985785160,-0.44685963,1.1353943,6.6711893
1760985785162,-0.4031906,1.1778669,6.690332
1760985785164,-0.3505485,1.2059826,6.680761
1760985785166,-0.33559337,1.2580265,6.7088766
1760985785169,-0.28295127,1.2813566,6.6945195
1760985785171,-0.27756742,1.3244274,6.7226353
1760985785174,-0.2434697,1.3621143,6.7322063
1760985785176,-0.2428715,1.3908281,6.7609205
1760985785177,-0.20877378,1.442872,6.7794647
1760985785179,-0.19920248,1.4524434,6.81775
1760985785182,-0.18843478,1.5146568,6.8506513
1760985785185,-0.16869399,1.5577276,6.8506513
1760985785187,-0.17766708,1.5816557,6.8739815
1760985785188,-0.14895321,1.6193427,6.878767
1760985785191,-0.15732808,1.6773686,6.8979096
1760985785193,-0.1471586,1.7252251,6.926025
1760985785195,-0.16510476,1.7641085,6.9212394
1760985785198,-0.15972091,1.8113668,6.982855
1760985785200,-0.14476576,1.8640088,7.001399
1760985785203,-0.18185452,1.9082761,7.01097
1760985785204,-0.18125631,1.9411774,7.091728
1760985785206,-0.1896312,1.9944177,7.1012993
1760985785209,-0.20338993,2.0374885,7.1246295
1760985785212,-0.20697916,2.0907288,7.157531
1760985785213,-0.20638095,2.114657,7.181459
1760985785215,-0.19680966,2.1433709,7.2095747
1760985785218,-0.20039889,2.1864417,7.2287173
1760985785221,-0.21834506,2.2444677,7.233503
1760985785222,-0.20338993,2.2827528,7.223932
1760985785224,-0.212363,2.3162522,7.256833
1760985785227,-0.19322042,2.3347967,7.266404
1760985785229,-0.20219351,2.3784657,7.266404
1760985785231,-0.18305093,2.3826532,7.266404
1760985785234,-0.15373886,2.425724,7.256833
1760985785236,-0.11066805,2.4346972,7.2616186
1760985785238,-0.1052842,2.487339,7.2562346
1760985785240,-0.08075777,2.5058835,7.2562346
1760985785243,-0.047258247,2.5387847,7.2705917
1760985785245,-0.032303106,2.5722845,7.2562346
1760985785247,-0.02213361,2.6009982,7.251449
1760985785249,-0.012562319,2.605784,7.2323065
1760985785252,0.0065802624,2.629114,7.237092
1760985785254,0.02632105,2.6721847,7.2179494
1760985785256,0.040677983,2.681756,7.2179494
1760985785259,0.050847482,2.7008986,7.198807
1760985785261,0.07477571,2.7146573,7.1706915
1760985785263,0.06999006,2.7439694,7.146763
1760985785266,0.08973085,2.7625136,7.132406
1760985785267,0.10887343,2.7816563,7.103692
1760985785270,0.17108682,2.7900312,7.085148
1760985785272,0.1902294,2.804388,7.075577
1760985785275,0.20937198,2.818147,7.056434
1760985785276,0.23808585,2.8319056,7.056434
1760985785279,0.27158538,2.865405,7.0612197
1760985785281,0.2955136,2.8600214,7.0468626
1760985785283,0.3487539,2.9120653,7.05105
1760985785286,0.35353956,2.9168508,7.042077
1760985785288,0.401396,2.9443684,7.0325055
1760985785290,0.43070808,2.9778678,7.0606213
1760985785293,0.4642076,2.996412,7.0749784
1760985785295,0.50189453,2.9952157,7.0983086
1760985785297,0.5024927,3.0143583,7.160522
1760985785299,0.55513483,3.042474,7.179066
1760985785301,0.5605187,3.056831,7.198209
1760985785304,0.5988039,3.0747771,7.2646093
1760985785306,0.6227321,3.0843484,7.2975106
1760985785308,0.637089,3.1076784,7.326225
1760985785310,0.6520442,3.126821,7.359126
1760985785312,0.7088737,3.1304102,7.368697
1760985785315,0.7375876,3.1489546,7.41117
1760985785317,0.77587277,3.1627133,7.4398837
1760985785320,0.7902297,3.1722846,7.463812
1760985785322,0.8428718,3.1950164,7.4919276
1760985785324,0.90029955,3.2177482,7.520642
1760985785326,0.933799,3.21715,7.5254273
1760985785329,0.933799,3.2410784,7.5678997
1760985785330,0.98644114,3.2309089,7.6103725
1760985785334,0.9912268,3.24048,7.615158
1760985785335,1.0336994,3.234498,7.6390862
1760985785339,1.0671989,3.2434711,7.6863446
1760985785340,1.1096715,3.2333016,7.7294154
1760985785343,1.1144571,3.2422748,7.757531
1760985785345,1.1335998,3.2470603,7.800602
1760985785347,1.1527423,3.2321053,7.8430743
1760985785349,1.1479566,3.251248,7.9094753
1760985785352,1.1814562,3.245864,7.9615192
1760985785353,1.1952149,3.2356944,8.018947
1760985785356,1.2000005,3.2303107,8.108678
1760985785358,1.1952149,3.225525,8.170891
1760985785360,1.2143575,3.2392836,8.265408
1760985785363,1.2053844,3.2440693,8.327023
1760985785364,1.1958131,3.2584262,8.412566
1760985785367,1.2005987,3.2392836,8.483752
1760985785369,1.2047862,3.2338998,8.574081
1760985785371,1.21017,3.2434711,8.6548395
1760985785374,1.2005987,3.2530425,8.730812
1760985785376,1.1814562,3.2530425,8.830113
1760985785378,1.1820544,3.2530425,8.886943
1760985785380,1.18684,3.2673993,8.99163
1760985785383,1.1778669,3.2817562,9.072387
1760985785385,1.1724831,3.2763724,9.148359
1760985785387,1.1443675,3.2913275,9.224331
1760985785390,1.1682956,3.3003006,9.285947
1760985785392,1.1724831,3.266801,9.333204
1760985785394,1.1826526,3.2853456,9.37149
1760985785396,1.1964114,3.2805598,9.433105
1760985785399,1.2155539,3.275176,9.475577
1760985785400,1.2203395,3.2703903,9.504292
1760985785403,1.2436695,3.2506495,9.532407
1760985785405,1.268196,3.2787652,9.565907
1760985785407,1.2867404,3.2685957,9.575478
1760985785410,1.3058829,3.2733815,9.608379
1760985785413,1.3100704,3.2584262,9.61795
1760985785415,1.314856,3.2584262,9.632308
1760985785416,1.3202399,3.2679975,9.637094
1760985785418,1.3387842,3.263212,9.622736
1760985785421,1.3483555,3.2530425,9.6275215
1760985785423,1.3579268,3.2482567,9.599406
1760985785425,1.3627125,3.2626138,9.608379
1760985785428,1.3908281,3.2524443,9.61795
1760985785430,1.3716856,3.2380872,9.622736
1760985785432,1.3674982,3.2530425,9.603594
1760985785434,1.3908281,3.2285159,9.594621
1760985785437,1.3764713,3.2285159,9.580264
1760985785439,1.4051851,3.2572298,9.608379
1760985785441,1.3908281,3.2476585,9.589835
1760985785443,1.3812568,3.2476585,9.613165
1760985785446,1.3866407,3.266801,9.637094
1760985785448,1.3674982,3.257828,9.6275215
1760985785450,1.3627125,3.2673993,9.65145
1760985785453,1.3579268,3.2626138,9.679565
1760985785455,1.3345969,3.2775688,9.684352
1760985785457,1.3010973,3.2871401,9.70828
1760985785460,1.282553,3.2925239,9.731609
1760985785461,1.2544373,3.3122647,9.741181
1760985785464,1.2215359,3.3224342,9.765109
1760985785466,1.1928221,3.3278182,9.784252
1760985785469,1.1312069,3.3481572,9.798011
1760985785471,1.079163,3.353541,9.817153
1760985785474,1.0510473,3.3732817,9.850055
1760985785475,1.0037891,3.3834512,9.873982
1760985785477,0.93320084,3.418147,9.902697
1760985785480,0.8955139,3.4480574,9.935597
1760985785482,0.8530413,3.4534414,9.964312
1760985785484,0.82013994,3.487539,9.997213
1760985785486,0.7639086,3.5072799,10.0349
1760985785489,0.71665037,3.5180476,10.054043
1760985785491,0.67417777,3.5569308,10.068399
1760985785493,0.63170516,3.5724843,10.0779705
1760985785496,0.57547385,3.5874393,10.073185
1760985785497,0.51864433,3.6029928,10.082158
1760985785500,0.48035914,3.6083765,10.058828
1760985785502,0.4426722,3.6335013,10.030114
1760985785504,0.37627137,3.6251264,10.015758
1760985785507,0.357727,3.6394832,9.97807
1760985785509,0.30089745,3.6550367,9.958928
1760985785511,0.27696922,3.6652062,9.902099
1760985785513,0.24885355,3.6897326,9.863813
1760985785515,0.23988047,3.6903307,9.8117695
1760985785519,0.24466611,3.7094734,9.726226
1760985785520,0.26859435,3.7190447,9.659825
1760985785522,0.2739782,3.7525442,9.579067
1760985785525,0.30209386,3.7525442,9.498309
1760985785527,0.32123643,3.7663028,9.403194
1760985785529,0.3792624,3.7944186,9.317652
1760985785531,0.38883367,3.8183467,9.256036
1760985785534,0.39780676,3.80399,9.160921
1760985785536,0.421735,3.8135612,9.075976
1760985785539,0.4408776,3.8183467,9.000004
1760985785541,0.46061835,3.8374894,8.904889
1760985785543,0.46959144,3.8231323,8.795418
1760985785545,0.47916272,3.8374894,8.729017
1760985785547,0.503091,3.856632,8.615358
1760985785550,0.51266223,3.8518462,8.558528
1760985785552,0.5180461,3.8805602,8.477771
1760985785554,0.5276174,3.8901315,8.401798
1760985785556,0.52283174,3.8901315,8.363513
1760985785558,0.5371887,3.9044883,8.301898
1760985785561,0.54675996,3.9044883,8.245069
1760985785563,0.5802595,3.9230328,8.221141
1760985785565,0.5946164,3.9373896,8.1738825
1760985785568,0.613759,3.9421754,8.145168
1760985785570,0.6233303,3.9415772,8.130812
1760985785572,0.6334998,3.9750767,8.111669
1760985785574,0.6622137,3.9894335,8.069196
1760985785577,0.67178494,3.984648,8.083553
1760985785580,0.6478567,3.984648,8.078768
1760985785582,0.6430711,3.9990048,8.088339
1760985785583,0.64845496,4.0181475,8.116454
1760985785586,0.62452674,4.0187454,8.130812
1760985785588,0.5724828,4.033701,8.182856
1760985785590,0.55453664,4.0677986,8.192427
1760985785592,0.549751,4.072584,8.254042
1760985785595,0.52582276,4.0731826,8.273184
1760985785597,0.4971089,4.063611,8.325228
1760985785599,0.4977071,4.0827537,8.353942
1760985785601,0.4881358,4.0827537,8.377272
1760985785604,0.4743771,4.1072803,8.425129
1760985785606,0.4743771,4.1072803,8.462815
1760985785608,0.4743771,4.1072803,8.472386
1760985785610,0.4833502,4.0923247,8.472386
1760985785613,0.49351966,4.106682,8.491529
1760985785615,0.503091,4.1114674,8.510074
1760985785617,0.503091,4.1204405,8.543573
1760985785619,0.50787663,4.106084,8.543573
1760985785622,0.5174479,4.1204405,8.562716
1760985785624,0.5174479,4.125226,8.562716
1760985785627,0.53180486,4.1204405,8.566903
1760985785629,0.55034924,4.110271,8.576474
1760985785631,0.57487565,4.1383867,8.586046
1760985785633,0.5886344,4.119244,8.590832
1760985785635,0.5982057,4.1234317,8.614759
1760985785637,0.61734825,4.1330028,8.595617
1760985785640,0.65982085,4.1228333,8.600403
1760985785642,0.69272214,4.1024942,8.633903
1760985785644,0.73100734,4.0971107,8.624331
1760985785646,0.75912297,4.091727,8.657232
1760985785649,0.7920243,4.0672,8.629117
1760985785651,0.8488538,4.071388,8.662018
1760985785653,0.90089774,4.0558343,8.685946
1760985785655,0.9242278,4.0360937,8.700303
1760985785658,0.95712906,4.0163527,8.733803
1760985785660,0.9954142,4.0007997,8.766704
1760985785662,1.032503,3.976273,8.781061
1760985785664,1.0516455,3.9661036,8.847462
1760985785667,1.0845468,3.9655054,8.885747
1760985785669,1.0797613,3.9463627,8.942576
1760985785671,1.0983056,3.9314077,8.999406
1760985785673,1.1078769,3.9314077,9.065806
1760985785676,1.1126626,3.9164524,9.165708
1760985785680,1.11685,3.906881,9.203394
1760985785680,1.0887343,3.906881,9.298509
1760985785682,1.0648061,3.8925242,9.393623
1760985785684,1.0217353,3.8931224,9.455238
1760985785686,1.0079765,3.8931224,9.531211
1760985785688,0.9840483,3.8793638,9.631111
1760985785691,0.9415757,3.9134614,9.725628
1760985785694,0.89431745,3.9188452,9.825528
1760985785695,0.86081797,3.909274,9.920045
1760985785697,0.8279166,3.9338005,9.9960165
1760985785700,0.8045866,3.9296129,10.062417
1760985785702,0.80937225,3.9290147,10.13839
1760985785704,0.7860422,3.9583268,10.233504
1760985785707,0.7902297,3.9433718,10.309476
1760985785709,0.785444,3.9338005,10.413564
1760985785711,0.80877405,3.9086757,10.532607
1760985785713,0.8321041,3.874578,10.622936
1760985785716,0.87936234,3.854239,10.703694
1760985785718,0.92662054,3.8339,10.841281
1760985785720,0.99720883,3.799204,10.93161
1760985785723,1.0725827,3.76391,11.050055
1760985785725,1.1581261,3.7525442,11.169098
1760985785727,1.2143575,3.7124643,11.306685
1760985785729,1.308874,3.6963127,11.4394865
1760985785731,1.3944174,3.6993039,11.54836
1760985785734,1.4895321,3.6831522,11.657832
1760985785736,1.5607185,3.6813576,11.776277
1760985785738,1.6558332,3.6843486,11.91865
1760985785740,1.736591,3.682554,12.004193
1760985785743,1.8077775,3.6861434,12.094522
1760985785745,1.8454645,3.6753755,12.180065
1760985785752,1.9124635,3.6693935,12.274582
1760985785752,1.9501505,3.6634114,12.360126
1760985785752,1.9686948,3.6436708,12.431312
1760985785754,1.9585253,3.6149569,12.464811
1760985785756,1.9441684,3.6011982,12.507284
1760985785758,1.9585253,3.6053855,12.497713
1760985785760,1.9345971,3.5964124,12.516855
1760985785763,1.8448663,3.6077783,12.4935255
1760985785765,1.7868403,3.574877,12.479168
1760985785767,1.7347964,3.5760734,12.412767
1760985785770,1.6881363,3.6203406,12.341581
1760985785772,1.6504494,3.6257246,12.256038
1760985785774,1.6175481,3.6699917,12.203396
1760985785777,1.5714862,3.7477584,12.113067
1760985785779,1.5248263,3.815954,12.04188
1760985785781,1.4979069,3.897908,11.998809
1760985785783,1.4327025,3.9619162,11.941979
1760985785785,1.3387842,4.0211387,11.894123
1760985785788,1.268196,4.0851464,11.813365
1760985785790,1.1796615,4.1587257,11.775081
1760985785792,1.1138589,4.2035913,11.694323
1760985785794,0.971486,4.2299123,11.61835
1760985785797,0.8865408,4.2460637,11.542378
1760985785799,0.78723866,4.281956,11.49512
1760985785801,0.7256235,4.2831526,11.385649
1760985785804,0.654437,4.298706,11.319247
1760985785806,0.59760743,4.328616,11.243276
1760985785808,0.56410795,4.3154554,11.176874
1760985785810,0.5270192,4.354339,11.100903
1760985785812,0.4989035,4.359723,11.053644
1760985785814,0.4851448,4.4081774,10.996217
1760985785817,0.49471608,4.4129634,10.929815
1760985785819,0.50368917,4.3986063,10.8682
1760985785821,0.5282156,4.4129634,10.806585
1760985785824,0.5377869,4.4368916,10.759327
1760985785826,0.590429,4.4691944,10.740185
1760985785828,0.62811595,4.449454,10.7019
1760985785830,0.6855437,4.4632125,10.621141
1760985785832,0.6855437,4.4488554,10.602597
1760985785835,0.75194454,4.447659,10.564312
1760985785837,0.7746763,4.41416,10.517054
1760985785839,0.8171489,4.393821,10.479366
1760985785842,0.85064846,4.393821,10.445868
1760985785844,0.86859465,4.345366,10.427323
1760985785846,0.8775677,4.316054,10.40818
1760985785849,0.9098708,4.2723846,10.370493
1760985785851,0.9236295,4.243671,10.327422
1760985785853,0.93260264,4.195216,10.318449
1760985785856,0.9553344,4.14736,10.304092
1760985785858,0.9732806,4.089334,10.3232355
1760985785860,0.9726824,4.0360937,10.295119
1760985785862,0.9810573,3.9834516,10.290334
1760985785864,0.9804591,3.9403806,10.295119
1760985785866,0.9984053,3.867998,10.299905
1760985785869,0.9589237,3.8057845,10.33819
1760985785871,0.9631111,3.7770705,10.362119
1760985785873,0.95712906,3.7052858,10.362119
1760985785876,0.92303133,3.6478581,10.414163
1760985785878,0.91226363,3.5808592,10.433305
1760985785880,0.8925229,3.5377884,10.490733
1760985785882,0.8679964,3.4660037,10.529017
1760985785885,0.8578269,3.4372897,10.547563
1760985785887,0.85184485,3.365505,10.566705
1760985785889,0.8219346,3.298506,10.619347
1760985785891,0.81655073,3.2410784,10.667203
1760985785894,0.8344969,3.1830523,10.709676
1760985785896,0.8530413,3.1441689,10.7431755
1760985785898,0.8422736,3.0867412,10.757532
1760985785900,0.86919284,3.0089746,10.805388
1760985785902,0.8877372,2.9605198,10.857432
1760985785905,0.91465646,2.8785655,10.900503
1760985785907,0.93738824,2.8109684,10.90529
1760985785909,0.9451649,2.7242286,10.929217
1760985785912,0.9487542,2.632703,10.962717
1760985785914,0.9804591,2.565106,10.938788
1760985785916,0.97866446,2.4544377,10.920244
1760985785918,1.0157533,2.3868406,10.882557
1760985785921,1.0049855,2.3246272,10.854442
1760985785923,1.0366904,2.25703,10.830514
1760985785925,1.0169497,2.1900308,10.792827
1760985785927,1.0438689,2.1128623,10.759925
1760985785930,1.0378869,2.036292,10.731212
1760985785932,1.041476,1.98365,10.688739
1760985785934,1.0504491,1.939981,10.636695
1760985785936,1.0540384,1.8873389,10.570294
1760985785939,1.0342976,1.8400806,10.527822
1760985785941,1.052842,1.8251255,10.451849
1760985785943,1.061815,1.7868403,10.37169
1760985785945,1.0564312,1.7485552,10.300504
1760985785948,1.055833,1.7198412,10.229317
1760985785950,1.0695918,1.7006987,10.148559
1760985785952,1.0313065,1.6827525,10.05823
1760985785954,1.0079765,1.6881363,9.968499
1760985785957,1.0079765,1.6833507,9.863813
1760985785959,0.9936196,1.6791633,9.759726
1760985785962,0.974477,1.6749759,9.640682
1760985785963,0.9457632,1.6947167,9.503095
1760985785966,0.9601201,1.6995022,9.38465
1760985785968,0.9314062,1.6959131,9.251849
1760985785970,0.92243314,1.7204394,9.123235
1760985785972,0.8991031,1.7258233,9.004789
1760985785974,0.90388876,1.7545372,8.895318
1760985785977,0.9086744,1.7449659,8.824132
1760985785979,0.8757731,1.7700906,8.72483
1760985785981,0.8668,1.8041883,8.644072
1760985785984,0.84765744,1.8095721,8.5728855
1760985785986,0.8105687,1.8436699,8.5346
1760985785988,0.8105687,1.8532411,8.4682
1760985785991,0.7728817,1.8831514,8.401798
1760985785993,0.7495517,1.8933209,8.358727
1760985785995,0.7070791,1.9034904,8.330612
1760985785997,0.68853474,1.9232312,8.306684
1760985785999,0.6687939,1.8945173,8.282756
1760985786002,0.63529444,1.8951155,8.264212
1760985786005,0.59760743,1.8915263,8.273783
1760985786007,0.5922236,1.8628124,8.235497
1760985786009,0.5395815,1.8586249,8.221141
1760985786011,0.5204389,1.8496519,8.235497
1760985786013,0.50129634,1.8257236,8.221739
1760985786016,0.49651068,1.820938,8.188239
1760985786018,0.47676992,1.797608,8.1738825
1760985786020,0.47198427,1.7784654,8.155337
1760985786022,0.45762733,1.7694924,8.13141
1760985786024,0.4755735,1.7306089,8.084151
1760985786026,0.46121657,1.7258233,8.050652
1760985786029,0.4564309,1.707279,8.008179
1760985786031,0.48933223,1.6971095,7.9513497
1760985786033,0.5084748,1.7060826,7.9130645
1760985786036,0.5180461,1.68694,7.856235
1760985786038,0.53599226,1.6582261,7.8233337
1760985786040,0.57009,1.6767704,7.7665043
1760985786043,0.59342,1.6809579,7.7330046
1760985786045,0.64606214,1.689931,7.6713896
1760985786047,0.66041905,1.6947167,7.6426754
1760985786049,0.698106,1.6845472,7.5810604
1760985786052,0.74117684,1.7174485,7.5523467
1760985786054,0.7603194,1.7126628,7.4907312
1760985786056,0.7938189,1.7312071,7.4626155
1760985786058,0.81834537,1.7694924,7.4195447
1760985786060,0.86081797,1.753939,7.3770723
1760985786063,0.89431745,1.7587247,7.2963142
1760985786065,0.927817,1.777269,7.277172
1760985786067,0.927817,1.7868403,7.2341013
1760985786069,0.9804591,1.814956,7.1916285
1760985786072,0.994816,1.8101703,7.14437
1760985786074,1.0235299,1.8478572,7.1012993
1760985786077,1.0713863,1.8568304,7.058827
1760985786078,1.1001002,1.8753748,7.025327
1760985786081,1.1473584,1.869991,6.9966135
1760985786083,1.1862419,1.8933209,6.9541407
1760985786085,1.2005987,1.9220347,6.949355
1760985786087,1.2335001,1.9070797,6.939784
1760985786089,1.2628121,1.9543378,6.934998
1760985786092,1.2490535,1.969293,6.9589267
1760985786094,1.2586247,1.98365,6.9726853
1760985786097,1.2879368,2.021337,6.987042
1760985786099,1.2981063,2.0404794,6.987042
1760985786101,1.3172488,2.0638096,7.0343003
1760985786103,1.3411771,2.067997,7.0343003
1760985786106,1.3513466,2.1110678,7.076773
1760985786108,1.3615161,2.1302104,7.09113
1760985786110,1.3950156,2.1631117,7.105487
1760985786112,1.4285151,2.1720848,7.138388
1760985786114,1.457229,2.1954148,7.157531
1760985786117,1.5002998,2.2139592,7.21436
1760985786119,1.5206388,2.2666013,7.2329044
1760985786122,1.5637096,2.2989044,7.29452
1760985786123,1.5978073,2.3318057,7.304091
1760985786126,1.6217356,2.3700907,7.308877
1760985786128,1.6606189,2.3982065,7.346564
1760985786131,1.6845472,2.4215364,7.3609204
1760985786133,1.6947167,2.4598217,7.370492
1760985786135,1.7096717,2.4885356,7.393822
1760985786137,1.6953149,2.498107,7.422536
1760985786140,1.6815561,2.5274189,7.4506516
1760985786142,1.6677973,2.5513473,7.455437
1760985786144,1.6546369,2.5950162,7.4602227
1760985786146,1.6504494,2.6333013,7.4793653
1760985786148,1.6271194,2.6626134,7.455437
1760985786150,1.6037893,2.7014968,7.455437
1760985786153,1.6049858,2.754139,7.4644103
1760985786155,1.5672989,2.769094,7.431509
1760985786157,1.5631114,2.8079774,7.431509
1760985786159,1.5774683,2.8319056,7.417152
1760985786163,1.5690935,2.8749764,7.407581
1760985786164,1.5984055,2.9126635,7.4069824
1760985786167,1.579263,2.9371898,7.416554
1760985786169,1.570888,2.9952157,7.3926253
1760985786171,1.561915,3.019144,7.402197
1760985786174,1.5529419,3.0436704,7.4069824
1760985786176,1.5433706,3.0580273,7.426125
1760985786178,1.5296118,3.07717,7.4446692
1760985786179,1.5014962,3.0969107,7.468598
1760985786182,1.4644074,3.1357942,7.5062847
1760985786184,1.4315062,3.1507492,7.5493555
1760985786186,1.4410775,3.165106,7.596614
1760985786188,1.4183456,3.2087753,7.648658
1760985786191,1.4231312,3.2177482,7.7054873
1760985786193,1.4045869,3.2470603,7.757531
1760985786196,1.3908281,3.266203,7.8239317
1760985786198,1.4099708,3.275176,7.880761
1760985786200,1.4051851,3.2799616,7.9429746
1760985786203,1.4003994,3.2943187,8.018349
1760985786205,1.4297116,3.3080773,8.066205
1760985786207,1.4249259,3.32722,8.113463
1760985786209,1.4344971,3.3176486,8.179864
1760985786211,1.4297116,3.32722,8.251051
1760985786214,1.4249259,3.3224342,8.279764
1760985786216,1.4344971,3.3314073,8.331808
1760985786218,1.4488541,3.3266218,8.369495
1760985786220,1.4482559,3.2973096,8.39821
1760985786222,1.4482559,3.2829528,8.402995
1760985786225,1.4620147,3.2733815,8.436495
1760985786227,1.4668003,3.2727833,8.44128
1760985786230,1.4763715,3.2536407,8.469396
1760985786232,1.4853446,3.2488549,8.488539
1760985786234,1.5044873,3.2482567,8.49811
1760985786236,1.5038891,3.2243285,8.5220375
1760985786238,1.5230316,3.2093735,8.512466
1760985786241,1.5182459,3.2045877,8.540583
1760985786243,1.5320047,3.185445,8.559725
1760985786245,1.5409778,3.1609187,8.559725
1760985786247,1.5218352,3.161517,8.56451
1760985786249,1.5260227,3.1274192,8.56451
1760985786252,1.5349957,3.0795627,8.588439
1760985786254,1.544567,3.074179,8.583653
1760985786256,1.5672989,3.045465,8.57468
1760985786260,1.5672989,3.0358937,8.588439
1760985786262,1.5864414,3.0209386,8.617152
1760985786263,1.5858432,3.001796,8.621938
1760985786265,1.5954145,2.9916265,8.626724
1760985786268,1.6091732,2.9724839,8.641081
1760985786270,1.6133606,2.9575288,8.655437
1760985786272,1.6181463,2.9623144,8.669795
1760985786274,1.6564314,2.9617162,8.655437
1760985786277,1.6612171,2.9760733,8.665009
1760985786279,1.6564314,2.9760733,8.645866
1760985786281,1.6803597,2.9712875,8.655437
1760985786283,1.713261,2.9563324,8.650652
1760985786285,1.7228323,2.9605198,8.626724
1760985786288,1.7563318,2.969493,8.612367
1760985786290,1.7754744,2.969493,8.603394
1760985786292,1.7706888,2.9742785,8.560323
1760985786295,1.7988044,2.9688947,8.560323
1760985786297,1.8131614,2.9593234,8.508279
1760985786300,1.8323039,2.9688947,8.479566
1760985786301,1.8418752,2.964109,8.432307
1760985786304,1.8658035,2.9778678,8.398808
1760985786306,1.8801605,2.9826534,8.346764
1760985786308,1.9088743,3.0059834,8.308478
1760985786310,1.899303,3.0113673,8.270791
1760985786312,1.9190438,3.0346973,8.256434
1760985786315,1.9375881,3.0346973,8.199605
1760985786318,1.9334008,3.0592237,8.16132
1760985786320,1.933999,3.0927234,8.13799
1760985786322,1.933999,3.1070802,8.114061
1760985786324,1.9441684,3.1310084,8.052446
1760985786326,1.9543378,3.1692936,8.056634
1760985786329,1.9357935,3.2081769,8.018947
1760985786331,1.9363917,3.2416766,7.9950185
1760985786333,1.9130617,3.266203,7.966305
1760985786335,1.9040886,3.2907293,7.928618
1760985786337,1.884946,3.3003006,7.899904
1760985786340,1.861616,3.31047,7.914261
1760985786342,1.8622142,3.3487554,7.880761
1760985786344,1.8293129,3.359523,7.856833
1760985786347,1.8101703,3.359523,7.8430743
1760985786349,1.7682959,3.4085758,7.819146
1760985786351,1.7682959,3.418147,7.809575
1760985786354,1.7545372,3.4229329,7.785647
1760985786356,1.7216359,3.4480574,7.780861
1760985786358,1.7407784,3.4570305,7.7904325
1760985786361,1.7270198,3.4863427,7.795218
1760985786362,1.7455641,3.4713874,7.809575
1760985786365,1.7605193,3.5096726,7.780861
1760985786367,1.7748762,3.528217,7.832905
1760985786369,1.7754744,3.5569308,7.818548
1760985786371,1.7952151,3.5856447,7.8424764
1760985786374,1.8185452,3.5706897,7.818548
1760985786376,1.8329022,3.5706897,7.8424764
1760985786378,1.8478572,3.6083765,7.8849487
1760985786380,1.8568304,3.5892339,7.908877
1760985786382,1.8765712,3.6077783,7.908877
1760985786385,1.8999012,3.5880375,7.9513497
1760985786387,1.9190438,3.621537,7.984849
1760985786389,1.905285,3.6167514,8.022536
1760985786391,1.905285,3.6167514,8.060822
1760985786394,1.9148563,3.6311083,8.088937
1760985786396,1.9010975,3.650251,8.10808
1760985786398,1.9010975,3.6693935,8.13141
1760985786401,1.8867407,3.6699917,8.150552
1760985786403,1.8921245,3.7034912,8.178668
1760985786405,1.8735801,3.7178483,8.207381
1760985786407,1.8454645,3.7423747,8.23131
1760985786409,1.8460627,3.7758741,8.264212
1760985786412,1.8370895,3.7950168,8.245069
1760985786414,1.8275183,3.8051863,8.278568
1760985786416,1.8137596,3.8147576,8.292327
1760985786419,1.8047864,3.8584266,8.27797
1760985786421,1.8053846,3.8775692,8.321041
1760985786423,1.8053846,3.8871403,8.339585
1760985786425,1.8155541,3.9200418,8.353942
1760985786427,1.8203398,3.9296129,8.405986
1760985786430,1.8161523,3.9583268,8.4012
1760985786432,1.7880367,3.9780676,8.4347
1760985786435,1.7928224,3.987639,8.449057
1760985786437,1.7934206,4.0067816,8.477173
1760985786439,1.8125632,4.0307097,8.496315
1760985786441,1.7940187,4.054638,8.538788
1760985786443,1.7988044,4.054638,8.55793
1760985786446,1.80359,4.0642095,8.576474
1760985786448,1.8424734,4.0923247,8.586046
1760985786450,1.8610178,4.0869412,8.614759
1760985786452,1.8604196,4.058227,8.629117
1760985786455,1.8987048,4.0624146,8.643474
1760985786458,1.9423738,4.1001015,8.642876
1760985786459,1.9800607,4.0941195,8.657232
1760985786462,2.0183458,4.1030927,8.681161
1760985786464,2.0608184,4.1024942,8.676374
1760985786466,2.094318,4.106682,8.695518
1760985786468,2.14696,4.1347976,8.695518
1760985786471,2.175674,4.148556,8.728418
1760985786473,2.2139592,4.1718864,8.742776
1760985786475,2.2145574,4.1814575,8.752347
1760985786477,2.2378874,4.185645,8.770891
1760985786480,2.2713869,4.1898327,8.770891
1760985786482,2.2767708,4.208975,8.804391
1760985786484,2.3150558,4.2275195,8.827721
1760985786486,2.3198416,4.226921,8.86122
1760985786488,2.3479571,4.226323,8.894122
1760985786491,2.3581266,4.2598224,8.908479
1760985786493,2.367698,4.269394,8.950952
1760985786495,2.3581266,4.269394,8.965308
1760985786497,2.3682961,4.302893,8.965308
1760985786500,2.359323,4.3172503,8.989237
1760985786502,2.37368,4.3268213,8.998808
1760985786504,2.3551357,4.3609195,8.993423
1760985786506,2.3312075,4.351348,9.041281
1760985786509,2.32702,4.389633,9.046066
1760985786511,2.3276181,4.3944187,9.074182
1760985786514,2.318047,4.41416,9.102896
1760985786516,2.3138595,4.4428735,9.116654
1760985786518,2.2911277,4.486542,9.140582
1760985786520,2.2809582,4.4721856,9.18784
1760985786522,2.2295125,4.5014977,9.18784
1760985786525,2.1966112,4.5212383,9.202198
1760985786527,2.1828525,4.5409794,9.230313
1760985786529,2.1828525,4.5649076,9.24467
1760985786531,2.1834507,4.579264,9.263813
1760985786534,2.187638,4.5649076,9.263813
1760985786537,2.1834507,4.5936213,9.2590275
1760985786539,2.2025933,4.6025944,9.263813
1760985786541,2.1984057,4.6175494,9.263813
1760985786543,2.2175484,4.636094,9.2590275
1760985786545,2.2319052,4.631308,9.2590275
1760985786547,2.2462623,4.6552362,9.24467
1760985786550,2.2695923,4.6259246,9.254242
1760985786552,2.289333,4.65404,9.254242
1760985786554,2.312663,4.658826,9.239884
1760985786556,2.3318057,4.653442,9.230313
1760985786559,2.341377,4.6582274,9.230313
1760985786561,2.3694925,4.633701,9.220742
1760985786563,2.393421,4.642674,9.263813
1760985786566,2.4023938,4.6235313,9.291928
1760985786568,2.4358935,4.6229334,9.306286
1760985786570,2.4502504,4.622335,9.348758
1760985786572,2.4502504,4.6175494,9.377472
1760985786575,2.4687948,4.6169515,9.419945
1760985786577,2.455036,4.621737,9.495916
1760985786579,2.4502504,4.60738,9.58146
1760985786581,2.440679,4.636094,9.624531
1760985786583,2.4311078,4.631308,9.671789
1760985786586,2.417349,4.636094,9.757333
1760985786588,2.3748765,4.666004,9.823733
1760985786590,2.3659034,4.6755753,9.880563
1760985786592,2.3515465,4.6899323,9.95175
1760985786595,2.3425734,4.7042894,10.032507
1760985786597,2.3282163,4.7042894,10.117453
1760985786599,2.3425734,4.703691,10.193424
1760985786601,2.3425734,4.6989055,10.259826
1760985786604,2.3467607,4.6845484,10.322039
1760985786606,2.332404,4.6749773,10.393225
1760985786608,2.3234308,4.6749773,10.445269
1760985786610,2.3132613,4.6654058,10.492527
1760985786613,2.2941186,4.6558347,10.582856
1760985786615,2.2941186,4.636692,10.6684
1760985786618,2.32702,4.616353,10.777871
1760985786619,2.335993,4.587041,10.901102
1760985786622,2.37368,4.557131,11.014761
1760985786624,2.3928227,4.566104,11.185847
1760985786626,2.3928227,4.551747,11.318649
1760985786629,2.3682961,4.508078,11.489737
1760985786631,2.3341985,4.469793,11.660823
1760985786633,2.2917259,4.470391,11.850454
1760985786636,2.2671995,4.4368916,12.040684
1760985786638,2.243271,4.403392,12.192628
1760985786640,2.2331018,4.3740797,12.330215
1760985786642,2.2235305,4.354937,12.496516
1760985786644,2.2127628,4.301697,12.638889
1760985786646,2.2223341,4.2771707,12.781262
1760985786649,2.2115662,4.229314,12.894921
1760985786651,2.1924238,4.2053857,13.004393
1760985786653,2.1822543,4.176672,13.085151
1760985786656,2.1864417,4.11386,13.185051
1760985786658,2.1804597,4.0558343,13.2514515
1760985786660,2.1750758,4.007978,13.280166
1760985786662,2.1499512,3.940979,13.318451
1760985786665,2.1302104,3.903292,13.346566
1760985786667,2.120639,3.874578,13.328022
1760985786669,2.1343977,3.8548372,13.304094
1760985786671,2.152344,3.8117664,13.275978
1760985786674,2.1762722,3.8111682,13.204792
1760985786676,2.1906292,3.8063827,13.180863
1760985786679,2.2139592,3.7962132,13.133605
1760985786680,2.2187448,3.8057845,13.104892
1760985786683,2.2002003,3.8207395,13.057633
1760985786685,2.167299,3.845266,13.028919
1760985786686,2.129014,3.8464625,12.996018
1760985786689,2.0865414,3.856632,12.957733
1760985786692,2.0249262,3.8673997,12.929019
1760985786693,1.9495523,3.8931224,12.862618
1760985786696,1.8783658,3.8847475,12.829717
1760985786698,1.7880367,3.8961134,12.791431
1760985786700,1.6737795,3.897908,12.7393875
1760985786702,1.6073786,3.8991046,12.710674
1760985786705,1.4787644,3.8727834,12.6777725
1760985786708,1.3884354,3.8554354,12.625729
1760985786710,1.2975081,3.8380876,12.592229
1760985786712,1.2071791,3.839284,12.573685
1760985786714,1.1318051,3.8458643,12.573685
1760985786716,1.0504491,3.8231323,12.587443
1760985786718,0.97926265,3.8291144,12.587443
1760985786720,0.8739785,3.7974095,12.606586
1760985786723,0.802792,3.7938204,12.630514
1760985786725,0.7262217,3.7710886,12.668799
1760985786727,0.654437,3.7339997,12.696916
1760985786729,0.59700924,3.6963127,12.716058
1760985786732,0.5389833,3.644269,12.725629
1760985786734,0.485743,3.5976088,12.739986
1760985786736,0.45164528,3.525824,12.744772
1760985786739,0.36909288,3.4408789,12.750155
1760985786741,0.34456646,3.3690944,12.735799
1760985786743,0.2955136,3.283551,12.726826
1760985786745,0.27517462,3.2027931,12.712468
1760985786747,0.21655045,3.112464,12.689138
1760985786750,0.2009971,3.0358937,12.665809
1760985786752,0.16570297,2.9210382,12.64188
1760985786754,0.16869399,2.815754,12.580863
1760985786756,0.17168503,2.7343981,12.504891
1760985786759,0.1692922,2.609373,12.448062
1760985786761,0.18245272,2.5232315,12.372687
1760985786763,0.1902294,2.431706,12.301501
1760985786765,0.19800608,2.3306093,12.263814
1760985786768,0.2440679,2.248655,12.187842
1760985786770,0.2757728,2.152344,12.112468
1760985786772,0.32123643,2.0554347,12.06521
1760985786775,0.33918262,1.9734805,11.989238
1760985786777,0.36610186,1.9010975,11.941979
1760985786779,0.39361933,1.8526429,11.909079
1760985786782,0.41575295,1.7563318,11.871391
1760985786784,0.42891344,1.6791633,11.847463
1760985786786,0.45104706,1.5972091,11.79542
1760985786788,0.47377887,1.5302101,11.729616
1760985786791,0.47676992,1.4482559,11.696117
1760985786793,0.48035914,1.3860425,11.668001
1760985786795,0.503091,1.3136597,11.649457
1760985786798,0.4881358,1.2753744,11.606386
1760985786799,0.4869394,1.2179468,11.559128
1760985786802,0.4528417,1.1563315,11.540584
1760985786804,0.45224348,1.1132607,11.493325
1760985786806,0.4235296,1.0947163,11.4598255
1760985786809,0.3894319,1.0474582,11.407782
1760985786811,0.3696911,1.0091729,11.355738
1760985786813,0.3499503,0.9954142,11.294123
1760985786815,0.33559337,0.9762716,11.25165
1760985786818,0.32183465,0.99601245,11.175678
1760985786820,0.32123643,0.9720842,11.099706
1760985786822,0.29312077,0.9774681,11.014163
1760985786824,0.2883351,0.9876375,10.942976
1760985786828,0.26021945,1.0025927,10.862219
1760985786829,0.23688944,1.0366904,10.752747
1760985786831,0.22253251,1.0468599,10.648659
1760985786833,0.19860429,1.0426725,10.534402
1760985786836,0.18005991,1.0630114,10.425529
1760985786838,0.15672988,1.0779666,10.320843
1760985786840,0.109471634,1.1030912,10.188041
1760985786843,0.076570325,1.1132607,10.083355
1760985786845,0.043070808,1.1240284,9.950553
1760985786847,-0.008973085,1.1395818,9.860224
1760985786849,-0.02751746,1.1449656,9.765707
1760985786851,-0.093918286,1.1700903,9.618548
1760985786854,-0.15493527,1.1958131,9.504292
1760985786857,-0.18903299,1.1820544,9.390633
1760985786859,-0.23569304,1.2023934,9.276375
1760985786860,-0.27816564,1.2227324,9.148359
1760985786863,-0.3062813,1.2616158,9.077172
1760985786865,-0.34456646,1.2436695,8.963513
1760985786867,-0.36789647,1.268196,8.8492565
1760985786870,-0.38703907,1.2735798,8.758927
1760985786872,-0.40079778,1.302892,8.6548395
1760985786874,-0.4336991,1.3130615,8.559725
1760985786877,-0.44745782,1.3423735,8.474181
1760985786879,-0.46181476,1.3477573,8.402995
1760985786881,-0.4851448,1.3674982,8.346166
1760985786883,-0.4851448,1.3866407,8.293523
1760985786885,-0.50368917,1.387239,8.231908
1760985786888,-0.5132605,1.3974084,8.213364
1760985786890,-0.5276174,1.3974084,8.160722
1760985786892,-0.5413761,1.4123635,8.12782
1760985786894,-0.5461618,1.4123635,8.084749
1760985786896,-0.5605187,1.4033905,8.056634
1760985786899,-0.57487565,1.422533,8.008778
1760985786901,-0.57009,1.4033905,7.999206
1760985786903,-0.5557331,1.3986049,7.937591
1760985786905,-0.5605187,1.3986049,7.895118
1760985786908,-0.5371887,1.3890336,7.8520474
1760985786910,-0.52283174,1.3884354,7.8000035
1760985786912,-0.51864433,1.3740784,7.7383885
1760985786915,-0.47078785,1.3878372,7.6959157
1760985786916,-0.45224348,1.3686945,7.6390862
1760985786919,-0.40917268,1.372882,7.576873
1760985786921,-0.3714857,1.3579268,7.548757
1760985786923,-0.3188436,1.3764713,7.4775705
1760985786926,-0.26679972,1.3704891,7.420741
1760985786928,-0.23330021,1.3848461,7.3633137
1760985786930,-0.16689938,1.3980067,7.292127
1760985786933,-0.109471634,1.3974084,7.216155
1760985786935,-0.0526421,1.4201403,7.1688967
1760985786938,0.01375873,1.4141582,7.126424
1760985786939,0.07597212,1.4279169,7.0408807
1760985786942,0.1381855,1.4458631,6.9882383
1760985786944,0.20458634,1.4596218,6.955337
1760985786946,0.24765715,1.4685949,6.9122663
1760985786948,0.30927232,1.4530416,6.8985076
1760985786950,0.37627137,1.4901303,6.8650084
1760985786953,0.41934216,1.4991034,6.869794
1760985786955,0.48155555,1.5314065,6.8506513
1760985786958,0.51565325,1.5696917,6.8506513
1760985786960,0.5772685,1.5876378,6.8596244
1760985786962,0.63948184,1.6151553,6.878767
1760985786964,0.6831509,1.643271,6.902695
1760985786966,0.73579293,1.6755741,6.940382
1760985786969,0.80757767,1.7126628,7.006783
1760985786973,0.8554341,1.7359928,7.0211396
1760985786973,0.9176475,1.7443677,7.0779696
1760985786975,0.9798609,1.7814565,7.134799
1760985786978,1.018146,1.8047864,7.1772714
1760985786980,1.0564312,1.8233309,7.220342
1760985786982,1.0947163,1.841277,7.262815
1760985786984,1.1377872,1.8598214,7.2957163
1760985786987,1.1766706,1.8975084,7.300502
1760985786989,1.21017,1.8921245,7.3340015
1760985786991,1.2580265,1.9298115,7.34776
1760985786993,1.2669996,1.9148563,7.390831
1760985786995,1.2867404,1.9292133,7.4141607
1760985786998,1.3298112,1.9423738,7.466803
1760985787000,1.2771691,1.933999,7.518847
1760985787002,1.2628121,1.9387846,7.5236325
1760985787004,1.3064811,1.9716859,7.5236325
1760985787007,1.3549358,2.018944,7.52782
1760985787009,1.3884354,2.0422742,7.585248
1760985787011,1.4075779,2.0703897,7.6085777
1760985787014,1.4608182,2.103291,7.622935
1760985787016,1.5038891,2.1218355,7.6277204
1760985787018,1.5565311,2.1684954,7.6181493
1760985787021,1.5906289,2.2067807,7.6510506
1760985787023,1.6049858,2.2061825,7.670193
1760985787025,1.6199409,2.2444677,7.683952
1760985787027,1.6253247,2.2731814,7.679166
1760985787030,1.6115661,2.3162522,7.679166
1760985787032,1.602593,2.3551357,7.679166
1760985787034,1.5607185,2.3844478,7.6887374
1760985787037,1.5421742,2.423331,7.693523
1760985787039,1.4901303,2.4293132,7.669595
1760985787041,1.4003994,2.4741786,7.664809
1760985787043,1.3393825,2.5232315,7.6456666
1760985787045,1.2783655,2.5627131,7.6313095
1760985787047,1.2412767,2.6063821,7.649854
1760985787050,1.1802598,2.6554348,7.649854
1760985787052,1.1150553,2.7146573,7.6307116
1760985787055,1.0785648,2.7918258,7.6259255
1760985787057,1.0360922,2.8265216,7.597212
1760985787059,0.99900347,2.8845477,7.6259255
1760985787061,0.9768698,2.9712875,7.6019974
1760985787063,0.9445667,3.0299118,7.596614
1760985787066,0.92183495,3.0927234,7.591828
1760985787068,0.9086744,3.1597223,7.596614
1760985787070,0.87218386,3.2183464,7.5774713
1760985787072,0.849452,3.2907293,7.59123
1760985787075,0.80757767,3.3493536,7.5816584
1760985787076,0.7938189,3.3876386,7.5720873
1760985787079,0.75254273,3.4510484,7.5625157
1760985787081,0.7579266,3.4797623,7.55773
1760985787083,0.73459655,3.5330026,7.55773
1760985787086,0.70648086,3.5527434,7.5529447
1760985787088,0.69332033,3.591627,7.533802
1760985787091,0.6795616,3.6203406,7.524231
1760985787092,0.66101724,3.6640096,7.4907312
1760985787095,0.6478567,3.7124643,7.476374
1760985787097,0.63828546,3.7172499,7.495517
1760985787099,0.61016977,3.7561333,7.448259
1760985787101,0.60598236,3.7758741,7.414759
1760985787105,0.60658056,3.8285162,7.376474
1760985787107,0.59760743,3.8434713,7.3579297
1760985787109,0.5838487,3.8721852,7.3573313
1760985787111,0.5844469,3.9110687,7.3100734
1760985787113,0.57547385,3.9302113,7.281359
1760985787115,0.5712864,3.9684963,7.2957163
1760985787117,0.5623133,3.9882371,7.248458
1760985787120,0.55812585,4.0217366,7.205387
1760985787122,0.5485546,4.0271206,7.1766734
1760985787124,0.5587241,4.06062,7.153343
1760985787126,0.5778667,4.074977,7.1102724
1760985787129,0.5688936,4.098905,7.0863442
1760985787131,0.59700924,4.098307,7.039086
1760985787134,0.6161518,4.1030927,6.9966135
1760985787136,0.6119644,4.136592,6.9678993
1760985787138,0.631107,4.150949,6.9158554
1760985787140,0.65982085,4.1557345,6.8727846
1760985787142,0.6789634,4.1647077,6.8398833
1760985787145,0.6795616,4.1838503,6.835098
1760985787147,0.6843473,4.1982074,6.8255267
1760985787149,0.67477596,4.2035913,6.7968125
1760985787151,0.6795616,4.188636,6.820741
1760985787153,0.6652047,4.2035913,6.844071
1760985787155,0.6418747,4.217948,6.867999
1760985787159,0.6418747,4.1988053,6.8727846
1760985787160,0.60837513,4.213761,6.9009004
1760985787162,0.57009,4.195216,6.9248285
1760985787165,0.56590253,4.2000017,6.948757
1760985787167,0.53659046,4.176672,7.0151577
1760985787169,0.5180461,4.186243,7.0486574
1760985787171,0.465404,4.1724844,7.1102724
1760985787174,0.43669012,4.15394,7.1623163
1760985787176,0.40797627,4.159324,7.2287173
1760985787179,0.3792624,4.1353955,7.2807612
1760985787182,0.34576288,4.121637,7.3381886
1760985787184,0.3361916,4.1168513,7.4141607
1760985787185,0.293719,4.107878,7.4997044
1760985787187,0.28414768,4.1174498,7.570891
1760985787189,0.25543383,4.107878,7.6420774
1760985787191,0.25064817,4.1030927,7.7270226
1760985787194,0.24107689,4.1030927,7.78445
1760985787196,0.23688944,4.107878,7.8460655
1760985787198,0.22253251,4.107878,7.917252
1760985787200,0.20338993,4.1126637,7.978867
1760985787202,0.18424734,4.0941195,8.016554
1760985787205,0.16570297,4.113262,8.087741
1760985787207,0.16510476,4.1036906,8.087741
1760985787210,0.16031912,4.089334,8.168498
1760985787212,0.18903299,4.093521,8.178069
1760985787214,0.16031912,4.098905,8.220542
1760985787216,0.1698904,4.093521,8.2348995
1760985787219,0.15074782,4.0797625,8.254042
1760985787221,0.1274178,4.1090746,8.273184
1760985787223,0.12263216,4.094718,8.282756
1760985787225,0.09451649,4.11386,8.2965145
1760985787227,0.08015956,4.1001015,8.330014
1760985787230,0.08973085,4.104289,8.339585
1760985787232,0.07537391,4.109673,8.353942
1760985787234,0.061016977,4.104887,8.377272
1760985787236,0.07956135,4.089932,8.391629
1760985787239,0.05623133,4.095316,8.415557
1760985787241,0.046660043,4.085745,8.462815
1760985787243,0.06520442,4.0707893,8.505886
1760985787245,0.089132644,4.0701914,8.534002
1760985787247,0.09332009,4.046263,8.562716
1760985787250,0.11246266,4.045665,8.595617
1760985787252,0.10707881,4.031308,8.638688
1760985787254,0.10767702,4.045665,8.671589
1760985787257,0.12622139,4.040281,8.729017
1760985787260,0.111864455,4.0217366,8.776276
1760985787262,0.11246266,4.0354953,8.82832
1760985787263,0.10767702,4.0307097,8.913862
1760985787266,0.1268196,4.0498524,8.961121
1760985787268,0.13160525,4.0444684,9.046664
1760985787270,0.15074782,4.063013,9.093923
1760985787272,0.15074782,4.0677986,9.122637
1760985787275,0.15134603,4.082155,9.136993
1760985787277,0.15074782,4.072584,9.160323
1760985787279,0.14117654,4.072584,9.189037
1760985787282,0.14117654,4.0677986,9.169894
1760985787284,0.1698904,4.0677986,9.17468
1760985787286,0.19860429,4.086343,9.15135
1760985787288,0.22253251,4.085745,9.160323
1760985787291,0.25124636,4.089932,9.17468
1760985787293,0.28414768,4.0701914,9.165109
1760985787295,0.29312077,4.065406,9.160323
1760985787298,0.31226337,4.0797625,9.132208
1760985787300,0.32243285,4.1036906,9.093923
1760985787302,0.34157544,4.098307,9.046664
1760985787304,0.36550367,4.107878,8.975478
1760985787307,0.39900318,4.126423,8.918648
1760985787309,0.4229314,4.145565,8.833105
1760985787311,0.4749753,4.1353955,8.733205
1760985787313,0.50368917,4.168297,8.704491
1760985787315,0.5371887,4.167699,8.633304
1760985787318,0.54735816,4.191627,8.586046
1760985787320,0.5712864,4.205984,8.534002
1760985787323,0.58564335,4.2107697,8.510074
1760985787324,0.60000026,4.219743,8.467601
1760985787327,0.61914283,4.2341,8.443673
1760985787330,0.6334998,4.253242,8.438888
1760985787332,0.6580262,4.281358,8.42453
1760985787334,0.701097,4.2999024,8.410173
1760985787336,0.74835527,4.3040895,8.414959
1760985787340,0.7585248,4.328018,8.414959
1760985787340,0.7920243,4.351348,8.434102
1760985787343,0.8488538,4.354937,8.405388
1760985787345,0.85902333,4.388437,8.405388
1760985787347,0.93559366,4.3968115,8.4197445
1760985787349,0.9589237,4.3962135,8.428718
1760985787352,1.0019945,4.3908296,8.457432
1760985787353,1.0307083,4.4093738,8.462217
1760985787357,1.0881361,4.4368916,8.509476
1760985787358,1.16351,4.4117665,8.5525465
1760985787360,1.2251252,4.4057846,8.595019
1760985787363,1.282553,4.4093738,8.670991
1760985787365,1.3250256,4.4129634,8.756535
1760985787367,1.3633107,4.402794,8.813364
1760985787370,1.4003994,4.368098,8.889337
1760985787372,1.4386846,4.3722854,8.984451
1760985787374,1.4386846,4.362116,9.078967
1760985787377,1.4626129,4.3758745,9.145369
1760985787378,1.457229,4.3615174,9.230911
1760985787381,1.4763715,4.341777,9.292527
1760985787383,1.4811572,4.3465624,9.392427
1760985787386,1.4811572,4.3411784,9.468399
1760985787387,1.4859428,4.3555355,9.501899
1760985787390,1.5002998,4.3645086,9.577272
1760985787392,1.4817554,4.384249,9.625129
1760985787394,1.486541,4.374678,9.677173
1760985787396,1.4913267,4.369294,9.701101
1760985787400,1.524228,4.3686957,9.71486
1760985787402,1.5391831,4.3878384,9.743574
1760985787403,1.5720844,4.392026,9.753145
1760985787406,1.591227,4.4057846,9.767502
1760985787408,1.6301104,4.4434714,9.771689
1760985787410,1.66361,4.447659,9.757931
1760985787412,1.7210377,4.4662037,9.757931
1760985787415,1.7497516,4.494319,9.734002
1760985787417,1.797608,4.5224347,9.752547
1760985787419,1.8215362,4.5361934,9.73819
1760985787421,1.8454645,4.5361934,9.742975
1760985787424,1.869991,4.578666,9.724431
1760985787426,1.8843478,4.5834517,9.705289
1760985787428,1.9082761,4.5972104,9.73819
1760985787430,1.9130617,4.5876393,9.752547
1760985787433,1.9130617,4.5972104,9.7908325
1760985787435,1.922633,4.601398,9.83809
1760985787437,1.931606,4.57747,9.866804
1760985787440,1.922633,4.5918264,9.899706
1760985787441,1.9034904,4.5726843,9.994821
1760985787444,1.8652053,4.578068,10.070792
1760985787446,1.82692,4.564309,10.160523
1760985787449,1.7988044,4.564309,10.246066
1760985787451,1.774278,4.5361934,10.322039
1760985787453,1.7270198,4.5272202,10.388439
1760985787457,1.6983058,4.5224347,10.526625
1760985787458,1.6600207,4.4889355,10.664212
1760985787460,1.6169499,4.4799623,10.792229
1760985787462,1.588236,4.4799623,10.887343
1760985787464,1.5361922,4.4859443,11.015359
1760985787466,1.4937196,4.4859443,11.129018
1760985787469,1.4793626,4.5008993,11.224133
1760985787472,1.480559,4.5481577,11.318649
1760985787473,1.4907285,4.5768714,11.408978
1760985787475,1.4673985,4.615755,11.461022
1760985787478,1.486541,4.619942,11.54178
1760985787480,1.5158532,4.662415,11.593824
1760985787482,1.5254245,4.685745,11.674582
1760985787485,1.5451652,4.714459,11.72184
1760985787487,1.5547365,4.7048874,11.72184
1760985787489,1.5690935,4.7138605,11.7361965
1760985787491,1.5972091,4.703691,11.726625
1760985787494,1.6067804,4.6893344,11.712269
1760985787496,1.6301104,4.6839504,11.66501
1760985787498,1.6396817,4.6839504,11.641082
1760985787500,1.6582261,4.6600223,11.584252
1760985787503,1.6677973,4.6504507,11.536994
1760985787505,1.6630118,4.6600223,11.480165
1760985787507,1.672583,4.6552362,11.427523
1760985787509,1.6773686,4.6600223,11.389835
1760985787511,1.6959131,4.6504507,11.309078
1760985787514,1.7102699,4.6552362,11.223535
1760985787517,1.7102699,4.6695933,11.185847
1760985787519,1.7341982,4.6546383,11.129018
1760985787520,1.7300107,4.688736,11.038689
1760985787523,1.7437695,4.688736,10.981859
1760985787525,1.7306089,4.7228336,10.89153
1760985787527,1.7210377,4.7419763,10.838888
1760985787530,1.7168503,4.766503,10.782059
1760985787532,1.707279,4.7712884,10.730015
1760985787534,1.7168503,4.776074,10.701301
1760985787537,1.6791633,4.796413,10.649257
1760985787539,1.6456637,4.78744,10.592427
1760985787541,1.6121643,4.7688956,10.539785
1760985787543,1.5834504,4.750351,10.497313
1760985787546,1.5308083,4.7222357,10.445269
1760985787548,1.4638093,4.709075,10.374083
1760985787550,1.4344971,4.671388,10.3028965
1760985787552,1.3674982,4.6342993,10.269995
1760985787555,1.329213,4.5966125,10.217951
1760985787557,1.2759727,4.5690947,10.137193
1760985787559,1.2143575,4.56072,10.080363
1760985787561,1.1569297,4.537988,10.032507
1760985787563,1.1324034,4.5098724,9.980463
1760985787566,1.0899308,4.520042,9.933205
1760985787568,1.0468599,4.5020957,9.876375
1760985787570,1.0331012,4.5212383,9.8524475
1760985787572,0.99960166,4.512265,9.833304
1760985787575,0.9379865,4.508676,9.818948
1760985787577,0.9284152,4.518247,9.833304
1760985787579,0.8853444,4.5092745,9.833304
1760985787582,0.86141616,4.5003014,9.8524475
1760985787583,0.81894356,4.505685,9.904491
1760985787586,0.7902297,4.482355,9.9756775
1760985787588,0.75673014,4.467998,10.013963
1760985787591,0.71365935,4.4542394,10.085149
1760985787593,0.6753742,4.4404807,10.170692
1760985787595,0.6418747,4.406981,10.275378
1760985787597,0.6221339,4.3591247,10.417751
1760985787599,0.59282184,4.330411,10.53141
1760985787602,0.5922236,4.2777686,10.6408825
1760985787604,0.60598236,4.2628136,10.77847
1760985787606,0.567099,4.1958146,10.959127
1760985787608,0.53240305,4.1288157,11.130215
1760985787611,0.49292147,4.0331025,11.286944
1760985787613,0.46779683,3.9463627,11.438889
1760985787615,0.4761717,3.8644085,11.581262
1760985787617,0.465404,3.78724,11.667403
1760985787620,0.4779663,3.714857,11.7667055
1760985787622,0.4959125,3.6233318,11.876177
1760985787625,0.5138587,3.5647075,12.004791
1760985787627,0.5455636,3.487539,12.109477
1760985787629,0.54376894,3.391228,12.213565
1760985787631,0.56590253,3.2991042,12.270992
1760985787633,0.5886344,3.21715,12.366107
1760985787635,0.6113662,3.1495528,12.399607
1760985787638,0.64247286,3.0526435,12.4426775
1760985787640,0.70289165,2.9748766,12.457035
1760985787642,0.7495517,2.9066813,12.476177
1760985787644,0.7956135,2.8241289,12.476177
1760985787647,0.846461,2.7511477,12.443276
1760985787649,0.9026923,2.687738,12.424133
1760985787651,0.9487542,2.605784,12.353545
1760985787654,0.98584294,2.562115,12.272787
1760985787656,1.0271192,2.4939194,12.163914
1760985787658,1.0833504,2.4311078,12.045469
1760985787660,1.1389836,2.3772693,11.9407835
1760985787663,1.1760724,2.324029,11.784652
1760985787665,1.2179468,2.2612174,11.6135645
1760985787667,1.2544373,2.2037897,11.433505
1760985787669,1.268196,2.1798615,11.263016
1760985787671,1.2915261,2.1367905,11.082358
1760985787674,1.3286148,2.0931215,10.902298
1760985787676,1.3423735,2.0644078,10.735997
1760985787678,1.3698909,2.0261226,10.536795
1760985787681,1.3980067,2.0117657,10.332807
1760985787683,1.4117653,1.9830518,10.147961
1760985787685,1.4494523,1.9728823,9.976874
1760985787687,1.4638093,1.9537396,9.787243
1760985787689,1.4584254,1.9351953,9.630513
1760985787691,1.4536397,1.9214365,9.479167
1760985787694,1.4476577,1.8783658,9.3511505
1760985787696,1.4195421,1.8891335,9.199206
1760985787698,1.4147564,1.8891335,9.070593
1760985787700,1.4141582,1.8562322,8.947362
1760985787702,1.3992031,1.8323039,8.843274
1760985787705,1.3848461,1.8329022,8.710473
1760985787708,1.3698909,1.7904296,8.610572
1760985787710,1.3651053,1.7665013,8.529815
1760985787712,1.3363914,1.7575282,8.435298
1760985787714,1.3124632,1.7437695,8.368897
1760985787716,1.2789637,1.7300107,8.29771
1760985787718,1.2496517,1.7162521,8.221739
1760985787720,1.1976078,1.7174485,8.169695
1760985787723,1.1593226,1.6845472,8.117651
1760985787725,1.1306087,1.6803597,8.060223
1760985787727,1.0827522,1.6719848,8.012965
1760985787730,1.0157533,1.6396817,7.9800634
1760985787732,0.92542416,1.6414764,7.9274216
1760985787734,0.85902333,1.6331015,7.899306
1760985787736,0.80159557,1.6336997,7.880163
1760985787739,0.73579293,1.6498512,7.8376904
1760985787741,0.6735796,1.6366907,7.813762
1760985787744,0.631107,1.6420746,7.789834
1760985787745,0.6023931,1.6331015,7.728219
1760985787748,0.57846487,1.628914,7.685746
1760985787750,0.55513483,1.6438692,7.676175
1760985787752,0.5455636,1.6438692,7.6145597
1760985787754,0.5072784,1.6540387,7.600203
1760985787756,0.4648058,1.6600207,7.5385876
1760985787759,0.47916272,1.6504494,7.500303
1760985787761,0.465404,1.6791633,7.4769726
1760985787763,0.47916272,1.6791633,7.4105716
1760985787766,0.50368917,1.7030915,7.372287
1760985787768,0.5132605,1.7174485,7.320243
1760985787770,0.5515456,1.7359928,7.286743
1760985787772,0.57547385,1.7258233,7.225128
1760985787774,0.60837513,1.7353946,7.158727
1760985787777,0.6233303,1.7682959,7.1156564
1760985787779,0.6472585,1.7682959,7.082755
1760985787781,0.6478567,1.8065811,7.04447
1760985787783,0.6580262,1.8448663,7.006783
1760985787786,0.65264237,1.8311075,6.9541407
1760985787788,0.6628119,1.8550358,6.9212394
1760985787790,0.6586244,1.878964,6.88774
1760985787793,0.6969096,1.9070797,6.863812
1760985787795,0.6789634,1.9555343,6.821339
1760985787797,0.69332033,1.9698912,6.783054
1760985787800,0.70348984,2.0177476,6.7639112
1760985787802,0.70947194,2.0703897,6.75434
1760985787804,0.71425754,2.094318,6.7495546
1760985787806,0.7106683,2.1667008,6.7351975
1760985787809,0.7070791,2.2097716,6.706484
1760985787811,0.6987042,2.2821546,6.706484
1760985787813,0.69930243,2.315654,6.706484
1760985787815,0.7052845,2.3874388,6.701698
1760985787817,0.6873383,2.4454648,6.6921268
1760985787820,0.6879365,2.4939194,6.6777697
1760985787822,0.6891329,2.5465615,6.6819572
1760985787824,0.6759724,2.6141586,6.6628146
1760985787827,0.6765706,2.6668007,6.6676
1760985787829,0.66341007,2.720041,6.6676
1760985787831,0.66400826,2.7631118,6.6484575
1760985787833,0.66041905,2.8348966,6.6574306
1760985787836,0.6520442,2.8785655,6.619744
1760985787838,0.6765706,2.926422,6.638288
1760985787840,0.701097,2.9736803,6.6101727
1760985787842,0.72083783,3.0215368,6.604789
1760985787844,0.73100734,3.074179,6.6095743
1760985787847,0.7746763,3.1070802,6.619146
1760985787849,0.7752745,3.1453655,6.61436
1760985787852,0.80877405,3.1639097,6.585646
1760985787854,0.83389866,3.226123,6.5760746
1760985787856,0.8572287,3.225525,6.613762
1760985787858,0.910469,3.2584262,6.595217
1760985787860,0.9343972,3.2961133,6.5904317
1760985787862,0.9589237,3.339184,6.6041903
1760985787865,0.9924232,3.3577285,6.613762
1760985787867,1.0073783,3.391228,6.646663
1760985787869,1.0223335,3.4049866,6.699305
1760985787872,1.0366904,3.4337006,6.7322063
1760985787874,1.0468599,3.4522448,6.7651076
1760985787876,1.0331012,3.4911282,6.8129644
1760985787878,1.0666007,3.5001013,6.8506513
1760985787880,1.076172,3.5186458,6.884151
1760985787883,1.090529,3.5234313,6.9170523
1760985787885,1.105484,3.566502,6.9595246
1760985787887,1.1102697,3.5706897,7.012167
1760985787889,1.1156535,3.5850465,7.0450683
1760985787892,1.1395818,3.5988052,7.0642104
1760985787894,1.1443675,3.6131623,7.135397
1760985787896,1.154537,3.6514473,7.158727
1760985787898,1.1736795,3.6604204,7.1730843
1760985787901,1.1934203,3.6843486,7.2059855
1760985787903,1.198206,3.6885362,7.2346992
1760985787905,1.2083755,3.7220356,7.2490563
1760985787907,1.2221341,3.7172499,7.2819576
1760985787910,1.2323036,3.7310088,7.3011003
1760985787912,1.2370893,3.7453656,7.3292155
1760985787914,1.218545,3.7555351,7.3627152
1760985787916,1.2329018,3.7740796,7.3956165
1760985787919,1.2376875,3.778865,7.4099736
1760985787922,1.2287145,3.8033917,7.4195447
1760985787923,1.2005987,3.8081772,7.4476604
1760985787926,1.2005987,3.8273199,7.4620175
1760985787928,1.2053844,3.8368912,7.5140615
1760985787930,1.2107682,3.8560338,7.5475607
1760985787933,1.2059826,3.8751762,7.570891
1760985787934,1.2011969,3.8703907,7.628319
1760985787937,1.2011969,3.851248,7.6516485
1760985787939,1.2251252,3.874578,7.699505
1760985787941,1.2161521,3.9080775,7.737192
1760985787943,1.2257234,3.9080775,7.756335
1760985787946,1.2400804,3.9170506,7.7796645
1760985787948,1.2598212,3.9314077,7.7940216
1760985787950,1.2687942,3.926622,7.8035927
1760985787952,1.2879368,3.9260237,7.865208
1760985787955,1.3070793,3.92064,7.865208
1760985787958,1.3208381,3.9110687,7.8987074
1760985787960,1.3351951,3.9200418,7.9034934
1760985787961,1.3351951,3.9104705,7.893922
1760985787964,1.3441681,3.886542,7.9034934
1760985787966,1.3357933,3.9296129,7.912466
1760985787968,1.3686945,3.9194436,7.912466
1760985787971,1.3734802,3.9290147,7.893922
1760985787973,1.3782659,3.9338005,7.926823
1760985787975,1.3830515,3.9242291,7.9316087
1760985787977,1.4111671,3.909274,7.926823
1760985787980,1.4015958,3.9188452,7.917252
1760985787982,1.439881,3.9134614,7.9034934
1760985787985,1.4297116,3.8847475,7.8987074
1760985787987,1.4727824,3.888935,7.91785
1760985787989,1.4721842,3.874578,7.9034934
1760985787991,1.4817554,3.8697925,7.884351
1760985787993,1.500898,3.8644085,7.8891363
1760985787995,1.5098711,3.8303108,7.908279
1760985787998,1.5427724,3.8255253,7.9034934
1760985788000,1.5613167,3.7914274,7.9034934
1760985788002,1.570888,3.7962132,7.893922
1760985788005,1.5894325,3.7812579,7.8987074
1760985788007,1.5942181,3.766901,7.9274216
1760985788009,1.6079768,3.7663028,7.960323
1760985788011,1.5942181,3.7615173,7.998608
1760985788014,1.5984055,3.751946,8.003393
1760985788016,1.6127625,3.7513478,8.036295
1760985788018,1.5894325,3.7710886,8.07458
1760985788020,1.5888343,3.751946,8.098508
1760985788023,1.5984055,3.7567315,8.103293
1760985788025,1.5942181,3.7710886,8.121839
1760985788027,1.6133606,3.7800615,8.13141
1760985788029,1.6181463,3.7896328,8.112267
1760985788032,1.6283158,3.8231323,8.13141
1760985788034,1.6426728,3.8327036,8.136195
1760985788036,1.6522441,3.8374894,8.102695
1760985788038,1.666601,3.851248,8.093124
1760985788041,1.6767704,3.8656049,8.073982
1760985788043,1.6863418,3.8943188,8.031509
1760985788045,1.6917256,3.9278183,7.9884386
1760985788047,1.753939,3.9463627,7.94118
1760985788050,1.7497516,3.970291,7.926823
1760985788052,1.7593229,3.9894335,7.8699937
1760985788054,1.7880367,4.013362,7.826923
1760985788056,1.7796619,4.0516467,7.774879
1760985788059,1.7940187,4.0612183,7.7036924
1760985788061,1.8227327,4.0755754,7.646863
1760985788063,1.8514465,4.0941195,7.6085777
1760985788065,1.8281165,4.118646,7.5613194
1760985788068,1.899303,4.136592,7.489535
1760985788070,1.9088743,4.141378,7.4847493
1760985788072,1.9334008,4.1844487,7.42792
1760985788075,1.9621146,4.193422,7.408777
1760985788077,1.9812572,4.1982074,7.3992057
1760985788079,2.0291135,4.2071805,7.3567333
1760985788081,2.0338993,4.2071805,7.3375907
1760985788083,2.0907288,4.215555,7.351948
1760985788086,2.1194427,4.2341,7.342376
1760985788088,2.1529422,4.243073,7.347162
1760985788091,2.1912274,4.237689,7.342376
1760985788093,2.2241287,4.2370906,7.375876
1760985788096,2.248057,4.2556353,7.380063
1760985788097,2.2671995,4.2508492,7.39442
1760985788099,2.2911277,4.255037,7.4039917
1760985788102,2.3479571,4.2442694,7.408777
1760985788104,2.3814569,4.2628136,7.4422765
1760985788107,2.3916261,4.2867417,7.460821
1760985788109,2.4335005,4.2568316,7.503892
1760985788111,2.4580271,4.2855453,7.503892
1760985788113,2.4675984,4.2999024,7.5272217
1760985788115,2.4819553,4.3040895,7.5607214
1760985788117,2.4729822,4.323232,7.6031938
1760985788120,2.4969103,4.3274198,7.631908
1760985788122,2.4681966,4.3328037,7.6887374
1760985788124,2.4735804,4.3519464,7.7216387
1760985788127,2.4879375,4.3561335,7.7551384
1760985788129,2.4592235,4.3615174,7.7832537
1760985788131,2.4592235,4.366303,7.8071823
1760985788133,2.4454648,4.38066,7.835896
1760985788136,2.4311078,4.3908296,7.864012
1760985788139,2.4125633,4.386044,7.8831544
1760985788141,2.4263222,4.386044,7.9160557
1760985788143,2.431706,4.4004006,7.9543405
1760985788145,2.446063,4.4093738,7.978269
1760985788147,2.4556344,4.4093738,8.015956
1760985788149,2.484348,4.432704,8.035098
1760985788151,2.5220351,4.421936,8.096714
1760985788154,2.5274189,4.4315076,8.129615
1760985788156,2.5465615,4.45065,8.177471
1760985788158,2.5746772,4.4452662,8.210373
1760985788161,2.5986054,4.449454,8.248658
1760985788163,2.6129622,4.4488554,8.262417
1760985788165,2.6321049,4.438686,8.319844
1760985788167,2.669792,4.433302,8.352746
1760985788170,2.6979074,4.418347,8.391031
1760985788172,2.745764,4.4321055,8.443074
1760985788174,2.7649066,4.4315076,8.480762
1760985788176,2.8073792,4.4207397,8.528618
1760985788179,2.8546374,4.4201417,8.566305
1760985788181,2.89711,4.404588,8.6141615
1760985788183,2.9401808,4.4039903,8.685348
1760985788186,2.9880373,4.412365,8.723035
1760985788188,3.0263224,4.430909,8.78465
1760985788190,3.0550363,4.449454,8.841479
1760985788191,3.0885358,4.4727836,8.907881
1760985788194,3.0933216,4.4775696,8.96471
1760985788196,3.1226335,4.520042,9.040682
1760985788198,3.1322048,4.514658,9.083753
1760985788200,3.1609187,4.5427737,9.126225
1760985788203,3.1423743,4.557729,9.168698
1760985788205,3.12383,4.5912285,9.225528
1760985788207,3.1244283,4.6055856,9.27817
1760985788210,3.1154552,4.6396832,9.306286
1760985788212,3.1154552,4.65404,9.315857
1760985788214,3.0969107,4.682754,9.330214
1760985788216,3.0885358,4.7168517,9.348758
1760985788218,3.0550363,4.727021,9.353543
1760985788221,3.050849,4.7509494,9.343972
1760985788223,3.028117,4.7946186,9.32483
1760985788225,3.0520453,4.8035913,9.315259
1760985788228,3.0520453,4.818547,9.287143
1760985788230,3.0622149,4.8472605,9.268001
1760985788232,3.0717862,4.8705907,9.234501
1760985788234,3.086143,4.880162,9.205787
1760985788236,3.0867412,4.909474,9.158528
1760985788239,3.1160533,4.9375896,9.148957
1760985788241,3.135196,4.9471607,9.120243
1760985788244,3.1495528,4.9657054,9.129815
1760985788246,3.1686954,4.970491,9.096913
1760985788248,3.1591241,4.980062,9.110672
1760985788250,3.1782668,4.994419,9.096913
1760985788252,3.2069805,4.989035,9.105886
1760985788254,3.2069805,4.9938207,9.144172
1760985788257,3.1782668,4.979464,9.181859
1760985788259,3.1591241,4.970491,9.196216
1760985788261,3.1543384,4.9698925,9.276974
1760985788264,3.1310084,4.980062,9.329018
1760985788266,3.1262228,4.9848475,9.3816595
1760985788268,3.1262228,4.980062,9.438489
1760985788271,3.1310084,4.974678,9.500104
1760985788273,3.1118658,4.9609194,9.552148
1760985788275,3.1208389,4.9603214,9.618548
1760985788278,3.1399815,4.959723,9.656834
1760985788279,3.1304102,4.9453664,9.723235
1760985788282,3.1256247,4.959723,9.780065
1760985788284,3.1256247,4.9405804,9.84168
1760985788286,3.1112676,4.935795,9.90808
1760985788289,3.1016963,4.9262238,9.951151
1760985788291,3.0969107,4.9262238,10.017552
1760985788293,3.0729825,4.9118667,10.083953
1760985788295,3.0634112,4.9028935,10.117453
1760985788298,3.048456,4.8693943,10.140782
1760985788300,3.034099,4.855037,10.19821
1760985788302,3.0245278,4.855037,10.216755
1760985788304,3.0293136,4.8454657,10.245468
1760985788307,3.0239296,4.816752,10.269397
1760985788309,2.99043,4.802395,10.288539
1760985788311,2.989832,4.7880383,10.29811
1760985788314,2.9712875,4.8029933,10.31187
1760985788316,2.9467611,4.7694936,10.293324
1760985788318,2.9473593,4.7748775,10.288539
1760985788320,2.9138598,4.7802615,10.274182
1760985788322,2.914458,4.8041897,10.240683
1760985788325,2.9425735,4.8035913,10.240683
1760985788327,2.9383862,4.822734,10.255039
1760985788329,2.9389844,4.8418765,10.255039
1760985788331,2.9341989,4.8568316,10.250254
1760985788334,2.9437702,4.8418765,10.259826
1760985788336,2.9341989,4.861019,10.274182
1760985788338,2.9018958,4.8909297,10.268799
1760985788340,2.906083,4.88076,10.283155
1760985788343,2.906083,4.875974,10.283155
1760985788345,2.882155,4.8526444,10.283155
1760985788347,2.905485,4.8329034,10.31187
1760985788349,2.8725836,4.847859,10.31187
1760985788351,2.8480573,4.8095737,10.3645115
1760985788354,2.8235307,4.7862434,10.35494
1760985788356,2.7996025,4.7676992,10.340583
1760985788359,2.742773,4.7635117,10.35494
1760985788361,2.722434,4.701298,10.41177
1760985788363,2.7176483,4.691727,10.4261265
1760985788365,2.6889346,4.658826,10.445269
1760985788368,2.6548367,4.6211386,10.464412
1760985788370,2.6685956,4.5822554,10.469197
1760985788372,2.672783,4.572086,10.526027
1760985788375,2.6919255,4.572086,10.578071
1760985788376,2.696711,4.572086,10.597214
1760985788379,2.7110682,4.5762734,10.635498
1760985788381,2.7110682,4.5762734,10.673185
1760985788383,2.7062824,4.566702,10.687542
1760985788386,2.672783,4.5481577,10.687542
1760985788388,2.6721847,4.5242295,10.692328
1760985788390,2.6051857,4.505685,10.706685
1760985788392,2.562115,4.4775696,10.730613
1760985788394,2.5094728,4.4404807,10.749756
1760985788397,2.4281168,4.4081774,10.787442
1760985788399,2.3754747,4.3848476,10.8018
1760985788401,2.3078775,4.342973,10.816156
1760985788404,2.2229323,4.348955,10.849656
1760985788406,2.1367905,4.331009,10.8969145
1760985788408,2.0512471,4.3328037,10.944173
1760985788410,2.012364,4.2855453,10.972886
1760985788413,1.96032,4.276572,11.02493
1760985788415,1.931606,4.2723846,11.068001
1760985788417,1.8837496,4.2634115,11.134402
1760985788419,1.841277,4.2687955,11.196017
1760985788422,1.7982062,4.2502513,11.252847
1760985788424,1.7653049,4.2646084,11.300703
1760985788426,1.7036897,4.265805,11.404791
1760985788428,1.6654046,4.232305,11.519048
1760985788430,1.6223338,4.237689,11.585449
1760985788433,1.564906,4.2006,11.647064
1760985788435,1.5074782,4.167699,11.737393
1760985788437,1.4494523,4.125226,11.799008
1760985788439,1.3968102,4.0923247,11.884552
1760985788442,1.3393825,4.0498524,11.994023
1760985788444,1.2999009,3.9780676,12.103496
1760985788447,1.2610176,3.9212382,12.212369
1760985788449,1.2083755,3.8835511,12.288341
1760985788451,1.14018,3.8123646,12.397812
1760985788453,1.0636097,3.7513478,12.47857
1760985788455,1.0193424,3.6891344,12.559328
1760985788458,0.9284152,3.6281173,12.597613
1760985788460,0.88414794,3.5473595,12.659826
1760985788462,0.8452646,3.4803605,12.716656
1760985788464,0.77706915,3.3906298,12.783057
1760985788466,0.72382885,3.3290145,12.840485
1760985788469,0.67477596,3.2333016,12.87877
1760985788471,0.6257231,3.1477582,12.902698
1760985788474,0.58624154,3.086143,12.936197
1760985788476,0.54257256,3.0197423,12.926626
1760985788478,0.48873404,2.9389844,12.95534
1760985788480,0.44027936,2.8630123,12.969697
1760985788482,0.40618163,2.8103702,12.993625
1760985788484,0.35712877,2.7391837,13.003197
1760985788487,0.3367898,2.6721847,13.012768
1760985788489,0.30269206,2.6201408,13.022339
1760985788491,0.27337998,2.5531418,13.041482
1760985788493,0.25842485,2.5106692,13.037294
1760985788496,0.20458634,2.4251258,13.051651
1760985788498,0.19441684,2.3724837,13.051651
1760985788500,0.14117654,2.3252254,13.046865
1760985788503,0.12562318,2.2677977,13.051651
1760985788505,0.1058824,2.2151556,13.037892
1760985788507,0.086141616,2.1774685,13.013964
1760985788509,0.047258247,2.1302104,12.990634
1760985788511,0.028115666,2.1062822,12.93859
1760985788514,-0.020338992,2.0500507,12.900305
1760985788517,-0.044865426,2.0117657,12.857833
1760985788519,-0.05922236,2.0027926,12.824931
1760985788521,-0.09332009,1.9746768,12.753745
1760985788523,-0.14596218,1.9328024,12.639487
1760985788525,-0.19322042,1.9435701,12.554543
1760985788528,-0.2219343,1.9345971,12.454642
1760985788530,-0.2650051,1.925624,12.340982
1760985788532,-0.29850462,1.9220347,12.208181
1760985788535,-0.3361916,1.9375881,12.074781
1760985788536,-0.36430725,1.9621146,11.941979
1760985788539,-0.3786642,1.9674984,11.813964
1760985788541,-0.41156548,1.9680966,11.685947
1760985788543,-0.44985065,1.9597218,11.529218
1760985788546,-0.4977071,1.9704895,11.372488
1760985788548,-0.5210371,1.9860427,11.196615
1760985788550,-0.55453664,1.9818554,11.035698
1760985788552,-0.60658056,1.9878374,10.869397
1760985788555,-0.6442675,1.9938195,10.693524
1760985788557,-0.64905316,1.9944177,10.542178
1760985788559,-0.69212395,2.0003998,10.39502
1760985788562,-0.69212395,2.0105693,10.233504
1760985788564,-0.69212395,2.0057836,10.04806
1760985788567,-0.70588267,2.03031,9.915258
1760985788568,-0.72442704,2.0458634,9.753743
1760985788571,-0.7292127,2.0554347,9.640084
1760985788573,-0.7292127,2.079961,9.502497
1760985788575,-0.7615158,2.1092732,9.402596
1760985788577,-0.77587277,2.1194427,9.288938
1760985788579,-0.7896315,2.1391835,9.184252
1760985788582,-0.80817586,2.1637099,9.084352
1760985788584,-0.8177471,2.1690936,8.965906
1760985788586,-0.83688974,2.1744776,8.847462
1760985788588,-0.86081797,2.1750758,8.747561
1760985788591,-0.87936234,2.1804597,8.676374
1760985788593,-0.90807617,2.1864417,8.55793
1760985788595,-0.9272188,2.1864417,8.472386
1760985788597,-0.9553344,2.2019951,8.353344
1760985788600,-0.9696914,2.2067807,8.2965145
1760985788602,-0.97926265,2.178665,8.239685
1760985788604,-0.9984053,2.179263,8.187641
1760985788607,-0.9936196,2.179263,8.12124
1760985788609,-1.0037891,2.1649063,8.026125
1760985788611,-1.0175478,2.1655045,7.978867
1760985788613,-1.0229317,2.1559331,7.9310107
1760985788616,-1.018146,2.160719,7.893324
1760985788618,-1.0085747,2.160719,7.8646097
1760985788620,-0.9798609,2.1649063,7.8317084
1760985788622,-0.9415757,2.164308,7.783852
1760985788625,-0.91346,2.1595225,7.7413793
1760985788627,-0.9086744,2.1499512,7.731808
1760985788629,-0.87996054,2.1589243,7.717451
1760985788632,-0.83748794,2.158326,7.6893353
1760985788634,-0.80937225,2.129014,7.6797643
1760985788636,-0.762114,2.1230319,7.656434
1760985788638,-0.7292127,2.1176481,7.632506
1760985788640,-0.71007013,2.1176481,7.622935
1760985788642,-0.6861419,2.1218355,7.580462
1760985788645,-0.63888365,2.1164517,7.5326056
1760985788647,-0.58683974,2.1110678,7.50449
1760985788649,-0.54436713,2.0955145,7.4566336
1760985788652,-0.51505506,2.1242282,7.4333034
1760985788655,-0.45822555,2.137389,7.375876
1760985788656,-0.45822555,2.1284158,7.3525457
1760985788658,-0.4103691,2.160719,7.3046894
1760985788661,-0.38584265,2.1942184,7.24786
1760985788663,-0.35653058,2.2372892,7.19103
1760985788665,-0.34217364,2.2564318,7.124031
1760985788667,-0.31286156,2.2797618,7.0863442
1760985788670,-0.293719,2.318047,7.0055866
1760985788672,-0.28773692,2.3611178,6.9768724
1760985788674,-0.24466611,2.3892334,6.910472
1760985788676,-0.23868406,2.4568307,6.867401
1760985788679,-0.21894327,2.4999015,6.8057857
1760985788681,-0.19920248,2.5573292,6.762715
1760985788683,-0.18424734,2.5908287,6.734599
1760985788687,-0.18843478,2.629114,6.7011
1760985788687,-0.17766708,2.6913273,6.7011
1760985788691,-0.16749759,2.7391837,6.672386
1760985788692,-0.15732808,2.7726831,6.6628146
1760985788694,-0.1471586,2.830111,6.658029
1760985788696,-0.12263216,2.8779674,6.681359
1760985788698,-0.12622139,2.949752,6.6765733
1760985788700,-0.106480606,2.9832516,6.695716
1760985788703,-0.06281159,3.03051,6.6999035
1760985788705,-0.024526432,3.05384,6.71426
1760985788707,0.0047856453,3.0915267,6.719046
1760985788710,0.024526432,3.1345978,6.742376
1760985788712,0.048454657,3.1387851,6.79442
1760985788714,0.081954174,3.1716864,6.799206
1760985788716,0.12023934,3.1710882,6.860821
1760985788719,0.15314065,3.1603205,6.908677
1760985788721,0.18245272,3.1842487,6.936793
1760985788723,0.20578274,3.1692936,6.9655066
1760985788726,0.23389842,3.1543384,6.984649
1760985788727,0.24825534,3.158526,7.036693
1760985788730,0.28175488,3.1627133,7.05105
1760985788732,0.29072794,3.1435707,7.0606213
1760985788734,0.30029923,3.12383,7.088737
1760985788736,0.29072794,3.1286156,7.1270223
1760985788739,0.28594232,3.138187,7.1365933
1760985788741,0.28594232,3.1429725,7.164709
1760985788743,0.29072794,3.1334012,7.1742806
1760985788745,0.28175488,3.1477582,7.2125654
1760985788748,0.28115666,3.1429725,7.245467
1760985788750,0.2865405,3.1669009,7.274181
1760985788752,0.27696922,3.1669009,7.3166533
1760985788755,0.24825534,3.1627133,7.3310103
1760985788757,0.2638087,3.205784,7.3830543
1760985788759,0.25902304,3.2297122,7.3782687
1760985788762,0.2542374,3.234498,7.402197
1760985788764,0.26919255,3.2727833,7.425527
1760985788766,0.28893334,3.2961133,7.4063845
1760985788768,0.2943172,3.324827,7.425527
1760985788771,0.28953153,3.3439696,7.41117
1760985788773,0.29012975,3.382853,7.3920274
1760985788776,0.3044867,3.377469,7.382456
1760985788777,0.28115666,3.4067812,7.3728848
1760985788780,0.3056831,3.4450665,7.3489566
1760985788782,0.32004002,3.4594233,7.3304124
1760985788784,0.31106696,3.4977086,7.329814
1760985788786,0.33559337,3.5216367,7.2825556
1760985788789,0.34097722,3.5503507,7.2729845
1760985788791,0.34576288,3.5694933,7.239485
1760985788793,0.35593235,3.6077783,7.239485
1760985788796,0.35114673,3.6173496,7.2346992
1760985788798,0.35653058,3.6317065,7.1970124
1760985788800,0.36131623,3.6460636,7.2155566
1760985788802,0.35653058,3.650849,7.187441
1760985788804,0.35234314,3.6604204,7.220342
1760985788806,0.35712877,3.6891344,7.2059855
1760985788809,0.36251262,3.7034912,7.210771
1760985788811,0.36670008,3.6843486,7.239485
1760985788813,0.38584265,3.6789649,7.2299137
1760985788817,0.4001996,3.6933217,7.225128
1760985788818,0.42412782,3.7166517,7.239485
1760985788820,0.4432704,3.7214375,7.2059855
1760985788823,0.46241298,3.7208393,7.2011995
1760985788825,0.4959125,3.734598,7.210771
1760985788827,0.5198407,3.758526,7.2059855
1760985788829,0.54376894,3.757928,7.17787
1760985788831,0.5766702,3.7429729,7.1916285
1760985788834,0.6155536,3.7710886,7.1772714
1760985788836,0.6155536,3.7806597,7.14437
1760985788838,0.6586244,3.799204,7.158727
1760985788840,0.6681957,3.8231323,7.186843
1760985788843,0.7112665,3.8177485,7.1916285
1760985788845,0.72083783,3.836293,7.2059855
1760985788847,0.74476606,3.8458643,7.2293153
1760985788849,0.77347994,3.8644085,7.2293153
1760985788852,0.7926225,3.854239,7.2245297
1760985788854,0.81655073,3.8733816,7.248458
1760985788856,0.8350951,3.8440695,7.2532434
1760985788860,0.85902333,3.8673997,7.272386
1760985788861,0.8596215,3.8721852,7.2819576
1760985788863,0.87338024,3.862614,7.2957163
1760985788865,0.8781659,3.8721852,7.314859
1760985788868,0.8596215,3.8817565,7.348358
1760985788870,0.86859465,3.8673997,7.3621173
1760985788872,0.8356933,3.863212,7.4099736
1760985788874,0.8356933,3.8673997,7.428518
1760985788877,0.8069794,3.867998,7.466803
1760985788879,0.78843504,3.882953,7.50449
1760985788881,0.7788638,3.8781674,7.542775
1760985788883,0.76510507,3.906881,7.570891
1760985788886,0.7746763,3.8973098,7.623533
1760985788888,0.74117684,3.912265,7.6755767
1760985788890,0.7363912,3.9074793,7.699505
1760985788892,0.7178468,3.9074793,7.774879
1760985788894,0.698106,3.8931224,7.832307
1760985788897,0.67477596,3.903292,7.8699937
1760985788899,0.6658029,3.9176488,7.94118
1760985788902,0.66101724,3.9176488,7.9980097
1760985788904,0.66101724,3.932006,8.054839
1760985788906,0.65682983,3.9463627,8.12124
1760985788908,0.6658029,3.940979,8.178668
1760985788911,0.6897311,3.9451663,8.230712
1760985788914,0.7280163,3.9541395,8.27797
1760985788916,0.7615158,3.9678981,8.292327
1760985788917,0.785444,3.9673,8.344371
1760985788920,0.8279166,3.970889,8.415557
1760985788922,0.8470592,3.970889,8.4347
1760985788924,0.8847462,3.9553359,8.477771
1760985788926,0.9086744,3.949952,8.5346
1760985788928,0.93260264,3.949952,8.548957
1760985788931,0.9559326,3.9397824,8.572288
1760985788933,0.9607183,3.9349968,8.59143
1760985788935,0.9601201,3.9200418,8.629715
1760985788938,0.974477,3.9248273,8.633903
1760985788940,0.97507524,3.9296129,8.662616
1760985788943,0.9696914,3.9104705,8.700901
1760985788945,0.974477,3.9056847,8.724232
1760985788947,0.9409775,3.9056847,8.748159
1760985788949,0.9176475,3.906283,8.743374
1760985788951,0.9128618,3.9254255,8.772088
1760985788953,0.87996054,3.9403806,8.785847
1760985788956,0.85184485,3.9649072,8.785847
1760985788959,0.84765744,3.9840498,8.795418
1760985788960,0.81954175,4.008576,8.809774
1760985788962,0.77647096,4.009773,8.804989
1760985788965,0.74416786,4.0438704,8.823533
1760985788967,0.72023964,4.0438704,8.837891
1760985788970,0.64905316,4.060022,8.857033
1760985788972,0.60717875,4.0797625,8.880363
1760985788973,0.56470615,4.0995035,8.899506
1760985788976,0.48394838,4.1198425,8.918648
1760985788978,0.45104706,4.1443686,8.95155
1760985788980,0.40857446,4.1551366,8.961121
1760985788983,0.35712877,4.179663,8.980264
1760985788985,0.30508488,4.2047877,8.980264
1760985788987,0.27218357,4.214957,9.003593
1760985788989,0.22971097,4.2394834,9.01795
1760985788992,0.18664017,4.2311087,9.003593
1760985788994,0.17288144,4.255037,8.984451
1760985788996,0.15433706,4.260421,8.970094
1760985788998,0.15014961,4.29392,8.937193
1760985789000,0.15014961,4.29392,8.903693
1760985789003,0.15014961,4.2945185,8.880363
1760985789005,0.1692922,4.3130627,8.86122
1760985789007,0.18843478,4.322634,8.822935
1760985789010,0.18364914,4.3130627,8.790034
1760985789012,0.17407785,4.308277,8.766106
1760985789014,0.19800608,4.341777,8.723633
1760985789017,0.23629123,4.3411784,8.680562
1760985789018,0.2739782,4.3405805,8.642876
1760985789021,0.29790643,4.331009,8.590832
1760985789023,0.3164508,4.325625,8.523832
1760985789025,0.3499503,4.3298125,8.4909315
1760985789027,0.3924229,4.305286,8.448459
1760985789030,0.42053857,4.304688,8.405388
1760985789032,0.43968117,4.2951164,8.42453
1760985789035,0.46301118,4.265805,8.362915
1760985789037,0.48155555,4.265805,8.367701
1760985789039,0.4863412,4.2508492,8.353344
1760985789042,0.5102694,4.274778,8.3581295
1760985789044,0.5246264,4.278965,8.334201
1760985789046,0.567099,4.2687955,8.353344
1760985789048,0.5623133,4.254439,8.348558
1760985789051,0.57188463,4.273581,8.338987
1760985789053,0.61016977,4.282554,8.343773
1760985789055,0.6203393,4.301697,8.315059
1760985789057,0.6197411,4.2969112,8.334201
1760985789059,0.62452674,4.2921257,8.315059
1760985789062,0.6155536,4.3064823,8.291729
1760985789064,0.61076796,4.3262234,8.286943
1760985789066,0.58265233,4.316652,8.2678
1760985789068,0.5736792,4.369892,8.248658
1760985789071,0.55453664,4.3561335,8.22473
1760985789073,0.55513483,4.375276,8.191829
1760985789075,0.526421,4.395017,8.158329
1760985789077,0.51266223,4.4147577,8.096714
1760985789079,0.4989035,4.4339004,8.091928
1760985789082,0.48993045,4.482355,8.030313
1760985789084,0.47138608,4.482953,7.9920278
1760985789086,0.46241298,4.5116673,7.9447694
1760985789089,0.43429732,4.545765,7.9256268
1760985789091,0.40618163,4.5804605,7.872985
1760985789093,0.39720857,4.6091747,7.844869
1760985789095,0.38823548,4.6289153,7.820941
1760985789099,0.36490545,4.6438704,7.7826557
1760985789100,0.34097722,4.668397,7.730612
1760985789102,0.31345975,4.70728,7.7258263
1760985789104,0.3044867,4.7455654,7.7210402
1760985789106,0.2955136,4.7605205,7.6827555
1760985789109,0.30508488,4.7748775,7.6546397
1760985789111,0.27696922,4.808975,7.635497
1760985789114,0.2727818,4.8376894,7.673184
1760985789115,0.2638087,4.852046,7.6540413
1760985789118,0.28295127,4.8855457,7.663613
1760985789120,0.30209386,4.889733,7.6923265
1760985789123,0.33559337,4.903492,7.706085
1760985789125,0.3505485,4.9322057,7.7300134
1760985789127,0.37387854,4.9172506,7.7443705
1760985789129,0.40737805,4.935795,7.772486
1760985789131,0.43130627,4.944768,7.791629
1760985789134,0.43669012,4.9639106,7.8203425
1760985789136,0.48454657,4.9776692,7.834101
1760985789138,0.48933223,4.9776692,7.834101
1760985789140,0.5174479,4.981857,7.838887
1760985789143,0.5461618,4.9956155,7.8580294
1760985789145,0.5557331,4.9812584,7.8580294
1760985789147,0.58923256,5.0045886,7.867601
1760985789150,0.5988039,4.9992046,7.881958
1760985789152,0.6131608,5.0183473,7.8867435
1760985789154,0.6418747,5.022535,7.8957167
1760985789156,0.651446,5.0273204,7.919645
1760985789158,0.6520442,5.056034,7.9244304
1760985789161,0.6472585,5.070391,7.9244304
1760985789163,0.6376872,5.06082,7.9148593
1760985789165,0.63828546,5.0751767,7.9477606
1760985789167,0.6478567,5.0943193,7.962117
1760985789170,0.65264237,5.103891,7.98126
1760985789173,0.63888365,5.123033,8.014161
1760985789174,0.6580262,5.13739,8.00459
1760985789176,0.62512493,5.157131,8.033304
1760985789179,0.6442675,5.156533,8.052446
1760985789181,0.6305088,5.1906304,8.085348
1760985789183,0.6305088,5.1906304,8.094919
1760985789186,0.61675006,5.209773,8.099705
1760985789188,0.62153566,5.209773,8.142178
1760985789189,0.62153566,5.2289157,8.151749
1760985789191,0.6125626,5.2480583,8.175676
1760985789194,0.6269195,5.2576294,8.1942215
1760985789196,0.6466603,5.276174,8.232507
1760985789199,0.6562316,5.2905307,8.260622
1760985789201,0.65682983,5.319245,8.274979
1760985789203,0.657428,5.3479586,8.3174515
1760985789205,0.6861419,5.366503,8.346166
1760985789208,0.7148558,5.3850474,8.374281
1760985789210,0.7298109,5.413761,8.39821
1760985789212,0.7298109,5.4185467,8.407781
1760985789214,0.7537391,5.4179487,8.445468
1760985789216,0.7680961,5.4227343,8.48794
1760985789218,0.7920243,5.4317074,8.563912
1760985789222,0.8063812,5.445466,8.602198
1760985789224,0.82013994,5.435895,8.625527
1760985789226,0.83030945,5.454439,8.687142
1760985789228,0.8255238,5.4496536,8.754142
1760985789230,0.8392825,5.4442697,8.791828
1760985789232,0.8350951,5.449055,8.85823
1760985789235,0.8344969,5.425127,8.915059
1760985789237,0.84825563,5.400601,8.962915
1760985789239,0.8428718,5.3479586,9.038888
1760985789241,0.8566305,5.337789,9.062816
1760985789244,0.87996054,5.3132625,9.143574
1760985789246,0.90807617,5.279165,9.18126
1760985789248,0.91226363,5.2546387,9.238688
1760985789250,0.93559366,5.206184,9.300303
1760985789253,0.9589237,5.1816573,9.337991
1760985789255,1.015155,5.13739,9.395418
1760985789257,1.0432707,5.1176496,9.457033
1760985789260,1.055833,5.035695,9.500104
1760985789262,1.0301101,4.901697,9.528818
1760985789264,1.1300105,4.918447,9.671191
1760985789266,1.2017952,4.9316072,9.780065
1760985789268,1.2442678,4.9256253,9.88475
1760985789271,1.3202399,4.909474,10.031909
1760985789273,1.442872,4.883153,10.183853
1760985789275,1.5188441,4.85743,10.340583
1760985789278,1.622932,4.831109,10.459028
1760985789280,1.7030915,4.7862434,10.582856
1760985789282,1.7682959,4.7222357,10.6684
1760985789284,1.8011973,4.6881375,10.767702
1760985789287,1.8191434,4.6396832,10.8867445
1760985789289,1.8323039,4.581657,10.962717
1760985789291,1.8029919,4.5338006,11.043475
1760985789294,1.8263218,4.4949174,11.129018
1760985789296,1.820938,4.4464626,11.190634
1760985789298,1.8107685,4.4081774,11.252847
1760985789300,1.8287147,4.369294,11.290534
1760985789303,1.838286,4.359723,11.352747
1760985789305,1.8568304,4.3351965,11.385649
1760985789307,1.8897316,4.325027,11.409576
1760985789309,1.9034904,4.2909293,11.4287195
1760985789311,1.9417756,4.2855453,11.452049
1760985789314,1.9788643,4.2556353,11.456835
1760985789316,2.012364,4.269992,11.438291
1760985789318,2.0267208,4.2598224,11.452647
1760985789320,2.0404794,4.255037,11.456835
1760985789323,2.0644078,4.26401,11.471191
1760985789325,2.088336,4.2634115,11.4903345
1760985789327,2.0739791,4.2538404,11.519048
1760985789330,2.059622,4.2352962,11.5519495
1760985789332,2.0404794,4.220939,11.571092
1760985789334,2.0063818,4.1928234,11.59502
1760985789336,1.9686948,4.2125645,11.609377
1760985789339,1.902294,4.2185464,11.6135645
1760985789342,1.8544376,4.2000017,11.609377
1760985789344,1.8023937,4.2011986,11.627922
1760985789345,1.7784654,4.1868415,11.637493
1760985789348,1.7503498,4.2017965,11.642279
1760985789350,1.6935202,4.2077785,11.670993
1760985789352,1.6689938,4.193422,11.666206
1760985789355,1.6504494,4.2035913,11.637493
1760985789357,1.6408781,4.1892343,11.642279
1760985789359,1.602593,4.1754756,11.618949
1760985789361,1.5786648,4.1665025,11.599806
1760985789363,1.5547365,4.162315,11.561521
1760985789366,1.5349957,4.1198425,11.514262
1760985789368,1.5343975,4.1007,11.467005
1760985789371,1.4913267,4.0773697,11.47179
1760985789372,1.4668003,4.0390844,11.429317
1760985789376,1.4333007,4.025326,11.400603
1760985789378,1.3950156,3.9930227,11.353345
1760985789379,1.3800604,3.964309,11.353345
1760985789382,1.3704891,3.9547377,11.338988
1760985789383,1.3417753,3.9361932,11.320444
1760985789387,1.3076776,3.8937206,11.320444
1760985789389,1.288535,3.888935,11.301301
1760985789390,1.2406785,3.8757744,11.282757
1760985789392,1.2119647,3.842275,11.244472
1760985789395,1.1970096,3.8285162,11.263615
1760985789397,1.2017952,3.8237305,11.244472
1760985789400,1.18684,3.790231,11.244472
1760985789402,1.1587243,3.7860436,11.239686
1760985789404,1.1347961,3.7812579,11.258829
1760985789406,1.1294123,3.738187,11.258829
1760985789408,1.1383854,3.7238302,11.258829
1760985789411,1.1144571,3.7094734,11.282757
1760985789413,1.0947163,3.676572,11.282757
1760985789415,1.0660025,3.662215,11.3162565
1760985789417,1.0564312,3.6526437,11.349157
1760985789420,1.0516455,3.6382868,11.3683
1760985789423,1.041476,3.6047873,11.434701
1760985789425,1.0313065,3.5712879,11.477772
1760985789427,1.012164,3.5712879,11.563315
1760985789430,0.9876375,3.5288153,11.653645
1760985789431,0.9589237,3.5144582,11.734403
1760985789433,0.9343972,3.4666018,11.810374
1760985789436,0.9056834,3.4426737,11.905489
1760985789438,0.8811569,3.3954153,11.967104
1760985789440,0.8470592,3.347559,12.038291
1760985789442,0.8225328,3.3092737,12.109477
1760985789444,0.79860455,3.2715867,12.181262
1760985789447,0.77347994,3.2093735,12.247663
1760985789449,0.74895346,3.161517,12.281162
1760985789451,0.7292127,3.1136606,12.36192
1760985789453,0.7052845,3.0849466,12.394821
1760985789456,0.6945168,3.013162,12.404392
1760985789458,0.69332033,2.9653056,12.423535
1760985789460,0.6646065,2.9467611,12.423535
1760985789463,0.67776704,2.8695927,12.400206
1760985789465,0.6580262,2.836093,12.376875
1760985789467,0.6520442,2.7786653,12.31526
1760985789470,0.66101724,2.7595227,12.262618
1760985789472,0.65084773,2.693122,12.172887
1760985789474,0.6735796,2.649453,12.082558
1760985789477,0.63948184,2.597409,11.949757
1760985789479,0.6580262,2.5734808,11.850454
1760985789480,0.66161543,2.53041,11.69851
1760985789483,0.6658029,2.4921248,11.547164
1760985789485,0.6562316,2.4879375,11.385649
1760985789487,0.6550352,2.4358935,11.196017
1760985789490,0.67836523,2.411367,11.048859
1760985789492,0.66341007,2.37368,10.840085
1760985789495,0.6586244,2.364707,10.673783
1760985789497,0.6963114,2.3306093,10.5080805
1760985789498,0.69092757,2.312065,10.304092
1760985789501,0.6999006,2.288735,10.12822
1760985789503,0.718445,2.2552354,9.933804
1760985789505,0.7178468,2.2456641,9.7298155
1760985789507,0.7082755,2.2223341,9.521041
1760985789510,0.71246296,2.2181466,9.33141
1760985789512,0.6879365,2.1804597,9.179466
1760985789514,0.6879365,2.181058,8.980264
1760985789517,0.6975078,2.1667008,8.785249
1760985789519,0.69212395,2.1577277,8.614759
1760985789521,0.69212395,2.1577277,8.462815
1760985789523,0.69272214,2.1678972,8.310871
1760985789526,0.6735796,2.1684954,8.1637125
1760985789528,0.654437,2.178665,8.011768
1760985789530,0.6831509,2.178665,7.878967
1760985789532,0.6879365,2.1984057,7.7742805
1760985789535,0.69272214,2.1936202,7.655836
1760985789537,0.6831509,2.2031915,7.5750785
1760985789540,0.69272214,2.213361,7.4805617
1760985789542,0.70229346,2.213361,7.4045897
1760985789544,0.69272214,2.2037897,7.342376
1760985789546,0.70648086,2.1942184,7.295118
1760985789548,0.69212395,2.1798615,7.2095747
1760985789551,0.68255264,2.1708884,7.195816
1760985789553,0.6873383,2.1661026,7.157531
1760985789555,0.68195444,2.1517458,7.1527452
1760985789557,0.66759753,2.1230319,7.143772
1760985789560,0.65324056,2.1182463,7.157531
1760985789562,0.62931234,2.0949163,7.1862445
1760985789564,0.6149554,2.0949163,7.219744
1760985789566,0.5766702,2.076372,7.2765737
1760985789569,0.552742,2.0620148,7.323832
1760985789571,0.5096712,2.0578275,7.3950186
1760985789573,0.4953143,2.0536401,7.4709907
1760985789575,0.47138608,2.0536401,7.5326056
1760985789578,0.46181476,2.039283,7.603792
1760985789580,0.45762733,2.0536401,7.6660056
1760985789582,0.4426722,2.0344975,7.7419777
1760985789584,0.42891344,2.039283,7.789236
1760985789587,0.37627137,2.030908,7.8221374
1760985789589,0.38644084,2.0542383,7.8604226
1760985789591,0.37208393,2.0542383,7.9220376
1760985789593,0.38584265,2.0398812,7.9740815
1760985789595,0.36729828,2.0398812,7.9980097
1760985789598,0.37627137,2.0350957,7.993224
1760985789600,0.38644084,2.044667,7.9980097
1760985789602,0.40438703,2.0153549,7.945966
1760985789604,0.42412782,2.039283,7.94118
1760985789607,0.45224348,2.0291135,7.9363947
1760985789609,0.49471608,2.0141585,7.917252
1760985789612,0.49950173,2.003989,7.912466
1760985789614,0.5288138,2.0374885,7.902895
1760985789616,0.5521438,2.0321047,7.893324
1760985789619,0.58564335,2.0315065,7.879565
1760985789621,0.60000026,2.0458634,7.879565
1760985789623,0.65682983,2.0494525,7.893324
1760985789625,0.67118675,2.0398812,7.8556366
1760985789627,0.73340017,2.0578275,7.84128
1760985789630,0.77587277,2.0428724,7.813164
1760985789631,0.82313097,2.0464616,7.8173513
1760985789634,0.8847462,2.0410776,7.798807
1760985789636,0.9415757,2.015953,7.789236
1760985789638,0.98943216,2.0344975,7.765308
1760985789641,1.0648061,2.0183458,7.746763
1760985789643,1.1359925,2.0027926,7.7180495
1760985789645,1.1928221,2.0021944,7.6941214
1760985789647,1.2400804,1.9818554,7.6755767
1760985789650,1.2969099,1.9716859,7.656434
1760985789652,1.3441681,1.9704895,7.632506
1760985789654,1.4057833,1.9555343,7.609176
1760985789656,1.4392828,1.9597218,7.585248
1760985789659,1.486541,1.9441684,7.580462
1760985789661,1.5200406,1.9537396,7.5379896
1760985789663,1.5768701,1.9669002,7.518847
1760985789666,1.6342978,1.9848464,7.5092754
1760985789668,1.6911274,1.9890338,7.4997044
1760985789670,1.7294126,1.9980069,7.4901333
1760985789673,1.7581264,1.9926231,7.4805617
1760985789675,1.7964116,2.03031,7.494919
1760985789678,1.8340986,2.0201404,7.4805617
1760985789679,1.8532411,2.0195422,7.494919
1760985789682,1.8681962,2.0578275,7.5326056
1760985789683,1.8879371,2.076372,7.537391
1760985789686,1.911267,2.0811574,7.5517483
1760985789688,1.9076779,2.1194427,7.556534
1760985789691,1.9028922,2.1481566,7.5750785
1760985789693,1.9034904,2.1625135,7.589435
1760985789695,1.884946,2.1870399,7.6085777
1760985789697,1.9232312,2.224727,7.641479
1760985789699,1.8855443,2.2444677,7.6510506
1760985789701,1.896312,2.2875385,7.6606216
1760985789703,1.9106688,2.3018954,7.669595
1760985789706,1.9304097,2.344368,7.6743803
1760985789707,1.939981,2.3682961,7.683952
1760985789710,1.9645073,2.4059832,7.7120676
1760985789712,1.969293,2.4059832,7.716853
1760985789714,1.9698912,2.449054,7.7551384
1760985789717,1.9800607,2.4825535,7.7880397
1760985789719,1.9573289,2.5118656,7.816155
1760985789721,1.9950159,2.516053,7.864012
1760985789723,1.995614,2.5495524,7.8592257
1760985789726,2.024328,2.5728827,7.882556
1760985789728,2.0488544,2.5914268,7.906484
1760985789730,2.0632114,2.6105695,7.896913
1760985789732,2.0638096,2.6249263,7.920841
1760985789734,2.0590239,2.6344976,7.948957
1760985789737,2.0685952,2.6392834,7.9776707
1760985789739,2.0685952,2.644069,7.987242
1760985789742,2.050649,2.6871397,8.010572
1760985789744,2.0554347,2.6871397,8.05783
1760985789746,2.050649,2.6919255,8.072187
1760985789748,2.0321047,2.7308087,8.096115
1760985789751,2.0177476,2.7260232,8.109874
1760985789754,2.0183458,2.769094,8.138588
1760985789756,2.0183458,2.7499514,8.162517
1760985789757,1.9854445,2.7792635,8.185846
1760985789760,2.018944,2.7930222,8.200203
1760985789762,2.0386848,2.8169506,8.200203
1760985789764,2.0338993,2.821736,8.224132
1760985789766,2.0297117,2.85045,8.233105
1760985789769,2.062613,2.845066,8.266604
1760985789771,2.067997,2.8642087,8.27139
1760985789773,2.0823538,2.8929226,8.29472
1760985789776,2.0925233,2.9066813,8.323434
1760985789778,2.1020947,2.9210382,8.323434
1760985789780,2.0835502,2.9353952,8.380263
1760985789782,2.0835502,2.9449666,8.389834
1760985789785,2.1122642,2.964109,8.394022
1760985789787,2.1272194,2.9922247,8.41795
1760985789789,2.1272194,3.0065815,8.484351
1760985789791,2.14696,3.0257242,8.479566
1760985789794,2.14696,3.0352955,8.513064
1760985789796,2.14696,3.0496526,8.550752
1760985789798,2.1188445,3.0789645,8.555537
1760985789800,2.12363,3.0735807,8.578867
1760985789802,2.129014,3.083152,8.621938
1760985789805,2.1433709,3.1070802,8.621938
1760985789807,2.1391835,3.121437,8.617152
1760985789809,2.143969,3.1310084,8.650054
1760985789811,2.1158533,3.165106,8.635697
1760985789814,2.1158533,3.1698918,8.659625
1760985789816,2.097309,3.1800613,8.650054
1760985789818,2.088336,3.2039895,8.645268
1760985789820,2.0787647,3.2087753,8.6548395
1760985789823,2.0793629,3.2327034,8.659625
1760985789825,2.0745773,3.2422748,8.682955
1760985789827,2.1038892,3.2757742,8.692527
1760985789829,2.1134605,3.3092737,8.697312
1760985789832,2.1044874,3.318845,8.730213
1760985789834,2.0955145,3.3427732,8.739784
1760985789836,2.0955145,3.3667014,8.749356
1760985789839,2.1104696,3.3810585,8.768498
1760985789840,2.1104696,3.3906298,8.763713
1760985789843,2.1104696,3.4097722,8.772686
1760985789845,2.115255,3.414558,8.772686
1760985789848,2.1391835,3.423531,8.758927
1760985789850,2.1445673,3.437888,8.754142
1760985789853,2.149353,3.4474592,8.739784
1760985789855,2.1589243,3.461816,8.730213
1760985789857,2.1732812,3.4761732,8.725428
1760985789859,2.1834507,3.5001013,8.711071
1760985789861,2.169692,3.519244,8.677571
1760985789863,2.1834507,3.4953158,8.654242
1760985789866,2.1744776,3.5240295,8.639884
1760985789868,2.1936202,3.5383866,8.620742
1760985789870,2.1888344,3.5527434,8.625527
1760985789872,2.179263,3.5383866,8.620742
1760985789875,2.1984057,3.5479577,8.578269
1760985789878,2.207977,3.557529,8.549556
1760985789879,2.2181466,3.571886,8.539984
1760985789882,2.2223341,3.5617166,8.535198
1760985789884,2.213361,3.5910287,8.516056
1760985789886,2.2181466,3.586243,8.502297
1760985789888,2.2229323,3.5814574,8.497512
1760985789890,2.2372892,3.6005998,8.464012
1760985789893,2.2606192,3.5856447,8.444869
1760985789895,2.2707887,3.6143587,8.397611
1760985789897,2.2995026,3.6089747,8.38804
1760985789900,2.3042881,3.6329029,8.335996
1760985789902,2.2995026,3.6376886,8.349754
1760985789904,2.324029,3.6616168,8.326425
1760985789906,2.2815564,3.6717863,8.335996
1760985789908,2.2671995,3.6867416,8.312068
1760985789911,2.2677977,3.705884,8.307282
1760985789913,2.248655,3.7160535,8.292925
1760985789915,2.2534406,3.7256248,8.278568
1760985789918,2.268396,3.7393837,8.268997
1760985789920,2.254039,3.7543387,8.268997
1760985789922,2.2731814,3.758526,8.236095
1760985789924,2.2636101,3.749553,8.216953
1760985789926,2.2785654,3.78724,8.19781
1760985789930,2.2743778,3.8165522,8.155337
1760985789931,2.2648067,3.8165522,8.140981
1760985789933,2.2785654,3.8117664,8.117053
1760985789936,2.2839491,3.8404803,8.069795
1760985789938,2.2941186,3.859623,8.07458
1760985789940,2.3222344,3.8590248,8.055437
1760985789942,2.32702,3.868596,8.050652
1760985789944,2.3653052,3.863212,8.031509
1760985789947,2.3748765,3.8871403,7.9980097
1760985789949,2.3802602,3.8967116,8.007581
1760985789951,2.3754747,3.9014974,8.012366
1760985789954,2.3898315,3.92064,8.017152
1760985789956,2.3946173,3.9254255,8.007581
1760985789959,2.3856442,3.9302113,8.012366
1760985789960,2.3712873,3.9445682,8.017152
1760985789963,2.3712873,3.9445682,8.026724
1760985789965,2.3718855,3.9684963,8.04108
1760985789967,2.3623142,3.9738803,8.04108
1760985789970,2.367698,3.9972103,8.078768
1760985789972,2.3581266,3.9978085,8.083553
1760985789974,2.3437698,4.0121655,8.088339
1760985789976,2.3347967,4.022335,8.1020975
1760985789978,2.3491535,4.0217366,8.111669
1760985789981,2.344368,4.0360937,8.130812
1760985789983,2.3539393,4.0408792,8.16431
1760985789985,2.3353949,4.045665,8.16431
1760985789987,2.3449662,4.045665,8.182856
1760985789990,2.3258235,4.046263,8.201998
1760985789993,2.3216362,4.0701914,8.216354
1760985789994,2.3401806,4.069593,8.206783
1760985789996,2.3641088,4.0642095,8.2348995
1760985789999,2.3688943,4.068995,8.225926
1760985790001,2.3641088,4.068995,8.230113
1760985790003,2.4065814,4.0588255,8.244471
1760985790005,2.3826532,4.0498524,8.2348995
1760985790007,2.4017956,4.049254,8.244471
1760985790010,2.39701,4.05404,8.239685
1760985790012,2.4065814,4.039683,8.225926
1760985790014,2.4161527,4.0444684,8.206783
1760985790016,2.396412,4.025326,8.192427
1760985790019,2.4107687,4.02054,8.173284
1760985790021,2.4059832,4.02054,8.16431
1760985790023,2.42034,4.010969,8.149954
1760985790026,2.4197419,4.006183,8.140383
1760985790028,2.4107687,4.010969,8.111669
1760985790030,2.4293132,4.0013976,8.1020975
1760985790032,2.44367,3.9960139,8.09791
1760985790035,2.4299114,4.0157547,8.083553
1760985790037,2.4346972,4.039683,8.083553
1760985790040,2.4346972,4.025326,8.059625
1760985790041,2.449054,4.024728,8.045268
1760985790044,2.4681966,4.034299,8.06441
1760985790047,2.4819553,4.028915,8.06441
1760985790049,2.4681966,4.0438704,8.078768
1760985790051,2.4586253,4.048656,8.087741
1760985790052,2.464009,4.072584,8.092526
1760985790055,2.4502504,4.091727,8.130812
1760985790057,2.4071796,4.1024942,8.149356
1760985790059,2.3892334,4.1312084,8.178069
1760985790062,2.3653052,4.136592,8.206185
1760985790064,2.3228326,4.1611185,8.230113
1760985790066,2.3186452,4.17069,8.277371
1760985790069,2.2905295,4.2047877,8.3013
1760985790071,2.2528424,4.210171,8.320442
1760985790074,2.2384856,4.2053857,8.353344
1760985790075,2.2295125,4.234698,8.372486
1760985790077,2.2289143,4.2203407,8.396415
1760985790080,2.2295125,4.2394834,8.42453
1760985790083,2.2151556,4.2538404,8.443673
1760985790085,2.2199411,4.2538404,8.443673
1760985790087,2.2061825,4.258626,8.45803
1760985790089,2.2438695,4.2388854,8.45803
1760985790091,2.2342982,4.243671,8.45803
1760985790093,2.239682,4.2723846,8.462217
1760985790096,2.248655,4.253242,8.443673
1760985790098,2.2588246,4.2867417,8.443673
1760985790100,2.292324,4.305286,8.434102
1760985790102,2.292324,4.305286,8.400602
1760985790105,2.3108685,4.295715,8.395817
1760985790107,2.3306093,4.319045,8.395817
1760985790109,2.3353949,4.328616,8.353344
1760985790111,2.3401806,4.347759,8.334201
1760985790114,2.3455644,4.3722854,8.277371
1760985790116,2.3694925,4.3812585,8.243873
1760985790118,2.3694925,4.3669014,8.219944
1760985790120,2.3509483,4.3962135,8.187042
1760985790123,2.3557339,4.4201417,8.163115
1760985790125,2.3659034,4.44407,8.139186
1760985790127,2.3808584,4.482355,8.106285
1760985790129,2.3665016,4.482355,8.106285
1760985790131,2.3575284,4.516453,8.039286
1760985790134,2.367698,4.540381,8.029715
1760985790136,2.3629124,4.554738,8.015956
1760985790138,2.3587248,4.5834517,8.006385
1760985790141,2.3545375,4.627121,8.015358
1760985790143,2.364707,4.6462636,8.010572
1760985790145,2.3551357,4.66062,8.010572
1760985790147,2.3461626,4.679763,8.010572
1760985790150,2.3318057,4.6755753,8.005786
1760985790152,2.3228326,4.7042894,8.001
1760985790154,2.2947168,4.7192445,8.001
1760985790157,2.318047,4.699504,7.986644
1760985790159,2.2941186,4.7096734,7.9770727
1760985790161,2.309074,4.72403,7.986644
1760985790163,2.3084757,4.7192445,7.9770727
1760985790166,2.309074,4.7288156,7.967501
1760985790168,2.3186452,4.7288156,7.9537425
1760985790170,2.309074,4.738387,7.967501
1760985790172,2.3042881,4.7431726,7.9818583
1760985790175,2.3186452,4.7336016,7.9914293
1760985790177,2.3234308,4.7425747,8.024929
1760985790179,2.3186452,4.752744,8.053044
1760985790181,2.3282163,4.7425747,8.109874
1760985790183,2.3521447,4.761119,8.176275
1760985790186,2.3856442,4.755735,8.219346
1760985790188,2.437688,4.7545385,8.238488
1760985790190,2.4658036,4.734798,8.261818
1760985790193,2.5082762,4.7102714,8.314461
1760985790195,2.5411777,4.7042894,8.356933
1760985790197,2.6027927,4.679165,8.423334
1760985790200,2.6404798,4.6689954,8.484949
1760985790201,2.6835506,4.663013,8.556135
1760985790203,2.7068806,4.662415,8.632108
1760985790206,2.725425,4.6378884,8.703893
1760985790208,2.7445676,4.6378884,8.770293
1760985790210,2.7678976,4.622335,8.846265
1760985790212,2.7966115,4.6025944,8.893523
1760985790215,2.8103702,4.5738807,8.950353
1760985790217,2.833102,4.5391846,8.993423
1760985790219,2.885744,4.5338006,9.040682
1760985790221,2.870789,4.5098724,9.093325
1760985790223,2.8845477,4.490132,9.150154
1760985790226,2.917449,4.4656053,9.183055
1760985790228,2.9318058,4.45065,9.230911
1760985790230,2.9455647,4.4165525,9.27817
1760985790232,2.949752,4.39741,9.311669
1760985790235,2.9593234,4.4165525,9.349357
1760985790237,2.9736803,4.401597,9.363713
1760985790239,2.9778678,4.3872404,9.4019985
1760985790241,2.9778678,4.3872404,9.406784
1760985790244,3.0113673,4.377071,9.425328
1760985790246,3.0113673,4.3962135,9.439685
1760985790249,2.9970105,4.3962135,9.430114
1760985790250,2.9922247,4.3962135,9.434899
1760985790253,2.9832516,4.4207397,9.430114
1760985790256,2.9832516,4.4255257,9.449257
1760985790258,2.9647074,4.4255257,9.434899
1760985790260,2.9742785,4.449454,9.434899
1760985790262,2.9557343,4.4548373,9.449257
1760985790264,2.9365916,4.4596233,9.4636135
1760985790266,2.9419754,4.4931226,9.444471
1760985790269,2.9138598,4.5128636,9.420543
1760985790272,2.885744,4.523033,9.434899
1760985790275,2.8809586,4.532604,9.444471
1760985790276,2.8809586,4.5373898,9.415757
1760985790279,2.8666015,4.5332026,9.410972
1760985790280,2.8576283,4.5475593,9.410972
1760985790282,2.8666015,4.537988,9.420543
1760985790285,2.838486,4.552943,9.434899
1760985790287,2.838486,4.543372,9.420543
1760985790290,2.8289146,4.538586,9.463016
1760985790291,2.8241289,4.543372,9.506086
1760985790293,2.8187451,4.519444,9.553345
1760985790296,2.8235307,4.5092745,9.59163
1760985790298,2.8235307,4.523631,9.610174
1760985790300,2.8277183,4.4949174,9.672387
1760985790304,2.842075,4.494319,9.734002
1760985790305,2.8319056,4.4608197,9.776475
1760985790307,2.841477,4.4554358,9.847662
1760985790310,2.8462625,4.4458647,9.881161
1760985790311,2.8319056,4.426722,9.97149
1760985790314,2.8265216,4.412365,10.004392
1760985790316,2.812763,4.421936,10.052248
1760985790318,2.8121648,4.398008,10.113863
1760985790320,2.8073792,4.402794,10.141979
1760985790323,2.821736,4.383053,10.175478
1760985790325,2.836093,4.3926244,10.1802635
1760985790327,2.8354948,4.3686957,10.227522
1760985790330,2.8115666,4.354339,10.293923
1760985790332,2.8163524,4.354339,10.369895
1760985790334,2.8109684,4.3154554,10.40818
1760985790336,2.7870402,4.316054,10.450653
1760985790339,2.7535408,4.2921257,10.522438
1760985790341,2.7535408,4.282554,10.597812
1760985790343,2.7248268,4.2687955,10.673783
1760985790345,2.6865416,4.254439,10.735997
1760985790348,2.653042,4.235894,10.754541
1760985790350,2.629114,4.2317066,10.830514
1760985790352,2.5860431,4.202993,10.87837
1760985790354,2.5381866,4.1898327,10.9352
1760985790357,2.4999015,4.1665025,10.9352
1760985790359,2.452045,4.1431723,10.954342
1760985790361,2.423331,4.1479583,10.992627
1760985790364,2.4089742,4.138985,10.992627
1760985790366,2.356332,4.125226,11.030314
1760985790368,2.3186452,4.1162534,11.0398855
1760985790370,2.2899313,4.112066,11.054242
1760985790373,2.2378874,4.1180477,11.049457
1760985790375,2.2187448,4.1180477,11.082358
1760985790377,2.1852453,4.104289,11.096715
1760985790379,2.1661026,4.1090746,11.106286
1760985790382,2.1475582,4.109673,11.139786
1760985790384,2.1230319,4.0905304,11.1631155
1760985790386,2.0901306,4.0959144,11.172688
1760985790388,2.0751755,4.0719857,11.201401
1760985790391,2.0470598,4.063013,11.243874
1760985790393,2.0279171,4.072584,11.296515
1760985790395,1.9944177,4.0588255,11.334203
1760985790397,1.9800607,4.0594234,11.372488
1760985790400,1.9375881,4.0498524,11.44846
1760985790402,1.9040886,4.045665,11.505289
1760985790404,1.8562322,4.017549,11.566905
1760985790406,1.8137596,4.0325046,11.652448
1760985790408,1.7563318,4.019344,11.714064
1760985790411,1.7180467,4.009773,11.78525
1760985790413,1.6462619,3.972684,11.85165
1760985790415,1.5942181,3.9637108,11.918052
1760985790418,1.541576,3.9649072,11.975479
1760985790420,1.4799608,3.955934,12.046665
1760985790422,1.4273187,3.9373896,12.122638
1760985790424,1.3746766,3.9140596,12.193824
1760985790427,1.3082758,3.9104705,12.250653
1760985790429,1.2221341,3.8781674,12.279367
1760985790431,1.1509477,3.8650067,12.331411
1760985790434,1.0695918,3.8231323,12.364313
1760985790436,1.0073783,3.8051863,12.416955
1760985790438,0.9212367,3.7680974,12.459428
1760985790440,0.8679964,3.7256248,12.51207
1760985790442,0.8153543,3.6975093,12.549757
1760985790445,0.738784,3.6460636,12.6167555
1760985790447,0.68075806,3.5988052,12.649657
1760985790449,0.6472585,3.565904,12.692728
1760985790451,0.59342,3.5042887,12.716656
1760985790454,0.5736792,3.446861,12.763914
1760985790456,0.51086766,3.3756745,12.797414
1760985790458,0.50009996,3.3182468,12.840485
1760985790461,0.49471608,3.2656047,12.859627
1760985790463,0.4648058,3.2033913,12.897912
1760985790465,0.47856453,3.1555347,12.916456
1760985790467,0.4779663,3.1118658,12.9547415
1760985790469,0.4761717,3.03051,12.9547415
1760985790472,0.5084748,2.9766715,12.969099
1760985790474,0.5174479,2.9192436,12.983456
1760985790476,0.5491528,2.8612177,12.974483
1760985790479,0.5814559,2.8025935,12.964911
1760985790481,0.61854464,2.7349963,12.960724
1760985790482,0.6556334,2.6913273,12.941582
1760985790485,0.67836523,2.6333013,12.90868
1760985790487,0.7160522,2.5986054,12.889538
1760985790489,0.7435696,2.5459633,12.823136
1760985790492,0.7800602,2.4825535,12.766307
1760985790494,0.80817586,2.4484558,12.709477
1760985790496,0.8452646,2.3952155,12.643077
1760985790499,0.83988076,2.3479571,12.558131
1760985790501,0.8961121,2.318047,12.491731
1760985790503,0.9194421,2.2791636,12.410973
1760985790506,0.91346,2.2414765,12.302099
1760985790508,0.9128618,2.207977,12.2069845
1760985790510,0.9128618,2.1888344,12.098111
1760985790512,0.91226363,2.1649063,11.998211
1760985790514,0.8883354,2.1511476,11.889338
1760985790517,0.863809,2.1284158,11.761321
1760985790519,0.83988076,2.114657,11.661421
1760985790522,0.8063812,2.1104696,11.547762
1760985790524,0.7686943,2.1260228,11.433505
1760985790526,0.74476606,2.1026928,11.324632
1760985790528,0.7070791,2.1176481,11.224731
1760985790531,0.64965135,2.1092732,11.120644
1760985790532,0.59760743,2.120041,11.059028
1760985790534,0.53599226,2.1260228,10.954342
1760985790537,0.45044887,2.137389,10.859227
1760985790539,0.4031906,2.1433709,10.759925
1760985790541,0.31764722,2.1547368,10.660025
1760985790544,0.27996024,2.1702902,10.56491
1760985790546,0.2321038,2.1517458,10.470394
1760985790548,0.15613168,2.158326,10.370493
1760985790551,0.10348958,2.1451654,10.280763
1760985790553,0.05623133,2.1511476,10.180862
1760985790555,0.032303106,2.1421745,10.109675
1760985790558,-0.0059820567,2.1284158,10.00499
1760985790560,-0.058624156,2.115255,9.905687
1760985790562,-0.11545369,2.1068804,9.848858
1760985790564,-0.14895321,2.0979073,9.772886
1760985790567,-0.2015953,2.0656042,9.706485
1760985790568,-0.24047868,2.0231316,9.616156
1760985790571,-0.24586253,2.0135603,9.540184
1760985790573,-0.23688944,1.975275,9.450453
1760985790575,-0.2321038,1.9609182,9.360124
1760985790578,-0.21834506,1.9322042,9.275179
1760985790580,-0.21894327,1.8987048,9.175279
1760985790582,-0.22432712,1.8747765,9.099306
1760985790584,-0.23449662,1.8418752,9.037691
1760985790586,-0.27756742,1.8281165,8.985647
1760985790589,-0.2973082,1.7856439,8.919247
1760985790591,-0.3164508,1.7760726,8.843274
1760985790594,-0.33559337,1.7527425,8.796016
1760985790596,-0.35533416,1.7437695,8.72483
1760985790599,-0.3696911,1.7150556,8.710473
1760985790600,-0.37986058,1.6965113,8.658429
1760985790602,-0.37986058,1.6821543,8.601599
1760985790605,-0.39421752,1.6677973,8.554341
1760985790607,-0.4229314,1.66361,8.497512
1760985790609,-0.4235296,1.649253,8.444869
1760985790611,-0.42771706,1.6594225,8.421539
1760985790614,-0.4660022,1.6360924,8.36471
1760985790616,-0.4755735,1.6408781,8.316854
1760985790619,-0.485743,1.6271194,8.269595
1760985790621,-0.50009996,1.6175481,8.222337
1760985790623,-0.51445687,1.6133606,8.169695
1760985790625,-0.53300124,1.6187445,8.117651
1760985790628,-0.54735816,1.6235301,8.075178
1760985790630,-0.5617151,1.614557,8.013563
1760985790632,-0.57607204,1.605584,7.9704924
1760985790634,-0.57607204,1.6199409,7.9184484
1760985790636,-0.58564335,1.6103697,7.8424764
1760985790639,-0.58564335,1.6109679,7.7760754
1760985790641,-0.61914283,1.6163517,7.719246
1760985790643,-0.61435723,1.6163517,7.6666036
1760985790645,-0.61914283,1.6067804,7.609774
1760985790647,-0.57607204,1.6253247,7.5673018
1760985790650,-0.59940207,1.6354942,7.5050883
1760985790652,-0.5665008,1.634896,7.4913297
1760985790654,-0.5712864,1.6307086,7.4386873
1760985790657,-0.5282156,1.6396817,7.4010005
1760985790659,-0.509073,1.6486548,7.353742
1760985790661,-0.48035914,1.6534405,7.315457
1760985790663,-0.47078785,1.6576279,7.2915287
1760985790666,-0.42771706,1.6809579,7.2490563
1760985790668,-0.40857446,1.6905292,7.2059855
1760985790670,-0.37507495,1.6995022,7.1730843
1760985790672,-0.3469593,1.7090735,7.1491556
1760985790675,-0.33738798,1.7090735,7.097112
1760985790677,-0.2847459,1.7318054,7.030711
1760985790679,-0.2416751,1.7407784,6.9876404
1760985790681,-0.20817557,1.7551354,6.9595246
1760985790684,-0.1698904,1.7784654,6.897311
1760985790686,-0.14117654,1.7826529,6.854839
1760985790688,-0.116650105,1.835295,6.8404818
1760985790691,-0.07836494,1.8538394,6.7932234
1760985790694,-0.0634098,1.8825532,6.7878394
1760985790694,-0.020338992,1.9250258,6.7501526
1760985790698,0.008973085,1.9435701,6.73101
1760985790700,0.02871387,1.9962122,6.707082
1760985790701,0.05742774,2.0291135,6.6831536
1760985790704,0.058624156,2.0775683,6.664011
1760985790706,0.068793654,2.120639,6.6592255
1760985790708,0.11246266,2.1774685,6.6448684
1760985790710,0.1274178,2.2157538,6.62094
1760985790712,0.12323037,2.2588246,6.6161547
1760985790714,0.13878371,2.3114667,6.578468
1760985790717,0.10109676,2.3503501,6.587441
1760985790719,0.106480606,2.3940191,6.5162544
1760985790722,0.10229317,2.4179473,6.52104
1760985790724,0.06999006,2.4711876,6.4923263
1760985790726,0.06580263,2.5196424,6.468996
1760985790728,0.0526421,2.5579274,6.4498534
1760985790730,0.048454657,2.6063821,6.4492555
1760985790732,0.044865426,2.6590242,6.4259253
1760985790736,0.040677983,2.7026932,6.4444695
1760985790738,0.036490545,2.745764,6.430113
1760985790740,0.01375873,2.7798617,6.4157557
1760985790742,0.009571291,2.8378878,6.406184
1760985790744,0.014955142,2.861816,6.387042
1760985790746,-0.017347964,2.9198418,6.3678994
1760985790749,-0.021535404,2.9533412,6.3535423
1760985790751,-0.011365907,2.986841,6.306284
1760985790753,-0.020338992,3.0209386,6.2775702
1760985790756,-0.019740786,3.0592237,6.253642
1760985790758,-0.02871387,3.1028929,6.2488565
1760985790760,-0.028115666,3.1220353,6.201598
1760985790762,-0.01794617,3.1746774,6.201598
1760985790764,-0.012562319,3.1986058,6.215357
1760985790767,0.016749758,3.231507,6.215357
1760985790769,0.016749758,3.2321053,6.1824555
1760985790772,0.021535404,3.2410784,6.196214
1760985790773,0.046061836,3.2745779,6.1914287
1760985790775,0.06580263,3.3176486,6.196214
1760985790778,0.098703936,3.3122647,6.181857
1760985790780,0.14177474,3.3206396,6.181857
1760985790782,0.19381863,3.3296127,6.2105713
1760985790785,0.24646074,3.333202,6.215357
1760985790787,0.30867413,3.3565319,6.215357
1760985790789,0.360718,3.3409786,6.257829
1760985790792,0.42711884,3.3445678,6.2961144
1760985790794,0.49351966,3.3529427,6.3194447
1760985790796,0.5509474,3.3517463,6.32423
1760985790799,0.59342,3.3607194,6.3714886
1760985790800,0.6550352,3.345166,6.390631
1760985790803,0.7118647,3.3439696,6.404988
1760985790805,0.7692925,3.35713,6.4331036
1760985790807,0.8213364,3.3565319,6.4241304
1760985790809,0.91166544,3.3547373,6.419345
1760985790812,0.99302137,3.3631122,6.409774
1760985790814,1.0642079,3.3667014,6.4331036
1760985790816,1.1216356,3.3990045,6.442675
1760985790819,1.1688938,3.3936207,6.4331036
1760985790821,1.2496517,3.377469,6.419345
1760985790824,1.3256238,3.3954153,6.4331036
1760985790826,1.3782659,3.4037902,6.4666033
1760985790828,1.416551,3.4372897,6.4474607
1760985790830,1.4739788,3.4456646,6.442675
1760985790832,1.4883357,3.4648073,6.442675
1760985790835,1.5320047,3.502494,6.4570317
1760985790837,1.5511472,3.5306098,6.480362
1760985790839,1.5894325,3.5347972,6.518647
1760985790841,1.6187445,3.5676985,6.5611196
1760985790843,1.6612171,3.5766716,6.579664
1760985790845,1.6953149,3.609573,6.594021
1760985790848,1.7240287,3.6041892,6.622735
1760985790850,1.7623138,3.6275191,6.650851
1760985790852,1.7910278,3.6604204,6.6795645
1760985790854,1.8346968,3.6933217,6.7316084
1760985790856,1.8346968,3.7076788,6.750751
1760985790859,1.8873389,3.7256248,6.802795
1760985790862,1.9208384,3.7441692,6.8452673
1760985790865,1.9686948,3.738187,6.8739815
1760985790867,1.9782661,3.7573297,6.9020967
1760985790869,2.0261226,3.7663028,6.9589267
1760985790871,2.0590239,3.7651064,6.982855
1760985790873,2.0733807,3.7746778,7.0211396
1760985790874,2.0925233,3.778865,7.0636125
1760985790877,2.1212373,3.76391,7.110871
1760985790880,2.120639,3.7543387,7.158727
1760985790881,2.149353,3.758526,7.2155566
1760985790884,2.1445673,3.7537405,7.2676005
1760985790886,2.2061825,3.7525442,7.353144
1760985790888,2.2348964,3.7471602,7.3956165
1760985790891,2.248655,3.7178483,7.467401
1760985790893,2.2857437,3.673581,7.524231
1760985790895,2.3144577,3.6873398,7.6049886
1760985790897,2.3479571,3.6771703,7.690532
1760985790900,2.3623142,3.6957145,7.7611203
1760985790902,2.3665016,3.6526437,7.8281193
1760985790905,2.376073,3.6664026,7.941778
1760985790907,2.361716,3.6664026,8.008179
1760985790909,2.3383858,3.6664026,8.093722
1760985790911,2.324029,3.6616168,8.17448
1760985790913,2.3186452,3.64726,8.288139
1760985790916,2.2947168,3.6329029,8.411968
1760985790917,2.3001008,3.6424742,8.520842
1760985790920,2.2755744,3.6137605,8.592028
1760985790922,2.2372892,3.5904303,8.7015
1760985790926,2.2277179,3.580261,8.787043
1760985790928,2.236691,3.5611184,8.867801
1760985790929,2.2223341,3.5467613,8.915059
1760985790931,2.2175484,3.5324044,9.019745
1760985790934,2.2408783,3.5318062,9.067003
1760985790936,2.2319052,3.5318062,9.138189
1760985790938,2.2408783,3.5072799,9.199805
1760985790940,2.2498515,3.487539,9.26142
1760985790943,2.2737796,3.482155,9.314062
1760985790945,2.283351,3.482155,9.370892
1760985790947,2.2869403,3.4432719,9.437292
1760985790949,2.2965117,3.438486,9.508479
1760985790952,2.3060827,3.4426737,9.550952
1760985790954,2.3204398,3.4283166,9.570094
1760985790956,2.3389843,3.418147,9.631709
1760985790958,2.3431716,3.3936207,9.67478
1760985790961,2.3485553,3.4079776,9.693923
1760985790963,2.3623142,3.3984063,9.750752
1760985790965,2.3341985,3.388835,9.793225
1760985790967,2.329413,3.388835,9.841082
1760985790970,2.3102703,3.394219,9.869197
1760985790972,2.2815564,3.3894334,9.897911
1760985790974,2.2767708,3.3846476,9.949955
1760985790976,2.224727,3.400201,9.997213
1760985790979,2.1966112,3.4049866,10.035499
1760985790982,2.1637099,3.429513,10.063614
1760985790983,2.1068804,3.4402807,10.101899
1760985790986,2.0458634,3.470191,10.1395855
1760985790988,2.0219352,3.470191,10.173085
1760985790990,1.9704895,3.5001013,10.205987
1760985790992,1.9136599,3.510869,10.225129
1760985790994,1.875973,3.5449667,10.262816
1760985790996,1.8478572,3.559922,10.305289
1760985790999,1.814956,3.574877,10.300504
1760985791001,1.7868403,3.6041892,10.329217
1760985791003,1.7581264,3.6089747,10.353146
1760985791006,1.7258233,3.6335013,10.366904
1760985791008,1.7258233,3.6478581,10.37169
1760985791010,1.6923238,3.638885,10.381261
1760985791012,1.6833507,3.6681972,10.347761
1760985791014,1.678565,3.6777685,10.381261
1760985791017,1.6594225,3.659224,10.352547
1760985791019,1.669592,3.6831522,10.338788
1760985791022,1.678565,3.6729827,10.310075
1760985791024,1.6881363,3.6777685,10.290932
1760985791026,1.7030915,3.696911,10.243673
1760985791028,1.7120646,3.6873398,10.21496
1760985791031,1.7264216,3.6921253,10.172487
1760985791033,1.7359928,3.6915271,10.138988
1760985791035,1.7270198,3.7064822,10.124631
1760985791038,1.7078772,3.7070804,10.05823
1760985791040,1.713261,3.7357943,9.991829
1760985791042,1.6983058,3.726223,9.939785
1760985791044,1.6893328,3.7363925,9.863813
1760985791046,1.6372889,3.7471602,9.792626
1760985791049,1.6468602,3.7758741,9.735797
1760985791051,1.6235301,3.7764723,9.635897
1760985791053,1.6049858,3.8057845,9.559925
1760985791056,1.5816557,3.8350966,9.4839525
1760985791058,1.5768701,3.859623,9.398409
1760985791060,1.5631114,3.888935,9.322437
1760985791062,1.5493526,3.918247,9.274581
1760985791064,1.5260227,3.9284165,9.180064
1760985791066,1.4979069,3.9433718,9.070593
1760985791069,1.4554343,3.973282,8.970692
1760985791071,1.4656038,3.9972103,8.87139
1760985791073,1.4518452,4.0408792,8.785847
1760985791076,1.4470595,4.0510488,8.705089
1760985791078,1.4338989,4.094718,8.619545
1760985791080,1.4243277,4.104289,8.534002
1760985791082,1.4009976,4.1431723,8.462815
1760985791084,1.4057833,4.1431723,8.420342
1760985791087,1.4159528,4.182056,8.330014
1760985791089,1.3980067,4.220939,8.263015
1760985791091,1.3974084,4.2161536,8.182856
1760985791093,1.393221,4.235894,8.111071
1760985791096,1.4075779,4.254439,8.063812
1760985791099,1.4129617,4.2837505,8.011768
1760985791100,1.4033905,4.2885365,7.973483
1760985791103,1.3896317,4.3034916,7.921439
1760985791105,1.3848461,4.3130627,7.8927255
1760985791107,1.3800604,4.3178487,7.8406816
1760985791110,1.3710874,4.3328037,7.7976108
1760985791112,1.3908281,4.366303,7.7742805
1760985791114,1.3908281,4.38066,7.759924
1760985791117,1.4003994,4.371089,7.7126656
1760985791118,1.4291133,4.3992043,7.669595
1760985791121,1.4434702,4.3944187,7.640881
1760985791123,1.4434702,4.4039903,7.60798
1760985791125,1.4763715,4.403392,7.617551
1760985791127,1.5002998,4.4075794,7.584051
1760985791129,1.5194423,4.398008,7.555936
1760985791132,1.538585,4.406981,7.584051
1760985791134,1.5667006,4.3872404,7.584051
1760985791136,1.5954145,4.386642,7.598408
1760985791139,1.6235301,4.391428,7.6031938
1760985791141,1.666601,4.395017,7.6031938
1760985791143,1.6995022,4.3848476,7.598408
1760985791145,1.7521443,4.393821,7.6271224
1760985791148,1.7850457,4.388437,7.636095
1760985791150,1.8323039,4.368098,7.6600237
1760985791152,1.8604196,4.3579283,7.6743803
1760985791154,1.9088743,4.3812585,7.716853
1760985791156,1.96032,4.3609195,7.7407813
1760985791159,1.9938195,4.360321,7.8023963
1760985791161,2.0315065,4.339982,7.8311105
1760985791163,2.0554347,4.3447676,7.873583
1760985791165,2.0979073,4.3531427,7.939984
1760985791167,2.097309,4.3148575,7.9926257
1760985791170,2.14038,4.3184466,8.030313
1760985791172,2.1690936,4.3274198,8.063812
1760985791174,2.2019951,4.3172503,8.1015
1760985791176,2.2115662,4.3172503,8.163115
1760985791179,2.2498515,4.331009,8.172686
1760985791181,2.2354946,4.3357944,8.248658
1760985791183,2.2552354,4.3495536,8.263015
1760985791185,2.2456641,4.3495536,8.305488
1760985791188,2.2594228,4.3447676,8.371888
1760985791190,2.2504497,4.3591247,8.4197445
1760985791192,2.2504497,4.3495536,8.452646
1760985791196,2.260021,4.3537407,8.495717
1760985791197,2.2510478,4.3878384,8.519047
1760985791199,2.265405,4.392026,8.56152
1760985791201,2.2510478,4.3968115,8.590233
1760985791203,2.265405,4.392026,8.60459
1760985791205,2.2995026,4.429713,8.62792
1760985791208,2.2989044,4.4057846,8.642277
1760985791210,2.3234308,4.438686,8.632706
1760985791213,2.3276181,4.429115,8.647063
1760985791214,2.3461626,4.4093738,8.656634
1760985791217,2.3515465,4.4189453,8.690134
1760985791219,2.4035904,4.4231324,8.703893
1760985791221,2.4125633,4.403392,8.7469635
1760985791224,2.4502504,4.3740797,8.76132
1760985791226,2.4837499,4.368098,8.813364
1760985791228,2.4879375,4.3633122,8.842078
1760985791231,2.5022943,4.339384,8.8701935
1760985791233,2.5112674,4.3148575,8.898908
1760985791235,2.501098,4.3005004,8.946166
1760985791238,2.4963121,4.295715,8.984451
1760985791240,2.4861426,4.252644,9.031709
1760985791242,2.4861426,4.2281175,9.098708
1760985791244,2.4765713,4.2335014,9.160323
1760985791246,2.4855444,4.208975,9.212367
1760985791249,2.480759,4.208975,9.2691965
1760985791251,2.4993033,4.1844487,9.35474
1760985791253,2.4849463,4.179663,9.435498
1760985791256,2.4849463,4.1605206,9.478569
1760985791258,2.5178475,4.1497526,9.54497
1760985791260,2.5082762,4.144967,9.630513
1760985791262,2.507678,4.1162534,9.706485
1760985791264,2.5178475,4.1204405,9.777672
1760985791266,2.5220351,4.0965123,9.844072
1760985791269,2.5070798,4.072584,9.92483
1760985791271,2.5262225,4.0624146,10.000802
1760985791273,2.5591238,4.0570307,10.071989
1760985791276,2.5734808,4.046861,10.143175
1760985791283,2.5968108,4.022335,10.23829
1760985791284,2.6153553,4.0121655,10.318449
1760985791284,2.6536403,4.006183,10.423136
1760985791285,2.6913273,3.9810586,10.536795
1760985791287,2.742773,3.9463627,10.636695
1760985791289,2.7523441,3.9361932,10.750952
1760985791291,2.7996025,3.9260237,10.8454685
1760985791294,2.8277183,3.9056847,10.935798
1760985791296,2.856432,3.900301,11.016556
1760985791298,2.8893332,3.8997028,11.121242
1760985791300,2.8983064,3.8703907,11.192428
1760985791303,2.9515467,3.8985064,11.230115
1760985791305,2.9940193,3.8925242,11.301301
1760985791307,3.0077782,3.8727834,11.353345
1760985791309,3.0269206,3.8775692,11.39163
1760985791312,3.0466614,3.9200418,11.429317
1760985791314,3.0412776,3.8961134,11.424532
1760985791316,3.0466614,3.9104705,11.438889
1760985791318,3.0317063,3.8913279,11.405988
1760985791321,3.0083764,3.906283,11.39163
1760985791323,2.9850461,3.9116669,11.35813
1760985791325,2.961118,3.9218364,11.301301
1760985791327,2.8755746,3.9332023,11.254043
1760985791330,2.8570302,3.9577286,11.225329
1760985791332,2.7912276,3.973282,11.163714
1760985791334,2.7296124,3.9888353,11.144571
1760985791337,2.6536403,4.0091743,11.1015005
1760985791339,2.5926232,4.034299,11.092527
1760985791341,2.545365,4.054638,11.0686
1760985791343,2.4699912,4.0851464,11.049457
1760985791346,2.4275186,4.119244,11.059028
1760985791348,2.3659034,4.125226,11.072786
1760985791350,2.3425734,4.139583,11.115857
1760985791352,2.2713869,4.1551366,11.130215
1760985791354,2.219343,4.1611185,11.182259
1760985791357,2.204986,4.156333,11.210374
1760985791360,2.1678972,4.1808596,11.253445
1760985791361,2.1008983,4.1629133,11.319846
1760985791364,2.0817556,4.1629133,11.37189
1760985791366,2.053042,4.130012,11.419746
1760985791368,2.0141585,4.091727,11.490932
1760985791371,1.9800607,4.05404,11.52862
1760985791373,1.9698912,4.0157547,11.590833
1760985791375,1.969293,3.9625144,11.66202
1760985791378,1.9447666,3.9194436,11.742777
1760985791380,1.9202402,3.876971,11.780464
1760985791382,1.896312,3.848257,11.794821
1760985791384,1.8765712,3.8057845,11.790633
1760985791387,1.8658035,3.7531424,11.79542
1760985791389,1.8275183,3.720241,11.781062
1760985791391,1.8173488,3.6915271,11.752947
1760985791393,1.8167506,3.667599,11.757732
1760985791395,1.820938,3.6287155,11.733804
1760985791398,1.8586249,3.5946178,11.724233
1760985791400,1.8723837,3.5706897,11.71526
1760985791402,1.8999012,3.5365918,11.705688
1760985791404,1.8903298,3.5318062,11.700903
1760985791407,1.8753748,3.4791641,11.71526
1760985791409,1.855634,3.4456646,11.724831
1760985791411,1.8646071,3.4073794,11.729616
1760985791414,1.8406788,3.3786657,11.791232
1760985791416,1.8394824,3.3260236,11.800803
1760985791419,1.8101703,3.2590244,11.834303
1760985791421,1.7706888,3.1974092,11.877374
1760985791422,1.7748762,3.1633115,11.924632
1760985791424,1.7599211,3.1106694,11.977274
1760985791427,1.7545372,3.0723844,12.019747
1760985791429,1.753939,3.0239296,12.067603
1760985791432,1.7288144,2.9766715,12.129218
1760985791434,1.7425731,2.9186454,12.177074
1760985791436,1.7419748,2.879762,12.224333
1760985791439,1.7503498,2.8175488,12.272189
1760985791440,1.7688942,2.7882366,12.329019
1760985791443,1.7724833,2.7397819,12.367304
1760985791445,1.7575282,2.696711,12.396018
1760985791448,1.7856439,2.653042,12.428919
1760985791450,1.7844474,2.6141586,12.486347
1760985791452,1.7982062,2.556731,12.491133
1760985791454,1.7970098,2.4987051,12.533605
1760985791456,1.814956,2.4454648,12.5246315
1760985791458,1.8005991,2.4269204,12.519846
1760985791461,1.7898313,2.3599212,12.491731
1760985791463,1.8077775,2.292324,12.486945
1760985791465,1.8167506,2.268396,12.410973
1760985791467,1.8017955,2.2205393,12.368501
1760985791470,1.7958134,2.1774685,12.316457
1760985791472,1.7856439,2.120041,12.24527
1760985791474,1.7850457,2.096711,12.150155
1760985791477,1.7844474,2.0727825,12.069996
1760985791479,1.7700906,2.0494525,11.955738
1760985791481,1.7551354,2.015953,11.837294
1760985791483,1.7353946,1.9878374,11.704492
1760985791486,1.7347964,1.9549361,11.566905
1760985791488,1.7156538,1.9555343,11.419746
1760985791490,1.6917256,1.9274186,11.263615
1760985791492,1.6779668,1.9519451,11.1116705
1760985791494,1.6677973,1.9238294,10.931012
1760985791497,1.6396817,1.9387846,10.79821
1760985791499,1.6061822,1.925624,10.6510515
1760985791501,1.5918252,1.9310079,10.494322
1760985791503,1.5678971,1.9268204,10.371092
1760985791506,1.5254245,1.9423738,10.223933
1760985791508,1.4973087,1.9621146,10.095917
1760985791510,1.4590236,1.9585253,9.948758
1760985791513,1.4213367,1.9788643,9.8015995
1760985791516,1.3926228,1.9651057,9.654441
1760985791517,1.3740784,1.989632,9.535996
1760985791519,1.3453646,1.9812572,9.412168
1760985791522,1.3022938,1.9914266,9.298509
1760985791524,1.2789637,1.9968106,9.189037
1760985791526,1.2406785,1.9980069,9.0849495
1760985791528,1.1934203,1.9992033,8.980264
1760985791531,1.1599208,1.9902302,8.8905325
1760985791533,1.1216356,1.9962122,8.790632
1760985791535,1.0983056,1.9920249,8.724232
1760985791537,1.0695918,1.9782661,8.653045
1760985791540,1.0360922,1.9740787,8.567501
1760985791542,1.0067801,1.945963,8.505886
1760985791544,0.95473623,1.9567307,8.449057
1760985791546,0.92602235,1.9477576,8.425129
1760985791549,0.87338024,1.9244276,8.382656
1760985791551,0.8356933,1.9202402,8.387442
1760985791553,0.7926225,1.9166509,8.344969
1760985791555,0.7495517,1.8981066,8.330612
1760985791559,0.6969096,1.8652053,8.340183
1760985791560,0.65922266,1.8801605,8.306684
1760985791562,0.63888365,1.8329022,8.259425
1760985791564,0.5916254,1.8239291,8.25464
1760985791567,0.5814559,1.7808583,8.226524
1760985791569,0.54735816,1.7623138,8.19781
1760985791571,0.5276174,1.7198412,8.17448
1760985791574,0.4941179,1.68694,8.150552
1760985791576,0.50368917,1.68694,8.140981
1760985791578,0.46959144,1.6486548,8.117651
1760985791580,0.44985065,1.6205392,8.079366
1760985791583,0.42592242,1.6019948,8.060822
1760985791585,0.43010986,1.5684953,8.008778
1760985791587,0.424726,1.5349957,7.9423766
1760985791589,0.4103691,1.5349957,7.9040914
1760985791591,0.40498522,1.4871392,7.856833
1760985791594,0.40977088,1.4727824,7.780861
1760985791596,0.40917268,1.439881,7.719246
1760985791598,0.39960137,1.439881,7.6624165
1760985791600,0.39421752,1.4255241,7.6199436
1760985791603,0.40378883,1.4111671,7.5720873
1760985791605,0.4031906,1.4015958,7.5104723
1760985791607,0.4031906,1.3824533,7.463214
1760985791610,0.4127619,1.3968102,7.4063845
1760985791612,0.43609193,1.372882,7.359126
1760985791614,0.4552345,1.3770695,7.301698
1760985791616,0.46959144,1.3722838,7.240083
1760985791619,0.4881358,1.3579268,7.1880393
1760985791621,0.49292147,1.3770695,7.140781
1760985791623,0.5072784,1.3627125,7.1024957
1760985791626,0.5072784,1.3770695,7.064809
1760985791628,0.526421,1.3860425,7.0265236
1760985791630,0.5449654,1.3621143,6.998408
1760985791632,0.5168497,1.3770695,6.969694
1760985791635,0.5312066,1.3866407,6.9224358
1760985791637,0.53599226,1.396212,6.91765
1760985791639,0.5599205,1.4003994,6.879365
1760985791641,0.5557331,1.4338989,6.8602223
1760985791643,0.5796613,1.4578272,6.8410797
1760985791646,0.5988039,1.4524434,6.8225355
1760985791648,0.61854464,1.4811572,6.8081784
1760985791651,0.6376872,1.4955142,6.793822
1760985791653,0.6520442,1.5044873,6.7698936
1760985791655,0.67058855,1.494916,6.7842503
1760985791658,0.6999006,1.5230316,6.7842503
1760985791659,0.7052845,1.5517455,6.7842503
1760985791661,0.7292127,1.5756737,6.774679
1760985791663,0.74835527,1.5894325,6.774679
1760985791666,0.7818548,1.6127625,6.7651076
1760985791668,0.7920243,1.6414764,6.750751
1760985791670,0.8207382,1.6504494,6.736394
1760985791673,0.849452,1.6648064,6.7411795
1760985791675,0.89312106,1.707279,6.6891356
1760985791677,0.9170493,1.7162521,6.6556363
1760985791680,0.9601201,1.7347964,6.650851
1760985791681,0.974477,1.753939,6.6125655
1760985791684,1.0031909,1.7724833,6.579664
1760985791686,1.0133604,1.7964116,6.5605216
1760985791688,1.0091729,1.8257236,6.541379
1760985791691,1.0331012,1.8538394,6.5222363
1760985791693,1.0432707,1.8777676,6.512665
1760985791695,1.038485,1.902294,6.4701924
1760985791698,1.0630114,1.9351953,6.4558353
1760985791700,1.0875379,1.9686948,6.3798633
1760985791702,1.0833504,2.0021944,6.346364
1760985791704,1.11685,2.030908,6.279963
1760985791706,1.1270195,2.0691934,6.213562
1760985791708,1.1413764,2.088336,6.189634
1760985791711,1.1419746,2.1122642,6.1040907
1760985791712,1.1330016,2.1559331,6.0281186
1760985791715,1.1575279,2.2037897,5.966503
1760985791717,1.1629118,2.2229323,5.8857455
1760985791719,1.1491531,2.2474587,5.823532
1760985791722,1.154537,2.2857437,5.7338014
1760985791724,1.1593226,2.2905295,5.6674004
1760985791726,1.1599208,2.3246272,5.5675
1760985791728,1.1790633,2.3485553,5.491528
1760985791731,1.1940185,2.3916261,5.4059844
1760985791733,1.227518,2.4149563,5.3533425
1760985791735,1.2616158,2.4532413,5.267799
1760985791737,1.2759727,2.4771698,5.206184
1760985791740,1.2957134,2.501098,5.1349974
1760985791742,1.3052847,2.5106692,5.087739
1760985791744,1.3244274,2.5292134,5.0685964
1760985791746,1.3298112,2.548356,5.049454
1760985791748,1.3591232,2.5914268,5.0398827
1760985791751,1.3495519,2.6009982,5.0398827
1760985791753,1.3453646,2.6344976,5.0685964
1760985791755,1.3268201,2.673381,5.139185
1760985791758,1.2897314,2.693122,5.1822557
1760985791760,1.2664014,2.7314072,5.2576294
1760985791763,1.2430713,2.760719,5.3623157
1760985791764,1.2436695,2.7990043,5.471189
1760985791767,1.2209377,2.8277183,5.599205
1760985791769,1.2071791,2.870789,5.727221
1760985791771,1.1886346,2.885146,5.864808
1760985791774,1.198206,2.9042885,6.0119667
1760985791776,1.1796615,2.9234312,6.1495543
1760985791779,1.1754742,2.9467611,6.3014984
1760985791780,1.1856437,2.9706893,6.458228
1760985791783,1.1527423,3.0041888,6.628717
1760985791785,1.1623136,3.0083764,6.756733
1760985791787,1.1916257,3.0317063,6.9182487
1760985791789,1.2346965,3.0448668,7.070193
1760985791792,1.2735798,3.1016963,7.1934233
1760985791794,1.3214363,3.114857,7.335796
1760985791796,1.3453646,3.1286156,7.492526
1760985791799,1.3980067,3.1561332,7.630113
1760985791801,1.4362918,3.150151,7.7389865
1760985791803,1.5074782,3.158526,7.8717885
1760985791805,1.5738791,3.161517,7.9477606
1760985791808,1.6737795,3.1645079,8.070991
1760985791810,1.7449659,3.1633115,8.170891
1760985791812,1.8305093,3.14716,8.232507
1760985791814,1.8729819,3.1363924,8.303693
1760985791817,1.9483558,3.0963125,8.398808
1760985791819,2.0105693,3.1046875,8.4604225
1760985791821,2.0811574,3.0699914,8.550752
1760985791824,2.1379871,3.0640094,8.659625
1760985791826,2.2139592,3.0526435,8.764311
1760985791828,2.265405,3.0275187,8.835498
1760985791830,2.289333,3.0173492,8.963513
1760985791833,2.3365912,2.9970105,9.025727
1760985791835,2.393421,2.981457,9.158528
1760985791837,2.4263222,2.9659038,9.272188
1760985791839,2.4831517,2.9599216,9.404989
1760985791841,2.5202405,2.9108686,9.519247
1760985791844,2.548356,2.891128,9.661619
1760985791846,2.6009982,2.8893332,9.803992
1760985791848,2.629114,2.8791637,9.922438
1760985791850,2.6386852,2.8689942,10.051051
1760985791854,2.6428726,2.8498518,10.169497
1760985791855,2.6620152,2.8390841,10.2927265
1760985791857,2.6620152,2.8342984,10.439885
1760985791860,2.6620152,2.8342984,10.530214
1760985791862,2.6811578,2.8432715,10.6205435
1760985791864,2.6757739,2.8187451,10.715658
1760985791867,2.6757739,2.8235307,10.79163
1760985791869,2.7003005,2.842075,10.858031
1760985791871,2.690131,2.8037899,10.910075
1760985791873,2.690131,2.8229325,10.97169
1760985791875,2.6997023,2.8079774,11.00519
1760985791878,2.7044878,2.8079774,11.038091
1760985791880,2.690131,2.812763,11.07159
1760985791882,2.6907291,2.82712,11.104491
1760985791884,2.7003005,2.8366911,11.118849
1760985791886,2.7092733,2.8223343,11.1427765
1760985791889,2.6949165,2.8175488,11.1523485
1760985791891,2.7044878,2.812763,11.1427765
1760985791893,2.728416,2.8121648,11.114063
1760985791896,2.7379873,2.8169506,11.09492
1760985791898,2.737389,2.8121648,11.076376
1760985791900,2.7421749,2.797808,11.009975
1760985791902,2.7379873,2.82712,10.962119
1760985791905,2.7852457,2.821138,10.914861
1760985791907,2.7762725,2.8456643,10.867004
1760985791909,2.78046,2.836093,10.829317
1760985791911,2.8049862,2.85045,10.748559
1760985791914,2.8241289,2.8689942,10.677373
1760985791916,2.8337002,2.8689942,10.6205435
1760985791918,2.8719854,2.9072795,10.525429
1760985791920,2.853441,2.917449,10.459028
1760985791922,2.8869405,2.926422,10.402198
1760985791925,2.8917263,2.955136,10.31187
1760985791927,2.9018958,2.9838498,10.245468
1760985791929,2.89711,2.984448,10.155139
1760985791931,2.9162526,2.998805,10.083953
1760985791934,2.9168508,3.0275187,9.993624
1760985791936,2.926422,3.0514472,9.903295
1760985791938,2.9318058,3.080759,9.812965
1760985791941,2.9084759,3.1004999,9.736994
1760985791943,2.937788,3.138187,9.680164
1760985791944,2.9192436,3.1728828,9.589835
1760985791947,2.9096723,3.182454,9.52822
1760985791949,2.8959136,3.2165518,9.447462
1760985791952,2.8917263,3.231507,9.366704
1760985791954,2.8923244,3.2650065,9.300303
1760985791956,2.8731818,3.2847474,9.229117
1760985791959,2.85045,3.3236306,9.18126
1760985791961,2.85045,3.3379877,9.129216
1760985791963,2.8277183,3.3864422,9.086145
1760985791965,2.818147,3.3822548,9.010174
1760985791968,2.78046,3.4025939,8.938987
1760985791970,2.781058,3.4408789,8.872586
1760985791972,2.7816563,3.4695928,8.815757
1760985791974,2.772085,3.4893336,8.7679
1760985791976,2.7637103,3.542574,8.715857
1760985791979,2.778067,3.5569308,8.668
1760985791981,2.7738798,3.5760734,8.620742
1760985791983,2.7601209,3.610171,8.559127
1760985791985,2.7559335,3.6340995,8.516056
1760985791987,2.7798617,3.667599,8.468798
1760985791990,2.7756743,3.6771703,8.411369
1760985791992,2.7852457,3.6867416,8.364112
1760985791994,2.7906294,3.7304106,8.302496
1760985791997,2.8049862,3.7250266,8.240881
1760985791999,2.8145576,3.7298124,8.207381
1760985792002,2.8426733,3.720241,8.13141
1760985792004,2.8666015,3.7339997,8.107481
1760985792006,2.8809586,3.7483566,8.050652
1760985792008,2.9048867,3.7477584,8.012965
1760985792010,2.9186454,3.738187,7.9746795
1760985792013,2.9234312,3.738187,7.9274216
1760985792015,2.9431717,3.7716868,7.893922
1760985792017,2.9808588,3.7615173,7.893922
1760985792020,2.989832,3.7369907,7.870592
1760985792022,2.9952157,3.746562,7.8610206
1760985792024,2.9952157,3.7615173,7.8370924
1760985792026,3.0233314,3.7417765,7.870592
1760985792028,3.0376883,3.760321,7.856235
1760985792031,3.0472596,3.7555351,7.8610206
1760985792033,3.0233314,3.7411783,7.908279
1760985792036,3.0035906,3.7034912,7.9513497
1760985792038,2.9276185,3.699902,7.9657063
1760985792039,2.9653056,3.6897326,7.9561353
1760985792042,3.03709,3.7220356,7.9746795
1760985792044,3.0855448,3.7686956,7.998608
1760985792047,3.0903304,3.7591243,8.060223
1760985792048,3.12383,3.7633119,8.126624
1760985792051,3.1142588,3.7633119,8.193025
1760985792053,3.1232316,3.7292142,8.23131
1760985792055,3.118446,3.7292142,8.302496
1760985792058,3.103491,3.6957145,8.359326
1760985792060,3.103491,3.7100716,8.416156
1760985792062,3.0939198,3.676572,8.464012
1760985792064,3.0885358,3.6526437,8.520842
1760985792066,3.0646076,3.6287155,8.5728855
1760985792069,3.0448668,3.6047873,8.606385
1760985792071,3.054438,3.595216,8.615956
1760985792073,3.0873394,3.565904,8.639884
1760985792075,3.0825539,3.565904,8.682357
1760985792078,3.07717,3.551547,8.711071
1760985792080,3.0819557,3.5365918,8.748757
1760985792083,3.1106694,3.545565,8.782257
1760985792085,3.1154552,3.545565,8.834301
1760985792087,3.114857,3.531208,8.843872
1760985792089,3.1627133,3.5300117,8.89113
1760985792091,3.181856,3.5587256,8.915059
1760985792094,3.2009985,3.534199,8.967103
1760985792096,3.2434711,3.5383866,8.967103
1760985792098,3.2434711,3.5234313,9.005388
1760985792101,3.2620156,3.5090744,9.023932
1760985792103,3.2715867,3.5132618,9.052647
1760985792105,3.2715867,3.498905,9.08136
1760985792107,3.2709885,3.4749768,9.076574
1760985792110,3.2703903,3.4462628,9.119047
1760985792112,3.246462,3.417549,9.110074
1760985792114,3.2273195,3.418147,9.110074
1760985792116,3.2362926,3.4037902,9.076574
1760985792119,3.2362926,3.394219,9.076574
1760985792121,3.2410784,3.3792639,9.053245
1760985792123,3.2602208,3.3936207,9.071789
1760985792125,3.2889347,3.397808,9.057432
1760985792128,3.2644083,3.3792639,9.057432
1760985792130,3.2979078,3.3786657,9.0341015
1760985792133,3.3026934,3.3882368,9.038888
1760985792135,3.3266218,3.3876386,9.029316
1760985792137,3.3122647,3.39721,9.0341015
1760985792139,3.3026934,3.397808,9.029316
1760985792141,3.3032916,3.4073794,9.038888
1760985792143,3.2937205,3.4217365,9.057432
1760985792146,3.3038898,3.4504502,9.100503
1760985792148,3.2805598,3.4797623,9.08136
1760985792151,3.2853456,3.4941192,9.0951185
1760985792153,3.2763724,3.5132618,9.0951185
1760985792155,3.257828,3.5234313,9.109476
1760985792157,3.257828,3.5330026,9.0951185
1760985792159,3.2386854,3.5473595,9.04786
1760985792162,3.2249267,3.5623147,9.033504
1760985792164,3.2201412,3.5671003,9.019147
1760985792166,3.205784,3.5676985,9.023932
1760985792168,3.2297122,3.557529,9.028718
1760985792171,3.211168,3.571886,9.038289
1760985792173,3.211168,3.591627,9.033504
1760985792175,3.196811,3.5676985,9.080762
1760985792177,3.2009985,3.562913,9.085547
1760985792179,3.2153554,3.5671003,9.080762
1760985792181,3.2159536,3.571886,9.138189
1760985792184,3.2392836,3.5712879,9.16152
1760985792186,3.2440693,3.566502,9.171091
1760985792188,3.263212,3.5563326,9.199805
1760985792191,3.2775688,3.565904,9.195019
1760985792193,3.286542,3.551547,9.199805
1760985792195,3.31047,3.5557344,9.232706
1760985792197,3.3481572,3.5551362,9.247063
1760985792200,3.3631122,3.5641093,9.247063
1760985792203,3.353541,3.5790644,9.242277
1760985792204,3.3870404,3.5928233,9.256635
1760985792206,3.3966117,3.611966,9.223135
1760985792209,3.4301112,3.6161532,9.213564
1760985792213,3.4402807,3.6352959,9.185448
1760985792213,3.478566,3.6634114,9.151948
1760985792215,3.4971104,3.6532419,9.166306
1760985792217,3.5030923,3.6963127,9.113664
1760985792219,3.5318062,3.7154553,9.090333
1760985792222,3.522833,3.7680974,9.042477
1760985792224,3.5324044,3.758526,9.032906
1760985792226,3.5473595,3.7968113,8.985647
1760985792229,3.557529,3.8398821,8.976076
1760985792231,3.5294135,3.859623,8.956933
1760985792233,3.5294135,3.8691943,8.961719
1760985792236,3.5012977,3.8793638,8.976076
1760985792237,3.4923246,3.9230328,8.956933
1760985792240,3.4881372,3.946961,8.970692
1760985792242,3.4791641,3.9804604,8.942576
1760985792244,3.470191,4.009773,8.937791
1760985792246,3.4887354,3.999603,8.933005
1760985792249,3.4654055,4.0145583,8.933005
1760985792251,3.4654055,4.009773,8.909077
1760985792254,3.441477,4.0151563,8.87139
1760985792256,3.4325042,4.0151563,8.852247
1760985792258,3.3990045,4.0013976,8.809176
1760985792260,3.365505,3.987639,8.781061
1760985792262,3.3559337,4.0073795,8.742776
1760985792265,3.3511481,4.002594,8.733803
1760985792267,3.3463624,3.9978085,8.709874
1760985792269,3.3702908,3.9978085,8.685946
1760985792271,3.388835,3.9780676,8.676374
1760985792274,3.3840494,3.9780676,8.676374
1760985792276,3.3792639,3.9780676,8.667402
1760985792279,3.397808,3.9684963,8.681161
1760985792280,3.4073794,3.94397,8.685946
1760985792283,3.4013975,3.9008992,8.667402
1760985792285,3.4205399,3.8961134,8.6961155
1760985792287,3.429513,3.8524444,8.686544
1760985792290,3.4247274,3.842873,8.729017
1760985792292,3.4241292,3.8093736,8.762517
1760985792295,3.437888,3.7896328,8.772088
1760985792296,3.4325042,3.7417765,8.819346
1760985792300,3.4325042,3.746562,8.843274
1760985792300,3.4462628,3.7124643,8.881559
1760985792303,3.4366915,3.7076788,8.914461
1760985792306,3.449852,3.659224,8.985647
1760985792308,3.463611,3.6394832,9.028718
1760985792310,3.4540396,3.6251264,9.090333
1760985792312,3.4869409,3.5958142,9.156734
1760985792314,3.482155,3.586243,9.218349
1760985792316,3.5001013,3.5521452,9.280562
1760985792319,3.5096726,3.53719,9.323035
1760985792321,3.5096726,3.5324044,9.366106
1760985792323,3.5521452,3.5270207,9.460623
1760985792325,3.5473595,3.531208,9.513265
1760985792328,3.5808592,3.5210385,9.570094
1760985792330,3.6000016,3.5252259,9.631709
1760985792333,3.62393,3.5443685,9.698111
1760985792335,3.6574295,3.5479577,9.735797
1760985792337,3.6670008,3.557529,9.802198
1760985792339,3.690929,3.5808592,9.816555
1760985792342,3.7005002,3.5904303,9.863813
1760985792344,3.7106698,3.6000016,9.916455
1760985792346,3.6867416,3.6143587,9.925428
1760985792348,3.7010984,3.6143587,9.949356
1760985792351,3.6915271,3.6000016,10.020543
1760985792353,3.6867416,3.5856447,10.039685
1760985792355,3.667599,3.5856447,10.086944
1760985792357,3.6532419,3.5760734,10.086944
1760985792360,3.6340995,3.5766716,10.101301
1760985792362,3.638885,3.586243,10.125229
1760985792364,3.6245282,3.586243,10.110872
1760985792366,3.6107693,3.5964124,10.120443
1760985792368,3.6340995,3.5814574,10.101301
1760985792371,3.6532419,3.6005998,10.091729
1760985792373,3.6394832,3.6053855,10.077373
1760985792375,3.667599,3.595216,10.086944
1760985792378,3.6723845,3.6047873,10.086944
1760985792380,3.6580276,3.595216,10.072587
1760985792382,3.6723845,3.5808592,10.072587
1760985792384,3.6197424,3.586841,10.044471
1760985792386,3.6382868,3.5383866,10.030114
1760985792389,3.62393,3.5240295,10.01157
1760985792391,3.5754752,3.4767714,9.987641
1760985792393,3.5563326,3.482155,9.954741
1760985792396,3.522833,3.4540396,9.935597
1760985792398,3.502494,3.3870404,9.940384
1760985792400,3.4594233,3.354139,9.959526
1760985792403,3.4205399,3.3260236,9.945169
1760985792405,3.3631122,3.2937205,9.973883
1760985792407,3.324827,3.260819,9.945767
1760985792409,3.295515,3.2177482,9.973883
1760985792411,3.2333016,3.1950164,9.98824
1760985792414,3.1800613,3.1477582,9.974482
1760985792416,3.1369905,3.114857,9.979267
1760985792418,3.1130621,3.1154552,9.997811
1760985792420,3.0885358,3.0819557,10.007382
1760985792423,3.0640094,3.0346973,10.060024
1760985792425,3.0155547,2.973082,10.0983095
1760985792427,2.9629126,2.9306095,10.140782
1760985792429,2.9282167,2.8731818,10.169497
1760985792432,2.8803604,2.8354948,10.19821
1760985792434,2.841477,2.7738798,10.250254
1760985792436,2.8073792,2.7314072,10.274182
1760985792439,2.7684958,2.678765,10.322039
1760985792441,2.720041,2.641078,10.359726
1760985792443,2.6913273,2.603391,10.388439
1760985792445,2.676372,2.5603201,10.426724
1760985792447,2.6285157,2.541776,10.478768
1760985792450,2.6129622,2.4891338,10.493126
1760985792452,2.5842485,2.4508486,10.549955
1760985792454,2.5118656,2.3946173,10.536197
1760985792457,2.4783661,2.400001,10.521839
1760985792459,2.5022943,2.3952155,10.517054
1760985792461,2.4885356,2.4095724,10.517054
1760985792463,2.4735804,2.3958137,10.493126
1760985792465,2.4687948,2.4005992,10.479366
1760985792467,2.4502504,2.4155545,10.441082
1760985792470,2.440679,2.4155545,10.393824
1760985792472,2.4071796,2.411367,10.317851
1760985792474,2.3832514,2.388037,10.237094
1760985792477,2.3455644,2.408376,10.175478
1760985792479,2.2935205,2.4047868,10.089935
1760985792481,2.2498515,2.376671,10.009177
1760985792483,2.2217357,2.3916261,9.876375
1760985792486,2.1744776,2.3928227,9.786046
1760985792488,2.14038,2.379662,9.662816
1760985792490,2.0979073,2.385046,9.563514
1760985792492,2.059622,2.3623142,9.454042
1760985792495,2.035694,2.3724837,9.340384
1760985792497,1.9788643,2.388037,9.22134
1760985792499,1.945963,2.3838496,9.107681
1760985792501,1.9118652,2.3611178,8.998808
1760985792504,1.8741783,2.3521447,8.865408
1760985792506,1.82692,2.367698,8.794222
1760985792508,1.8023937,2.3539393,8.690134
1760985792510,1.7647067,2.3455644,8.595019
1760985792513,1.7312071,2.3365912,8.4909315
1760985792515,1.6743777,2.361716,8.371888
1760985792517,1.6169499,2.353341,8.2678
1760985792519,1.5690935,2.3258235,8.158329
1760985792522,1.5122639,2.32702,8.073383
1760985792524,1.4410775,2.333002,7.9926257
1760985792526,1.3980067,2.329413,7.9070826
1760985792528,1.3316058,2.321038,7.8311105
1760985792531,1.2502499,2.3084757,7.7551384
1760985792533,1.1934203,2.3192434,7.6743803
1760985792536,1.1036894,2.3258235,7.6031938
1760985792538,1.0366904,2.3174486,7.5176506
1760985792540,0.9613165,2.3336003,7.460821
1760985792542,0.87996054,2.3252254,7.3896346
1760985792544,0.79920274,2.312663,7.285547
1760985792547,0.72323066,2.3282163,7.223932
1760985792549,0.62811595,2.3300111,7.1617184
1760985792551,0.53359944,2.3419752,7.1048884
1760985792553,0.42951167,2.3629124,7.038488
1760985792555,0.36311084,2.3832514,6.9529443
1760985792559,0.27756742,2.3898315,6.896115
1760985792561,0.19740787,2.4059832,6.8345
1760985792562,0.12622139,2.4071796,6.748956
1760985792565,0.050249275,2.4281168,6.6969123
1760985792567,-0.011365907,2.4340987,6.6017976
1760985792569,-0.030508488,2.4394827,6.52104
1760985792571,-0.08255238,2.4311078,6.4211397
1760985792574,-0.12981063,2.4514468,6.3403816
1760985792576,-0.14416756,2.4658036,6.273981
1760985792578,-0.15314065,2.466402,6.193223
1760985792580,-0.17706887,2.457429,6.0747786
1760985792582,-0.15792629,2.495714,6.0227346
1760985792585,-0.16749759,2.4771698,5.9324055
1760985792587,-0.18185452,2.472384,5.823532
1760985792589,-0.19142582,2.477768,5.7427745
1760985792593,-0.2105684,2.4735804,5.64766
1760985792594,-0.18723837,2.4538395,5.5483575
1760985792597,-0.19202402,2.4544377,5.4580283
1760985792599,-0.16869399,2.4394827,5.386842
1760985792601,-0.11246266,2.391028,5.28754
1760985792603,-0.089132644,2.376073,5.1924253
1760985792605,-0.032303106,2.3371894,5.083552
1760985792607,0.014356935,2.2983062,5.017151
1760985792610,0.098703936,2.2534406,4.9363933
1760985792612,0.14596218,2.2289143,4.874778
1760985792615,0.21655045,2.1798615,4.846662
1760985792617,0.29132617,2.1158533,4.7946186
1760985792619,0.37627137,2.0811574,4.785047
1760985792621,0.4941179,2.0500507,4.7419763
1760985792624,0.6029913,2.0051854,4.77069
1760985792626,0.7112665,1.9453648,4.7377887
1760985792628,0.79501534,1.8669999,4.761717
1760985792630,0.89371926,1.7886349,4.7712884
1760985792632,0.9876375,1.7336,4.814359
1760985792635,1.0773684,1.6935202,4.88076
1760985792637,1.1850454,1.6097715,4.9375896
1760985792639,1.2891332,1.579263,4.995017
1760985792641,1.4117653,1.524228,5.0662036
1760985792643,1.5248263,1.4739788,5.1661043
1760985792646,1.628914,1.4380864,5.2420764
1760985792648,1.7234305,1.4219348,5.3180485
1760985792650,1.817947,1.3818551,5.408377
1760985792653,1.8933209,1.3657036,5.502894
1760985792655,2.00698,1.3298112,5.593223
1760985792657,2.0871396,1.2897314,5.6739807
1760985792659,2.1337996,1.2550355,5.759524
1760985792662,2.2199411,1.2628121,5.816354
1760985792664,2.3186452,1.2227324,5.8881383
1760985792666,2.43709,1.2059826,5.982655
1760985792668,2.536392,1.1706885,6.0777693
1760985792671,2.612364,1.1449656,6.17767
1760985792673,2.6829524,1.1288141,6.281758
1760985792676,2.7397819,1.1132607,6.410372
1760985792677,2.801397,1.1120644,6.538388
1760985792680,2.8444679,1.1252248,6.6568327
1760985792682,2.8253253,1.1108679,6.7615185
1760985792684,2.858825,1.1246266,6.8799634
1760985792687,2.89711,1.1186446,6.9559355
1760985792689,2.9210382,1.1467602,7.0504518
1760985792691,2.9736803,1.146162,7.1359954
1760985792693,3.0215368,1.1832508,7.25444
1760985792695,3.0747771,1.2299109,7.344769
1760985792698,3.1465619,1.262214,7.425527
1760985792700,3.1944182,1.2897314,7.548757
1760985792703,3.190829,1.3375878,7.6624165
1760985792705,3.2009985,1.3854443,7.795218
1760985792706,3.2446675,1.4177474,7.913663
1760985792709,3.2877383,1.4452649,8.060822
1760985792710,3.2979078,1.4931214,8.231908
1760985792713,3.3367913,1.5110675,8.407183
1760985792715,3.333202,1.5732809,8.582457
1760985792717,3.3385859,1.6061822,8.772686
1760985792719,3.385844,1.6193427,8.952746
1760985792722,3.4007993,1.6570296,9.099904
1760985792724,3.4013975,1.6713866,9.260822
1760985792726,3.4396825,1.6893328,9.427123
1760985792729,3.4779677,1.7126628,9.564711
1760985792731,3.5168512,1.7497516,9.735199
1760985792733,3.5742788,1.777269,9.896714
1760985792735,3.626921,1.7904296,10.05823
1760985792738,3.6610186,1.8275183,10.195817
1760985792740,3.7040894,1.8604196,10.356734
1760985792742,3.7525442,1.9070797,10.484751
1760985792744,3.7770705,1.9304097,10.617552
1760985792747,3.8297126,1.9579271,10.746166
1760985792749,3.867998,1.9908284,10.887941
1760985792752,3.8931224,2.0380867,11.011171
1760985792754,3.935595,2.0225334,11.106286
1760985792756,3.9457645,2.0554347,11.201401
1760985792758,3.979264,2.0979073,11.286346
1760985792760,4.0037904,2.126621,11.367104
1760985792763,4.0331025,2.178665,11.4287195
1760985792765,4.057629,2.2019951,11.4903345
1760985792767,4.0773697,2.254039,11.542378
1760985792769,4.087539,2.306681,11.6135645
1760985792772,4.1030927,2.3641088,11.665608
1760985792774,4.0995035,2.4215364,11.722438
1760985792776,4.094718,2.4502504,11.7463665
1760985792779,4.0911283,2.4939194,11.793625
1760985792781,4.0923247,2.5561328,11.82174
1760985792783,4.0737805,2.594418,11.845669
1760985792785,4.0366917,2.6626134,11.854642
1760985792787,4.0091743,2.7206392,11.9019
1760985792789,3.9870408,2.797808,11.892328
1760985792792,3.9212382,2.8277183,11.921042
1760985792794,3.8650067,2.8863423,11.930016
1760985792796,3.8285162,2.9587252,11.953943
1760985792799,3.7818563,3.0029924,11.94856
1760985792801,3.7064822,3.057429,11.943774
1760985792803,3.650849,3.144767,11.943774
1760985792806,3.5856447,3.1986058,11.953345
1760985792808,3.5198421,3.2572298,11.938989
1760985792810,3.4540396,3.2823544,11.938989
1760985792813,3.4121652,3.3409786,11.952747
1760985792815,3.365505,3.3852458,11.933605
1760985792817,3.347559,3.4426737,11.952747
1760985792819,3.31047,3.5060835,11.96172
1760985792822,3.315854,3.5443685,11.966506
1760985792823,3.2787652,3.5928233,11.971292
1760985792826,3.2602208,3.6077783,11.985648
1760985792828,3.275176,3.6604204,11.971292
1760985792831,3.237489,3.694518,11.96172
1760985792833,3.257828,3.7471602,11.947364
1760985792835,3.2769706,3.7561333,11.942577
1760985792837,3.2961133,3.7561333,11.923435
1760985792839,3.324827,3.784249,11.88515
1760985792841,3.3385859,3.769892,11.852249
1760985792844,3.339184,3.784249,11.809178
1760985792846,3.3720853,3.7836509,11.776277
1760985792848,3.3768709,3.7692938,11.733804
1760985792851,3.4097722,3.7692938,11.681162
1760985792853,3.4432719,3.7591243,11.6339035
1760985792855,3.4522448,3.7543387,11.596217
1760985792857,3.5048869,3.757928,11.54836
1760985792860,3.5042887,3.7483566,11.472388
1760985792862,3.5324044,3.7292142,11.434701
1760985792864,3.542574,3.7483566,11.363515
1760985792867,3.551547,3.7292142,11.292328
1760985792868,3.5844483,3.7094734,11.206785
1760985792871,3.5844483,3.6903307,11.135598
1760985792873,3.612564,3.6801612,11.045868
1760985792875,3.6167514,3.6664026,10.945967
1760985792878,3.6263227,3.6568313,10.8556385
1760985792880,3.6448672,3.641876,10.798809
1760985792882,3.6496527,3.6323047,10.718051
1760985792885,3.6394832,3.618546,10.65165
1760985792887,3.6400814,3.6233318,10.575678
1760985792889,3.629912,3.6047873,10.514063
1760985792891,3.6107693,3.5808592,10.447661
1760985792893,3.6011982,3.5814574,10.386046
1760985792896,3.5820556,3.5671003,10.338788
1760985792898,3.5766716,3.562913,10.253245
1760985792900,3.5671003,3.5437703,10.172487
1760985792903,3.5473595,3.5156546,10.106087
1760985792905,3.5467613,3.4869409,10.058828
1760985792907,3.5377884,3.4971104,10.001999
1760985792909,3.53719,3.473182,9.940384
1760985792912,3.5180476,3.449852,9.859626
1760985792914,3.5030923,3.411567,9.788439
1760985792917,3.493521,3.4217365,9.726824
1760985792921,3.4833515,3.3930225,9.636495
1760985792921,3.4546378,3.3649068,9.556335
1760985792923,3.4450665,3.365505,9.489336
1760985792925,3.4301112,3.3415768,9.442079
1760985792927,3.4534414,3.3224342,9.385248
1760985792929,3.4342988,3.2841492,9.318848
1760985792932,3.4241292,3.2554352,9.290732
1760985792934,3.4241292,3.2560334,9.233903
1760985792937,3.4139597,3.2416766,9.176475
1760985792939,3.399603,3.2231321,9.110074
1760985792940,3.4133615,3.1890345,9.048459
1760985792943,3.4037902,3.1752756,9.005986
1760985792945,3.4127634,3.1555347,8.968299
1760985792947,3.4169507,3.141178,8.897113
1760985792950,3.4067812,3.1082766,8.840283
1760985792952,3.39721,3.0795627,8.787642
1760985792954,3.3732817,3.0801609,8.740383
1760985792957,3.3870404,3.065804,8.678768
1760985792959,3.3439696,3.0376883,8.641081
1760985792961,3.3296127,3.0382864,8.579466
1760985792963,3.339184,3.0478578,8.545966
1760985792965,3.3439696,3.0430722,8.479566
1760985792968,3.3296127,3.0287154,8.422736
1760985792970,3.31047,3.034099,8.389236
1760985792974,3.281158,2.986841,8.313264
1760985792975,3.281158,2.9820552,8.270791
1760985792977,3.2620156,2.973082,8.233105
1760985792980,3.2524443,2.973082,8.194819
1760985792982,3.1998022,2.9455647,8.147561
1760985792984,3.1998022,2.9359934,8.118847
1760985792987,3.1752756,2.9120653,8.081161
1760985792988,3.14716,2.9222345,8.081161
1760985792990,3.1375887,2.922833,8.033902
1760985792993,3.1190443,2.9425735,7.995617
1760985792996,3.1088748,2.9186454,7.943573
1760985792998,3.0909286,2.9671001,7.9148593
1760985792999,3.071188,2.9431717,7.8723865
1760985793001,3.056831,2.9389844,7.825128
1760985793004,3.0616167,2.9437702,7.7772717
1760985793006,3.080759,2.9240294,7.7677007
1760985793008,3.0664022,2.9198418,7.7156568
1760985793010,3.03709,2.906083,7.663613
1760985793013,3.0275187,2.8869405,7.630113
1760985793015,3.0275187,2.882155,7.6259255
1760985793017,3.0323045,2.8773692,7.578069
1760985793020,3.0179477,2.8779674,7.5260253
1760985793022,3.0077782,2.8540392,7.5260253
1760985793024,2.998805,2.8642087,7.4787674
1760985793027,2.970091,2.8594232,7.469196
1760985793029,2.9892337,2.8642087,7.4548388
1760985793031,2.9886355,2.8498518,7.4452677
1760985793033,2.9886355,2.8307092,7.4309106
1760985793036,2.9790642,2.845066,7.402795
1760985793038,2.9886355,2.8402805,7.3980093
1760985793040,2.992823,2.806781,7.3836527
1760985793042,2.9880373,2.8115666,7.393224
1760985793044,2.9832516,2.7972097,7.4123664
1760985793047,3.001796,2.7918258,7.431509
1760985793049,3.0065815,2.7918258,7.431509
1760985793051,2.9826534,2.778067,7.4644103
1760985793054,2.9688947,2.778067,7.4883385
1760985793056,2.9922247,2.777469,7.5122666
1760985793058,2.9682965,2.7589245,7.5403824
1760985793060,2.9539394,2.7397819,7.5643106
1760985793063,2.9629126,2.7296124,7.6019974
1760985793065,2.9820552,2.7248268,7.6163545
1760985793067,2.986841,2.7242286,7.6594253
1760985793070,3.0293136,2.7188447,7.6827555
1760985793071,3.0580273,2.7086751,7.7066836
1760985793074,3.1052856,2.6979074,7.744969
1760985793076,3.1483564,2.7212377,7.7587276
1760985793079,3.167499,2.7212377,7.773084
1760985793081,3.1956146,2.7302105,7.797013
1760985793083,3.2201412,2.748755,7.7874413
1760985793085,3.2434711,2.7385855,7.77787
1760985793088,3.2482567,2.7481568,7.773084
1760985793090,3.2769706,2.7529426,7.7682986
1760985793093,3.2913275,2.7619154,7.749156
1760985793095,3.31047,2.75713,7.753942
1760985793097,3.3529427,2.7613173,7.7347994
1760985793098,3.3672996,2.7655048,7.763513
1760985793102,3.414558,2.7451658,7.792227
1760985793104,3.4432719,2.7589245,7.825128
1760985793106,3.4767714,2.7535408,7.858628
1760985793108,3.5048869,2.7433712,7.944171
1760985793110,3.5288153,2.7619154,8.005786
1760985793112,3.5479577,2.7469604,8.119446
1760985793115,3.571886,2.7655048,8.2145605
1760985793117,3.5814574,2.7655048,8.304889
1760985793119,3.5814574,2.7649066,8.413763
1760985793121,3.5958142,2.7547371,8.565707
1760985793123,3.6143587,2.7445676,8.684152
1760985793126,3.6287155,2.7343981,8.860024
1760985793128,3.6664026,2.7188447,9.011969
1760985793130,3.6897326,2.6895328,9.163913
1760985793132,3.6933217,2.6315067,9.320642
1760985793135,3.7118661,2.6015964,9.482158
1760985793137,3.735196,2.5722845,9.624531
1760985793139,3.7250266,2.5142584,9.752547
1760985793141,3.7531424,2.4945176,9.904491
1760985793144,3.7710886,2.440679,10.018748
1760985793146,3.798606,2.3826532,10.137193
1760985793148,3.8261235,2.3144577,10.218549
1760985793151,3.8536408,2.2755744,10.327422
1760985793153,3.8763726,2.1978076,10.422537
1760985793155,3.9038901,2.1302104,10.484751
1760985793157,3.9218364,2.091327,10.565509
1760985793160,3.9637108,2.0279171,10.59841
1760985793162,3.9870408,1.9890338,10.669596
1760985793164,4.019344,1.939981,10.722239
1760985793166,4.0091743,1.9016958,10.788639
1760985793169,4.0414777,1.8532411,10.817353
1760985793171,4.060022,1.8143578,10.869397
1760985793173,4.063611,1.7617157,10.874781
1760985793175,4.1150565,1.7174485,10.869995
1760985793178,4.1383867,1.6977077,10.836495
1760985793180,4.1521454,1.6588243,10.8556385
1760985793182,4.165904,1.6253247,10.813166
1760985793184,4.1892343,1.5864414,10.770693
1760985793187,4.197609,1.538585,10.727622
1760985793189,4.220939,1.5140585,10.680364
1760985793192,4.272983,1.4895321,10.613963
1760985793194,4.281956,1.4608182,10.566705
1760985793196,4.295715,1.4554343,10.514661
1760985793198,4.3148575,1.4506488,10.485947
1760985793200,4.2855453,1.4129617,10.419546
1760985793203,4.2568316,1.4039887,10.372288
1760985793205,4.261617,1.4039887,10.291531
1760985793206,4.228716,1.4141582,10.196416
1760985793208,4.228716,1.4195421,10.092328
1760985793211,4.2000017,1.4249259,9.997213
1760985793214,4.2000017,1.4249259,9.906884
1760985793216,4.2047877,1.4303098,9.802796
1760985793217,4.1814575,1.4356936,9.683753
1760985793220,4.1671004,1.4452649,9.6173525
1760985793222,4.162315,1.4410775,9.54138
1760985793225,4.1671004,1.4458631,9.470194
1760985793227,4.1383867,1.43689,9.403793
1760985793229,4.1144586,1.4374882,9.332606
1760985793231,4.094718,1.3998013,9.223733
1760985793233,4.085745,1.4093726,9.171689
1760985793235,4.071388,1.4243277,9.1052885
1760985793238,4.0570307,1.4009976,9.038888
1760985793240,4.0474596,1.4009976,8.948559
1760985793242,4.0235314,1.3968102,8.882157
1760985793245,3.9948175,1.3926228,8.834899
1760985793247,3.9756749,1.3884354,8.758927
1760985793249,3.923631,1.3848461,8.692527
1760985793251,3.894917,1.39023,8.630313
1760985793254,3.8524444,1.4153546,8.578269
1760985793256,3.8380876,1.4057833,8.516654
1760985793259,3.7998023,1.387239,8.459825
1760985793261,3.7716868,1.4123635,8.39821
1760985793263,3.7477584,1.4027922,8.355139
1760985793266,3.7244284,1.4374882,8.26481
1760985793267,3.7010984,1.4524434,8.241479
1760985793270,3.6873398,1.4715859,8.175078
1760985793272,3.6777685,1.4769697,8.117651
1760985793274,3.6352959,1.4973087,8.041678
1760985793277,3.621537,1.535594,7.975278
1760985793279,3.5886357,1.5463617,7.913663
1760985793281,3.551547,1.5804594,7.8520474
1760985793283,3.5473595,1.6193427,7.7850485
1760985793285,3.5042887,1.6247265,7.713862
1760985793288,3.4863427,1.66361,7.647461
1760985793290,3.4672,1.6737795,7.5906315
1760985793292,3.4396825,1.7228323,7.519445
1760985793294,3.4259238,1.7563318,7.4620175
1760985793297,3.411567,1.7665013,7.414759
1760985793299,3.388835,1.8053846,7.3627152
1760985793301,3.3894334,1.8442681,7.314859
1760985793303,3.3804603,1.8729819,7.277172
1760985793306,3.35713,1.902294,7.2532434
1760985793308,3.3385859,1.931606,7.2245297
1760985793310,3.3296127,1.975275,7.2149587
1760985793312,3.3355947,2.0279171,7.2101727
1760985793315,3.345166,2.027319,7.2101727
1760985793317,3.3403804,2.0518453,7.2149587
1760985793319,3.336193,2.0757737,7.233503
1760985793322,3.365505,2.1038892,7.2670026
1760985793324,3.3702908,2.108675,7.3190465
1760985793326,3.3702908,2.1230319,7.3806615
1760985793328,3.379862,2.1272194,7.4045897
1760985793331,3.394219,2.1224337,7.423134
1760985793333,3.4085758,2.1314068,7.503892
1760985793335,3.4223347,2.1020947,7.556534
1760985793337,3.4456646,2.0775683,7.622935
1760985793340,3.455236,2.0775683,7.6797643
1760985793342,3.4546378,2.0482562,7.7557364
1760985793344,3.4737802,2.0285153,7.7940216
1760985793347,3.4630125,1.9806589,7.8035927
1760985793349,3.4773695,1.966302,7.8556366
1760985793351,3.4953158,1.922633,7.8987074
1760985793353,3.4809587,1.8939191,7.926823
1760985793355,3.5084763,1.8598214,7.9980097
1760985793358,3.498905,1.8454645,8.017152
1760985793360,3.507878,1.8257236,8.069795
1760985793362,3.5072799,1.7922242,8.126624
1760985793364,3.502494,1.7778672,8.183454
1760985793367,3.5162528,1.7485552,8.245069
1760985793369,3.5210385,1.7336,8.29771
1760985793371,3.5204403,1.7240287,8.340183
1760985793374,3.5533416,1.7042879,8.430512
1760985793376,3.562913,1.7084754,8.5112705
1760985793378,3.5772698,1.6983058,8.592028
1760985793380,3.5820556,1.683949,8.658429
1760985793382,3.571886,1.669592,8.734401
1760985793384,3.5766716,1.6737795,8.810373
1760985793387,3.5527434,1.6504494,8.881559
1760985793389,3.5569308,1.6211374,8.971889
1760985793391,3.5377884,1.6115661,9.028718
1760985793394,3.528217,1.6067804,9.0951185
1760985793396,3.49053,1.5978073,9.142377
1760985793398,3.4851463,1.5834504,9.204591
1760985793401,3.4707892,1.5690935,9.256635
1760985793403,3.4474592,1.5888343,9.303893
1760985793405,3.4283166,1.579263,9.365508
1760985793407,3.3954153,1.5846468,9.41815
1760985793409,3.3667014,1.5894325,9.465408
1760985793412,3.3529427,1.6043876,9.512667
1760985793414,3.3200414,1.628914,9.550952
1760985793416,3.315854,1.6671991,9.602996
1760985793419,3.301497,1.6671991,9.631111
1760985793422,3.2973096,1.6767704,9.664611
1760985793424,3.278167,1.6965113,9.702297
1760985793425,3.2596226,1.7108682,9.731011
1760985793428,3.2554352,1.7449659,9.716655
1760985793430,3.2368908,1.7641085,9.731011
1760985793432,3.2416766,1.7736797,9.735199
1760985793434,3.2566316,1.8215362,9.735199
1760985793437,3.2189445,1.82692,9.720842
1760985793440,3.2434711,1.855634,9.730413
1760985793441,3.2338998,1.8795621,9.725628
1760985793443,3.2536407,1.9178474,9.687941
1760985793445,3.2398818,1.9471594,9.664013
1760985793447,3.2500513,1.9950159,9.630513
1760985793451,3.2452657,1.9950159,9.606585
1760985793453,3.2554352,2.0237298,9.54497
1760985793454,3.2422748,2.0673988,9.497711
1760985793456,3.2333016,2.1254246,9.445069
1760985793459,3.2243285,2.149353,9.402596
1760985793461,3.2440693,2.187638,9.340384
1760985793463,3.2159536,2.2073789,9.293125
1760985793466,3.2165518,2.2510478,9.202796
1760985793468,3.1932218,2.2755744,9.136395
1760985793471,3.1890345,2.3144577,9.055637
1760985793473,3.1609187,2.3485553,8.955737
1760985793474,3.1710882,2.3868406,8.874979
1760985793477,3.1435707,2.4215364,8.78465
1760985793480,3.129812,2.4454648,8.713464
1760985793481,3.0969107,2.4945176,8.608778
1760985793484,3.0646076,2.5387847,8.52802
1760985793486,3.0275187,2.6063821,8.437691
1760985793488,3.004787,2.6554348,8.324032
1760985793491,3.0005996,2.6793633,8.233703
1760985793493,2.9916265,2.737389,8.129017
1760985793495,2.978466,2.7912276,8.033902
1760985793497,2.9599216,2.8348966,7.925029
1760985793500,2.932404,2.87378,7.839485
1760985793502,2.937788,2.9078777,7.7204423
1760985793504,2.9102705,2.961118,7.630113
1760985793506,2.8869405,3.004787,7.554141
1760985793509,2.8827531,3.0293136,7.463812
1760985793511,2.864807,3.0825539,7.4069824
1760985793513,2.865405,3.1310084,7.3118677
1760985793515,2.856432,3.1645079,7.2735825
1760985793518,2.8522446,3.2081769,7.2358956
1760985793520,2.853441,3.2656047,7.2119675
1760985793522,2.8492537,3.3092737,7.1688967
1760985793524,2.821138,3.3194432,7.13121
1760985793527,2.8169506,3.3577285,7.1024957
1760985793529,2.8510482,3.391228,7.0785675
1760985793531,2.8462625,3.4103706,7.0689964
1760985793534,2.856432,3.4390843,7.049854
1760985793536,2.885146,3.4432719,7.036095
1760985793538,2.9084759,3.4474592,7.012167
1760985793540,2.9330025,3.461816,6.9930243
1760985793542,2.9563324,3.4564323,6.9882383
1760985793545,2.9802606,3.4516466,6.969096
1760985793547,3.0041888,3.4654055,6.955337
1760985793549,3.0329027,3.4743786,6.96431
1760985793551,3.0801609,3.478566,6.9738817
1760985793554,3.1088748,3.4779677,6.960123
1760985793556,3.1280174,3.5012977,6.983453
1760985793558,3.1806595,3.5006995,7.0025954
1760985793562,3.2087753,3.4953158,7.0025954
1760985793563,3.2045877,3.519244,7.0259256
1760985793566,3.2422748,3.5234313,7.0169525
1760985793568,3.2566316,3.5084763,7.0450683
1760985793570,3.2997024,3.5174494,7.0689964
1760985793572,3.318845,3.5318062,7.1018977
1760985793574,3.3613176,3.5306098,7.1018977
1760985793577,3.3900316,3.5443685,7.140183
1760985793579,3.400201,3.5587256,7.158727
1760985793580,3.400201,3.5682967,7.1682982
1760985793583,3.4474592,3.562913,7.187441
1760985793585,3.4666018,3.5623147,7.1970124
1760985793587,3.4899318,3.5569308,7.225128
1760985793590,3.5186458,3.5563326,7.2729845
1760985793592,3.51386,3.565904,7.305886
1760985793594,3.5527434,3.5844483,7.353742
1760985793597,3.5760734,3.5790644,7.4105716
1760985793599,3.6089747,3.5688949,7.4530444
1760985793601,3.6143587,3.5784662,7.5009007
1760985793603,3.6329029,3.5587256,7.5146594
1760985793606,3.6520455,3.5724843,7.548159
1760985793608,3.685545,3.5671003,7.6049886
1760985793610,3.7184465,3.5569308,7.6337023
1760985793612,3.7471602,3.5563326,7.652247
1760985793615,3.7890346,3.5216367,7.690532
1760985793617,3.821936,3.5066817,7.7425756
1760985793620,3.8458643,3.5060835,7.795218
1760985793622,3.8644085,3.495914,7.8424764
1760985793623,3.912265,3.49053,7.8759756
1760985793626,3.9260237,3.4564323,7.947162
1760985793628,3.972684,3.426522,7.984849
1760985793630,3.991228,3.3924243,8.056036
1760985793632,3.991228,3.3924243,8.1230345
1760985793635,4.005585,3.3822548,8.179864
1760985793637,4.033701,3.362514,8.222337
1760985793639,4.0474596,3.3619158,8.279166
1760985793641,4.042674,3.347559,8.346166
1760985793644,4.052245,3.3523445,8.383852
1760985793646,4.052245,3.333202,8.407781
1760985793648,4.066004,3.3278182,8.469396
1760985793651,4.0755754,3.3326037,8.516654
1760985793653,4.080361,3.3224342,8.578269
1760985793655,4.0755754,3.298506,8.635697
1760985793657,4.0851464,3.3026934,8.711669
1760985793659,4.066004,3.3080773,8.773284
1760985793662,4.066004,3.3224342,8.810971
1760985793664,4.0420756,3.298506,8.891729
1760985793666,4.0516467,3.3074791,8.943773
1760985793669,4.0516467,3.283551,9.010772
1760985793671,4.0277185,3.2889347,9.072387
1760985793673,4.0181475,3.2937205,9.11486
1760985793675,3.999603,3.2889347,9.200403
1760985793678,3.999603,3.2889347,9.23809
1760985793680,3.9661036,3.2841492,9.314062
1760985793682,3.9565322,3.2703903,9.337991
1760985793684,3.9278183,3.275176,9.385248
1760985793687,3.9373896,3.2703903,9.423533
1760985793689,3.9044883,3.2805598,9.45165
1760985793691,3.894917,3.290131,9.504292
1760985793694,3.8901315,3.2949169,9.527621
1760985793696,3.8811584,3.3140593,9.584451
1760985793698,3.8763726,3.3236306,9.6275215
1760985793700,3.8668015,3.318845,9.669994
1760985793703,3.8524444,3.3044882,9.698709
1760985793705,3.8673997,3.3236306,9.731609
1760985793707,3.8524444,3.3092737,9.741181
1760985793709,3.8572302,3.3140593,9.789038
1760985793711,3.8524444,3.3092737,9.807582
1760985793713,3.8620157,3.3140593,9.826724
1760985793715,3.871587,3.3086755,9.864411
1760985793718,3.8907297,3.298506,9.897911
1760985793721,3.8805602,3.2703903,9.926624
1760985793723,3.8997028,3.2889347,9.954741
1760985793725,3.9044883,3.269792,9.978668
1760985793727,3.9421754,3.2542388,10.002597
1760985793729,3.9607196,3.249453,10.016953
1760985793731,3.9607196,3.2398818,10.021739
1760985793733,3.9840498,3.2297122,10.007382
1760985793736,4.026522,3.1950164,10.031311
1760985793738,4.045067,3.1806595,10.031311
1760985793740,4.063611,3.1609187,10.002597
1760985793743,4.091727,3.1363924,9.983455
1760985793744,4.1294136,3.1070802,9.945767
1760985793747,4.1437707,3.097509,9.917651
1760985793749,4.162315,3.0825539,9.87458
1760985793752,4.162315,3.0825539,9.865009
1760985793754,4.1904306,3.0681968,9.812965
1760985793757,4.185645,3.0586255,9.765707
1760985793759,4.199404,3.0442686,9.717851
1760985793761,4.2185464,3.048456,9.661021
1760985793765,4.223332,3.034099,9.613763
1760985793765,4.2520456,3.0675986,9.561719
1760985793768,4.2520456,3.0580273,9.513863
1760985793769,4.3040895,3.0472596,9.485747
1760985793772,4.3088756,3.057429,9.437891
1760985793774,4.328616,3.0951161,9.381062
1760985793776,4.328616,3.086143,9.329018
1760985793779,4.347759,3.109473,9.285947
1760985793781,4.347759,3.1196425,9.24826
1760985793783,4.3387856,3.1387851,9.209974
1760985793786,4.3387856,3.1339993,9.167501
1760985793788,4.325027,3.1537402,9.105886
1760985793790,4.334598,3.158526,9.077172
1760985793792,4.3292146,3.1441689,9.025128
1760985793794,4.2909293,3.1399815,8.977272
1760985793797,4.281956,3.1597223,8.949157
1760985793799,4.2538404,3.165106,8.9013
1760985793801,4.249055,3.1794631,8.892327
1760985793803,4.2299123,3.1848469,8.868399
1760985793806,4.211368,3.2045877,8.844471
1760985793808,4.23051,3.199204,8.815757
1760985793810,4.211966,3.2285159,8.782856
1760985793812,4.202395,3.2333016,8.730812
1760985793815,4.202395,3.2386854,8.711669
1760985793817,4.2167516,3.2524443,8.702098
1760985793820,4.2221355,3.266801,8.682955
1760985793822,4.2364926,3.2859437,8.687741
1760985793824,4.2125645,3.2817562,8.711669
1760985793827,4.217948,3.31047,8.678169
1760985793828,4.165904,3.3110683,8.687741
1760985793831,4.137789,3.3403804,8.687741
1760985793832,4.128217,3.330809,8.682955
1760985793835,4.104289,3.3409786,8.697312
1760985793838,4.0719857,3.3750763,8.715857
1760985793840,4.0624146,3.365505,8.777472
1760985793842,4.019344,3.3613176,8.810971
1760985793844,4.004987,3.3613176,8.877372
1760985793846,3.9768713,3.35713,8.953344
1760985793848,3.9481573,3.3529427,9.014959
1760985793851,3.9194436,3.3481572,9.1052885
1760985793853,3.900301,3.3194432,9.186047
1760985793855,3.8668015,3.3296127,9.276375
1760985793858,3.8339,3.3152559,9.385248
1760985793860,3.8099718,3.315854,9.461221
1760985793862,3.7621155,3.2829528,9.522836
1760985793864,3.7238302,3.2883365,9.589237
1760985793867,3.676572,3.2937205,9.669994
1760985793869,3.6293137,3.2943187,9.736395
1760985793871,3.5910287,3.2997024,9.784252
1760985793873,3.5539398,3.3338,9.845867
1760985793876,3.5060835,3.3296127,9.8835535
1760985793878,3.4540396,3.345166,9.907482
1760985793881,3.4546378,3.3786657,9.949955
1760985793884,3.4360933,3.397808,9.969097
1760985793884,3.4271202,3.4366915,10.001999
1760985793888,3.446861,3.4743786,10.0349
1760985793889,3.4480574,3.5365918,10.039685
1760985793891,3.4917264,3.5886357,10.030114
1760985793894,3.5216367,3.6604204,10.020543
1760985793896,3.522833,3.7471602,10.010972
1760985793898,3.505485,3.824329,9.996614
1760985793900,3.4971104,3.886542,9.953544
1760985793903,3.4450665,3.9212382,9.891929
1760985793904,3.3936207,3.9655054,9.8727865
1760985793907,3.3326037,3.9954157,9.810573
1760985793909,3.290131,4.02054,9.748958
1760985793911,3.2237303,4.031308,9.706485
1760985793914,3.1716864,4.0420756,9.682557
1760985793917,3.0909286,4.0528436,9.658628
1760985793919,3.0107691,4.0737805,9.658628
1760985793921,2.934797,4.0845485,9.640084
1760985793923,2.8689942,4.104887,9.639486
1760985793925,2.8025935,4.130012,9.644272
1760985793927,2.7553353,4.1407795,9.6682
1760985793930,2.713461,4.1700916,9.705887
1760985793932,2.6709883,4.1898327,9.767502
1760985793934,2.62373,4.2047877,9.829117
1760985793936,2.5950162,4.210171,9.938589
1760985793938,2.5908287,4.2245283,10.037891
1760985793941,2.5669005,4.219743,10.142577
1760985793943,2.5573292,4.1958146,10.223334
1760985793946,2.5328028,4.1671004,10.308878
1760985793948,2.541776,4.1234317,10.403993
1760985793950,2.5411777,4.080361,10.465608
1760985793952,2.5591238,4.022335,10.536795
1760985793954,2.5579274,3.964309,10.599008
1760985793957,2.5764718,3.9302113,10.6510515
1760985793959,2.5842485,3.8386858,10.70848
1760985793961,2.626123,3.7704902,10.770095
1760985793963,2.6243281,3.679563,10.7844515
1760985793966,2.6422744,3.611966,10.827522
1760985793968,2.626123,3.510869,10.837093
1760985793970,2.6386852,3.4193435,10.861022
1760985793972,2.6422744,3.3427732,10.875379
1760985793975,2.626123,3.2422748,10.8664055
1760985793977,2.6344976,3.1507492,10.871191
1760985793979,2.6189444,3.0933216,10.871191
1760985793981,2.6075785,2.978466,10.885549
1760985793984,2.6015964,2.9012976,10.881361
1760985793986,2.5902305,2.8103702,10.848459
1760985793988,2.565106,2.7391837,10.843674
1760985793990,2.544767,2.6482565,10.805987
1760985793993,2.5298119,2.5908287,10.7635145
1760985793995,2.4855444,2.5148566,10.744371
1760985793997,2.4699912,2.4478576,10.716256
1760985793999,2.4161527,2.3670998,10.683355
1760985794002,2.4005992,2.2959132,10.659427
1760985794004,2.376073,2.219343,10.650454
1760985794006,2.3455644,2.1188445,10.655239
1760985794009,2.344368,2.0422742,10.636695
1760985794011,2.324029,1.9609182,10.612766
1760985794013,2.2983062,1.8747765,10.618151
1760985794015,2.2881367,1.8173488,10.622936
1760985794018,2.2677977,1.7503498,10.627722
1760985794020,2.2666013,1.6833507,10.609178
1760985794022,2.2845473,1.6061822,10.632507
1760985794024,2.2737796,1.5391831,10.642677
1760985794026,2.2821546,1.4620147,10.633105
1760985794029,2.2618155,1.4099708,10.62832
1760985794032,2.2558336,1.3328022,10.609776
1760985794034,2.2743778,1.2849457,10.567303
1760985794035,2.2821546,1.2125629,10.524831
1760985794038,2.2857437,1.1503495,10.496117
1760985794041,2.289333,1.0779666,10.444073
1760985794043,2.2839491,1.0402796,10.377672
1760985794045,2.3114667,0.9726824,10.325628
1760985794047,2.2911277,0.9200403,10.22154
1760985794049,2.3001008,0.87218386,10.155139
1760985794051,2.289333,0.8003992,10.046266
1760985794054,2.288735,0.7722835,9.91825
1760985794056,2.3018954,0.7286145,9.799805
1760985794058,2.2731814,0.701097,9.667004
1760985794061,2.3060827,0.69571316,9.534202
1760985794063,2.3060827,0.68195444,9.42473
1760985794066,2.2863421,0.6628119,9.296714
1760985794068,2.2821546,0.69212395,9.163913
1760985794070,2.2582264,0.65922266,9.040682
1760985794072,2.2301106,0.6843473,8.935996
1760985794074,2.1828525,0.6999006,8.812766
1760985794077,2.1589243,0.71007013,8.675179
1760985794079,2.1308086,0.74895346,8.565707
1760985794081,2.1026928,0.7501499,8.465807
1760985794083,2.0745773,0.78424764,8.356933
1760985794085,2.032703,0.8237292,8.261818
1760985794088,1.9854445,0.8392825,8.161918
1760985794090,1.9483558,0.8979067,8.081161
1760985794092,1.8723837,0.8991031,8.024331
1760985794094,1.8113668,0.948156,7.9387875
1760985794097,1.7270198,1.0127622,7.881958
1760985794099,1.6845472,1.0420742,7.82453
1760985794101,1.6139588,1.0869397,7.758129
1760985794103,1.5583258,1.1503495,7.7012997
1760985794106,1.5164514,1.2089736,7.6390862
1760985794108,1.46022,1.2580265,7.5774713
1760985794111,1.4087744,1.311865,7.5296144
1760985794112,1.3722838,1.3848461,7.496115
1760985794115,1.3208381,1.4291133,7.4392858
1760985794117,1.2364911,1.5026926,7.4105716
1760985794120,1.1850454,1.5661024,7.3585277
1760985794122,1.105484,1.6301104,7.320243
1760985794123,1.035494,1.6983058,7.2586274
1760985794126,1.0031909,1.7425731,7.2059855
1760985794128,0.91405827,1.8065811,7.172486
1760985794130,0.87158567,1.841277,7.1252275
1760985794132,0.8153543,1.8951155,7.120442
1760985794135,0.7645068,1.9680966,7.091728
1760985794138,0.6987042,2.0171494,7.0965137
1760985794139,0.62871414,2.0805593,7.0821567
1760985794142,0.5820541,2.1391835,7.1007013
1760985794144,0.53599226,2.193022,7.1007013
1760985794146,0.46061835,2.251646,7.105487
1760985794148,0.40977088,2.329413,7.128817
1760985794151,0.37746778,2.3874388,7.1473613
1760985794153,0.3493521,2.416751,7.1712894
1760985794155,0.32183465,2.4699912,7.199405
1760985794158,0.2943172,2.5232315,7.1946197
1760985794160,0.29072794,2.571686,7.2041907
1760985794162,0.29072794,2.5860431,7.2418776
1760985794164,0.29132617,2.6051857,7.251449
1760985794166,0.30089745,2.6189444,7.280163
1760985794169,0.32004002,2.6428726,7.2987075
1760985794171,0.35353956,2.6470602,7.3226357
1760985794173,0.36311084,2.6368906,7.3603225
1760985794176,0.4103691,2.6315067,7.4033933
1760985794178,0.4534399,2.6404798,7.4033933
1760985794180,0.4863412,2.644069,7.455437
1760985794182,0.5623133,2.638087,7.4793653
1760985794184,0.6047859,2.6129622,7.5266237
1760985794187,0.6664011,2.597409,7.560123
1760985794189,0.7429714,2.6153553,7.5978103
1760985794191,0.7890333,2.556731,7.6313095
1760985794194,0.87936234,2.5501506,7.668997
1760985794196,0.93619186,2.5399811,7.692925
1760985794198,1.0019945,2.5142584,7.726424
1760985794200,1.0677971,2.4747767,7.768897
1760985794203,1.134198,2.440081,7.7832537
1760985794207,1.2191432,2.4191437,7.8167534
1760985794207,1.3046865,2.417349,7.844869
1760985794210,1.3944174,2.3868406,7.897511
1760985794211,1.4943178,2.3898315,7.949555
1760985794214,1.6175481,2.373082,7.9926257
1760985794215,1.7114664,2.333002,8.01117
1760985794218,1.8017955,2.335993,8.068598
1760985794220,1.8729819,2.3300111,8.111071
1760985794222,1.9585253,2.3234308,8.130213
1760985794225,2.0536401,2.3216362,8.210971
1760985794227,2.1296122,2.3300111,8.243873
1760985794229,2.2007985,2.3048863,8.291729
1760985794231,2.2624137,2.3084757,8.367701
1760985794234,2.3150558,2.3168504,8.414959
1760985794236,2.3575284,2.3060827,8.443673
1760985794239,2.4005992,2.329413,8.505288
1760985794241,2.457429,2.3234308,8.566903
1760985794243,2.4861426,2.3371894,8.60459
1760985794245,2.524428,2.3509483,8.628518
1760985794247,2.5435705,2.3551357,8.704491
1760985794249,2.5722845,2.359323,8.737391
1760985794251,2.5824537,2.3976083,8.81815
1760985794254,2.6111677,2.411367,8.851051
1760985794256,2.6117659,2.4305096,8.912666
1760985794259,2.6267211,2.4831517,8.946166
1760985794261,2.6458635,2.4969103,9.0029955
1760985794263,2.6368906,2.5256243,9.0646105
1760985794265,2.6279175,2.5543382,9.083155
1760985794268,2.6470602,2.5591238,9.111869
1760985794270,2.6428726,2.6021945,9.159127
1760985794272,2.653042,2.6404798,9.173484
1760985794274,2.620739,2.669792,9.201599
1760985794277,2.6159534,2.6841488,9.220742
1760985794278,2.6165516,2.7032914,9.215957
1760985794281,2.6027927,2.7326035,9.220742
1760985794283,2.589034,2.7613173,9.220742
1760985794286,2.5896323,2.8002007,9.1872425
1760985794288,2.585445,2.8289146,9.182457
1760985794290,2.5669005,2.853441,9.153743
1760985794292,2.5579274,2.8869405,9.106484
1760985794294,2.5585256,2.9210382,9.068199
1760985794296,2.5357938,2.9742785,9.020942
1760985794299,2.5357938,3.0029924,8.977871
1760985794301,2.5513473,3.0556345,8.916255
1760985794304,2.5136602,3.080759,8.868399
1760985794306,2.519044,3.1334012,8.801998
1760985794308,2.4819553,3.182454,8.749954
1760985794310,2.4729822,3.2015967,8.702098
1760985794313,2.4592235,3.2452657,8.6548395
1760985794316,2.4077778,3.2799616,8.569296
1760985794317,2.370689,3.3290145,8.52144
1760985794319,2.3425734,3.3583267,8.469396
1760985794321,2.3246272,3.4259238,8.411968
1760985794324,2.277369,3.4366915,8.36471
1760985794326,2.2444677,3.4707892,8.345567
1760985794328,2.2025933,3.5150564,8.298309
1760985794330,2.1738794,3.5204403,8.260024
1760985794333,2.1361923,3.5353954,8.217551
1760985794335,2.108675,3.5694933,8.222337
1760985794338,2.070988,3.6041892,8.179266
1760985794340,2.0279171,3.595216,8.155337
1760985794342,1.9950159,3.610171,8.136793
1760985794344,1.9908284,3.638885,8.112865
1760985794346,1.9674984,3.6586258,8.112865
1760985794349,1.9680966,3.7016966,8.103293
1760985794351,1.9728823,3.7064822,8.069795
1760985794353,1.9543378,3.7166517,8.07458
1760985794357,1.9304097,3.7124643,8.050652
1760985794360,1.9262222,3.7411783,8.045866
1760985794360,1.9268204,3.769892,8.065009
1760985794362,1.9220347,3.769892,8.079366
1760985794364,1.9124635,3.7800615,8.07458
1760985794367,1.922633,3.8033917,8.088937
1760985794369,1.922633,3.8231323,8.069795
1760985794371,1.9136599,3.8470607,8.093124
1760985794373,1.9088743,3.8374894,8.09791
1760985794376,1.9088743,3.8327036,8.117053
1760985794379,1.9184456,3.8614175,8.13141
1760985794381,1.9238294,3.8709888,8.16431
1760985794382,1.9046868,3.8805602,8.183454
1760985794384,1.9328024,3.8608193,8.202596
1760985794387,1.9334008,3.8703907,8.230712
1760985794389,1.942972,3.8847475,8.249854
1760985794391,1.9477576,3.874578,8.278568
1760985794395,1.9328024,3.8656049,8.292327
1760985794397,1.9704895,3.845266,8.330612
1760985794398,1.9710877,3.8500516,8.373085
1760985794400,1.9902302,3.8644085,8.416156
1760985794403,2.0087745,3.8398821,8.453842
1760985794405,2.032703,3.8440695,8.463413
1760985794407,2.0614166,3.8530426,8.458628
1760985794409,2.0847468,3.8285162,8.487342
1760985794412,2.1278176,3.8518462,8.515457
1760985794414,2.1661026,3.8608193,8.505886
1760985794417,2.2127628,3.830909,8.525029
1760985794419,2.2319052,3.8261235,8.544171
1760985794422,2.2743778,3.8303108,8.539386
1760985794424,2.2983062,3.824927,8.544171
1760985794425,2.3078775,3.8195431,8.5681
1760985794428,2.3078775,3.8291144,8.586644
1760985794431,2.3312075,3.8051863,8.577671
1760985794433,2.3312075,3.8099718,8.5681
1760985794435,2.3455644,3.8093736,8.5681
1760985794437,2.3455644,3.7950168,8.544171
1760985794439,2.3688943,3.790231,8.5346
1760985794442,2.37368,3.7896328,8.539386
1760985794443,2.4017956,3.784249,8.548957
1760985794445,2.4215364,3.8081772,8.5346
1760985794448,2.4352953,3.798606,8.558528
1760985794451,2.4215364,3.8081772,8.5346
1760985794452,2.4364917,3.8416767,8.5728855
1760985794454,2.455036,3.8267217,8.59143
1760985794457,2.4699912,3.8554354,8.601001
1760985794459,2.4508486,3.8697925,8.638688
1760985794461,2.4514468,3.874578,8.65783
1760985794464,2.4514468,3.888935,8.6961155
1760985794466,2.4418755,3.8937206,8.733803
1760985794468,2.4185455,3.9086757,8.748159
1760985794471,2.4041886,3.9134614,8.785847
1760985794473,2.3952155,3.9284165,8.814561
1760985794475,2.3904297,3.923631,8.837891
1760985794477,2.3904297,3.9421754,8.876176
1760985794480,2.3670998,3.947559,8.918648
1760985794482,2.3670998,3.9379878,8.923434
1760985794484,2.3479571,3.9332023,8.975478
1760985794486,2.3389843,3.9768713,8.980264
1760985794488,2.3288147,3.9433718,9.02812
1760985794491,2.352743,3.9427736,9.0233345
1760985794493,2.3479571,3.947559,9.0233345
1760985794495,2.3485553,3.9667017,9.05145
1760985794498,2.3383858,3.947559,9.056235
1760985794500,2.3575284,3.952345,9.032906
1760985794502,2.3623142,3.9427736,9.065806
1760985794504,2.3623142,3.9571304,9.061021
1760985794507,2.376671,3.9421754,9.056235
1760985794509,2.391028,3.9613178,9.070593
1760985794511,2.400001,3.9421754,9.046664
1760985794513,2.3952155,3.9230328,9.037691
1760985794515,2.41376,3.903292,9.037691
1760985794518,2.4281168,3.9176488,9.004191
1760985794520,2.4424736,3.9074793,9.02812
1760985794522,2.4658036,3.897908,9.004191
1760985794524,2.4849463,3.9020956,9.008977
1760985794527,2.528017,3.9014974,9.013762
1760985794529,2.5423741,3.915256,9.037691
1760985794531,2.5710878,3.9242291,9.037691
1760985794534,2.5710878,3.9194436,9.061021
1760985794536,2.6183462,3.923631,9.099306
1760985794539,2.6374888,3.9278183,9.122637
1760985794540,2.656033,3.8985064,9.1465645
1760985794542,2.6799614,3.903292,9.18485
1760985794545,2.7032914,3.897908,9.232108
1760985794547,2.708077,3.8781674,9.241679
1760985794549,2.7361927,3.863212,9.275179
1760985794552,2.7266214,3.8440695,9.317652
1760985794554,2.7355945,3.839284,9.3511505
1760985794556,2.74038,3.8440695,9.369696
1760985794558,2.754139,3.8051863,9.365508
1760985794561,2.7876384,3.818945,9.388838
1760985794563,2.7882366,3.8380876,9.374481
1760985794565,2.8163524,3.827918,9.40798
1760985794568,2.868396,3.8273199,9.422338
1760985794570,2.8923244,3.8315072,9.445667
1760985794572,2.925824,3.8356948,9.450453
1760985794574,2.925824,3.845266,9.46481
1760985794577,2.925824,3.8500516,9.469596
1760985794579,2.9593234,3.8638103,9.474381
1760985794581,2.9593234,3.8638103,9.4839525
1760985794583,2.969493,3.8781674,9.469596
1760985794585,2.9838498,3.8871403,9.48814
1760985794588,2.969493,3.8877387,9.479167
1760985794590,2.9886355,3.9110687,9.52164
1760985794592,2.998805,3.9302113,9.54497
1760985794595,3.0083764,3.9302113,9.559326
1760985794597,3.0227332,3.9487555,9.597611
1760985794599,3.0753753,3.9571304,9.630513
1760985794602,3.094518,3.9810586,9.659226
1760985794604,3.1088748,3.9852462,9.696914
1760985794606,3.12383,4.01396,9.744172
1760985794608,3.1525438,4.0181475,9.753743
1760985794610,3.185445,4.017549,9.792028
1760985794613,3.2093735,4.002594,9.815358
1760985794615,3.242873,4.0211387,9.848858
1760985794617,3.2470603,4.011567,9.900902
1760985794620,3.290131,4.005585,9.929616
1760985794622,3.3278182,4.000201,9.98166
1760985794624,3.3278182,4.009773,10.024133
1760985794626,3.3565319,3.999603,10.062417
1760985794628,3.379862,3.9894335,10.124033
1760985794631,3.403192,3.9601214,10.162318
1760985794633,3.403192,3.9696927,10.209576
1760985794635,3.4510484,3.987639,10.247263
1760985794637,3.4558342,3.9684963,10.30469
1760985794640,3.4558342,3.973282,10.332807
1760985794642,3.4606197,3.9774694,10.375877
1760985794644,3.4654055,3.982255,10.399207
1760985794646,3.4803605,4.006183,10.4464655
1760985794649,3.4941192,4.005585,10.456037
1760985794651,3.4995031,4.0295134,10.484751
1760985794653,3.5036905,4.0007997,10.508678
1760985794655,3.4947174,4.0103707,10.527224
1760985794658,3.5036905,4.005585,10.54158
1760985794660,3.498905,4.0007997,10.57508
1760985794662,3.498905,3.991228,10.579865
1760985794664,3.4887354,3.9427736,10.631909
1760985794667,3.4546378,3.900301,10.655837
1760985794669,3.4492538,3.871587,10.707881
1760985794671,3.4677982,3.8374894,10.755738
1760985794674,3.4863427,3.7938204,10.83171
1760985794676,3.5006995,3.807579,10.9172535
1760985794678,3.4953158,3.778865,10.964512
1760985794680,3.5090744,3.735196,11.035698
1760985794682,3.5042887,3.7256248,11.097313
1760985794685,3.498905,3.6873398,11.149956
1760985794688,3.4983068,3.6484563,11.211571
1760985794689,3.4683964,3.591627,11.24507
1760985794692,3.4630125,3.5336008,11.306685
1760985794693,3.4426737,3.461816,11.335399
1760985794696,3.4366915,3.394817,11.383256
1760985794698,3.4546378,3.3415768,11.454442
1760985794700,3.4869409,3.2590244,11.516057
1760985794703,3.5042887,3.1962128,11.578271
1760985794705,3.5084763,3.138187,11.625529
1760985794709,3.5126636,3.0999017,11.697313
1760985794709,3.5162528,3.0514472,11.7158575
1760985794712,3.482155,2.989832,11.739786
1760985794714,3.4761732,2.9222345,11.773286
1760985794716,3.4420755,2.8749764,11.764313
1760985794718,3.4558342,2.8462625,11.754742
1760985794723,3.4313076,2.7888348,11.74517
1760985794723,3.4307094,2.7553353,11.726625
1760985794724,3.4396825,2.7361927,11.68834
1760985794727,3.458227,2.7212377,11.673984
1760985794729,3.458227,2.6973093,11.66501
1760985794732,3.481557,2.6775684,11.641082
1760985794734,3.481557,2.672783,11.59861
1760985794736,3.4911282,2.6775684,11.541182
1760985794738,3.4809587,2.6542385,11.484352
1760985794740,3.4809587,2.649453,11.427523
1760985794743,3.49053,2.649453,11.332408
1760985794745,3.4899318,2.6446671,11.270793
1760985794747,3.5042887,2.6398816,11.199606
1760985794749,3.5330026,2.644069,11.123634
1760985794752,3.5090744,2.6398816,11.076376
1760985794754,3.5563326,2.6249263,11.029118
1760985794756,3.551547,2.6201408,10.962717
1760985794759,3.5605202,2.6153553,10.915459
1760985794761,3.5467613,2.620739,10.881959
1760985794763,3.551547,2.6159534,10.820344
1760985794765,3.5413775,2.6063821,10.805987
1760985794767,3.5174494,2.597409,10.7683
1760985794770,3.522235,2.5878377,10.744371
1760985794772,3.5264223,2.5591238,10.711471
1760985794775,3.5216367,2.5495524,10.6684
1760985794777,3.4971104,2.521437,10.663614
1760985794779,3.4827533,2.492723,10.649856
1760985794781,3.458227,2.4687948,10.640285
1760985794784,3.4247274,2.440679,10.64507
1760985794786,3.3906298,2.4077778,10.654641
1760985794788,3.3427732,2.3605196,10.688141
1760985794790,3.3086755,2.3276181,10.725827
1760985794792,3.2799616,2.2989044,10.754541
1760985794795,3.2219357,2.2666013,10.783256
1760985794797,3.1740792,2.2241287,10.840085
1760985794799,3.1022944,2.196013,10.883156
1760985794802,3.0490541,2.143969,10.930414
1760985794804,2.996412,2.1020947,10.978271
1760985794806,2.9341989,2.0787647,11.059028
1760985794808,2.8761728,2.0219352,11.111072
1760985794810,2.8229325,1.9555343,11.149357
1760985794813,2.7792635,1.922633,11.182857
1760985794815,2.7361927,1.8897316,11.215758
1760985794817,2.702095,1.8329022,11.230115
1760985794819,2.7152555,1.7844474,11.301301
1760985794822,2.7003005,1.7557336,11.334801
1760985794824,2.6805596,1.683949,11.353944
1760985794827,2.6799614,1.655235,11.363515
1760985794829,2.6829524,1.5732809,11.363515
1760985794831,2.6823542,1.5349957,11.354542
1760985794833,2.6769702,1.4919249,11.330613
1760985794836,2.6668007,1.4440684,11.297712
1760985794838,2.6650062,1.3579268,11.260025
1760985794840,2.6650062,1.3339987,11.22174
1760985794842,2.6596224,1.3100704,11.1320095
1760985794845,2.6488547,1.2382857,11.079966
1760985794846,2.6333013,1.1814562,11.01835
1760985794849,2.6422744,1.1479566,10.932807
1760985794851,2.6273193,1.1144571,10.856834
1760985794853,2.603391,1.1006985,10.762318
1760985794855,2.5932214,1.0630114,10.662417
1760985794858,2.5692933,1.0540384,10.567902
1760985794860,2.521437,1.035494,10.468
1760985794862,2.5022943,1.0169497,10.373485
1760985794864,2.4783661,1.0031909,10.264012
1760985794867,2.4299114,0.9804591,10.155139
1760985794870,2.4059832,0.9619147,10.083953
1760985794871,2.3826532,0.96729857,9.96491
1760985794873,2.3491535,0.96789676,9.870394
1760985794876,2.3060827,0.9595219,9.7704935
1760985794878,2.2821546,0.9457632,9.68495
1760985794880,2.263012,0.9415757,9.609575
1760985794883,2.224727,0.93260264,9.528818
1760985794886,2.2055843,0.9236295,9.438489
1760985794888,2.2007985,0.9092726,9.357731
1760985794889,2.196013,0.9194421,9.305687
1760985794891,2.1625135,0.8865408,9.2488575
1760985794894,2.1714866,0.8769695,9.196814
1760985794897,2.152344,0.8769695,9.129815
1760985794898,2.1714866,0.8578269,9.092128
1760985794901,2.1517458,0.82971126,9.030513
1760985794903,2.1702902,0.8147561,9.016156
1760985794905,2.1601207,0.7812566,8.973683
1760985794907,2.1505494,0.77706915,8.945567
1760985794910,2.126621,0.7531409,8.921639
1760985794912,2.1355941,0.72442704,8.892925
1760985794915,2.1254246,0.7052845,8.845667
1760985794916,2.120639,0.68135625,8.836096
1760985794919,2.1104696,0.66759753,8.7984085
1760985794921,2.096711,0.66759753,8.803194
1760985794923,2.114657,0.6334998,8.770293
1760985794925,2.1098714,0.6149554,8.741579
1760985794927,2.12363,0.590429,8.703893
1760985794930,2.1571295,0.5946164,8.689535
1760985794932,2.1571295,0.6089734,8.675179
1760985794934,2.175674,0.57547385,8.665607
1760985794937,2.161317,0.56590253,8.623135
1760985794939,2.1661026,0.56590253,8.580662
1760985794941,2.1517458,0.57607204,8.571091
1760985794944,2.1427727,0.58564335,8.547162
1760985794946,2.161317,0.590429,8.485547
1760985794948,2.1379871,0.59581286,8.480762
1760985794950,2.1427727,0.5910272,8.423932
1760985794952,2.1379871,0.6053841,8.380861
1760985794955,2.1194427,0.6346962,8.324032
1760985794957,2.1385853,0.6442675,8.285747
1760985794959,2.1343977,0.6729814,8.262417
1760985794962,2.1637099,0.7106683,8.248059
1760985794964,2.1589243,0.7256235,8.190632
1760985794966,2.1738794,0.75912297,8.133802
1760985794968,2.1744776,0.7830512,8.105088
1760985794971,2.2175484,0.7968099,8.076973
1760985794973,2.2414765,0.81595254,8.038688
1760985794975,2.2414765,0.83988076,8.000402
1760985794977,2.2612174,0.8781659,7.9818583
1760985794979,2.2809582,0.8967103,7.9340014
1760985794982,2.2815564,0.930808,7.9244304
1760985794984,2.3012972,0.9732806,7.8723865
1760985794986,2.2821546,0.997807,7.8484583
1760985794989,2.2875385,1.0360922,7.810173
1760985794991,2.288735,1.0749756,7.7820573
1760985794993,2.2839491,1.0941181,7.7772717
1760985794996,2.3084757,1.1371889,7.7437725
1760985794998,2.3377876,1.174876,7.69113
1760985795000,2.3521447,1.2035898,7.672586
1760985795002,2.3575284,1.227518,7.6343007
1760985795005,2.3485553,1.2616158,7.5960155
1760985795007,2.3539393,1.3046865,7.5864444
1760985795009,2.3688943,1.3429717,7.5344005
1760985795011,2.388037,1.3573287,7.5104723
1760985795013,2.3748765,1.4147564,7.463214
1760985795016,2.385046,1.4386846,7.463214
1760985795019,2.3904297,1.4919249,7.4249287
1760985795021,2.3862424,1.5254245,7.3866434
1760985795023,2.3874388,1.5786648,7.339385
1760985795025,2.3784657,1.6073786,7.315457
1760985795027,2.3832514,1.6265212,7.2963142
1760985795030,2.3988047,1.6887345,7.277172
1760985795031,2.3940191,1.7030915,7.2676005
1760985795034,2.4185455,1.736591,7.272386
1760985795036,2.4239295,1.7653049,7.2580295
1760985795038,2.4245276,1.8131614,7.2532434
1760985795040,2.4251258,1.8466609,7.2532434
1760985795043,2.4209383,1.875973,7.2676005
1760985795045,2.4358935,1.9232312,7.257431
1760985795047,2.4646072,1.9423738,7.248458
1760985795049,2.4795625,1.9806589,7.2245297
1760985795052,2.4987051,1.9944177,7.195816
1760985795054,2.528017,2.0470598,7.1862445
1760985795056,2.5375884,2.0518453,7.153343
1760985795059,2.5860431,2.0793629,7.147959
1760985795060,2.6285157,2.088336,7.1102724
1760985795063,2.6620152,2.1020947,7.0863442
1760985795065,2.705086,2.1158533,7.043872
1760985795067,2.7338,2.1254246,7.0486574
1760985795070,2.7816563,2.1535404,7.019943
1760985795072,2.8103702,2.1481566,7.000801
1760985795074,2.8719854,2.14696,6.977471
1760985795076,2.9102705,2.1702902,6.9391856
1760985795079,2.9246275,2.184647,6.9296145
1760985795081,2.958127,2.1888344,6.9152575
1760985795083,2.9820552,2.1882362,6.9056864
1760985795086,3.0059834,2.193022,6.8919272
1760985795088,3.0059834,2.2217357,6.8775706
1760985795090,3.0400813,2.245066,6.9152575
1760985795092,3.0400813,2.2594228,6.9248285
1760985795095,3.054438,2.268396,6.9391856
1760985795097,3.045465,2.2881367,6.9481587
1760985795099,3.0550363,2.3072793,6.9816585
1760985795101,3.0693932,2.306681,6.996015
1760985795103,3.0837502,2.321038,7.0337024
1760985795106,3.0705895,2.359323,7.048059
1760985795108,3.0801609,2.3784657,7.1048884
1760985795111,3.1040893,2.3778675,7.1473613
1760985795113,3.109473,2.4161527,7.176075
1760985795115,3.138187,2.4346972,7.2137623
1760985795117,3.1429725,2.4394827,7.2329044
1760985795119,3.1627133,2.4580271,7.2993054
1760985795122,3.1860433,2.4622145,7.308877
1760985795123,3.1962128,2.481357,7.389036
1760985795126,3.2201412,2.480759,7.4416785
1760985795128,3.2201412,2.4951158,7.4602227
1760985795131,3.2392836,2.4945176,7.5032935
1760985795133,3.2392836,2.5136602,7.5457664
1760985795135,3.2392836,2.5088747,7.5978103
1760985795138,3.2488549,2.5040889,7.616953
1760985795140,3.2440693,2.4891338,7.6456666
1760985795142,3.2775688,2.5124638,7.6833534
1760985795144,3.2775688,2.5028925,7.7216387
1760985795146,3.3152559,2.4879375,7.7593255
1760985795149,3.3242288,2.4586253,7.8071823
1760985795151,3.3379877,2.4394827,7.8687973
1760985795154,3.3523445,2.4293132,7.9112697
1760985795156,3.3804603,2.4047868,7.9543405
1760985795158,3.3894334,2.3659034,8.006385
1760985795160,3.4073794,2.3174486,8.039884
1760985795162,3.4073794,2.3030918,8.096714
1760985795165,3.4253256,2.2642083,8.130213
1760985795167,3.4013975,2.2402802,8.168498
1760985795169,3.429513,2.2205393,8.2348995
1760985795171,3.4337006,2.1822543,8.310871
1760985795174,3.423531,2.1625135,8.391629
1760985795176,3.4331024,2.1433709,8.472386
1760985795178,3.4612179,2.1134605,8.586046
1760985795180,3.446861,2.108675,8.685946
1760985795183,3.431906,2.0895324,8.742776
1760985795185,3.4079776,2.0608184,8.842676
1760985795187,3.3984063,2.0512471,8.909077
1760985795189,3.3840494,2.0374885,8.92822
1760985795192,3.3547373,2.0135603,8.99462
1760985795194,3.3403804,1.9800607,9.0233345
1760985795196,3.3212378,1.9854445,9.065806
1760985795198,3.3206396,1.9513469,9.108279
1760985795200,3.3110683,1.9328024,9.127422
1760985795203,3.31047,1.9082761,9.132208
1760985795205,3.3050864,1.8843478,9.136993
1760985795207,3.3146574,1.8843478,9.15135
1760985795210,3.3044882,1.855634,9.141779
1760985795213,3.3326037,1.8167506,9.132806
1760985795214,3.3373895,1.8263218,9.104092
1760985795216,3.3559337,1.797608,9.066405
1760985795218,3.3702908,1.7970098,9.02812
1760985795220,3.3559337,1.783251,8.990433
1760985795222,3.3696926,1.7730815,8.956933
1760985795226,3.3786657,1.7443677,8.914461
1760985795227,3.3601213,1.7497516,8.867203
1760985795229,3.35055,1.7647067,8.800801
1760985795231,3.3314073,1.7503498,8.729615
1760985795234,3.321836,1.7413766,8.672188
1760985795236,3.3026934,1.7563318,8.605786
1760985795238,3.298506,1.7706888,8.544171
1760985795241,3.2937205,1.7808583,8.458628
1760985795243,3.2602208,1.7814565,8.392227
1760985795245,3.251248,1.7964116,8.335398
1760985795247,3.2183464,1.8257236,8.240283
1760985795250,3.1806595,1.8454645,8.193025
1760985795252,3.1669009,1.8747765,8.126624
1760985795254,3.153142,1.899303,8.050054
1760985795256,3.1202407,1.933999,7.9980097
1760985795259,3.1208389,1.9627128,7.902895
1760985795261,3.121437,1.9818554,7.850851
1760985795263,3.1028929,2.015953,7.7700934
1760985795266,3.1028929,2.0404794,7.7270226
1760985795268,3.1088748,2.0787647,7.6749787
1760985795270,3.1088748,2.0931215,7.5942206
1760985795272,3.0897322,2.103291,7.475776
1760985795275,3.0622149,2.1667008,7.385447
1760985795277,3.034099,2.1912274,7.3046894
1760985795279,3.0352955,2.2301106,7.252047
1760985795281,3.0209386,2.254039,7.1856465
1760985795283,3.0311081,2.2881367,7.138388
1760985795286,3.0406795,2.297708,7.0672016
1760985795288,3.03709,2.335993,7.0097737
1760985795290,3.03709,2.3503501,6.962516
1760985795292,3.0418758,2.3700907,6.9009004
1760985795295,3.033501,2.408376,6.853044
1760985795297,3.0382864,2.4227328,6.815357
1760985795299,3.062813,2.461018,6.777072
1760985795302,3.07717,2.489732,6.725028
1760985795304,3.0873394,2.5184457,6.7011
1760985795306,3.1112676,2.541776,6.6963143
1760985795308,3.1262228,2.565704,6.658029
1760985795311,3.1507492,2.6039891,6.6388865
1760985795313,3.1890345,2.6368906,6.6245294
1760985795316,3.19382,2.6464617,6.5772715
1760985795319,3.2039895,2.6656044,6.5724854
1760985795320,3.2327034,2.69372,6.5629144
1760985795323,3.2566316,2.7128627,6.538986
1760985795325,3.2620156,2.736791,6.5342007
1760985795328,3.286542,2.7696922,6.5294147
1760985795329,3.286542,2.774478,6.558129
1760985795331,3.3110683,2.8223343,6.538986
1760985795334,3.3200414,2.8073792,6.558129
1760985795336,3.3254254,2.8313074,6.5718875
1760985795337,3.345166,2.864807,6.5814586
1760985795340,3.3786657,2.87378,6.6101727
1760985795342,3.3930225,2.8875387,6.628717
1760985795345,3.417549,2.9210382,6.6765733
1760985795347,3.417549,2.9353952,6.719046
1760985795349,3.4229329,2.9635108,6.77109
1760985795351,3.409174,2.9976087,6.832705
1760985795353,3.3954153,3.0215368,6.9038916
1760985795356,3.3768709,3.0460632,6.9655066
1760985795358,3.3870404,3.1028929,7.05105
1760985795360,3.345166,3.1369905,7.1222367
1760985795363,3.3176486,3.1758738,7.2023964
1760985795365,3.313461,3.2093735,7.283154
1760985795367,3.2853456,3.2386854,7.3782687
1760985795369,3.2715867,3.2769706,7.4303126
1760985795372,3.2769706,3.3056846,7.487142
1760985795374,3.301497,3.3385859,7.539186
1760985795377,3.2925239,3.3631122,7.5720873
1760985795379,3.3026934,3.4055848,7.6384883
1760985795380,3.3074791,3.429513,7.728817
1760985795383,3.3032916,3.4630125,7.8143606
1760985795385,3.3278182,3.495914,7.8664045
1760985795387,3.3523445,3.5240295,7.932805
1760985795390,3.3523445,3.5240295,8.022536
1760985795392,3.385844,3.5569308,8.065607
1760985795394,3.4151561,3.5994034,8.103293
1760985795396,3.4342988,3.6137605,8.155337
1760985795398,3.463611,3.6370904,8.1840515
1760985795401,3.482155,3.6221352,8.240881
1760985795403,3.4923246,3.650849,8.268997
1760985795405,3.5353954,3.659224,8.302496
1760985795408,3.5491543,3.6640096,8.349754
1760985795410,3.5593238,3.6681972,8.368897
1760985795412,3.5970106,3.6771703,8.416156
1760985795414,3.6113675,3.6670008,8.449655
1760985795416,3.6209388,3.6861434,8.459227
1760985795419,3.6687953,3.6807594,8.477771
1760985795421,3.6831522,3.6897326,8.525627
1760985795423,3.6975093,3.6993039,8.553742
1760985795426,3.7310088,3.7178483,8.601599
1760985795428,3.7501514,3.7172499,8.644072
1760985795430,3.7830527,3.7166517,8.668
1760985795433,3.8027935,3.739982,8.720044
1760985795435,3.8404803,3.720241,8.762517
1760985795437,3.868596,3.7100716,8.8289175
1760985795439,3.8973098,3.7094734,8.862417
1760985795442,3.92064,3.6993039,8.924032
1760985795444,3.972684,3.6837504,8.980862
1760985795446,4.0013976,3.6975093,9.014361
1760985795448,4.0295134,3.6681972,9.080762
1760985795451,4.058227,3.6628132,9.156734
1760985795453,4.119244,3.6370904,9.237492
1760985795455,4.1383867,3.641876,9.2895355
1760985795458,4.171288,3.6023946,9.375079
1760985795460,4.2041893,3.606582,9.431909
1760985795462,4.2275195,3.5676985,9.507881
1760985795464,4.2556353,3.5330026,9.550952
1760985795467,4.293322,3.53719,9.631709
1760985795468,4.331009,3.5030923,9.669396
1760985795471,4.3357944,3.4929228,9.722038
1760985795473,4.3591247,3.473182,9.788439
1760985795475,4.4057846,3.4432719,9.817153
1760985795478,4.434499,3.4426737,9.859626
1760985795480,4.434499,3.4283166,9.906884
1760985795482,4.49073,3.3984063,9.935597
1760985795484,4.5044885,3.3840494,9.949955
1760985795486,4.523631,3.3690944,9.982856
1760985795488,4.557131,3.3732817,10.001999
1760985795491,4.5798626,3.3439696,10.001999
1760985795493,4.5942197,3.3487554,10.025927
1760985795496,4.612764,3.3194432,10.040284
1760985795498,4.6175494,3.3242288,10.054641
1760985795500,4.622335,3.3290145,10.054641
1760985795502,4.6319065,3.318845,10.040284
1760985795505,4.6175494,3.3194432,10.068399
1760985795507,4.636692,3.3044882,10.068997
1760985795509,4.6552362,3.2991042,10.064212
1760985795511,4.6408796,3.2997024,10.068997
1760985795514,4.6408796,3.2997024,10.064212
1760985795516,4.621737,3.2853456,10.064212
1760985795518,4.612764,3.309872,10.068399
1760985795520,4.6085763,3.3242288,10.068399
1760985795523,4.5798626,3.324827,10.054641
1760985795525,4.5798626,3.3343983,10.04507
1760985795528,4.5565324,3.354139,10.049855
1760985795530,4.551747,3.3589249,10.035499
1760985795532,4.5565324,3.3637104,9.987641
1760985795534,4.5619164,3.3780673,9.997213
1760985795536,4.5475593,3.3780673,9.997213
1760985795538,4.5332026,3.3786657,9.982856
1760985795541,4.4955153,3.403192,9.969097
1760985795543,4.49073,3.3792639,9.954741
1760985795546,4.456632,3.3511481,9.935597
1760985795548,4.4374895,3.342175,9.921241
1760985795550,4.4321055,3.3182468,9.869197
1760985795552,4.417749,3.2991042,9.812367
1760985795554,4.4410787,3.2656047,9.750752
1760985795556,4.450052,3.2554352,9.713065
1760985795558,4.4452662,3.2560334,9.693923
1760985795561,4.4452662,3.246462,9.603594
1760985795563,4.4685965,3.231507,9.58505
1760985795565,4.4638104,3.21715,9.556335
1760985795568,4.459025,3.2081769,9.532407
1760985795570,4.4542394,3.2273195,9.509077
1760985795572,4.459025,3.2368908,9.49472
1760985795574,4.450052,3.2416766,9.470792
1760985795577,4.435695,3.2327034,9.447462
1760985795580,4.4207397,3.2183464,9.452248
1760985795581,4.39741,3.2189445,9.433105
1760985795583,4.377669,3.1950164,9.413962
1760985795587,4.3441696,3.1669009,9.409177
1760985795589,4.3292146,3.1483564,9.413962
1760985795590,4.3244286,3.1339993,9.400204
1760985795593,4.323232,3.0759735,9.400204
1760985795595,4.3274198,3.042474,9.376275
1760985795597,4.322036,2.989832,9.385847
1760985795599,4.3357944,2.975475,9.34816
1760985795602,4.330411,2.9413772,9.3816595
1760985795604,4.3537407,2.9126635,9.391231
1760985795606,4.3722854,2.8642087,9.4432745
1760985795608,4.35733,2.845066,9.495318
1760985795610,4.3764725,2.830111,9.552746
1760985795613,4.38066,2.8199415,9.614362
1760985795615,4.3800616,2.772085,9.675977
1760985795617,4.3890347,2.728416,9.751948
1760985795619,4.388437,2.714059,9.832706
1760985795622,4.39741,2.684747,9.908679
1760985795624,4.388437,2.6895328,9.979865
1760985795627,4.3782673,2.6512475,10.070194
1760985795629,4.3537407,2.6129622,10.146166
1760985795631,4.3674994,2.5932214,10.194023
1760985795633,4.334,2.5794628,10.269995
1760985795636,4.3154554,2.5746772,10.345368
1760985795639,4.301099,2.565106,10.393225
1760985795640,4.281358,2.536392,10.450055
1760985795642,4.262215,2.5178475,10.488339
1760985795644,4.214359,2.4993033,10.540383
1760985795647,4.2000017,2.4993033,10.597214
1760985795649,4.165904,2.452045,10.640285
1760985795651,4.1425743,2.4616163,10.687542
1760985795653,4.1228333,2.4329023,10.740185
1760985795656,4.080361,2.44367,10.782657
1760985795658,4.0564327,2.4388845,10.829915
1760985795660,4.0037904,2.4107687,10.8682
1760985795662,3.9607196,2.3922246,10.887343
1760985795665,3.9128633,2.3694925,10.910673
1760985795667,3.8273199,2.3802602,10.963315
1760985795669,3.7417765,2.3718855,11.02493
1760985795671,3.6376886,2.3784657,11.105688
1760985795674,3.5234313,2.370689,11.172089
1760985795676,3.4283166,2.3724837,11.224133
1760985795679,3.3290145,2.3784657,11.324033
1760985795680,3.2099717,2.3754747,11.390434
1760985795683,3.077768,2.39701,11.471191
1760985795685,2.9635108,2.3988047,11.560923
1760985795687,2.8307092,2.4059832,11.656037
1760985795689,2.687738,2.3940191,11.7463665
1760985795692,2.5980072,2.4095724,11.850454
1760985795694,2.4795625,2.411367,11.931211
1760985795696,2.3700907,2.4131618,12.007184
1760985795698,2.236691,2.391028,12.102299
1760985795701,2.1278176,2.3928227,12.225529
1760985795703,2.0177476,2.370689,12.330215
1760985795705,1.9369899,2.3575284,12.439089
1760985795707,1.817947,2.3353949,12.54856
1760985795710,1.713261,2.312663,12.67179
1760985795713,1.6462619,2.2755744,12.776477
1760985795715,1.550549,2.2384856,12.899707
1760985795716,1.4404793,2.1870399,13.004393
1760985795719,1.358525,2.14038,13.109078
1760985795720,1.2490535,2.1080768,13.227524
1760985795724,1.1485549,2.0524435,13.346566
1760985795725,1.0671989,2.0201404,13.43211
1760985795727,0.9667004,1.9782661,13.550554
1760985795729,0.8847462,1.9166509,13.655241
1760985795731,0.7890333,1.8753748,13.71207
1760985795734,0.71724856,1.8233309,13.774283
1760985795736,0.60717875,1.7964116,13.869398
1760985795738,0.54436713,1.7204394,13.940585
1760985795741,0.43968117,1.7174485,14.030913
1760985795743,0.3487539,1.6660028,14.087744
1760985795745,0.26261228,1.628914,14.1356
1760985795747,0.18604197,1.5918252,14.182858
1760985795750,0.09451649,1.535594,14.221143
1760985795752,0.013160525,1.4841483,14.245071
1760985795754,-0.054436713,1.4327025,14.230715
1760985795756,-0.10289137,1.375873,14.240286
1760985795759,-0.16510476,1.3435699,14.245071
1760985795761,-0.22731815,1.3112668,14.1930275
1760985795763,-0.27098715,1.2783655,14.150555
1760985795766,-0.29072794,1.2400804,14.112269
1760985795768,-0.32482567,1.1928221,14.03211
1760985795770,-0.33918262,1.183849,13.970495
1760985795772,-0.33918262,1.1694921,13.870595
1760985795775,-0.34456646,1.1407782,13.799408
1760985795777,-0.33080772,1.1072787,13.676178
1760985795779,-0.34097722,1.0983056,13.557734
1760985795781,-0.317049,1.0935199,13.420146
1760985795784,-0.29850462,1.0552348,13.282558
1760985795786,-0.27517462,1.049851,13.154543
1760985795788,-0.25663024,1.035494,13.01217
1760985795790,-0.23330021,1.0211371,12.845868
1760985795793,-0.20518455,0.96789676,12.722638
1760985795795,-0.16271193,0.95832545,12.551551
1760985795797,-0.1680958,0.9493524,12.390634
1760985795800,-0.15433706,0.90089774,12.238689
1760985795802,-0.10289137,0.87637126,12.101102
1760985795804,-0.098703936,0.84347,11.968301
1760985795806,-0.09451649,0.80518484,11.807384
1760985795809,-0.09990034,0.7908279,11.669198
1760985795812,-0.09032906,0.77706915,11.508281
1760985795814,-0.08135597,0.7435696,11.351551
1760985795815,-0.06759724,0.738784,11.204392
1760985795818,-0.05802595,0.7292127,11.047662
1760985795820,-0.07298109,0.715454,10.8867445
1760985795822,-0.07776674,0.6969096,10.739586
1760985795825,-0.07298109,0.72083783,10.573285
1760985795827,-0.07776674,0.6975078,10.398011
1760985795829,-0.08255238,0.70289165,10.255638
1760985795831,-0.07836494,0.6837491,10.098908
1760985795834,-0.09272188,0.66999036,9.91825
1760985795837,-0.08793623,0.6945168,9.747761
1760985795839,-0.08315059,0.68494546,9.591031
1760985795841,-0.0735793,0.695115,9.448658
1760985795843,-0.058624156,0.72382885,9.296714
1760985795845,-0.05383851,0.74835527,9.149555
1760985795847,-0.04426722,0.7579266,9.002397
1760985795849,-0.049052864,0.7680961,8.869596
1760985795852,-0.010169496,0.8105687,8.736196
1760985795854,-0.010169496,0.7968099,8.608179
1760985795857,0.01375873,0.8350951,8.517851
1760985795859,0.014356935,0.849452,8.441878
1760985795860,0.05682954,0.85842514,8.389834
1760985795863,0.033499517,0.88295156,8.309076
1760985795865,0.034097724,0.9068798,8.233105
1760985795868,0.020338992,0.93619186,8.166703
1760985795869,-0.013160525,0.93679005,8.119446
1760985795872,-0.026919255,0.95653087,8.076375
1760985795875,-0.031106694,0.9810573,8.042875
1760985795876,-0.04546363,0.98584294,7.995617
1760985795878,-0.059820566,0.98644114,7.995617
1760985795881,-0.08315059,1.0007981,7.995617
1760985795883,-0.09212367,1.0205388,8.009974
1760985795885,-0.096909314,1.0157533,7.9908314
1760985795887,-0.116650105,0.991825,8.014759
1760985795889,-0.111266255,1.0109676,8.029117
1760985795892,-0.14476576,1.0019945,8.024331
1760985795894,-0.13519448,1.0115658,8.033304
1760985795897,-0.13998012,1.0019945,8.057232
1760985795898,-0.16450655,0.96849495,8.085946
1760985795901,-0.16869399,0.99302137,8.057232
1760985795903,-0.17347965,0.97866446,8.085946
1760985795906,-0.15014961,0.9828519,8.095517
1760985795908,-0.15972091,0.9637093,8.105088
1760985795910,-0.13160525,0.9391829,8.090732
1760985795912,-0.12263216,0.92482597,8.105088
1760985795915,-0.11784652,0.9200403,8.095517
1760985795917,-0.07956135,0.9236295,8.105088
1760985795919,-0.07477571,0.91884387,8.11466
1760985795921,-0.046660043,0.92303133,8.119446
1760985795924,-0.022731815,0.91346,8.085946
1760985795927,-0.008374879,0.92243314,8.11466
1760985795929,0.04366901,0.9170493,8.124231
1760985795931,0.091525465,0.92542416,8.109874
1760985795932,0.12861422,0.8913264,8.100303
1760985795935,0.15732808,0.8859426,8.095517
1760985795937,0.19980069,0.89013004,8.076375
1760985795939,0.23330021,0.8895318,8.053044
1760985795942,0.2757728,0.8650054,8.072187
1760985795944,0.35174492,0.8632108,8.076973
1760985795946,0.37567315,0.8679964,8.090732
1760985795948,0.40857446,0.87218386,8.072187
1760985795951,0.43669012,0.85244304,8.085946
1760985795953,0.46061835,0.8662018,8.081161
1760985795955,0.4660022,0.8853444,8.100303
1760985795958,0.50368917,0.87996054,8.100303
1760985795960,0.5282156,0.90329057,8.109874
1760985795962,0.53300124,0.9176475,8.119446
1760985795964,0.55752766,0.951147,8.142776
1760985795966,0.567099,0.9696914,8.147561
1760985795969,0.5629115,1.0085747,8.147561
1760985795972,0.5778667,1.0277174,8.109276
1760985795973,0.5922236,1.055833,8.142776
1760985795975,0.60717875,1.0893325,8.156534
1760985795978,0.6221339,1.1276177,8.13799
1760985795980,0.651446,1.174876,8.132606
1760985795982,0.6520442,1.2131611,8.132606
1760985795985,0.6765706,1.2610176,8.1230345
1760985795986,0.69092757,1.2705889,8.151749
1760985795989,0.6969096,1.3280165,8.137392
1760985795991,0.7070791,1.3615161,8.118249
1760985795994,0.7363912,1.4183456,8.136793
1760985795997,0.72323066,1.4620147,8.108678
1760985795998,0.73340017,1.5098711,8.117651
1760985796001,0.7435696,1.5577276,8.093722
1760985796003,0.7680961,1.605584,8.041678
1760985796005,0.7830512,1.6534405,8.017751
1760985796008,0.81655073,1.6671991,7.9890366
1760985796010,0.8129615,1.7198412,7.960921
1760985796011,0.83688974,1.7294126,7.932207
1760985796014,0.8225328,1.7294126,7.91785
1760985796016,0.81834537,1.7635103,7.870592
1760985796018,0.8141579,1.7922242,7.865806
1760985796020,0.7956135,1.8215362,7.81795
1760985796023,0.8009974,1.8454645,7.8083787
1760985796025,0.78664047,1.8508483,7.780263
1760985796028,0.7818548,1.8652053,7.7850485
1760985796030,0.7639086,1.9088743,7.7611203
1760985796032,0.75493556,1.9328024,7.746763
1760985796034,0.7645068,1.9423738,7.746763
1760985796036,0.77407813,1.9615164,7.756335
1760985796038,0.74117684,1.9764715,7.751549
1760985796041,0.72263247,2.000998,7.7276206
1760985796043,0.7328019,2.0536401,7.6941214
1760985796045,0.7190432,2.0584257,7.68455
1760985796048,0.71425754,2.0781665,7.665407
1760985796050,0.7052845,2.111666,7.6420774
1760985796052,0.72502524,2.1260228,7.6277204
1760985796054,0.72023964,2.1355941,7.603792
1760985796056,0.7393822,2.1595225,7.5607214
1760985796059,0.7728817,2.1684954,7.5182486
1760985796061,0.8069794,2.201397,7.489535
1760985796063,0.8213364,2.2205393,7.4656067
1760985796066,0.8219346,2.239682,7.451848
1760985796068,0.82672024,2.254039,7.42792
1760985796070,0.8650054,2.277369,7.4327054
1760985796072,0.8650054,2.2869403,7.413563
1760985796075,0.8991031,2.3054845,7.413563
1760985796078,0.9128618,2.3102703,7.3992057
1760985796080,0.9559326,2.3192434,7.380063
1760985796081,0.98524475,2.3425734,7.39442
1760985796084,0.99003035,2.347359,7.39442
1760985796086,1.0510473,2.3318057,7.39442
1760985796088,1.0941181,2.3407788,7.4039917
1760985796091,1.1324034,2.3449662,7.42792
1760985796093,1.1557333,2.315654,7.4416785
1760985796095,1.2029916,2.3288147,7.4512496
1760985796097,1.250848,2.3186452,7.456035
1760985796100,1.2927225,2.2989044,7.4656067
1760985796102,1.326222,2.312663,7.499106
1760985796104,1.378864,2.3114667,7.508079
1760985796106,1.3926228,2.3060827,7.522436
1760985796108,1.4404793,2.3054845,7.541579
1760985796111,1.4877375,2.295315,7.5463643
1760985796113,1.5020944,2.3042881,7.5607214
1760985796117,1.5493526,2.2989044,7.588837
1760985796119,1.6019948,2.297708,7.598408
1760985796121,1.6402799,2.3114667,7.6127653
1760985796122,1.6923238,2.3102703,7.641479
1760985796124,1.7108682,2.2959132,7.6462646
1760985796126,1.753939,2.3138595,7.664809
1760985796129,1.7778672,2.30369,7.6983085
1760985796131,1.8065811,2.3132613,7.693523
1760985796133,1.8442681,2.3024936,7.717451
1760985796136,1.8729819,2.3072793,7.735996
1760985796138,1.9058832,2.2917259,7.7742805
1760985796140,1.9202402,2.2917259,7.759924
1760985796142,1.9579271,2.2863421,7.7551384
1760985796144,1.9818554,2.3048863,7.7407813
1760985796147,2.009971,2.2755744,7.717451
1760985796149,2.0338993,2.2851455,7.7270226
1760985796151,2.0572293,2.274976,7.669595
1760985796154,2.0811574,2.2743778,7.6510506
1760985796156,2.1098714,2.2695923,7.6271224
1760985796158,2.1284158,2.2498515,7.631908
1760985796160,2.1427727,2.2594228,7.598408
1760985796163,2.137389,2.245066,7.5942206
1760985796165,2.1427727,2.2546372,7.589435
1760985796167,2.161317,2.239682,7.598408
1760985796169,2.175674,2.2301106,7.6271224
1760985796172,2.199004,2.2151556,7.6510506
1760985796174,2.1984057,2.2007985,7.6749787
1760985796176,2.2319052,2.204388,7.731808
1760985796179,2.2414765,2.204388,7.7647095
1760985796181,2.2648067,2.1942184,7.812566
1760985796183,2.2743778,2.1942184,7.859824
1760985796185,2.2845473,2.207977,7.9597244
1760985796187,2.32702,2.2067807,8.021339
1760985796190,2.32702,2.1828525,8.068598
1760985796192,2.3174486,2.1780667,8.154141
1760985796194,2.341377,2.1918256,8.2253275
1760985796197,2.3407788,2.1774685,8.282157
1760985796199,2.3407788,2.167299,8.3581295
1760985796201,2.3742783,2.1619153,8.42453
1760985796203,2.388037,2.161317,8.500503
1760985796205,2.4209383,2.1415763,8.553144
1760985796207,2.4305096,2.1367905,8.614759
1760985796210,2.4496522,2.1361923,8.662018
1760985796213,2.4544377,2.1361923,8.690732
1760985796215,2.477768,2.111666,8.728418
1760985796217,2.4921248,2.1254246,8.733205
1760985796219,2.516053,2.1254246,8.742776
1760985796220,2.5872395,2.1140587,8.785249
1760985796223,2.6201408,2.0991037,8.823533
1760985796226,2.629712,2.1038892,8.856435
1760985796227,2.6344976,2.0937197,8.913862
1760985796229,2.6482565,2.0937197,8.932407
1760985796232,2.6721847,2.088336,8.95155
1760985796234,2.6626134,2.0931215,8.985049
1760985796237,2.6769702,2.0979073,8.965906
1760985796239,2.6721847,2.1026928,9.003593
1760985796241,2.6823542,2.126621,8.994022
1760985796243,2.6775684,2.1314068,9.01795
1760985796245,2.6679974,2.1361923,9.01795
1760985796247,2.6590242,2.1505494,9.027522
1760985796250,2.6638098,2.155335,9.008379
1760985796252,2.6596224,2.1798615,8.994022
1760985796254,2.6458635,2.2037897,8.965308
1760985796257,2.6362925,2.2139592,8.970094
1760985796259,2.6225336,2.242673,8.965308
1760985796261,2.608775,2.2576282,8.937193
1760985796263,2.6279175,2.2857437,8.937193
1760985796266,2.6141586,2.3054845,8.91805
1760985796268,2.6195426,2.3581266,8.898908
1760985796270,2.605784,2.3539393,8.894122
1760985796272,2.6117659,2.425724,8.860622
1760985796275,2.6165516,2.440081,8.860622
1760985796277,2.612364,2.4735804,8.841479
1760985796279,2.5938199,2.4933212,8.831908
1760985796281,2.5794628,2.513062,8.827123
1760985796285,2.5752754,2.5226333,8.817552
1760985796287,2.5806592,2.565704,8.812766
1760985796288,2.5669005,2.5998018,8.817552
1760985796291,2.5435705,2.6189444,8.803194
1760985796293,2.5292134,2.6243281,8.817552
1760985796295,2.5202405,2.6434708,8.784052
1760985796298,2.4729822,2.6685956,8.807981
1760985796300,2.4544377,2.6685956,8.840881
1760985796302,2.4448664,2.678765,8.840881
1760985796304,2.4119651,2.69372,8.83131
1760985796307,2.4023938,2.708077,8.83131
1760985796308,2.3790638,2.737389,8.845667
1760985796311,2.3844478,2.7565317,8.860024
1760985796314,2.379662,2.7565317,8.86481
1760985796315,2.3754747,2.7900312,8.878569
1760985796318,2.370689,2.7948167,8.883354
1760985796320,2.3659034,2.7948167,8.883354
1760985796322,2.3808584,2.8235307,8.88814
1760985796324,2.3904297,2.833102,8.930613
1760985796327,2.3952155,2.833102,8.944969
1760985796329,2.4239295,2.856432,8.9210415
1760985796331,2.4670002,2.8462625,8.912068
1760985796334,2.4903302,2.85045,8.897711
1760985796335,2.5052853,2.8600214,8.864211
1760985796338,2.5238297,2.8642087,8.840881
1760985796340,2.5429723,2.8546374,8.873783
1760985796342,2.5429723,2.87378,8.864211
1760985796345,2.501098,2.9078777,8.892925
1760985796347,2.5112674,2.9413772,8.902496
1760985796349,2.464009,2.961118,8.940184
1760985796352,2.4687948,2.9802606,8.968299
1760985796354,2.446063,3.033501,8.973084
1760985796356,2.4323041,3.048456,8.977871
1760985796358,2.4089742,3.0819557,8.9826565
1760985796361,2.3904297,3.1016963,9.001201
1760985796363,2.3904297,3.1112676,8.997013
1760985796365,2.376671,3.1453655,9.020343
1760985796367,2.367698,3.1549366,9.025128
1760985796370,2.3635106,3.1836505,9.05803
1760985796372,2.349752,3.2027931,9.09153
1760985796374,2.3407788,3.2321053,9.134003
1760985796376,2.3407788,3.260819,9.15793
1760985796379,2.3312075,3.260819,9.171689
1760985796381,2.32702,3.2799616,9.209974
1760985796383,2.3234308,3.3326037,9.233304
1760985796385,2.3515465,3.3326037,9.242876
1760985796388,2.376073,3.3511481,9.23809
1760985796390,2.3712873,3.3559337,9.262018
1760985796392,2.3952155,3.3840494,9.271589
1760985796394,2.3718855,3.3894334,9.271589
1760985796396,2.3916261,3.4420755,9.252447
1760985796399,2.3772693,3.4277184,9.262018
1760985796401,2.3778675,3.4564323,9.256635
1760985796403,2.3682961,3.4666018,9.252447
1760985796406,2.3682961,3.4809587,9.242876
1760985796408,2.3784657,3.4953158,9.2285185
1760985796410,2.4023938,3.5090744,9.214162
1760985796412,2.4023938,3.5186458,9.223733
1760985796415,2.416751,3.528217,9.223733
1760985796417,2.4311078,3.5234313,9.214162
1760985796419,2.4556344,3.551547,9.204591
1760985796421,2.4891338,3.5700915,9.209376
1760985796424,2.513062,3.5796626,9.185448
1760985796426,2.5184457,3.6179478,9.199805
1760985796428,2.5322046,3.6029928,9.218349
1760985796431,2.5322046,3.5934215,9.218349
1760985796433,2.5465615,3.6221352,9.218349
1760985796435,2.5471597,3.626921,9.227921
1760985796437,2.5471597,3.6364923,9.227921
1760985796440,2.556731,3.6598222,9.251849
1760985796442,2.5806592,3.6406796,9.247063
1760985796444,2.5663023,3.6454654,9.251849
1760985796446,2.6045876,3.6640096,9.237492
1760985796448,2.609373,3.6783667,9.218349
1760985796451,2.6243281,3.6975093,9.25125
1760985796453,2.6386852,3.7016966,9.25125
1760985796456,2.6668007,3.6963127,9.2895355
1760985796458,2.6805596,3.6771703,9.294321
1760985796460,2.7326035,3.6664026,9.308679
1760985796462,2.7379873,3.671188,9.332008
1760985796464,2.7708886,3.6658044,9.346365
1760985796467,2.7942185,3.650849,9.375079
1760985796468,2.8223343,3.635894,9.403793
1760985796471,2.8223343,3.6263227,9.417552
1760985796473,2.836093,3.592225,9.451052
1760985796476,2.8552356,3.5820556,9.503095
1760985796478,2.8444679,3.534199,9.546165
1760985796480,2.8773692,3.5096726,9.584451
1760985796482,2.8815567,3.4707892,9.646067
1760985796484,2.9048867,3.4510484,9.707682
1760985796487,2.9138598,3.4271202,9.75494
1760985796489,2.9515467,3.4067812,9.788439
1760985796491,2.9796624,3.377469,9.840483
1760985796494,3.022135,3.362514,9.893126
1760985796496,3.0269206,3.3427732,9.940384
1760985796498,3.0646076,3.3230324,9.993026
1760985796500,3.0969107,3.283551,10.021141
1760985796502,3.135196,3.2829528,10.068997
1760985796505,3.1872396,3.2673993,10.097114
1760985796507,3.2105699,3.2380872,10.125827
1760985796509,3.2769706,3.246462,10.1683
1760985796512,3.3338,3.226123,10.239487
1760985796514,3.3852458,3.2009985,10.311271
1760985796517,3.4229329,3.1812577,10.405787
1760985796518,3.4558342,3.141776,10.486546
1760985796520,3.4606197,3.141776,10.534402
1760985796523,3.4833515,3.0789645,10.6103735
1760985796526,3.4827533,3.0352955,10.700703
1760985796527,3.505485,2.986841,10.800603
1760985796529,3.519244,2.9671001,10.899905
1760985796531,3.5563326,2.9132617,10.990234
1760985796534,3.5892339,2.8839495,11.047064
1760985796537,3.611966,2.8205397,11.118849
1760985796539,3.6448672,2.800799,11.218151
1760985796540,3.6394832,2.7619154,11.313266
1760985796543,3.6394832,2.7523441,11.455638
1760985796545,3.6340995,2.7182465,11.56511
1760985796547,3.6197424,2.6943183,11.660225
1760985796550,3.6047873,2.6751757,11.759527
1760985796552,3.5712879,2.6470602,11.840284
1760985796555,3.5431721,2.6566312,11.911471
1760985796557,3.5330026,2.632703,11.959328
1760985796559,3.51386,2.62373,12.011372
1760985796562,3.4899318,2.5998018,12.049657
1760985796564,3.4606197,2.5812573,12.040086
1760985796566,3.4127634,2.5579274,12.0640135
1760985796568,3.3601213,2.525026,12.049657
1760985796570,3.321836,2.5208387,12.035299
1760985796572,3.2602208,2.5124638,12.049657
1760985796575,3.2410784,2.4939194,12.020943
1760985796577,3.1974092,2.4562325,11.997613
1760985796579,3.173481,2.437688,11.973684
1760985796582,3.1537402,2.4185455,11.912069
1760985796584,3.1202407,2.4047868,11.860025
1760985796586,3.0825539,2.4059832,11.822338
1760985796589,3.0634112,2.3916261,11.779267
1760985796591,3.0203404,2.3784657,11.751152
1760985796593,3.0388846,2.3539393,11.73201
1760985796595,3.0149565,2.359323,11.708081
1760985796598,2.9862428,2.335993,11.6751795
1760985796599,2.9862428,2.335993,11.651252
1760985796603,2.9712875,2.312065,11.632708
1760985796605,2.9760733,2.2881367,11.599208
1760985796606,2.9802606,2.2785654,11.603993
1760985796609,2.989832,2.254039,11.584851
1760985796611,2.9796624,2.2157538,11.603993
1760985796613,2.993421,2.201397,11.59502
1760985796616,3.0065815,2.1529422,11.637493
1760985796617,3.0107691,2.114657,11.642279
1760985796620,3.0245278,2.0949163,11.642279
1760985796622,3.0526435,2.0656042,11.670993
1760985796624,3.057429,2.0416758,11.704492
1760985796627,3.094518,2.0165513,11.737393
1760985796629,3.1226335,1.9824536,11.75175
1760985796631,3.1405797,1.9292133,11.770893
1760985796633,3.1686954,1.8951155,11.775679
1760985796635,3.1920254,1.8658035,11.794821
1760985796638,3.2338998,1.8221345,11.809178
1760985796640,3.2524443,1.783251,11.847463
1760985796642,3.2470603,1.7545372,11.837892
1760985796645,3.2596226,1.6773686,11.866606
1760985796647,3.2446675,1.6295122,11.866606
1760985796649,3.2488549,1.591227,11.871391
1760985796651,3.2386854,1.5481563,11.885748
1760985796654,3.2189445,1.5002998,11.89532
1760985796656,3.2129626,1.4476577,11.909677
1760985796658,3.1884363,1.4045869,11.905489
1760985796660,3.187838,1.3663018,11.900703
1760985796663,3.1441689,1.3046865,11.919846
1760985796665,3.1100712,1.2430713,11.905489
1760985796667,3.094518,1.1952149,11.89173
1760985796669,3.0747771,1.1425728,11.872588
1760985796671,3.0358937,1.0857433,11.849257
1760985796674,3.0442686,1.0378869,11.797214
1760985796676,3.0245278,0.994816,11.754143
1760985796678,2.9952157,0.9379865,11.716456
1760985796681,2.9802606,0.89013004,11.693126
1760985796683,2.978466,0.80877405,11.617154
1760985796685,2.9545379,0.77587277,11.541182
1760985796687,2.9395826,0.7423732,11.484352
1760985796690,2.9341989,0.7046863,11.389835
1760985796692,2.9336007,0.6664011,11.299507
1760985796694,2.9473593,0.65682983,11.19482
1760985796697,2.9276185,0.59940207,11.090733
1760985796699,2.9126635,0.57607204,10.967503
1760985796701,2.8935208,0.5766702,10.815558
1760985796703,2.87378,0.5389833,10.677971
1760985796706,2.8546374,0.5347959,10.526027
1760985796708,2.8025935,0.526421,10.378868
1760985796710,2.7595227,0.52283174,10.250853
1760985796712,2.716452,0.5096712,10.1084795
1760985796715,2.673381,0.50129634,9.933205
1760985796717,2.649453,0.4971089,9.776475
1760985796719,2.6075785,0.5270192,9.61496
1760985796720,2.5645077,0.5282156,9.463016
1760985796723,2.5262225,0.5198407,9.302098
1760985796726,2.469393,0.52582276,9.145369
1760985796727,2.4556344,0.5407779,8.993423
1760985796729,2.3940191,0.5521438,8.831908
1760985796732,2.3228326,0.56769717,8.703893
1760985796735,2.2995026,0.58265233,8.570493
1760985796736,2.2564318,0.59342,8.437691
1760985796739,2.2241287,0.6233303,8.314461
1760985796741,2.1954148,0.63828546,8.209774
1760985796744,2.167299,0.6681957,8.105687
1760985796746,2.1254246,0.69272214,8.010572
1760985796748,2.1164517,0.7363912,7.920243
1760985796750,2.0931215,0.75613195,7.8490562
1760985796752,2.0602202,0.7908279,7.7826557
1760985796754,2.0321047,0.82013994,7.749156
1760985796757,1.9902302,0.8542377,7.7443705
1760985796759,1.942972,0.8889336,7.7300134
1760985796761,1.9100707,0.8895318,7.749156
1760985796763,1.8484555,0.9098708,7.7347994
1760985796766,1.8203398,0.9200403,7.7587276
1760985796768,1.7868403,0.91585284,7.772486
1760985796771,1.7682959,0.9349955,7.815557
1760985796773,1.7300107,0.930808,7.8628154
1760985796775,1.7156538,0.91166544,7.905886
1760985796777,1.68694,0.89312106,7.9627156
1760985796779,1.6911274,0.8781659,8.038688
1760985796782,1.666601,0.83090764,8.081161
1760985796784,1.6618153,0.8255238,8.129017
1760985796787,1.6468602,0.7728817,8.17149
1760985796789,1.6558332,0.74416786,8.257032
1760985796791,1.6510476,0.73459655,8.300103
1760985796793,1.6594225,0.6861419,8.347362
1760985796795,1.6827525,0.64247286,8.356933
1760985796797,1.7204394,0.637089,8.380861
1760985796800,1.7485552,0.59760743,8.419147
1760985796802,1.7910278,0.58265233,8.414361
1760985796804,1.8191434,0.5629115,8.395218
1760985796807,1.8514465,0.5240282,8.400003
1760985796809,1.8891335,0.509073,8.352746
1760985796811,1.8939191,0.50428736,8.324032
1760985796813,1.945963,0.49351966,8.300702
1760985796816,1.931606,0.47976094,8.305488
1760985796818,1.945963,0.48873404,8.29113
1760985796820,1.9507487,0.4989035,8.257631
1760985796822,1.9555343,0.4941179,8.205587
1760985796825,1.9369899,0.5180461,8.167302
1760985796827,1.9274186,0.5282156,8.105687
1760985796829,1.9280169,0.55692947,8.053643
1760985796831,1.9334008,0.5766702,7.987242
1760985796833,1.9244276,0.62931234,7.9393854
1760985796836,1.9387846,0.6436693,7.9016986
1760985796838,1.9304097,0.69212395,7.858628
1760985796840,1.8981066,0.73579293,7.7874413
1760985796842,1.8939191,0.7746763,7.763513
1760985796845,1.8658035,0.8135597,7.711469
1760985796847,1.838286,0.8572287,7.673184
1760985796850,1.8155541,0.91525465,7.64447
1760985796852,1.7682959,0.9499506,7.587641
1760985796854,1.7647067,1.0079765,7.5493555
1760985796857,1.7467605,1.0564312,7.520642
1760985796860,1.7521443,1.0899308,7.4829545
1760985796860,1.7330018,1.1144571,7.4398837
1760985796863,1.7336,1.1288141,7.435098
1760985796865,1.7300107,1.1862419,7.4159555
1760985796868,1.7443677,1.2197413,7.387242
1760985796870,1.7503498,1.2675978,7.387242
1760985796872,1.7647067,1.2915261,7.3776703
1760985796874,1.7694924,1.3010973,7.3728848
1760985796876,1.7700906,1.3202399,7.3633137
1760985796878,1.8083757,1.3483555,7.3585277
1760985796881,1.8418752,1.3573287,7.3489566
1760985796883,1.8897316,1.3854443,7.344171
1760985796885,1.9423738,1.3800604,7.3256264
1760985796887,1.9758734,1.3938192,7.3064837
1760985796890,2.0087745,1.3836497,7.292127
1760985796892,2.0703897,1.3968102,7.292127
1760985796894,2.137389,1.4051851,7.2729845
1760985796896,2.1894326,1.4045869,7.25444
1760985796899,2.2372892,1.4327025,7.2352977
1760985796902,2.2660031,1.4321043,7.2065835
1760985796903,2.2941186,1.4267205,7.187441
1760985796906,2.3276181,1.4356936,7.1784678
1760985796908,2.3754747,1.4446666,7.1545396
1760985796910,2.41376,1.4488541,7.1162543
1760985796913,2.4323041,1.4530416,7.09771
1760985796915,2.452045,1.4721842,7.073782
1760985796916,2.5136602,1.4853446,7.092326
1760985796919,2.5471597,1.4943178,7.0546393
1760985796922,2.5477579,1.5284154,7.049854
1760985796924,2.571686,1.5373886,7.0689964
1760985796926,2.5818555,1.5565311,7.0450683
1760985796928,2.5962126,1.5894325,7.097112
1760985796930,2.605784,1.5942181,7.111469
1760985796933,2.6111677,1.622932,7.134799
1760985796935,2.6309085,1.6510476,7.1826553
1760985796937,2.6165516,1.6564314,7.2346992
1760985796939,2.6225336,1.7138592,7.2580295
1760985796941,2.6267211,1.7036897,7.3196445
1760985796944,2.617748,1.7234305,7.3435726
1760985796946,2.6183462,1.7377875,7.400402
1760985796949,2.6141586,1.771287,7.457232
1760985796951,2.5956144,1.8191434,7.5140615
1760985796953,2.5908287,1.8191434,7.5756764
1760985796955,2.5962126,1.8430717,7.637292
1760985796958,2.6015964,1.8909281,7.6851482
1760985796960,2.6063821,1.8903298,7.7276206
1760985796962,2.6111677,1.8951155,7.7700934
1760985796964,2.612364,1.9381863,7.813164
1760985796966,2.6219354,1.9573289,7.850851
1760985796969,2.641078,1.9710877,7.8981094
1760985796971,2.6464617,1.9998015,7.9597244
1760985796973,2.6751757,2.0183458,7.978867
1760985796975,2.7038896,2.0225334,7.993224
1760985796977,2.714059,2.0416758,8.011768
1760985796980,2.7523441,2.0602202,8.073383
1760985796982,2.7762725,2.0787647,8.092526
1760985796984,2.8139594,2.0685952,8.111669
1760985796987,2.8426733,2.0727825,8.106883
1760985796989,2.8666015,2.0919251,8.092526
1760985796991,2.861816,2.0721843,8.130812
1760985796994,2.8899314,2.062613,8.126026
1760985796996,2.885744,2.07697,8.149356
1760985796998,2.900101,2.0811574,8.154141
1760985797000,2.9186454,2.0811574,8.134998
1760985797003,2.9186454,2.076372,8.12124
1760985797005,2.9234312,2.0859432,8.139785
1760985797007,2.9473593,2.085345,8.154141
1760985797009,2.966502,2.094318,8.149356
1760985797012,2.9952157,2.1134605,8.168498
1760985797014,3.0239296,2.132005,8.191829
1760985797016,3.010171,2.1272194,8.2014
1760985797019,3.0053852,2.1511476,8.220542
1760985797021,3.0053852,2.1415763,8.254042
1760985797023,3.010171,2.1511476,8.3013
1760985797026,3.034099,2.1649063,8.310871
1760985797028,3.0011978,2.1798615,8.367701
1760985797029,2.9874392,2.184647,8.4197445
1760985797032,2.9778678,2.1948166,8.45803
1760985797034,2.9449666,2.204388,8.4909315
1760985797036,2.9545379,2.228316,8.538189
1760985797039,2.9168508,2.2241287,8.5525465
1760985797041,2.902494,2.2337,8.595019
1760985797043,2.8833513,2.2342982,8.6141615
1760985797045,2.865405,2.2636101,8.63809
1760985797047,2.8701909,2.2725832,8.690134
1760985797049,2.8510482,2.2731814,8.76132
1760985797052,2.8510482,2.2725832,8.8085785
1760985797055,2.8277183,2.2971098,8.851649
1760985797057,2.8325038,2.306681,8.860622
1760985797059,2.8235307,2.3114667,8.913264
1760985797061,2.8241289,2.3449662,8.917452
1760985797063,2.8139594,2.321038,8.979665
1760985797066,2.8193433,2.3545375,8.988638
1760985797068,2.8049862,2.3449662,9.017352
1760985797070,2.8480573,2.3587248,9.031709
1760985797073,2.8337002,2.3539393,9.059825
1760985797076,2.838486,2.3682961,9.055039
1760985797078,2.8390841,2.3826532,9.059825
1760985797080,2.8582265,2.3874388,9.074182
1760985797082,2.853441,2.4017956,9.059825
1760985797085,2.8432715,2.3778675,9.059825
1760985797086,2.8438697,2.3922246,9.050254
1760985797088,2.8725836,2.39701,9.041281
1760985797091,2.891128,2.4011974,9.041281
1760985797093,2.9246275,2.4101706,9.031709
1760985797095,2.9341989,2.4197419,9.012567
1760985797097,2.929413,2.4101706,9.012567
1760985797100,2.9533412,2.4239295,8.99821
1760985797102,2.9587252,2.4484558,8.993423
1760985797104,2.9682965,2.4526432,8.959925
1760985797106,2.9970105,2.457429,8.946166
1760985797108,2.9874392,2.4670002,8.955139
1760985797111,3.0065815,2.466402,8.917452
1760985797113,3.0113673,2.4909284,8.846265
1760985797115,3.0215368,2.5004997,8.827123
1760985797118,3.0352955,2.4951158,8.803194
1760985797120,3.0311081,2.524428,8.779864
1760985797122,3.0550363,2.5238297,8.732008
1760985797124,3.068795,2.519044,8.689535
1760985797127,3.0693932,2.533401,8.665607
1760985797129,3.0885358,2.5573292,8.623135
1760985797131,3.0885358,2.5573292,8.551949
1760985797134,3.0843484,2.5812573,8.532805
1760985797136,3.1082766,2.5860431,8.523234
1760985797138,3.1274192,2.609373,8.49452
1760985797140,3.1322048,2.6189444,8.475976
1760985797143,3.1375887,2.62373,8.484949
1760985797145,3.12383,2.667399,8.437691
1760985797147,3.1142588,2.667399,8.442476
1760985797149,3.1286156,2.6865416,8.432905
1760985797151,3.1387851,2.720041,8.432905
1760985797154,3.1154552,2.7302105,8.432905
1760985797156,3.1250265,2.7445676,8.3994055
1760985797158,3.1160533,2.7828526,8.380263
1760985797161,3.144767,2.7870402,8.385049
1760985797162,3.1310084,2.8019953,8.365906
1760985797165,3.112464,2.8313074,8.342576
1760985797167,3.112464,2.821736,8.342576
1760985797169,3.1130621,2.8695927,8.337193
1760985797172,3.1220353,2.8552356,8.289934
1760985797175,3.117848,2.8791637,8.299505
1760985797177,3.0939198,2.8701909,8.299505
1760985797179,3.1088748,2.9036903,8.256434
1760985797181,3.1046875,2.922833,8.251649
1760985797183,3.0759735,2.9330025,8.242676
1760985797186,3.0717862,2.9473593,8.256434
1760985797188,3.0430722,2.9575288,8.209176
1760985797190,3.0293136,2.9772696,8.204391
1760985797192,3.0155547,3.0155547,8.166105
1760985797194,3.0299118,3.0059834,8.147561
1760985797197,3.0065815,3.0400813,8.146963
1760985797200,3.0161529,3.0448668,8.142776
1760985797202,3.0263224,3.068795,8.109276
1760985797203,3.0364919,3.1070802,8.085348
1760985797206,3.0364919,3.1118658,8.0614195
1760985797207,3.050849,3.1112676,8.070991
1760985797211,3.0412776,3.1310084,8.056634
1760985797212,3.0466614,3.1692936,8.023732
1760985797215,3.0472596,3.1932218,8.032705
1760985797217,3.056831,3.1980073,8.018947
1760985797218,3.056831,3.2123644,7.9950185
1760985797221,3.0478578,3.2123644,7.990233
1760985797223,3.057429,3.2410784,7.9854474
1760985797225,3.0436704,3.260819,8.009376
1760985797227,3.0245278,3.2656047,7.990233
1760985797231,3.0388846,3.246462,7.9710903
1760985797232,3.0245278,3.2560334,7.980662
1760985797234,3.0197423,3.2560334,7.9998045
1760985797236,2.996412,3.2614172,7.990233
1760985797239,3.025126,3.2799616,7.990233
1760985797241,3.0011978,3.2757742,7.975876
1760985797243,2.996412,3.2805598,7.9950185
1760985797246,2.9916265,3.2805598,7.9950185
1760985797248,2.9970105,3.3044882,7.9710903
1760985797250,2.9874392,3.295515,8.003992
1760985797252,2.9922247,3.3140593,8.008778
1760985797254,2.9874392,3.309872,8.008778
1760985797257,3.0209386,3.3038898,8.02792
1760985797259,3.0161529,3.3140593,8.047063
1760985797261,3.0352955,3.313461,8.047063
1760985797264,3.0346973,3.3038898,8.079964
1760985797266,3.05384,3.2937205,8.113463
1760985797268,3.0723844,3.2787652,8.113463
1760985797271,3.0634112,3.2889347,8.132606
1760985797273,3.0729825,3.293122,8.155936
1760985797275,3.0723844,3.2787652,8.175078
1760985797277,3.0915267,3.2739797,8.199007
1760985797280,3.1058838,3.278167,8.218149
1760985797282,3.1106694,3.2685957,8.218149
1760985797285,3.129812,3.2775688,8.236693
1760985797286,3.1196425,3.263212,8.2558365
1760985797288,3.1435707,3.2584262,8.2558365
1760985797291,3.1339993,3.2727833,8.260622
1760985797293,3.1339993,3.2679975,8.289336
1760985797295,3.1579278,3.257828,8.303095
1760985797298,3.162115,3.2482567,8.34138
1760985797300,3.1627133,3.2626138,8.331808
1760985797302,3.1573296,3.2434711,8.355737
1760985797304,3.176472,3.2476585,8.374281
1760985797307,3.1866415,3.266801,8.412566
1760985797309,3.1722846,3.266801,8.417352
1760985797311,3.1669009,3.2524443,8.436495
1760985797314,3.1770704,3.2763724,8.488539
1760985797317,3.1483564,3.2673993,8.507681
1760985797318,3.1393833,3.2769706,8.550154
1760985797320,3.1339993,3.2626138,8.559725
1760985797322,3.1154552,3.2673993,8.592627
1760985797325,3.1058838,3.2919257,8.62134
1760985797327,3.101098,3.2626138,8.659027
1760985797329,3.1058838,3.2626138,8.673384
1760985797331,3.0957143,3.2482567,8.706883
1760985797334,3.0819557,3.263212,8.739784
1760985797336,3.0813572,3.2386854,8.754142
1760985797338,3.0717862,3.234498,8.749356
1760985797340,3.101098,3.2530425,8.787642
1760985797343,3.0957143,3.2386854,8.797213
1760985797345,3.114857,3.2285159,8.825328
1760985797347,3.1190443,3.2237303,8.830113
1760985797350,3.12383,3.2093735,8.854042
1760985797352,3.1567314,3.2039895,8.863613
1760985797354,3.185445,3.2033913,8.882756
1760985797357,3.214159,3.21715,8.886943
1760985797358,3.2237303,3.2123644,8.896515
1760985797361,3.2380872,3.2165518,8.906086
1760985797363,3.251846,3.202195,8.906086
1760985797366,3.266203,3.2159536,8.930014
1760985797368,3.266203,3.1920254,8.915657
1760985797370,3.2991042,3.1866415,8.930014
1760985797372,3.2997024,3.205784,8.930014
1760985797374,3.3092737,3.2105699,8.939586
1760985797376,3.3278182,3.2004004,8.939586
1760985797379,3.290131,3.225525,8.9348
1760985797381,3.3236306,3.2249267,8.9348
1760985797383,3.347559,3.2338998,8.930014
1760985797385,3.3284163,3.2338998,8.944371
1760985797388,3.3427732,3.2482567,8.943773
1760985797390,3.3577285,3.2673993,8.943773
1760985797392,3.3481572,3.257828,8.930014
1760985797395,3.385844,3.2524443,8.930014
1760985797397,3.4049866,3.2470603,8.920443
1760985797399,3.4049866,3.2566316,8.939586
1760985797402,3.4289148,3.2614172,8.982058
1760985797404,3.4426737,3.2416766,9.005986
1760985797407,3.4570305,3.2602208,9.02453
1760985797408,3.4995031,3.24048,9.05803
1760985797410,3.5186458,3.2303107,9.110074
1760985797412,3.5754752,3.2147572,9.162716
1760985797415,3.6275191,3.2039895,9.233903
1760985797417,3.6981075,3.1645079,9.319446
1760985797419,3.7214375,3.135196,9.385847
1760985797422,3.739982,3.101098,9.47139
1760985797424,3.772285,3.0616167,9.556933
1760985797426,3.8004005,3.0323045,9.65145
1760985797428,3.804588,3.0173492,9.722636
1760985797431,3.790231,2.9790642,9.80818
1760985797433,3.760919,2.940779,9.888938
1760985797435,3.6933217,2.8893332,9.988838
1760985797438,3.6311083,2.856432,10.031909
1760985797440,3.6221352,2.8660033,10.050453
1760985797442,3.6747773,2.8989046,10.040882
1760985797444,3.708277,2.917449,10.045668
1760985797446,3.7567315,2.9790642,10.083953
1760985797449,3.7710886,2.9832516,10.126426
1760985797451,3.7818563,3.0406795,10.168898
1760985797453,3.7914274,3.0646076,10.207183
1760985797455,3.7920256,3.098107,10.235299
1760985797458,3.802195,3.1316066,10.24487
1760985797460,3.8165522,3.1453655,10.254441
1760985797462,3.8123646,3.165106,10.253843
1760985797464,3.8027935,3.1603205,10.263414
1760985797467,3.7980077,3.1746774,10.253843
1760985797469,3.798606,3.1842487,10.244272
1760985797471,3.821936,3.1842487,10.249058
1760985797474,3.8315072,3.178865,10.2682
1760985797476,3.8464625,3.2123644,10.315458
1760985797478,3.8703907,3.2165518,10.325029
1760985797480,3.8841493,3.196811,10.348958
1760985797482,3.8703907,3.226123,10.381859
1760985797485,3.8943188,3.2446675,10.386645
1760985797487,3.932604,3.2440693,10.377073
1760985797490,3.9661036,3.2673993,10.362717
1760985797491,4.0235314,3.2763724,10.362717
1760985797494,4.080361,3.2799616,10.367502
1760985797496,4.1425743,3.2979078,10.3441725
1760985797498,4.171288,3.3122647,10.353146
1760985797501,4.2041893,3.3116665,10.377073
1760985797503,4.2095733,3.3206396,10.386645
1760985797505,4.2568316,3.3152559,10.438689
1760985797507,4.24726,3.3056846,10.457831
1760985797510,4.217948,3.257828,10.529017
1760985797512,4.1892343,3.2392836,10.60499
1760985797514,4.174279,3.2201412,10.680962
1760985797517,4.126423,3.1920254,10.780863
1760985797519,4.092923,3.1872396,10.885549
1760985797521,4.078566,3.158526,11.046466
1760985797523,4.045665,3.1680973,11.19841
1760985797525,3.9978085,3.1591241,11.326426
1760985797528,3.964309,3.1399815,11.483156
1760985797530,3.9170506,3.1357942,11.663814
1760985797532,3.8739798,3.126821,11.82533
1760985797535,3.8123646,3.117848,12.005389
1760985797537,3.754937,3.1088748,12.152548
1760985797540,3.7022948,3.080759,12.28535
1760985797541,3.6352959,3.0526435,12.375679
1760985797544,3.592225,3.0245278,12.518052
1760985797546,3.577868,3.019144,12.665211
1760985797548,3.5491543,2.9910283,12.7698965
1760985797551,3.5198421,2.9671001,12.865011
1760985797553,3.4534414,2.9533412,12.983456
1760985797555,3.4007993,2.9252257,13.083356
1760985797557,3.3577285,2.9066813,13.144971
1760985797560,3.318845,2.8642087,13.197614
1760985797561,3.2757742,2.8408787,13.259229
1760985797564,3.2560334,2.7882366,13.2688
1760985797566,3.231507,2.7505496,13.297514
1760985797568,3.1926236,2.7026932,13.3022995
1760985797571,3.1728828,2.6554348,13.307085
1760985797572,3.1669009,2.5926232,13.335799
1760985797575,3.138187,2.5645077,13.340585
1760985797577,3.094518,2.5124638,13.3022995
1760985797580,3.0652058,2.4795625,13.293326
1760985797582,3.0364919,2.4562325,13.259827
1760985797584,3.0215368,2.4323041,13.222139
1760985797586,2.9976087,2.4089742,13.170095
1760985797588,2.964109,2.3952155,13.10848
1760985797591,2.9395826,2.3718855,13.046865
1760985797593,2.9012976,2.3389843,12.970893
1760985797595,2.8725836,2.3395824,12.909278
1760985797597,2.853441,2.321038,12.842877
1760985797600,2.8061829,2.3222344,12.809378
1760985797602,2.7822545,2.332404,12.742977
1760985797604,2.7206392,2.333002,12.723834
1760985797606,2.649453,2.344368,12.686148
1760985797609,2.592025,2.306681,12.6574335
1760985797611,2.5531418,2.2785654,12.614961
1760985797613,2.4580271,2.2707887,12.577274
1760985797615,2.3958137,2.2384856,12.506087
1760985797618,2.324029,2.1918256,12.444472
1760985797620,2.2522442,2.164308,12.397214
1760985797622,2.1942184,2.1367905,12.368501
1760985797624,2.1224337,2.099702,12.330813
1760985797627,2.0458634,2.0721843,12.306885
1760985797629,1.9884356,2.0207388,12.297912
1760985797631,1.9214365,1.9980069,12.269198
1760985797634,1.8544376,1.9657038,12.231511
1760985797636,1.7874385,1.9334008,12.183655
1760985797638,1.6815561,1.8777676,12.160325
1760985797640,1.614557,1.8406788,12.089138
1760985797643,1.5326029,1.7844474,12.037094
1760985797645,1.4656038,1.7425731,12.004193
1760985797648,1.393221,1.6671991,11.923435
1760985797650,1.3208381,1.6061822,11.86182
1760985797651,1.2484552,1.5643078,11.800205
1760985797654,1.1904292,1.4931214,11.720045
1760985797657,1.0899308,1.4470595,11.686545
1760985797659,1.0408778,1.3812568,11.615957
1760985797661,0.9924232,1.329213,11.525628
1760985797663,0.91585284,1.268196,11.440683
1760985797665,0.8530413,1.2311072,11.345569
1760985797667,0.8141579,1.1790633,11.246266
1760985797670,0.7800602,1.1276177,11.136795
1760985797673,0.7268199,1.0755738,11.027922
1760985797675,0.6837491,1.0432707,10.928619
1760985797678,0.63948184,0.9720842,10.847861
1760985797678,0.59581286,0.9296116,10.738988
1760985797681,0.55692947,0.88295156,10.643873
1760985797683,0.5282156,0.85483587,10.515858
1760985797686,0.4941179,0.81236327,10.368699
1760985797688,0.4743771,0.7746763,10.278968
1760985797690,0.43609193,0.75613195,10.193424
1760985797692,0.40259242,0.7477571,10.089336
1760985797694,0.36430725,0.7292127,9.984651
1760985797697,0.3260221,0.715454,9.894919
1760985797700,0.30209386,0.6969096,9.818948
1760985797701,0.2638087,0.69332033,9.719048
1760985797703,0.18305093,0.6999006,9.61496
1760985797706,0.15433706,0.69092757,9.529416
1760985797708,0.111266255,0.6723832,9.434301
1760985797710,0.101694964,0.66341007,9.334999
1760985797712,0.096909314,0.66341007,9.215957
1760985797715,0.058624156,0.65982085,9.097511
1760985797718,0.04007978,0.67477596,9.007183
1760985797719,-0.0029910284,0.67118675,8.907881
1760985797722,-0.0023928226,0.6903293,8.822337
1760985797724,-0.03589234,0.6765706,8.727222
1760985797726,-0.040677983,0.68195444,8.641679
1760985797728,-0.050249275,0.6963114,8.570493
1760985797731,-0.021535404,0.701097,8.480164
1760985797732,-0.031106694,0.6969096,8.390432
1760985797736,-0.016749758,0.69152576,8.324032
1760985797737,0.0065802624,0.6867401,8.266604
1760985797739,0.029910283,0.6765706,8.233703
1760985797741,0.020338992,0.65324056,8.200203
1760985797743,0.054436713,0.69571316,8.1433735
1760985797745,0.07298109,0.69092757,8.115258
1760985797748,0.064008005,0.71007013,8.076973
1760985797750,0.064008005,0.7148558,8.067402
1760985797752,0.054436713,0.7148558,8.048259
1760985797755,0.0735793,0.7292127,8.033902
1760985797757,0.068793654,0.7196414,8.043473
1760985797759,0.069391854,0.738784,8.033902
1760985797761,0.05922236,0.7148558,8.015358
1760985797764,0.04965107,0.715454,8.024929
1760985797766,0.021535404,0.7256235,7.9914293
1760985797768,-0.0071784677,0.721436,7.9633136
1760985797771,-0.011964113,0.7118647,7.9818583
1760985797773,-0.054436713,0.71724856,7.958528
1760985797775,-0.10229317,0.718445,7.948957
1760985797777,-0.111266255,0.7280163,7.925029
1760985797779,-0.116650105,0.718445,7.9106717
1760985797782,-0.09750752,0.7280163,7.8963146
1760985797784,-0.096909314,0.7471589,7.882556
1760985797787,-0.08315059,0.7369894,7.8921275
1760985797789,-0.07298109,0.7465607,7.882556
1760985797791,-0.06819545,0.7704889,7.9106717
1760985797793,-0.06819545,0.7752745,7.882556
1760985797795,-0.05383851,0.7848458,7.8963146
1760985797798,-0.05802595,0.80877405,7.872985
1760985797800,-0.043070808,0.8470592,7.858628
1760985797802,-0.038285162,0.8422736,7.8442707
1760985797804,-0.008973085,0.87996054,7.829914
1760985797807,0.023928227,0.88414794,7.8203425
1760985797809,0.04366901,0.90329057,7.8203425
1760985797811,0.096311115,0.93559366,7.8436728
1760985797814,0.12023934,0.9595219,7.8436728
1760985797816,0.14955142,0.9828519,7.8436728
1760985797818,0.19262223,1.0301101,7.867601
1760985797820,0.2117648,1.0199406,7.8723865
1760985797822,0.24586253,1.0630114,7.886145
1760985797825,0.26021945,1.0863415,7.8717885
1760985797827,0.3080759,1.1096715,7.886145
1760985797829,0.3182454,1.1383854,7.9052877
1760985797831,0.32841492,1.1718849,7.8909307
1760985797834,0.38584265,1.1994023,7.914261
1760985797836,0.42412782,1.227518,7.8909307
1760985797839,0.4534399,1.2556337,7.914261
1760985797841,0.4779663,1.2939188,7.9334035
1760985797843,0.5162515,1.3316058,7.9238324
1760985797845,0.56410795,1.3597214,7.937591
1760985797848,0.6029913,1.3830515,7.914261
1760985797850,0.66041905,1.4057833,7.923234
1760985797852,0.6945168,1.4536397,7.895118
1760985797854,0.72323066,1.4769697,7.847262
1760985797856,0.77587277,1.5050855,7.8233337
1760985797859,0.80997044,1.5523437,7.8089767
1760985797861,0.8530413,1.5900307,7.785647
1760985797863,0.887139,1.608575,7.7234335
1760985797865,0.9349955,1.6462619,7.690532
1760985797867,0.9589237,1.6654046,7.6713896
1760985797870,0.9834501,1.6935202,7.63789
1760985797872,1.0360922,1.7359928,7.618747
1760985797875,1.0749756,1.7838492,7.585846
1760985797877,1.1138589,1.8167506,7.5475607
1760985797879,1.1521441,1.8592232,7.518847
1760985797881,1.18684,1.9160527,7.4901333
1760985797884,1.2107682,1.9351953,7.475776
1760985797886,1.2299109,1.9585253,7.452446
1760985797888,1.2592229,2.0063818,7.442875
1760985797890,1.2837493,2.0398812,7.4141607
1760985797892,1.3034902,2.067997,7.4189467
1760985797895,1.3040884,2.1158533,7.4141607
1760985797897,1.3040884,2.1110678,7.3902326
1760985797899,1.3142579,2.149353,7.385447
1760985797901,1.3339987,2.187638,7.385447
1760985797904,1.329213,2.1972094,7.3902326
1760985797906,1.3298112,2.2307088,7.3896346
1760985797908,1.3256238,2.2552354,7.380063
1760985797910,1.3591232,2.268994,7.3567333
1760985797913,1.3501502,2.3168504,7.3657064
1760985797915,1.3692927,2.3216362,7.3752775
1760985797918,1.3746766,2.3551357,7.380063
1760985797920,1.3842479,2.3742783,7.3896346
1760985797922,1.4033905,2.37368,7.408777
1760985797924,1.4087744,2.4071796,7.39442
1760985797927,1.4189439,2.4311078,7.3992057
1760985797929,1.4285151,2.4454648,7.4033933
1760985797931,1.4338989,2.4933212,7.4129643
1760985797933,1.4147564,2.4837499,7.422536
1760985797935,1.4015958,2.5226333,7.4650083
1760985797938,1.3926228,2.5609183,7.4697943
1760985797940,1.3782659,2.5710878,7.498508
1760985797942,1.3645071,2.5998018,7.5122666
1760985797944,1.3555341,2.5998018,7.550552
1760985797947,1.3603196,2.5998018,7.5882387
1760985797949,1.3513466,2.638087,7.5930243
1760985797951,1.3471591,2.6721847,7.612167
1760985797953,1.3567305,2.6859434,7.62114
1760985797956,1.3567305,2.6811578,7.6594253
1760985797958,1.3806586,2.7003005,7.668997
1760985797960,1.3710874,2.6811578,7.711469
1760985797962,1.39023,2.7044878,7.7353973
1760985797965,1.4285151,2.7038896,7.773084
1760985797967,1.4237294,2.7182465,7.8113694
1760985797969,1.4524434,2.722434,7.839485
1760985797971,1.4757733,2.6979074,7.8777704
1760985797974,1.5188441,2.7116663,7.905886
1760985797976,1.5475581,2.725425,7.9154572
1760985797978,1.561915,2.7296124,7.953144
1760985797980,1.5804594,2.71047,7.986644
1760985797983,1.6043876,2.7194428,8.0201435
1760985797985,1.6372889,2.7092733,8.029715
1760985797987,1.666601,2.7326035,8.076973
1760985797990,1.6809579,2.7421749,8.067402
1760985797992,1.7090735,2.7176483,8.05783
1760985797994,1.7659031,2.6973093,8.067402
1760985797996,1.7892331,2.7014968,8.09133
1760985797998,1.8364913,2.6859434,8.096115
1760985798001,1.8460627,2.6859434,8.119446
1760985798003,1.8508483,2.6811578,8.11466
1760985798005,1.8933209,2.6608188,8.129017
1760985798008,1.9028922,2.6512475,8.138588
1760985798010,1.9214365,2.656033,8.152945
1760985798013,1.9645073,2.6548367,8.148159
1760985798014,2.0117657,2.6590242,8.167302
1760985798016,2.0171494,2.6685956,8.167302
1760985798019,2.0171494,2.6781666,8.2049885
1760985798021,2.0404794,2.6536403,8.233703
1760985798023,2.0404794,2.6679974,8.257631
1760985798025,2.0548365,2.667399,8.27139
1760985798028,2.0548365,2.667399,8.300103
1760985798030,2.059622,2.6626134,8.304889
1760985798032,2.0691934,2.6626134,8.314461
1760985798034,2.0739791,2.652444,8.333603
1760985798037,2.1068804,2.6470602,8.333603
1760985798039,2.1164517,2.6470602,8.324032
1760985798042,2.134996,2.6368906,8.333603
1760985798044,2.1589243,2.6416762,8.356933
1760985798047,2.187638,2.6362925,8.347362
1760985798048,2.2019951,2.6404798,8.385647
1760985798050,2.225325,2.626123,8.37129
1760985798053,2.245066,2.6542385,8.42812
1760985798054,2.2492533,2.649453,8.447262
1760985798057,2.268396,2.6536403,8.461619
1760985798059,2.2731814,2.6536403,8.489735
1760985798061,2.2779672,2.644069,8.504091
1760985798064,2.2875385,2.6578279,8.537591
1760985798066,2.2875385,2.653042,8.584849
1760985798068,2.2869403,2.629114,8.59442
1760985798070,2.2869403,2.629114,8.656036
1760985798073,2.2821546,2.6195426,8.699107
1760985798075,2.277369,2.6051857,8.741579
1760985798077,2.2677977,2.6051857,8.812766
1760985798080,2.2492533,2.6243281,8.855238
1760985798082,2.2588246,2.6338995,8.916854
1760985798084,2.2588246,2.62373,8.950353
1760985798087,2.2588246,2.6428726,9.011969
1760985798088,2.2498515,2.6476583,9.064013
1760985798091,2.2307088,2.653042,9.120842
1760985798093,2.193022,2.6679974,9.173484
1760985798095,2.1690936,2.658426,9.225528
1760985798097,2.1361923,2.6685956,9.272786
1760985798100,2.1122642,2.6691937,9.306286
1760985798102,2.0793629,2.678765,9.353543
1760985798104,2.0416758,2.6985056,9.391231
1760985798107,2.012962,2.684747,9.434301
1760985798109,1.9938195,2.6751757,9.463016
1760985798112,1.9698912,2.6805596,9.495916
1760985798113,1.9369899,2.6907291,9.524631
1760985798116,1.899303,2.6913273,9.524631
1760985798118,1.8891335,2.681756,9.552746
1760985798120,1.861616,2.7110682,9.567103
1760985798122,1.8281165,2.7116663,9.58146
1760985798125,1.8095721,2.7314072,9.619147
1760985798127,1.7952151,2.7266214,9.600004
1760985798129,1.7575282,2.7463622,9.619147
1760985798131,1.7623138,2.7559335,9.600004
1760985798134,1.7533408,2.7613173,9.576674
1760985798136,1.7294126,2.7714868,9.543175
1760985798138,1.7341982,2.7762725,9.519247
1760985798140,1.7437695,2.7613173,9.519247
1760985798143,1.7485552,2.78046,9.457631
1760985798145,1.7623138,2.766103,9.410374
1760985798148,1.7533408,2.7954152,9.3816595
1760985798150,1.7820547,2.78046,9.32483
1760985798152,1.7778672,2.8187451,9.268001
1760985798154,1.7874385,2.8480573,9.206385
1760985798157,1.8065811,2.8378878,9.158528
1760985798159,1.8113668,2.8522446,9.096913
1760985798161,1.8167506,2.876771,9.025727
1760985798163,1.811965,2.8815567,8.987442
1760985798166,1.8077775,2.9198418,8.940184
1760985798167,1.8029919,2.9252257,8.897711
1760985798170,1.80359,2.9682965,8.868998
1760985798172,1.7898313,2.9880373,8.811569
1760985798174,1.7850457,2.9880373,8.778668
1760985798177,1.7808583,3.022135,8.749954
1760985798179,1.7670995,3.0412776,8.726026
1760985798181,1.7294126,3.0610185,8.702696
1760985798183,1.7246269,3.0759735,8.669196
1760985798186,1.7347964,3.109473,8.645268
1760985798188,1.7258233,3.12383,8.607581
1760985798190,1.7401803,3.1525438,8.583653
1760985798192,1.736591,3.2009985,8.574081
1760985798195,1.7413766,3.2201412,8.554939
1760985798197,1.7419748,3.234498,8.512466
1760985798199,1.7563318,3.263212,8.483752
1760985798201,1.7521443,3.2871401,8.459825
1760985798203,1.7431713,3.2973096,8.435896
1760985798206,1.7575282,3.330211,8.407781
1760985798208,1.7437695,3.3547373,8.383852
1760985798210,1.762912,3.37388,8.369495
1760985798213,1.7395821,3.3882368,8.36471
1760985798215,1.7258233,3.4079776,8.359924
1760985798217,1.7401803,3.4223347,8.340781
1760985798220,1.7449659,3.431906,8.355139
1760985798222,1.7407784,3.4462628,8.340781
1760985798224,1.7413766,3.470191,8.321639
1760985798226,1.7180467,3.4947174,8.298309
1760985798229,1.713261,3.5090744,8.274381
1760985798230,1.7084754,3.51386,8.274381
1760985798232,1.7084754,3.51386,8.307282
1760985798235,1.7186449,3.5330026,8.29771
1760985798237,1.7324036,3.5234313,8.302496
1760985798239,1.7521443,3.551547,8.307282
1760985798241,1.7425731,3.5467613,8.321639
1760985798244,1.7850457,3.5318062,8.326425
1760985798246,1.8041883,3.5318062,8.33121
1760985798248,1.7994026,3.5318062,8.335996
1760985798250,1.8227327,3.5359936,8.345567
1760985798253,1.8658035,3.5401812,8.340781
1760985798256,1.869991,3.5204403,8.345567
1760985798257,1.8747765,3.510869,8.350353
1760985798259,1.9082761,3.505485,8.350353
1760985798262,1.9220347,3.505485,8.373683
1760985798264,1.9268204,3.4809587,8.416754
1760985798266,1.9597218,3.4899318,8.426325
1760985798269,1.9645073,3.475575,8.440681
1760985798271,1.9932213,3.4797623,8.440681
1760985798273,2.030908,3.4648073,8.478369
1760985798275,2.044667,3.4450665,8.483154
1760985798278,2.0877378,3.458825,8.478369
1760985798280,2.1062822,3.4486556,8.52144
1760985798282,2.1260228,3.458227,8.526225
1760985798284,2.1595225,3.4719856,8.559127
1760985798287,2.1684954,3.4713874,8.573483
1760985798289,2.2019951,3.4857445,8.58784
1760985798291,2.2211375,3.4947174,8.639884
1760985798293,2.2642083,3.5132618,8.663215
1760985798296,2.283351,3.5174494,8.691928
1760985798298,2.312065,3.5216367,8.725428
1760985798300,2.3318057,3.5593238,8.758329
1760985798302,2.3461626,3.5736806,8.772686
1760985798305,2.379662,3.577868,8.796016
1760985798307,2.3940191,3.5970106,8.815159
1760985798309,2.3898315,3.6017964,8.834301
1760985798311,2.4185455,3.6107693,8.867203
1760985798314,2.4329023,3.6245282,8.895916
1760985798316,2.4568307,3.6340995,8.938389
1760985798318,2.457429,3.667599,8.967103
1760985798320,2.4765713,3.6861434,8.985647
1760985798323,2.4628127,3.7100716,9.02812
1760985798325,2.4628127,3.7005002,9.056833
1760985798327,2.4388845,3.7154553,9.06162
1760985798330,2.4442682,3.7441692,9.108877
1760985798332,2.4394827,3.734598,9.132806
1760985798335,2.449054,3.7292142,9.203992
1760985798337,2.4586253,3.7387853,9.25125
1760985798339,2.4819553,3.728616,9.270393
1760985798341,2.4819553,3.728616,9.312865
1760985798343,2.4819553,3.728616,9.384052
1760985798346,2.4963121,3.7184465,9.412766
1760985798348,2.525026,3.7130625,9.460024
1760985798351,2.510071,3.6987057,9.507881
1760985798353,2.5196424,3.6987057,9.569496
1760985798356,2.5339992,3.6789649,9.611969
1760985798357,2.562115,3.6687953,9.683155
1760985798359,2.6045876,3.6723845,9.716655
1760985798361,2.6333013,3.6717863,9.754341
1760985798363,2.6333013,3.6574295,9.802198
1760985798366,2.6662025,3.6424742,9.835099
1760985798368,2.6805596,3.6370904,9.887741
1760985798370,2.713461,3.626921,9.911072
1760985798372,2.7176483,3.612564,9.925428
1760985798375,2.722434,3.6029928,9.944571
1760985798377,2.745764,3.583252,9.958928
1760985798379,2.7266214,3.5641093,9.97807
1760985798382,2.7451658,3.5443685,10.010972
1760985798384,2.7643085,3.5300117,10.0349
1760985798387,2.7499514,3.5300117,10.068399
1760985798388,2.7547371,3.5252259,10.120443
1760985798391,2.74038,3.5347972,10.153345
1760985798392,2.7738798,3.5294135,10.191629
1760985798395,2.7493532,3.495914,10.281959
1760985798397,2.754139,3.495914,10.319646
1760985798399,2.7349963,3.4767714,10.372288
1760985798402,2.748755,3.4570305,10.457233
1760985798404,2.7529426,3.4426737,10.509875
1760985798406,2.757728,3.418147,10.566705
1760985798409,2.7858438,3.4127634,10.637891
1760985798411,2.809772,3.397808,10.718649
1760985798413,2.870789,3.3726835,10.808978
1760985798415,2.9186454,3.3906298,10.851451
1760985798417,2.9659038,3.3750763,10.936995
1760985798420,3.0269206,3.345166,10.993824
1760985798423,3.0987053,3.3439696,11.103295
1760985798424,3.1603205,3.3326037,11.174481
1760985798427,3.202195,3.298506,11.240883
1760985798429,3.2303107,3.283551,11.292927
1760985798431,3.2590244,3.2727833,11.35514
1760985798433,3.2673993,3.2297122,11.407184
1760985798436,3.2673993,3.2099717,11.450254
1760985798438,3.281158,3.1812577,11.502298
1760985798440,3.266801,3.1716864,11.5352
1760985798442,3.2805598,3.1423743,11.583056
1760985798444,3.2757742,3.1375887,11.625529
1760985798447,3.260819,3.118446,11.6686
1760985798449,3.2470603,3.12383,11.69193
1760985798451,3.1848469,3.1196425,11.754143
1760985798454,3.1710882,3.129812,11.758928
1760985798456,3.138187,3.144767,11.772687
1760985798458,3.1142588,3.1591241,11.806187
1760985798460,3.0670004,3.1698918,11.8486595
1760985798463,3.0293136,3.1896327,11.853445
1760985798465,2.9676983,3.1806595,11.877374
1760985798468,2.9437702,3.1812577,11.905489
1760985798470,2.8636105,3.202195,11.891132
1760985798472,2.815754,3.1740792,11.882159
1760985798474,2.7822545,3.1746774,11.853445
1760985798476,2.7158537,3.1902308,11.858231
1760985798478,2.6632116,3.1669009,11.834303
1760985798480,2.6201408,3.1489546,11.853445
1760985798483,2.605784,3.129812,11.82533
1760985798486,2.5633113,3.135196,11.839088
1760985798487,2.539383,3.1262228,11.82533
1760985798490,2.525026,3.1357942,11.810972
1760985798492,2.5202405,3.1172497,11.801401
1760985798494,2.5052853,3.098107,11.796616
1760985798496,2.495714,3.074179,11.787045
1760985798499,2.481357,3.0843484,11.749357
1760985798501,2.457429,3.0604203,11.72543
1760985798503,2.4711876,3.0460632,11.673386
1760985798505,2.466402,3.0269206,11.678171
1760985798508,2.4699912,2.9838498,11.630913
1760985798510,2.4789643,2.9545379,11.630913
1760985798512,2.4879375,2.9210382,11.602797
1760985798514,2.4879375,2.9114668,11.5932255
1760985798516,2.4634109,2.87378,11.58844
1760985798519,2.5106692,2.853441,11.574083
1760985798521,2.524428,2.8199415,11.569298
1760985798523,2.5196424,2.8103702,11.545967
1760985798526,2.5375884,2.7762725,11.536396
1760985798528,2.528017,2.7523441,11.560325
1760985798530,2.5178475,2.7092733,11.5316105
1760985798532,2.5316064,2.6949165,11.541182
1760985798535,2.4933212,2.6620152,11.550753
1760985798538,2.477768,2.609373,11.56511
1760985798540,2.477768,2.5998018,11.589038
1760985798541,2.4628127,2.556731,11.608181
1760985798543,2.4430718,2.5328028,11.617752
1760985798546,2.4281168,2.4801607,11.641681
1760985798548,2.4466612,2.4508486,11.651252
1760985798550,2.4364917,2.393421,11.69851
1760985798553,2.4454648,2.3742783,11.73201
1760985798555,2.440081,2.3306093,11.779267
1760985798557,2.449054,2.3114667,11.79841
1760985798560,2.44367,2.2731814,11.846267
1760985798562,2.480759,2.2289143,11.893525
1760985798564,2.4759731,2.2002003,11.898311
1760985798566,2.5040889,2.1804597,11.917453
1760985798569,2.5322046,2.1559331,11.936596
1760985798571,2.5501506,2.11705,11.960524
1760985798573,2.5495524,2.0739791,11.950953
1760985798575,2.5872395,2.044667,11.93181
1760985798577,2.5627131,2.0063818,11.941381
1760985798580,2.5710878,1.9537396,11.898909
1760985798582,2.5752754,1.9202402,11.861222
1760985798584,2.5842485,1.8717855,11.818749
1760985798586,2.5788646,1.8335004,11.737991
1760985798589,2.5680969,1.7766708,11.657233
1760985798591,2.55374,1.7670995,11.577074
1760985798594,2.5345974,1.7533408,11.505888
1760985798596,2.533401,1.6959131,11.39163
1760985798597,2.519044,1.7060826,11.282757
1760985798600,2.5040889,1.6683956,11.159527
1760985798602,2.475375,1.6594225,11.036296
1760985798605,2.4323041,1.6462619,10.898709
1760985798607,2.4131618,1.6325033,10.770095
1760985798609,2.356332,1.6336997,10.680364
1760985798611,2.3371894,1.6486548,10.5284195
1760985798613,2.2899313,1.6450655,10.400404
1760985798616,2.251646,1.6414764,10.295717
1760985798618,2.2139592,1.6564314,10.162916
1760985798621,2.161317,1.6384853,10.044471
1760985798623,2.1140587,1.6396817,9.920643
1760985798625,2.0757737,1.6408781,9.8117695
1760985798627,2.0093727,1.6420746,9.72144
1760985798630,1.9621146,1.6480566,9.635897
1760985798632,1.9046868,1.6396817,9.522238
1760985798634,1.8239291,1.6462619,9.403793
1760985798637,1.7527425,1.6570296,9.31825
1760985798639,1.7389839,1.6671991,9.223135
1760985798641,1.6911274,1.6588243,9.132806
1760985798643,1.6863418,1.6683956,9.0951185
1760985798645,1.6582261,1.6737795,9.014361
1760985798647,1.6157535,1.6941184,8.914461
1760985798650,1.5960127,1.6755741,8.810373
1760985798652,1.5678971,1.6761723,8.729615
1760985798655,1.5296118,1.6624135,8.668
1760985798656,1.500898,1.6773686,8.587242
1760985798659,1.4530416,1.6498512,8.5112705
1760985798661,1.4153546,1.6456637,8.4400835
1760985798663,1.396212,1.6510476,8.402397
1760985798665,1.3722838,1.6468602,8.344969
1760985798668,1.3483555,1.6331015,8.292925
1760985798670,1.3573287,1.599602,8.260024
1760985798672,1.352543,1.6043876,8.216953
1760985798674,1.3286148,1.5954145,8.164909
1760985798677,1.3238292,1.5858432,8.132008
1760985798679,1.3094722,1.591227,8.098508
1760985798681,1.2951152,1.5768701,8.056036
1760985798683,1.2807583,1.5870396,8.041678
1760985798686,1.2759727,1.5918252,7.989635
1760985798688,1.2376875,1.5732809,7.9561353
1760985798691,1.2239288,1.5786648,7.8945203
1760985798693,1.2514462,1.5493526,7.8520474
1760985798695,1.2233306,1.5499508,7.8520474
1760985798698,1.1994023,1.5361922,7.8089767
1760985798699,1.1563315,1.5320047,7.785647
1760985798702,1.1413764,1.5032908,7.7617183
1760985798704,1.1180464,1.5038891,7.752147
1760985798706,1.0845468,1.5044873,7.7144604
1760985798708,1.0845468,1.4997016,7.7001033
1760985798711,1.0600204,1.4668003,7.690532
1760985798713,1.0695918,1.466202,7.6719875
1760985798715,1.0648061,1.4763715,7.643274
1760985798717,1.0839486,1.4566308,7.6289167
1760985798720,1.0935199,1.4853446,7.5960155
1760985798723,1.0935199,1.480559,7.5529447
1760985798724,1.1078769,1.4709877,7.5433736
1760985798726,1.0983056,1.480559,7.515258
1760985798728,1.1120644,1.4518452,7.481758
1760985798730,1.1078769,1.466202,7.4584284
1760985798732,1.11685,1.4566308,7.4010005
1760985798734,1.1078769,1.4715859,7.3866434
1760985798737,1.1174482,1.4709877,7.3728848
1760985798739,1.11685,1.4566308,7.3776703
1760985798741,1.11685,1.4566308,7.391429
1760985798744,1.11685,1.466202,7.396215
1760985798746,1.0929217,1.4524434,7.368099
1760985798748,1.0881361,1.4476577,7.368099
1760985798750,1.0743774,1.4715859,7.4010005
1760985798753,1.0606186,1.486541,7.4105716
1760985798755,1.041476,1.4721842,7.4392858
1760985798757,1.0127622,1.4823537,7.472187
1760985798760,0.99003035,1.521237,7.496115
1760985798762,1.0091729,1.5397813,7.533802
1760985798764,0.98584294,1.5547365,7.5385876
1760985798766,0.98644114,1.5834504,7.5529447
1760985798768,1.0097711,1.5828521,7.5625157
1760985798771,1.0289137,1.5876378,7.5433736
1760985798773,1.0480564,1.6061822,7.5625157
1760985798775,1.0438689,1.6354942,7.5433736
1760985798778,1.0486546,1.6402799,7.524231
1760985798780,1.0875379,1.6827525,7.509874
1760985798782,1.1114662,1.68694,7.448259
1760985798784,1.11685,1.7210377,7.405188
1760985798787,1.1497513,1.7060826,7.348358
1760985798789,1.2167503,1.7336,7.314859
1760985798791,1.2358929,1.7431713,7.2819576
1760985798794,1.274178,1.771287,7.248458
1760985798796,1.3363914,1.7892331,7.225128
1760985798798,1.378864,1.7886349,7.186843
1760985798800,1.4081762,1.82692,7.1820574
1760985798802,1.4650056,1.820938,7.1677003
1760985798805,1.5176477,1.8436699,7.1581287
1760985798807,1.564906,1.8335004,7.172486
1760985798809,1.608575,1.8711873,7.1820574
1760985798812,1.6558332,1.869991,7.2341013
1760985798814,1.713261,1.8687944,7.2532434
1760985798816,1.7419748,1.8927227,7.2580295
1760985798819,1.7988044,1.8867407,7.2909307
1760985798821,1.841277,1.861616,7.3435726
1760985798823,1.8981066,1.8705891,7.366903
1760985798825,1.9405792,1.8502501,7.405188
1760985798827,1.9788643,1.8496519,7.4237323
1760985798830,2.0315065,1.867598,7.48116
1760985798832,2.0739791,1.8478572,7.5092754
1760985798834,2.097309,1.8424734,7.5571322
1760985798837,2.164308,1.855634,7.561918
1760985798839,2.1972094,1.8454645,7.6139617
1760985798841,2.239682,1.8299111,7.63789
1760985798843,2.2779672,1.8580267,7.656434
1760985798846,2.3258235,1.8526429,7.699505
1760985798848,2.373082,1.8562322,7.713264
1760985798850,2.4209383,1.8604196,7.7180495
1760985798852,2.4681966,1.8544376,7.756335
1760985798855,2.5064816,1.8586249,7.7796645
1760985798857,2.55374,1.8628124,7.78445
1760985798859,2.5824537,1.8526429,7.798807
1760985798861,2.6021945,1.8951155,7.832307
1760985798863,2.6165516,1.9046868,7.8891363
1760985798866,2.6117659,1.9094725,7.917252
1760985798868,2.635694,1.9328024,7.960323
1760985798870,2.641078,1.9519451,7.9980097
1760985798873,2.6225336,1.9710877,8.017152
1760985798875,2.6321049,1.9854445,8.026125
1760985798877,2.6470602,2.0093727,8.045268
1760985798879,2.6470602,2.0237298,8.059625
1760985798881,2.6709883,2.0422742,8.073383
1760985798884,2.6572297,2.0620148,8.097312
1760985798886,2.6715865,2.0805593,8.126026
1760985798888,2.6775684,2.12363,8.130213
1760985798890,2.6632116,2.1433709,8.111669
1760985798893,2.6685956,2.167299,8.134998
1760985798895,2.673381,2.1816561,8.111071
1760985798897,2.6745775,2.224727,8.115856
1760985798900,2.69372,2.2384856,8.120642
1760985798902,2.6943183,2.2725832,8.115856
1760985798904,2.7038896,2.2815564,8.111071
1760985798906,2.7182465,2.300699,8.096714
1760985798909,2.7379873,2.353341,8.082356
1760985798911,2.7385855,2.3581266,8.082356
1760985798913,2.7433712,2.367698,8.068
1760985798915,2.7529426,2.3916261,8.063214
1760985798918,2.7768707,2.4005992,8.068
1760985798920,2.7726831,2.4197419,8.068
1760985798922,2.7966115,2.4149563,8.072785
1760985798924,2.7918258,2.4388845,8.082356
1760985798927,2.821138,2.4622145,8.082356
1760985798929,2.815754,2.4526432,8.077571
1760985798931,2.830111,2.4622145,8.068
1760985798934,2.8444679,2.4568307,8.077571
1760985798935,2.8498518,2.4909284,8.082356
1760985798938,2.8779674,2.480759,8.100901
1760985798940,2.8689942,2.4903302,8.100901
1760985798943,2.8833513,2.5094728,8.110473
1760985798945,2.9018958,2.489732,8.124829
1760985798947,2.8929226,2.4945176,8.115258
1760985798949,2.9312077,2.5178475,8.124829
1760985798952,2.9599216,2.5220351,8.1344
1760985798954,2.9688947,2.5172493,8.143971
1760985798956,2.9886355,2.5310082,8.143971
1760985798958,2.993421,2.5501506,8.157731
1760985798960,3.022135,2.544767,8.167302
1760985798963,3.0173492,2.5501506,8.152945
1760985798965,2.993421,2.5549364,8.167302
1760985798967,2.9940193,2.5938199,8.162517
1760985798970,2.9796624,2.589034,8.200802
1760985798971,2.9706893,2.6081767,8.2145605
1760985798974,2.961118,2.6081767,8.2145605
1760985798976,2.937788,2.6422744,8.238488
1760985798979,2.914458,2.6668007,8.252247
1760985798981,2.9198418,2.6715865,8.261818
1760985798983,2.905485,2.6907291,8.290532
1760985798985,2.906083,2.7194428,8.318648
1760985798988,2.8636105,2.7445676,8.342576
1760985798990,2.8498518,2.754139,8.385049
1760985798992,2.8025935,2.769094,8.432905
1760985798994,2.7649066,2.7936203,8.4705925
1760985798998,2.736791,2.8037899,8.527422
1760985798999,2.7182465,2.8229325,8.565707
1760985799001,2.6895328,2.8187451,8.627322
1760985799003,2.6662025,2.8289146,8.655437
1760985799006,2.632703,2.8390841,8.698508
1760985799008,2.6231318,2.8342984,8.717052
1760985799010,2.5998018,2.8486555,8.745767
1760985799012,2.5908287,2.868396,8.783454
1760985799015,2.5908287,2.8779674,8.797811
1760985799017,2.5627131,2.8977082,8.802596
1760985799019,2.5579274,2.8833513,8.812167
1760985799021,2.5908287,2.8923244,8.849854
1760985799024,2.5866413,2.9066813,8.840283
1760985799026,2.57707,2.9018958,8.859426
1760985799028,2.5812573,2.8827531,8.845069
1760985799030,2.57707,2.9018958,8.845069
1760985799033,2.6051857,2.8965118,8.845069
1760985799035,2.605784,2.906083,8.821739
1760985799037,2.629114,2.8917263,8.802596
1760985799039,2.6099713,2.8917263,8.769096
1760985799042,2.629114,2.9012976,8.740981
1760985799044,2.653042,2.905485,8.712267
1760985799047,2.644069,2.9252257,8.693125
1760985799048,2.644069,2.92044,8.674581
1760985799050,2.6865416,2.9341989,8.660223
1760985799053,2.6865416,2.929413,8.607581
1760985799055,2.6961129,2.9437702,8.584251
1760985799057,2.7152555,2.9383862,8.565108
1760985799060,2.7152555,2.9431717,8.550752
1760985799062,2.7056842,2.9437702,8.541181
1760985799064,2.7062824,2.9533412,8.517851
1760985799067,2.7014968,2.9724839,8.489137
1760985799069,2.7206392,2.986841,8.479566
1760985799071,2.7302105,2.9916265,8.4604225
1760985799073,2.7206392,2.9916265,8.44128
1760985799076,2.7260232,3.0155547,8.427522
1760985799078,2.7547371,3.0388846,8.413164
1760985799081,2.7601209,3.048456,8.398808
1760985799082,2.7888348,3.0819557,8.389236
1760985799085,2.7798617,3.0963125,8.374879
1760985799087,2.7798617,3.1106694,8.384451
1760985799089,2.78046,3.1441689,8.355737
1760985799091,2.7565317,3.144767,8.355737
1760985799094,2.7523441,3.173481,8.355737
1760985799096,2.7672994,3.1926236,8.393424
1760985799098,2.7672994,3.2165518,8.388638
1760985799101,2.7583263,3.226123,8.388638
1760985799103,2.725425,3.2362926,8.393424
1760985799105,2.7116663,3.289533,8.39821
1760985799107,2.6883361,3.2997024,8.374281
1760985799109,2.6691937,3.3044882,8.407781
1760985799111,2.6602206,3.3338,8.421539
1760985799114,2.6321049,3.3583267,8.43111
1760985799116,2.609373,3.3918262,8.455039
1760985799118,2.5812573,3.4217365,8.43111
1760985799121,2.5573292,3.4313076,8.421539
1760985799123,2.548356,3.4510484,8.43111
1760985799125,2.5441687,3.4797623,8.421539
1760985799127,2.53041,3.5042887,8.421539
1760985799129,2.5112674,3.51386,8.444869
1760985799131,2.5070798,3.542574,8.4400835
1760985799134,2.5268207,3.566502,8.411968
1760985799136,2.5262225,3.5617166,8.416754
1760985799138,2.5172493,3.5910287,8.402397
1760985799141,2.5226333,3.6005998,8.392825
1760985799143,2.5178475,3.6053855,8.38804
1760985799145,2.5226333,3.6293137,8.38804
1760985799148,2.5226333,3.6197424,8.368897
1760985799150,2.5375884,3.6382868,8.359326
1760985799152,2.5519454,3.6478581,8.330612
1760985799154,2.5471597,3.6526437,8.307282
1760985799157,2.5513473,3.6382868,8.288139
1760985799159,2.565704,3.6382868,8.302496
1760985799161,2.5848467,3.64726,8.255239
1760985799163,2.5848467,3.6281173,8.268997
1760985799165,2.5752754,3.6430724,8.236095
1760985799167,2.5896323,3.6376886,8.23131
1760985799170,2.5896323,3.6329029,8.216953
1760985799172,2.5986054,3.6137605,8.202596
1760985799174,2.6225336,3.6227336,8.19781
1760985799177,2.641078,3.5940197,8.193623
1760985799179,2.6362925,3.603591,8.202596
1760985799181,2.6506493,3.5886357,8.1840515
1760985799183,2.678765,3.583252,8.23131
1760985799186,2.6835506,3.5688949,8.221739
1760985799188,2.6973093,3.5593238,8.240881
1760985799190,2.702095,3.5449667,8.23131
1760985799192,2.7349963,3.534199,8.250452
1760985799195,2.7302105,3.534199,8.26481
1760985799197,2.7589245,3.534199,8.288737
1760985799199,2.7535408,3.5198421,8.312068
1760985799202,2.7439694,3.5198421,8.312068
1760985799204,2.7583263,3.5048869,8.340781
1760985799206,2.7625136,3.4761732,8.392825
1760985799208,2.7672994,3.4953158,8.397611
1760985799211,2.7822545,3.51386,8.444869
1760985799213,2.7822545,3.5042887,8.459227
1760985799216,2.786442,3.4947174,8.492725
1760985799218,2.7960134,3.5036905,8.5118685
1760985799220,2.8199415,3.5036905,8.530413
1760985799224,2.8151557,3.5084763,8.554341
1760985799224,2.8438697,3.5126636,8.583055
1760985799228,2.8480573,3.4833515,8.620742
1760985799229,2.8486555,3.5072799,8.639884
1760985799230,2.8342984,3.507878,8.663215
1760985799233,2.8151557,3.493521,8.725428
1760985799235,2.8055844,3.4743786,8.763115
1760985799237,2.800799,3.4839497,8.796615
1760985799240,2.7966115,3.5030923,8.805588
1760985799242,2.7816563,3.4887354,8.839087
1760985799244,2.7816563,3.4887354,8.863015
1760985799246,2.7870402,3.5174494,8.867203
1760985799248,2.7822545,3.4983068,8.92463
1760985799250,2.801397,3.522235,8.934201
1760985799253,2.7966115,3.5174494,8.976674
1760985799255,2.815754,3.502494,8.986245
1760985799257,2.8109684,3.5072799,9.023932
1760985799259,2.8199415,3.502494,9.057432
1760985799262,2.8103702,3.4881372,9.08136
1760985799264,2.8109684,3.502494,9.109476
1760985799266,2.8253253,3.5210385,9.133404
1760985799269,2.8061829,3.502494,9.128618
1760985799271,2.8253253,3.5210385,9.138189
1760985799273,2.830111,3.5210385,9.175877
1760985799275,2.8073792,3.5647075,9.175877
1760985799278,2.7930222,3.5647075,9.16152
1760985799280,2.7786653,3.5653057,9.142377
1760985799282,2.7696922,3.5940197,9.16152
1760985799284,2.7655048,3.6179478,9.185448
1760985799287,2.7798617,3.6323047,9.175877
1760985799289,2.7756743,3.6753755,9.175877
1760985799291,2.7762725,3.7190447,9.165708
1760985799294,2.757728,3.7387853,9.137591
1760985799296,2.7535408,3.7818563,9.123235
1760985799298,2.7451658,3.8201413,9.15135
1760985799301,2.716452,3.8255253,9.136993
1760985799303,2.7122645,3.8356948,9.12802
1760985799305,2.678765,3.8506498,9.080164
1760985799307,2.6602206,3.8554354,9.061021
1760985799309,2.6321049,3.8805602,9.02812
1760985799312,2.6416762,3.9044883,8.975478
1760985799314,2.608775,3.9146578,8.942576
1760985799316,2.6045876,3.9290147,8.913862
1760985799318,2.571686,3.9535413,8.866604
1760985799321,2.5573292,3.958925,8.833105
1760985799323,2.5435705,4.0073795,8.809176
1760985799325,2.5351956,4.045665,8.790034
1760985799327,2.53041,4.065406,8.771489
1760985799329,2.521437,4.089334,8.752347
1760985799332,2.5172493,4.1228333,8.761918
1760985799334,2.5316064,4.1228333,8.79482
1760985799336,2.5178475,4.1467614,8.8187475
1760985799339,2.5082762,4.156931,8.823533
1760985799341,2.5040889,4.171288,8.780462
1760985799343,2.528017,4.199404,8.785249
1760985799346,2.5381866,4.223332,8.780462
1760985799348,2.5429723,4.2185464,8.751749
1760985799350,2.571686,4.24726,8.732606
1760985799352,2.5812573,4.232305,8.737391
1760985799354,2.5764718,4.2514477,8.737391
1760985799356,2.5764718,4.246662,8.737391
1760985799359,2.5866413,4.2705903,8.737391
1760985799361,2.6105695,4.284947,8.714062
1760985799363,2.6105695,4.289733,8.699705
1760985799366,2.6153553,4.284947,8.714062
1760985799368,2.6386852,4.284349,8.723035
1760985799371,2.6626134,4.2885365,8.732606
1760985799373,2.6769702,4.293322,8.742178
1760985799375,2.6955147,4.2592244,8.751749
1760985799377,2.6955147,4.278367,8.770891
1760985799379,2.7338,4.2681975,8.775677
1760985799381,2.766103,4.2388854,8.785249
1760985799384,2.7900312,4.238287,8.799605
1760985799386,2.8133612,4.2185464,8.81815
1760985799388,2.8229325,4.199404,8.837293
1760985799391,2.8366911,4.19402,8.856435
1760985799393,2.8510482,4.1988053,8.866006
1760985799396,2.8606195,4.1790648,8.898908
1760985799398,2.8839495,4.1641097,8.898908
1760985799400,2.8983064,4.159324,8.932407
1760985799402,2.8983064,4.173681,8.979665
1760985799404,2.8983064,4.173681,8.994022
1760985799406,2.9222345,4.182654,9.01795
1760985799409,2.9126635,4.173083,9.022736
1760985799411,2.9222345,4.1874394,9.036494
1760985799413,2.9318058,4.182056,9.041281
1760985799415,2.9509485,4.1868415,9.060423
1760985799418,2.969493,4.176672,9.079565
1760985799421,2.9647074,4.1814575,9.107681
1760985799422,2.969493,4.1671004,9.112467
1760985799424,2.978466,4.14736,9.131609
1760985799428,2.9742785,4.1575294,9.150752
1760985799430,2.9790642,4.156931,9.169894
1760985799431,2.9790642,4.1665025,9.17468
1760985799434,2.9838498,4.156931,9.2075815
1760985799436,3.0119655,4.1371903,9.212367
1760985799438,2.978466,4.1425743,9.212367
1760985799440,2.9874392,4.118646,9.226724
1760985799443,2.9635108,4.0995035,9.23151
1760985799445,2.9587252,4.0851464,9.226724
1760985799447,2.9724839,4.0612183,9.236296
1760985799450,2.9724839,4.0516467,9.274581
1760985799452,2.9671001,4.022933,9.250652
1760985799454,2.9766715,4.022335,9.2793665
1760985799456,2.9617162,3.9984066,9.284152
1760985799458,2.966502,3.9984066,9.284152
1760985799460,2.9521449,3.9894335,9.269794
1760985799463,2.9521449,3.9798622,9.307482
1760985799465,2.961118,3.9696927,9.312267
1760985799467,2.9569306,3.9744785,9.317053
1760985799469,2.9659038,3.9696927,9.307482
1760985799472,2.9659038,3.9553359,9.30808
1760985799474,2.9802606,3.95055,9.30808
1760985799476,3.071188,3.9870408,9.2177515
1760985799479,3.1998022,4.0187454,9.23151
1760985799481,3.185445,4.01396,9.274581
1760985799483,3.1513474,3.976273,9.307482
1760985799485,3.1076784,3.9242291,9.336196
1760985799488,3.0496526,3.8673997,9.364909
1760985799490,3.0209386,3.824329,9.346365
1760985799492,2.9724839,3.7728832,9.364909
1760985799494,2.9431717,3.7298124,9.360723
1760985799497,2.9473593,3.705884,9.370294
1760985799499,2.932404,3.6723845,9.370294
1760985799501,2.9042885,3.6729827,9.365508
1760985799503,2.9036903,3.65384,9.379865
1760985799506,2.9180472,3.6484563,9.379865
1760985799508,2.922833,3.6628132,9.379865
1760985799510,2.9467611,3.6819558,9.393623
1760985799512,2.9563324,3.6670008,9.412766
1760985799515,2.9659038,3.6717863,9.379865
1760985799518,2.9706893,3.6670008,9.403194
1760985799519,2.9796624,3.6616168,9.431909
1760985799521,2.9802606,3.6664026,9.455837
1760985799524,2.961118,3.676572,9.460024
1760985799526,2.9473593,3.6963127,9.451052
1760985799528,2.900101,3.7016966,9.498309
1760985799530,2.8666015,3.7070804,9.5455675
1760985799532,2.8289146,3.702893,9.564711
1760985799535,2.809772,3.7076788,9.588638
1760985799537,2.7714868,3.708277,9.602397
1760985799539,2.7098715,3.714259,9.645468
1760985799542,2.681756,3.7052858,9.65504
1760985799544,2.6434708,3.7154553,9.726226
1760985799546,2.5962126,3.7208393,9.754341
1760985799548,2.539383,3.7310088,9.783055
1760985799551,2.501696,3.7561333,9.825528
1760985799553,2.4496522,3.751946,9.891929
1760985799555,2.4071796,3.7764723,9.939187
1760985799557,2.3312075,3.7776687,9.996614
1760985799559,2.2797618,3.8069808,10.0672035
1760985799562,2.2037897,3.8183467,10.086346
1760985799565,2.1278176,3.8291144,10.167104
1760985799566,2.0428724,3.8398821,10.247861
1760985799568,1.9674984,3.8793638,10.323833
1760985799571,1.9010975,3.9044883,10.408778
1760985799573,1.8017955,3.8961134,10.503893
1760985799575,1.7114664,3.9170506,10.60858
1760985799578,1.6217356,3.932604,10.69831
1760985799580,1.5463617,3.9577286,10.826326
1760985799582,1.4422739,3.9738803,10.926227
1760985799585,1.3710874,3.9840498,11.054242
1760985799586,1.3004991,4.0331025,11.215758
1760985799589,1.18684,4.039683,11.367104
1760985799591,1.0731809,4.0510488,11.476576
1760985799594,0.9876375,4.071388,11.65185
1760985799597,0.89312106,4.0677986,11.818151
1760985799599,0.80757767,4.0642095,11.960524
1760985799600,0.7501499,4.060022,12.136396
1760985799602,0.67417777,4.0414777,12.31167
1760985799605,0.5886344,4.042674,12.444472
1760985799607,0.5168497,4.019942,12.61556
1760985799609,0.46002015,4.0013976,12.829119
1760985799611,0.3930211,3.9684963,13.019348
1760985799614,0.33559337,3.9397824,13.185051
1760985799616,0.2638087,3.926622,13.365709
1760985799618,0.22552353,3.8835511,13.508082
1760985799620,0.17228323,3.836293,13.660027
1760985799623,0.1052842,3.8033917,13.7838545
1760985799625,0.052043892,3.7322052,13.911871
1760985799627,-0.020338992,3.694518,14.021342
1760985799630,-0.044865426,3.6275191,14.116457
1760985799632,-0.12203395,3.5712879,14.234902
1760985799634,-0.15194423,3.4899318,14.263616
1760985799636,-0.1902294,3.4474592,14.330016
1760985799638,-0.22971097,3.3661032,14.373088
1760985799641,-0.24526432,3.2991042,14.411372
1760985799643,-0.2416751,3.231507,14.42573
1760985799646,-0.25722843,3.150151,14.420944
1760985799647,-0.23928227,3.0783663,14.411971
1760985799650,-0.23569304,3.025126,14.388042
1760985799652,-0.22253251,2.958127,14.340784
1760985799654,-0.21415763,2.885744,14.307883
1760985799657,-0.21595225,2.8139594,14.255839
1760985799660,-0.19800608,2.7272196,14.184652
1760985799662,-0.19501504,2.6267211,14.104493
1760985799663,-0.21535404,2.574079,14.033307
1760985799666,-0.2213361,2.5124638,13.890934
1760985799668,-0.22731815,2.4119651,13.786846
1760985799670,-0.19621146,2.3060827,13.677973
1760985799672,-0.18843478,2.2241287,13.5356
1760985799675,-0.19920248,2.1529422,13.417154
1760985799677,-0.16271193,2.0518453,13.280166
1760985799679,-0.13040884,1.9842482,13.17548
1760985799681,-0.093918286,1.9118652,13.043276
1760985799684,-0.062213387,1.8442681,12.920046
1760985799686,-0.034695927,1.7862421,12.810575
1760985799688,0.0029910284,1.7521443,12.711272
1760985799690,0.025124637,1.6606189,12.602399
1760985799693,0.076570325,1.6073786,12.48874
1760985799695,0.10348958,1.5349957,12.379268
1760985799697,0.1363909,1.500898,12.294323
1760985799699,0.14955142,1.4386846,12.171092
1760985799701,0.16689938,1.3663018,12.071192
1760985799704,0.16630118,1.3238292,11.986247
1760985799706,0.18424734,1.2801601,11.863016
1760985799708,0.20697916,1.227518,11.735001
1760985799711,0.22552353,1.1940185,11.597413
1760985799713,0.24825534,1.1407782,11.492727
1760985799715,0.25244278,1.102493,11.350952
1760985799717,0.2656033,1.049851,11.236695
1760985799720,0.26141587,1.0695918,11.118251
1760985799722,0.29850462,1.035494,10.971092
1760985799724,0.3074777,0.99720883,10.867004
1760985799727,0.3074777,0.9876375,10.729417
1760985799729,0.30209386,0.96430755,10.605588
1760985799731,0.33020952,0.9349955,10.5015
1760985799733,0.3152544,0.91166544,10.392627
1760985799735,0.29192436,0.92183495,10.273584
1760985799737,0.26799613,0.9176475,10.179068
1760985799739,0.25782663,0.87996054,10.069596
1760985799741,0.2434697,0.8853444,9.970294
1760985799744,0.22432712,0.8662018,9.842278
1760985799746,0.20039889,0.8769695,9.737592
1760985799749,0.18125631,0.88235337,9.632906
1760985799751,0.17647067,0.88235337,9.519247
1760985799753,0.16271193,0.89730847,9.400802
1760985799756,0.13399807,0.8979067,9.300901
1760985799758,0.13459627,0.90807617,9.205787
1760985799760,0.1058824,0.927817,9.101699
1760985799762,0.06819545,0.933799,9.001799
1760985799764,0.058624156,0.948156,8.940184
1760985799766,0.03589234,0.97806627,8.830712
1760985799768,0.0071784677,0.9738788,8.783454
1760985799771,-0.016749758,0.97926265,8.717052
1760985799773,-0.044865426,0.99900347,8.636295
1760985799775,-0.05922236,1.0091729,8.569894
1760985799778,-0.10109676,1.0289137,8.498708
1760985799782,-0.14416756,1.0396814,8.446066
1760985799782,-0.15792629,1.0642079,8.394022
1760985799785,-0.17706887,1.0594223,8.356335
1760985799787,-0.18125631,1.0743774,8.318049
1760985799789,-0.19980069,1.1084751,8.251649
1760985799791,-0.18484555,1.1419746,8.203793
1760985799794,-0.19920248,1.1515459,8.166105
1760985799796,-0.21296121,1.1856437,8.109276
1760985799798,-0.19860429,1.1904292,8.080562
1760985799800,-0.19740787,1.2382857,8.042277
1760985799803,-0.19262223,1.2526426,7.9998045
1760985799805,-0.17347965,1.2717853,7.9615192
1760985799807,-0.18245272,1.3010973,7.9094753
1760985799809,-0.17766708,1.3106686,7.852646
1760985799812,-0.16749759,1.3250256,7.795218
1760985799814,-0.17228323,1.3537394,7.7383885
1760985799817,-0.15732808,1.387239,7.681559
1760985799819,-0.15194423,1.4111671,7.6289167
1760985799821,-0.16151553,1.4213367,7.5625157
1760985799823,-0.14656039,1.4548361,7.5009007
1760985799825,-0.1268196,1.4931214,7.4344997
1760985799828,-0.08853444,1.50688,7.3633137
1760985799830,-0.0741775,1.5260227,7.339385
1760985799832,-0.05503492,1.5499508,7.2586274
1760985799834,-0.016151553,1.5924234,7.201798
1760985799837,0.008374879,1.6307086,7.1635127
1760985799839,0.03708875,1.649253,7.097112
1760985799841,0.08554341,1.6917256,7.0492554
1760985799843,0.11425728,1.7300107,7.0115685
1760985799846,0.148355,1.762912,6.9451675
1760985799848,0.2009971,1.7814565,6.906883
1760985799850,0.23509483,1.8287147,6.835696
1760985799852,0.27876383,1.8813568,6.8021965
1760985799855,0.3361916,1.9232312,6.7686973
1760985799857,0.38404804,1.9417756,6.7262244
1760985799859,0.465404,1.9932213,6.6975107
1760985799861,0.51864433,2.0261226,6.6592255
1760985799864,0.5665008,2.0590239,6.6311097
1760985799866,0.59581286,2.096711,6.6071815
1760985799868,0.68135625,2.1194427,6.578468
1760985799870,0.7537391,2.1565313,6.5455666
1760985799872,0.8111669,2.199004,6.521638
1760985799874,0.8877372,2.231307,6.4977098
1760985799878,0.930808,2.2642083,6.5072813
1760985799880,1.0031909,2.2965117,6.4977098
1760985799882,1.0468599,2.353341,6.497112
1760985799884,1.0755738,2.391028,6.52104
1760985799886,1.1192428,2.428715,6.5162544
1760985799889,1.134198,2.457429,6.5018973
1760985799891,1.134198,2.481357,6.530013
1760985799893,1.1497513,2.5531418,6.5204415
1760985799895,1.1784651,2.562115,6.5443697
1760985799898,1.183849,2.6004,6.539584
1760985799900,1.1892328,2.6243281,6.5347986
1760985799902,1.2137593,2.6721847,6.5485573
1760985799904,1.2281163,2.6859434,6.558129
1760985799906,1.2095718,2.71047,6.5772715
1760985799908,1.1958131,2.7248268,6.582057
1760985799911,1.1676974,2.7445676,6.582057
1760985799913,1.1347961,2.7792635,6.5772715
1760985799915,1.1300105,2.774478,6.5772715
1760985799918,1.1539388,2.8025935,6.5958157
1760985799920,1.1593226,2.836093,6.6053867
1760985799922,1.1688938,2.8169506,6.629315
1760985799924,1.1742777,2.8552356,6.6765733
1760985799927,1.1503495,2.864807,6.71426
1760985799929,1.1324034,2.9132617,6.728617
1760985799931,1.0947163,2.937788,6.756733
1760985799934,1.0576276,2.9862428,6.795018
1760985799936,1.015155,3.0059834,6.9038916
1760985799938,0.9870393,3.03051,6.960721
1760985799940,0.9637093,3.0550363,7.012765
1760985799943,0.930808,3.0646076,7.070193
1760985799945,0.89371926,3.0993035,7.117451
1760985799947,0.846461,3.12383,7.179066
1760985799949,0.79920274,3.153142,7.216753
1760985799952,0.7471589,3.1543384,7.268797
1760985799954,0.7052845,3.1884363,7.3022966
1760985799956,0.6586244,3.2321053,7.3160553
1760985799958,0.61076796,3.2380872,7.2879395
1760985799961,0.59282184,3.286542,7.3160553
1760985799963,0.5880362,3.2961133,7.3543406
1760985799965,0.5886344,3.3056846,7.3495545
1760985799967,0.61675006,3.295515,7.3112698
1760985799970,0.59760743,3.3056846,7.320841
1760985799972,0.59342,3.3296127,7.301698
1760985799974,0.57009,3.3397822,7.320841
1760985799976,0.5515456,3.382853,7.3585277
1760985799978,0.5132605,3.3690944,7.382456
1760985799980,0.4953143,3.4223347,7.4344997
1760985799983,0.44805604,3.418147,7.4769726
1760985799985,0.424726,3.4426737,7.5296144
1760985799987,0.41515473,3.461816,7.600801
1760985799990,0.4109673,3.461816,7.6480594
1760985799992,0.40618163,3.461816,7.7473617
1760985799995,0.41575295,3.4612179,7.8000035
1760985799997,0.4109673,3.4612179,7.847262
1760985799999,0.4103691,3.446861,7.880761
1760985800001,0.38703907,3.446861,7.913663
1760985800003,0.37208393,3.437888,7.947162
1760985800006,0.38644084,3.418147,7.9519477
1760985800008,0.37208393,3.4133615,7.966305
1760985800010,0.35234314,3.3900316,7.9710903
1760985800012,0.38584265,3.4037902,7.984849
1760985800015,0.37567315,3.3702908,7.9615192
1760985800017,0.41874397,3.374478,7.980662
1760985800019,0.44745782,3.3786657,7.9944205
1760985800021,0.48993045,3.3732817,7.9710903
1760985800023,0.48993045,3.3732817,7.9615192
1760985800026,0.5282156,3.377469,7.990233
1760985800028,0.5712864,3.3954153,8.003992
1760985800030,0.5946164,3.3762727,7.9944205
1760985800032,0.6233303,3.3900316,7.999206
1760985800035,0.64247286,3.4037902,7.980662
1760985800037,0.65682983,3.3990045,7.980662
1760985800039,0.6903293,3.4079776,7.999206
1760985800041,0.7286145,3.4217365,8.02792
1760985800044,0.78065836,3.4253256,8.037491
1760985800046,0.81894356,3.4390843,8.056036
1760985800048,0.8327023,3.4193435,8.094321
1760985800051,0.86141616,3.4187453,8.122437
1760985800053,0.8991031,3.3990045,8.165507
1760985800055,0.92303133,3.403192,8.155936
1760985800057,0.94636136,3.388835,8.175078
1760985800059,0.974477,3.3786657,8.184649
1760985800062,0.9882358,3.3493536,8.203793
1760985800064,1.0031909,3.3684962,8.20798
1760985800066,1.0217353,3.3631122,8.251051
1760985800068,1.0217353,3.339184,8.274979
1760985800071,1.0450653,3.3290145,8.336594
1760985800073,1.049851,3.333202,8.388638
1760985800076,1.0594223,3.3427732,8.469396
1760985800078,1.0540384,3.3044882,8.52144
1760985800080,1.0683953,3.2991042,8.58784
1760985800083,1.0779666,3.3032916,8.654242
1760985800085,1.1060823,3.283551,8.711669
1760985800087,1.096511,3.269194,8.763713
1760985800089,1.105484,3.2500513,8.820542
1760985800091,1.1150553,3.2542388,8.906086
1760985800094,1.1240284,3.2249267,8.967701
1760985800096,1.1288141,3.1962128,9.015557
1760985800098,1.1186446,3.181856,9.067601
1760985800100,1.1186446,3.162115,9.143574
1760985800103,1.1371889,3.138187,9.172287
1760985800105,1.1270195,3.0897322,9.233903
1760985800107,1.1455638,3.0705895,9.262616
1760985800110,1.1407782,3.0604203,9.343374
1760985800112,1.1449656,3.0364919,9.37149
1760985800114,1.1443675,2.9886355,9.385847
1760985800116,1.1294123,2.9742785,9.452846
1760985800118,1.1108679,2.9742785,9.500104
1760985800121,1.0959128,2.9503503,9.537791
1760985800123,1.0911272,2.940779,9.542577
1760985800125,1.0959128,2.926422,9.547362
1760985800127,1.1001002,2.9216363,9.62812
1760985800130,1.090529,2.902494,9.704092
1760985800132,1.0809577,2.8833513,9.747163
1760985800134,1.0899308,2.8636105,9.775279
1760985800137,1.0899308,2.8540392,9.78485
1760985800139,1.0797613,2.830111,9.794421
1760985800141,1.07019,2.830111,9.803992
1760985800143,1.0887343,2.8109684,9.813564
1760985800146,1.0600204,2.801397,9.851849
1760985800148,1.079163,2.8061829,9.870394
1760985800150,1.0983056,2.7960134,9.894321
1760985800152,1.1072787,2.786442,9.879965
1760985800155,1.102493,2.7816563,9.889536
1760985800157,1.1216356,2.7762725,9.913465
1760985800160,1.1030912,2.8151557,9.894321
1760985800161,1.0845468,2.824727,9.923036
1760985800163,1.0749756,2.8205397,9.913465
1760985800166,1.0468599,2.8546374,9.894321
1760985800168,1.0420742,2.845066,9.875179
1760985800171,1.0091729,2.864807,9.846465
1760985800173,0.99003035,2.8558338,9.794421
1760985800175,0.98524475,2.8701909,9.7704935
1760985800177,0.95712906,2.8899314,9.708878
1760985800179,0.9242278,2.8959136,9.671191
1760985800182,0.910469,2.9341989,9.661619
1760985800184,0.90149593,2.9682965,9.604192
1760985800186,0.88354975,3.0119655,9.561719
1760985800188,0.8650054,3.0364919,9.509077
1760985800191,0.846461,3.0801609,9.461819
1760985800193,0.8135597,3.0951161,9.400204
1760985800195,0.8141579,3.1190443,9.366704
1760985800197,0.7716853,3.1393833,9.305089
1760985800200,0.7435696,3.1639097,9.266804
1760985800202,0.738784,3.1686954,9.229117
1760985800204,0.70588267,3.1890345,9.167501
1760985800206,0.6681957,3.2231321,9.134003
1760985800209,0.6538388,3.2189445,9.09153
1760985800211,0.6257231,3.2243285,9.077172
1760985800213,0.59700924,3.2297122,9.05803
1760985800215,0.5688936,3.2590244,9.0341015
1760985800218,0.55034924,3.278167,8.996415
1760985800220,0.53659046,3.2883365,8.9724865
1760985800222,0.51266223,3.3032916,8.95813
1760985800225,0.5180461,3.3224342,8.929416
1760985800228,0.48933223,3.3230324,8.920443
1760985800230,0.48933223,3.313461,8.872586
1760985800231,0.48933223,3.3278182,8.872586
1760985800233,0.4755735,3.3379877,8.844471
1760985800235,0.46121657,3.3427732,8.820542
1760985800237,0.45224348,3.3720853,8.815757
1760985800241,0.4564309,3.347559,8.791828
1760985800242,0.47078785,3.3427732,8.782257
1760985800244,0.44745782,3.362514,8.758927
1760985800246,0.46181476,3.35713,8.758927
1760985800249,0.45164528,3.3338,8.725428
1760985800251,0.45164528,3.3338,8.678169
1760985800253,0.47078785,3.3379877,8.668598
1760985800255,0.4564309,3.3433714,8.635697
1760985800258,0.46121657,3.3338,8.602198
1760985800260,0.465404,3.3146574,8.569296
1760985800262,0.4755735,3.3338,8.568698
1760985800264,0.48454657,3.3284163,8.545368
1760985800266,0.48933223,3.3236306,8.507083
1760985800269,0.50787663,3.3140593,8.488539
1760985800271,0.503091,3.3044882,8.46461
1760985800273,0.51266223,3.2949169,8.474181
1760985800276,0.5174479,3.318845,8.440681
1760985800279,0.51266223,3.2949169,8.417352
1760985800280,0.53180486,3.2991042,8.435896
1760985800282,0.51266223,3.2853456,8.436495
1760985800285,0.526421,3.260819,8.436495
1760985800287,0.5306084,3.2560334,8.422137
1760985800289,0.53599226,3.260819,8.412566
1760985800292,0.56410795,3.245864,8.402995
1760985800294,0.5688936,3.2554352,8.383852
1760985800296,0.62093747,3.254837,8.39821
1760985800298,0.63529444,3.2350962,8.383852
1760985800300,0.64965135,3.249453,8.39821
1760985800303,0.6735796,3.2584262,8.393424
1760985800305,0.6969096,3.2386854,8.393424
1760985800307,0.7112665,3.257828,8.422137
1760985800309,0.7112665,3.2530425,8.436495
1760985800312,0.7399804,3.2572298,8.431708
1760985800314,0.74476606,3.2763724,8.4502535
1760985800316,0.7543373,3.2757742,8.459825
1760985800318,0.7692925,3.290131,8.502895
1760985800321,0.7788638,3.2949169,8.49811
1760985800323,0.7645068,3.2949169,8.52144
1760985800325,0.75553375,3.318845,8.52144
1760985800328,0.75553375,3.3284163,8.535796
1760985800330,0.75553375,3.3284163,8.554939
1760985800332,0.7609176,3.3523445,8.563912
1760985800334,0.7746763,3.35713,8.58784
1760985800337,0.7752745,3.3667014,8.597412
1760985800339,0.77587277,3.400201,8.592627
1760985800341,0.76630145,3.3954153,8.597412
1760985800344,0.7716853,3.438486,8.611171
1760985800346,0.77647096,3.4528432,8.615956
1760985800348,0.76331043,3.4917264,8.625527
1760985800350,0.7585248,3.510869,8.639884
1760985800353,0.7686943,3.5491543,8.625527
1760985800355,0.7645068,3.5635111,8.611171
1760985800357,0.78364944,3.5730824,8.587242
1760985800359,0.7890333,3.6209388,8.587242
1760985800361,0.79860455,3.6352959,8.596813
1760985800364,0.79860455,3.6400814,8.5681
1760985800366,0.80877405,3.6783667,8.558528
1760985800368,0.8285148,3.7016966,8.544171
1760985800370,0.80997044,3.7166517,8.553742
1760985800373,0.8243274,3.7501514,8.520244
1760985800375,0.8249256,3.7645082,8.520244
1760985800377,0.8344969,3.7645082,8.515457
1760985800380,0.8344969,3.7645082,8.4682
1760985800382,0.8105687,3.7746778,8.496913
1760985800384,0.80159557,3.8033917,8.482556
1760985800386,0.8111669,3.8081772,8.492127
1760985800388,0.8021938,3.8321054,8.482556
1760985800391,0.78843504,3.856632,8.439486
1760985800393,0.79800636,3.851248,8.491529
1760985800395,0.75972116,3.8668015,8.4682
1760985800397,0.7603194,3.885944,8.453842
1760985800400,0.75613195,3.9050865,8.481958
1760985800402,0.7322037,3.915256,8.4682
1760985800404,0.7369894,3.915256,8.481958
1760985800407,0.74177504,3.9248273,8.505886
1760985800409,0.718445,3.94397,8.505886
1760985800411,0.70947194,3.9637108,8.520244
1760985800413,0.73340017,3.9774694,8.538788
1760985800416,0.7196414,3.9918263,8.534002
1760985800418,0.7292127,3.996612,8.519645
1760985800420,0.7292127,4.006183,8.529217
1760985800422,0.7573284,3.9960139,8.534002
1760985800425,0.7579266,4.0157547,8.52443
1760985800426,0.78664047,4.0390844,8.519645
1760985800430,0.77706915,4.0295134,8.52443
1760985800432,0.7920243,4.063013,8.510074
1760985800434,0.8063812,4.0672,8.510074
1760985800436,0.7968099,4.063013,8.496315
1760985800438,0.81595254,4.0672,8.486744
1760985800440,0.8344969,4.0624146,8.486744
1760985800443,0.85842514,4.080959,8.486744
1760985800445,0.88235337,4.0612183,8.486744
1760985800447,0.9056834,4.0612183,8.472386
1760985800450,0.9343972,4.046263,8.481958
1760985800452,0.95772725,4.0552363,8.481958
1760985800455,0.99601245,4.0594234,8.486744
1760985800456,1.0103694,4.0444684,8.505886
1760985800458,1.0055838,4.0588255,8.529217
1760985800461,1.0438689,4.063013,8.55793
1760985800463,1.0767702,4.0480576,8.543573
1760985800465,1.0959128,4.0528436,8.543573
1760985800468,1.1144571,4.0474596,8.548359
1760985800470,1.1431711,4.03729,8.562716
1760985800472,1.166501,4.0271206,8.572288
1760985800474,1.180858,4.031906,8.567501
1760985800476,1.2000005,4.026522,8.586046
1760985800478,1.1952149,4.0360937,8.605188
1760985800481,1.2047862,4.031308,8.590832
1760985800483,1.1952149,4.0360937,8.619545
1760985800485,1.2239288,4.054638,8.652447
1760985800488,1.224527,4.0648074,8.657232
1760985800490,1.2143575,4.0360937,8.648259
1760985800493,1.2143575,4.045665,8.681161
1760985800494,1.2239288,4.054638,8.652447
1760985800497,1.2287145,4.0594234,8.685946
1760985800499,1.2430713,4.0642095,8.695518
1760985800501,1.2436695,4.078566,8.705089
1760985800503,1.224527,4.0881376,8.709276
1760985800505,1.2149557,4.0791645,8.718847
1760985800508,1.2011969,4.1030927,8.73799
1760985800510,1.1820544,4.1036906,8.775677
1760985800513,1.16351,4.1084766,8.804391
1760985800514,1.1210374,4.128217,8.82832
1760985800517,1.0923235,4.1288157,8.846864
1760985800520,1.1108679,4.11386,8.846864
1760985800521,1.0540384,4.1198425,8.870791
1760985800523,1.0492527,4.1198425,8.870791
1760985800526,1.0348958,4.1007,8.899506
1760985800528,1.0157533,4.091727,8.889935
1760985800530,0.9876375,4.106682,8.885149
1760985800533,0.9828519,4.0971107,8.89472
1760985800535,0.9637093,4.1018963,8.913862
1760985800537,0.97806627,4.1018963,8.941978
1760985800539,0.9732806,4.1114674,8.937193
1760985800542,0.9876375,4.101298,8.985049
1760985800544,1.0067801,4.1108694,9.003593
1760985800546,1.0157533,4.0815573,9.056235
1760985800548,1.0295119,4.0672,9.089137
1760985800551,1.0438689,4.052245,9.098708
1760985800553,1.0719845,4.0564327,9.127422
1760985800555,1.1102697,4.046263,9.155538
1760985800558,1.1192428,4.031308,9.189037
1760985800560,1.1425728,4.011567,9.2177515
1760985800562,1.166501,3.9972103,9.255438
1760985800564,1.1988041,3.9673,9.274581
1760985800567,1.2418749,3.9667017,9.30808
1760985800569,1.2658032,3.9661036,9.303294
1760985800571,1.2891332,3.9565322,9.298509
1760985800573,1.3274183,3.9601214,9.293723
1760985800575,1.3740784,3.935595,9.303294
1760985800578,1.3980067,3.9302113,9.303294
1760985800580,1.4213367,3.9248273,9.322437
1760985800582,1.4356936,3.9248273,9.326625
1760985800585,1.4787644,3.9433718,9.326625
1760985800587,1.4787644,3.9194436,9.33141
1760985800589,1.4925231,3.9140596,9.33141
1760985800592,1.5260227,3.932604,9.350553
1760985800594,1.521237,3.9278183,9.355338
1760985800596,1.521237,3.9278183,9.360124
1760985800599,1.4781662,3.9044883,9.360124
1760985800600,1.4829519,3.8853457,9.393623
1760985800603,1.4638093,3.900301,9.431311
1760985800605,1.4685949,3.909274,9.445667
1760985800607,1.4500505,3.9242291,9.497711
1760985800610,1.4554343,3.952943,9.549755
1760985800612,1.4697913,3.9619162,9.625728
1760985800614,1.4937196,3.970889,9.696914
1760985800616,1.4847465,4.0091743,9.772886
1760985800619,1.5044873,4.028317,9.839287
1760985800621,1.5236298,4.0516467,9.910473
1760985800623,1.5379868,4.0558343,9.972089
1760985800625,1.5475581,4.06062,10.062417
1760985800627,1.5667006,4.074379,10.124033
1760985800630,1.5667006,4.0648074,10.1904335
1760985800632,1.561915,4.0498524,10.266405
1760985800634,1.5571294,4.054638,10.304092
1760985800636,1.561915,4.040281,10.370493
1760985800639,1.5571294,4.0354953,10.432109
1760985800641,1.5523437,4.0307097,10.484751
1760985800643,1.5565311,4.010969,10.527224
1760985800646,1.5421742,4.0013976,10.584053
1760985800648,1.5559329,3.982255,10.660624
1760985800650,1.5463617,3.9678981,10.679168
1760985800652,1.5696917,3.9481573,10.69831
1760985800655,1.5936198,3.947559,10.759925
1760985800657,1.588236,3.9188452,10.793425
1760985800659,1.6402799,3.9176488,10.822139
1760985800662,1.692922,3.9212382,10.878968
1760985800663,1.7359928,3.9302113,10.911869
1760985800666,1.7688942,3.9296129,10.959726
1760985800668,1.8017955,3.9098723,11.002198
1760985800671,1.8442681,3.8751762,11.045269
1760985800673,1.8586249,3.8793638,11.082956
1760985800675,1.8532411,3.8506498,11.106885
1760985800677,1.8574286,3.8027935,11.135598
1760985800680,1.8418752,3.754937,11.154142
1760985800682,1.8227327,3.7310088,11.159527
1760985800684,1.8077775,3.6831522,11.154741
1760985800686,1.7880367,3.6406796,11.159527
1760985800688,1.7491534,3.598207,11.164312
1760985800691,1.7437695,3.5497525,11.1834545
1760985800693,1.747957,3.5401812,11.193027
1760985800695,1.719243,3.5216367,11.202598
1760985800697,1.7001005,3.4977086,11.22174
1760985800700,1.6851454,3.4737802,11.240284
1760985800703,1.6797615,3.4307094,11.236097
1760985800705,1.6558332,3.4169507,11.245668
1760985800706,1.6414764,3.4025939,11.250454
1760985800709,1.6366907,3.397808,11.2552395
1760985800711,1.5744773,3.379862,11.236097
1760985800713,1.5266209,3.3619158,11.236097
1760985800715,1.5122639,3.3523445,11.212169
1760985800718,1.4829519,3.3146574,11.203196
1760985800720,1.4733806,3.3146574,11.19841
1760985800722,1.4255241,3.2913275,11.16491
1760985800724,1.3968102,3.2775688,11.1320095
1760985800727,1.3441681,3.2596226,11.084152
1760985800730,1.3106686,3.2554352,11.079966
1760985800732,1.268196,3.251248,11.0608225
1760985800734,1.2580265,3.2321053,11.056037
1760985800736,1.2299109,3.2470603,11.07518
1760985800738,1.2251252,3.2327034,11.065608
1760985800741,1.1820544,3.2386854,11.07518
1760985800742,1.1587243,3.2386854,11.0608225
1760985800744,1.1389836,3.2153554,11.065608
1760985800746,1.0959128,3.1920254,11.008779
1760985800749,1.0719845,3.173481,10.984851
1760985800751,1.0767702,3.1639097,10.970493
1760985800753,1.090529,3.1489546,10.9375925
1760985800755,1.0899308,3.1250265,10.918449
1760985800758,1.0851451,3.1106694,10.9375925
1760985800760,1.0893325,3.0867412,10.914262
1760985800762,1.0989038,3.0723844,10.928021
1760985800765,1.1030912,3.057429,10.932807
1760985800767,1.1072787,3.0239296,10.933405
1760985800769,1.1210374,3.0041888,10.951949
1760985800771,1.1066805,2.9808588,10.96152
1760985800774,1.1108679,2.961118,10.966306
1760985800776,1.1204392,2.9515467,11.009377
1760985800778,1.1060823,2.9419754,11.009377
1760985800780,1.0959128,2.8989046,11.033305
1760985800782,1.090529,2.8893332,11.066207
1760985800785,1.0809577,2.8558338,11.075778
1760985800787,1.0612168,2.842075,11.114063
1760985800789,1.0372887,2.7990043,11.161322
1760985800792,1.0127622,2.7702904,11.190035
1760985800794,0.98883396,2.7565317,11.204392
1760985800796,0.97866446,2.7182465,11.242079
1760985800798,0.9738788,2.7038896,11.270793
1760985800800,0.9822537,2.6602206,11.323435
1760985800803,0.9876375,2.669792,11.3988085
1760985800805,1.0013963,2.6452653,11.475379
1760985800807,0.98644114,2.6117659,11.569896
1760985800810,1.0241281,2.5962126,11.66501
1760985800812,1.0187442,2.5674987,11.75534
1760985800814,1.0139586,2.5477579,11.873784
1760985800816,1.032503,2.5232315,11.959328
1760985800819,1.0366904,2.4945176,12.054442
1760985800821,1.0689936,2.4454648,12.1352005
1760985800823,1.0779666,2.411367,12.225529
1760985800825,1.096511,2.3724837,12.339787
1760985800828,1.1144571,2.3144577,12.415758
1760985800830,1.0947163,2.2761726,12.48216
1760985800832,1.1126626,2.2181466,12.562917
1760985800834,1.1365907,2.2031915,12.658031
1760985800837,1.154537,2.1547368,12.710075
1760985800839,1.1778669,2.120041,12.790833
1760985800841,1.2059826,2.0859432,12.848261
1760985800843,1.2436695,2.0662024,12.895519
1760985800846,1.2664014,2.0177476,12.9338045
1760985800848,1.3040884,1.9974087,12.952349
1760985800850,1.3130615,1.9543378,12.96192
1760985800852,1.3022938,1.8969102,12.981063
1760985800855,1.3064811,1.8628124,12.962519
1760985800857,1.2957134,1.805983,12.929617
1760985800859,1.2807583,1.7533408,12.863216
1760985800862,1.2705889,1.7054844,12.820146
1760985800864,1.2460624,1.6677973,12.730414
1760985800866,1.2352947,1.6007984,12.602399
1760985800868,1.2017952,1.5732809,12.4935255
1760985800871,1.1958131,1.5302101,12.365509
1760985800873,1.1431711,1.5122639,12.21835
1760985800876,1.1377872,1.4739788,12.075977
1760985800878,1.1132607,1.43689,11.933605
1760985800880,1.1126626,1.4033905,11.791232
1760985800882,1.0893325,1.4231312,11.6440735
1760985800884,1.0749756,1.4093726,11.482557
1760985800887,1.0654043,1.4099708,11.330613
1760985800889,1.055833,1.410569,11.155339
1760985800891,1.0606186,1.4207385,10.979466
1760985800893,1.018146,1.4315062,10.775478
1760985800896,1.0037891,1.4273187,10.647463
1760985800898,0.9942178,1.4470595,10.453046
1760985800900,0.9661021,1.4476577,10.310673
1760985800903,0.95653087,1.4578272,10.130014
1760985800905,0.93260264,1.4590236,9.968499
1760985800907,0.9086744,1.4596218,9.798011
1760985800909,0.8757731,1.4895321,9.6173525
1760985800911,0.8757731,1.4751751,9.48455
1760985800914,0.8380861,1.5002998,9.332606
1760985800916,0.799801,1.4919249,9.166306
1760985800918,0.78065836,1.4829519,9.014959
1760985800920,0.7328019,1.4697913,8.900702
1760985800923,0.70947194,1.4943178,8.791828
1760985800925,0.6664011,1.4763715,8.663813
1760985800927,0.6329016,1.4721842,8.563912
1760985800930,0.6047859,1.477568,8.459227
1760985800932,0.55692947,1.4644074,8.374281
1760985800934,0.5282156,1.4554343,8.303095
1760985800936,0.5138587,1.4560326,8.231908
1760985800939,0.4851448,1.4422739,8.175078
1760985800941,0.46181476,1.4476577,8.141579
1760985800944,0.4331009,1.4434702,8.084749
1760985800945,0.40438703,1.4488541,8.056036
1760985800947,0.39421752,1.4153546,8.046464
1760985800950,0.38524446,1.4249259,8.041678
1760985800952,0.39481574,1.4249259,8.02792
1760985800954,0.3894319,1.410569,7.9944205
1760985800956,0.39421752,1.4057833,7.989635
1760985800959,0.41754755,1.3956138,7.9519477
1760985800961,0.4319045,1.3908281,7.9184484
1760985800964,0.46959144,1.3854443,7.90469
1760985800966,0.49830532,1.3800604,7.8903327
1760985800969,0.5455636,1.3555341,7.847262
1760985800970,0.59282184,1.3447664,7.838289
1760985800972,0.6257231,1.3202399,7.804789
1760985800975,0.67776704,1.3244274,7.776674
1760985800977,0.70588267,1.2999009,7.733603
1760985800979,0.7680961,1.3130615,7.6959157
1760985800981,0.80997044,1.2837493,7.667202
1760985800983,0.87637126,1.2586247,7.6719875
1760985800986,0.9182457,1.238884,7.624729
1760985800988,0.9661021,1.2430713,7.59123
1760985800991,1.0037891,1.2418749,7.5960155
1760985800992,1.032503,1.2323036,7.5678997
1760985800995,1.0893325,1.2311072,7.5774713
1760985800997,1.1180464,1.2257234,7.5726852
1760985800999,1.174876,1.2346965,7.5439715
1760985801002,1.2131611,1.2340983,7.524829
1760985801003,1.2556337,1.2329018,7.515856
1760985801006,1.3130615,1.2705889,7.472785
1760985801009,1.3704891,1.274178,7.4584284
1760985801011,1.4327025,1.2975081,7.420741
1760985801013,1.4703895,1.2969099,7.4015985
1760985801015,1.5140585,1.3298112,7.368099
1760985801017,1.5475581,1.3579268,7.344171
1760985801019,1.5804594,1.352543,7.2969127
1760985801022,1.6002002,1.3764713,7.27777
1760985801024,1.6097715,1.4003994,7.25444
1760985801026,1.6576279,1.4141582,7.211369
1760985801028,1.6719848,1.4327025,7.1826553
1760985801031,1.6773686,1.457229,7.159325
1760985801033,1.6731812,1.4811572,7.135397
1760985801035,1.6683956,1.4907285,7.1066833
1760985801038,1.6648064,1.5391831,7.0779696
1760985801040,1.6600207,1.5678971,7.049854
1760985801042,1.6606189,1.5822539,7.0259256
1760985801044,1.6420746,1.6115661,7.016354
1760985801047,1.6187445,1.6504494,6.982855
1760985801049,1.6241283,1.683949,6.963712
1760985801051,1.5870396,1.7186449,6.9355965
1760985801053,1.5732809,1.7521443,6.939784
1760985801055,1.5499508,1.7958134,6.9116683
1760985801058,1.5176477,1.8305093,6.88774
1760985801060,1.5182459,1.8735801,6.8781686
1760985801063,1.5044873,1.9028922,6.8255267
1760985801065,1.4668003,1.9369899,6.7926254
1760985801067,1.4721842,1.9417756,6.783054
1760985801069,1.4536397,1.9854445,6.7639112
1760985801071,1.4494523,2.0285153,6.7447686
1760985801074,1.4590236,2.033301,6.7351975
1760985801077,1.4356936,2.0578275,6.7208405
1760985801079,1.4267205,2.0721843,6.716055
1760985801080,1.4219348,2.0919251,6.7112694
1760985801082,1.4033905,2.1110678,6.7256265
1760985801085,1.4039887,2.134996,6.716055
1760985801088,1.4087744,2.1445673,6.7256265
1760985801090,1.4237294,2.1828525,6.7208405
1760985801092,1.4195421,2.2115662,6.739385
1760985801094,1.4434702,2.216352,6.716055
1760985801096,1.4536397,2.2594228,6.716055
1760985801098,1.4679967,2.2731814,6.716055
1760985801101,1.4679967,2.2731814,6.706484
1760985801103,1.4967105,2.2971098,6.6969123
1760985801106,1.5020944,2.3306093,6.6681986
1760985801107,1.5451652,2.3252254,6.658627
1760985801110,1.5637096,2.3198416,6.6538415
1760985801112,1.5972091,2.3336003,6.663413
1760985801114,1.6121643,2.3623142,6.672984
1760985801116,1.6169499,2.3623142,6.6777697
1760985801119,1.6504494,2.376073,6.6963143
1760985801121,1.6462619,2.400001,6.7298136
1760985801123,1.6462619,2.400001,6.777072
1760985801125,1.6325033,2.4430718,6.8057857
1760985801128,1.6516458,2.452045,6.8721867
1760985801130,1.6474584,2.480759,6.914659
1760985801132,1.6618153,2.480759,7.0002027
1760985801135,1.6480566,2.504687,7.0378895
1760985801136,1.6390835,2.5238297,7.099505
1760985801139,1.6719848,2.5088747,7.1898336
1760985801141,1.6677973,2.5328028,7.2658057
1760985801143,1.6630118,2.5328028,7.3369923
1760985801146,1.6534405,2.5375884,7.4033933
1760985801148,1.6444674,2.5615165,7.47458
1760985801150,1.6396817,2.556731,7.5457664
1760985801152,1.6157535,2.5519454,7.649854
1760985801155,1.6061822,2.5471597,7.7120676
1760985801157,1.5966109,2.556731,7.8113694
1760985801159,1.5972091,2.5663023,7.8538423
1760985801162,1.5876378,2.5663023,7.9298143
1760985801164,1.5786648,2.5902305,7.9393854
1760985801166,1.5780666,2.5758736,8.024929
1760985801168,1.5924234,2.5752754,8.0817585
1760985801171,1.602593,2.5992036,8.120044
1760985801173,1.602593,2.6135604,8.19123
1760985801175,1.6169499,2.6225336,8.243274
1760985801178,1.6600207,2.6165516,8.319246
1760985801180,1.6648064,2.635694,8.366505
1760985801182,1.669592,2.6309085,8.452047
1760985801184,1.6887345,2.6446671,8.489735
1760985801186,1.7084754,2.658426,8.560922
1760985801189,1.736591,2.6482565,8.608778
1760985801191,1.7557336,2.6428726,8.675179
1760985801193,1.7605193,2.6572297,8.732008
1760985801195,1.7844474,2.6662025,8.769695
1760985801197,1.8125632,2.6512475,8.855238
1760985801200,1.82692,2.6362925,8.9312105
1760985801202,1.8460627,2.6458635,8.9928255
1760985801204,1.8652053,2.650051,9.0544405
1760985801207,1.8693926,2.6398816,9.102298
1760985801209,1.8933209,2.6446671,9.135199
1760985801211,1.9070797,2.6201408,9.192626
1760985801213,1.9262222,2.6195426,9.254242
1760985801216,1.9543378,2.609373,9.272786
1760985801218,1.9495523,2.5998018,9.315857
1760985801220,1.9639091,2.608775,9.372686
1760985801222,2.0021944,2.6081767,9.391829
1760985801225,2.0117657,2.603391,9.415159
1760985801227,2.0494525,2.5932214,9.429516
1760985801229,2.0685952,2.6165516,9.467801
1760985801232,2.1020947,2.6111677,9.495916
1760985801235,2.1212373,2.6201408,9.515059
1760985801236,2.134996,2.605784,9.500702
1760985801238,2.1308086,2.6249263,9.529416
1760985801240,2.1589243,2.6195426,9.515059
1760985801242,2.1684954,2.629114,9.510274
1760985801245,2.1828525,2.62373,9.519845
1760985801247,2.1972094,2.6333013,9.467801
1760985801249,2.1978076,2.6476583,9.443872
1760985801251,2.2259233,2.652444,9.405587
1760985801254,2.2408783,2.6668007,9.35833
1760985801256,2.2648067,2.6757739,9.311071
1760985801258,2.2743778,2.6805596,9.268001
1760985801260,2.2743778,2.6997023,9.225528
1760985801262,2.2989044,2.7379873,9.158528
1760985801265,2.289333,2.7385855,9.101699
1760985801267,2.2947168,2.7672994,9.064013
1760985801269,2.309672,2.8151557,9.001799
1760985801271,2.295315,2.830111,8.949755
1760985801274,2.2815564,2.8444679,8.878569
1760985801276,2.2815564,2.8546374,8.836096
1760985801278,2.292324,2.9168508,8.773883
1760985801280,2.2594228,2.9365916,8.73141
1760985801283,2.2360928,2.9563324,8.683554
1760985801285,2.207977,2.9952157,8.617152
1760985801287,2.199004,3.034099,8.569894
1760985801290,2.1708884,3.0442686,8.526823
1760985801292,2.1475582,3.068795,8.469994
1760985801294,2.1667008,3.0879376,8.436495
1760985801296,2.1529422,3.1220353,8.407781
1760985801299,2.1541386,3.165106,8.389236
1760985801301,2.1302104,3.1752756,8.346166
1760985801303,2.1445673,3.1848469,8.294122
1760985801306,2.14038,3.2183464,8.246265
1760985801308,2.140978,3.2524443,8.189436
1760985801310,2.1314068,3.2524443,8.165507
1760985801312,2.1511476,3.3003006,8.118249
1760985801315,2.175674,3.318845,8.089535
1760985801316,2.1894326,3.318845,8.075178
1760985801319,2.2187448,3.3373895,8.060822
1760985801321,2.2235305,3.3661032,8.047063
1760985801324,2.2378874,3.3661032,8.003992
1760985801326,2.2474587,3.3661032,7.999206
1760985801328,2.243271,3.394817,7.966305
1760985801330,2.271985,3.3990045,7.9519477
1760985801333,2.2761726,3.379862,7.989635
1760985801334,2.3001008,3.4037902,7.9704924
1760985801337,2.3198416,3.4223347,7.984849
1760985801339,2.329413,3.4271202,7.9944205
1760985801341,2.3300111,3.4654055,8.008778
1760985801344,2.3347967,3.4558342,8.018349
1760985801346,2.344368,3.4695928,8.046464
1760985801348,2.3635106,3.4648073,8.070393
1760985801350,2.39701,3.478566,8.10808
1760985801353,2.4107687,3.4779677,8.103293
1760985801355,2.4346972,3.4779677,8.103293
1760985801357,2.4634109,3.4917264,8.093722
1760985801359,2.4825535,3.481557,8.117651
1760985801362,2.4921248,3.495914,8.132008
1760985801364,2.5106692,3.49053,8.136793
1760985801366,2.5345974,3.4995031,8.17448
1760985801368,2.5399811,3.5090744,8.188837
1760985801371,2.5585256,3.4995031,8.212766
1760985801373,2.5495524,3.528217,8.226524
1760985801375,2.5495524,3.51386,8.26481
1760985801378,2.5501506,3.542574,8.288139
1760985801380,2.5357938,3.5569308,8.292925
1760985801382,2.5268207,3.5671003,8.307282
1760985801384,2.5172493,3.571886,8.335996
1760985801387,2.5316064,3.5904303,8.373683
1760985801389,2.513062,3.5910287,8.359326
1760985801391,2.513062,3.610171,8.38804
1760985801394,2.5082762,3.610171,8.397611
1760985801396,2.5184457,3.6293137,8.416156
1760985801398,2.5322046,3.62393,8.435298
1760985801400,2.5136602,3.6340995,8.468798
1760985801403,2.5040889,3.6340995,8.472985
1760985801405,2.4951158,3.667599,8.506484
1760985801407,2.4855444,3.667599,8.548957
1760985801409,2.4711876,3.6681972,8.558528
1760985801411,2.4430718,3.6927235,8.563314
1760985801414,2.4335005,3.687938,8.587242
1760985801415,2.4149563,3.7118661,8.6345005
1760985801418,2.4059832,3.7172499,8.653643
1760985801420,2.4059832,3.731607,8.686544
1760985801422,2.396412,3.731607,8.715259
1760985801425,2.396412,3.7363925,8.7577305
1760985801427,2.3682961,3.7459638,8.781659
1760985801429,2.3826532,3.7459638,8.843274
1760985801432,2.3682961,3.7555351,8.8905325
1760985801434,2.3922246,3.754937,8.928818
1760985801436,2.3688943,3.760321,8.9521475
1760985801439,2.4017956,3.7645082,9.008977
1760985801441,2.411367,3.7591243,9.047262
1760985801443,2.4209383,3.7734814,9.118449
1760985801445,2.4305096,3.7776687,9.137591
1760985801447,2.4544377,3.7824545,9.18485
1760985801450,2.4735804,3.7818563,9.212965
1760985801452,2.4975085,3.7860436,9.241679
1760985801454,2.4879375,3.7716868,9.246465
1760985801456,2.5208387,3.7615173,9.28475
1760985801459,2.5022943,3.7812579,9.293723
1760985801461,2.5351956,3.7758741,9.317652
1760985801463,2.568695,3.775276,9.336794
1760985801465,2.5734808,3.769892,9.3511505
1760985801468,2.592025,3.769892,9.360124
1760985801470,2.592025,3.7555351,9.346365
1760985801472,2.6255248,3.7645082,9.341579
1760985801474,2.620739,3.7740796,9.346365
1760985801476,2.6392834,3.7591243,9.364909
1760985801479,2.6350958,3.7645082,9.355937
1760985801481,2.6303103,3.7645082,9.364909
1760985801483,2.6159534,3.7597225,9.364909
1760985801486,2.6303103,3.7740796,9.374481
1760985801488,2.6446671,3.7686956,9.388838
1760985801490,2.620739,3.7740796,9.398409
1760985801492,2.6021945,3.778865,9.384052
1760985801495,2.5782664,3.7938204,9.403194
1760985801497,2.5926232,3.7938204,9.384052
1760985801499,2.5788646,3.8033917,9.403194
1760985801501,2.574079,3.8129628,9.398409
1760985801504,2.574079,3.822534,9.426525
1760985801506,2.5788646,3.8177485,9.42174
1760985801508,2.5459633,3.8327036,9.440882
1760985801510,2.5842485,3.851248,9.436096
1760985801513,2.5794628,3.8368912,9.431311
1760985801515,2.5980072,3.8321054,9.426525
1760985801518,2.612364,3.8458643,9.426525
1760985801519,2.6219354,3.8267217,9.412168
1760985801522,2.6452653,3.8213377,9.431311
1760985801525,2.6691937,3.8165522,9.416953
1760985801526,2.6691937,3.8261235,9.398409
1760985801528,2.6691937,3.8213377,9.403194
1760985801531,2.6739793,3.830909,9.379267
1760985801534,2.6835506,3.8255253,9.384052
1760985801536,2.6883361,3.8255253,9.384052
1760985801538,2.693122,3.8350966,9.40798
1760985801540,2.7260232,3.8297126,9.412766
1760985801542,2.7451658,3.8386858,9.436096
1760985801544,2.7643085,3.8434713,9.497711
1760985801547,2.7786653,3.8237305,9.568898
1760985801550,2.8025935,3.8327036,9.592826
1760985801551,2.8259234,3.8321054,9.654441
1760985801553,2.8115666,3.8081772,9.687941
1760985801556,2.830111,3.7932222,9.773484
1760985801558,2.8444679,3.778865,9.811171
1760985801560,2.8540392,3.792624,9.882358
1760985801562,2.8725836,3.7633119,9.930214
1760985801565,2.8582265,3.7537405,9.982258
1760985801567,2.8582265,3.7680974,10.024731
1760985801569,2.8528428,3.7250266,10.063016
1760985801571,2.8480573,3.720241,10.100702
1760985801574,2.8390841,3.7393837,10.143773
1760985801576,2.8151557,3.735196,10.162318
1760985801578,2.8049862,3.6921253,10.200603
1760985801581,2.7954152,3.6921253,10.200603
1760985801583,2.7954152,3.6873398,10.219746
1760985801585,2.7565317,3.6544385,10.262218
1760985801587,2.7798617,3.6203406,10.281361
1760985801590,2.7702904,3.6011982,10.276575
1760985801592,2.7511477,3.5874393,10.253245
1760985801594,2.7649066,3.5581272,10.253245
1760985801596,2.7738798,3.534199,10.24846
1760985801598,2.7870402,3.49053,10.2723875
1760985801601,2.8109684,3.475575,10.277173
1760985801603,2.824727,3.475575,10.281959
1760985801606,2.8576283,3.4504502,10.31486
1760985801608,2.891128,3.4450665,10.367502
1760985801610,2.9006991,3.4402807,10.44826
1760985801612,2.8953154,3.4259238,10.462019
1760985801614,2.8815567,3.4354951,10.490733
1760985801616,2.9138598,3.406183,10.547563
1760985801618,2.9330025,3.4151561,10.576276
1760985801621,2.9659038,3.3954153,10.585847
1760985801623,2.9892337,3.342175,10.637891
1760985801626,3.0077782,3.3176486,10.666605
1760985801628,3.0358937,3.3026934,10.718649
1760985801630,3.0496526,3.2733815,10.72822
1760985801632,3.0825539,3.263212,10.780863
1760985801635,3.1256247,3.2524443,10.852049
1760985801636,3.1627133,3.2327034,10.904093
1760985801639,3.2009985,3.2410784,10.965708
1760985801641,3.2243285,3.2213376,11.027323
1760985801643,3.2434711,3.2213376,11.084751
1760985801646,3.2673993,3.211168,11.141581
1760985801648,3.281158,3.205784,11.207981
1760985801651,3.3284163,3.161517,11.250454
1760985801653,3.3326037,3.1567314,11.307881
1760985801655,3.3559337,3.1130621,11.364711
1760985801657,3.3792639,3.098107,11.416755
1760985801660,3.4025939,3.0586255,11.502298
1760985801662,3.411567,3.0299118,11.573485
1760985801664,3.4205399,2.9958138,11.626127
1760985801666,3.4390843,2.966502,11.692528
1760985801668,3.4480574,2.9371898,11.721242
1760985801671,3.4474592,2.9036903,11.763715
1760985801673,3.4516466,2.8701909,11.806786
1760985801675,3.4271202,2.841477,11.854043
1760985801677,3.4217365,2.7936203,11.882757
1760985801680,3.39721,2.7553353,11.9019
1760985801682,3.3924243,2.7409782,11.9306135
1760985801684,3.3822548,2.7074788,11.949158
1760985801687,3.3487554,2.6985056,12.006586
1760985801688,3.309872,2.6464617,12.025728
1760985801691,3.2673993,2.6566312,12.068201
1760985801693,3.219543,2.638087,12.110674
1760985801696,3.1387851,2.6201408,12.168101
1760985801698,3.0765717,2.6165516,12.191431
1760985801700,3.0245278,2.612364,12.244074
1760985801702,2.9341989,2.5992036,12.310474
1760985801704,2.8582265,2.605784,12.31526
1760985801707,2.7625136,2.5830522,12.348162
1760985801709,2.6823542,2.589034,12.3912325
1760985801711,2.6009982,2.5812573,12.38166
1760985801714,2.525026,2.5728827,12.405589
1760985801716,2.4059832,2.565106,12.433704
1760985801718,2.312065,2.5956144,12.424133
1760985801720,2.216352,2.5734808,12.428919
1760985801722,2.1212373,2.5752754,12.43849
1760985801725,2.0171494,2.57707,12.414562
1760985801727,1.8987048,2.5980072,12.433704
1760985801729,1.8227327,2.5998018,12.409777
1760985801731,1.7515461,2.5962126,12.400804
1760985801734,1.6654046,2.5782664,12.424133
1760985801739,1.608575,2.5794628,12.41516
1760985801739,1.5320047,2.5663023,12.410375
1760985801740,1.4751751,2.5722845,12.400804
1760985801742,1.3842479,2.5399811,12.400804
1760985801744,1.2939188,2.5034907,12.396018
1760985801747,1.2364911,2.5094728,12.3912325
1760985801749,1.1312069,2.4675984,12.386446
1760985801752,1.0402796,2.4071796,12.367902
1760985801753,0.95413804,2.379662,12.377473
1760985801756,0.85842514,2.352743,12.387045
1760985801758,0.78664047,2.3204398,12.377473
1760985801760,0.7052845,2.2785654,12.406187
1760985801762,0.6334998,2.236691,12.42533
1760985801765,0.5665008,2.199004,12.439687
1760985801767,0.52283174,2.1565313,12.434901
1760985801769,0.45583272,2.1242282,12.449258
1760985801771,0.421735,2.0721843,12.458829
1760985801774,0.39720857,2.0482562,12.4731865
1760985801776,0.36370903,2.0057836,12.454043
1760985801778,0.33379877,1.9537396,12.430714
1760985801780,0.32362926,1.896312,12.464213
1760985801783,0.31345975,1.8574286,12.488141
1760985801785,0.29790643,1.8005991,12.473784
1760985801787,0.25902304,1.7383857,12.507284
1760985801790,0.23928227,1.6959131,12.502499
1760985801792,0.21954148,1.6384853,12.488141
1760985801794,0.20877378,1.5810575,12.48874
1760985801796,0.19860429,1.5236298,12.483953
1760985801798,0.20219351,1.4757733,12.479168
1760985801801,0.18723837,1.4374882,12.469597
1760985801803,0.17706887,1.3944174,12.451053
1760985801805,0.124426775,1.3519448,12.441482
1760985801807,0.10887343,1.294517,12.413365
1760985801810,0.08015956,1.2664014,12.37508
1760985801813,0.050847482,1.2335001,12.290135
1760985801814,0.03589234,1.2005987,12.233306
1760985801817,0.0017946169,1.1629118,12.171691
1760985801819,0.0059820567,1.134198,12.071791
1760985801821,-0.0317049,1.1300105,11.995818
1760985801823,-0.055633128,1.1353943,11.886945
1760985801826,-0.07956135,1.1222339,11.772687
1760985801829,-0.11784652,1.1180464,11.663814
1760985801831,-0.14656039,1.0947163,11.55494
1760985801833,-0.16510476,1.1144571,11.431112
1760985801836,-0.21774685,1.1060823,11.283954
1760985801837,-0.25064817,1.1359925,11.17508
1760985801840,-0.2835495,1.1419746,11.023136
1760985801841,-0.3361916,1.1377872,10.918449
1760985801843,-0.3260221,1.1623136,10.809576
1760985801846,-0.3499503,1.1581261,10.719247
1760985801848,-0.38285163,1.1730813,10.657632
1760985801851,-0.3924229,1.1976078,10.609776
1760985801853,-0.44865423,1.227518,10.524831
1760985801855,-0.52941203,1.2293127,10.42493
1760985801857,-0.5910272,1.244866,10.3441725
1760985801860,-0.6436693,1.2364911,10.249058
1760985801861,-0.68135625,1.2323036,10.164112
1760985801864,-0.7004988,1.2376875,10.073783
1760985801866,-0.7477571,1.2484552,9.993026
1760985801868,-0.76689965,1.2442678,9.902697
1760985801871,-0.7962117,1.2161521,9.80818
1760985801873,-0.8380861,1.2412767,9.713065
1760985801875,-0.8668,1.2323036,9.6275215
1760985801878,-0.89072824,1.2472588,9.541979
1760985801880,-0.9236295,1.2382857,9.470792
1760985801883,-0.94277215,1.2532408,9.361918
1760985801884,-0.9517452,1.268196,9.305089
1760985801886,-0.94277215,1.2634103,9.233903
1760985801889,-0.9613165,1.2927225,9.143574
1760985801891,-0.94695956,1.2831511,9.048459
1760985801894,-0.9613165,1.2927225,8.977272
1760985801896,-0.93738824,1.3070793,8.877372
1760985801898,-0.9607183,1.3124632,8.8014
1760985801901,-0.95054877,1.3459628,8.697312
1760985801903,-0.9176475,1.3507484,8.635697
1760985801904,-0.91226363,1.3651053,8.516654
1760985801907,-0.89371926,1.3555341,8.43111
1760985801909,-0.85064846,1.3740784,8.327023
1760985801911,-0.80757767,1.3878372,8.227122
1760985801913,-0.779462,1.3926228,8.146365
1760985801916,-0.7507481,1.4015958,8.042277
1760985801918,-0.68853474,1.4201403,7.9423766
1760985801920,-0.6646065,1.4297116,7.856833
1760985801923,-0.62153566,1.4626129,7.7665043
1760985801925,-0.5593223,1.4668003,7.685746
1760985801927,-0.5306084,1.5092729,7.5816584
1760985801929,-0.4546363,1.5134603,7.472187
1760985801932,-0.42053857,1.541576,7.381858
1760985801934,-0.35832518,1.579263,7.3106713
1760985801936,-0.31046873,1.6121643,7.2155566
1760985801938,-0.25782663,1.625923,7.134799
1760985801940,-0.2434697,1.6307086,7.0402822
1760985801943,-0.19980069,1.6827525,6.9876404
1760985801945,-0.16151553,1.7108682,6.906883
1760985801947,-0.1274178,1.7491534,6.8739815
1760985801950,-0.09810573,1.7964116,6.7926254
1760985801952,-0.05503492,1.8197416,6.745367
1760985801955,0.0023928226,1.8526429,6.693323
1760985801956,0.050847482,1.8951155,6.626324
1760985801959,0.0849452,1.942972,6.6071815
1760985801961,0.09990034,1.9812572,6.550352
1760985801963,0.1381855,2.0237298,6.5455666
1760985801965,0.16271193,2.0662024,6.521638
1760985801968,0.1591227,2.1194427,6.4977098
1760985801970,0.15493527,2.1625135,6.478567
1760985801972,0.19381863,2.204986,6.450452
1760985801974,0.19441684,2.2438695,6.4360948
1760985801976,0.19980069,2.2869403,6.407381
1760985801979,0.22971097,2.3491535,6.3595243
1760985801981,0.23509483,2.39701,6.3308105
1760985801983,0.26919255,2.449054,6.2979093
1760985801986,0.28893334,2.4921248,6.2691956
1760985801988,0.27517462,2.5310082,6.235696
1760985801990,0.30029923,2.5932214,6.2261243
1760985801992,0.31944183,2.626123,6.1884375
1760985801994,0.3062813,2.6793633,6.202196
1760985801997,0.30269206,2.7320054,6.168697
1760985801999,0.32243285,2.7750762,6.1734824
1760985802001,0.3278167,2.8085756,6.1734824
1760985802003,0.32362926,2.8522446,6.15434
1760985802006,0.33379877,2.8905299,6.1639113
1760985802008,0.31585258,2.9336007,6.1968126
1760985802010,0.30149564,2.958127,6.2159553
1760985802012,0.27337998,2.9772696,6.253642
1760985802015,0.2835495,3.0203404,6.263213
1760985802018,0.26021945,3.0257242,6.2919273
1760985802019,0.25603202,3.068795,6.329614
1760985802021,0.26141587,3.097509,6.3481584
1760985802024,0.24765715,3.1363924,6.3625154
1760985802026,0.28115666,3.150151,6.3720865
1760985802028,0.31465617,3.1686954,6.3720865
1760985802030,0.33439696,3.182454,6.3864436
1760985802033,0.36311084,3.2015967,6.3720865
1760985802035,0.37268212,3.1962128,6.4002023
1760985802037,0.40618163,3.2249267,6.3720865
1760985802040,0.42532423,3.2482567,6.3954167
1760985802042,0.45403808,3.2285159,6.367301
1760985802044,0.47318068,3.2524443,6.352944
1760985802047,0.51565325,3.251846,6.3625154
1760985802049,0.5593223,3.275176,6.3338017
1760985802051,0.58265233,3.269792,6.343373
1760985802053,0.6161518,3.2883365,6.3050876
1760985802055,0.6729814,3.2775688,6.2955165
1760985802057,0.7160522,3.286542,6.290731
1760985802060,0.75912297,3.3146574,6.262615
1760985802062,0.80159557,3.2853456,6.22433
1760985802065,0.85902333,3.3032916,6.2434726
1760985802066,0.9206385,3.2973096,6.262615
1760985802069,0.9391829,3.2685957,6.285945
1760985802071,0.9912268,3.2721848,6.300302
1760985802073,1.0342976,3.3003006,6.3338017
1760985802076,1.0863415,3.289533,6.366703
1760985802078,1.1437693,3.2979078,6.366703
1760985802080,1.1958131,3.2829528,6.404988
1760985802082,1.2574283,3.2913275,6.404988
1760985802085,1.2999009,3.2709885,6.442675
1760985802087,1.3615161,3.2650065,6.485746
1760985802089,1.4093726,3.269194,6.4761744
1760985802092,1.4470595,3.2685957,6.4905314
1760985802094,1.4901303,3.2769706,6.518647
1760985802097,1.5367904,3.2380872,6.5282183
1760985802099,1.5894325,3.251248,6.53779
1760985802101,1.6277176,3.245864,6.5425754
1760985802103,1.6749759,3.2596226,6.547361
1760985802105,1.7371893,3.2584262,6.5569324
1760985802107,1.7748762,3.2530425,6.5754766
1760985802110,1.8227327,3.2614172,6.5946193
1760985802112,1.8562322,3.2799616,6.623333
1760985802115,1.8610178,3.289533,6.6562343
1760985802116,1.8897316,3.3080773,6.66102
1760985802119,1.8855443,3.3320055,6.708278
1760985802121,1.8903298,3.3559337,6.727421
1760985802123,1.867598,3.3804603,6.760322
1760985802125,1.8765712,3.370889,6.7842503
1760985802128,1.8765712,3.365505,6.8315086
1760985802130,1.9004993,3.3894334,6.8602223
1760985802132,1.9058832,3.417549,6.8979096
1760985802135,1.9298115,3.4127634,6.9170523
1760985802137,1.9393828,3.4073794,6.9786673
1760985802139,1.9298115,3.4073794,7.083353
1760985802141,1.9250258,3.4121652,7.159325
1760985802143,1.9298115,3.4019957,7.216155
1760985802146,1.9250258,3.4019957,7.2969127
1760985802149,1.9579271,3.3870404,7.368099
1760985802150,1.9621146,3.362514,7.420143
1760985802152,1.9998015,3.3523445,7.4679995
1760985802155,2.018944,3.3373895,7.5200434
1760985802157,2.033301,3.3517463,7.5673018
1760985802160,2.0428724,3.3511481,7.615158
1760985802162,2.079961,3.3122647,7.6863446
1760985802164,2.0751755,3.293122,7.733603
1760985802166,2.0841484,3.278167,7.776674
1760985802169,2.103291,3.263212,7.852646
1760985802171,2.1601207,3.242873,7.895118
1760985802173,2.1690936,3.242873,7.947162
1760985802175,2.2019951,3.222534,8.00459
1760985802178,2.2211375,3.21715,8.070991
1760985802180,2.2402802,3.21715,8.103892
1760985802182,2.2594228,3.2213376,8.146963
1760985802185,2.2779672,3.211168,8.179864
1760985802186,2.3018954,3.2105699,8.231908
1760985802189,2.3162522,3.2009985,8.2558365
1760985802191,2.3491535,3.1812577,8.274979
1760985802193,2.3581266,3.1806595,8.289336
1760985802195,2.3581266,3.1758738,8.327023
1760985802198,2.396412,3.1657043,8.350951
1760985802200,2.373082,3.1902308,8.374879
1760985802202,2.3491535,3.1806595,8.422137
1760985802205,2.3395824,3.1950164,8.459825
1760985802207,2.3491535,3.2045877,8.49811
1760985802209,2.3258235,3.229114,8.526225
1760985802211,2.3216362,3.2338998,8.559725
1760985802214,2.3264217,3.2333016,8.583055
1760985802216,2.335993,3.2476585,8.635697
1760985802218,2.32702,3.281158,8.678169
1760985802220,2.3084757,3.2913275,8.725428
1760985802223,2.3084757,3.2961133,8.763713
1760985802225,2.28036,3.324827,8.810971
1760985802227,2.2660031,3.3349965,8.853444
1760985802229,2.243271,3.3637104,8.9013
1760985802231,2.2103698,3.3882368,8.929416
1760985802234,2.1768703,3.388835,8.976674
1760985802236,2.1445673,3.418147,9.014959
1760985802239,2.1068804,3.437888,9.076574
1760985802241,2.0925233,3.4331024,9.138189
1760985802243,2.030908,3.44387,9.157332
1760985802245,1.9974087,3.4444683,9.218947
1760985802248,1.9549361,3.4402807,9.251849
1760985802249,1.9214365,3.4456646,9.270991
1760985802251,1.8735801,3.431906,9.275777
1760985802253,1.8502501,3.446861,9.29492
1760985802256,1.8454645,3.4516466,9.313464
1760985802258,1.8221345,3.461816,9.332606
1760985802260,1.7838492,3.4480574,9.3613205
1760985802262,1.7557336,3.4528432,9.394221
1760985802265,1.6935202,3.4396825,9.38465
1760985802267,1.683949,3.4450665,9.399008
1760985802269,1.6749759,3.464209,9.451052
1760985802271,1.6749759,3.4594233,9.442079
1760985802274,1.6612171,3.478566,9.446265
1760985802276,1.6426728,3.507878,9.455837
1760985802278,1.6043876,3.5132618,9.470194
1760985802280,1.5714862,3.5234313,9.470194
1760985802283,1.5577276,3.557529,9.470194
1760985802285,1.5248263,3.5724843,9.470194
1760985802287,1.4871392,3.5730824,9.503095
1760985802290,1.4733806,3.606582,9.512667
1760985802292,1.4494523,3.5976088,9.4839525
1760985802294,1.4069797,3.626921,9.479167
1760985802297,1.3884354,3.6466618,9.479167
1760985802299,1.3692927,3.6520455,9.451052
1760985802302,1.3459628,3.676572,9.427123
1760985802303,1.3274183,3.6915271,9.360723
1760985802306,1.2993027,3.7160535,9.312865
1760985802308,1.2759727,3.754937,9.293723
1760985802310,1.247857,3.7794633,9.279964
1760985802313,1.18684,3.804588,9.241679
1760985802315,1.1395818,3.8195431,9.2177515
1760985802317,1.0923235,3.8494534,9.175279
1760985802319,1.0552348,3.888935,9.165708
1760985802322,1.0079765,3.9134614,9.122637
1760985802324,0.9804591,3.9625144,9.089735
1760985802327,0.94277215,4.0013976,9.027522
1760985802328,0.91525465,4.0354953,8.985049
1760985802330,0.90149593,4.0648074,8.923434
1760985802332,0.91166544,4.1126637,8.866006
1760985802335,0.9026923,4.1371903,8.780462
1760985802337,0.9320044,4.180261,8.733205
1760985802339,0.94636136,4.2041893,8.666803
1760985802341,0.9607183,4.222734,8.628518
1760985802344,0.9421739,4.237689,8.581261
1760985802346,0.9379865,4.2717867,8.4813595
1760985802348,0.933799,4.301099,8.386245
1760985802351,0.9290134,4.301099,8.263015
1760985802353,0.94755775,4.2867417,8.1679
1760985802355,1.0007981,4.334,8.063214
1760985802358,1.0342976,4.338187,8.01117
1760985802360,1.0671989,4.3525443,7.9686975
1760985802362,1.119841,4.365705,7.9447694
1760985802364,1.134198,4.3609195,7.920841
1760985802366,1.1724831,4.3794637,7.8831544
1760985802369,1.2197413,4.359723,7.8592257
1760985802371,1.2484552,4.3686957,7.8352976
1760985802373,1.2861422,4.3728833,7.8352976
1760985802376,1.3190435,4.3531427,7.844869
1760985802378,1.3286148,4.35733,7.8496547
1760985802380,1.3429717,4.362116,7.8592257
1760985802382,1.3573287,4.366303,7.8927255
1760985802385,1.3615161,4.3375893,7.9256268
1760985802387,1.3471591,4.3328037,7.9304123
1760985802389,1.3621143,4.342375,7.978269
1760985802391,1.39023,4.3322053,8.006385
1760985802394,1.39023,4.351348,8.053643
1760985802395,1.3998013,4.345964,8.072785
1760985802398,1.4045869,4.35075,8.072785
1760985802400,1.4147564,4.384249,8.120044
1760985802402,1.4338989,4.388437,8.143971
1760985802405,1.4386846,4.3740797,8.187042
1760985802407,1.4434702,4.402794,8.196015
1760985802409,1.4440684,4.412365,8.239086
1760985802412,1.4344971,4.4075794,8.257631
1760985802414,1.4303098,4.4410787,8.271988
1760985802417,1.4303098,4.4458647,8.276773
1760985802419,1.4446666,4.465007,8.324032
1760985802420,1.430908,4.4985065,8.328817
1760985802423,1.4219348,4.508676,8.300103
1760985802425,1.4219348,4.5134616,8.295318
1760985802427,1.4410775,4.536792,8.314461
1760985802429,1.4464613,4.5655055,8.338388
1760985802432,1.4518452,4.6037908,8.385647
1760985802435,1.4955142,4.6319065,8.42812
1760985802436,1.5050855,4.651049,8.447262
1760985802438,1.5098711,4.664808,8.465807
1760985802441,1.5577276,4.6689954,8.475378
1760985802443,1.5678971,4.697709,8.499306
1760985802446,1.5960127,4.682754,8.484949
1760985802448,1.6342978,4.6965127,8.508878
1760985802450,1.6624135,4.686343,8.504091
1760985802452,1.6863418,4.6761737,8.513663
1760985802454,1.7240287,4.6803613,8.536993
1760985802457,1.7240287,4.685147,8.546564
1760985802459,1.7521443,4.6654058,8.565707
1760985802461,1.7856439,4.674379,8.603394
1760985802463,1.8047864,4.6689954,8.617751
1760985802466,1.8281165,4.6492543,8.627322
1760985802468,1.884946,4.6486564,8.636893
1760985802470,1.9094725,4.6767716,8.646464
1760985802473,1.9471594,4.6618166,8.660822
1760985802475,1.9471594,4.6522455,8.679366
1760985802477,2.0141585,4.6893344,8.698508
1760985802479,2.0141585,4.6845484,8.669795
1760985802481,2.0470598,4.664808,8.708079
1760985802484,2.0805593,4.6881375,8.740981
1760985802486,2.085345,4.6875396,8.779266
1760985802488,2.12363,4.6965127,8.7984085
1760985802491,2.1284158,4.7156553,8.840881
1760985802493,2.152344,4.7198424,8.916854
1760985802495,2.181058,4.7288156,8.949755
1760985802497,2.1912274,4.7431726,9.030513
1760985802499,2.1816561,4.767101,9.068798
1760985802502,2.1870399,4.781458,9.139386
1760985802504,2.210968,4.790431,9.201599
1760985802506,2.2115662,4.8239303,9.2488575
1760985802508,2.1924238,4.814359,9.296116
1760985802511,2.201397,4.8041897,9.367303
1760985802513,2.216352,4.8376894,9.428918
1760985802515,2.2307088,4.82752,9.485747
1760985802517,2.2642083,4.8364925,9.54796
1760985802520,2.306681,4.8209395,9.623933
1760985802522,2.3401806,4.8299127,9.704092
1760985802524,2.3778675,4.8101716,9.751948
1760985802527,2.3868406,4.7952166,9.832706
1760985802529,2.4005992,4.775476,9.88475
1760985802531,2.4239295,4.7509494,9.960723
1760985802533,2.4478576,4.750351,10.027123
1760985802536,2.4568307,4.7168517,10.084551
1760985802538,2.4711876,4.7018967,10.131809
1760985802540,2.4562325,4.682754,10.19821
1760985802542,2.4658036,4.663013,10.255039
1760985802544,2.46042,4.639085,10.331012
1760985802547,2.4598217,4.5912285,10.374083
1760985802549,2.4544377,4.5619164,10.459626
1760985802551,2.4628127,4.5092745,10.506885
1760985802553,2.44367,4.475775,10.559526
1760985802556,2.437688,4.4321055,10.621141
1760985802559,2.43709,4.3986063,10.7019
1760985802560,2.4275186,4.360321,10.773086
1760985802562,2.431706,4.3262234,10.844273
1760985802564,2.417349,4.321438,10.906486
1760985802567,2.4071796,4.3118663,10.953744
1760985802569,2.4311078,4.301697,11.010573
1760985802572,2.440679,4.3112683,11.062617
1760985802574,2.4789643,4.3202415,11.115259
1760985802576,2.5172493,4.347759,11.167303
1760985802578,2.5501506,4.328018,11.209776
1760985802581,2.5603201,4.371089,11.26182
1760985802583,2.5752754,4.3854456,11.29532
1760985802585,2.5609183,4.3854456,11.309676
1760985802587,2.5609183,4.390231,11.337791
1760985802589,2.541776,4.3854456,11.323435
1760985802592,2.5322046,4.371687,11.337791
1760985802594,2.5220351,4.347759,11.337791
1760985802596,2.5124638,4.342973,11.342578
1760985802598,2.498107,4.328616,11.342578
1760985802601,2.455036,4.295715,11.343176
1760985802603,2.4496522,4.286144,11.352149
1760985802605,2.4209383,4.267599,11.36172
1760985802608,2.411367,4.258028,11.380862
1760985802610,2.411367,4.243671,11.376077
1760985802612,2.396412,4.2053857,11.409576
1760985802614,2.3868406,4.2011986,11.404791
1760985802618,2.3958137,4.176672,11.4191475
1760985802619,2.4095724,4.156931,11.447862
1760985802621,2.4143581,4.1425743,11.475977
1760985802623,2.4281168,4.118646,11.475977
1760985802626,2.4089742,4.1090746,11.47179
1760985802628,2.3844478,4.0707893,11.514262
1760985802630,2.393421,4.046861,11.514262
1760985802632,2.3922246,3.984648,11.500504
1760985802635,2.382055,3.9367914,11.495718
1760985802637,2.376671,3.8937206,11.510076
1760985802639,2.3946173,3.8213377,11.524432
1760985802641,2.4029922,3.7680974,11.501102
1760985802644,2.4155545,3.6861434,11.477174
1760985802646,2.428715,3.609573,11.453844
1760985802648,2.4412773,3.527619,11.4394865
1760985802650,2.4263222,3.4558342,11.425728
1760985802653,2.4484558,3.3930225,11.420942
1760985802655,2.452045,3.3254254,11.425728
1760985802657,2.484348,3.2626138,11.411969
1760985802660,2.4975085,3.1998022,11.392827
1760985802662,2.5298119,3.141776,11.388639
1760985802664,2.5292134,3.0939198,11.350354
1760985802666,2.5615165,3.0406795,11.303096
1760985802669,2.589034,3.001796,11.29831
1760985802671,2.6350958,2.9192436,11.246266
1760985802673,2.6536403,2.8761728,11.218151
1760985802675,2.6907291,2.8462625,11.190035
1760985802678,2.714059,2.8175488,11.15175
1760985802680,2.7278178,2.7786653,11.142179
1760985802683,2.7601209,2.7397819,11.109278
1760985802685,2.7888348,2.7343981,11.057234
1760985802686,2.8121648,2.7003005,11.057234
1760985802689,2.8492537,2.6662025,11.033305
1760985802691,2.8390841,2.638087,10.986047
1760985802694,2.8725836,2.6273193,11.014761
1760985802695,2.885744,2.5794628,10.962717
1760985802698,2.8995028,2.565106,10.919646
1760985802700,2.9042885,2.5501506,10.943574
1760985802703,2.9138598,2.5549364,10.924432
1760985802704,2.8947172,2.5507488,10.924432
1760985802707,2.9036903,2.5118656,10.934003
1760985802709,2.8893332,2.4975085,10.953146
1760985802711,2.8468606,2.5082762,10.9579315
1760985802713,2.8223343,2.4939194,10.986645
1760985802716,2.789433,2.4849463,11.014761
1760985802718,2.7415764,2.4903302,11.048261
1760985802721,2.7272196,2.4717858,11.072188
1760985802723,2.69372,2.4717858,11.114661
1760985802725,2.6321049,2.4729822,11.185847
1760985802728,2.580061,2.4592235,11.233106
1760985802730,2.513062,2.446063,11.266605
1760985802732,2.437688,2.4711876,11.333006
1760985802734,2.3659034,2.4388845,11.375479
1760985802737,2.3138595,2.4538395,11.446666
1760985802739,2.2331018,2.455036,11.48495
1760985802742,2.175674,2.4323041,11.504093
1760985802743,2.1278176,2.3946173,11.560923
1760985802745,2.1080768,2.385046,11.565708
1760985802747,2.0512471,2.3718855,11.575279
1760985802751,2.0315065,2.3383858,11.565708
1760985802752,2.0261226,2.3144577,11.560923
1760985802754,2.0063818,2.2624137,11.508879
1760985802756,2.0344975,2.228316,11.471191
1760985802758,2.024328,2.1900308,11.4287195
1760985802761,2.0380867,2.161317,11.3575325
1760985802763,2.0518453,2.1565313,11.252847
1760985802766,2.0751755,2.1128623,11.177473
1760985802767,2.0985055,2.0937197,11.044671
1760985802769,2.1314068,2.0691934,10.920842
1760985802771,2.1445673,2.030908,10.792827
1760985802774,2.1684954,2.021337,10.636695
1760985802776,2.1816561,1.9878374,10.484751
1760985802779,2.196013,1.9734805,10.332807
1760985802781,2.204986,1.9495523,10.161719
1760985802783,2.1900308,1.9357935,10.024133
1760985802785,2.1900308,1.9363917,9.868001
1760985802788,2.175674,1.9178474,9.735199
1760985802790,2.14696,1.9280169,9.578469
1760985802792,2.108675,1.905285,9.431311
1760985802794,2.0656042,1.8969102,9.284152
1760985802797,2.0237298,1.9262222,9.179466
1760985802799,1.9716859,1.9369899,9.05145
1760985802801,1.9525433,1.9525433,8.946764
1760985802803,1.9292133,1.9722841,8.813962
1760985802806,1.9058832,2.0015962,8.671589
1760985802808,1.8921245,2.0165513,8.548359
1760985802810,1.8687944,2.0512471,8.448459
1760985802812,1.8358932,2.0949163,8.362915
1760985802815,1.7796619,2.115255,8.282157
1760985802817,1.7371893,2.1595225,8.2014
1760985802819,1.7186449,2.184049,8.14457
1760985802822,1.6534405,2.2378874,8.149356
1760985802824,1.5918252,2.2438695,8.115856
1760985802826,1.5541383,2.2785654,8.077571
1760985802828,1.5218352,2.3174486,8.04467
1760985802831,1.4937196,2.3515465,8.015956
1760985802833,1.4703895,2.361716,7.9920278
1760985802835,1.4560326,2.3808584,7.982456
1760985802837,1.4518452,2.405385,7.9447694
1760985802840,1.442872,2.4388845,7.939984
1760985802842,1.4189439,2.4251258,7.9256268
1760985802845,1.3860425,2.4352953,7.9447694
1760985802846,1.3812568,2.4352953,7.9633136
1760985802849,1.3567305,2.4071796,7.9776707
1760985802851,1.3286148,2.4071796,8.001599
1760985802853,1.308874,2.3886352,8.030313
1760985802856,1.2849457,2.3742783,8.025527
1760985802858,1.2849457,2.3551357,8.058429
1760985802860,1.2604194,2.3174486,8.054241
1760985802862,1.250848,2.3030918,8.072785
1760985802864,1.2454642,2.2648067,8.077571
1760985802867,1.2299109,2.2073789,8.087741
1760985802869,1.2299109,2.193022,8.1015
1760985802871,1.1862419,2.1451654,8.115856
1760985802873,1.1952149,2.1308086,8.139785
1760985802876,1.1712867,2.1074786,8.120642
1760985802878,1.1659029,2.088336,8.12124
1760985802880,1.1796615,2.0398812,8.097312
1760985802883,1.1653047,2.0207388,8.092526
1760985802885,1.1694921,1.9968106,8.030911
1760985802887,1.2023934,1.9824536,7.969296
1760985802889,1.2017952,1.9585253,7.9363947
1760985802891,1.2161521,1.9627128,7.8604226
1760985802894,1.2346965,1.9435701,7.798807
1760985802896,1.2442678,1.9435701,7.7461653
1760985802899,1.2729816,1.9381863,7.6893353
1760985802900,1.329213,1.9280169,7.603792
1760985802903,1.3579268,1.9322042,7.5326056
1760985802905,1.4243277,1.9172492,7.4566336
1760985802907,1.4578272,1.9214365,7.3525457
1760985802910,1.5002998,1.911267,7.271788
1760985802912,1.5427724,1.9106688,7.2293153
1760985802914,1.5667006,1.9058832,7.171888
1760985802916,1.6139588,1.9046868,7.119844
1760985802918,1.6283158,1.9190438,7.0869427
1760985802920,1.6857436,1.9280169,7.0247293
1760985802923,1.7138592,1.9274186,7.0061846
1760985802925,1.75693,1.9220347,6.987042
1760985802927,1.8137596,1.9351953,6.9445696
1760985802930,1.8239291,1.9495523,6.9583282
1760985802932,1.8807586,1.9531415,6.977471
1760985802934,1.9004993,1.986641,6.977471
1760985802936,1.9387846,2.0051854,6.9966135
1760985802939,1.9531415,2.0141585,7.0343003
1760985802941,1.9722841,2.0237298,7.0672016
1760985802943,1.963311,2.0428724,7.1102724
1760985802945,2.0063818,2.056631,7.1527452
1760985802948,2.03031,2.0751755,7.1766734
1760985802950,2.0536401,2.050649,7.24786
1760985802953,2.0536401,2.065006,7.309475
1760985802955,2.0823538,2.0835502,7.3286176
1760985802957,2.096711,2.082952,7.385447
1760985802959,2.1296122,2.0632114,7.4422765
1760985802961,2.134996,2.0727825,7.4662046
1760985802964,2.1445673,2.091327,7.5086775
1760985802966,2.1631117,2.076372,7.55115
1760985802968,2.201397,2.085345,7.555936
1760985802970,2.210968,2.0805593,7.579864
1760985802972,2.2348964,2.0895324,7.565507
1760985802975,2.263012,2.0793629,7.6181493
1760985802977,2.2869403,2.0793629,7.6085777
1760985802979,2.300699,2.0644078,7.5942206
1760985802981,2.3198416,2.0500507,7.5750785
1760985802984,2.3389843,2.0590239,7.5517483
1760985802987,2.376671,2.0536401,7.52782
1760985802989,2.4143581,2.0434706,7.4943204
1760985802991,2.4335005,2.053042,7.475776
1760985802994,2.4622145,2.0715861,7.451848
1760985802995,2.4622145,2.0572293,7.42792
1760985802997,2.5004997,2.0614166,7.3950186
1760985803000,2.510071,2.0805593,7.361519
1760985803003,2.5339992,2.1038892,7.3567333
1760985803005,2.5298119,2.1092732,7.328019
1760985803007,2.5441687,2.1230319,7.3190465
1760985803009,2.5585256,2.1421745,7.2807612
1760985803011,2.544767,2.1667008,7.2616186
1760985803013,2.5543382,2.1714866,7.252047
1760985803015,2.5591238,2.1667008,7.2095747
1760985803018,2.5549364,2.2002003,7.204789
1760985803020,2.5603201,2.2289143,7.166504
1760985803022,2.5698915,2.2624137,7.1569324
1760985803024,2.5710878,2.300699,7.166504
1760985803027,2.5525436,2.3300111,7.176075
1760985803029,2.5573292,2.3539393,7.176075
1760985803031,2.5435705,2.3826532,7.1898336
1760985803033,2.5728827,2.411367,7.2137623
1760985803036,2.5495524,2.4496522,7.2466636
1760985803038,2.559722,2.464009,7.280163
1760985803040,2.5555346,2.5172493,7.289136
1760985803043,2.5609183,2.545365,7.3082786
1760985803045,2.6039891,2.5782664,7.34118
1760985803047,2.5998018,2.6069803,7.3698936
1760985803049,2.6004,2.626123,7.402795
1760985803051,2.605784,2.678765,7.4644103
1760985803054,2.5872395,2.69372,7.507481
1760985803056,2.597409,2.71705,7.5547395
1760985803059,2.5830522,2.7320054,7.6163545
1760985803060,2.5932214,2.7649066,7.6588273
1760985803063,2.5986054,2.784049,7.7108707
1760985803065,2.5842485,2.7984061,7.763513
1760985803067,2.5938199,2.8079774,7.8107715
1760985803069,2.603391,2.812763,7.839485
1760985803072,2.6183462,2.821736,7.877172
1760985803074,2.6183462,2.8456643,7.9148593
1760985803077,2.5998018,2.8462625,7.95793
1760985803079,2.6183462,2.85045,8.005188
1760985803081,2.6333013,2.8689942,8.052446
1760985803083,2.6333013,2.8785655,8.076375
1760985803085,2.6338995,2.8929226,8.109276
1760985803088,2.629114,2.9120653,8.133204
1760985803090,2.6482565,2.926422,8.175676
1760985803092,2.658426,2.9401808,8.194819
1760985803094,2.6488547,2.940779,8.233105
1760985803096,2.6679974,2.964109,8.242078
1760985803098,2.6488547,2.9599216,8.270791
1760985803101,2.6309085,2.993421,8.303693
1760985803103,2.6213372,3.0029924,8.337193
1760985803105,2.6165516,2.9886355,8.36112
1760985803107,2.626123,3.0125637,8.384451
1760985803110,2.6219354,3.022135,8.398808
1760985803112,2.6219354,3.0412776,8.408379
1760985803114,2.6171498,3.0364919,8.44128
1760985803117,2.6081767,3.0466614,8.436495
1760985803119,2.6081767,3.065804,8.455637
1760985803121,2.608775,3.0801609,8.469994
1760985803123,2.580061,3.094518,8.512466
1760985803126,2.585445,3.1136606,8.540583
1760985803128,2.5992036,3.1040893,8.578867
1760985803130,2.609373,3.1369905,8.645268
1760985803133,2.5860431,3.161517,8.706883
1760985803136,2.5531418,3.1716864,8.758927
1760985803137,2.5148566,3.167499,8.797213
1760985803140,2.4819553,3.1680973,8.787642
1760985803141,2.4628127,3.1776686,8.810971
1760985803144,2.4442682,3.1782668,8.768498
1760985803146,2.4107687,3.1740792,8.754142
1760985803148,2.425724,3.2027931,8.734999
1760985803150,2.42034,3.1884363,8.72124
1760985803153,2.4394827,3.202195,8.72124
1760985803155,2.4448664,3.2165518,8.692527
1760985803158,2.4496522,3.2213376,8.687741
1760985803160,2.4687948,3.2309089,8.702098
1760985803162,2.4825535,3.2159536,8.702098
1760985803164,2.464009,3.226123,8.668598
1760985803166,2.4592235,3.2356944,8.659027
1760985803168,2.4783661,3.2500513,8.635697
1760985803171,2.5070798,3.249453,8.611769
1760985803173,2.5351956,3.2440693,8.569296
1760985803175,2.5351956,3.234498,8.569296
1760985803178,2.5399811,3.2440693,8.550154
1760985803181,2.5549364,3.2775688,8.559725
1760985803182,2.5501506,3.2679975,8.535796
1760985803184,2.559722,3.263212,8.52144
1760985803187,2.588436,3.2769706,8.5118685
1760985803190,2.574079,3.2823544,8.497512
1760985803191,2.597409,3.2673993,8.488539
1760985803193,2.626123,3.2572298,8.459825
1760985803196,2.6350958,3.2572298,8.417352
1760985803198,2.673381,3.2470603,8.379066
1760985803200,2.696711,3.2321053,8.355737
1760985803203,2.7535408,3.2267213,8.327023
1760985803205,2.7912276,3.2069805,8.279764
1760985803207,2.786442,3.2165518,8.2558365
1760985803210,2.8480573,3.1962128,8.218149
1760985803212,2.8528428,3.205784,8.208578
1760985803214,2.9096723,3.205186,8.179864
1760985803217,2.914458,3.205186,8.160722
1760985803218,2.928815,3.1950164,8.151749
1760985803221,2.9617162,3.1800613,8.151749
1760985803223,2.966502,3.1848469,8.137392
1760985803225,2.9808588,3.199204,8.151749
1760985803227,2.99043,3.1890345,8.137392
1760985803230,3.0185459,3.1842487,8.118249
1760985803232,3.0245278,3.2416766,8.118249
1760985803234,3.033501,3.21715,8.12782
1760985803236,3.0287154,3.2177482,8.113463
1760985803239,3.0239296,3.2273195,8.12782
1760985803241,3.033501,3.231507,8.146963
1760985803244,3.0287154,3.2267213,8.155936
1760985803245,3.0532417,3.2410784,8.151151
1760985803247,3.0436704,3.2554352,8.189436
1760985803249,3.0765717,3.2452657,8.175078
1760985803252,3.0867412,3.2596226,8.184649
1760985803254,3.1106694,3.2638102,8.217551
1760985803256,3.1202407,3.2685957,8.203793
1760985803258,3.1537402,3.2967114,8.236693
1760985803261,3.1441689,3.301497,8.251051
1760985803263,3.1489546,3.3062828,8.269595
1760985803266,3.1543384,3.315854,8.331808
1760985803267,3.1399815,3.3206396,8.331808
1760985803270,3.1166515,3.3355947,8.369495
1760985803272,3.112464,3.3786657,8.411968
1760985803274,3.0646076,3.3649068,8.426325
1760985803276,3.0460632,3.3702908,8.440681
1760985803279,3.0029924,3.3756745,8.464012
1760985803281,3.0035906,3.3852458,8.4502535
1760985803283,2.9748766,3.3906298,8.455039
1760985803285,2.9557343,3.385844,8.4502535
1760985803288,2.9509485,3.3864422,8.435896
1760985803290,2.932404,3.4007993,8.435896
1760985803292,2.8995028,3.4205399,8.411968
1760985803294,2.8947172,3.4402807,8.407183
1760985803296,2.8899314,3.4307094,8.402397
1760985803299,2.8809586,3.4402807,8.38804
1760985803301,2.8570302,3.4504502,8.416754
1760985803304,2.8809586,3.464209,8.38804
1760985803306,2.8719854,3.4791641,8.373683
1760985803308,2.8480573,3.4839497,8.3784685
1760985803310,2.8630123,3.5270207,8.38804
1760985803313,2.882155,3.5365918,8.373683
1760985803315,2.9018958,3.5551362,8.364112
1760985803317,2.902494,3.5838501,8.373683
1760985803320,2.9072795,3.5934215,8.359326
1760985803321,2.8881369,3.5988052,8.3784685
1760985803324,2.8558338,3.6376886,8.383254
1760985803326,2.8558338,3.64726,8.430512
1760985803328,2.8378878,3.690929,8.444271
1760985803330,2.8091738,3.6861434,8.453842
1760985803333,2.804388,3.6867416,8.458628
1760985803335,2.8049862,3.7106698,8.482556
1760985803338,2.809772,3.7154553,8.4682
1760985803339,2.8002007,3.7298124,8.472985
1760985803342,2.7906294,3.734598,8.449057
1760985803346,2.8049862,3.7441692,8.420941
1760985803346,2.8151557,3.7537405,8.401798
1760985803350,2.8342984,3.7680974,8.358727
1760985803351,2.8390841,3.78724,8.316256
1760985803354,2.8390841,3.7968113,8.282756
1760985803355,2.8677979,3.8057845,8.225926
1760985803358,2.882155,3.8009987,8.193025
1760985803360,2.906083,3.8051863,8.154739
1760985803362,2.9252257,3.8051863,8.102695
1760985803365,2.9485557,3.8099718,8.073982
1760985803366,2.9629126,3.790231,8.069196
1760985803369,2.9718857,3.7806597,8.031509
1760985803371,2.9671001,3.7710886,7.9746795
1760985803373,2.9712875,3.7567315,7.9034934
1760985803375,2.9856443,3.737589,7.879565
1760985803378,3.0000014,3.7471602,7.856235
1760985803380,3.0430722,3.760321,7.8514495
1760985803382,3.080759,3.7501514,7.8370924
1760985803385,3.0951161,3.7501514,7.8227353
1760985803387,3.094518,3.7357943,7.827521
1760985803389,3.1088748,3.7304106,7.8370924
1760985803392,3.1040893,3.735196,7.8514495
1760985803394,3.1280174,3.7543387,7.8514495
1760985803397,3.138187,3.76391,7.865208
1760985803399,3.138187,3.76391,7.865208
1760985803401,3.138187,3.7633119,7.879565
1760985803403,3.1561332,3.734598,7.884351
1760985803405,3.1752756,3.7339997,7.8891363
1760985803407,3.161517,3.7680974,7.893922
1760985803410,3.1663027,3.7627137,7.9034934
1760985803411,3.1758738,3.7531424,7.908279
1760985803414,3.1902308,3.7674992,7.9130645
1760985803416,3.1944182,3.7429729,7.9274216
1760985803419,3.2135608,3.7429729,7.9274216
1760985803421,3.2327034,3.7567315,7.9316087
1760985803423,3.2656047,3.7417765,7.9555373
1760985803425,3.275176,3.7322052,7.9746795
1760985803427,3.289533,3.7555351,8.007581
1760985803430,3.3182468,3.7453656,8.036295
1760985803432,3.3511481,3.739982,8.073982
1760985803434,3.3415768,3.735196,8.088339
1760985803436,3.3702908,3.734598,8.140981
1760985803439,3.394219,3.7489548,8.169097
1760985803441,3.4079776,3.7339997,8.193025
1760985803443,3.4223347,3.7238302,8.230712
1760985803446,3.426522,3.7046876,8.240283
1760985803448,3.464209,3.6849468,8.292925
1760985803451,3.4977086,3.69392,8.330612
1760985803452,3.502494,3.674179,8.406584
1760985803454,3.5353954,3.673581,8.435298
1760985803457,3.5784662,3.6777685,8.487342
1760985803459,3.5880375,3.6771703,8.525029
1760985803461,3.6448672,3.675974,8.5728855
1760985803463,3.6729827,3.6610186,8.620144
1760985803466,3.7064822,3.6699917,8.69133
1760985803469,3.7304106,3.6837504,8.7577305
1760985803470,3.78724,3.6777685,8.804989
1760985803472,3.815954,3.6628132,8.871988
1760985803475,3.8350966,3.6717863,8.94796
1760985803477,3.867998,3.6616168,8.990433
1760985803479,3.8871403,3.6610186,9.06162
1760985803482,3.9200418,3.6460636,9.090333
1760985803484,3.94397,3.650251,9.118449
1760985803486,3.972684,3.6544385,9.180064
1760985803489,3.991228,3.6394832,9.208778
1760985803491,4.019942,3.6484563,9.265608
1760985803493,4.0103707,3.6484563,9.322437
1760985803495,4.019942,3.6628132,9.360723
1760985803497,4.0013976,3.667599,9.417552
1760985803500,4.0163527,3.705884,9.474381
1760985803502,4.0307097,3.7052858,9.531211
1760985803504,4.016951,3.734598,9.592826
1760985803507,4.026522,3.757928,9.64487
1760985803509,4.0031924,3.7728832,9.706485
1760985803511,3.970889,3.8069808,9.8015995
1760985803513,3.9619162,3.859623,9.882358
1760985803516,3.9338005,3.8602211,9.963116
1760985803518,3.8961134,3.8937206,10.08156
1760985803520,3.8590248,3.9230328,10.152746
1760985803522,3.8404803,3.947559,10.228121
1760985803524,3.8117664,3.9619162,10.337592
1760985803527,3.792624,3.952345,10.427921
1760985803529,3.7357943,3.9631126,10.527224
1760985803531,3.708277,3.9918263,10.617552
1760985803534,3.679563,3.987639,10.703095
1760985803536,3.656233,3.9924245,10.802398
1760985803538,3.6179478,3.9786658,10.883156
1760985803540,3.5940197,3.9738803,10.968699
1760985803542,3.574877,3.979264,11.044671
1760985803545,3.5413775,3.9696927,11.111072
1760985803547,3.4995031,3.9942193,11.167901
1760985803550,3.470191,3.970889,11.206186
1760985803552,3.4462628,3.9613178,11.267802
1760985803554,3.4325042,3.9619162,11.2959175
1760985803556,3.418147,3.9810586,11.319846
1760985803559,3.4043884,4.0007997,11.334203
1760985803561,3.394817,3.9864426,11.31506
1760985803563,3.3804603,3.9864426,11.31506
1760985803565,3.3613176,3.9774694,11.286944
1760985803567,3.3523445,3.9918263,11.277373
1760985803569,3.347559,4.0067816,11.229517
1760985803572,3.3050864,4.0073795,11.187044
1760985803574,3.2997024,4.0031924,11.135
1760985803576,3.2907293,4.0031924,11.068001
1760985803578,3.2620156,4.022933,10.987842
1760985803581,3.2763724,4.013362,10.916656
1760985803583,3.257828,4.028317,10.887941
1760985803585,3.257828,4.042674,10.811969
1760985803588,3.219543,4.0390844,10.759925
1760985803590,3.219543,4.034299,10.688739
1760985803593,3.2009985,4.0588255,10.655239
1760985803596,3.1920254,4.077968,10.59841
1760985803597,3.1776686,4.068995,10.550553
1760985803599,3.1339993,4.0408792,10.5080805
1760985803602,3.1154552,4.074977,10.465608
1760985803603,3.1016963,4.089932,10.451251
1760985803606,3.0729825,4.066004,10.460822
1760985803608,3.068795,4.095316,10.44168
1760985803610,3.0448668,4.080959,10.451251
1760985803613,3.0161529,4.0719857,10.484153
1760985803615,3.001796,4.0767717,10.47518
1760985803617,2.9826534,4.082155,10.522438
1760985803620,2.9682965,4.0677986,10.54158
1760985803622,2.958127,4.0390844,10.560124
1760985803624,2.9533412,4.0103707,10.588839
1760985803626,2.9336007,3.9816568,10.636695
1760985803628,2.928815,3.9625144,10.688739
1760985803631,2.8947172,3.915256,10.73181
1760985803633,2.885146,3.9104705,10.788639
1760985803635,2.865405,3.8817565,10.85504
1760985803638,2.8606195,3.862614,10.897512
1760985803640,2.8408787,3.8291144,10.969297
1760985803642,2.8307092,3.8004005,11.030912
1760985803644,2.8253253,3.751946,11.116456
1760985803647,2.8205397,3.751946,11.1732855
1760985803649,2.7726831,3.7238302,11.206785
1760985803651,2.7535408,3.7094734,11.263615
1760985803653,2.7194428,3.676572,11.3019
1760985803656,2.705086,3.6574295,11.3683
1760985803657,2.6715865,3.6293137,11.396416
1760985803660,2.6285157,3.6251264,11.444272
1760985803662,2.5992036,3.591627,11.481959
1760985803665,2.5513473,3.5539398,11.5106735
1760985803667,2.5124638,3.501896,11.529816
1760985803669,2.4885356,3.4929228,11.529816
1760985803671,2.4502504,3.4743786,11.52503
1760985803674,2.411367,3.441477,11.520245
1760985803675,2.3826532,3.4277184,11.544173
1760985803679,2.3353949,3.4187453,11.529816
1760985803681,2.3204398,3.399603,11.511271
1760985803682,2.268396,3.4055848,11.520843
1760985803685,2.239682,3.3918262,11.5017
1760985803687,2.201397,3.382853,11.5017
1760985803689,2.149353,3.3786657,11.506486
1760985803691,2.0919251,3.3607194,11.520843
1760985803694,2.044667,3.370889,11.525628
1760985803696,1.9495523,3.3583267,11.553744
1760985803698,1.8921245,3.3445678,11.55853
1760985803700,1.7922242,3.3320055,11.577672
1760985803703,1.7210377,3.3284163,11.596815
1760985803705,1.6354942,3.3349965,11.62493
1760985803708,1.5547365,3.321836,11.634501
1760985803710,1.4733806,3.3086755,11.672787
1760985803712,1.402194,3.295515,11.705688
1760985803714,1.3304094,3.2775688,11.753545
1760985803717,1.2394822,3.24048,11.79183
1760985803721,1.1533405,3.2087753,11.796616
1760985803721,1.082154,3.1950164,11.824731
1760985803723,1.0199406,3.181856,11.863016
1760985803725,0.96729857,3.129812,11.872588
1760985803727,0.9092726,3.0927234,11.91506
1760985803730,0.86141616,3.0550363,11.915659
1760985803732,0.8225328,3.00718,11.953345
1760985803735,0.81236327,2.9688947,11.972488
1760985803736,0.77347994,2.9168508,11.996416
1760985803739,0.7585248,2.8689942,12.005987
1760985803742,0.7573284,2.8163524,11.987443
1760985803744,0.7328019,2.7547371,11.973086
1760985803746,0.72263247,2.7212377,11.940185
1760985803748,0.73519474,2.6153553,11.925828
1760985803750,0.7292127,2.5579274,11.873784
1760985803751,0.7423732,2.4951158,11.836097
1760985803754,0.7603194,2.4329023,11.769696
1760985803758,0.7639086,2.3653052,11.693725
1760985803759,0.8003992,2.297708,11.608779
1760985803761,0.82313097,2.2402802,11.528021
1760985803763,0.83688974,2.1966112,11.438291
1760985803765,0.8542377,2.1248264,11.319846
1760985803767,0.887139,2.0859432,11.200803
1760985803770,0.9098708,2.0422742,11.091929
1760985803772,0.94755775,2.0135603,10.997413
1760985803774,0.9607183,1.9651057,10.87837
1760985803776,0.96490574,1.945963,10.779068
1760985803779,0.99302137,1.9076779,10.679168
1760985803781,0.9876375,1.8885353,10.560722
1760985803783,1.0019945,1.878964,10.470992
1760985803786,0.9774681,1.841277,10.390234
1760985803788,0.9774681,1.8317057,10.309476
1760985803790,0.9487542,1.8376877,10.214361
1760985803792,0.9056834,1.8287147,10.147961
1760985803795,0.8961121,1.8191434,10.086346
1760985803797,0.8673982,1.8101703,10.029516
1760985803799,0.8392825,1.8257236,9.991231
1760985803801,0.7962117,1.8023937,9.943973
1760985803804,0.76331043,1.8317057,9.911072
1760985803806,0.70648086,1.8233309,9.877572
1760985803808,0.63948184,1.814956,9.84467
1760985803810,0.5922236,1.8257236,9.8015995
1760985803812,0.5347959,1.8167506,9.787243
1760985803815,0.4971089,1.8125632,9.768699
1760985803817,0.43968117,1.8041883,9.754341
1760985803819,0.38823548,1.8388842,9.735199
1760985803822,0.3260221,1.8305093,9.706485
1760985803824,0.29312077,1.8263218,9.6783695
1760985803826,0.25004998,1.8125632,9.640084
1760985803828,0.212363,1.8227327,9.611969
1760985803831,0.16450655,1.8095721,9.592826
1760985803833,0.13579269,1.8197416,9.564711
1760985803835,0.116650105,1.8053846,9.540782
1760985803838,0.10229317,1.8011973,9.512068
1760985803840,0.08315059,1.7922242,9.479167
1760985803842,0.064008005,1.7778672,9.445667
1760985803844,0.054436713,1.7688942,9.398409
1760985803847,0.044865426,1.7784654,9.369696
1760985803849,0.04965107,1.7688942,9.332008
1760985803851,0.030508488,1.7551354,9.279964
1760985803853,0.020937199,1.7599211,9.213564
1760985803856,0.020338992,1.7407784,9.151948
1760985803858,0.020937199,1.7653049,9.099306
1760985803860,0.039481573,1.7455641,9.0233345
1760985803862,0.049052864,1.7503498,8.956933
1760985803865,0.06281159,1.7359928,8.857632
1760985803867,0.058624156,1.750948,8.7673025
1760985803869,0.081954174,1.7455641,8.6961155
1760985803871,0.07716853,1.750948,8.577671
1760985803874,0.091525465,1.7413766,8.453842
1760985803876,0.091525465,1.7461623,8.377871
1760985803878,0.10109676,1.7413766,8.259425
1760985803880,0.10109676,1.7706888,8.145766
1760985803883,0.12562318,1.7850457,8.07458
1760985803885,0.15433706,1.7988044,7.9746795
1760985803887,0.17826529,1.817947,7.9034934
1760985803890,0.22073789,1.8173488,7.8083787
1760985803892,0.24526432,1.841277,7.756335
1760985803894,0.24526432,1.8604196,7.66122
1760985803896,0.2835495,1.8891335,7.594819
1760985803898,0.29850462,1.9178474,7.5236325
1760985803900,0.36011982,1.9262222,7.457232
1760985803903,0.37447673,1.9262222,7.428518
1760985803905,0.4031906,1.9447666,7.409375
1760985803907,0.41336012,1.9639091,7.3716884
1760985803910,0.44685963,1.9728823,7.3806615
1760985803912,0.465404,1.9722841,7.4045897
1760985803914,0.48993045,1.9914266,7.4237323
1760985803917,0.5084748,1.9860427,7.4662046
1760985803919,0.51864433,2.009971,7.5230346
1760985803921,0.5377869,2.033301,7.5702925
1760985803923,0.567099,2.0518453,7.603792
1760985803925,0.5623133,2.056631,7.6797643
1760985803927,0.59581286,2.0608184,7.7365937
1760985803930,0.61016977,2.0841484,7.7886376
1760985803933,0.59641105,2.1038892,7.826923
1760985803935,0.61076796,2.103291,7.8693953
1760985803936,0.6203393,2.103291,7.8837523
1760985803939,0.61016977,2.0697916,7.926225
1760985803941,0.61016977,2.0745773,7.96451
1760985803944,0.62931234,2.0979073,7.969296
1760985803946,0.61016977,2.0745773,7.9926257
1760985803948,0.6478567,2.0733807,8.021339
1760985803950,0.66759753,2.0877378,8.0404825
1760985803952,0.68195444,2.1110678,8.0404825
1760985803955,0.7106683,2.120639,8.054241
1760985803957,0.7160522,2.1391835,8.073383
1760985803959,0.74476606,2.1822543,8.073383
1760985803962,0.7256235,2.172683,8.078169
1760985803964,0.74596244,2.2205393,8.082955
1760985803966,0.7220342,2.2354946,8.054241
1760985803968,0.7178468,2.2546372,8.049456
1760985803970,0.6897311,2.2839491,8.049456
1760985803973,0.66161543,2.3084757,8.020741
1760985803975,0.63828546,2.3425734,7.978269
1760985803977,0.6053841,2.3575284,7.982456
1760985803980,0.54436713,2.3976083,7.9543405
1760985803982,0.51206404,2.431706,7.9304123
1760985803984,0.4648058,2.4711876,7.8777704
1760985803986,0.39840496,2.4867408,7.8592257
1760985803989,0.32841492,2.545365,7.830512
1760985803991,0.27696922,2.5896323,7.8113694
1760985803993,0.22492532,2.6099713,7.7826557
1760985803995,0.16450655,2.6638098,7.7682986
1760985803998,0.09810573,2.69372,7.7826557
1760985804000,0.02751746,2.7188447,7.806584
1760985804002,-0.047856454,2.778067,7.7964144
1760985804004,-0.104087785,2.8223343,7.7868433
1760985804007,-0.18843478,2.8671997,7.7443705
1760985804009,-0.23090738,2.906083,7.725228
1760985804011,-0.2961118,2.9503503,7.7204423
1760985804013,-0.32422748,2.9940193,7.7294154
1760985804016,-0.35174492,3.0382864,7.719844
1760985804018,-0.36011982,3.0957143,7.6917286
1760985804020,-0.37387854,3.1345978,7.6959157
1760985804022,-0.42053857,3.178865,7.6863446
1760985804025,-0.4336991,3.2410784,7.6534433
1760985804027,-0.45702913,3.2703903,7.652845
1760985804029,-0.49471608,3.3050864,7.643274
1760985804031,-0.50787663,3.3433714,7.605587
1760985804034,-0.53599226,3.3732817,7.5816584
1760985804036,-0.5593223,3.3930225,7.5439715
1760985804038,-0.58265233,3.441477,7.5296144
1760985804040,-0.5916254,3.4654055,7.4769726
1760985804043,-0.58624154,3.4893336,7.4392858
1760985804045,-0.5952146,3.5234313,7.420143
1760985804047,-0.590429,3.542574,7.3866434
1760985804049,-0.590429,3.5377884,7.381858
1760985804052,-0.5844469,3.595216,7.372287
1760985804054,-0.57487565,3.609573,7.339385
1760985804056,-0.5736792,3.662215,7.3292155
1760985804058,-0.56410795,3.690929,7.3292155
1760985804060,-0.52522457,3.7190447,7.3340015
1760985804062,-0.50129634,3.7429729,7.3052874
1760985804065,-0.43429732,3.775276,7.272386
1760985804067,-0.38165522,3.798606,7.2341013
1760985804069,-0.31944183,3.830909,7.186843
1760985804072,-0.2428715,3.8440695,7.153343
1760985804074,-0.16689938,3.871587,7.119844
1760985804076,-0.0951147,3.879962,7.0869427
1760985804079,-0.019142581,3.8931224,7.0582285
1760985804081,0.05742774,3.92064,7.053443
1760985804083,0.14297116,3.938586,7.025327
1760985804086,0.25244278,3.9511483,7.0061846
1760985804088,0.32004002,3.9882371,6.9726853
1760985804090,0.42891344,3.9816568,6.963114
1760985804092,0.5096712,3.9900317,6.987042
1760985804095,0.567099,4.0031924,6.9822564
1760985804097,0.6334998,4.001996,7.001399
1760985804100,0.68135625,4.006183,7.0151577
1760985804101,0.72382885,3.9954157,7.039086
1760985804103,0.75254273,3.9948175,7.0678
1760985804106,0.77587277,3.9750767,7.0959153
1760985804108,0.79920274,3.9601214,7.1246295
1760985804111,0.82313097,3.979264,7.181459
1760985804113,0.85124665,3.9547377,7.2149587
1760985804115,0.87936234,3.9248273,7.238887
1760985804118,0.8985049,3.9487555,7.2861447
1760985804119,0.8985049,3.9391842,7.323832
1760985804122,0.87936234,3.9296129,7.3621173
1760985804124,0.87996054,3.9487555,7.385447
1760985804126,0.8991031,3.9481573,7.428518
1760985804128,0.8847462,3.952943,7.4901333
1760985804131,0.8991031,3.9673,7.50449
1760985804133,0.9092726,3.9960139,7.5517483
1760985804135,0.90448695,4.005585,7.5990067
1760985804138,0.9092726,4.005585,7.6277204
1760985804139,0.90029955,4.0295134,7.6797643
1760985804142,0.9242278,4.0480576,7.6893353
1760985804144,0.9385847,4.057629,7.7270226
1760985804147,0.9529416,4.061816,7.7461653
1760985804148,0.96789676,4.080959,7.7742805
1760985804151,1.0013963,4.0851464,7.8173513
1760985804153,1.015155,4.0797625,7.8693953
1760985804155,1.0253245,4.1036906,7.8837523
1760985804158,1.0534402,4.0791645,7.945368
1760985804160,1.0540384,4.107878,7.9830546
1760985804162,1.0683953,4.1168513,8.035697
1760985804164,1.1066805,4.1258245,8.059027
1760985804167,1.14018,4.1443686,8.130213
1760985804169,1.14018,4.1491547,8.1637125
1760985804171,1.1976078,4.1671004,8.2014
1760985804173,1.2023934,4.1814575,8.258229
1760985804176,1.2023934,4.1904306,8.282157
1760985804178,1.2215359,4.185645,8.343773
1760985804180,1.2221341,4.2095733,8.386245
1760985804183,1.2125629,4.2000017,8.429316
1760985804185,1.2119647,4.195216,8.457432
1760985804187,1.2167503,4.1754756,8.505288
1760985804190,1.2119647,4.1898327,8.542975
1760985804191,1.2167503,4.1754756,8.60459
1760985804194,1.2077773,4.2041893,8.6141615
1760985804196,1.2125629,4.208975,8.66142
1760985804198,1.198206,4.199404,8.69492
1760985804201,1.1790633,4.199404,8.737391
1760985804203,1.1694921,4.2047877,8.775677
1760985804205,1.1557333,4.2239304,8.837293
1760985804207,1.1174482,4.214957,8.88455
1760985804210,1.0989038,4.2245283,8.913264
1760985804212,1.0654043,4.215555,8.950952
1760985804214,1.0420742,4.23051,9.003593
1760985804216,0.99960166,4.2311087,9.046066
1760985804219,0.98524475,4.235894,9.083753
1760985804221,0.9379865,4.2556353,9.131609
1760985804223,0.89013004,4.24726,9.150752
1760985804225,0.8668,4.2520456,9.164511
1760985804227,0.8237292,4.253242,9.178867
1760985804230,0.7956135,4.267599,9.212367
1760985804232,0.76749784,4.272983,9.230911
1760985804234,0.738784,4.273581,9.235697
1760985804237,0.715454,4.302893,9.245269
1760985804239,0.69212395,4.3172503,9.282955
1760985804242,0.6735796,4.336991,9.287741
1760985804243,0.6550352,4.356732,9.292527
1760985804246,0.6364908,4.404588,9.306884
1760985804248,0.61794645,4.4147577,9.287741
1760985804249,0.6041877,4.434499,9.287741
1760985804252,0.57607204,4.4638104,9.249456
1760985804254,0.5665008,4.459025,9.230911
1760985804256,0.54257256,4.464409,9.216555
1760985804259,0.5240282,4.493721,9.168698
1760985804261,0.54317075,4.502694,9.145369
1760985804263,0.552742,4.5170507,9.12144
1760985804265,0.5341976,4.5224347,9.074182
1760985804267,0.52941203,4.5224347,9.040682
1760985804270,0.54436713,4.5559344,9.007183
1760985804272,0.5395815,4.566104,8.935996
1760985804274,0.51146585,4.59063,8.879167
1760985804276,0.49232325,4.596014,8.817552
1760985804279,0.50189453,4.6007996,8.746365
1760985804281,0.4743771,4.634897,8.679964
1760985804283,0.45044887,4.640281,8.599206
1760985804286,0.4223332,4.664808,8.5322075
1760985804288,0.40797627,4.651049,8.461619
1760985804290,0.3894319,4.685147,8.39462
1760985804292,0.37986058,4.699504,8.342576
1760985804294,0.37088752,4.700102,8.252247
1760985804297,0.35712877,4.743771,8.176275
1760985804299,0.34277186,4.7395835,8.11466
1760985804302,0.31944183,4.76411,8.053044
1760985804304,0.30089745,4.788636,8.014759
1760985804306,0.29192436,4.807779,7.9818583
1760985804308,0.2727818,4.82752,7.9483585
1760985804310,0.27816564,4.846662,7.9100733
1760985804313,0.2548356,4.866403,7.8580294
1760985804315,0.24047868,4.881358,7.825128
1760985804317,0.2219343,4.915456,7.7868433
1760985804319,0.21714866,4.9106703,7.758129
1760985804322,0.21296121,4.929813,7.7204423
1760985804324,0.21296121,4.9345984,7.6869426
1760985804326,0.21774685,4.9489555,7.6396847
1760985804328,0.23688944,4.94417,7.596614
1760985804331,0.24227329,4.9776692,7.5589266
1760985804333,0.26620153,4.987241,7.520642
1760985804335,0.26141587,4.987241,7.48774
1760985804338,0.27038896,4.9776692,7.440482
1760985804339,0.30867413,4.981857,7.3974113
1760985804342,0.3080759,4.9435716,7.359724
1760985804344,0.3505485,4.9381876,7.3028946
1760985804347,0.38883367,4.9471607,7.2693954
1760985804349,0.43130627,4.92742,7.2550383
1760985804351,0.46899325,4.9214377,7.236494
1760985804353,0.5072784,4.9405804,7.2125654
1760985804356,0.55034924,4.94417,7.1838517
1760985804358,0.6119644,4.9292145,7.1653075
1760985804360,0.64965135,4.919045,7.1365933
1760985804362,0.70648086,4.9322057,7.1413794
1760985804365,0.7160522,4.9172506,7.155736
1760985804367,0.76331043,4.907081,7.1838517
1760985804369,0.78723866,4.9112687,7.1934233
1760985804372,0.8105687,4.8915277,7.236494
1760985804374,0.84406817,4.8909297,7.259824
1760985804376,0.8865408,4.8903313,7.3028946
1760985804378,0.8817552,4.8711886,7.3310103
1760985804380,0.90508515,4.861019,7.3453674
1760985804383,0.9379865,4.846064,7.3980093
1760985804385,0.95712906,4.8454657,7.4309106
1760985804387,0.95712906,4.8454657,7.459625
1760985804389,0.99003035,4.825725,7.4787674
1760985804392,0.98943216,4.8011985,7.535597
1760985804394,1.0043873,4.820341,7.5637126
1760985804396,1.0139586,4.8341,7.6019974
1760985804398,1.0372887,4.8095737,7.64447
1760985804400,1.032503,4.819743,7.673184
1760985804403,1.032503,4.8191447,7.7204423
1760985804405,1.032503,4.8191447,7.739585
1760985804407,1.0378869,4.8239303,7.7682986
1760985804410,1.0378869,4.847859,7.7868433
1760985804412,1.0480564,4.8622155,7.791629
1760985804415,1.052842,4.895715,7.791629
1760985804417,1.0630114,4.9052863,7.791629
1760985804419,1.0773684,4.919045,7.791629
1760985804421,1.096511,4.9286165,7.7677007
1760985804423,1.134198,4.9232326,7.758129
1760985804426,1.1347961,4.932804,7.748558
1760985804428,1.1491531,4.9471607,7.7204423
1760985804430,1.1539388,4.9663033,7.696514
1760985804432,1.1874382,4.970491,7.6348987
1760985804435,1.2113664,4.994419,7.596614
1760985804437,1.2209377,4.9986067,7.568498
1760985804439,1.230509,5.003392,7.520642
1760985804441,1.244866,5.0129633,7.454241
1760985804444,1.2687942,5.022535,7.4213395
1760985804446,1.2879368,5.0219364,7.373483
1760985804448,1.3070793,5.0219364,7.340582
1760985804450,1.3070793,5.0458646,7.292725
1760985804453,1.3310076,5.0506506,7.259824
1760985804455,1.3363914,5.08415,7.2550383
1760985804457,1.3459628,5.0793643,7.240681
1760985804459,1.3555341,5.0979085,7.2358956
1760985804462,1.3603196,5.0979085,7.1976104
1760985804465,1.3752748,5.1218367,7.192825
1760985804466,1.3800604,5.1266227,7.2263246
1760985804468,1.3704891,5.1409793,7.23111
1760985804471,1.375873,5.1649075,7.259226
1760985804473,1.3710874,5.160122,7.2975106
1760985804475,1.3621143,5.18405,7.320841
1760985804477,1.3579268,5.2079782,7.382456
1760985804480,1.3483555,5.222934,7.448857
1760985804482,1.3435699,5.231907,7.5344005
1760985804484,1.3304094,5.280361,7.5673018
1760985804486,1.3351951,5.2947183,7.6337023
1760985804489,1.3214363,5.3090754,7.6959157
1760985804491,1.3172488,5.3425746,7.7665043
1760985804493,1.2699906,5.352744,7.8239317
1760985804496,1.2801601,5.400601,7.880761
1760985804498,1.2520444,5.400601,7.947162
1760985804500,1.2239288,5.425127,7.975278
1760985804502,1.2149557,5.444868,8.013563
1760985804505,1.2149557,5.449055,8.079964
1760985804507,1.2149557,5.468198,8.103293
1760985804509,1.2340983,5.4729834,8.141579
1760985804511,1.2765709,5.462216,8.169695
1760985804514,1.2957134,5.452645,8.188837
1760985804516,1.3106686,5.48076,8.193623
1760985804518,1.2957134,5.4664035,8.23131
1760985804520,1.2867404,5.471787,8.226524
1760985804523,1.3010973,5.48076,8.236095
1760985804525,1.314856,5.4759746,8.279166
1760985804527,1.3154542,5.4999027,8.307282
1760985804529,1.3250256,5.499305,8.368897
1760985804532,1.3441681,5.5136614,8.407183
1760985804534,1.358525,5.517849,8.464012
1760985804536,1.3776677,5.526822,8.5112705
1760985804538,1.372882,5.5316076,8.587242
1760985804541,1.3830515,5.5459647,8.672786
1760985804543,1.3974084,5.5405807,8.729615
1760985804545,1.387239,5.5262237,8.805588
1760985804547,1.3878372,5.5501523,8.852845
1760985804550,1.3920245,5.52084,8.928818
1760985804552,1.3782659,5.5453663,8.995218
1760985804554,1.3591232,5.5310097,9.062218
1760985804556,1.3543376,5.5166526,9.133404
1760985804558,1.3298112,5.4927244,9.185448
1760985804561,1.3304094,5.5022955,9.247063
1760985804564,1.3250256,5.473582,9.26142
1760985804566,1.3339987,5.4586267,9.290133
1760985804567,1.3244274,5.453841,9.308679
1760985804570,1.3339987,5.449055,9.3613205
1760985804572,1.352543,5.4293146,9.375677
1760985804574,1.3669,5.4293146,9.38465
1760985804576,1.3429717,5.400601,9.403793
1760985804579,1.3232309,5.3772707,9.413364
1760985804581,1.3184453,5.358128,9.4229355
1760985804583,1.317847,5.343173,9.437292
1760985804586,1.2939188,5.319843,9.427721
1760985804588,1.288535,5.305486,9.442079
1760985804590,1.2933207,5.305486,9.4229355
1760985804592,1.2981063,5.291129,9.432507
1760985804594,1.311865,5.2809596,9.437292
1760985804597,1.3268201,5.300102,9.399606
1760985804599,1.3405789,5.2953167,9.404391
1760985804601,1.3549358,5.299504,9.39482
1760985804604,1.3698909,5.323432,9.351749
1760985804606,1.3890336,5.323432,9.342177
1760985804608,1.4177474,5.332405,9.323633
1760985804610,1.4321043,5.3419766,9.290133
1760985804613,1.422533,5.3419766,9.247662
1760985804615,1.46022,5.3365927,9.204591
1760985804617,1.4362918,5.3276196,9.171689
1760985804619,1.4554343,5.3270216,9.128618
1760985804622,1.4273187,5.3425746,9.067003
1760985804625,1.4123635,5.313861,9.0341015
1760985804627,1.4075779,5.299504,9.000603
1760985804628,1.3734802,5.2666025,8.948559
1760985804631,1.3830515,5.276174,8.9013
1760985804634,1.3501502,5.291129,8.85823
1760985804636,1.326222,5.2773705,8.830113
1760985804637,1.3357933,5.296513,8.796615
1760985804640,1.326222,5.291727,8.768498
1760985804642,1.3172488,5.311468,8.749356
1760985804644,1.2981063,5.3216376,8.720642
1760985804647,1.2705889,5.35095,8.730213
1760985804649,1.3040884,5.3742795,8.706285
1760985804651,1.294517,5.3790655,8.720642
1760985804653,1.2759727,5.3940206,8.706285
1760985804656,1.2903296,5.4029937,8.725428
1760985804658,1.2855439,5.413163,8.715857
1760985804660,1.262214,5.4370914,8.730213
1760985804662,1.2669996,5.4370914,8.725428
1760985804665,1.2382857,5.4185467,8.734999
1760985804667,1.2526426,5.4233327,8.730213
1760985804669,1.2526426,5.428118,8.7015
1760985804671,1.2382857,5.4089756,8.696713
1760985804674,1.2281163,5.375476,8.687142
1760985804676,1.2466606,5.3706903,8.706285
1760985804678,1.2466606,5.35095,8.715857
1760985804680,1.2460624,5.331807,8.734999
1760985804683,1.2598212,5.293522,8.730213
1760985804685,1.2550355,5.293522,8.744571
1760985804687,1.2496517,5.2552366,8.773284
1760985804689,1.2496517,5.2402816,8.782856
1760985804692,1.2394822,5.2163534,8.810971
1760985804695,1.2340983,5.1876397,8.8492565
1760985804696,1.2484552,5.163711,8.858828
1760985804699,1.2340983,5.163711,8.873184
1760985804701,1.2335001,5.1254263,8.868399
1760985804703,1.2424731,5.110471,8.9108715
1760985804705,1.2376875,5.091328,8.915657
1760985804707,1.2370893,5.0530434,8.953942
1760985804710,1.250848,5.042874,8.977871
1760985804712,1.2598212,5.0141597,9.010772
1760985804714,1.274178,5.008776,9.015557
1760985804716,1.2598212,4.999803,9.077172
1760985804719,1.2783655,4.980062,9.115458
1760985804721,1.3016955,4.965107,9.144172
1760985804723,1.3106686,4.9405804,9.181859
1760985804725,1.3298112,4.92084,9.220144
1760985804728,1.3435699,4.892126,9.24826
1760985804730,1.3710874,4.862814,9.276974
1760985804732,1.4093726,4.8472605,9.343374
1760985804734,1.4189439,4.8472605,9.386445
1760985804737,1.4470595,4.837091,9.433703
1760985804739,1.4656038,4.8269215,9.490533
1760985804741,1.4464613,4.8029933,9.556933
1760985804744,1.4554343,4.7880383,9.600004
1760985804748,1.4751751,4.7976093,9.666406
1760985804748,1.4793626,4.7970114,9.71845
1760985804751,1.4703895,4.816752,9.751948
1760985804752,1.4608182,4.8215375,9.799207
1760985804755,1.4470595,4.816752,9.813564
1760985804757,1.4422739,4.816752,9.832706
1760985804759,1.4231312,4.831707,9.8321085
1760985804761,1.4141582,4.846064,9.846465
1760985804763,1.4141582,4.860421,9.879965
1760985804765,1.4243277,4.8843493,9.90808
1760985804768,1.4434702,4.8933225,9.94158
1760985804770,1.4291133,4.8843493,9.927223
1760985804772,1.4434702,4.9028935,9.927223
1760985804774,1.4057833,4.913063,9.950553
1760985804777,1.4057833,4.9226346,9.946365
1760985804779,1.4063815,4.9513483,9.96491
1760985804781,1.4015958,4.9519463,9.969695
1760985804784,1.3830515,4.9663033,9.950553
1760985804786,1.393221,4.999803,9.945767
1760985804788,1.378864,5.0051866,9.936196
1760985804790,1.393221,5.0189457,9.926624
1760985804792,1.378864,5.024329,9.903295
1760985804795,1.332204,5.0440702,9.917053
1760985804797,1.332204,5.063811,9.912268
1760985804800,1.3040884,5.0829535,9.921839
1760985804802,1.2807583,5.1026945,9.884152
1760985804804,1.2430713,5.127819,9.869795
1760985804806,1.1958131,5.152345,9.865009
1760985804808,1.1724831,5.157729,9.845867
1760985804811,1.1300105,5.1678987,9.865009
1760985804813,1.1300105,5.1924253,9.845867
1760985804815,1.0731809,5.193023,9.836296
1760985804818,1.0546366,5.21755,9.850653
1760985804820,1.0408778,5.227121,9.845867
1760985804822,1.026521,5.2372904,9.869197
1760985804824,1.0079765,5.246862,9.902697
1760985804827,1.0031909,5.2420764,9.954741
1760985804829,0.974477,5.24746,10.001999
1760985804831,0.9696914,5.252246,10.073185
1760985804834,0.95054877,5.237889,10.135399
1760985804836,0.9314062,5.237889,10.225129
1760985804839,0.91226363,5.2283173,10.348958
1760985804840,0.8979067,5.1996036,10.457831
1760985804843,0.8739785,5.1900325,10.572088
1760985804845,0.85902333,5.1469617,10.73839
1760985804847,0.8350951,5.1182475,10.8664055
1760985804849,0.8009974,5.070391,10.975878
1760985804852,0.7860422,5.0368915,11.084751
1760985804854,0.7848458,4.9788656,11.179866
1760985804856,0.7322037,4.95075,11.222937
1760985804858,0.69332033,4.898706,11.294123
1760985804860,0.72083783,4.8496532,11.43171
1760985804863,0.74835527,4.7766724,11.602797
1760985804865,0.74835527,4.7575297,11.712269
1760985804867,0.75194454,4.709075,11.797812
1760985804869,0.7603194,4.6319065,11.888141
1760985804872,0.79740816,4.582854,11.987443
1760985804874,0.8392825,4.538586,12.096915
1760985804876,0.8333005,4.4668016,12.187243
1760985804879,0.83748794,4.408776,12.220743
1760985804881,0.8219346,4.3561335,12.244672
1760985804883,0.82612205,4.302893,12.339787
1760985804885,0.82013994,4.2406797,12.420544
1760985804887,0.7956135,4.1832523,12.496516
1760985804890,0.785444,4.1401815,12.54856
1760985804892,0.7645068,4.05404,12.572489
1760985804894,0.7543373,4.006183,12.586845
1760985804896,0.7531409,3.9487555,12.601202
1760985804899,0.75254273,3.9050865,12.573087
1760985804901,0.75194454,3.8476589,12.540185
1760985804903,0.74596244,3.7998023,12.492927
1760985804906,0.7268199,3.7812579,12.431312
1760985804908,0.721436,3.7621155,12.360126
1760985804910,0.72083783,3.7292142,12.250653
1760985804912,0.7112665,3.7100716,12.136994
1760985804915,0.6963114,3.667599,12.01855
1760985804917,0.7292127,3.6574295,11.837892
1760985804919,0.75254273,3.6335013,11.686545
1760985804921,0.7573284,3.6340995,11.520245
1760985804924,0.7615158,3.610171,11.358729
1760985804926,0.79920274,3.610171,11.169098
1760985804928,0.8135597,3.6053855,10.983654
1760985804930,0.80817586,3.5772698,10.798809
1760985804933,0.8171489,3.562913,10.646864
1760985804935,0.8362915,3.562913,10.499705
1760985804937,0.8356933,3.5389848,10.366904
1760985804939,0.8350951,3.5012977,10.24846
1760985804942,0.83030945,3.482155,10.096515
1760985804944,0.82013994,3.4492538,9.935597
1760985804946,0.80997044,3.4354951,9.783653
1760985804948,0.80937225,3.4019957,9.674182
1760985804951,0.82313097,3.3780673,9.5557375
1760985804953,0.84167534,3.3493536,9.432507
1760985804955,0.8362915,3.3110683,9.318848
1760985804957,0.8452646,3.2823544,9.186047
1760985804960,0.84406817,3.2249267,9.110074
1760985804962,0.8153543,3.196811,8.977272
1760985804964,0.78065836,3.135196,8.87797
1760985804966,0.75194454,3.1166515,8.801998
1760985804969,0.72263247,3.074179,8.740383
1760985804971,0.69332033,3.022135,8.664411
1760985804973,0.654437,2.9748766,8.59801
1760985804975,0.62093747,2.9659038,8.5220375
1760985804978,0.59641105,2.9186454,8.489137
1760985804980,0.5724828,2.8953154,8.451449
1760985804982,0.5389833,2.876771,8.41795
1760985804984,0.50009996,2.853441,8.403593
1760985804987,0.45224348,2.8109684,8.39462
1760985804989,0.39900318,2.7834508,8.365906
1760985804991,0.34157544,2.7553353,8.365906
1760985804993,0.28953153,2.737389,8.342576
1760985804996,0.2416751,2.7379873,8.3377905
1760985804998,0.21714866,2.6811578,8.304889
1760985805000,0.20219351,2.6620152,8.27139
1760985805002,0.17766708,2.6243281,8.233703
1760985805005,0.17228323,2.5764718,8.2049885
1760985805007,0.16271193,2.5573292,8.176873
1760985805009,0.14356937,2.548356,8.105687
1760985805011,0.1471586,2.5094728,8.076973
1760985805014,0.16570297,2.4759731,8.029715
1760985805016,0.1794617,2.4472594,7.939984
1760985805018,0.19322042,2.4227328,7.8873415
1760985805020,0.20697916,2.3940191,7.8023963
1760985805023,0.2440679,2.3455644,7.7312098
1760985805025,0.28235307,2.3401806,7.6456666
1760985805027,0.3152544,2.3300111,7.5553374
1760985805029,0.3714857,2.2959132,7.489535
1760985805032,0.4331009,2.2707887,7.3992057
1760985805034,0.49351966,2.2217357,7.308877
1760985805036,0.5455636,2.2067807,7.242476
1760985805039,0.59282184,2.1774685,7.1856465
1760985805041,0.6257231,2.1768703,7.1048884
1760985805043,0.6448657,2.1625135,7.062416
1760985805045,0.6771688,2.1379871,7.0247293
1760985805048,0.738784,2.1128623,6.972087
1760985805050,0.77587277,2.0787647,6.9583282
1760985805052,0.81894356,2.082952,6.8871417
1760985805054,0.8422736,2.0536401,6.8775706
1760985805056,0.8602197,2.0147567,6.8398833
1760985805059,0.89371926,2.0045872,6.8255267
1760985805061,0.92183495,1.9944177,6.8015985
1760985805063,0.9595219,1.9794625,6.783054
1760985805066,0.97866446,1.9794625,6.7782683
1760985805068,1.0211371,1.9740787,6.7447686
1760985805070,1.0444671,1.9543378,6.721439
1760985805072,1.0636097,1.9591235,6.687939
1760985805074,1.0731809,1.948954,6.6592255
1760985805077,1.1156535,1.933999,6.6358953
1760985805079,1.1437693,1.9334008,6.5928245
1760985805081,1.1533405,1.9334008,6.5455666
1760985805083,1.1772687,1.9477576,6.535995
1760985805086,1.2107682,1.9423738,6.483951
1760985805088,1.2340983,1.9274186,6.460023
1760985805090,1.2436695,1.9369899,6.422336
1760985805093,1.2819548,1.9507487,6.4127645
1760985805096,1.2867404,1.9507487,6.407979
1760985805097,1.3004991,1.931606,6.384051
1760985805100,1.3298112,1.9597218,6.398408
1760985805102,1.3441681,1.9639091,6.4175506
1760985805104,1.372882,1.9734805,6.4360948
1760985805106,1.3920245,1.9920249,6.4271216
1760985805108,1.4015958,1.9968106,6.4360948
1760985805110,1.4303098,2.0105693,6.4552374
1760985805113,1.4500505,2.0386848,6.47438
1760985805116,1.4644074,2.0721843,6.502496
1760985805117,1.4883357,2.0715861,6.521638
1760985805120,1.474577,2.091327,6.573682
1760985805122,1.5080764,2.1050856,6.6305118
1760985805124,1.5224334,2.12363,6.6825557
1760985805127,1.5182459,2.1379871,6.7112694
1760985805129,1.4901303,2.1529422,6.806384
1760985805131,1.4811572,2.2055843,6.8536425
1760985805133,1.4721842,2.2199411,6.9056864
1760985805135,1.4494523,2.268396,6.943373
1760985805137,1.4350954,2.2827528,6.986444
1760985805140,1.4261223,2.3168504,7.0432734
1760985805142,1.4219348,2.3503501,7.0522466
1760985805145,1.4231312,2.393421,7.109076
1760985805147,1.4374882,2.4215364,7.1569324
1760985805149,1.4476577,2.455036,7.2418776
1760985805151,1.4386846,2.4789643,7.2753773
1760985805153,1.4488541,2.5124638,7.3082786
1760985805155,1.4638093,2.5459633,7.350751
1760985805158,1.4877375,2.559722,7.393822
1760985805160,1.5218352,2.6069803,7.389036
1760985805163,1.5607185,2.6590242,7.4123664
1760985805166,1.6037893,2.6823542,7.417152
1760985805167,1.6277176,2.71047,7.4219375
1760985805170,1.6564314,2.720041,7.3980093
1760985805171,1.6905292,2.7672994,7.3692956
1760985805174,1.7288144,2.7619154,7.34118
1760985805176,1.7670995,2.7852457,7.288538
1760985805178,1.8376877,2.7649066,7.2699933
1760985805180,1.9094725,2.7732813,7.265208
1760985805183,1.9573289,2.7918258,7.2556367
1760985805185,1.9950159,2.7768707,7.2699933
1760985805187,2.032703,2.7852457,7.3028946
1760985805189,2.0757737,2.7990043,7.298109
1760985805191,2.1044874,2.8031917,7.3172517
1760985805194,2.114657,2.8319056,7.3549385
1760985805197,2.1481566,2.8600214,7.3453674
1760985805199,2.158326,2.8791637,7.36451
1760985805200,2.1684954,2.9126635,7.374081
1760985805203,2.1978076,2.9790642,7.3830543
1760985805205,2.2217357,2.9982069,7.411768
1760985805207,2.2743778,3.0065815,7.435098
1760985805211,2.288735,3.0257242,7.463812
1760985805213,2.3467607,3.0580273,7.530213
1760985805214,2.3611178,3.0670004,7.606185
1760985805216,2.347359,3.0867412,7.6678
1760985805219,2.3479571,3.1202407,7.7389865
1760985805221,2.324029,3.129812,7.8053875
1760985805223,2.3102703,3.1345978,7.885547
1760985805226,2.3012972,3.1782668,7.9334035
1760985805228,2.2779672,3.1926236,7.9998045
1760985805230,2.254039,3.1980073,8.037491
1760985805232,2.2211375,3.2075787,8.084749
1760985805235,2.193022,3.2177482,8.132606
1760985805237,2.179263,3.251846,8.170293
1760985805240,2.1655045,3.2853456,8.20798
1760985805242,2.1230319,3.3146574,8.26481
1760985805244,2.1379871,3.3481572,8.303095
1760985805246,2.105684,3.3822548,8.312068
1760985805248,2.1248264,3.4055848,8.350353
1760985805251,2.1026928,3.4827533,8.383254
1760985805253,2.0835502,3.502494,8.416754
1760985805255,2.0608184,3.546163,8.473583
1760985805257,2.047658,3.5940197,8.506484
1760985805259,2.0482562,3.641876,8.539386
1760985805261,2.0344975,3.675974,8.5681
1760985805263,2.0255244,3.7094734,8.624929
1760985805265,1.9974087,3.7196429,8.662616
1760985805268,1.98365,3.7339997,8.705687
1760985805270,1.9746768,3.7674992,8.7577305
1760985805272,1.9369899,3.7776687,8.814561
1760985805274,1.9274186,3.792624,8.847462
1760985805277,1.9178474,3.7974095,8.900104
1760985805279,1.8897316,3.792624,8.937791
1760985805282,1.8705891,3.807579,8.980264
1760985805284,1.8424734,3.8177485,9.02812
1760985805286,1.8233309,3.8081772,9.018549
1760985805288,1.7994026,3.80399,9.047262
1760985805290,1.7904296,3.8183467,9.056235
1760985805293,1.771287,3.8285162,9.065806
1760985805295,1.7856439,3.827918,9.056235
1760985805297,1.7952151,3.8374894,9.094521
1760985805299,1.8095721,3.8368912,9.113065
1760985805302,1.7952151,3.842275,9.122637
1760985805304,1.8287147,3.8560338,9.141779
1760985805306,1.8580267,3.874578,9.1465645
1760985805309,1.8574286,3.8697925,9.160921
1760985805311,1.8909281,3.8644085,9.184252
1760985805313,1.8861425,3.859623,9.189037
1760985805315,1.8717855,3.8644085,9.175279
1760985805318,1.8622142,3.8554354,9.179466
1760985805320,1.8711873,3.8404803,9.156136
1760985805322,1.8574286,3.8410785,9.1465645
1760985805324,1.8478572,3.8602211,9.104092
1760985805327,1.8430717,3.8656049,9.046664
1760985805329,1.8478572,3.851248,9.008977
1760985805331,1.8717855,3.8697925,8.965906
1760985805333,1.8861425,3.8650067,8.909077
1760985805335,1.905285,3.8937206,8.889935
1760985805338,1.9010975,3.9176488,8.852247
1760985805341,1.9154545,3.9367914,8.823533
1760985805343,1.9214365,3.9750767,8.809176
1760985805345,1.9118652,3.9756749,8.752347
1760985805347,1.9597218,4.022933,8.676374
1760985805349,1.9740787,4.017549,8.662018
1760985805351,1.9890338,4.046263,8.609974
1760985805354,1.9986051,4.0510488,8.605188
1760985805356,2.0027926,4.0510488,8.581261
1760985805358,2.0171494,4.0558343,8.538788
1760985805361,2.036292,4.0552363,8.472386
1760985805362,2.0458634,4.0552363,8.448459
1760985805365,2.059622,4.0360937,8.405986
1760985805367,2.0787647,4.0354953,8.372486
1760985805369,2.0739791,4.045665,8.353344
1760985805372,2.1122642,4.040281,8.291729
1760985805374,2.1164517,4.0307097,8.263613
1760985805376,2.1355941,4.025326,8.239685
1760985805379,2.178665,4.0390844,8.220542
1760985805381,2.193022,4.048656,8.187641
1760985805383,2.245066,4.037888,8.178069
1760985805385,2.2588246,4.0187454,8.154141
1760985805388,2.2971098,4.0181475,8.14457
1760985805390,2.3114667,4.031906,8.149356
1760985805392,2.3395824,4.017549,8.130812
1760985805394,2.3682961,4.0121655,8.106883
1760985805396,2.3724837,4.0121655,8.078169
1760985805399,2.4340987,3.9918263,8.06441
1760985805401,2.4191437,3.9631126,8.059625
1760985805403,2.4382863,3.9535413,8.035697
1760985805406,2.4616163,3.9433718,8.030911
1760985805408,2.4670002,3.952943,8.0404825
1760985805410,2.4568307,3.9338005,8.030911
1760985805412,2.466402,3.9338005,8.050054
1760985805415,2.4568307,3.938586,8.030911
1760985805418,2.423331,3.9200418,8.069196
1760985805419,2.3994029,3.9104705,8.093124
1760985805421,2.3952155,3.9200418,8.097312
1760985805424,2.3712873,3.9110687,8.140383
1760985805426,2.3377876,3.906881,8.12124
1760985805428,2.3228326,3.8733816,8.149954
1760985805430,2.2564318,3.8841493,8.16431
1760985805433,2.228316,3.879962,8.159525
1760985805435,2.1900308,3.866203,8.187641
1760985805438,2.1565313,3.8572302,8.201998
1760985805439,2.1278176,3.8380876,8.225926
1760985805442,2.1182463,3.8434713,8.240283
1760985805444,2.0889342,3.8147576,8.240283
1760985805446,2.0751755,3.8297126,8.249854
1760985805448,2.056631,3.839284,8.273184
1760985805451,2.0374885,3.8398821,8.282756
1760985805453,2.0416758,3.8207395,8.27797
1760985805455,2.0231316,3.8255253,8.301898
1760985805458,2.012962,3.815954,8.282756
1760985805460,2.012962,3.8111682,8.287541
1760985805462,1.9986051,3.8069808,8.321041
1760985805464,2.012962,3.7920256,8.339585
1760985805466,2.0033908,3.7824545,8.325827
1760985805469,1.9938195,3.792624,8.330612
1760985805471,1.9932213,3.7680974,8.349156
1760985805473,1.96032,3.7734814,8.349156
1760985805475,1.96032,3.7734814,8.353942
1760985805478,1.9651057,3.7830527,8.363513
1760985805480,1.9322042,3.7884364,8.382656
1760985805482,1.9172492,3.7651064,8.382656
1760985805484,1.8795621,3.7704902,8.392227
1760985805487,1.8705891,3.799204,8.415557
1760985805489,1.8568304,3.818945,8.415557
1760985805491,1.8514465,3.8093736,8.410771
1760985805493,1.8520447,3.818945,8.397013
1760985805496,1.8424734,3.8237305,8.377871
1760985805498,1.8520447,3.8333018,8.358727
1760985805500,1.875973,3.8470607,8.349156
1760985805503,1.8999012,3.8470607,8.3348
1760985805504,1.8999012,3.842275,8.287541
1760985805507,1.9184456,3.8368912,8.240283
1760985805510,1.9142581,3.856632,8.240283
1760985805512,1.9286151,3.8703907,8.225926
1760985805514,1.9244276,3.894917,8.225926
1760985805516,1.9483558,3.8991046,8.201998
1760985805519,1.9579271,3.9230328,8.192427
1760985805521,1.9579271,3.9278183,8.197212
1760985805523,2.000998,3.9367914,8.178069
1760985805525,1.9962122,3.9511483,8.192427
1760985805527,2.0015962,3.9655054,8.187641
1760985805530,1.9872392,3.970291,8.206783
1760985805532,1.9830518,3.9852462,8.187641
1760985805534,1.9830518,4.004389,8.192427
1760985805536,1.9782661,4.004389,8.187641
1760985805539,1.9878374,3.9990048,8.220542
1760985805541,1.9884356,4.0235314,8.2253275
1760985805543,2.0027926,4.046861,8.2348995
1760985805545,1.9938195,4.061816,8.215756
1760985805547,2.012962,4.0707893,8.215756
1760985805550,2.0087745,4.0995035,8.210971
1760985805552,1.9950159,4.1240296,8.2014
1760985805554,1.9812572,4.153342,8.210971
1760985805558,1.966302,4.134199,8.210971
1760985805560,1.9483558,4.182654,8.206185
1760985805562,1.9292133,4.182654,8.239086
1760985805564,1.896312,4.2071805,8.229515
1760985805566,1.8490537,4.2275195,8.243873
1760985805568,1.8017955,4.2329035,8.258229
1760985805570,1.7688942,4.252644,8.300702
1760985805572,1.7503498,4.258028,8.319844
1760985805575,1.6935202,4.28734,8.367103
1760985805577,1.7036897,4.3064823,8.371888
1760985805579,1.6797615,4.3118663,8.386245
1760985805581,1.6522441,4.35075,8.447861
1760985805584,1.6468602,4.331009,8.475976
1760985805586,1.6235301,4.3555355,8.551949
1760985805588,1.6139588,4.3555355,8.580662
1760985805590,1.6091732,4.360321,8.623135
1760985805593,1.6139588,4.360321,8.666205
1760985805595,1.6043876,4.35075,8.703893
1760985805598,1.5942181,4.3124647,8.737391
1760985805600,1.5990037,4.3172503,8.78465
1760985805602,1.5846468,4.2885365,8.803793
1760985805604,1.6079768,4.273581,8.851051
1760985805606,1.6121643,4.254439,8.846864
1760985805608,1.6127625,4.2634115,8.903693
1760985805611,1.6408781,4.243671,8.913264
1760985805613,1.6588243,4.2006,8.927621
1760985805615,1.6683956,4.195216,8.965308
1760985805618,1.6827525,4.1904306,8.955737
1760985805620,1.7012969,4.17069,8.946764
1760985805622,1.7156538,4.1611185,8.946764
1760985805624,1.7533408,4.1551366,8.979665
1760985805626,1.7958134,4.144967,9.0131645
1760985805629,1.8340986,4.1491547,9.022736
1760985805631,1.8484555,4.148556,9.055637
1760985805633,1.8855443,4.1240296,9.079565
1760985805635,1.8909281,4.1383867,9.117252
1760985805638,1.9286151,4.141976,9.160323
1760985805640,1.9381863,4.1371903,9.174082
1760985805642,1.9669002,4.127021,9.221938
1760985805645,1.9573289,4.136592,9.23151
1760985805647,1.9579271,4.165306,9.2691965
1760985805649,1.9674984,4.1700916,9.316455
1760985805651,1.9483558,4.1754756,9.302098
1760985805654,1.9579271,4.1700916,9.32124
1760985805656,1.9531415,4.1557345,9.340384
1760985805658,1.9387846,4.1557345,9.364311
1760985805660,1.9250258,4.1850467,9.387642
1760985805662,1.9010975,4.1850467,9.425926
1760985805665,1.8681962,4.185645,9.454042
1760985805667,1.8586249,4.1814575,9.458828
1760985805670,1.8251255,4.1814575,9.497113
1760985805671,1.8065811,4.1964126,9.539586
1760985805674,1.783251,4.211368,9.558728
1760985805676,1.7593229,4.2017965,9.577272
1760985805678,1.7593229,4.2161536,9.615558
1760985805681,1.7264216,4.2167516,9.662816
1760985805683,1.7024933,4.2221355,9.696316
1760985805685,1.6983058,4.241278,9.738789
1760985805687,1.6648064,4.241278,9.772287
1760985805690,1.669592,4.2317066,9.7908325
1760985805692,1.6456637,4.246662,9.81476
1760985805694,1.6223338,4.2568316,9.81476
1760985805696,1.6223338,4.241876,9.84826
1760985805699,1.5936198,4.2329035,9.857233
1760985805702,1.5888343,4.2281175,9.843474
1760985805705,1.5840486,4.243073,9.843474
1760985805705,1.5696917,4.238287,9.833903
1760985805707,1.550549,4.2388854,9.829117
1760985805710,1.550549,4.2341,9.800404
1760985805712,1.5409778,4.214957,9.786645
1760985805714,1.5457634,4.2245283,9.74836
1760985805718,1.5170496,4.215555,9.757931
1760985805720,1.5218352,4.2203407,9.738789
1760985805721,1.5128621,4.234698,9.753145
1760985805724,1.4937196,4.2299123,9.762716
1760985805726,1.4937196,4.234698,9.743574
1760985805729,1.4889339,4.2352962,9.757931
1760985805731,1.474577,4.2257247,9.767502
1760985805732,1.4650056,4.211368,9.767502
1760985805735,1.4506488,4.2017965,9.786645
1760985805737,1.430908,4.188038,9.81476
1760985805739,1.3884354,4.193422,9.838689
1760985805741,1.3501502,4.1700916,9.867402
1760985805743,1.3310076,4.150949,9.938589
1760985805747,1.3160524,4.127021,10.00499
1760985805749,1.2783655,4.1276193,10.061819
1760985805751,1.2873386,4.1126637,10.147363
1760985805753,1.268196,4.098905,10.213763
1760985805755,1.2586247,4.098307,10.289736
1760985805757,1.244866,4.1084766,10.360922
1760985805759,1.2490535,4.093521,10.417751
1760985805762,1.2394822,4.0791645,10.5080805
1760985805763,1.2203395,4.065406,10.517652
1760985805767,1.2394822,4.0791645,10.588839
1760985805768,1.238884,4.0498524,10.636097
1760985805770,1.2430713,4.0211387,10.7126665
1760985805772,1.2861422,4.019942,10.779068
1760985805775,1.3190435,4.009773,10.864013
1760985805777,1.3136597,3.976273,10.949556
1760985805779,1.3040884,3.947559,10.992627
1760985805781,1.317847,3.9421754,11.054242
1760985805784,1.3124632,3.9038901,11.102098
1760985805786,1.3124632,3.903292,11.139786
1760985805789,1.3172488,3.874578,11.1685
1760985805791,1.2981063,3.874578,11.215758
1760985805792,1.3172488,3.8793638,11.244472
1760985805795,1.3172488,3.874578,11.267802
1760985805797,1.3411771,3.888337,11.315659
1760985805800,1.3220345,3.888337,11.338988
1760985805802,1.3214363,3.8691943,11.395818
1760985805804,1.302892,3.8793638,11.419746
1760985805806,1.302892,3.8835511,11.443674
1760985805809,1.2987045,3.8985064,11.44846
1760985805811,1.2699906,3.8991046,11.443674
1760985805814,1.250848,3.8991046,11.44846
1760985805815,1.1988041,3.900301,11.462218
1760985805818,1.1653047,3.885944,11.467005
1760985805820,1.1180464,3.8871403,11.462218
1760985805822,1.0851451,3.9164524,11.453245
1760985805825,1.0749756,3.8973098,11.476576
1760985805827,1.0372887,3.9026937,11.486147
1760985805829,0.99960166,3.903292,11.500504
1760985805831,0.95653087,3.909274,11.519647
1760985805833,0.92303133,3.8853457,11.566905
1760985805836,0.86141616,3.9008992,11.623734
1760985805838,0.8141579,3.9158542,11.675778
1760985805841,0.762114,3.9218364,11.723635
1760985805842,0.695115,3.903292,11.775679
1760985805845,0.6520442,3.8847475,11.842079
1760985805847,0.58564335,3.8572302,11.899507
1760985805849,0.54735816,3.8380876,11.9611225
1760985805852,0.52223355,3.7908292,12.027523
1760985805854,0.49830532,3.766901,12.108281
1760985805856,0.4743771,3.7334015,12.208181
1760985805858,0.41635114,3.6861434,12.308082
1760985805861,0.3822534,3.638885,12.388839
1760985805863,0.31944183,3.5772698,12.474382
1760985805865,0.29491538,3.5294135,12.5551405
1760985805868,0.25543383,3.4576287,12.607184
1760985805870,0.21655045,3.3960135,12.692728
1760985805872,0.22013968,3.3044882,12.764512
1760985805874,0.19980069,3.251846,12.797414
1760985805876,0.17467605,3.1752756,12.840485
1760985805879,0.14955142,3.0652058,12.897912
1760985805881,0.1052842,2.984448,12.940983
1760985805883,0.060418773,2.8791637,12.973885
1760985805885,0.016151553,2.7792635,12.964911
1760985805887,-0.0047856453,2.6691937,12.979268
1760985805890,-0.04007978,2.5543382,12.965509
1760985805892,-0.10289137,2.4789643,12.955938
1760985805894,-0.123828575,2.3641088,12.94218
1760985805897,-0.14476576,2.254039,12.928421
1760985805899,-0.15553348,2.1918256,12.88535
1760985805901,-0.16630118,2.115255,12.871592
1760985805904,-0.19142582,2.0291135,12.809976
1760985805906,-0.19740787,1.9621146,12.791431
1760985805908,-0.21355942,1.875973,12.729816
1760985805910,-0.22851457,1.8089739,12.696916
1760985805913,-0.2440679,1.7425731,12.625729
1760985805915,-0.2548356,1.6851454,12.554543
1760985805918,-0.28953153,1.6091732,12.440883
1760985805920,-0.31405798,1.5571294,12.384053
1760985805921,-0.33439696,1.4853446,12.270394
1760985805924,-0.32123643,1.41356,12.147164
1760985805926,-0.3505485,1.39023,12.038291
1760985805928,-0.34636107,1.3471591,11.9102745
1760985805931,-0.37088752,1.3046865,11.767901
1760985805933,-0.36670008,1.2568301,11.6351
1760985805935,-0.357727,1.2430713,11.497513
1760985805937,-0.36789647,1.2000005,11.378469
1760985805939,-0.34456646,1.1904292,11.2552395
1760985805941,-0.33080772,1.1569297,11.146366
1760985805944,-0.3260221,1.1569297,11.046466
1760985805946,-0.32243285,1.1090733,10.932807
1760985805949,-0.33200413,1.0809577,10.800005
1760985805952,-0.36610186,1.0576276,10.671989
1760985805953,-0.38584265,1.0247263,10.534402
1760985805955,-0.38644084,0.98644114,10.382458
1760985805957,-0.36311084,0.9625129,10.264012
1760985805960,-0.3684947,0.9385847,10.126426
1760985805963,-0.36430725,0.8859426,10.031909
1760985805964,-0.3786642,0.8865408,9.90808
1760985805966,-0.4031906,0.8392825,9.765707
1760985805969,-0.37507495,0.82971126,9.671191
1760985805971,-0.37507495,0.82013994,9.580862
1760985805974,-0.35653058,0.80578303,9.495318
1760985805975,-0.36610186,0.80578303,9.4432745
1760985805977,-0.40378883,0.8069794,9.3816595
1760985805980,-0.42771706,0.81655073,9.34816
1760985805982,-0.43728834,0.8171489,9.276974
1760985805985,-0.4229314,0.81236327,9.2488575
1760985805987,-0.4325027,0.8219346,9.210572
1760985805989,-0.4223332,0.8554341,9.177671
1760985805991,-0.41754755,0.86979103,9.172886
1760985805993,-0.40797627,0.8745767,9.163314
1760985805996,-0.38404804,0.86919284,9.1681
1760985805998,-0.38823548,0.88354975,9.177671
1760985806000,-0.3595216,0.8979067,9.163314
1760985806002,-0.37387854,0.89312106,9.1770735
1760985806004,-0.37387854,0.91226363,9.210572
1760985806007,-0.3924229,0.93679005,9.196216
1760985806009,-0.4211368,0.9176475,9.220144
1760985806012,-0.4211368,0.9128618,9.229715
1760985806014,-0.40618163,0.9559326,9.257831
1760985806016,-0.40618163,0.9607183,9.253045
1760985806018,-0.39182472,0.97507524,9.262616
1760985806021,-0.39182472,0.9846465,9.233903
1760985806023,-0.37268212,0.9840483,9.233903
1760985806025,-0.35353956,0.9840483,9.220144
1760985806027,-0.34396824,0.9840483,9.181859
1760985806030,-0.32961133,0.997807,9.172287
1760985806032,-0.3152544,1.0025927,9.12503
1760985806034,-0.28594232,1.0360922,9.101101
1760985806036,-0.26739794,1.0211371,9.058628
1760985806039,-0.24825534,1.0450653,9.049057
1760985806041,-0.22911277,1.0492527,9.005986
1760985806043,-0.21475583,1.0636097,8.973084
1760985806045,-0.18065812,1.0869397,8.944371
1760985806047,-0.15254244,1.0869397,8.915657
1760985806050,-0.13758731,1.1252248,8.873184
1760985806052,-0.09930214,1.1246266,8.839685
1760985806054,-0.06580263,1.1527423,8.825328
1760985806056,-0.036490545,1.1904292,8.768498
1760985806059,0.011365907,1.204188,8.758927
1760985806061,0.04965107,1.2323036,8.726026
1760985806063,0.08315059,1.2562319,8.668598
1760985806066,0.14596218,1.302892,8.659027
1760985806068,0.16570297,1.3507484,8.625527
1760985806070,0.19860429,1.3501502,8.592627
1760985806072,0.232702,1.3830515,8.554341
1760985806075,0.27098715,1.4159528,8.573483
1760985806077,0.28594232,1.439881,8.544769
1760985806079,0.31465617,1.4542379,8.530413
1760985806081,0.34337005,1.4727824,8.507083
1760985806084,0.36311084,1.5110675,8.506484
1760985806086,0.37806597,1.5391831,8.492127
1760985806088,0.4109673,1.538585,8.483154
1760985806090,0.41156548,1.5631114,8.464012
1760985806092,0.42652065,1.605584,8.459227
1760985806095,0.43669012,1.6390835,8.454441
1760985806098,0.44147578,1.6486548,8.435298
1760985806100,0.43728834,1.6923238,8.430512
1760985806102,0.45224348,1.7353946,8.4347
1760985806106,0.4671986,1.7682959,8.425129
1760985806106,0.45822555,1.8071793,8.397013
1760985806109,0.48275197,1.8448663,8.410771
1760985806111,0.47377887,1.8693926,8.396415
1760985806113,0.49351966,1.9172492,8.391629
1760985806115,0.50368917,1.9651057,8.382058
1760985806118,0.48993045,1.9938195,8.353942
1760985806120,0.4761717,2.0231316,8.325228
1760985806122,0.48215377,2.0662024,8.291729
1760985806124,0.4869394,2.0901306,8.2678
1760985806126,0.4971089,2.1284158,8.258229
1760985806129,0.5024927,2.1571295,8.191829
1760985806131,0.503091,2.1864417,8.14457
1760985806133,0.52283174,2.2342982,8.077571
1760985806135,0.509073,2.2779672,8.039884
1760985806138,0.5102694,2.3258235,8.001599
1760985806140,0.5246264,2.359323,7.9591265
1760985806143,0.5300102,2.3976083,7.9112697
1760985806145,0.5168497,2.431706,7.8777704
1760985806147,0.5407779,2.4646072,7.8496547
1760985806150,0.5276174,2.513062,7.7832537
1760985806152,0.5515456,2.5322046,7.7497544
1760985806154,0.53300124,2.556731,7.7258263
1760985806156,0.5712864,2.594418,7.6833534
1760985806158,0.54376894,2.62373,7.6402826
1760985806161,0.5389833,2.652444,7.6402826
1760985806163,0.52522457,2.6721847,7.6067834
1760985806165,0.5353941,2.7056842,7.5924263
1760985806168,0.5455636,2.7343981,7.5828547
1760985806170,0.5557331,2.7678976,7.5643106
1760985806172,0.5605187,2.7870402,7.5643106
1760985806174,0.56590253,2.815754,7.5212398
1760985806176,0.58564335,2.8540392,7.535597
1760985806179,0.60000026,2.8677979,7.502097
1760985806181,0.62871414,2.8965118,7.4829545
1760985806183,0.65324056,2.9198418,7.4590263
1760985806186,0.66341007,2.958127,7.478169
1760985806188,0.6538388,2.9533412,7.4733834
1760985806190,0.69212395,2.9623144,7.463812
1760985806192,0.70648086,2.981457,7.4590263
1760985806194,0.7160522,2.9910283,7.468598
1760985806197,0.74476606,3.0095727,7.4590263
1760985806199,0.7501499,3.0287154,7.463812
1760985806201,0.75553375,3.0670004,7.4494553
1760985806203,0.7746763,3.0813572,7.478169
1760985806206,0.78424764,3.0759735,7.478169
1760985806208,0.79860455,3.0999017,7.4919276
1760985806210,0.7938189,3.0999017,7.530213
1760985806212,0.80877405,3.1334012,7.5439715
1760985806215,0.80877405,3.1286156,7.563114
1760985806217,0.8279166,3.1519456,7.591828
1760985806220,0.81834537,3.1423743,7.605587
1760985806222,0.8237292,3.1758738,7.6390862
1760985806223,0.81894356,3.1663027,7.629515
1760985806226,0.8285148,3.185445,7.643872
1760985806229,0.8386843,3.2189445,7.6624165
1760985806230,0.81954175,3.214159,7.6576304
1760985806232,0.83389866,3.2093735,7.667202
1760985806235,0.8249256,3.2333016,7.676773
1760985806237,0.8386843,3.2237303,7.6624165
1760985806239,0.8488538,3.2476585,7.6719875
1760985806241,0.8488538,3.2524443,7.676773
1760985806244,0.8350951,3.2620156,7.6719875
1760985806246,0.8632108,3.2566316,7.700701
1760985806248,0.8679964,3.2470603,7.7054873
1760985806251,0.88235337,3.251846,7.6959157
1760985806254,0.8919246,3.2560334,7.6959157
1760985806256,0.9062816,3.2656047,7.7054873
1760985806258,0.9206385,3.2656047,7.6863446
1760985806260,0.9487542,3.2506495,7.6863446
1760985806261,0.95772725,3.2356944,7.700701
1760985806264,0.9726824,3.254837,7.700701
1760985806266,0.99601245,3.2542388,7.6719875
1760985806269,1.0390832,3.2488549,7.676773
1760985806271,1.0390832,3.263212,7.6624165
1760985806272,1.052842,3.2488549,7.6576304
1760985806276,1.0576276,3.2488549,7.667202
1760985806278,1.0719845,3.2338998,7.676773
1760985806280,1.0624132,3.2243285,7.676773
1760985806282,1.0857433,3.219543,7.6863446
1760985806284,1.1144571,3.2189445,7.700701
1760985806286,1.1383854,3.2183464,7.7383885
1760985806288,1.1617154,3.2081769,7.771888
1760985806291,1.180858,3.2027931,7.819146
1760985806293,1.2089736,3.1926236,7.8574314
1760985806295,1.2370893,3.182454,7.895118
1760985806297,1.2562319,3.181856,7.9519477
1760985806300,1.2747762,3.1525438,8.00459
1760985806303,1.2747762,3.1525438,8.066205
1760985806305,1.2939188,3.161517,8.103892
1760985806307,1.2939188,3.1375887,8.142178
1760985806309,1.302892,3.1375887,8.208578
1760985806311,1.3268201,3.1369905,8.251051
1760985806313,1.3214363,3.0987053,8.284551
1760985806315,1.3363914,3.1220353,8.308478
1760985806318,1.3507484,3.1316066,8.370093
1760985806320,1.378864,3.121437,8.402995
1760985806323,1.3645071,3.1166515,8.44128
1760985806325,1.378864,3.106482,8.465208
1760985806327,1.3836497,3.1160533,8.5220375
1760985806329,1.3794622,3.1399815,8.559725
1760985806331,1.3507484,3.150151,8.606983
1760985806333,1.3513466,3.1549366,8.659625
1760985806336,1.3417753,3.1549366,8.711669
1760985806339,1.3130615,3.1597223,8.773284
1760985806340,1.2993027,3.1698918,8.806186
1760985806343,1.2747762,3.1363924,8.834899
1760985806345,1.2562319,3.1513474,8.8492565
1760985806347,1.2227324,3.1274192,8.891729
1760985806349,1.2125629,3.1136606,8.882756
1760985806352,1.1790633,3.0849466,8.925228
1760985806354,1.1503495,3.0759735,8.958728
1760985806356,1.1455638,3.0664022,8.986844
1760985806358,1.102493,3.0478578,9.015557
1760985806361,1.0737791,3.0388846,9.015557
1760985806363,1.0833504,3.033501,9.020343
1760985806365,1.0779666,3.0239296,9.020343
1760985806367,1.0737791,3.034099,9.005986
1760985806370,1.0683953,3.0149565,8.973084
1760985806372,1.0492527,3.0005996,8.9826565
1760985806374,1.0492527,2.9910283,8.958728
1760985806376,1.0444671,2.9862428,8.953942
1760985806379,1.0301101,3.0011978,8.9210415
1760985806381,1.0348958,2.986841,8.930613
1760985806383,1.0019945,3.001796,8.925827
1760985806385,1.0019945,3.0065815,8.892327
1760985806388,0.99720883,3.001796,8.901898
1760985806390,0.97806627,3.0119655,8.87797
1760985806392,0.96849495,2.992823,8.863613
1760985806394,0.95413804,3.0029924,8.858828
1760985806397,0.93559366,3.0125637,8.854042
1760985806399,0.9026923,3.0275187,8.863613
1760985806401,0.89312106,3.0227332,8.87797
1760985806403,0.88354975,3.042474,8.868399
1760985806406,0.8787641,3.0472596,8.854042
1760985806408,0.8644072,3.0329027,8.873184
1760985806410,0.85064846,3.0670004,8.87797
1760985806412,0.84167534,3.0765717,8.873184
1760985806415,0.846461,3.0765717,8.873184
1760985806417,0.81834537,3.1058838,8.87797
1760985806420,0.81894356,3.1250265,8.868399
1760985806422,0.78065836,3.1208389,8.863613
1760985806424,0.78065836,3.1208389,8.868399
1760985806427,0.75254273,3.1597223,8.873184
1760985806429,0.738784,3.1794631,8.854042
1760985806431,0.738784,3.1890345,8.839685
1760985806434,0.7112665,3.2183464,8.825328
1760985806436,0.70169526,3.2380872,8.815757
1760985806438,0.6550352,3.2673993,8.810971
1760985806440,0.6364908,3.2967114,8.8014
1760985806443,0.6131608,3.3403804,8.772686
1760985806444,0.58983076,3.3649068,8.749356
1760985806447,0.55692947,3.3846476,8.720642
1760985806449,0.54376894,3.423531,8.672786
1760985806451,0.51565325,3.4576287,8.672786
1760985806453,0.48753762,3.482155,8.639884
1760985806455,0.4971089,3.5060835,8.615956
1760985806458,0.47856453,3.525824,8.625527
1760985806460,0.48394838,3.5401812,8.587242
1760985806462,0.47018966,3.5688949,8.5681
1760985806465,0.45583272,3.5790644,8.516056
1760985806466,0.4325027,3.5940197,8.459227
1760985806469,0.43728834,3.6131623,8.416156
1760985806471,0.41934216,3.6568313,8.364112
1760985806474,0.44805604,3.6658044,8.364112
1760985806476,0.46241298,3.6801612,8.316256
1760985806478,0.47198427,3.694518,8.292925
1760985806480,0.4959125,3.7136607,8.259425
1760985806483,0.49172506,3.7280176,8.230712
1760985806485,0.51086766,3.7417765,8.225926
1760985806487,0.51565325,3.7561333,8.212168
1760985806489,0.5347959,3.760919,8.178668
1760985806492,0.5587241,3.7746778,8.16431
1760985806494,0.5401797,3.7848473,8.169097
1760985806496,0.56350976,3.7746778,8.159525
1760985806498,0.5688936,3.7890346,8.169097
1760985806500,0.58265233,3.7746778,8.154739
1760985806502,0.59700924,3.7794633,8.13141
1760985806505,0.60598236,3.754937,8.136195
1760985806507,0.60598236,3.7645082,8.149954
1760985806510,0.6203393,3.7645082,8.149954
1760985806511,0.62931234,3.739982,8.149954
1760985806514,0.63948184,3.7543387,8.159525
1760985806516,0.6538388,3.7591243,8.16431
1760985806519,0.6723832,3.734598,8.159525
1760985806521,0.66759753,3.758526,8.19781
1760985806523,0.69152576,3.7483566,8.212168
1760985806526,0.6723832,3.7489548,8.202596
1760985806528,0.6963114,3.7531424,8.230712
1760985806530,0.701097,3.7531424,8.249854
1760985806532,0.715454,3.7477584,8.259425
1760985806534,0.7148558,3.7334015,8.259425
1760985806537,0.7435696,3.723232,8.278568
1760985806539,0.75254273,3.723232,8.292925
1760985806541,0.77647096,3.7226338,8.311469
1760985806543,0.7812566,3.708277,8.344969
1760985806545,0.8003992,3.7172499,8.368897
1760985806548,0.79501534,3.7076788,8.401798
1760985806550,0.8285148,3.7070804,8.406584
1760985806552,0.8428718,3.7070804,8.392227
1760985806554,0.84765744,3.7022948,8.401798
1760985806557,0.85244304,3.711268,8.420941
1760985806559,0.8853444,3.7010984,8.420941
1760985806561,0.8997013,3.7010984,8.4400835
1760985806564,0.89013004,3.705884,8.444271
1760985806566,0.90448695,3.7106698,8.453842
1760985806568,0.91465646,3.7298124,8.453842
1760985806570,0.9194421,3.7339997,8.477771
1760985806573,0.91465646,3.7441692,8.463413
1760985806575,0.94755775,3.7339997,8.4682
1760985806577,0.948156,3.757928,8.515457
1760985806579,0.9726824,3.7860436,8.520244
1760985806582,0.9768698,3.7764723,8.529815
1760985806584,1.015155,3.7854455,8.55793
1760985806586,1.0390832,3.7944186,8.567501
1760985806588,1.0630114,3.8033917,8.581859
1760985806591,1.0677971,3.798606,8.624331
1760985806593,1.082154,3.8123646,8.672188
1760985806595,1.1300105,3.8165522,8.709874
1760985806597,1.1443675,3.8207395,8.766704
1760985806600,1.1347961,3.8398821,8.804989
1760985806602,1.1300105,3.8398821,8.837891
1760985806604,1.1300105,3.8350966,8.909077
1760985806606,1.1353943,3.8494534,8.92822
1760985806609,1.1210374,3.8494534,8.942576
1760985806611,1.1395818,3.8350966,8.961719
1760985806614,1.1443675,3.8446677,8.975478
1760985806616,1.1312069,3.8733816,8.980264
1760985806618,1.1312069,3.882953,8.980264
1760985806620,1.1312069,3.882953,8.985049
1760985806623,1.1455638,3.8925242,9.008977
1760985806624,1.1455638,3.906881,9.027522
1760985806626,1.1270195,3.9260237,9.056235
1760985806629,1.0893325,3.9553359,9.061021
1760985806631,1.0372887,3.9661036,9.056235
1760985806634,1.032503,3.9565322,9.037093
1760985806636,0.99960166,3.9810586,9.008379
1760985806638,1.0049855,3.99063,8.985049
1760985806640,1.0001999,4.0103707,8.937193
1760985806642,0.99601245,4.0390844,8.885149
1760985806644,0.9822537,4.063611,8.870791
1760985806647,0.96789676,4.0737805,8.82832
1760985806649,0.9589237,4.0881376,8.82832
1760985806651,0.95473623,4.1168513,8.832506
1760985806655,0.930808,4.1318064,8.79482
1760985806657,0.92183495,4.141976,8.780462
1760985806658,0.8985049,4.171288,8.76132
1760985806660,0.90807617,4.1850467,8.785249
1760985806662,0.9128618,4.17069,8.766106
1760985806666,0.8991031,4.1904306,8.775677
1760985806668,0.9128618,4.1850467,8.790034
1760985806670,0.9128618,4.1850467,8.780462
1760985806672,0.90329057,4.1850467,8.766106
1760985806674,0.91346,4.2041893,8.780462
1760985806677,0.9320044,4.1988053,8.827721
1760985806679,0.93679005,4.19402,8.88455
1760985806681,0.9415757,4.1892343,8.950952
1760985806683,0.93679005,4.19402,9.022138
1760985806686,0.9128618,4.179663,9.0747795
1760985806688,0.9128618,4.165306,9.122038
1760985806690,0.90329057,4.1605206,9.178867
1760985806692,0.89371926,4.1557345,9.217153
1760985806694,0.8883354,4.1318064,9.259625
1760985806697,0.8979067,4.135994,9.302696
1760985806699,0.8739785,4.107878,9.321838
1760985806701,0.8739785,4.0977087,9.369097
1760985806704,0.86859465,4.093521,9.383454
1760985806706,0.86919284,4.1024942,9.421141
1760985806708,0.8644072,4.1072803,9.468399
1760985806710,0.85483587,4.107878,9.492328
1760985806712,0.8596215,4.112066,9.539586
1760985806716,0.85064846,4.1222353,9.57787
1760985806718,0.86979103,4.126423,9.625129
1760985806720,0.86919284,4.112066,9.653843
1760985806722,0.8745767,4.145565,9.681958
1760985806724,0.88414794,4.1401815,9.74836
1760985806726,0.88414794,4.154538,9.786645
1760985806728,0.9176475,4.168297,9.805787
1760985806731,0.95054877,4.153342,9.88176
1760985806733,0.9696914,4.1479583,9.919446
1760985806735,0.97926265,4.14736,9.957133
1760985806737,1.0313065,4.127021,10.019346
1760985806739,1.0642079,4.126423,10.057034
1760985806742,1.1078769,4.154538,10.113863
1760985806744,1.1359925,4.139583,10.166505
1760985806746,1.1593226,4.134199,10.228121
1760985806748,1.2023934,4.1234317,10.270593
1760985806751,1.244866,4.132405,10.336994
1760985806753,1.244866,4.1228333,10.370493
1760985806756,1.2687942,4.1126637,10.427323
1760985806758,1.2783655,4.112066,10.465608
1760985806761,1.2640085,4.1174498,10.545768
1760985806762,1.3016955,4.1018963,10.603195
1760985806764,1.3064811,4.1018963,10.655239
1760985806767,1.3160524,4.115655,10.750354
1760985806769,1.3304094,4.1007,10.816754
1760985806770,1.3208381,4.0959144,10.883156
1760985806773,1.3112668,4.1007,10.954342
1760985806775,1.2921243,4.091727,11.0398855
1760985806777,1.282553,4.0965123,11.115259
1760985806779,1.2592229,4.091727,11.215159
1760985806782,1.2544373,4.101298,11.281561
1760985806784,1.1928221,4.106682,11.386247
1760985806786,1.1449656,4.0881376,11.485549
1760985806788,1.0833504,4.098905,11.590235
1760985806791,1.0211371,4.080361,11.632708
1760985806793,0.9738788,4.071388,11.708679
1760985806795,0.89730847,4.0534415,11.761321
1760985806797,0.85902333,4.039683,11.822937
1760985806799,0.79740816,4.026522,11.855838
1760985806802,0.7304091,3.993621,11.903694
1760985806804,0.6831509,3.9990048,11.955738
1760985806806,0.6586244,3.970889,11.984452
1760985806808,0.6442675,3.9565322,12.003594
1760985806811,0.60598236,3.9619162,12.031711
1760985806813,0.5772685,3.9433718,12.06521
1760985806815,0.55334026,3.9290147,12.098111
1760985806818,0.52522457,3.9343987,12.131611
1760985806820,0.54376894,3.9146578,12.136396
1760985806822,0.5192425,3.8673997,12.1459675
1760985806824,0.5138587,3.848257,12.160325
1760985806827,0.5180461,3.7950168,12.179467
1760985806829,0.53180486,3.7663028,12.169896
1760985806831,0.52223355,3.7615173,12.169896
1760985806834,0.5072784,3.7136607,12.179467
1760985806836,0.4971089,3.6753755,12.179467
1760985806839,0.4863412,3.6083765,12.170494
1760985806840,0.51445687,3.5790644,12.165709
1760985806843,0.509073,3.5503507,12.156137
1760985806846,0.4989035,3.5168512,12.160923
1760985806847,0.50787663,3.478566,12.170494
1760985806849,0.5072784,3.4546378,12.160923
1760985806851,0.5162515,3.4109688,12.156735
1760985806854,0.5389833,3.3768709,12.161521
1760985806856,0.5341976,3.362514,12.184851
1760985806859,0.5521438,3.3140593,12.190235
1760985806861,0.56111693,3.2757742,12.199806
1760985806863,0.56530434,3.2368908,12.218948
1760985806865,0.57906306,3.1986058,12.261421
1760985806867,0.587438,3.1549366,12.261421
1760985806870,0.5820541,3.1070802,12.299706
1760985806872,0.567099,3.0592237,12.314063
1760985806874,0.5665008,3.0161529,12.352348
1760985806876,0.5802595,3.0011978,12.375679
1760985806879,0.57906306,2.9479575,12.428321
1760985806881,0.57906306,2.914458,12.475579
1760985806883,0.56410795,2.8761728,12.523436
1760985806885,0.54436713,2.833102,12.589836
1760985806888,0.5389833,2.7948167,12.632907
1760985806890,0.5192425,2.7469604,12.680165
1760985806892,0.48993045,2.7092733,12.732209
1760985806894,0.48454657,2.6703901,12.751352
1760985806897,0.4552345,2.6279175,12.789637
1760985806899,0.4444668,2.5704896,12.813565
1760985806901,0.46301118,2.5220351,12.818351
1760985806903,0.43848476,2.4741786,12.832707
1760985806906,0.4325027,2.416751,12.832707
1760985806908,0.43609193,2.359323,12.814163
1760985806910,0.4354937,2.2965117,12.78545
1760985806913,0.4528417,2.2295125,12.766905
1760985806915,0.45224348,2.1768703,12.724433
1760985806917,0.44685963,2.1337996,12.662817
1760985806919,0.46002015,2.1044874,12.567702
1760985806922,0.46899325,2.0518453,12.463615
1760985806925,0.4869394,2.0183458,12.326028
1760985806926,0.506082,1.9992033,12.198011
1760985806928,0.5282156,1.9363917,12.050853
1760985806931,0.5521438,1.9268204,11.889338
1760985806933,0.57009,1.8933209,11.718849
1760985806935,0.60777694,1.8741783,11.552547
1760985806938,0.61734825,1.8550358,11.353345
1760985806940,0.6406783,1.8406788,11.206186
1760985806942,0.654437,1.8311075,11.035698
1760985806944,0.70169526,1.8065811,10.888539
1760985806947,0.70588267,1.7922242,10.73181
1760985806950,0.7196414,1.7682959,10.603793
1760985806951,0.7477571,1.7443677,10.432707
1760985806953,0.7477571,1.7497516,10.276575
1760985806956,0.76630145,1.7258233,10.124631
1760985806958,0.7800602,1.6971095,9.991829
1760985806960,0.779462,1.6779668,9.849456
1760985806962,0.76570326,1.6833507,9.707084
1760985806965,0.7746763,1.6642082,9.574282
1760985806967,0.7890333,1.6642082,9.488738
1760985806969,0.77407813,1.6360924,9.403194
1760985806971,0.78783685,1.6169499,9.275179
1760985806974,0.78364944,1.6408781,9.208778
1760985806976,0.7830512,1.602593,9.118449
1760985806978,0.7686943,1.6175481,9.042477
1760985806980,0.77347994,1.6223338,8.980862
1760985806983,0.78783685,1.6079768,8.895916
1760985806985,0.77347994,1.6181463,8.815159
1760985806987,0.7639086,1.622932,8.762517
1760985806989,0.77826554,1.6181463,8.681759
1760985806992,0.77826554,1.6283158,8.620144
1760985806994,0.7501499,1.6336997,8.5728855
1760985806996,0.75972116,1.6331015,8.530413
1760985806998,0.73579293,1.6480566,8.492127
1760985807001,0.71246296,1.6534405,8.444869
1760985807003,0.6975078,1.634896,8.406584
1760985807005,0.70229346,1.6301104,8.344969
1760985807007,0.67836523,1.625923,8.330612
1760985807010,0.654437,1.6067804,8.302496
1760985807012,0.6442675,1.5834504,8.268997
1760985807014,0.6448657,1.5978073,8.2456665
1760985807016,0.64008003,1.5930216,8.207381
1760985807019,0.6155536,1.5601203,8.169695
1760985807021,0.6053841,1.5314065,8.155337
1760985807023,0.58624154,1.5266209,8.150552
1760985807025,0.58624154,1.5176477,8.117651
1760985807027,0.58624154,1.5026926,8.112865
1760985807030,0.5952146,1.4883357,8.103293
1760985807032,0.6233303,1.4733806,8.122437
1760985807034,0.6233303,1.4542379,8.084151
1760985807036,0.613759,1.4638093,8.088937
1760985807039,0.62811595,1.4494523,8.070393
1760985807041,0.6418747,1.439881,8.079964
1760985807043,0.6329016,1.4542379,8.079964
1760985807045,0.6753742,1.4488541,8.05125
1760985807048,0.6843473,1.4243277,8.065607
1760985807050,0.6987042,1.4291133,8.060822
1760985807052,0.7465607,1.4380864,8.056036
1760985807054,0.7369894,1.442872,8.065607
1760985807057,0.76570326,1.4374882,8.079964
1760985807059,0.79860455,1.43689,8.098508
1760985807061,0.80877405,1.4560326,8.10808
1760985807064,0.8135597,1.46022,8.136793
1760985807066,0.8177471,1.4554343,8.160124
1760985807068,0.8279166,1.4697913,8.179266
1760985807071,0.81894356,1.4889339,8.216953
1760985807073,0.8327023,1.4596218,8.260024
1760985807075,0.82313097,1.4650056,8.293523
1760985807077,0.83748794,1.4691931,8.345567
1760985807079,0.8135597,1.4739788,8.392825
1760985807082,0.785444,1.474577,8.449655
1760985807084,0.76630145,1.4799608,8.454441
1760985807086,0.75673014,1.4847465,8.492725
1760985807088,0.76630145,1.4793626,8.516056
1760985807091,0.79501534,1.5032908,8.516056
1760985807093,0.7908279,1.5128621,8.506484
1760985807095,0.8285148,1.5026926,8.520842
1760985807098,0.8572287,1.50688,8.520842
1760985807100,0.90448695,1.5014962,8.468798
1760985807102,0.9182457,1.4817554,8.426325
1760985807104,0.95712906,1.5146568,8.402397
1760985807107,0.98524475,1.5098711,8.364112
1760985807109,1.0229317,1.5044873,8.350353
1760985807111,1.0516455,1.5134603,8.29771
1760985807113,1.0851451,1.5176477,8.255239
1760985807116,1.1330016,1.5266209,8.212168
1760985807118,1.1802598,1.5403795,8.145766
1760985807120,1.2095718,1.5690935,8.103293
1760985807122,1.2424731,1.5637096,8.036893
1760985807125,1.2574283,1.5876378,7.9890366
1760985807128,1.3142579,1.5960127,7.960921
1760985807129,1.3573287,1.614557,7.9274216
1760985807132,1.3770695,1.6624135,7.874779
1760985807134,1.4009976,1.666601,7.8610206
1760985807136,1.4297116,1.6761723,7.8370924
1760985807139,1.4303098,1.6905292,7.81795
1760985807140,1.4679967,1.7042879,7.827521
1760985807142,1.4781662,1.7330018,7.8466635
1760985807145,1.4835501,1.7473587,7.827521
1760985807147,1.5026926,1.7563318,7.81795
1760985807149,1.4937196,1.7952151,7.813164
1760985807152,1.5032908,1.8089739,7.827521
1760985807154,1.5032908,1.8233309,7.81795
1760985807156,1.5182459,1.8376877,7.8227353
1760985807158,1.5284154,1.8807586,7.8077803
1760985807161,1.561915,1.9040886,7.8317084
1760985807163,1.5720844,1.9280169,7.8317084
1760985807165,1.5768701,1.9375881,7.84128
1760985807167,1.6103697,1.9561325,7.812566
1760985807170,1.6205392,1.989632,7.812566
1760985807172,1.6444674,2.0033908,7.8077803
1760985807174,1.6594225,2.0464616,7.8029947
1760985807177,1.6737795,2.0512471,7.8077803
1760985807179,1.6977077,2.065006,7.850253
1760985807181,1.7174485,2.0889342,7.821539
1760985807183,1.7174485,2.1080768,7.835896
1760985807186,1.727618,2.1272194,7.8071823
1760985807188,1.7467605,2.1361923,7.811968
1760985807190,1.7563318,2.155335,7.798209
1760985807192,1.7706888,2.1601207,7.7790666
1760985807195,1.7802601,2.179263,7.792825
1760985807197,1.7856439,2.1984057,7.7790666
1760985807199,1.7898313,2.1834507,7.7976108
1760985807201,1.8047864,2.2073789,7.759924
1760985807203,1.8000008,2.2025933,7.769495
1760985807206,1.7904296,2.2127628,7.759924
1760985807208,1.8095721,2.2121646,7.759924
1760985807210,1.8191434,2.231307,7.769495
1760985807213,1.8095721,2.2121646,7.7880397
1760985807215,1.8191434,2.2265215,7.8023963
1760985807217,1.838286,2.2402802,7.8167534
1760985807219,1.8340986,2.2498515,7.821539
1760985807222,1.8484555,2.2546372,7.8167534
1760985807224,1.8484555,2.2594228,7.821539
1760985807226,1.8717855,2.2492533,7.8592257
1760985807228,1.8909281,2.2588246,7.8496547
1760985807231,1.8909281,2.2582264,7.8687973
1760985807233,1.9100707,2.263012,7.8831544
1760985807235,1.896312,2.2869403,7.8927255
1760985807237,1.9154545,2.277369,7.897511
1760985807240,1.9106688,2.2917259,7.9256268
1760985807242,1.9202402,2.2911277,7.949555
1760985807244,1.9345971,2.3054845,7.949555
1760985807246,1.9202402,2.3054845,7.9686975
1760985807249,1.9160527,2.3204398,7.987242
1760985807251,1.9064814,2.3252254,8.001599
1760985807253,1.9262222,2.3485553,8.01117
1760985807255,1.9118652,2.3539393,8.020741
1760985807258,1.9310079,2.3724837,8.068
1760985807260,1.9124635,2.373082,8.087142
1760985807262,1.9411774,2.3868406,8.129615
1760985807264,1.9322042,2.42034,8.153543
1760985807266,1.922633,2.4299114,8.181659
1760985807268,1.9417756,2.4251258,8.205587
1760985807270,1.9369899,2.4442682,8.233703
1760985807273,1.9375881,2.4538395,8.262417
1760985807275,1.9471594,2.4532413,8.286345
1760985807278,1.9615164,2.4675984,8.300103
1760985807280,1.9615164,2.4867408,8.314461
1760985807282,1.9669002,2.5058835,8.314461
1760985807284,1.9716859,2.5154548,8.328817
1760985807286,1.9860427,2.524428,8.324032
1760985807289,1.986641,2.5585256,8.295318
1760985807291,1.986641,2.55374,8.262417
1760985807293,2.0153549,2.5818555,8.243274
1760985807295,2.000998,2.5776682,8.228917
1760985807297,2.0015962,2.5872395,8.200203
1760985807300,2.0111675,2.6015964,8.152945
1760985807302,2.03031,2.605784,8.133802
1760985807304,2.0350957,2.629712,8.11466
1760985807307,2.0219352,2.6638098,8.095517
1760985807309,2.0219352,2.6829524,8.062616
1760985807311,2.0321047,2.702095,8.05783
1760985807314,2.0368903,2.7116663,8.05783
1760985807317,1.9992033,2.7409782,8.038688
1760985807319,2.0093727,2.7649066,8.014759
1760985807320,1.9902302,2.7750762,8.005188
1760985807323,1.9908284,2.8085756,7.9860454
1760985807325,1.9818554,2.8283165,7.98126
1760985807327,1.986641,2.8474588,7.9908314
1760985807329,1.9776679,2.8761728,8.029117
1760985807331,2.0111675,2.8947172,8.033304
1760985807334,2.0075781,2.9473593,8.057232
1760985807336,1.9938195,2.9575288,8.076375
1760985807338,1.9698912,2.9671001,8.10449
1760985807341,1.9704895,2.9910283,8.128419
1760985807343,1.9465612,3.0011978,8.166105
1760985807345,1.9704895,2.9958138,8.185248
1760985807347,1.966302,3.0245278,8.194819
1760985807350,1.9854445,3.0388846,8.22772
1760985807352,1.9854445,3.0532417,8.237292
1760985807354,1.9998015,3.057429,8.270193
1760985807356,2.009971,3.0717862,8.294122
1760985807359,2.0338993,3.0759735,8.327621
1760985807361,2.0482562,3.0951161,8.370093
1760985807363,2.053042,3.0993035,8.417352
1760985807366,2.0673988,3.1136606,8.436495
1760985807368,2.091327,3.117848,8.46461
1760985807370,2.1296122,3.1363924,8.474181
1760985807372,2.1481566,3.1118658,8.526823
1760985807375,2.1822543,3.1495528,8.559725
1760985807377,2.201397,3.1639097,8.583055
1760985807379,2.225325,3.158526,8.592627
1760985807381,2.239682,3.1633115,8.630911
1760985807383,2.2636101,3.181856,8.659027
1760985807386,2.2827528,3.1812577,8.649456
1760985807388,2.3347967,3.1902308,8.682955
1760985807390,2.349752,3.2135608,8.692527
1760985807393,2.3641088,3.2327034,8.697312
1760985807395,2.3928227,3.2368908,8.682955
1760985807397,2.3832514,3.2321053,8.697312
1760985807399,2.388037,3.2470603,8.678169
1760985807402,2.4071796,3.246462,8.659027
1760985807404,2.4077778,3.2703903,8.654242
1760985807406,2.4364917,3.2889347,8.64467
1760985807408,2.4364917,3.2943187,8.635098
1760985807411,2.4412773,3.3038898,8.606983
1760985807413,2.4747767,3.3128629,8.573483
1760985807415,2.4987051,3.3266218,8.5118685
1760985807418,2.4939194,3.32722,8.492725
1760985807420,2.4993033,3.3367913,8.459825
1760985807423,2.4945176,3.3463624,8.464012
1760985807424,2.4801607,3.3607194,8.473583
1760985807427,2.457429,3.4187453,8.507083
1760985807429,2.4346972,3.4480574,8.525627
1760985807431,2.39701,3.4677982,8.587242
1760985807434,2.3826532,3.458227,8.625527
1760985807436,2.3449662,3.501896,8.6345005
1760985807438,2.312065,3.5120654,8.648857
1760985807440,2.312065,3.5120654,8.672786
1760985807443,2.3024936,3.5126636,8.668
1760985807445,2.3216362,3.5072799,8.687142
1760985807447,2.2971098,3.4833515,8.7015
1760985807451,2.3216362,3.4977086,8.696713
1760985807452,2.3258235,3.4929228,8.687142
1760985807454,2.3353949,3.4683964,8.7015
1760985807456,2.3401806,3.4779677,8.710473
1760985807459,2.3449662,3.473182,8.729615
1760985807461,2.3587248,3.458227,8.763115
1760985807463,2.3682961,3.4534414,8.79123
1760985807465,2.3916261,3.4480574,8.79123
1760985807467,2.4011974,3.4432719,8.787043
1760985807470,2.4394827,3.4426737,8.796016
1760985807472,2.4532413,3.4372897,8.810373
1760985807474,2.4909284,3.4223347,8.85823
1760985807477,2.5238297,3.397808,8.853444
1760985807479,2.5142584,3.3834512,8.872586
1760985807481,2.5232315,3.3637104,8.915059
1760985807483,2.528017,3.354139,8.938987
1760985807486,2.541776,3.3200414,8.95813
1760985807488,2.5274189,3.315854,8.976674
1760985807490,2.5507488,3.2961133,9.005388
1760985807492,2.5220351,3.2913275,9.029316
1760985807495,2.521437,3.2530425,9.048459
1760985807496,2.5118656,3.2530425,9.0436735
1760985807499,2.521437,3.229114,9.08136
1760985807501,2.501696,3.2147572,9.090932
1760985807503,2.487339,3.205784,9.124431
1760985807505,2.4921248,3.2153554,9.100503
1760985807507,2.4975085,3.2392836,9.090932
1760985807510,2.4879375,3.2392836,9.119645
1760985807512,2.4837499,3.2584262,9.08136
1760985807514,2.4646072,3.2733815,9.090932
1760985807516,2.469393,3.2685957,9.090932
1760985807519,2.4699912,3.2877383,9.090932
1760985807522,2.4323041,3.2979078,9.086145
1760985807524,2.408376,3.3128629,9.090932
1760985807526,2.3754747,3.3230324,9.086145
1760985807528,2.347359,3.3427732,9.104691
1760985807530,2.3138595,3.3433714,9.086145
1760985807533,2.2624137,3.3631122,9.090932
1760985807535,2.1864417,3.388835,9.128618
1760985807537,2.1343977,3.3894334,9.123833
1760985807539,2.0590239,3.4247274,9.123833
1760985807541,2.0075781,3.4540396,9.099904
1760985807544,1.9357935,3.455236,9.119047
1760985807546,1.8652053,3.475575,9.147162
1760985807548,1.7988044,3.481557,9.151948
1760985807550,1.7330018,3.5264223,9.185448
1760985807553,1.6528423,3.5706897,9.199206
1760985807555,1.5822539,3.586243,9.227921
1760985807557,1.5308083,3.6257246,9.279964
1760985807559,1.4452649,3.650849,9.332008
1760985807562,1.4033905,3.7046876,9.379267
1760985807564,1.3752748,3.699902,9.393623
1760985807566,1.3423735,3.7339997,9.417552
1760985807568,1.2759727,3.735196,9.398409
1760985807570,1.247857,3.7645082,9.40798
1760985807573,1.1904292,3.7369907,9.384052
1760985807575,1.1575279,3.7471602,9.346365
1760985807577,1.1431711,3.7334015,9.327223
1760985807580,1.1431711,3.7525442,9.288938
1760985807583,1.1383854,3.7429729,9.256036
1760985807584,1.1479566,3.738187,9.236894
1760985807587,1.166501,3.737589,9.236894
1760985807588,1.2000005,3.746562,9.2177515
1760985807591,1.1952149,3.7471602,9.18485
1760985807593,1.1904292,3.751946,9.15135
1760985807595,1.1904292,3.751946,9.108877
1760985807598,1.1862419,3.766901,9.065806
1760985807600,1.1910275,3.766901,8.989835
1760985807602,1.1952149,3.7429729,8.937791
1760985807605,1.2089736,3.723232,8.876176
1760985807607,1.2233306,3.7328033,8.781659
1760985807609,1.2233306,3.7238302,8.710473
1760985807611,1.2329018,3.738187,8.624929
1760985807614,1.2520444,3.7280176,8.577073
1760985807616,1.2514462,3.723232,8.505886
1760985807618,1.2466606,3.7190447,8.458628
1760985807620,1.2520444,3.7477584,8.411369
1760985807623,1.2664014,3.7477584,8.406584
1760985807625,1.2711871,3.766901,8.340183
1760985807627,1.2430713,3.7674992,8.282756
1760985807629,1.2382857,3.7914274,8.211569
1760985807631,1.2436695,3.815954,8.149954
1760985807634,1.238884,3.815954,8.112267
1760985807637,1.253839,3.854239,8.059625
1760985807638,1.2723835,3.8494534,8.012366
1760985807640,1.268196,3.8638103,7.978867
1760985807643,1.2592229,3.8925242,7.9363947
1760985807645,1.2640085,3.9026937,7.8981094
1760985807647,1.2406785,3.912265,7.8699937
1760985807650,1.2352947,3.903292,7.8556366
1760985807652,1.2263216,3.9224346,7.8077803
1760985807654,1.2023934,3.9086757,7.774879
1760985807656,1.2119647,3.9086757,7.7557364
1760985807659,1.2263216,3.9176488,7.7276206
1760985807661,1.2311072,3.9128633,7.7557364
1760985807663,1.244866,3.9128633,7.708478
1760985807666,1.2502499,3.9176488,7.713264
1760985807668,1.2687942,3.9218364,7.7036924
1760985807670,1.2879368,3.912265,7.7180495
1760985807673,1.3166506,3.935595,7.6941214
1760985807674,1.3214363,3.935595,7.665407
1760985807677,1.3501502,3.9541395,7.6516485
1760985807679,1.3836497,3.9631126,7.6510506
1760985807681,1.4075779,3.972684,7.6420774
1760985807683,1.4267205,3.9673,7.6181493
1760985807686,1.46022,3.99063,7.6133633
1760985807688,1.4548361,3.9619162,7.6133633
1760985807690,1.4739788,3.9571304,7.603792
1760985807692,1.4883357,3.9619162,7.556534
1760985807695,1.4931214,3.9613178,7.537391
1760985807697,1.5122639,3.9804604,7.4901333
1760985807700,1.5690935,3.9696927,7.494919
1760985807701,1.6121643,3.9786658,7.5086775
1760985807703,1.6594225,3.9684963,7.537391
1760985807706,1.6779668,3.9631126,7.5846496
1760985807709,1.7018951,3.952943,7.665407
1760985807711,1.7204394,3.923631,7.708478
1760985807713,1.7300107,3.9427736,7.7461653
1760985807715,1.7353946,3.9565322,7.850851
1760985807718,1.7730815,3.9607196,7.8837523
1760985807719,1.7874385,3.940979,7.96451
1760985807722,1.8155541,3.9451663,8.021339
1760985807724,1.8490537,3.9349968,8.097312
1760985807726,1.8681962,3.9391842,8.182856
1760985807728,1.881955,3.9290147,8.282756
1760985807731,1.9058832,3.9332023,8.330014
1760985807733,1.9154545,3.9379878,8.4012
1760985807735,1.9298115,3.946961,8.477173
1760985807738,1.963311,3.9607196,8.52443
1760985807740,1.9543378,3.9607196,8.572288
1760985807742,1.9830518,3.979264,8.647661
1760985807744,1.9932213,4.0127635,8.709276
1760985807746,2.0171494,4.0217366,8.780462
1760985807749,2.021337,4.011567,8.813962
1760985807751,2.0315065,4.0354953,8.823533
1760985807753,2.012364,4.031308,8.837891
1760985807756,1.9980069,4.026522,8.870791
1760985807758,2.012962,4.0498524,8.91805
1760985807760,2.027319,4.0642095,8.927621
1760985807763,2.0033908,4.0552363,8.956335
1760985807764,1.9890338,4.060022,8.979665
1760985807766,1.989632,4.0791645,8.984451
1760985807769,1.9657038,4.06062,8.974879
1760985807772,1.9417756,4.0701914,8.941978
1760985807773,1.9274186,4.066004,8.922835
1760985807775,1.9088743,4.0761733,8.908479
1760985807777,1.8801605,4.0761733,8.913264
1760985807779,1.8711873,4.1054854,8.927621
1760985807782,1.8568304,4.0911283,8.932407
1760985807784,1.8520447,4.110271,8.946764
1760985807786,1.8424734,4.091727,8.946764
1760985807789,1.8239291,4.101298,8.984451
1760985807791,1.8329022,4.101298,9.022736
1760985807794,1.8424734,4.0959144,9.084352
1760985807796,1.8281165,4.086343,9.141181
1760985807797,1.8329022,4.0959144,9.2075815
1760985807800,1.8370895,4.052245,9.2691965
1760985807802,1.8323039,4.061816,9.349955
1760985807804,1.8370895,4.0570307,9.435498
1760985807807,1.817947,4.028317,9.492328
1760985807809,1.7886349,3.9900317,9.554541
1760985807811,1.7880367,3.946961,9.630513
1760985807813,1.7730815,3.9278183,9.672985
1760985807816,1.7395821,3.8943188,9.696914
1760985807818,1.7198412,3.8518462,9.7399845
1760985807820,1.7144574,3.822534,9.777672
1760985807823,1.7234305,3.7794633,9.815957
1760985807825,1.7371893,3.7501514,9.896714
1760985807827,1.7318054,3.7118661,9.925428
1760985807829,1.7503498,3.6777685,9.967901
1760985807832,1.7593229,3.6436708,9.967901
1760985807834,1.7676977,3.610171,9.996614
1760985807836,1.7623138,3.557529,10.015758
1760985807839,1.7766708,3.5569308,10.0014
1760985807841,1.8143578,3.5324044,10.020543
1760985807843,1.861616,3.5216367,10.0014
1760985807845,1.8610178,3.4929228,9.997213
1760985807848,1.9034904,3.487539,9.973285
1760985807850,1.9178474,3.4827533,9.973285
1760985807852,1.9363917,3.4534414,9.944571
1760985807854,1.9980069,3.461816,9.921241
1760985807856,2.0267208,3.4809587,9.882956
1760985807859,2.0602202,3.475575,9.868599
1760985807861,2.036292,3.4570305,9.850055
1760985807863,1.9980069,3.4432719,9.835697
1760985807866,1.9639091,3.4193435,9.835697
1760985807868,1.9447666,3.4103706,9.845269
1760985807870,1.9310079,3.4396825,9.840483
1760985807872,1.9214365,3.4301112,9.859626
1760985807875,1.9028922,3.458825,9.840483
1760985807877,1.9130617,3.487539,9.826126
1760985807879,1.9088743,3.5072799,9.816555
1760985807881,1.8753748,3.5174494,9.840483
1760985807884,1.861616,3.5365918,9.830912
1760985807886,1.8430717,3.5706897,9.859028
1760985807888,1.805983,3.6000016,9.887741
1760985807890,1.7922242,3.6340995,9.906285
1760985807893,1.7593229,3.6580276,9.972687
1760985807895,1.7593229,3.667599,10.029516
1760985807897,1.7557336,3.7106698,10.072587
1760985807899,1.7413766,3.7304106,10.129416
1760985807902,1.7611175,3.758526,10.195817
1760985807904,1.7617157,3.7728832,10.247861
1760985807906,1.7856439,3.7818563,10.30469
1760985807908,1.7910278,3.8201413,10.385448
1760985807911,1.8191434,3.8195431,10.451849
1760985807913,1.8143578,3.8147576,10.51825
1760985807915,1.8478572,3.827918,10.594222
1760985807917,1.8957137,3.8464625,10.631909
1760985807920,1.9238294,3.821936,10.736595
1760985807922,1.9381863,3.802195,10.840683
1760985807925,1.9423738,3.7920256,10.931012
1760985807926,1.9471594,3.7680974,10.987842
1760985807929,1.9848464,3.7621155,11.082956
1760985807931,1.9890338,3.7477584,11.097313
1760985807933,1.9698912,3.728616,11.121242
1760985807936,1.9369899,3.7339997,11.149357
1760985807938,1.9465612,3.743571,11.182857
1760985807940,1.9794625,3.7328033,11.249257
1760985807942,1.9986051,3.7280176,11.320444
1760985807944,1.9890338,3.723232,11.372488
1760985807947,1.969293,3.6993039,11.410773
1760985807949,1.9884356,3.6891344,11.44846
1760985807952,1.9453648,3.6801612,11.443674
1760985807954,1.9124635,3.685545,11.472388
1760985807955,1.9363917,3.7094734,11.481959
1760985807958,1.9268204,3.714259,11.529218
1760985807960,1.9172492,3.6951163,11.529218
1760985807962,1.9082761,3.714259,11.557932
1760985807965,1.9034904,3.7339997,11.543574
1760985807967,1.884946,3.757928,11.586047
1760985807969,1.847259,3.7633119,11.624332
1760985807972,1.8095721,3.7734814,11.666805
1760985807974,1.7760726,3.7645082,11.690733
1760985807976,1.7383857,3.7794633,11.72842
1760985807978,1.7096717,3.7848473,11.775679
1760985807980,1.6576279,3.7758741,11.804392
1760985807983,1.6002002,3.772285,11.8283205
1760985807985,1.5433706,3.7633119,11.847463
1760985807987,1.4859428,3.7597225,11.856436
1760985807990,1.4291133,3.760321,11.880364
1760985807992,1.3818551,3.751946,11.8899355
1760985807994,1.3579268,3.7471602,11.904293
1760985807996,1.3100704,3.743571,11.913864
1760985807998,1.2861422,3.7244284,11.937194
1760985808001,1.2669996,3.7154553,11.9611225
1760985808003,1.2574283,3.7106698,12.008979
1760985808006,1.2239288,3.7010984,12.051452
1760985808008,1.2095718,3.6873398,12.103496
1760985808010,1.180858,3.6873398,12.122638
1760985808012,1.1659029,3.644269,12.151352
1760985808014,1.1282159,3.6646078,12.174682
1760985808016,1.1090733,3.6406796,12.179467
1760985808019,1.0851451,3.6167514,12.203396
1760985808021,1.0462617,3.5742788,12.222538
1760985808023,1.0456635,3.5407794,12.212967
1760985808026,1.0396814,3.4881372,12.208779
1760985808028,1.0157533,3.4648073,12.194423
1760985808030,1.0103694,3.426522,12.184851
1760985808032,0.9810573,3.397808,12.189637
1760985808034,0.9619147,3.3649068,12.137593
1760985808037,0.97567344,3.3355947,12.137593
1760985808039,0.9798609,3.306881,12.137593
1760985808041,0.94636136,3.3074791,12.123236
1760985808044,0.93679005,3.2787652,12.09512
1760985808046,0.930808,3.24048,12.075977
1760985808048,0.88295156,3.2129626,12.057433
1760985808050,0.85902333,3.2033913,12.023933
1760985808053,0.83030945,3.17049,11.995818
1760985808055,0.8105687,3.1375887,11.981462
1760985808057,0.7812566,3.0897322,11.962916
1760985808059,0.7710871,3.0562327,11.972488
1760985808062,0.71365935,3.0287154,11.938989
1760985808064,0.68853474,2.966502,11.934203
1760985808066,0.68853474,2.9521449,11.882159
1760985808068,0.65982085,2.9336007,11.901301
1760985808071,0.6406783,2.9246275,11.863615
1760985808073,0.62153566,2.9102705,11.834901
1760985808075,0.59700924,2.8869405,11.820544
1760985808078,0.54436713,2.8636105,11.806786
1760985808080,0.5347959,2.8594232,11.754143
1760985808082,0.52522457,2.8546374,11.730813
1760985808084,0.47736812,2.82712,11.706884
1760985808087,0.46241298,2.8079774,11.702099
1760985808088,0.41515473,2.8133612,11.673984
1760985808091,0.357727,2.7858438,11.659627
1760985808093,0.3385844,2.7672994,11.645269
1760985808095,0.30508488,2.7583263,11.636296
1760985808098,0.27098715,2.720041,11.598011
1760985808100,0.21834506,2.687738,11.598011
1760985808102,0.19381863,2.6596224,11.560325
1760985808104,0.17467605,2.6452653,11.569896
1760985808106,0.15493527,2.6117659,11.541182
1760985808109,0.13100705,2.574079,11.527423
1760985808111,0.096909314,2.5268207,11.493923
1760985808114,0.08135597,2.4741786,11.461022
1760985808115,0.0526421,2.46042,11.451451
1760985808118,0.0424726,2.4269204,11.413764
1760985808120,0.032303106,2.3886352,11.404193
1760985808122,0.013160525,2.3557339,11.366506
1760985808125,0.0029910284,2.3174486,11.333605
1760985808127,-0.02632105,2.274976,11.314462
1760985808130,-0.04127619,2.2271197,11.267203
1760985808132,-0.07058827,2.1894326,11.243276
1760985808134,-0.09990034,2.1517458,11.210374
1760985808136,-0.13399807,2.094318,11.143973
1760985808138,-0.16271193,2.0757737,11.120644
1760985808141,-0.18723837,2.0380867,11.077573
1760985808143,-0.2117648,1.9908284,11.006386
1760985808145,-0.2321038,1.942972,10.963913
1760985808147,-0.27038896,1.905285,10.887941
1760985808149,-0.28594232,1.8484555,10.831112
1760985808152,-0.31944183,1.8203398,10.765309
1760985808155,-0.36311084,1.7778672,10.689337
1760985808157,-0.3924229,1.7353946,10.599008
1760985808159,-0.42652065,1.692922,10.518848
1760985808161,-0.4552345,1.669592,10.43809
1760985808163,-0.47916272,1.6510476,10.333405
1760985808165,-0.5084748,1.608575,10.267004
1760985808168,-0.53300124,1.5661024,10.196416
1760985808170,-0.54317075,1.5373886,10.106087
1760985808172,-0.567099,1.5236298,10.020543
1760985808174,-0.5772685,1.4907285,9.939785
1760985808177,-0.5820541,1.4907285,9.845269
1760985808179,-0.6161518,1.4482559,9.774082
1760985808181,-0.6263213,1.4057833,9.674182
1760985808183,-0.6693921,1.3824533,9.579665
1760985808186,-0.68853474,1.3686945,9.508479
1760985808188,-0.7322037,1.3214363,9.446864
1760985808190,-0.74177504,1.3411771,9.390035
1760985808193,-0.7603194,1.3411771,9.346964
1760985808195,-0.7800602,1.3130615,9.290133
1760985808197,-0.8033902,1.3232309,9.266804
1760985808199,-0.84167534,1.3142579,9.233304
1760985808202,-0.86081797,1.3244274,9.190832
1760985808204,-0.90329057,1.3250256,9.157332
1760985808206,-0.92303133,1.3016955,9.138189
1760985808208,-0.951147,1.3214363,9.11486
1760985808211,-0.9840483,1.3459628,9.11486
1760985808213,-0.9840483,1.3268201,9.067003
1760985808215,-1.0127622,1.3369896,9.062218
1760985808217,-1.0175478,1.3369896,9.052647
1760985808219,-1.0546366,1.375873,9.043075
1760985808222,-1.0833504,1.3764713,9.010174
1760985808224,-1.1162517,1.3722838,9.000603
1760985808227,-1.1491531,1.3878372,8.953344
1760985808228,-1.18684,1.4075779,8.910274
1760985808231,-1.1964114,1.4177474,8.882157
1760985808233,-1.2107682,1.4177474,8.839087
1760985808235,-1.2299109,1.41356,8.806186
1760985808237,-1.2340983,1.4327025,8.7679
1760985808240,-1.224527,1.4327025,8.753544
1760985808242,-1.2197413,1.4422739,8.739186
1760985808244,-1.224527,1.4422739,8.687142
1760985808247,-1.2580265,1.4333007,8.668
1760985808249,-1.2293127,1.442872,8.64467
1760985808251,-1.2340983,1.4333007,8.611171
1760985808253,-1.224527,1.4333007,8.549556
1760985808256,-1.2203395,1.4285151,8.48794
1760985808258,-1.2059826,1.4380864,8.407183
1760985808260,-1.1820544,1.4374882,8.307282
1760985808263,-1.134198,1.4614165,8.179266
1760985808266,-1.1060823,1.422533,8.060822
1760985808267,-1.082154,1.4656038,7.923234
1760985808269,-1.0582259,1.4751751,7.785647
1760985808271,-1.0295119,1.4751751,7.624131
1760985808273,-0.9912268,1.4937196,7.4865437
1760985808276,-0.9343972,1.4835501,7.344171
1760985808278,-0.87278205,1.4925231,7.2346992
1760985808280,-0.8249256,1.5062819,7.1162543
1760985808282,-0.7962117,1.5110675,7.0115685
1760985808284,-0.74835527,1.5439688,6.9499536
1760985808286,-0.7052845,1.5577276,6.8979096
1760985808289,-0.6239285,1.5948163,6.8219376
1760985808291,-0.58564335,1.6325033,6.798009
1760985808293,-0.5180461,1.6743777,6.745367
1760985808296,-0.48933223,1.6983058,6.73101
1760985808298,-0.46002015,1.7264216,6.7262244
1760985808300,-0.41694933,1.7545372,6.6981087
1760985808302,-0.3786642,1.7730815,6.7118673
1760985808304,-0.33020952,1.8299111,6.7022963
1760985808307,-0.29671,1.8436699,6.7118673
1760985808309,-0.24825534,1.8957137,6.7166533
1760985808312,-0.23389842,1.9046868,6.7118673
1760985808314,-0.21894327,1.9573289,6.6975107
1760985808316,-0.18005991,1.9998015,6.707082
1760985808318,-0.15074782,2.047658,6.716055
1760985808321,-0.116650105,2.085345,6.7112694
1760985808323,-0.08733802,2.1326032,6.716055
1760985808325,-0.06281159,2.1900308,6.7208405
1760985808327,-0.07178468,2.2331018,6.734599
1760985808330,-0.051445685,2.2809582,6.768099
1760985808332,-0.050847482,2.3192434,6.748956
1760985808334,-0.078963146,2.367698,6.786643
1760985808337,-0.091525465,2.4352953,6.7818575
1760985808339,-0.11485548,2.4837499,6.7722864
1760985808341,-0.14297116,2.5034907,6.7722864
1760985808343,-0.15672988,2.528017,6.7812595
1760985808346,-0.1794617,2.5812573,6.7579293
1760985808348,-0.2213361,2.6249263,6.762117
1760985808350,-0.24466611,2.6638098,6.7429743
1760985808352,-0.2632105,2.693122,6.74776
1760985808354,-0.27158538,2.7505496,6.7429743
1760985808356,-0.2853441,2.7798617,6.7052875
1760985808359,-0.28414768,2.8372893,6.704689
1760985808361,-0.28414768,2.8522446,6.704689
1760985808363,-0.28773692,2.9048867,6.7334027
1760985808366,-0.26859435,2.9330025,6.7238317
1760985808368,-0.25842485,2.9617162,6.7238317
1760985808370,-0.26261228,3.0053852,6.728019
1760985808372,-0.23868406,3.0095727,6.732805
1760985808375,-0.23808585,3.0430722,6.713662
1760985808377,-0.23748764,3.0717862,6.7088766
1760985808379,-0.22791636,3.086143,6.713662
1760985808381,-0.22253251,3.1339993,6.713662
1760985808384,-0.23629123,3.1393833,6.723233
1760985808386,-0.20279172,3.1483564,6.7184477
1760985808388,-0.18903299,3.12383,6.713662
1760985808391,-0.15074782,3.132803,6.7375903
1760985808393,-0.10827523,3.141776,6.765706
1760985808395,-0.089132644,3.1555347,6.7848487
1760985808397,-0.060418773,3.1549366,6.765706
1760985808400,-0.02213361,3.1543384,6.789634
1760985808402,0.015553347,3.158526,6.79442
1760985808404,0.030508488,3.1776686,6.8039913
1760985808406,0.07776674,3.1669009,6.8039913
1760985808409,0.13998012,3.185445,6.8039913
1760985808411,0.1585245,3.1800613,6.827321
1760985808413,0.2111666,3.1932218,6.860821
1760985808415,0.2536392,3.1974092,6.884151
1760985808418,0.3062813,3.1914272,6.936793
1760985808420,0.3397808,3.2099717,6.979265
1760985808422,0.35353956,3.2004004,6.998408
1760985808424,0.39661035,3.1944182,7.045666
1760985808427,0.4109673,3.2087753,7.1024957
1760985808429,0.4444668,3.2075787,7.1545396
1760985808431,0.43968117,3.2027931,7.2119675
1760985808433,0.47736812,3.2069805,7.268797
1760985808436,0.50129634,3.2015967,7.344769
1760985808438,0.5204389,3.205784,7.3920274
1760985808440,0.5306084,3.2488549,7.4775705
1760985808443,0.5449654,3.2482567,7.553543
1760985808445,0.5587241,3.2380872,7.6390862
1760985808447,0.5832505,3.266801,7.700701
1760985808449,0.5880362,3.266203,7.780861
1760985808451,0.5736792,3.2614172,7.8430743
1760985808454,0.56410795,3.2709885,7.8759756
1760985808456,0.57846487,3.2757742,7.90469
1760985808459,0.5880362,3.260819,7.9567337
1760985808461,0.59282184,3.2656047,7.975876
1760985808463,0.631107,3.2745779,7.975876
1760985808465,0.6454639,3.2793634,7.975876
1760985808467,0.6735796,3.283551,7.990233
1760985808470,0.70229346,3.2733815,8.018349
1760985808472,0.75493556,3.2919257,7.980662
1760985808475,0.7926225,3.3003006,8.003992
1760985808477,0.81655073,3.295515,8.003992
1760985808479,0.8644072,3.3086755,8.008778
1760985808481,0.907478,3.3176486,8.032705
1760985808483,0.9553344,3.3457642,8.032705
1760985808485,1.0031909,3.3589249,8.060822
1760985808488,0.99302137,3.3493536,8.084749
1760985808490,1.0127622,3.3732817,8.10808
1760985808492,1.012164,3.3589249,8.136793
1760985808494,1.026521,3.3631122,8.146365
1760985808497,1.0127622,3.3684962,8.155936
1760985808499,1.0223335,3.3822548,8.203195
1760985808501,1.0085747,3.4019957,8.236693
1760985808503,0.98524475,3.4211383,8.279166
1760985808506,0.97567344,3.4408789,8.33121
1760985808508,0.9619147,3.4456646,8.355139
1760985808510,0.9385847,3.4654055,8.407183
1760985808512,0.910469,3.4893336,8.468798
1760985808515,0.887139,3.51386,8.520842
1760985808516,0.887139,3.51386,8.596813
1760985808519,0.8542377,3.5383866,8.648857
1760985808522,0.8500503,3.5623147,8.6961155
1760985808524,0.84047896,3.5671003,8.772088
1760985808526,0.8362915,3.5910287,8.829515
1760985808529,0.8219346,3.586243,8.89113
1760985808530,0.82672024,3.6005998,8.943174
1760985808533,0.82731843,3.6340995,8.971291
1760985808535,0.83688974,3.6382868,9.023932
1760985808537,0.84167534,3.6382868,9.037691
1760985808539,0.8751749,3.6424742,9.06162
1760985808542,0.8895318,3.6329029,9.042477
1760985808544,0.92243314,3.612564,9.056833
1760985808546,0.93679005,3.6364923,9.042477
1760985808548,0.9559326,3.6412778,9.066405
1760985808550,0.9607183,3.6604204,9.056833
1760985808553,0.9942178,3.650251,9.052048
1760985808555,1.032503,3.6729827,9.080762
1760985808557,1.0420742,3.6873398,9.06162
1760985808560,1.0755738,3.705884,9.071191
1760985808562,1.099502,3.720241,9.066405
1760985808564,1.1096715,3.7292142,9.080164
1760985808566,1.1001002,3.734598,9.094521
1760985808568,1.1383854,3.7674992,9.065806
1760985808571,1.119841,3.7914274,9.104092
1760985808573,1.1204392,3.8111682,9.080164
1760985808575,1.096511,3.8207395,9.080164
1760985808578,1.0923235,3.8356948,9.089735
1760985808580,1.0929217,3.8739798,9.065806
1760985808582,1.079163,3.8931224,9.046664
1760985808584,1.055833,3.9080775,9.027522
1760985808587,1.0468599,3.9421754,9.01795
1760985808589,1.032503,3.9613178,8.999406
1760985808591,1.0420742,3.9517467,8.999406
1760985808593,1.0043873,3.9858444,9.0131645
1760985808596,0.994816,3.9816568,8.989835
1760985808598,0.95772725,4.010969,8.989835
1760985808600,0.9296116,4.025924,9.01795
1760985808602,0.9056834,4.0408792,8.984451
1760985808605,0.88235337,4.069593,9.003593
1760985808607,0.87338024,4.074977,9.022736
1760985808609,0.8500503,4.0995035,9.01795
1760985808611,0.83090764,4.104289,8.998808
1760985808614,0.82672024,4.1240296,8.970094
1760985808616,0.8362915,4.128217,8.974879
1760985808618,0.8219346,4.1288157,8.946764
1760985808620,0.84107715,4.1575294,8.91805
1760985808623,0.86979103,4.1521454,8.88455
1760985808626,0.89371926,4.17069,8.842078
1760985808628,0.93679005,4.1700916,8.79482
1760985808629,0.9559326,4.179663,8.775677
1760985808632,0.98883396,4.1838503,8.723633
1760985808634,1.0031909,4.193422,8.666205
1760985808636,1.0372887,4.2167516,8.642876
1760985808639,1.0462617,4.1928234,8.590233
1760985808641,1.055833,4.2167516,8.523832
1760985808643,1.0660025,4.235894,8.476574
1760985808645,1.0845468,4.2406797,8.405388
1760985808648,1.0803595,4.2646084,8.352746
1760985808650,1.0899308,4.2741795,8.310273
1760985808652,1.0803595,4.274778,8.258229
1760985808654,1.1090733,4.2837505,8.200802
1760985808657,1.0953146,4.2891345,8.158329
1760985808659,1.1048858,4.308277,8.129615
1760985808661,1.0959128,4.322634,8.106285
1760985808663,1.0857433,4.3034916,8.072785
1760985808666,1.052842,4.3040895,8.077571
1760985808668,1.0336994,4.314259,8.068
1760985808670,1.0049855,4.310072,8.063214
1760985808672,1.0001999,4.305286,8.063214
1760985808675,0.9625129,4.3202415,8.087142
1760985808677,0.95772725,4.31067,8.087142
1760985808679,0.910469,4.3118663,8.096714
1760985808682,0.90089774,4.331009,8.096714
1760985808684,0.91525465,4.316054,8.1015
1760985808686,0.910469,4.321438,8.106285
1760985808688,0.91465646,4.2921257,8.120642
1760985808690,0.9194421,4.28734,8.1344
1760985808692,0.9284152,4.2777686,8.1679
1760985808695,0.93320084,4.2771707,8.177471
1760985808697,0.94755775,4.281956,8.205587
1760985808700,0.94755775,4.281956,8.22473
1760985808702,0.94755775,4.2628136,8.234301
1760985808704,0.9523434,4.262215,8.248658
1760985808706,0.9661021,4.252644,8.248658
1760985808708,0.9517452,4.252644,8.258229
1760985808710,0.95712906,4.262215,8.29113
1760985808713,0.94695956,4.2478585,8.277371
1760985808715,0.94277215,4.267599,8.286345
1760985808718,0.94755775,4.267001,8.29113
1760985808720,0.9379865,4.2771707,8.271988
1760985808722,0.94337034,4.2867417,8.295917
1760985808724,0.948156,4.3058844,8.300702
1760985808726,0.9242278,4.301099,8.319844
1760985808729,0.9194421,4.3112683,8.281559
1760985808731,0.933799,4.3058844,8.276773
1760985808734,0.92482597,4.325625,8.262417
1760985808735,0.91525465,4.325625,8.257631
1760985808738,0.9206385,4.354339,8.252846
1760985808740,0.91166544,4.3788652,8.210373
1760985808742,0.8925229,4.388437,8.229515
1760985808745,0.8787641,4.4081774,8.200802
1760985808747,0.8500503,4.418347,8.19123
1760985808749,0.8458628,4.447061,8.143971
1760985808751,0.80817586,4.447659,8.120044
1760985808754,0.7704889,4.467998,8.068
1760985808756,0.75613195,4.4727836,8.0345
1760985808759,0.7375876,4.487739,7.987242
1760985808761,0.7280163,4.5074797,7.9016986
1760985808762,0.71425754,4.5272202,7.8490562
1760985808765,0.71425754,4.508078,7.8017983
1760985808767,0.7196414,4.546363,7.7593255
1760985808770,0.71007013,4.551149,7.744969
1760985808771,0.7004988,4.5565324,7.7353973
1760985808773,0.6580262,4.5714874,7.7497544
1760985808775,0.6442675,4.581059,7.744969
1760985808778,0.6299106,4.596014,7.6923265
1760985808780,0.6017949,4.6061835,7.635497
1760985808782,0.6017949,4.6061835,7.611569
1760985808784,0.6161518,4.634897,7.6019974
1760985808787,0.6257231,4.625326,7.6307116
1760985808789,0.64965135,4.6486564,7.6259255
1760985808791,0.65922266,4.6582274,7.611569
1760985808793,0.6687939,4.6582274,7.597212
1760985808796,0.70169526,4.6432724,7.597212
1760985808798,0.73579293,4.666602,7.6259255
1760985808800,0.7501499,4.666004,7.645068
1760985808802,0.77347994,4.670192,7.663613
1760985808805,0.7830512,4.6462636,7.6923265
1760985808807,0.7926225,4.6558347,7.7210402
1760985808810,0.8117651,4.679165,7.763513
1760985808811,0.8213364,4.6839504,7.77787
1760985808814,0.85483587,4.6785665,7.815557
1760985808816,0.88354975,4.7162533,7.8628154
1760985808818,0.8985049,4.734798,7.9340014
1760985808821,0.89371926,4.730012,7.986644
1760985808823,0.9320044,4.753342,8.033902
1760985808825,0.96550393,4.7718863,8.129017
1760985808827,0.97507524,4.766503,8.200203
1760985808830,1.0139586,4.8041897,8.289934
1760985808832,1.0516455,4.7838507,8.389834
1760985808834,1.0372887,4.788636,8.503493
1760985808836,1.0612168,4.7784667,8.617751
1760985808839,1.0755738,4.7922254,8.750552
1760985808841,1.0899308,4.786842,8.878569
1760985808843,1.0797613,4.772485,9.016156
1760985808845,1.0516455,4.7772703,9.153743
1760985808848,1.0468599,4.7772703,9.263215
1760985808850,1.0510473,4.752744,9.376874
1760985808852,1.041476,4.7431726,9.500104
1760985808855,1.041476,4.718646,9.595219
1760985808857,1.0319048,4.7282176,9.671191
1760985808859,1.0546366,4.6654058,9.728619
1760985808861,1.0642079,4.670192,9.808778
1760985808864,1.0492527,4.6175494,9.832706
1760985808866,1.0773684,4.5972104,9.908679
1760985808868,1.082154,4.5876393,9.961321
1760985808870,1.0911272,4.558327,10.008579
1760985808873,1.1001002,4.534399,10.05165
1760985808875,1.0947163,4.510471,10.122836
1760985808877,1.0803595,4.5008993,10.165309
1760985808879,1.07019,4.4572306,10.2317095
1760985808882,1.0510473,4.4482574,10.322039
1760985808884,1.0504491,4.404588,10.383654
1760985808886,1.0408778,4.390231,10.469197
1760985808888,1.0540384,4.3322053,10.540982
1760985808890,1.0295119,4.308277,10.625927
1760985808893,1.0390832,4.29392,10.683355
1760985808895,1.0289137,4.2598224,10.764112
1760985808897,0.9954142,4.226921,10.830514
1760985808900,0.994816,4.21735,10.872986
1760985808903,0.994816,4.2077785,10.8969145
1760985808905,0.9804591,4.202993,10.911271
1760985808906,0.9804591,4.188636,10.9017
1760985808909,0.96550393,4.1647077,10.892129
1760985808911,0.9984053,4.144967,10.840085
1760985808913,1.0313065,4.1258245,10.792827
1760985808916,1.0594223,4.0965123,10.768898
1760985808918,1.0833504,4.0911283,10.754541
1760985808920,1.1210374,4.1001015,10.707283
1760985808922,1.1491531,4.0612183,10.72164
1760985808924,1.1970096,4.0797625,10.683953
1760985808927,1.2011969,4.0701914,10.679168
1760985808929,1.238884,4.045067,10.655239
1760985808931,1.2669996,4.0157547,10.645668
1760985808934,1.2675978,4.0354953,10.617552
1760985808935,1.2807583,3.996612,10.607981
1760985808938,1.2951152,3.9774694,10.622338
1760985808940,1.3040884,3.9720855,10.636695
1760985808942,1.3130615,3.9433718,10.683953
1760985808945,1.317847,3.9427736,10.755139
1760985808947,1.3034902,3.9379878,10.840683
1760985808949,1.2891332,3.9332023,10.921441
1760985808951,1.2891332,3.9284165,11.025529
1760985808954,1.2795619,3.923631,11.082956
1760985808957,1.2843475,3.9134614,11.187044
1760985808959,1.2795619,3.9134614,11.248659
1760985808961,1.2699906,3.8943188,11.306087
1760985808963,1.2699906,3.9038901,11.386247
1760985808965,1.265205,3.9038901,11.467005
1760985808967,1.2610176,3.918247,11.557333
1760985808969,1.2562319,3.932604,11.590235
1760985808972,1.2747762,3.9128633,11.609377
1760985808974,1.3130615,3.926622,11.670993
1760985808976,1.332204,3.906881,11.690135
1760985808978,1.3645071,3.867998,11.694921
1760985808981,1.3878372,3.848257,11.699706
1760985808983,1.4111671,3.8285162,11.66202
1760985808985,1.4303098,3.8093736,11.638091
1760985808988,1.4955142,3.7704902,11.35813
1760985808990,1.6331015,3.739982,10.926227
1760985808992,1.7898313,3.7621155,10.627722
1760985808994,1.9286151,3.8027935,10.603793
1760985808997,2.0715861,3.8339,10.631909
1760985808999,2.1996021,3.8410785,10.655837
1760985809001,2.3144577,3.863212,10.69831
1760985809003,2.3862424,3.900301,10.722239
1760985809006,2.4245276,3.918247,10.726426
1760985809008,2.391028,3.9188452,10.740783
1760985809010,2.367698,3.9242291,10.722239
1760985809012,2.3150558,3.92064,10.7126665
1760985809015,2.300699,3.906283,10.740783
1760985809017,2.2390838,3.912265,10.769497
1760985809019,2.1481566,3.879962,10.816754
1760985809023,2.0572293,3.8476589,10.902298
1760985809023,1.9716859,3.839284,11.016556
1760985809025,1.9292133,3.8398821,11.115857
1760985809028,1.867598,3.8506498,11.230115
1760985809030,1.8251255,3.8656049,11.301301
1760985809032,1.7874385,3.8805602,11.343774
1760985809035,1.7545372,3.894917,11.400603
1760985809036,1.7449659,3.8955152,11.457433
1760985809039,1.7306089,3.8907297,11.490932
1760985809041,1.707279,3.900301,11.586047
1760985809043,1.6833507,3.9104705,11.652448
1760985809046,1.6737795,3.886542,11.733206
1760985809048,1.625923,3.867998,11.799606
1760985809050,1.6019948,3.8536408,11.918052
1760985809052,1.5684953,3.8488553,11.984452
1760985809055,1.5535401,3.81057,12.093924
1760985809057,1.5493526,3.8153558,12.184253
1760985809059,1.515255,3.7674992,12.307484
1760985809062,1.5200406,3.7770705,12.388241
1760985809064,1.4913267,3.7627137,12.487543
1760985809066,1.4859428,3.7292142,12.568301
1760985809068,1.4757733,3.6861434,12.644872
1760985809070,1.4566308,3.662215,12.744173
1760985809073,1.4518452,3.662215,12.810575
1760985809075,1.43689,3.62393,12.872787
1760985809077,1.4267205,3.580261,12.91526
1760985809079,1.4297116,3.4941192,12.901502
1760985809082,1.4524434,3.4360933,12.863814
1760985809084,1.5457634,3.3194432,12.849458
1760985809086,1.5864414,3.2129626,12.816556
1760985809089,1.6408781,3.077768,12.802797
1760985809091,1.6486548,2.9575288,12.745968
1760985809093,1.6331015,2.885744,12.622738
1760985809095,1.6319051,2.8432715,12.5138645
1760985809098,1.6408781,2.8139594,12.433106
1760985809100,1.649253,2.7421749,12.33859
1760985809102,1.6917256,2.7320054,12.253047
1760985809104,1.7294126,2.6883361,12.224333
1760985809106,1.7952151,2.6679974,12.191431
