1761098381450,-1.2909278,5.148756,8.7266245
1761098381452,-1.2580265,5.142774,8.793025
1761098381454,-1.238884,5.142774,8.864211
1761098381456,-1.1916257,5.112864,8.983254
1761098381459,-1.0211371,5.065007,9.452846
1761098381461,-0.96430755,5.0733824,9.633504
1761098381463,-0.8925229,5.096114,9.643075
1761098381465,-0.8488538,5.157729,9.671191
1761098381467,-0.8392825,5.157729,9.642477
1761098381470,-0.8488538,5.1529436,9.590433
1761098381472,-0.8775677,5.1535416,9.561719
1761098381474,-0.9056834,5.159524,9.44806
1761098381477,-0.94396853,5.1553364,9.419347
1761098381479,-0.9822537,5.132006,9.286545
1761098381481,-0.9924232,5.108078,9.3200445
1761098381483,-1.0163515,5.0943193,9.22493
1761098381486,-1.0163515,5.0751767,9.239286
1761098381488,-1.0307083,5.0805607,9.234501
1761098381490,-1.0540384,5.094918,9.211171
1761098381492,-1.0683953,5.109873,9.229715
1761098381495,-1.096511,5.124828,9.1872425
1761098381497,-1.1150553,5.1589255,9.196814
1761098381499,-1.1437693,5.15414,9.210572
1761098381501,-1.1623136,5.154738,9.182457
1761098381504,-1.1575279,5.159524,9.196814
1761098381506,-1.1389836,5.144569,9.206385
1761098381508,-1.1012967,5.124828,9.206385
1761098381510,-1.0725827,5.133801,9.215358
1761098381513,-1.0295119,5.1475596,9.229715
1761098381515,-1.0013963,5.113462,9.22493
1761098381517,-0.9876375,5.108078,9.239286
1761098381520,-1.0013963,5.123033,9.211171
1761098381522,-1.0013963,5.1182475,9.206385
1761098381524,-1.0301101,5.128417,9.22493
1761098381526,-1.0636097,5.1146584,9.192028
1761098381528,-1.0875379,5.081757,9.177671
1761098381531,-1.102493,5.057829,9.182457
1761098381533,-1.0881361,5.0572305,9.215957
1761098381535,-1.0695918,5.047061,9.315259
1761098381537,-1.0552348,5.047061,9.372686
1761098381540,-1.0552348,5.0512486,9.42473
1761098381542,-1.035494,5.06082,9.471989
1761098381544,-1.0067801,5.0889354,9.486345
1761098381547,-1.0019945,5.08415,9.510274
1761098381549,-0.9924232,5.0883374,9.543175
1761098381551,-0.96909314,5.063811,9.54796
1761098381554,-0.9170493,5.0679984,9.515059
1761098381556,-0.8889336,5.043472,9.476774
1761098381558,-0.82731843,5.0183473,9.448658
1761098381560,-0.79501534,4.9842496,9.419945
1761098381562,-0.7471589,5.002794,9.42473
1761098381564,-0.6999006,4.9878387,9.396016
1761098381567,-0.695115,4.983053,9.391829
1761098381569,-0.6664011,4.982455,9.377472
1761098381572,-0.6664011,4.9920263,9.377472
1761098381574,-0.6472585,5.0105705,9.377472
1761098381576,-0.6430711,4.981857,9.372686
1761098381578,-0.6047859,5.0051866,9.372686
1761098381580,-0.5617151,5.0189457,9.343972
1761098381582,-0.5282156,5.00399,9.377472
1761098381585,-0.50009996,4.9986067,9.363115
1761098381587,-0.48993045,5.022535,9.363115
1761098381589,-0.45164528,5.041079,9.386445
1761098381591,-0.45702913,5.0123653,9.382257
1761098381594,-0.42891344,5.011767,9.382257
1761098381596,-0.43848476,4.9974103,9.367901
1761098381599,-0.47198427,4.97408,9.372686
1761098381601,-0.4534399,4.9639106,9.35833
1761098381603,-0.44805604,4.9788656,9.315857
1761098381606,-0.4432704,5.00758,9.268001
1761098381607,-0.4528417,4.9932227,9.220742
1761098381610,-0.43848476,4.988437,9.182457
1761098381612,-0.41934216,5.017151,9.139984
1761098381614,-0.3906283,5.0165524,9.035298
1761098381616,-0.34277186,5.0303116,8.959326
1761098381619,-0.33260235,5.0685964,8.860024
1761098381621,-0.3044867,5.049454,8.812167
1761098381623,-0.32362926,5.0398827,8.774481
1761098381625,-0.3481557,5.0165524,8.755338
1761098381628,-0.38644084,4.9980083,8.727222
1761098381630,-0.46301118,4.9752765,8.7367935
1761098381632,-0.55334026,4.962714,8.727222
1761098381634,-0.5916254,4.9345984,8.708079
1761098381637,-0.6305088,4.877769,8.7367935
1761098381639,-0.631107,4.838886,8.765508
1761098381641,-0.6466603,4.791029,8.78465
1761098381643,-0.613759,4.761717,8.846265
1761098381646,-0.5479564,4.712066,8.907881
1761098381648,-0.49172506,4.653442,8.965308
1761098381650,-0.37387854,4.6175494,9.046066
1761098381652,-0.293719,4.5822554,9.164511
1761098381655,-0.21355942,4.5565324,9.250054
1761098381657,-0.09990034,4.511069,9.316455
1761098381660,-0.005383851,4.499703,9.416355
1761098381662,0.12263216,4.473382,9.473185
1761098381664,0.22671995,4.4572306,9.51147
1761098381666,0.29252258,4.4075794,9.554541
1761098381668,0.37387854,4.4255257,9.568299
1761098381671,0.41515473,4.3722854,9.530613
1761098381673,0.42891344,4.328616,9.483355
1761098381675,0.45224348,4.304688,9.397811
1761098381677,0.43788654,4.290331,9.288938
1761098381679,0.4229314,4.252644,9.15135
1761098381682,0.42711884,4.228716,9.02812
1761098381684,0.4552345,4.2095733,8.913862
1761098381687,0.4881358,4.1850467,8.766704
1761098381688,0.49232325,4.161717,8.65783
1761098381691,0.5054838,4.113262,8.525029
1761098381693,0.51505506,4.1234317,8.392227
1761098381695,0.552742,4.113262,8.278568
1761098381697,0.59581286,4.1222353,8.117053
1761098381700,0.61076796,4.17069,7.9507513
1761098381702,0.6161518,4.2191443,7.774879
1761098381704,0.65084773,4.295715,7.580462
1761098381707,0.71365935,4.371687,7.42792
1761098381709,0.7812566,4.433302,7.233503
1761098381711,0.8153543,4.4668016,7.09113
1761098381713,0.8255238,4.5098724,6.9248285
1761098381715,0.82672024,4.5726843,6.8057857
1761098381717,0.82731843,4.6115675,6.710671
1761098381720,0.79860455,4.621737,6.6538415
1761098381723,0.59282184,4.520042,6.597012
1761098381724,0.61794645,4.6007996,6.611369
1761098381727,0.657428,4.6815577,6.6777697
1761098381729,0.64905316,4.7485566,6.8195443
1761098381731,0.56410795,4.7982078,6.919445
1761098381733,0.4648058,4.800002,6.9906316
1761098381736,0.40797627,4.814957,7.0378895
1761098381738,0.32303107,4.859225,7.1377897
1761098381741,0.23808585,4.8705907,7.1802626
1761098381743,0.12861422,4.858028,7.2418776
1761098381745,0.08075777,4.834698,7.26102
1761098381747,0.028115666,4.816154,7.2993054
1761098381749,-0.07716853,4.7653065,7.3417783
1761098381751,-0.17766708,4.738387,7.3369923
1761098381754,-0.18664017,4.772485,7.199405
1761098381756,-0.22492532,4.7539406,7.090532
1761098381758,-0.2542374,4.706682,7.0953174
1761098381760,-0.2835495,4.6731825,7.152147
1761098381763,-0.3505485,4.6265225,7.1808605
1761098381766,-0.39361933,4.5936213,7.2329044
1761098381767,-0.44207397,4.5559344,7.256833
1761098381769,-0.52342993,4.523631,7.309475
1761098381772,-0.5952146,4.5008993,7.3190465
1761098381774,-0.68075806,4.4925246,7.413563
1761098381776,-0.8237292,4.451248,7.503892
1761098381779,-1.0815558,4.359723,7.655836
1761098381781,-1.2299109,4.3094735,7.78445
1761098381783,-1.3154542,4.31067,7.8981094
1761098381785,-1.3968102,4.2538404,8.026724
1761098381789,-1.5343975,4.260421,8.254042
1761098381790,-1.7581264,4.5278187,8.547761
1761098381792,-1.5595222,4.7401814,8.737391
1761098381794,-1.0989038,4.7318068,8.789435
1761098381797,-0.701097,4.648058,8.837293
1761098381799,-0.39960137,4.517649,8.856435
1761098381801,-0.14596218,4.3351965,8.899506
1761098381803,0.2111666,3.8440695,9.000603
1761098381806,0.8207382,3.362514,9.058628
1761098381808,0.9798609,3.2440693,9.049057
1761098381810,0.8153543,3.318845,9.063414
1761098381813,0.654437,3.3649068,9.19143
1761098381815,0.54735816,3.4719856,9.305089
1761098381817,0.5204389,3.5736806,9.347562
1761098381819,0.5413761,3.702893,9.285348
1761098381821,0.52522457,3.8524444,9.151948
1761098381824,0.4749753,3.9834516,8.990433
1761098381826,0.39481574,4.0235314,8.824132
1761098381828,0.2865405,4.078566,8.662616
1761098381830,0.17766708,4.095316,8.496913
1761098381833,0.101694964,4.0971107,8.429914
1761098381835,0.029910283,4.08395,8.373085
1761098381837,-0.036490545,4.0851464,8.401798
1761098381839,-0.12323037,4.0187454,8.496913
1761098381842,-0.23330021,3.9678981,8.601599
1761098381844,-0.33379877,3.9164524,8.758329
1761098381846,-0.44985065,3.7980077,8.962317
1761098381848,-0.5515456,3.6891344,9.128618
1761098381851,-0.6765706,3.5706897,9.361918
1761098381854,-0.7932207,3.4187453,9.542577
1761098381856,-0.8859426,3.2853456,9.71845
1761098381858,-1.0067801,3.1525438,9.842278
1761098381860,-1.1419746,3.0442686,9.979865
1761098381862,-1.2574283,2.9449666,10.079765
1761098381864,-1.3447664,2.821736,10.15155
1761098381866,-1.4315062,2.7655048,10.213165
1761098381869,-1.4757733,2.684747,10.256236
1761098381871,-1.4907285,2.617748,10.275378
1761098381873,-1.4685949,2.53041,10.275378
1761098381876,-1.4219348,2.4771698,10.265807
1761098381878,-1.3615161,2.4329023,10.176077
1761098381880,-1.3004991,2.3694925,10.090533
1761098381882,-1.2017952,2.3150558,10.000802
1761098381885,-1.1407782,2.2713869,9.882358
1761098381887,-1.0510473,2.2408783,9.725628
1761098381890,-0.9613165,2.225325,9.602397
1761098381891,-0.8997013,2.2055843,9.507282
1761098381894,-0.8853444,2.2295125,9.398409
1761098381896,-0.8458628,2.3060827,9.232108
1761098381898,-0.8063812,2.3916261,9.122637
1761098381900,-0.7429714,2.5058835,9.065208
1761098381903,-0.71724856,2.6021945,9.003593
1761098381905,-0.7304091,2.693122,9.022138
1761098381907,-0.7196414,2.745764,9.026923
1761098381909,-0.7286145,2.7942185,8.993423
1761098381912,-0.72263247,2.861816,8.927023
1761098381914,-0.72263247,2.8713872,8.869596
1761098381916,-0.7501499,2.9102705,8.788837
1761098381918,-0.7830512,2.9401808,8.675179
1761098381921,-0.81595254,2.955136,8.560922
1761098381923,-0.8967103,2.9712875,8.432905
1761098381925,-0.9056834,2.9910283,8.347362
1761098381927,-0.9379865,3.0352955,8.228917
1761098381929,-0.93320084,3.054438,8.129017
1761098381932,-0.9128618,3.121437,8.048259
1761098381934,-0.8883354,3.1740792,7.9483585
1761098381936,-0.8632108,3.2506495,7.853244
1761098381938,-0.8147561,3.3122647,7.7772717
1761098381941,-0.7902297,3.3792639,7.719844
1761098381943,-0.76570326,3.4079776,7.6348987
1761098381945,-0.7609176,3.417549,7.582257
1761098381947,-0.7465607,3.4127634,7.596614
1761098381950,-0.7609176,3.4271202,7.6109705
1761098381953,-0.7369894,3.4360933,7.6678
1761098381955,-0.7178468,3.4307094,7.7294154
1761098381956,-0.65982085,3.4779677,7.8287177
1761098381959,-0.5688936,3.519244,7.899904
1761098381961,-0.48753762,3.5700915,8.051848
1761098381963,-0.3912265,3.6352959,8.132606
1761098381965,-0.3044867,3.7010984,8.203195
1761098381968,-0.293719,3.7633119,8.188837
1761098381970,-0.27876383,3.815954,8.136793
1761098381972,-0.29192436,3.8787656,8.122437
1761098381975,-0.32422748,3.932006,8.079366
1761098381977,-0.36670008,3.9379878,8.046464
1761098381979,-0.40917268,3.9625144,8.017751
1761098381981,-0.4331009,3.9535413,8.036893
1761098381983,-0.4528417,3.9302113,7.9890366
1761098381986,-0.4528417,3.9302113,7.960921
1761098381988,-0.44865423,3.8967116,7.8753777
1761098381990,-0.3822534,3.8811584,7.752147
1761098381992,-0.3164508,3.8464625,7.6570325
1761098381995,-0.22671995,3.8069808,7.55773
1761098381997,-0.09930214,3.7663028,7.448857
1761098381999,0.02751746,3.7016966,7.3920274
1761098382002,0.069391854,3.6436708,7.3489566
1761098382004,0.12502499,3.565904,7.3495545
1761098382006,0.16689938,3.5072799,7.3495545
1761098382009,0.20817557,3.4055848,7.38784
1761098382011,0.22073789,3.3140593,7.3926253
1761098382013,0.20937198,3.2087753,7.426125
1761098382016,0.12143575,3.080759,7.388438
1761098382017,-0.06580263,2.9545379,7.3363943
1761098382020,-0.23868406,2.861816,7.2939215
1761098382022,-0.3822534,2.7822545,7.2753773
1761098382024,-0.654437,2.7056842,7.2753773
1761098382026,-0.9020941,2.6859434,7.408777
1761098382029,-0.9619147,2.7816563,7.8921275
1761098382031,-0.7585248,2.9874392,8.732008
1761098382033,-0.4325027,3.1190443,9.5760765
1761098382035,-0.17048861,3.1806595,10.107881
1761098382037,0.047856454,3.1567314,10.359127
1761098382040,0.27936205,3.0849466,10.459028
1761098382042,0.4636094,3.019144,10.506885
1761098382044,0.6095716,2.925824,10.530812
1761098382046,0.5940182,2.8636105,10.483554
1761098382049,0.5880362,2.786442,10.526027
1761098382051,0.52941203,2.6961129,10.536197
1761098382053,0.38584265,2.656033,10.493126
1761098382056,0.21475583,2.6255248,10.488938
1761098382059,0.019142581,2.5950162,10.422537
1761098382061,-0.19980069,2.5561328,10.289736
1761098382063,-0.37686956,2.5070798,10.137792
1761098382064,-0.56769717,2.4628127,9.938589
1761098382067,-0.8249256,2.4005992,9.672985
1761098382069,-0.99720883,2.3371894,9.426525
1761098382071,-1.1844472,2.2402802,9.15135
1761098382074,-1.39023,2.1433709,8.8905325
1761098382076,-1.5918252,2.0470598,8.577671
1761098382078,-1.82692,1.9220347,8.29771
1761098382080,-2.0153549,1.7485552,7.9704924
1761098382083,-2.2103698,1.4500505,7.672586
1761098382085,-2.5938199,1.2556337,7.440482
1761098382087,-3.1609187,1.1407782,7.3363943
1761098382089,-3.5820556,0.9661021,7.2418776
1761098382092,-3.7854455,0.7495517,7.004988
1761098382094,-3.8991046,0.53180486,6.450452
1761098382096,-3.9960139,0.424726,5.620142
1761098382098,-4.0103707,0.4319045,4.79402
1761098382101,-3.9750767,0.56590253,4.746762
1761098382103,-3.8709888,0.8153543,4.0103707
1761098382105,-3.9188452,1.061815,3.757928
1761098382107,-3.996612,1.265205,3.6059837
1761098382110,-3.9553359,1.4518452,3.6430724
1761098382112,-3.7328033,1.6540387,3.842275
1761098382114,-3.4307094,1.835295,4.202395
1761098382116,-3.2488549,1.8981066,4.686343
1761098382119,-3.150151,1.8323039,5.1990056
1761098382121,-3.114857,1.6480566,5.669195
1761098382123,-3.028117,1.4536397,6.044868
1761098382126,-2.8265216,1.2963116,6.035297
1761098382129,-2.5573292,1.1916257,5.712864
1761098382131,-2.2929223,1.1066805,5.2863436
1761098382133,-2.0662024,1.0504491,4.9776692
1761098382135,-1.9447666,0.93320084,4.8119664
1761098382137,-1.9190438,0.7938189,4.7694936
1761098382139,-2.0267208,0.5982057,4.883751
1761098382141,-2.201397,0.37507495,5.10748
1761098382143,-2.4335005,0.13878371,5.378467
1761098382146,-2.6171498,-0.050847482,5.616553
1761098382148,-2.7954152,-0.2111666,5.797211
1761098382150,-2.9312077,-0.37268212,5.930611
1761098382152,-3.057429,-0.52941203,6.0400825
1761098382155,-3.1782668,-0.65682983,6.1447687
1761098382157,-3.290131,-0.7848458,6.2111692
1761098382159,-3.3966117,-0.9320044,6.302097
1761098382161,-3.4995031,-1.1030912,6.4444695
1761098382164,-3.5264223,-1.3004991,6.7537417
1761098382166,-3.0705895,-1.8430717,7.2293153
1761098382168,-2.4466612,-2.5980072,7.23111
1761098382170,-2.4568307,-2.641078,7.1934233
1761098382173,-2.3198416,-2.9413772,7.151549
1761098382175,-2.4765713,-2.9336007,7.213164
1761098382177,-2.7595227,-2.833102,7.4267235
1761098382180,-3.0233314,-2.7188447,7.696514
1761098382182,-3.2745779,-2.4221346,7.9094753
1761098382184,-3.4761732,-1.9914266,8.046464
1761098382186,-3.7172499,-1.3483555,8.039884
1761098382188,-4.180261,-0.6580262,8.019546
1761098382191,-4.7676992,-0.023330022,8.012965
1761098382193,-5.3294144,0.43848476,7.9884386
1761098382196,-5.7816577,0.6867401,7.8167534
1761098382197,-5.9910297,0.67178494,7.5607214
1761098382200,-5.9994044,0.45702913,7.1766734
1761098382202,-5.811568,0.061016977,6.702894
1761098382204,-5.534599,-0.39900318,6.2105713
1761098382207,-5.2899327,-0.78664047,5.736792
1761098382209,-5.119444,-1.0911272,5.343771
1761098382211,-4.9806604,-1.2903296,5.0548377
1761098382213,-4.868796,-1.3974084,4.8173504
1761098382215,-4.7934217,-1.4608182,4.7084765
1761098382218,-4.6899323,-1.4913267,4.6899323
1761098382221,-4.581657,-1.5511472,4.7419763
1761098382222,-4.382455,-1.5834504,4.837091
1761098382224,-4.173681,-1.6067804,4.9322057
1761098382227,-3.9553359,-1.605584,5.003392
1761098382229,-3.7758741,-1.6713866,5.074579
1761098382231,-3.5964124,-1.7467605,5.1218367
1761098382234,-3.4325042,-1.8508483,5.1272206
1761098382236,-3.315854,-1.9824536,5.0799623
1761098382238,-3.2231321,-2.1182463,5.0566325
1761098382240,-3.1686954,-2.268396,5.0189457
1761098382243,-3.1334012,-2.408376,5.042874
1761098382245,-3.1262228,-2.5764718,5.1050873
1761098382247,-3.1860433,-2.7385855,5.157729
1761098382249,-3.269194,-2.8624141,5.2480583
1761098382251,-3.3900316,-2.9802606,5.3007
1761098382254,-3.5479577,-3.0693932,5.3814583
1761098382256,-3.7160535,-3.1525438,5.462216
1761098382259,-3.9110687,-3.1926236,5.562116
1761098382261,-4.091727,-3.2045877,5.690132
1761098382263,-4.2442694,-3.2165518,5.8043895
1761098382265,-4.3764725,-3.185445,5.9563336
1761098382268,-4.490132,-3.1740792,6.122037
1761098382270,-4.599005,-3.1579278,6.221937
1761098382272,-4.699504,-3.185445,6.349953
1761098382274,-4.8239303,-3.231507,6.5114684
1761098382277,-4.966902,-3.263212,6.6681986
1761098382279,-5.081159,-3.2997024,6.801
1761098382282,-5.2008,-3.3314073,6.910472
1761098382284,-5.2624154,-3.345166,6.9816585
1761098382286,-5.2959146,-3.3589249,7.0151577
1761098382288,-5.2815576,-3.3445678,7.0193453
1761098382290,-5.267201,-3.3547373,6.9481587
1761098382292,-5.2199426,-3.3403804,6.8249283
1761098382295,-5.1583276,-3.3463624,6.6777697
1761098382297,-5.0823555,-3.3714871,6.5497537
1761098382299,-5.017151,-3.4247274,6.3744793
1761098382301,-4.913063,-3.455236,6.2081785
1761098382304,-4.8287163,-3.5186458,6.0568323
1761098382306,-4.743771,-3.5533416,5.876174
1761098382308,-4.6779685,-3.5874393,5.686543
1761098382311,-4.645665,-3.621537,5.534599
1761098382313,-4.6600223,-3.6448672,5.3736815
1761098382315,-4.6845484,-3.6681972,5.2217374
1761098382318,-4.69412,-3.6915271,5.1032925
1761098382320,-4.761717,-3.728616,5.0129633
1761098382323,-4.851448,-3.7220356,4.9609194
1761098382324,-4.918447,-3.7543387,4.946563
1761098382327,-4.970491,-3.7393837,4.970491
1761098382329,-5.0368915,-3.7238302,5.003392
1761098382331,-5.074579,-3.7136607,5.055436
1761098382333,-5.098507,-3.7280176,5.112864
1761098382335,-5.160122,-3.7076788,5.2169514
1761098382338,-5.2510495,-3.7447674,5.4113684
1761098382340,-5.3886366,-3.7621155,5.648856
1761098382342,-5.5226345,-3.8087754,5.9431734
1761098382344,-5.7080784,-3.8207395,6.2991056
1761098382347,-5.8971114,-3.7944186,6.7118673
1761098382349,-6.1005015,-3.7387853,7.1916285
1761098382351,-6.2937217,-3.6789649,7.6516485
1761098382353,-6.4683976,-3.6143587,8.126026
1761098382356,-6.661618,-3.5353954,8.600403
1761098382358,-6.8925257,-3.431906,9.126823
1761098382361,-7.1431737,-3.3900316,9.663414
1761098382362,-7.4219375,-3.3194432,10.265807
1761098382365,-7.6678,-3.2584262,10.863415
1761098382367,-7.9280195,-3.21715,11.494522
1761098382369,-8.193025,-3.1513474,12.111272
1761098382371,-8.429914,-3.1292138,12.728621
1761098382374,-8.623135,-3.0598218,13.269398
1761098382376,-8.783454,-2.9862428,13.767703
1761098382378,-8.89113,-2.9084759,14.227723
1761098382381,-8.969496,-2.797808,14.597415
1761098382383,-8.967103,-2.6685956,14.924633
1761098382385,-8.946166,-2.544767,15.171094
1761098382387,-8.863015,-2.4221346,15.3702965
1761098382389,-8.804391,-2.3078775,15.498312
1761098382391,-8.706883,-2.1804597,15.526428
1761098382394,-8.609376,-2.047658,15.521044
1761098382396,-8.536395,-1.9334008,15.397814
1761098382398,-8.472386,-1.8137596,15.259628
1761098382400,-8.412566,-1.6414764,15.04547
1761098382403,-8.377272,-1.4925231,14.793626
1761098382405,-8.384451,-1.3669,14.546567
1761098382407,-8.373085,-1.2466606,14.261821
1761098382409,-8.437093,-1.0959128,14.014762
1761098382412,-8.496315,-0.9457632,13.795819
1761098382414,-8.579466,-0.799801,13.6199465
1761098382416,-8.705089,-0.6628119,13.510475
1761098382420,-8.834899,-0.48215377,13.367504
1761098382420,-8.970094,-0.3260221,13.296317
1761098382423,-9.08136,-0.14656039,13.229319
1761098382425,-9.2488575,0.034695927,13.200604
1761098382427,-9.393025,0.21954148,13.185649
1761098382430,-9.565907,0.38584265,13.171292
1761098382432,-9.729217,0.5617151,13.137195
1761098382434,-9.873384,0.7465607,13.127624
1761098382436,-10.060024,0.927817,13.136597
1761098382439,-10.271192,1.0755738,13.155141
1761098382441,-10.5015,1.2335001,13.197614
1761098382443,-10.703694,1.3567305,13.259229
1761098382445,-10.947164,1.5290136,13.329817
1761098382448,-11.205588,1.7012969,13.395619
1761098382450,-11.464013,1.8837496,13.452449
1761098382452,-11.717652,2.027319,13.499707
1761098382455,-11.976077,2.1996021,13.5990095
1761098382457,-12.267404,2.39701,13.679169
1761098382459,-12.5348015,2.559722,13.783257
1761098382462,-12.817155,2.7326035,13.872988
1761098382464,-13.080365,2.8761728,13.967504
1761098382465,-13.348959,3.0155547,14.081163
1761098382468,-13.579268,3.158526,14.180465
1761098382470,-13.790435,3.2913275,14.317454
1761098382473,-13.949558,3.4139597,14.455042
1761098382474,-14.119449,3.4839497,14.639887
1761098382477,-14.264812,3.5964124,14.863018
1761098382479,-14.411372,3.6275191,15.099907
1761098382482,-14.543576,3.6628132,15.355939
1761098382483,-14.651852,3.7118661,15.598212
1761098382486,-14.727823,3.7226338,15.821343
1761098382488,-14.78884,3.7567315,16.053448
1761098382491,-14.803197,3.7513478,16.257435
1761098382492,-14.78884,3.7459638,16.423737
1761098382495,-14.779867,3.7357943,16.537994
1761098382497,-14.741582,3.7256248,16.622938
1761098382500,-14.680565,3.7052858,16.613966
1761098382502,-14.581263,3.6604204,16.557137
1761098382504,-14.420345,3.6340995,16.45245
1761098382506,-14.29233,3.6077783,16.281961
1761098382508,-14.136198,3.5964124,16.044474
1761098382511,-13.96571,3.5653057,15.750156
1761098382513,-13.75215,3.5569308,15.427724
1761098382515,-13.5481615,3.554538,15.038292
1761098382517,-13.363317,3.542574,14.639887
1761098382520,-13.2311125,3.5072799,14.250455
1761098382522,-13.079168,3.4911282,13.856836
1761098382524,-12.9750805,3.49053,13.453646
1761098382526,-12.814163,3.4737802,13.068999
1761098382529,-12.676577,3.4677982,12.656238
1761098382531,-12.534204,3.4707892,12.257234
1761098382533,-12.368501,3.449852,11.901301
1761098382535,-12.203396,3.3900316,11.555539
1761098382537,-12.000006,3.3343983,11.227722
1761098382540,-11.816357,3.2644083,10.900503
1761098382542,-11.651252,3.1806595,10.597214
1761098382544,-11.482557,3.0580273,10.345967
1761098382547,-11.318051,2.955136,10.127622
1761098382549,-11.182259,2.8474588,9.91466
1761098382551,-11.06501,2.7637103,9.762716
1761098382554,-10.942976,2.6757739,9.620343
1761098382556,-10.830514,2.6165516,9.48814
1761098382558,-10.70848,2.528017,9.360124
1761098382561,-10.600802,2.4209383,9.25125
1761098382562,-10.532009,2.2995026,9.15135
1761098382565,-10.476974,2.1738794,9.033504
1761098382567,-10.437492,2.0057836,8.94796
1761098382569,-10.421341,1.847259,8.839685
1761098382571,-10.396216,1.6307086,8.749954
1761098382574,-10.371092,1.4530416,8.660223
1761098382576,-10.3645115,1.2658032,8.575278
1761098382578,-10.325029,1.0971092,8.485547
1761098382580,-10.28495,0.9379865,8.419147
1761098382583,-10.264012,0.76510507,8.343773
1761098382585,-10.209576,0.62931234,8.254042
1761098382587,-10.131809,0.4456632,8.159525
1761098382590,-10.053444,0.31046873,8.078768
1761098382592,-9.970892,0.15553348,7.960921
1761098382594,-9.873982,-0.009571291,7.847262
1761098382596,-9.762118,-0.14536397,7.7144604
1761098382599,-9.679565,-0.28594232,7.563114
1761098382601,-9.573085,-0.45044887,7.425527
1761098382603,-9.466006,-0.58683974,7.288538
1761098382605,-9.37807,-0.7082755,7.132406
1761098382608,-9.271589,-0.85842514,6.999604
1761098382610,-9.15494,-1.0043873,6.853044
1761098382612,-9.057432,-1.1210374,6.7202425
1761098382614,-8.935996,-1.2382857,6.587441
1761098382616,-8.843274,-1.3549358,6.468996
1761098382619,-8.73141,-1.4668003,6.355337
1761098382621,-8.666803,-1.5828521,6.2512493
1761098382623,-8.601599,-1.6701902,6.1471615
1761098382625,-8.527422,-1.7676977,6.0526447
1761098382628,-8.453244,-1.8693926,5.9437714
1761098382630,-8.394022,-2.0093727,5.834898
1761098382632,-8.32463,-2.1254246,5.706882
1761098382635,-8.255239,-2.2229323,5.593223
1761098382637,-8.190632,-2.3389843,5.441877
1761098382639,-8.116454,-2.440679,5.313861
1761098382641,-8.02792,-2.5477579,5.1762733
1761098382643,-7.9483585,-2.6111677,5.020142
1761098382646,-7.8687973,-2.6793633,4.877769
1761098382649,-7.765308,-2.7290142,4.70728
1761098382650,-7.652247,-2.7738798,4.5218368
1761098382653,-7.548757,-2.8277183,4.336991
1761098382655,-7.4494553,-2.838486,4.1521454
1761098382657,-7.312466,-2.8839495,3.9714873
1761098382660,-7.218548,-2.928815,3.81057
1761098382662,-7.200003,-2.9575288,3.6586258
1761098382664,-7.1539416,-3.0442686,3.464209
1761098382666,-7.0749784,-3.1459637,3.3176486
1761098382670,-7.024131,-3.2279177,3.1465619
1761098382671,-6.9738817,-3.324827,3.042474
1761098382673,-6.884749,-3.3984063,2.9192436
1761098382676,-6.8195443,-3.4809587,2.8103702
1761098382678,-6.73101,-3.5682967,2.6823542
1761098382680,-6.660422,-3.6221352,2.5734808
1761098382682,-6.595217,-3.6951163,2.455036
1761098382684,-6.5258255,-3.78724,2.3461626
1761098382687,-6.465407,-3.8650067,2.2462623
1761098382689,-6.3858457,-3.923631,2.1517458
1761098382691,-6.3158555,-4.001996,2.0757737
1761098382693,-6.2697935,-4.08395,2.0051854
1761098382695,-6.1854467,-4.162315,1.9435701
1761098382698,-6.1010995,-4.2071805,1.8771694
1761098382700,-6.0167527,-4.2945185,1.8203398
1761098382702,-5.9228344,-4.339384,1.7922242
1761098382705,-5.8241305,-4.3890347,1.7778672
1761098382707,-5.743971,-4.4434714,1.8017955
1761098382710,-5.6733823,-4.4835515,1.8305093
1761098382712,-5.5980086,-4.499105,1.8490537
1761098382713,-5.526822,-4.519444,1.8777676
1761098382716,-5.460421,-4.5302114,1.8825532
1761098382718,-5.3946185,-4.5505505,1.9016958
1761098382721,-5.3473606,-4.5708895,1.925624
1761098382723,-5.252844,-4.6061835,1.9351953
1761098382725,-5.172684,-4.627121,1.9495523
1761098382727,-5.1158547,-4.666602,1.963311
1761098382729,-5.0123653,-4.7210393,2.0015962
1761098382731,-4.903492,-4.7228336,1.9920249
1761098382733,-4.8418765,-4.7575297,1.9968106
1761098382736,-4.7575297,-4.807181,1.9782661
1761098382738,-4.7102714,-4.82752,1.9830518
1761098382740,-4.653442,-4.818547,2.0021944
1761098382743,-4.62413,-4.790431,2.03031
1761098382745,-4.59063,-4.7623153,2.015953
1761098382747,-4.5613184,-4.714459,1.9824536
1761098382749,-4.5415773,-4.6672006,1.9680966
1761098382752,-4.5170507,-4.62413,1.925624
1761098382754,-4.506881,-4.6002016,1.8592232
1761098382756,-4.49731,-4.5858445,1.7593229
1761098382758,-4.467998,-4.537988,1.6689938
1761098382761,-4.429713,-4.5332026,1.5409778
1761098382763,-4.4201417,-4.499703,1.4081762
1761098382765,-4.4195433,-4.470391,1.2891332
1761098382767,-4.3908296,-4.456632,1.1515459
1761098382770,-4.395017,-4.4129634,1.0660025
1761098382772,-4.3848476,-4.369892,0.95653087
1761098382774,-4.35075,-4.3172503,0.8380861
1761098382777,-4.316652,-4.278965,0.72382885
1761098382779,-4.3112683,-4.2454658,0.66699934
1761098382781,-4.286144,-4.1641097,0.5766702
1761098382784,-4.2711883,-4.13061,0.51505506
1761098382786,-4.265805,-4.091727,0.46241298
1761098382788,-4.260421,-4.058227,0.41994038
1761098382790,-4.2502513,-4.019942,0.40079778
1761098382792,-4.226323,-4.0013976,0.42412782
1761098382795,-4.211966,-4.006183,0.43848476
1761098382797,-4.1832523,-3.9978085,0.5192425
1761098382799,-4.211966,-3.9828532,0.60000026
1761098382801,-4.1928234,-3.9738803,0.7088737
1761098382804,-4.197011,-3.9595232,0.84167534
1761098382806,-4.234698,-3.9349968,0.93679005
1761098382808,-4.3005004,-3.9200418,1.0504491
1761098382811,-4.356732,-3.866203,1.1599208
1761098382813,-4.456034,-3.8554354,1.2687942
1761098382815,-4.5272202,-3.8255253,1.3680964
1761098382817,-4.6169515,-3.8093736,1.5056837
1761098382820,-4.749753,-3.7884364,1.591227
1761098382822,-4.8394837,-3.772285,1.7006987
1761098382824,-4.9674997,-3.7561333,1.8000008
1761098382826,-5.081159,-3.7591243,1.9094725
1761098382829,-5.1900325,-3.7094734,2.032703
1761098382831,-5.2929235,-3.6454654,2.160719
1761098382833,-5.377869,-3.6059837,2.2648067
1761098382835,-5.4957156,-3.5413775,2.3928227
1761098382837,-5.6039906,-3.5012977,2.4879375
1761098382840,-5.7080784,-3.4612179,2.5776682
1761098382842,-5.8211393,-3.4259238,2.6632116
1761098382844,-5.953941,-3.394817,2.7529426
1761098382847,-6.0574307,-3.3601213,2.8432715
1761098382849,-6.1716876,-3.3577285,2.9192436
1761098382851,-6.27099,-3.3326037,3.019144
1761098382854,-6.3314085,-3.254837,3.0801609
1761098382856,-6.4157557,-3.2099717,3.1657043
1761098382858,-6.45763,-3.1567314,3.246462
1761098382860,-6.53779,-3.1172497,3.3032916
1761098382863,-6.6035924,-3.077768,3.3786657
1761098382865,-6.6418777,-3.0867412,3.4504502
1761098382867,-6.660422,-3.07717,3.5072799
1761098382869,-6.708278,-3.0957143,3.5688949
1761098382871,-6.7178497,-3.1052856,3.6209388
1761098382874,-6.713662,-3.1435707,3.6873398
1761098382876,-6.7184477,-3.1483564,3.749553
1761098382879,-6.71426,-3.1920254,3.839284
1761098382880,-6.710671,-3.2309089,3.8823547
1761098382883,-6.715457,-3.2644083,3.9487555
1761098382885,-6.553343,-3.4833515,4.072584
1761098382887,-6.5772715,-3.4929228,4.1437707
1761098382889,-6.6239314,-3.4486556,4.1724844
1761098382892,-6.723233,-3.4187453,4.2341
1761098382894,-6.826723,-3.3637104,4.2388854
1761098382896,-6.9355965,-3.3523445,4.2574296
1761098382899,-7.0875406,-3.330809,4.276572
1761098382901,-7.2155566,-3.3236306,4.281358
1761098382904,-7.3435726,-3.3116665,4.304688
1761098382906,-7.4476604,-3.3050864,4.2999024
1761098382908,-7.5475607,-3.3032916,4.314259
1761098382910,-7.585846,-3.3170505,4.3525443
1761098382912,-7.6253276,-3.3930225,4.386044
1761098382915,-7.649854,-3.4408789,4.462016
1761098382916,-7.646863,-3.5467613,4.5523453
1761098382918,-7.6343007,-3.6436708,4.6618166
1761098382921,-7.630113,-3.7064822,4.785047
1761098382923,-7.602596,-3.7645082,4.928018
1761098382925,-7.5230346,-3.824329,5.070391
1761098382927,-7.4901333,-3.8297126,5.227121
1761098382930,-7.405786,-3.9038901,5.407181
1761098382932,-7.3495545,-3.952943,5.5686965
1761098382934,-7.283752,-3.9930227,5.682954
1761098382937,-7.2179494,-4.037888,5.8061843
1761098382939,-7.166504,-4.115655,5.9300127
1761098382941,-7.1539416,-4.188038,6.029913
1761098382943,-7.158727,-4.21735,6.1154566
1761098382945,-7.160522,-4.2945185,6.2105713
1761098382948,-7.1748786,-4.3274198,6.248258
1761098382950,-7.2089763,-4.3561335,6.305686
1761098382952,-7.251449,-4.360321,6.3290157
1761098382954,-7.252047,-4.3794637,6.367301
1761098382957,-7.2753773,-4.359723,6.3768725
1761098382959,-7.3178496,-4.3495536,6.3954167
1761098382961,-7.373483,-4.281358,6.4002023
1761098382964,-7.4344997,-4.232305,6.3954167
1761098382966,-7.4805617,-4.154538,6.361917
1761098382968,-7.55115,-4.1150565,6.352346
1761098382970,-7.616953,-4.074977,6.3050876
1761098382972,-7.7156568,-4.0013976,6.257231
1761098382975,-7.800602,-3.9661036,6.1956162
1761098382977,-7.90469,-3.9254255,6.1477594
1761098382979,-7.9657063,-3.8811584,6.0574307
1761098382982,-8.035697,-3.8267217,6.000601
1761098382984,-8.091928,-3.758526,5.947959
1761098382986,-8.151749,-3.67059,5.881558
1761098382988,-8.203195,-3.6023946,5.791229
1761098382990,-8.32463,-3.5042887,5.7152567
1761098382993,-8.361719,-3.4217365,5.6482577
1761098382995,-8.465208,-3.385844,5.6057854
1761098382997,-8.588439,-3.3649068,5.5675
1761098383000,-8.730213,-3.3284163,5.5675
1761098383002,-8.910274,-3.3110683,5.619544
1761098383004,-8.986844,-3.3194432,5.7194443
1761098383007,-9.086744,-3.3278182,5.8097734
1761098383009,-9.15793,-3.3409786,5.928218
1761098383011,-9.205189,-3.3403804,6.113064
1761098383013,-9.319446,-3.3343983,6.2841506
1761098383015,-9.419347,-3.347559,6.4977098
1761098383017,-9.542577,-3.3409786,6.7256265
1761098383020,-9.632906,-3.3589249,6.9816585
1761098383022,-9.717851,-3.3439696,7.223932
1761098383024,-9.812965,-3.3427732,7.4470625
1761098383027,-9.869197,-3.3086755,7.693523
1761098383029,-9.954143,-3.2787652,7.8831544
1761098383032,-9.991231,-3.2398818,8.087142
1761098383033,-10.042677,-3.1962128,8.282157
1761098383036,-10.098908,-3.1573296,8.467003
1761098383038,-10.183255,-3.0843484,8.651849
1761098383040,-10.301102,-3.0346973,8.851051
1761098383042,-10.399805,-2.9802606,9.040682
1761098383045,-10.503295,-2.9072795,9.239884
1761098383048,-10.615758,-2.833102,9.391829
1761098383050,-10.718649,-2.74038,9.552746
1761098383052,-10.783256,-2.6249263,9.708878
1761098383054,-10.852647,-2.5274189,9.813564
1761098383057,-10.907682,-2.4065814,9.912866
1761098383058,-10.938788,-2.300699,9.983455
1761098383060,-10.956735,-2.228316,10.054641
1761098383063,-10.984252,-2.1655045,10.11147
1761098383065,-10.978271,-2.1080768,10.144372
1761098383067,-10.972288,-2.050649,10.163514
1761098383069,-10.966905,-1.9884356,10.186844
1761098383072,-10.913066,-1.9124635,10.219746
1761098383074,-10.892727,-1.8364913,10.234102
1761098383076,-10.847861,-1.7264216,10.243075
1761098383078,-10.804193,-1.6743777,10.228719
1761098383080,-10.779666,-1.6073786,10.186246
1761098383083,-10.759327,-1.550549,10.162318
1761098383085,-10.744371,-1.4787644,10.13839
1761098383087,-10.705488,-1.4452649,10.10489
1761098383090,-10.70489,-1.4213367,10.07139
1761098383092,-10.685149,-1.3734802,10.080962
1761098383094,-10.666007,-1.3453646,10.061819
1761098383096,-10.655239,-1.2783655,10.085748
1761098383099,-10.649856,-1.230509,10.118649
1761098383101,-10.634302,-1.1587243,10.15155
1761098383103,-10.6612215,-1.0911272,10.217951
1761098383105,-10.692926,-1.0091729,10.326824
1761098383108,-10.715658,-0.9320044,10.4261265
1761098383110,-10.752149,-0.86919284,10.478768
1761098383112,-10.803595,-0.8009974,10.582856
1761098383114,-10.883156,-0.7280163,10.686944
1761098383117,-10.920244,-0.6795616,10.782059
1761098383119,-10.966905,-0.6406783,10.876575
1761098383121,-11.027323,-0.5820541,11.009377
1761098383123,-11.064412,-0.5240282,11.118251
1761098383126,-11.091929,-0.46181476,11.241481
1761098383128,-11.133205,-0.39840496,11.388639
1761098383130,-11.170295,-0.33559337,11.507084
1761098383133,-11.197213,-0.2536392,11.583056
1761098383135,-11.196017,-0.17706887,11.630315
1761098383137,-11.218749,-0.109471634,11.677572
1761098383139,-11.222338,-0.052043892,11.710474
1761098383141,-11.259427,0.020338992,11.705688
1761098383144,-11.263016,0.0735793,11.667403
1761098383146,-11.252847,0.12622139,11.605788
1761098383148,-11.252249,0.14596218,11.557932
1761098383150,-11.222937,0.20279172,11.477174
1761098383153,-11.194222,0.2219343,11.382657
1761098383155,-11.155339,0.2548356,11.306087
1761098383157,-11.130813,0.29790643,11.220544
1761098383159,-11.093125,0.3074777,11.126027
1761098383162,-11.0686,0.33559337,11.040483
1761098383165,-11.020742,0.3493521,10.931012
1761098383166,-10.973485,0.36311084,10.836495
1761098383168,-10.930414,0.35294133,10.750952
1761098383171,-10.892727,0.3385844,10.660624
1761098383173,-10.831112,0.3469593,10.579865
1761098383176,-10.783854,0.3367898,10.51825
1761098383178,-10.7126665,0.3164508,10.475778
1761098383180,-10.604392,0.29072794,10.404591
1761098383182,-10.490134,0.30329028,10.342976
1761098383184,-10.366904,0.27218357,10.290932
1761098383186,-10.253245,0.2416751,10.247861
1761098383189,-10.125827,0.2105684,10.219746
1761098383191,-10.017552,0.16570297,10.200603
1761098383193,-9.909277,0.11066805,10.158131
1761098383195,-9.776475,0.06999006,10.134202
1761098383198,-9.682557,0.015553347,10.144372
1761098383201,-9.579067,-0.029312078,10.158729
1761098383203,-9.479765,-0.07956135,10.182058
1761098383205,-9.376874,-0.14356937,10.182656
1761098383207,-9.292527,-0.20757736,10.253843
1761098383209,-9.19801,-0.25722843,10.277771
1761098383211,-9.094521,-0.32662028,10.3017
1761098383213,-8.971291,-0.34337005,10.3441725
1761098383216,-8.886943,-0.40259242,10.410573
1761098383218,-8.783454,-0.4671986,10.482358
1761098383220,-8.708678,-0.5210371,10.515259
1761098383222,-8.666803,-0.5940182,10.587044
1761098383225,-8.606385,-0.6628119,10.653444
1761098383227,-8.545966,-0.721436,10.719846
1761098383229,-8.509476,-0.8135597,10.758131
1761098383232,-8.453244,-0.8769695,10.815558
1761098383234,-8.373683,-0.9314062,10.872388
1761098383236,-8.303095,-0.98524475,10.901102
1761098383238,-8.242078,-1.0396814,10.939387
1761098383240,-8.162517,-1.0989038,10.962717
1761098383243,-8.082955,-1.1718849,10.968101
1761098383245,-8.003393,-1.2215359,10.963315
1761098383247,-7.928618,-1.2855439,10.972886
1761098383249,-7.8293157,-1.3399807,10.944771
1761098383252,-7.773084,-1.3794622,10.916057
1761098383254,-7.7072816,-1.4093726,10.902298
1761098383256,-7.6743803,-1.4434702,10.883156
1761098383258,-7.6133633,-1.463211,10.826326
1761098383261,-7.556534,-1.4835501,10.76471
1761098383264,-7.5379896,-1.5074782,10.722239
1761098383265,-7.5146594,-1.5463617,10.66481
1761098383268,-7.533802,-1.550549,10.589437
1761098383270,-7.539186,-1.579263,10.513465
1761098383272,-7.563114,-1.5643078,10.437492
1761098383274,-7.5960155,-1.5637096,10.356734
1761098383277,-7.59123,-1.5684953,10.271192
1761098383279,-7.5864444,-1.5487545,10.176077
1761098383281,-7.5960155,-1.5391831,10.1288185
1761098383284,-7.5960155,-1.5433706,10.071989
1761098383286,-7.59123,-1.5481563,10.01516
1761098383288,-7.582257,-1.5918252,9.976874
1761098383290,-7.5732837,-1.6253247,9.958329
1761098383292,-7.5607214,-1.7024933,9.9344015
1761098383295,-7.5517483,-1.7407784,9.958329
1761098383297,-7.5146594,-1.8041883,9.939785
1761098383299,-7.463812,-1.8771694,9.925428
1761098383302,-7.389036,-1.9507487,9.954143
1761098383304,-7.295118,-2.0147567,9.997213
1761098383306,-7.186843,-2.0644078,10.0163555
1761098383308,-7.0875406,-2.1050856,10.049257
1761098383310,-6.9894347,-2.1738794,10.068399
1761098383313,-6.905088,-2.2378874,10.116256
1761098383315,-6.8488564,-2.3012972,10.125827
1761098383317,-6.7932234,-2.393421,10.140184
1761098383320,-6.766304,-2.4855444,10.140184
1761098383322,-6.739983,-2.5914268,10.126426
1761098383324,-6.723233,-2.716452,10.150353
1761098383326,-6.7387867,-2.797808,10.155139
1761098383329,-6.702894,-2.909074,10.160523
1761098383331,-6.661618,-3.025126,10.203594
1761098383333,-6.605985,-3.0837502,10.232307
1761098383335,-6.512067,-3.1483564,10.265209
1761098383338,-6.465407,-3.2015967,10.279566
1761098383340,-6.40439,-3.2416766,10.313066
1761098383342,-6.32423,-3.2715867,10.322637
1761098383344,-6.2674007,-3.2823544,10.30828
1761098383347,-6.2057858,-3.2979078,10.270593
1761098383349,-6.17767,-3.3026934,10.246665
1761098383351,-6.1495543,-3.32722,10.18505
1761098383353,-6.126224,-3.3613176,10.142577
1761098383356,-6.0981083,-3.370889,10.033105
1761098383358,-6.117251,-3.3894334,9.938589
1761098383360,-6.117251,-3.4037902,9.857831
1761098383363,-6.1274204,-3.4277184,9.762716
1761098383365,-6.128019,-3.441477,9.682557
1761098383368,-6.1232333,-3.4606197,9.582657
1761098383369,-6.113662,-3.4558342,9.521041
1761098383372,-6.0897336,-3.441477,9.416355
1761098383374,-6.047261,-3.4666018,9.349955
1761098383376,-6.023931,-3.461816,9.265009
1761098383382,-5.9952173,-3.461816,9.165109
1761098383382,-5.9712887,-3.4624143,9.084352
1761098383388,-5.962316,-3.4624143,8.980264
1761098383389,-5.9712887,-3.4426737,8.870791
1761098383389,-5.9712887,-3.4420755,8.757133
1761098383395,-5.994619,-3.4127634,8.623733
1761098383395,-6.042475,-3.4211383,8.510074
1761098383395,-6.113662,-3.4103706,8.362915
1761098383396,-6.2087765,-3.4223347,8.249256
1761098383398,-6.323034,-3.4247274,8.1020975
1761098383400,-6.422934,-3.4325042,7.978269
1761098383402,-6.5318074,-3.4157543,7.845467
1761098383405,-6.6311097,-3.3804603,7.7503524
1761098383407,-6.7112694,-3.3690944,7.6510506
1761098383409,-6.7818575,-3.3290145,7.5936227
1761098383412,-6.8333035,-3.2799616,7.55115
1761098383414,-6.884749,-3.2309089,7.475178
1761098383416,-6.931409,-3.1872396,7.436893
1761098383418,-6.969096,-3.1525438,7.384849
1761098383421,-6.992426,-3.1232316,7.3513494
1761098383423,-7.029515,-3.0795627,7.313064
1761098383425,-7.0145597,-3.0269206,7.2897344
1761098383427,-7.0097737,-3.016751,7.251449
1761098383430,-6.9948187,-2.9838498,7.2179494
1761098383432,-6.960721,-2.9312077,7.203593
1761098383434,-6.9355965,-2.8689942,7.151549
1761098383436,-6.882356,-2.7882366,7.094121
1761098383439,-6.800402,-2.7320054,7.0229344
1761098383441,-6.713662,-2.6566312,6.9278197
1761098383443,-6.6556363,-2.5998018,6.795018
1761098383445,-6.588039,-2.5286152,6.690332
1761098383448,-6.5114684,-2.4765713,6.585646
1761098383450,-6.4492555,-2.4634109,6.4528446
1761098383452,-6.4008007,-2.4107687,6.305686
1761098383454,-6.343373,-2.3778675,6.163313
1761098383457,-6.309873,-2.3539393,6.0251274
1761098383459,-6.3044896,-2.3347967,5.873781
1761098383461,-6.318846,-2.3246272,5.7170515
1761098383463,-6.352346,-2.352743,5.58425
1761098383466,-6.4008007,-2.3898315,5.4699926
1761098383468,-6.458228,-2.3982065,5.3419766
1761098383470,-6.500701,-2.39701,5.2426744
1761098383472,-6.576673,-2.376073,5.1475596
1761098383475,-6.585646,-2.3712873,5.1236315
1761098383477,-6.585646,-2.347359,5.104489
1761098383479,-6.613762,-2.3371894,5.1092744
1761098383482,-6.622735,-2.3030918,5.128417
1761098383484,-6.6125655,-2.265405,5.194818
1761098383487,-6.6215386,-2.2319052,5.232505
1761098383489,-6.6161547,-2.1984057,5.3180485
1761098383491,-6.6245294,-2.1547368,5.3700924
1761098383494,-6.6281185,-2.0781665,5.45085
1761098383496,-6.617949,-2.0207388,5.5166526
1761098383497,-6.611967,-1.9537396,5.573482
1761098383500,-6.5964136,-1.8921245,5.6446686
1761098383502,-6.6000032,-1.814956,5.663213
1761098383504,-6.5892353,-1.7527425,5.691927
1761098383507,-6.6071815,-1.6809579,5.7343993
1761098383509,-6.634101,-1.6031911,5.7391853
1761098383511,-6.63769,-1.5266209,5.7720866
1761098383513,-6.6502523,-1.4350954,5.762515
1761098383516,-6.672386,-1.3387842,5.7338014
1761098383518,-6.6705914,-1.2424731,5.7188463
1761098383520,-6.65444,-1.1324034,5.7140603
1761098383522,-6.629315,-1.0606186,5.680561
1761098383525,-6.5754766,-0.9607183,5.6709895
1761098383527,-6.5312095,-0.86081797,5.6327047
1761098383529,-6.4677997,-0.7609176,5.623133
1761098383531,-6.399006,-0.6418747,5.6129637
1761098383534,-6.3068824,-0.54735816,5.622535
1761098383537,-6.2147584,-0.43848476,5.6267223
1761098383538,-6.13759,-0.34396824,5.6123657
1761098383540,-6.041279,-0.28295127,5.5980086
1761098383542,-5.973682,-0.21714866,5.5836515
1761098383546,-5.9353967,-0.21296121,5.5316076
1761098383548,-5.8881383,-0.20398813,5.4699926
1761098383549,-5.879165,-0.232702,5.4412785
1761098383552,-5.870192,-0.28115666,5.398806
1761098383554,-5.8420763,-0.3056831,5.3940206
1761098383556,-5.819943,-0.37328035,5.413163
1761098383558,-5.782256,-0.40737805,5.413163
1761098383560,-5.7690954,-0.45583272,5.451448
1761098383563,-5.727221,-0.50488555,5.4849477
1761098383565,-5.675177,-0.5300102,5.5465627
1761098383567,-5.61416,-0.57906306,5.608178
1761098383570,-5.5429735,-0.58983076,5.703293
1761098383572,-5.4867425,-0.62931234,5.745765
1761098383574,-5.4299126,-0.6550352,5.8600225
1761098383576,-5.388038,-0.6843473,5.9503517
1761098383579,-5.316852,-0.69571316,6.0167527
1761098383581,-5.283951,-0.715454,6.087939
1761098383583,-5.250451,-0.70648086,6.1639113
1761098383585,-5.245067,-0.6879365,6.1878395
1761098383588,-5.2307105,-0.66400826,6.2063837
1761098383590,-5.206782,-0.6454639,6.230312
1761098383592,-5.2013984,-0.60717875,6.2488565
1761098383594,-5.2049875,-0.5395815,6.2440705
1761098383596,-5.2372904,-0.4863412,6.224928
1761098383599,-5.250451,-0.4331009,6.2105713
1761098383601,-5.258826,-0.35593235,6.181857
1761098383603,-5.285745,-0.2835495,6.1441703
1761098383606,-5.308477,-0.2015953,6.1154566
1761098383608,-5.334798,-0.10468599,6.081957
1761098383610,-5.371289,-0.017347964,6.029315
1761098383612,-5.3886366,0.10767702,5.9671016
1761098383614,-5.415556,0.19501504,5.9007006
1761098383617,-5.413761,0.2961118,5.8432727
1761098383619,-5.4263234,0.38763726,5.838487
1761098383621,-5.4388857,0.48873404,5.814559
1761098383624,-5.413163,0.5838487,5.8097734
1761098383626,-5.411967,0.6801598,5.7810597
1761098383628,-5.3922257,0.72323066,5.799604
1761098383630,-5.4000025,0.81894356,5.813961
1761098383632,-5.4227343,0.8817552,5.8043895
1761098383635,-5.4406805,0.9445667,5.818148
1761098383637,-5.4442697,1.0073783,5.7990055
1761098383639,-5.500501,1.0420742,5.79422
1761098383642,-5.562116,1.052842,5.7990055
1761098383644,-5.6237316,1.0630114,5.7990055
1761098383646,-5.6997037,1.0600204,5.8229337
1761098383649,-5.7613187,1.07019,5.8271213
1761098383651,-5.8271213,1.1150553,5.836693
1761098383653,-5.8510494,1.1102697,5.860621
1761098383655,-5.8743796,1.1204392,5.8887367
1761098383657,-5.873781,1.1395818,5.912665
1761098383660,-5.86421,1.1682956,5.9174504
1761098383662,-5.8683977,1.1826526,5.9318075
1761098383664,-5.858826,1.1826526,5.945566
1761098383667,-5.8396835,1.18684,5.964709
1761098383669,-5.8301125,1.2059826,5.9934225
1761098383671,-5.8019967,1.180858,6.0454664
1761098383674,-5.768497,1.1952149,6.0550375
1761098383676,-5.697311,1.2077773,6.0831532
1761098383678,-5.649454,1.2167503,6.1214385
1761098383680,-5.5872407,1.2251252,6.15434
1761098383682,-5.5447683,1.2340983,6.1639113
1761098383685,-5.473582,1.2370893,6.202196
1761098383687,-5.4113684,1.2460624,6.220741
1761098383690,-5.36411,1.244866,6.244669
1761098383692,-5.2492547,1.2717853,6.3110695
1761098383694,-5.1732826,1.2843475,6.339185
1761098383697,-5.0733824,1.2921243,6.3631134
1761098383698,-5.0159545,1.3202399,6.382256
1761098383700,-4.929813,1.3519448,6.424729
1761098383703,-4.886742,1.3800604,6.448657
1761098383705,-4.814957,1.4075779,6.500701
1761098383707,-4.7425747,1.4494523,6.5479593
1761098383709,-4.700102,1.4530416,6.5904317
1761098383711,-4.6325045,1.5050855,6.647261
1761098383714,-4.5708895,1.5086746,6.695118
1761098383716,-4.517649,1.5601203,6.732805
1761098383718,-4.4458647,1.5684953,6.808777
1761098383721,-4.435695,1.6013966,6.8656063
1761098383723,-4.4075794,1.591227,6.946364
1761098383725,-4.36391,1.6384853,6.998408
1761098383727,-4.331009,1.6378871,7.0504518
1761098383729,-4.2646084,1.6271194,7.1168528
1761098383732,-4.2311087,1.6450655,7.2263246
1761098383734,-4.1832523,1.6540387,7.2352977
1761098383736,-4.1353955,1.6719848,7.2969127
1761098383739,-4.0971107,1.6761723,7.3160553
1761098383741,-4.0827537,1.6953149,7.359126
1761098383743,-4.0677986,1.7377875,7.3776703
1761098383745,-4.057629,1.75693,7.382456
1761098383748,-4.0384865,1.771287,7.3633137
1761098383750,-4.043272,1.7760726,7.3776703
1761098383752,-4.019344,1.7994026,7.3633137
1761098383755,-3.999603,1.8376877,7.320243
1761098383756,-3.9661036,1.8466609,7.3106713
1761098383759,-3.9517467,1.8562322,7.2825556
1761098383761,-3.9463627,1.8801605,7.292127
1761098383763,-3.9128633,1.8939191,7.27777
1761098383766,-3.8937206,1.9130617,7.2915287
1761098383768,-3.8739798,1.945963,7.305886
1761098383770,-3.8602211,1.931606,7.3106713
1761098383772,-3.8500516,1.9746768,7.339385
1761098383774,-3.863212,2.0177476,7.3579297
1761098383777,-3.8721852,2.0422742,7.381858
1761098383779,-3.8907297,2.070988,7.433902
1761098383782,-3.909274,2.114657,7.4620175
1761098383784,-3.9655054,2.158326,7.5236325
1761098383786,-4.0121655,2.1834507,7.561918
1761098383788,-4.0683966,2.2325034,7.6139617
1761098383791,-4.0911283,2.2851455,7.6660056
1761098383792,-4.161717,2.3246272,7.708478
1761098383795,-4.241876,2.364707,7.78445
1761098383797,-4.322036,2.4089742,7.8173513
1761098383799,-4.3878384,2.4532413,7.8221374
1761098383802,-4.4488554,2.4975085,7.878967
1761098383804,-4.462016,2.5603201,7.9070826
1761098383806,-4.517649,2.62373,7.963912
1761098383809,-4.540381,2.6913273,7.973483
1761098383811,-4.5487556,2.7391837,7.9968133
1761098383813,-4.581059,2.7828526,8.058429
1761098383815,-4.5858445,2.7972097,8.129615
1761098383817,-4.627719,2.8408787,8.196015
1761098383820,-4.6414776,2.865405,8.271988
1761098383822,-4.6504507,2.8989046,8.352746
1761098383824,-4.6546383,2.9419754,8.419147
1761098383826,-4.644469,2.9748766,8.490333
1761098383829,-4.6582274,3.0041888,8.551949
1761098383831,-4.638487,3.0514472,8.622537
1761098383833,-4.64746,3.0801609,8.693723
1761098383835,-4.6462636,3.132803,8.745767
1761098383838,-4.6504507,3.1669009,8.802596
1761098383840,-4.6504507,3.1758738,8.860024
1761098383842,-4.659424,3.2099717,8.940184
1761098383844,-4.6636114,3.2237303,9.006584
1761098383847,-4.6636114,3.2333016,9.077771
1761098383849,-4.639085,3.266203,9.153743
1761098383851,-4.6097727,3.2991042,9.229715
1761098383854,-4.5768714,3.3080773,9.281759
1761098383856,-4.538586,3.321836,9.357731
1761098383858,-4.5044885,3.345166,9.376874
1761098383860,-4.456632,3.3637104,9.41456
1761098383863,-4.418347,3.3966117,9.452248
1761098383865,-4.3944187,3.4007993,9.490533
1761098383867,-4.3609195,3.4241292,9.490533
1761098383870,-4.3130627,3.418147,9.500104
1761098383871,-4.298706,3.4277184,9.47139
1761098383874,-4.2568316,3.4079776,9.476176
1761098383876,-4.232305,3.4313076,9.485747
1761098383879,-4.19402,3.4402807,9.500104
1761098383881,-4.179663,3.449852,9.533006
1761098383883,-4.150949,3.463611,9.533006
1761098383885,-4.1461635,3.487539,9.561719
1761098383887,-4.126423,3.5156546,9.561121
1761098383889,-4.1168513,3.5252259,9.580264
1761098383892,-4.121039,3.5587256,9.575478
1761098383894,-4.115655,3.6017964,9.565907
1761098383896,-4.1150565,3.6263227,9.556335
1761098383898,-4.1431723,3.650849,9.546764
1761098383901,-4.171288,3.656233,9.504292
1761098383903,-4.194618,3.6951163,9.485149
1761098383905,-4.2370906,3.6957145,9.45165
1761098383908,-4.274778,3.720241,9.45165
1761098383910,-4.3172503,3.74058,9.427721
1761098383912,-4.354937,3.7746778,9.408579
1761098383914,-4.401597,3.8093736,9.403793
1761098383917,-4.430311,3.8051863,9.399008
1761098383920,-4.4913282,3.8398821,9.389436
1761098383921,-4.529015,3.8691943,9.399008
1761098383923,-4.566702,3.8650067,9.403793
1761098383925,-4.5762734,3.8793638,9.442079
1761098383927,-4.5948176,3.8895333,9.446265
1761098383930,-4.613362,3.9140596,9.427721
1761098383933,-4.6037908,3.9278183,9.431909
1761098383934,-4.627121,3.9379878,9.431909
1761098383937,-4.6504507,3.9816568,9.417552
1761098383939,-4.674379,3.9774694,9.399008
1761098383941,-4.674379,3.9774694,9.379865
1761098383943,-4.70728,3.9780676,9.346365
1761098383945,-4.731209,3.9786658,9.299107
1761098383948,-4.731209,3.9834516,9.279964
1761098383950,-4.712664,3.964309,9.223135
1761098383952,-4.6935215,3.9541395,9.204591
1761098383955,-4.6749773,3.9248273,9.151948
1761098383957,-4.6229334,3.9098723,9.128618
1761098383959,-4.595416,3.8709888,9.0951185
1761098383961,-4.5248275,3.8410785,9.086145
1761098383964,-4.4488554,3.8207395,9.038289
1761098383966,-4.39741,3.7860436,9.019745
1761098383968,-4.3411784,3.7561333,8.977272
1761098383970,-4.274778,3.74058,8.938987
1761098383973,-4.1988053,3.7298124,8.9108715
1761098383975,-4.1904306,3.6867416,8.8492565
1761098383977,-4.119244,3.685545,8.791828
1761098383980,-4.0719857,3.6610186,8.768498
1761098383982,-4.043272,3.6556349,8.7164545
1761098383984,-3.9972103,3.6017964,8.692527
1761098383986,-3.9690945,3.577868,8.635697
1761098383988,-3.9744785,3.539583,8.635697
1761098383991,-3.955934,3.5150564,8.593225
1761098383993,-3.9367914,3.5001013,8.583653
1761098383995,-3.9565322,3.4576287,8.555537
1761098383997,-3.947559,3.4289148,8.512466
1761098384000,-3.99063,3.4247274,8.493922
1761098384002,-4.024728,3.3822548,8.469994
1761098384004,-4.039683,3.3487554,8.432307
1761098384006,-4.0833516,3.2967114,8.403593
1761098384009,-4.1407795,3.2596226,8.389834
1761098384012,-4.1838503,3.2410784,8.365906
1761098384014,-4.260421,3.1944182,8.333005
1761098384015,-4.2945185,3.1663027,8.290532
1761098384018,-4.341777,3.1579278,8.252247
1761098384020,-4.395017,3.1202407,8.2145605
1761098384022,-4.4668016,3.083152,8.185846
1761098384024,-4.5338006,3.050849,8.105687
1761098384027,-4.6007996,3.028117,8.076973
1761098384029,-4.653442,3.0005996,8.001
1761098384032,-4.7162533,2.9395826,7.920841
1761098384034,-4.7784667,2.9114668,7.872985
1761098384036,-4.8269215,2.8695927,7.7976108
1761098384038,-4.894519,2.8085756,7.7216387
1761098384041,-4.923831,2.7708886,7.6127653
1761098384042,-4.9956155,2.7385855,7.5176506
1761098384045,-5.044668,2.6632116,7.4039917
1761098384047,-5.083552,2.6111677,7.266404
1761098384049,-5.136792,2.5501506,7.1336026
1761098384052,-5.194818,2.4939194,6.9535427
1761098384054,-5.2199426,2.4035904,6.783054
1761098384056,-5.278567,2.309074,6.602994
1761098384058,-5.323432,2.2139592,6.4277196
1761098384061,-5.3682976,2.0949163,6.2662044
1761098384063,-5.408377,1.9710877,6.1244297
1761098384065,-5.4382877,1.875973,5.9964137
1761098384068,-5.445466,1.7611175,5.892326
1761098384070,-5.4616175,1.6462619,5.759524
1761098384072,-5.4352965,1.5308083,5.6554365
1761098384074,-5.4089756,1.4057833,5.5369916
1761098384076,-5.400601,1.3196417,5.4520464
1761098384079,-5.374878,1.1802598,5.3479586
1761098384081,-5.3629136,1.0600204,5.267201
1761098384083,-5.4029937,0.92602235,5.215755
1761098384085,-5.3814583,0.80578303,5.163711
1761098384088,-5.3982077,0.65264237,5.0973105
1761098384090,-5.395217,0.5617151,5.026722
1761098384093,-5.3832526,0.42711884,4.965107
1761098384095,-5.3856454,0.2973082,4.9178486
1761098384097,-5.407181,0.15373886,4.8711886
1761098384099,-5.3994045,0.053240303,4.8287163
1761098384101,-5.3922257,-0.08135597,4.795815
1761098384104,-5.3940206,-0.20638095,4.729414
1761098384105,-5.386244,-0.29252258,4.6965127
1761098384108,-5.3736815,-0.39840496,4.65404
1761098384110,-5.352146,-0.49950173,4.65404
1761098384113,-5.3342,-0.57188463,4.606782
1761098384115,-5.339584,-0.6149554,4.5451665
1761098384117,-5.3312087,-0.6628119,4.4979086
1761098384119,-5.3270216,-0.72083783,4.4171505
1761098384122,-5.3330035,-0.7585248,4.341777
1761098384124,-5.3336015,-0.7920243,4.222734
1761098384126,-5.3766723,-0.82013994,4.1425743
1761098384128,-5.386244,-0.8386843,4.0235314
1761098384130,-5.4059844,-0.8572287,3.8578284
1761098384133,-5.4113684,-0.8853444,3.7298124
1761098384136,-5.4263234,-0.9236295,3.5635111
1761098384138,-5.445466,-0.93679005,3.3834512
1761098384139,-5.45085,-0.9798609,3.21715
1761098384142,-5.447261,-1.0372887,3.0466614
1761098384144,-5.4723854,-1.0989038,2.9042885
1761098384146,-5.4783673,-1.174876,2.7619154
1761098384148,-5.5076795,-1.2269198,2.629114
1761098384150,-5.494519,-1.2843475,2.4681966
1761098384153,-5.476573,-1.3471591,2.3449662
1761098384155,-5.4107704,-1.3914263,2.2265215
1761098384157,-5.35095,-1.4979069,2.1128623
1761098384160,-5.2624154,-1.5804594,2.0087745
1761098384162,-5.2019963,-1.6630118,1.9136599
1761098384164,-5.113462,-1.750948,1.8287147
1761098384166,-5.0482574,-1.8430717,1.7383857
1761098384169,-4.950152,-1.9262222,1.672583
1761098384172,-4.861019,-1.9758734,1.5774683
1761098384173,-4.800002,-2.0488544,1.4973087
1761098384175,-4.725825,-2.1218355,1.4452649
1761098384178,-4.6600223,-2.1852453,1.3645071
1761098384180,-4.599005,-2.2295125,1.302892
1761098384182,-4.566702,-2.2636101,1.2556337
1761098384185,-4.5391846,-2.3168504,1.1940185
1761098384187,-4.5206404,-2.3455644,1.1467602
1761098384189,-4.5020957,-2.3700907,1.0989038
1761098384191,-4.516453,-2.3742783,1.0139586
1761098384194,-4.5158544,-2.3503501,0.91884387
1761098384196,-4.5248275,-2.3162522,0.80937225
1761098384198,-4.562515,-2.3054845,0.7190432
1761098384200,-4.604987,-2.2660031,0.59581286
1761098384202,-4.657031,-2.260021,0.5102694
1761098384205,-4.6803613,-2.245066,0.35353956
1761098384207,-4.727619,-2.2295125,0.2111666
1761098384209,-4.7515473,-2.2241287,0.09272188
1761098384211,-4.7653065,-2.1900308,0.0071784677
1761098384214,-4.831109,-2.164308,-0.08793623
1761098384216,-4.8681974,-2.0961127,-0.18305093
1761098384218,-4.933402,-2.0374885,-0.24466611
1761098384221,-4.970491,-1.9645073,-0.33020952
1761098384223,-5.044668,-1.8622142,-0.41575295
1761098384225,-5.1008997,-1.7988044,-0.46839502
1761098384228,-5.1990056,-1.7150556,-0.5300102
1761098384230,-5.2923255,-1.6271194,-0.56829536
1761098384232,-5.4293146,-1.5571294,-0.6538388
1761098384234,-5.56092,-1.5020944,-0.6681957
1761098384236,-5.6931233,-1.4560326,-0.67776704
1761098384239,-5.849853,-1.4297116,-0.6161518
1761098384241,-6.0155563,-1.3980067,-0.57846487
1761098384243,-6.166902,-1.3716856,-0.4408776
1761098384246,-6.3278193,-1.3495519,-0.3080759
1761098384248,-6.4797635,-1.338186,-0.12323037
1761098384250,-6.59761,-1.2933207,0.10468599
1761098384252,-6.7256265,-1.2867404,0.37986058
1761098384254,-6.8721867,-1.2705889,0.7262217
1761098384257,-6.9858456,-1.2358929,1.0773684
1761098384260,-7.137192,-1.2005987,1.4620147
1761098384261,-7.288538,-1.1796615,1.8604196
1761098384263,-7.4303126,-1.1539388,2.292324
1761098384266,-7.5864444,-1.1377872,2.7290142
1761098384268,-7.733603,-1.1216356,3.1657043
1761098384270,-7.87119,-1.1204392,3.5928233
1761098384272,-7.9944205,-1.1192428,4.0295134
1761098384275,-8.145766,-1.1030912,4.447061
1761098384277,-8.255239,-1.1210374,4.8598228
1761098384279,-8.369495,-1.1443675,5.2630134
1761098384281,-8.446664,-1.1964114,5.681159
1761098384284,-8.514261,-1.282553,6.084948
1761098384286,-8.576474,-1.3304094,6.502496
1761098384288,-8.620742,-1.4219348,6.920043
1761098384290,-8.655437,-1.5038891,7.3046894
1761098384293,-8.699705,-1.6097715,7.6893353
1761098384295,-8.710473,-1.6875381,8.073982
1761098384297,-8.702696,-1.7796619,8.472985
1761098384300,-8.65125,-1.8580267,8.810373
1761098384302,-8.595617,-1.922633,9.137591
1761098384304,-8.515457,-1.9674984,9.451052
1761098384306,-8.449655,-2.012962,9.698111
1761098384309,-8.374879,-2.0865414,9.954741
1761098384311,-8.347362,-2.164308,10.144372
1761098384313,-8.343174,-2.1936202,10.339387
1761098384316,-8.330014,-2.25703,10.519446
1761098384318,-8.288139,-2.3060827,10.63849
1761098384320,-8.260024,-2.3449662,10.756934
1761098384322,-8.198408,-2.3461626,10.809576
1761098384324,-7.9854474,-2.114657,10.84188
1761098384327,-7.603792,-1.727618,10.750952
1761098384329,-7.5930243,-1.948954,10.756336
1761098384331,-7.780861,-2.0847468,10.746765
1761098384333,-8.009974,-2.1379871,10.685748
1761098384335,-8.119446,-2.179263,10.590633
1761098384338,-8.099705,-2.11705,10.485947
1761098384340,-8.002197,-1.9788643,10.353146
1761098384343,-7.8664045,-1.8083757,10.200603
1761098384345,-7.7210402,-1.6277176,10.029516
1761098384347,-7.5613194,-1.4668003,9.848858
1761098384350,-7.469196,-1.3573287,9.629914
1761098384352,-7.41117,-1.3004991,9.41157
1761098384354,-7.3956165,-1.2137593,9.193225
1761098384356,-7.3716884,-1.1850454,8.955737
1761098384358,-7.380063,-1.1072787,8.78465
1761098384360,-7.3830543,-1.0301101,8.580662
1761098384363,-7.366903,-0.91465646,8.423334
1761098384365,-7.355537,-0.7848458,8.304291
1761098384367,-7.353144,-0.65982085,8.190632
1761098384369,-7.3842506,-0.5246264,8.133204
1761098384372,-7.4679995,-0.4127619,8.156534
1761098384374,-7.5667033,-0.36311084,8.199007
1761098384376,-7.6755767,-0.33260235,8.298907
1761098384378,-7.8227353,-0.33020952,8.474181
1761098384380,-7.984251,-0.35712877,8.692527
1761098384383,-8.122437,-0.38404804,8.973084
1761098384385,-8.251649,-0.44027936,9.28116
1761098384387,-8.352147,-0.4869394,9.647263
1761098384390,-8.462217,-0.54376894,10.088738
1761098384392,-8.543573,-0.6011967,10.553544
1761098384394,-8.624929,-0.6436693,11.023734
1761098384396,-8.654242,-0.6831509,11.517254
1761098384399,-8.683554,-0.74596244,11.9922285
1761098384401,-8.679366,-0.8045866,12.409777
1761098384403,-8.690134,-0.88235337,12.836895
1761098384406,-8.662616,-0.9559326,13.174283
1761098384408,-8.597412,-1.0055838,13.506886
1761098384410,-8.513064,-1.1084751,13.791632
1761098384412,-8.376674,-1.1790633,14.0291195
1761098384414,-8.212168,-1.2687942,14.276178
1761098384417,-8.032107,-1.3202399,14.447265
1761098384419,-7.810173,-1.3968102,14.584852
1761098384421,-7.611569,-1.4530416,14.660825
1761098384424,-7.4273214,-1.5092729,14.727225
1761098384426,-7.242476,-1.5176477,14.770296
1761098384428,-6.954739,-1.3591232,14.712869
1761098384430,-6.6777697,-1.2867404,14.584254
1761098384432,-6.5886374,-1.3507484,14.560924
1761098384435,-6.6131635,-1.4081762,14.461622
1761098384437,-6.6999035,-1.4542379,14.3569355
1761098384439,-6.7184477,-1.4392828,14.200206
1761098384441,-6.687939,-1.2999009,14.001003
1761098384443,-6.6514487,-1.1365907,13.772489
1761098384446,-6.5868425,-0.93559366,13.4967165
1761098384448,-6.5778694,-0.7040881,13.154543
1761098384450,-6.559923,-0.49232325,12.812368
1761098384452,-6.6095743,-0.31286156,12.422937
1761098384455,-6.6927247,-0.18125631,12.02872
1761098384457,-6.8045893,-0.05802595,11.610574
1761098384459,-6.921838,0.060418773,11.193027
1761098384461,-7.0247293,0.16869399,10.812568
1761098384464,-7.1563344,0.24885355,10.432707
1761098384466,-7.2640114,0.34277186,10.100702
1761098384468,-7.381858,0.38883367,9.796814
1761098384470,-7.5050883,0.43010986,9.530613
1761098384473,-7.5900335,0.45583272,9.373882
1761098384475,-7.708478,0.45822555,9.293723
1761098384477,-7.8083787,0.46002015,9.265009
1761098384479,-7.908877,0.41336012,9.30808
1761098384482,-7.9998045,0.3906283,9.416953
1761098384484,-8.109276,0.3684947,9.573684
1761098384486,-8.200203,0.31166515,9.8015995
1761098384489,-8.244471,0.24466611,10.048658
1761098384491,-8.292925,0.1680958,10.347761
1761098384493,-8.313264,0.09092726,10.6612215
1761098384495,-8.343174,-5.9820566E-4,10.945967
1761098384497,-8.401798,-0.10109676,11.259427
1761098384500,-8.450851,-0.18723837,11.59203
1761098384502,-8.519047,-0.31166515,11.895918
1761098384504,-8.5681,-0.39780676,12.162119
1761098384507,-8.588439,-0.465404,12.375679
1761098384509,-8.608179,-0.5419743,12.537194
1761098384511,-8.623733,-0.6095716,12.670594
1761098384513,-8.624331,-0.6334998,12.727424
1761098384516,-8.630313,-0.7052845,12.756138
1761098384518,-8.616554,-0.7298109,12.708879
1761098384520,-8.655437,-0.7818548,12.637692
1761098384522,-8.712866,-0.8045866,12.537792
1761098384525,-8.72782,-0.8422736,12.390634
1761098384527,-8.742178,-0.8560323,12.1866455
1761098384529,-8.737391,-0.8554341,11.977872
1761098384531,-8.718847,-0.8554341,11.759527
1761098384534,-8.685946,-0.8889336,11.489138
1761098384536,-8.672188,-0.8883354,11.223535
1761098384538,-8.648857,-0.91226363,10.938788
1761098384540,-8.596813,-0.9176475,10.663614
1761098384543,-8.559127,-0.94636136,10.35494
1761098384545,-8.49811,-0.9607183,10.05165
1761098384548,-8.436495,-0.994816,9.776475
1761098384549,-8.370692,-1.0145568,9.486943
1761098384552,-8.314461,-1.0486546,9.216555
1761098384554,-8.234301,-1.0731809,8.936594
1761098384556,-8.178069,-1.1312069,8.670991
1761098384559,-8.107481,-1.1611172,8.391031
1761098384561,-8.047063,-1.2095718,8.139785
1761098384563,-7.962117,-1.2340983,7.8831544
1761098384565,-7.9154572,-1.2873386,7.617551
1761098384568,-7.864012,-1.3357933,7.39442
1761098384570,-7.826923,-1.3986049,7.171888
1761098384572,-7.757531,-1.4955142,7.001399
1761098384574,-7.701898,-1.5726827,6.859026
1761098384576,-7.6181493,-1.6749759,6.6981087
1761098384579,-7.5062847,-1.7724833,6.5605216
1761098384581,-7.431509,-1.8646071,6.4277196
1761098384583,-7.333403,-1.9334008,6.318846
1761098384586,-7.253842,-2.015953,6.1956162
1761098384588,-7.1509504,-2.0895324,6.072386
1761098384590,-7.0618176,-2.158326,5.9347982
1761098384592,-7.0396843,-2.2636101,5.7786665
1761098384594,-7.0414786,-2.3401806,5.621937
1761098384597,-7.004988,-2.4556344,5.456234
1761098384599,-7.036095,-2.589034,5.238487
1761098384601,-7.062416,-2.7230322,4.9920263
1761098384604,-7.0695944,-2.8660033,4.7976093
1761098384606,-7.1007013,-2.9994032,4.598407
1761098384608,-7.1222367,-3.1429725,4.442275
1761098384610,-7.1336026,-3.2721848,4.2717867
1761098384613,-7.155138,-3.4007993,4.0965123
1761098384615,-7.166504,-3.5156546,3.906881
1761098384617,-7.173682,-3.6448672,3.7124643
1761098384619,-7.1712894,-3.7645082,3.565904
1761098384621,-7.1539416,-3.8554354,3.3762727
1761098384624,-7.155736,-3.9607196,3.229114
1761098384626,-7.1192455,-4.0570307,3.0681968
1761098384628,-7.0785675,-4.153342,2.902494
1761098384631,-6.9990063,-4.241278,2.7409782
1761098384633,-6.910472,-4.347759,2.580061
1761098384636,-6.826723,-4.4452662,2.4424736
1761098384638,-6.74776,-4.5278187,2.3144577
1761098384640,-6.672984,-4.596014,2.1720848
1761098384642,-6.5886374,-4.659424,2.0111675
1761098384644,-6.5228343,-4.6845484,1.8448663
1761098384646,-6.470791,-4.7042894,1.7024933
1761098384649,-6.4331036,-4.72403,1.5936198
1761098384651,-6.3864436,-4.7629137,1.4991034
1761098384653,-6.3481584,-4.768297,1.41356
1761098384656,-6.2679987,-4.7982078,1.3704891
1761098384657,-6.154938,-4.838886,1.3136597
1761098384660,-6.0747786,-4.878367,1.2568301
1761098384662,-5.9521465,-4.9381876,1.2047862
1761098384664,-5.8396835,-4.9974103,1.1718849
1761098384667,-5.712864,-5.1003013,1.1437693
1761098384669,-5.6004014,-5.188836,1.1060823
1761098384672,-5.5112686,-5.2576294,1.096511
1761098384673,-5.4089756,-5.360521,1.0492527
1761098384676,-5.291727,-5.4580283,1.0019945
1761098384678,-5.1553364,-5.5280185,0.92662054
1761098384680,-5.023133,-5.5926247,0.84107715
1761098384682,-4.915456,-5.6757755,0.7603194
1761098384685,-4.8358946,-5.749355,0.72741807
1761098384688,-4.7371907,-5.8037915,0.6945168
1761098384690,-4.6582274,-5.8911295,0.6897311
1761098384692,-4.578666,-5.97428,0.6759724
1761098384693,-4.494319,-6.0287166,0.6903293
1761098384696,-4.371687,-6.1028943,0.72382885
1761098384698,-4.2311087,-6.2111692,0.7615158
1761098384700,-4.089932,-6.2715883,0.80937225
1761098384703,-3.9684963,-6.4037914,0.8997013
1761098384705,-3.8608193,-6.497112,1.0139586
1761098384707,-3.772285,-6.5850477,1.1425728
1761098384709,-3.6831522,-6.6735826,1.2562319
1761098384712,-3.5754752,-6.762117,1.422533
1761098384714,-3.4719856,-6.8219376,1.5984055
1761098384716,-3.3870404,-6.8578296,1.7886349
1761098384718,-3.283551,-6.9224358,2.00698
1761098384721,-3.1561332,-6.9684978,2.239682
1761098384723,-3.0526435,-7.023533,2.4819553
1761098384725,-2.9676983,-7.073782,2.6859434
1761098384727,-2.8965118,-7.0899334,2.9138598
1761098384730,-2.8456643,-7.1539416,3.0849466
1761098384732,-2.82712,-7.2119675,3.2273195
1761098384734,-2.8474588,-7.288538,3.3463624
1761098384736,-2.9156544,-7.374081,3.417549
1761098384739,-3.0215368,-7.463812,3.4791641
1761098384741,-3.1274192,-7.533802,3.4983068
1761098384743,-3.266203,-7.6031938,3.5084763
1761098384745,-3.4522448,-7.6480594,3.4941192
1761098384748,-3.6574295,-7.6827555,3.446861
1761098384750,-3.900301,-7.7216387,3.3900316
1761098384752,-4.1467614,-7.7030945,3.3661032
1761098384754,-4.421338,-7.6546397,3.3469608
1761098384757,-4.682754,-7.635497,3.3469608
1761098384759,-4.923831,-7.569096,3.379862
1761098384761,-5.111667,-7.4697943,3.3990045
1761098384763,-5.2815576,-7.3806615,3.4600215
1761098384766,-5.4311094,-7.272386,3.5072799
1761098384768,-5.619544,-7.158727,3.6023946
1761098384770,-5.8265233,-7.0492554,3.6496527
1761098384772,-6.038288,-6.9451675,3.7106698
1761098384775,-6.256035,-6.9074807,3.7537405
1761098384777,-6.4737816,-6.8368926,3.7914274
1761098384779,-6.686743,-6.789634,3.8291144
1761098384782,-6.875178,-6.7094746,3.8955152
1761098384784,-7.0402822,-6.6592255,3.9804604
1761098384786,-7.2006016,-6.5700927,4.089932
1761098384789,-7.3549385,-6.4570317,4.2460637
1761098384791,-7.5092754,-6.3104715,4.4117665
1761098384793,-7.6031938,-6.2327046,4.5541396
1761098384795,-7.598408,-6.2374907,4.706084
1761098384797,-7.6031938,-6.242874,4.8101716
1761098384800,-7.678568,-6.222535,4.914858
1761098384802,-7.8059855,-6.1627145,5.0045886
1761098384804,-7.9567337,-6.0975103,5.0662036
1761098384806,-8.084749,-6.081359,5.175077
1761098384809,-8.193025,-6.0460644,5.265406
1761098384811,-8.268997,-6.0305114,5.3126645
1761098384813,-8.321639,-6.0436716,5.3557353
1761098384815,-8.369495,-6.09093,5.393422
1761098384818,-8.408379,-6.134001,5.4317074
1761098384820,-8.441878,-6.142974,5.488537
1761098384822,-8.465807,-6.157331,5.5740805
1761098384824,-8.541779,-6.175277,5.645267
1761098384826,-8.632108,-6.1788664,5.749953
1761098384829,-8.709276,-6.230312,5.8450675
1761098384832,-8.795418,-6.276972,5.9449677
1761098384834,-8.9013,-6.352346,6.0161543
1761098384836,-8.963513,-6.399006,6.101698
1761098384839,-8.9928255,-6.446862,6.1920266
1761098384840,-9.007781,-6.4755764,6.315257
1761098384842,-9.046664,-6.5138617,6.4480586
1761098384845,-9.0233345,-6.5431733,6.595217
1761098384847,-9.023932,-6.582057,6.756733
1761098384849,-9.042477,-6.587441,6.9469624
1761098384852,-9.075976,-6.6011996,7.131808
1761098384854,-9.128618,-6.6299133,7.312466
1761098384856,-9.18126,-6.629315,7.5212398
1761098384858,-9.237492,-6.5904317,7.6869426
1761098384860,-9.260822,-6.5850477,7.791629
1761098384862,-9.236894,-6.571289,7.900502
1761098384865,-9.241679,-6.59103,8.009974
1761098384867,-9.237492,-6.6245294,8.095517
1761098384869,-9.237492,-6.6203423,8.157132
1761098384872,-9.242876,-6.649056,8.280363
1761098384874,-9.2285185,-6.65444,8.36112
1761098384876,-9.172287,-6.698707,8.451449
1761098384879,-9.067601,-6.7011,8.556135
1761098384881,-8.9826565,-6.702894,8.641081
1761098384883,-8.878569,-6.728617,8.717052
1761098384885,-8.773284,-6.706484,8.760123
1761098384887,-8.687741,-6.7034926,8.873783
1761098384890,-8.578867,-6.725028,8.921639
1761098384892,-8.465208,-6.751349,9.040084
1761098384895,-8.355737,-6.7292156,9.025727
1761098384898,-8.232507,-6.7405815,9.044869
1761098384899,-8.062017,-6.768099,9.025727
1761098384902,-7.938189,-6.7698936,9.020942
1761098384903,-7.913663,-6.7130637,9.016156
1761098384906,-7.8293157,-6.7764735,8.997611
1761098384908,-7.809575,-6.753144,9.01137
1761098384910,-7.9130645,-6.6741805,9.001799
1761098384912,-8.002197,-6.6149583,8.968898
1761098384914,-8.059027,-6.6185474,8.9210415
1761098384917,-8.04108,-6.6478596,8.802596
1761098384921,-8.187042,-6.5922265,8.674581
1761098384923,-8.276773,-6.5371914,8.57468
1761098384924,-8.315059,-6.555736,8.4604225
1761098384926,-8.442476,-6.5048885,8.308478
1761098384928,-8.466405,-6.5084777,8.0715885
1761098384930,-8.330014,-6.582655,7.8107715
1761098384932,-8.414361,-6.513263,7.5828547
1761098384934,-8.668,-6.3451676,7.3304124
1761098384937,-8.872586,-6.355337,7.1599236
1761098384939,-8.978469,-6.454041,7.1365933
1761098384941,-9.064013,-6.4289165,7.0983086
1761098384944,-9.2177515,-6.2530437,7.0695944
1761098384946,-8.903693,-6.513263,7.1838517
1761098384948,-7.5786676,-7.658229,8.335398
1761098384950,-9.1669035,-5.260022,7.304091
1761098384952,-10.223334,-4.2299123,6.0490556
1761098384955,-9.745368,-5.1649075,5.733203
1761098384957,-9.833903,-5.6099725,5.9096737
1761098384959,-10.183255,-5.2289157,5.643472
1761098384961,-10.536795,-4.49073,4.7922254
1761098384964,-10.339985,-4.3387856,4.022933
1761098384966,-10.066605,-4.453043,3.5198421
1761098384968,-9.817751,-4.619344,3.1692936
1761098384970,-9.278768,-5.056034,2.9802606
1761098384973,-8.8701935,-5.3180485,2.928815
1761098384975,-8.692527,-5.2103715,2.8145576
1761098384977,-8.52443,-5.1068816,2.6386852
1761098384980,-8.301898,-5.1158547,2.5202405
1761098384982,-7.926823,-5.419743,2.5112674
1761098384984,-7.7300134,-5.5675,2.5118656
1761098384986,-7.886145,-5.535795,2.4454648
1761098384989,-8.033304,-5.5136614,2.3312075
1761098384991,-7.9334035,-5.8037915,2.30369
1761098384993,-7.984849,-6.009574,2.3419752
1761098384995,-8.073383,-6.1998034,2.41376
1761098384998,-8.217551,-6.303293,2.437688
1761098385000,-8.306086,-6.483951,2.4903302
1761098385002,-8.413763,-6.650851,2.6141586
1761098385005,-8.501101,-6.754938,2.7421749
1761098385007,-8.493324,-6.875776,2.9180472
1761098385009,-8.526823,-6.899704,3.0795627
1761098385011,-8.569296,-6.8895345,3.3026934
1761098385013,-8.654242,-6.83091,3.4779677
1761098385016,-8.771489,-6.762117,3.6107693
1761098385018,-8.79482,-6.732805,3.7339997
1761098385020,-8.86122,-6.7322063,3.8004005
1761098385023,-8.79482,-6.74776,3.848257
1761098385025,-8.671589,-6.75434,3.8434713
1761098385027,-8.581859,-6.775277,3.8673997
1761098385029,-8.353942,-6.7794647,3.8099718
1761098385032,-8.031509,-6.8285174,3.7818563
1761098385034,-7.756335,-6.838089,3.7441692
1761098385036,-7.344171,-6.8931236,3.6681972
1761098385039,-7.0546393,-6.9170523,3.6346977
1761098385041,-6.835696,-6.9020967,3.5970106
1761098385044,-6.7405815,-6.903293,3.577868
1761098385046,-6.599405,-6.978069,3.606582
1761098385048,-6.53779,-6.979265,3.644269
1761098385050,-6.494719,-6.960721,3.7250266
1761098385052,-6.4462643,-6.9092755,3.8057845
1761098385054,-6.364908,-6.8775706,3.938586
1761098385056,-6.4384875,-6.7226353,4.0851464
1761098385059,-6.4731836,-6.554539,4.208377
1761098385062,-6.5700927,-6.3942204,4.369294
1761098385063,-6.678368,-6.320641,4.5020957
1761098385065,-6.832705,-6.1788664,4.6438704
1761098385068,-6.9684978,-6.0711894,4.7575297
1761098385070,-7.048059,-6.0029936,4.8903313
1761098385072,-7.160522,-5.919843,5.027919
1761098385074,-7.2915287,-5.8265233,5.198407
1761098385077,-7.3052874,-5.7834525,5.3359947
1761098385079,-7.280163,-5.7266226,5.4263234
1761098385081,-7.2502527,-5.63091,5.535197
1761098385084,-7.1688967,-5.5896335,5.558527
1761098385086,-6.8985076,-5.623133,5.535197
1761098385089,-6.713662,-5.640481,5.5160546
1761098385090,-6.3792653,-5.814559,5.473582
1761098385093,-6.038886,-5.916254,5.421538
1761098385095,-5.7379885,-6.070591,5.360521
1761098385097,-5.3090754,-6.288936,5.2947183
1761098385099,-4.964509,-6.3960147,5.2283173
1761098385101,-4.7192445,-6.4965134,5.200202
1761098385104,-4.4727836,-6.5485573,5.152345
1761098385106,-4.3112683,-6.5276203,5.1050873
1761098385108,-4.106084,-6.4731836,5.0339007
1761098385111,-4.058227,-6.4402823,4.9722853
1761098385112,-3.9625144,-6.4271216,4.914858
1761098385116,-3.8961134,-6.40439,4.872385
1761098385118,-3.9194436,-6.4037914,4.8771706
1761098385120,-3.99063,-6.378667,4.914858
1761098385122,-4.11386,-6.381658,4.9435716
1761098385124,-4.1611185,-6.3565335,5.000401
1761098385126,-4.26401,-6.268597,5.0662036
1761098385128,-4.433302,-6.1651077,5.113462
1761098385131,-4.4979086,-6.0676003,5.113462
1761098385133,-4.5619164,-5.9270215,5.089534
1761098385135,-4.616353,-5.7870417,5.0697927
1761098385138,-4.625326,-5.7487564,5.0889354
1761098385140,-4.671986,-5.704489,5.0273204
1761098385142,-4.6815577,-5.689534,5.0129633
1761098385144,-4.6205406,-5.72423,5.0273204
1761098385146,-4.4871407,-5.712266,5.0416775
1761098385149,-4.3351965,-5.7200427,5.032106
1761098385151,-4.069593,-5.748158,4.9752765
1761098385153,-3.818945,-5.8008003,4.9657054
1761098385156,-3.5688949,-5.8917274,4.918447
1761098385158,-3.4833515,-5.9024954,4.9088755
1761098385160,-3.35055,-5.9192452,4.90409
1761098385162,-3.2237303,-6.0083776,4.9232326
1761098385164,-3.1525438,-6.01436,4.928018
1761098385167,-3.0299118,-6.0358953,4.9232326
1761098385169,-3.0203404,-6.0358953,4.875974
1761098385171,-3.1866415,-6.0323057,4.7808595
1761098385173,-3.2727833,-6.0933228,4.7288156
1761098385176,-3.359523,-6.1639113,4.7246284
1761098385178,-3.5509489,-6.2231336,4.7198424
1761098385181,-3.6520455,-6.2979093,4.753342
1761098385183,-3.7477584,-6.3493547,4.838886
1761098385185,-3.7106698,-6.4127645,4.9435716
1761098385187,-3.6496527,-6.442675,5.066802
1761098385189,-3.7154553,-6.4085774,5.17089
1761098385192,-3.6394832,-6.409774,5.2235317
1761098385194,-3.5605202,-6.5072813,5.299504
1761098385196,-3.5844483,-6.526424,5.40419
1761098385198,-3.5706897,-6.565307,5.451448
1761098385201,-3.62393,-6.6364937,5.4753766
1761098385203,-3.5168512,-6.739385,5.4759746
1761098385205,-3.4660037,-6.836294,5.4999027
1761098385207,-3.4205399,-6.942775,5.5190454
1761098385210,-3.3367913,-7.059425,5.500501
1761098385212,-3.2297122,-7.171888,5.4909296
1761098385214,-3.150151,-7.240083,5.4628143
1761098385216,-3.1028929,-7.260422,5.4388857
1761098385219,-3.1405797,-7.2305117,5.382056
1761098385221,-3.0604203,-7.2699933,5.2869415
1761098385223,-3.1028929,-7.240681,5.2348976
1761098385225,-3.153142,-7.153343,5.1493545
1761098385228,-3.0885358,-7.240681,5.102096
1761098385230,-3.1836505,-7.2580295,5.0452666
1761098385232,-3.3583267,-7.17787,4.983053
1761098385235,-3.3930225,-7.2586274,4.907679
1761098385237,-3.502494,-7.275975,4.8125644
1761098385239,-3.6311083,-7.3022966,4.69412
1761098385241,-3.7974095,-7.289136,4.5373898
1761098385243,-4.037888,-7.2029943,4.395017
1761098385246,-4.3591247,-7.0815587,4.2520456
1761098385248,-4.8263235,-6.914659,4.137789
1761098385251,-5.363512,-6.6358953,3.9948175
1761098385252,-6.15434,-6.2231336,3.9224346
1761098385255,-7.1659055,-5.6578293,3.8739798
1761098385257,-8.181659,-5.0829535,4.1144586
1761098385260,-8.805588,-4.6265225,4.6450667
1761098385261,-8.886943,-4.136592,5.2516475
1761098385264,-8.539386,-3.5533416,5.667999
1761098385266,-8.180463,-3.112464,5.671588
1761098385269,-7.966903,-3.1154552,5.291727
1761098385271,-8.182257,-3.4851463,4.79402
1761098385272,-8.623733,-4.293322,4.5397825
1761098385275,-8.977272,-5.2283173,4.3998027
1761098385277,-9.302696,-5.9042897,4.520042
1761098385280,-9.504292,-6.309873,4.706084
1761098385282,-9.465408,-6.5461645,4.991428
1761098385284,-9.103494,-6.7651076,5.319245
1761098385287,-8.440681,-6.916454,5.6374903
1761098385289,-7.719246,-6.9391856,5.8277197
1761098385291,-6.9481587,-6.8572316,5.922236
1761098385293,-6.361319,-6.704091,5.8935223
1761098385296,-5.973682,-6.533004,5.764908
1761098385298,-5.645865,-6.538388,5.5890355
1761098385300,-5.439484,-6.6711893,5.4185467
1761098385302,-5.3180485,-6.802795,5.252844
1761098385304,-5.259424,-6.9619174,5.172684
1761098385306,-5.2008,-7.1455665,5.1589255
1761098385309,-5.1942196,-7.308877,5.154738
1761098385311,-5.256433,-7.356135,5.2307105
1761098385313,-5.2342997,-7.4626155,5.373083
1761098385316,-5.131408,-7.5320077,5.572884
1761098385317,-5.15414,-7.47458,5.7720866
1761098385320,-5.143372,-7.4177504,5.985048
1761098385322,-5.0865426,-7.4380894,6.227321
1761098385324,-5.1379886,-7.3950186,6.4737816
1761098385326,-5.258826,-7.2586274,6.6442704
1761098385329,-5.4795637,-7.091728,6.8339014
1761098385332,-5.5627146,-6.9852476,6.9858456
1761098385333,-5.6889358,-6.853044,7.070791
1761098385336,-5.819943,-6.735796,7.1228347
1761098385338,-5.895915,-6.734599,7.146165
1761098385340,-6.109474,-6.7256265,7.108478
1761098385343,-6.3367925,-6.6687965,7.0229344
1761098385345,-6.474978,-6.6999035,6.9092755
1761098385347,-6.5718875,-6.803393,6.8189464
1761098385349,-6.7052875,-6.8249283,6.7381887
1761098385352,-7.055238,-6.7609205,6.6478596
1761098385354,-7.315457,-6.683752,6.510272
1761098385356,-7.496115,-6.704689,6.4199433
1761098385359,-7.7054873,-6.6909304,6.3158555
1761098385360,-7.876574,-6.7166533,6.1639113
1761098385363,-8.029117,-6.7322063,5.9407806
1761098385365,-8.356335,-6.6831536,5.7224355
1761098385367,-8.510672,-6.535397,5.3850474
1761098385369,-8.291729,-6.519245,5.0386863
1761098385372,-8.14457,-6.5258255,4.7395835
1761098385374,-8.080562,-6.372685,4.4404807
1761098385376,-8.011768,-6.257829,4.1318064
1761098385379,-7.943573,-6.1477594,3.827918
1761098385391,-7.856833,-6.0622163,3.618546
1761098385391,-7.7180495,-6.0023956,3.4713874
1761098385391,-7.655836,-5.97428,3.4426737
1761098385391,-7.569096,-5.903692,3.461816
1761098385391,-7.568498,-5.8558354,3.5234313
1761098385392,-7.472187,-5.7858453,3.6275191
1761098385398,-7.348358,-5.773881,3.7890346
1761098385399,-7.320243,-5.7990055,4.0073795
1761098385399,-7.2580295,-5.7720866,4.272983
1761098385407,-7.2939215,-5.6757755,4.538586
1761098385407,-7.4344997,-5.548956,4.8035913
1761098385407,-7.4650083,-5.424529,4.9932227
1761098385407,-7.5296144,-5.298906,5.145167
1761098385410,-7.57448,-5.144569,5.272585
1761098385412,-7.605587,-5.014758,5.395815
1761098385414,-7.5942206,-4.909474,5.4382877
1761098385416,-7.6307116,-4.831707,5.4239306
1761098385418,-7.685746,-4.7341995,5.366503
1761098385421,-7.68455,-4.648058,5.3856454
1761098385423,-7.679166,-4.62413,5.4424753
1761098385425,-7.6366935,-4.6396832,5.5184474
1761098385428,-7.5756764,-4.6845484,5.675177
1761098385430,-7.5756764,-4.694718,5.9264235
1761098385432,-7.661818,-4.732405,6.3254266
1761098385434,-7.795816,-4.807779,6.8189464
1761098385437,-8.05783,-4.85743,7.4123664
1761098385439,-8.291729,-4.9172506,8.015358
1761098385441,-8.523832,-4.909474,8.570493
1761098385443,-8.778668,-4.805386,9.002397
1761098385446,-9.023932,-4.7102714,9.3104725
1761098385448,-9.259625,-4.615755,9.538389
1761098385450,-9.480363,-4.482355,9.661021
1761098385452,-9.653843,-4.3591247,9.741779
1761098385455,-9.775279,-4.2275195,9.731609
1761098385457,-9.87817,-4.1198425,9.693923
1761098385460,-9.985249,-3.9930227,9.593424
1761098385461,-10.050453,-3.9194436,9.455837
1761098385464,-10.044471,-3.8470607,9.256635
1761098385468,-10.01516,-3.8081772,8.966505
1761098385469,-9.9344015,-3.799204,8.610572
1761098385470,-9.82493,-3.7812579,8.188239
1761098385473,-9.725628,-3.7866418,7.7419777
1761098385475,-9.640682,-3.8015969,7.272386
1761098385477,-9.598209,-3.81057,6.7932234
1761098385480,-9.588638,-3.8195431,6.3140607
1761098385482,-9.62154,-3.7746778,5.895915
1761098385484,-9.734002,-3.6849468,5.5112686
1761098385486,-10.010373,-3.4390843,5.117051
1761098385488,-10.357333,-3.158526,4.7365923
1761098385491,-10.863415,-2.7499514,4.3704906
1761098385493,-11.487343,-2.315654,4.046263
1761098385496,-11.971292,-1.975275,3.7896328
1761098385498,-11.970096,-1.9220347,3.5994034
1761098385500,-11.443674,-2.243271,3.4863427
1761098385502,-10.596615,-2.6949165,3.411567
1761098385505,-9.711869,-3.162115,3.417549
1761098385507,-8.962317,-3.5210385,3.484548
1761098385509,-8.505288,-3.7268212,3.6556349
1761098385511,-8.298907,-3.8847475,3.9457645
1761098385513,-8.266604,-3.9678981,4.406383
1761098385516,-8.488539,-3.897908,4.918447
1761098385518,-8.888738,-3.6951163,5.430511
1761098385520,-9.129815,-3.6436708,5.8390856
1761098385523,-8.881559,-3.8554354,6.1860447
1761098385525,-8.603992,-4.019344,6.456434
1761098385527,-8.383254,-4.167699,6.599405
1761098385529,-8.021339,-4.38066,6.6568327
1761098385532,-7.804789,-4.49073,6.652047
1761098385534,-7.611569,-4.590032,6.600601
1761098385536,-7.452446,-4.7078786,6.6101727
1761098385538,-7.292725,-4.8215375,6.695716
1761098385540,-7.091728,-4.9980083,6.88116
1761098385543,-6.884749,-5.136792,7.176075
1761098385545,-6.6448684,-5.2719865,7.588837
1761098385547,-6.446862,-5.3772707,8.097312
1761098385549,-6.248258,-5.425127,8.562118
1761098385552,-6.096314,-5.4580283,9.003593
1761098385554,-5.9353967,-5.48076,9.321838
1761098385556,-5.773881,-5.493921,9.57787
1761098385559,-5.636294,-5.5106707,9.739387
1761098385561,-5.4837513,-5.4849477,9.876974
1761098385563,-5.303093,-5.4646087,9.986445
1761098385565,-5.1032925,-5.4729834,10.080962
1761098385568,-4.889733,-5.4819565,10.152148
1761098385570,-4.705486,-5.552545,10.17129
1761098385572,-4.526024,-5.58425,10.1904335
1761098385574,-4.3794637,-5.6446686,10.209576
1761098385577,-4.28076,-5.689534,10.167104
1761098385579,-4.1629133,-5.7349977,10.143175
1761098385581,-4.0773697,-5.7409797,10.029516
1761098385584,-4.006183,-5.7607207,9.877572
1761098385586,-3.9684963,-5.756533,9.725628
1761098385588,-3.8877387,-5.752944,9.6071825
1761098385590,-3.8027935,-5.773283,9.469596
1761098385592,-3.7124643,-5.788836,9.341579
1761098385595,-3.6131623,-5.8193445,9.25125
1761098385597,-3.4570305,-5.855237,9.175279
1761098385599,-3.3296127,-5.895915,9.156734
1761098385601,-3.2638102,-5.9114685,9.12802
1761098385604,-3.1776686,-5.903692,9.099904
1761098385606,-3.1154552,-5.8707905,9.137591
1761098385608,-3.0442686,-5.858228,9.180064
1761098385610,-2.9916265,-5.8301125,9.232108
1761098385613,-2.9156544,-5.8414783,9.218349
1761098385615,-2.8546374,-5.8857455,9.223135
1761098385617,-2.7936203,-5.9204416,9.232706
1761098385619,-2.737389,-5.968896,9.203992
1761098385622,-2.7044878,-5.9838514,9.171091
1761098385624,-2.6955147,-6.013163,9.151948
1761098385626,-2.7092733,-6.0077796,9.085547
1761098385628,-2.7188447,-6.012565,9.038289
1761098385631,-2.7475586,-6.0305114,8.952746
1761098385633,-2.705086,-6.0358953,8.857632
1761098385635,-2.6913273,-6.069993,8.796016
1761098385637,-2.6638098,-6.108278,8.7015
1761098385640,-2.6404798,-6.1328044,8.606385
1761098385642,-2.6219354,-6.161518,8.492725
1761098385644,-2.594418,-6.1956162,8.36471
1761098385646,-2.5806592,-6.2291155,8.303095
1761098385649,-2.5435705,-6.2727847,8.189436
1761098385651,-2.524428,-6.2871413,8.070393
1761098385653,-2.5058835,-6.3014984,7.9567337
1761098385655,-2.4879375,-6.3451676,7.809575
1761098385658,-2.4544377,-6.349953,7.667202
1761098385660,-2.3742783,-6.389435,7.501499
1761098385662,-2.265405,-6.3954167,7.3064837
1761098385664,-2.1517458,-6.4163537,7.1072817
1761098385667,-2.0291135,-6.4420767,6.9128647
1761098385669,-1.8681962,-6.477969,6.7088766
1761098385671,-1.6827525,-6.48096,6.524031
1761098385673,-1.5020944,-6.4648085,6.3338017
1761098385676,-1.317847,-6.506085,6.172884
1761098385678,-1.1330016,-6.5234327,6.02094
1761098385680,-0.9720842,-6.554539,5.892924
1761098385683,-0.7968099,-6.5814586,5.7601223
1761098385685,-0.6729814,-6.5832534,5.627321
1761098385687,-0.58683974,-6.517451,5.508278
1761098385689,-0.5240282,-6.45105,5.3796635
1761098385691,-0.4755735,-6.4175506,5.2660046
1761098385694,-0.4648058,-6.3457656,5.213362
1761098385696,-0.4743771,-6.3314085,5.1756754
1761098385698,-0.4319045,-6.341578,5.0709896
1761098385701,-0.4354937,-6.2979093,5.0189457
1761098385703,-0.51086766,-6.2291155,4.995017
1761098385705,-0.5952146,-6.1651077,5.009374
1761098385707,-0.6939186,-6.105885,5.00399
1761098385709,-0.87218386,-5.9874406,4.994419
1761098385712,-1.0372887,-5.9174504,4.9848475
1761098385715,-1.1742777,-5.8863435,4.9752765
1761098385716,-1.3914263,-5.7858453,4.9322057
1761098385719,-1.5188441,-5.7355957,4.8323054
1761098385721,-1.6737795,-5.651249,4.7138605
1761098385723,-1.814956,-5.5710893,4.604389
1761098385725,-2.036292,-5.4616175,4.51406
1761098385727,-2.1649063,-5.453841,4.3525443
1761098385730,-2.0027926,-5.701498,4.106084
1761098385732,0.86261255,-8.38804,3.7567315
1761098385734,1.4919249,-8.523832,3.827918
1761098385736,1.0097711,-7.5499535,3.8398821
1761098385739,0.43130627,-6.665806,3.7621155
1761098385741,-0.33499518,-5.9318075,3.69392
1761098385743,-1.2598212,-5.3007,3.6831522
1761098385746,-2.2863421,-4.7922254,3.6340995
1761098385748,-3.2997024,-4.308277,3.5856447
1761098385750,-4.252644,-3.95055,3.4851463
1761098385752,-5.102096,-3.603591,3.3894334
1761098385755,-5.8713884,-3.301497,3.251248
1761098385757,-6.47438,-3.00718,3.1130621
1761098385759,-6.925427,-2.7445676,2.9605198
1761098385761,-7.2676005,-2.4592235,2.8175488
1761098385763,-7.429714,-2.216352,2.641078
1761098385766,-7.450053,-2.0279171,2.4412773
1761098385768,-7.3340015,-1.8807586,2.2181466
1761098385771,-7.1336026,-1.8311075,2.0374885
1761098385772,-6.8775706,-1.8544376,1.9046868
1761098385775,-6.5694947,-1.8933209,1.8239291
1761098385777,-6.303891,-1.945963,1.8861425
1761098385779,-6.0341005,-1.9848464,2.0380867
1761098385781,-5.8301125,-1.9986051,2.251646
1761098385784,-5.6781683,-2.0021944,2.5555346
1761098385786,-5.539983,-2.0051854,2.8540392
1761098385788,-5.460421,-2.065006,3.1722846
1761098385791,-5.375476,-2.1104696,3.5001013
1761098385793,-5.323432,-2.140978,3.8368912
1761098385796,-5.3108697,-1.9549361,4.2448673
1761098385798,-4.9663033,-1.2604194,4.6654058
1761098385800,-4.9345984,-1.1078769,4.8454657
1761098385802,-5.2689953,-0.93978107,5.258228
1761098385804,-5.7966127,-0.6765706,5.6703916
1761098385806,-6.2919273,-0.50069815,6.049654
1761098385809,-6.7034926,-0.39361933,6.3768725
1761098385811,-7.0959153,-0.31046873,6.765706
1761098385813,-7.5326056,-0.29910284,7.1599236
1761098385815,-7.960921,-0.33559337,7.548757
1761098385818,-8.402995,-0.38165522,7.9477606
1761098385820,-8.778668,-0.4139583,8.327621
1761098385822,-9.117252,-0.485743,8.745169
1761098385824,-9.336794,-0.5694918,9.096913
1761098385826,-9.49472,-0.64905316,9.467203
1761098385829,-9.619745,-0.7292127,9.842278
1761098385831,-9.639486,-0.7968099,10.165309
1761098385834,-9.559925,-0.86141616,10.502099
1761098385836,-9.398409,-0.87936234,10.782059
1761098385838,-9.209376,-0.91226363,11.066805
1761098385840,-8.990433,-0.89730847,11.28515
1761098385843,-8.781061,-0.90149593,11.550753
1761098385845,-8.514261,-0.849452,11.764313
1761098385847,-8.149954,-0.94755775,12.077772
1761098385849,-7.829914,-1.1425728,12.861422
1761098385852,-8.202596,-1.268196,14.076976
1761098385853,-8.726026,-1.3674982,15.254245
1761098385856,-8.491529,-1.5314065,15.653248
1761098385858,-7.670193,-1.8185452,15.183656
1761098385860,-6.9529443,-2.0931215,14.401203
1761098385863,-6.5898337,-2.2372892,13.727624
1761098385865,-6.470791,-2.2145574,13.290934
1761098385867,-6.477969,-2.065006,13.10549
1761098385869,-6.431907,-1.8837496,13.119248
1761098385872,-6.281758,-1.713261,13.232907
1761098385874,-6.113064,-1.5870396,13.351352
1761098385876,-5.964709,-1.5080764,13.369897
1761098385878,-5.849853,-1.4476577,13.293924
1761098385881,-5.758926,-1.4003994,13.10848
1761098385883,-5.6685967,-1.4111671,12.866806
1761098385886,-5.5746784,-1.4506488,12.58206
1761098385888,-5.499305,-1.4751751,12.316457
1761098385890,-5.4616175,-1.4901303,12.060425
1761098385892,-5.404788,-1.5098711,11.874981
1761098385894,-5.352744,-1.5248263,11.709277
1761098385896,-5.2199426,-1.5218352,11.5621195
1761098385899,-5.0674,-1.4955142,11.4191475
1761098385901,-4.8903313,-1.4213367,11.243874
1761098385903,-4.6893344,-1.338186,11.029716
1761098385906,-4.3465624,-1.5302101,10.560722
1761098385908,-3.9487555,-1.8717855,9.792626
1761098385910,-3.827918,-1.7491534,9.953544
1761098385913,-3.7686956,-1.6504494,10.285548
1761098385914,-3.6981075,-1.6809579,10.461421
1761098385917,-3.5569308,-1.7455641,10.385448
1761098385919,-3.4522448,-1.7527425,10.613365
1761098385921,-3.3427732,-1.7449659,10.722239
1761098385923,-3.2470603,-1.6851454,10.874183
1761098385926,-3.1932218,-1.5948163,11.015957
1761098385928,-3.1579278,-1.4997016,11.200803
1761098385930,-3.1944182,-1.422533,11.291132
1761098385932,-3.2506495,-1.3645071,11.452049
1761098385935,-3.3397822,-1.314856,11.589637
1761098385937,-3.4157543,-1.3238292,11.689537
1761098385939,-3.4259238,-1.352543,11.713465
1761098385942,-3.426522,-1.3908281,11.666206
1761098385944,-3.4037902,-1.4291133,11.580664
1761098385946,-3.4474592,-1.4763715,11.447862
1761098385948,-3.3122647,-1.6414764,11.2349
1761098385950,-1.9908284,-2.9353952,10.250254
1761098385953,-1.7006987,-3.1698918,9.881161
1761098385955,-1.9238294,-2.9066813,9.866206
1761098385957,-2.1637099,-2.4987051,9.845867
1761098385960,-2.3282163,-2.097309,9.868599
1761098385962,-2.3982065,-1.7647067,9.877572
1761098385964,-2.4987051,-1.5182459,9.84826
1761098385966,-2.6608188,-1.2843475,9.767502
1761098385969,-2.885146,-1.0785648,9.742975
1761098385971,-3.1339993,-0.91106725,9.719048
1761098385973,-3.3840494,-0.80578303,9.71845
1761098385975,-3.644269,-0.74835527,9.728021
1761098385977,-3.862614,-0.72502524,9.751948
1761098385980,-4.0570307,-0.721436,9.708878
1761098385982,-4.2191443,-0.76689965,9.690333
1761098385984,-4.310072,-0.779462,9.642477
1761098385986,-4.3812585,-0.79740816,9.614362
1761098385989,-4.429115,-0.8207382,9.623933
1761098385991,-4.4488554,-0.8344969,9.619147
1761098385993,-4.4674,-0.8153543,9.643075
1761098385996,-4.386044,-0.8021938,9.652048
1761098385998,-4.2855453,-0.74177504,9.666406
1761098386000,-4.1898327,-0.6999006,9.6993065
1761098386002,-4.0701914,-0.64965135,9.713663
1761098386005,-3.993621,-0.63170516,9.741779
1761098386007,-3.9511483,-0.637089,9.713663
1761098386009,-3.9224346,-0.62811595,9.68495
1761098386011,-3.879962,-0.62871414,9.656834
1761098386013,-3.8602211,-0.6095716,9.608977
1761098386016,-3.8410785,-0.5952146,9.537791
1761098386018,-3.8171504,-0.57188463,9.490533
1761098386020,-3.7740796,-0.56769717,9.428918
1761098386022,-3.7501514,-0.5389833,9.419347
1761098386025,-3.76391,-0.5246264,9.395418
1761098386027,-3.7680974,-0.4761717,9.395418
1761098386029,-3.8004005,-0.44207397,9.381062
1761098386032,-3.8099718,-0.4325027,9.385847
1761098386034,-3.8339,-0.4319045,9.385847
1761098386036,-3.8620157,-0.43609193,9.423533
1761098386039,-3.900301,-0.43070808,9.452248
1761098386041,-3.9661036,-0.4109673,9.523434
1761098386043,-3.9858444,-0.42951167,9.556335
1761098386045,-4.0187454,-0.4336991,9.58505
1761098386047,-4.0528436,-0.4863412,9.618548
1761098386050,-4.0959144,-0.49052864,9.641879
1761098386052,-4.101298,-0.5192425,9.589835
1761098386054,-4.063013,-0.5240282,9.495318
1761098386057,-3.979264,-0.59700924,9.267402
1761098386059,-3.769892,-0.58564335,8.845069
1761098386061,-3.4157543,-0.42711884,8.365308
1761098386063,-3.1507492,-0.47377887,7.6109705
1761098386065,-3.162115,-0.56350976,7.1503525
1761098386068,-3.4390843,-0.65024954,7.3549385
1761098386070,-3.6293137,-0.657428,7.8580294
1761098386072,-3.6861434,-0.65264237,8.29472
1761098386074,-3.7136607,-0.6149554,8.607581
1761098386077,-3.6891344,-0.5820541,8.811569
1761098386079,-3.6131623,-0.57906306,8.963513
1761098386081,-3.5090744,-0.6047859,9.081959
1761098386083,-3.4289148,-0.63529444,9.1770735
1761098386086,-3.3762727,-0.6221339,9.24826
1761098386088,-3.394817,-0.59342,9.329018
1761098386090,-3.4749768,-0.5629115,9.319446
1761098386093,-3.621537,-0.5312066,9.262616
1761098386095,-3.7962132,-0.4755735,9.172287
1761098386097,-3.9379878,-0.40079778,9.1052885
1761098386099,-4.1557345,-0.36789647,9.02453
1761098386101,-4.3501515,-0.35473597,8.948559
1761098386104,-4.5116673,-0.34636107,8.839685
1761098386106,-4.6396832,-0.33918262,8.725428
1761098386108,-4.686941,-0.32362926,8.592627
1761098386111,-4.731209,-0.3804588,8.44128
1761098386113,-4.7318068,-0.4229314,8.327023
1761098386115,-4.680959,-0.5102694,8.166105
1761098386117,-4.578068,-0.5838487,8.018947
1761098386120,-4.469793,-0.6430711,7.900502
1761098386122,-4.342973,-0.7262217,7.7587276
1761098386124,-4.1688952,-0.82013994,7.587641
1761098386126,-3.95055,-0.8428718,7.4362946
1761098386129,-3.7046876,-0.8853444,7.2843504
1761098386131,-3.4767714,-0.9086744,7.1132636
1761098386133,-3.2638102,-0.93559366,6.942775
1761098386135,-3.1591241,-0.93738824,6.786045
1761098386137,-3.1028929,-0.9762716,6.6628146
1761098386140,-3.0843484,-1.0007981,6.5491557
1761098386142,-3.1130621,-0.994816,6.454041
1761098386145,-3.1280174,-1.0426725,6.3684974
1761098386147,-3.1040893,-1.0426725,6.311668
1761098386149,-3.0616167,-1.0432707,6.250053
1761098386151,-2.9856443,-1.0444671,6.198009
1761098386153,-2.9712875,-1.049851,6.193223
1761098386155,-2.9192436,-1.0648061,6.183652
1761098386158,-2.9102705,-1.07019,6.183652
1761098386160,-2.9198418,-1.0887343,6.1597238
1761098386162,-2.8923244,-1.1228321,6.088537
1761098386165,-2.8396823,-1.1234303,5.9653068
1761098386167,-2.7786653,-1.1581261,5.8229337
1761098386169,-2.7320054,-1.1820544,5.6333027
1761098386171,-2.6889346,-1.1874382,5.4580283
1761098386173,-2.6608188,-1.1826526,5.239683
1761098386176,-2.6081767,-1.1736795,5.0213385
1761098386178,-2.5465615,-1.1593226,4.7742796
1761098386180,-2.4795625,-1.1407782,4.546363
1761098386183,-2.3844478,-1.1324034,4.2664027
1761098386185,-2.251646,-1.1294123,4.005585
1761098386187,-2.1044874,-1.1455638,3.7489548
1761098386189,-1.8867407,-1.1874382,3.4737802
1761098386192,-1.7222341,-1.2520444,3.222534
1761098386194,-1.585245,-1.311865,2.9712875
1761098386196,-1.4673985,-1.3615161,2.7242286
1761098386199,-1.4075779,-1.4673985,2.4825535
1761098386201,-1.39023,-1.5391831,2.2785654
1761098386203,-1.4338989,-1.6049858,2.0937197
1761098386205,-1.4536397,-1.6426728,1.9232312
1761098386208,-1.4596218,-1.7001005,1.7856439
1761098386210,-1.4027922,-1.7294126,1.6097715
1761098386212,-1.3459628,-1.7300107,1.4297116
1761098386214,-1.3034902,-1.7306089,1.2777673
1761098386216,-1.3800604,-1.7575282,1.0881361
1761098386219,-1.5481563,-1.8550358,0.9840483
1761098386221,-1.7497516,-1.9812572,0.90329057
1761098386223,-2.027319,-2.105684,0.8847462
1761098386225,-2.3712873,-2.2103698,0.93260264
1761098386228,-2.6512475,-2.2103698,1.055833
1761098386230,-2.8893332,-2.2546372,1.2221341
1761098386232,-3.1130621,-2.2707887,1.4691931
1761098386234,-3.2979078,-2.248655,1.7252251
1761098386237,-3.382853,-2.243271,2.024328
1761098386239,-3.4534414,-2.199004,2.3042881
1761098386241,-3.49053,-2.1463618,2.6171498
1761098386243,-3.546163,-2.0787647,2.9162526
1761098386246,-3.6107693,-1.9776679,3.229114
1761098386248,-3.7190447,-1.9286151,3.5234313
1761098386250,-3.8237305,-1.9561325,3.798606
1761098386252,-3.9804604,-1.9345971,4.0594234
1761098386255,-4.1425743,-1.9854445,4.316054
1761098386257,-4.371089,-2.0153549,4.572086
1761098386259,-4.532604,-2.0225334,4.8903313
1761098386261,-4.7024946,-1.9824536,5.231907
1761098386264,-4.872385,-1.9130617,5.5926247
1761098386266,-4.9698925,-1.8011973,5.9246287
1761098386268,-5.0344987,-1.6761723,6.2608204
1761098386270,-5.06082,-1.5804594,6.611967
1761098386273,-5.111667,-1.4793626,6.9248285
1761098386275,-5.1529436,-1.3980067,7.223932
1761098386277,-5.2079782,-1.2969099,7.536793
1761098386279,-5.267799,-1.2000005,7.8023963
1761098386282,-5.346762,-1.1030912,8.0345
1761098386284,-5.406583,-0.99720883,8.248059
1761098386286,-5.480162,-0.86141616,8.413763
1761098386288,-5.517251,-0.7890333,8.541779
1761098386291,-5.568098,-0.7262217,8.669795
1761098386293,-5.5627146,-0.70229346,8.745767
1761098386295,-5.5244293,-0.65982085,8.821739
1761098386298,-5.415556,-0.6861419,8.845069
1761098386300,-5.35753,-0.634098,8.864211
1761098386302,-5.276174,-0.6119644,8.878569
1761098386304,-5.246862,-0.5688936,8.892327
1761098386306,-5.1696935,-0.503091,8.892327
1761098386309,-5.0889354,-0.4761717,8.911469
1761098386312,-4.95075,-0.45882374,8.873184
1761098386314,-4.7659044,-0.47676992,8.82114
1761098386316,-4.5673003,-0.52342993,8.749954
1761098386318,-4.325625,-0.5706882,8.645866
1761098386320,-4.06062,-0.6227321,8.565108
1761098386322,-3.7537405,-0.7292127,8.446664
1761098386325,-3.4654055,-0.82971126,8.352147
1761098386328,-3.1405797,-0.9840483,8.233703
1761098386330,-2.8061829,-1.1485549,8.115258
1761098386331,-2.4861426,-1.3124632,8.01117
1761098386334,-2.1661026,-1.4715859,7.9501534
1761098386336,-1.8275183,-1.683949,7.917252
1761098386338,-1.4751751,-1.896312,7.893922
1761098386340,-1.7312071,-2.7230322,8.033902
1761098386343,-2.0285153,-3.4097722,8.168498
1761098386345,-1.5044873,-3.3523445,8.22473
1761098386347,-0.61016977,-3.2530425,8.319844
1761098386349,0.35593235,-3.150151,8.466405
1761098386352,1.0827522,-3.1633115,8.603992
1761098386354,1.5607185,-3.2584262,8.723035
1761098386356,1.8191434,-3.4408789,8.832506
1761098386358,1.995614,-3.6699917,8.913862
1761098386361,2.1194427,-3.9170506,8.904889
1761098386363,2.2390838,-4.1641097,8.876774
1761098386365,2.2959132,-4.4339004,8.8014
1761098386367,2.2905295,-4.750351,8.650652
1761098386370,2.2761726,-5.0333023,8.461619
1761098386372,2.2618155,-5.296513,8.219944
1761098386375,2.228316,-5.573482,7.911868
1761098386379,2.196013,-5.8079786,7.5900335
1761098386379,2.1822543,-6.0418773,7.239485
1761098386382,2.1451654,-6.227919,6.855437
1761098386384,2.108675,-6.4181485,6.4618177
1761098386385,2.0482562,-6.598807,6.001797
1761098386388,2.0063818,-6.841678,5.5704913
1761098386390,2.0117657,-7.071389,5.17747
1761098386393,2.021337,-7.3304124,4.7934217
1761098386394,2.0488544,-7.632506,4.4147577
1761098386397,2.120041,-7.9160557,4.0594234
1761098386399,2.161317,-8.257032,3.7280176
1761098386401,2.2169502,-8.602796,3.3726835
1761098386403,2.2265215,-8.8905325,3.0077782
1761098386406,2.2594228,-9.154342,2.6811578
1761098386408,2.3407788,-9.390633,2.306681
1761098386410,2.3407788,-9.653843,2.0033908
1761098386412,2.335993,-9.936196,1.6671991
1761098386415,2.231307,-10.217353,1.3926228
1761098386417,2.1314068,-10.497911,1.0660025
1761098386420,1.9986051,-10.754541,0.7531409
1761098386422,1.8041883,-11.009377,0.4642076
1761098386425,1.5906289,-11.269596,0.21834506
1761098386426,1.4015958,-11.476576,-0.023330022
1761098386428,1.2077773,-11.688938,-0.26979074
1761098386430,1.0522437,-11.887543,-0.49232325
1761098386432,0.8679964,-12.090335,-0.7004988
1761098386435,0.59342,-12.296118,-0.8991031
1761098386437,0.2656033,-12.587443,-1.1072787
1761098386439,-0.16211374,-12.882359,-1.2634103
1761098386441,-0.6430711,-13.19522,-1.3956138
1761098386444,-1.1084751,-13.474583,-1.5230316
1761098386446,-1.5595222,-13.721044,-1.5936198
1761098386448,-1.9764715,-13.948959,-1.6737795
1761098386450,-2.3174486,-14.139788,-1.777269
1761098386453,-2.6572297,-14.296517,-1.9004993
1761098386456,-2.973082,-14.420345,-2.033301
1761098386457,-3.2644083,-14.52563,-2.1511476
1761098386459,-3.6131623,-14.6434765,-2.3222344
1761098386462,-3.9619162,-14.742779,-2.4879375
1761098386464,-4.338187,-14.78884,-2.6111677
1761098386466,-4.781458,-14.876777,-2.7008986
1761098386468,-5.261817,-14.916258,-2.7391837
1761098386471,-5.7463636,-14.917455,-2.71047
1761098386473,-6.282954,-14.898312,-2.658426
1761098386475,-6.8662047,-14.849857,-2.6111677
1761098386477,-7.4392858,-14.743975,-2.4879375
1761098386480,-8.045866,-14.666208,-2.3928227
1761098386482,-8.676374,-14.597415,-2.1936202
1761098386484,-9.316455,-14.534005,-1.9992033
1761098386486,-10.00798,-14.421542,-1.7527425
1761098386489,-10.676176,-14.338391,-1.5254245
1761098386491,-11.358729,-14.259428,-1.3351951
1761098386493,-12.0023985,-14.133207,-1.1318051
1761098386496,-12.627523,-14.030913,-0.9517452
1761098386498,-13.25205,-13.890934,-0.785444
1761098386500,-13.868202,-13.794024,-0.59581286
1761098386502,-14.4795685,-13.711472,-0.43010986
1761098386505,-15.071194,-13.591232,-0.25004998
1761098386507,-15.619748,-13.471592,-0.01794617
1761098386509,-16.153946,-13.332808,0.24765715
1761098386511,-16.640884,-13.176078,0.5084748
1761098386513,-17.103298,-13.024134,0.77347994
1761098386516,-17.532211,-12.830315,1.0534402
1761098386518,-17.871393,-12.656238,1.2759727
1761098386520,-18.209381,-12.454043,1.4985052
1761098386523,-18.55275,-12.246467,1.6689938
1761098386525,-18.91945,-12.01496,1.8203398
1761098386527,-19.280767,-11.7685,1.9148563
1761098386529,-19.68934,-11.507084,2.0135603
1761098386532,-20.092531,-11.197213,2.0745773
1761098386534,-20.41975,-10.879566,2.1972094
1761098386536,-20.68356,-10.500902,2.3389843
1761098386539,-20.83311,-10.095319,2.5232315
1761098386541,-20.892332,-9.667004,2.7355945
1761098386543,-20.83311,-9.260822,2.952743
1761098386545,-20.665014,-8.903693,3.1226335
1761098386547,-20.422144,-8.577073,3.2219357
1761098386550,-20.118853,-8.365906,3.1926236
1761098386552,-19.789242,-8.242078,3.0263224
1761098386554,-19.47937,-8.160124,2.85045
1761098386556,-19.2365,-8.125427,2.6081767
1761098386559,-19.117456,-8.127222,2.4089742
1761098386561,-19.118055,-8.155936,2.2618155
1761098386564,-19.137197,-8.164909,2.1954148
1761098386566,-19.12284,-8.136195,2.2145574
1761098386568,-19.111475,-8.0404825,2.25703
1761098386570,-19.070797,-7.897511,2.2755744
1761098386572,-18.968504,-7.745567,2.2372892
1761098386575,-18.809978,-7.6133633,2.1182463
1761098386577,-18.603598,-7.501499,1.9710877
1761098386580,-18.340387,-7.375876,1.75693
1761098386581,-18.08615,-7.2502527,1.5529419
1761098386584,-17.827724,-7.1246295,1.3196417
1761098386586,-17.565113,-7.0229344,0.96849495
1761098386588,-17.38266,-6.914659,0.6119644
1761098386590,-17.200207,-6.8165536,0.24646074
1761098386593,-17.004595,-6.747162,-0.06699903
1761098386595,-16.798214,-6.6203423,-0.3188436
1761098386597,-16.544575,-6.4995046,-0.509073
1761098386599,-16.228722,-6.375676,-0.55692947
1761098386602,-15.888342,-6.1944194,-0.5383851
1761098386604,-15.491134,-6.018547,-0.50069815
1761098386606,-15.061024,-5.8875403,-0.37746778
1761098386608,-14.641682,-5.784649,-0.24945176
1761098386611,-14.174483,-5.7020965,-0.083748795
1761098386613,-13.6355,-5.5920267,0.08673982
1761098386615,-13.1354,-5.5052867,0.23389842
1761098386618,-12.630514,-5.432306,0.35234314
1761098386620,-12.18844,-5.4167523,0.4235296
1761098386622,-11.752348,-5.4580283,0.4660022
1761098386624,-11.296515,-5.48076,0.4755735
1761098386626,-10.869397,-5.511867,0.50428736
1761098386629,-10.409377,-5.534599,0.5371887
1761098386631,-9.910473,-5.543572,0.60837513
1761098386633,-9.393025,-5.553143,0.6843473
1761098386636,-8.889935,-5.581259,0.76510507
1761098386638,-8.362915,-5.6099725,0.8554341
1761098386640,-7.811968,-5.624928,0.9738788
1761098386642,-7.3100734,-5.6967125,1.0785648
1761098386644,-6.850053,-5.762515,1.1976078
1761098386647,-6.428318,-5.8277197,1.3351951
1761098386650,-6.0550375,-5.9210396,1.4111671
1761098386651,-5.695516,-6.033502,1.4973087
1761098386654,-5.465207,-6.1764736,1.5164514
1761098386656,-5.2869415,-6.2997036,1.4979069
1761098386659,-5.1463633,-6.407979,1.4787644
1761098386660,-5.0620165,-6.4815583,1.3890336
1761098386663,-4.9639106,-6.5742803,1.2705889
1761098386665,-4.879564,-6.6281185,1.1330016
1761098386667,-4.761119,-6.634699,0.95712906
1761098386670,-4.657031,-6.6646094,0.78664047
1761098386672,-4.5613184,-6.622735,0.5491528
1761098386674,-4.423731,-6.619744,0.2739782
1761098386676,-4.2777686,-6.674779,-0.0059820567
1761098386678,-4.211966,-6.728019,-0.21954148
1761098386680,-4.1754756,-6.795616,-0.4331009
1761098386682,-4.2185464,-6.8374906,-0.60358953
1761098386685,-4.314259,-6.8446693,-0.78364944
1761098386687,-4.4859443,-6.89432,-0.8979067
1761098386690,-4.7007003,-6.943373,-1.0067801
1761098386692,-5.035695,-7.1102724,-1.0492527
1761098386694,-5.311468,-7.119844,-0.97806627
1761098386696,-5.392824,-6.863812,-0.9595219
1761098386699,-5.3904314,-6.4606214,-0.9176475
1761098386701,-5.378467,-6.047859,-0.9092726
1761098386703,-5.4239306,-5.6530433,-0.84347
1761098386705,-5.508876,-5.36411,-0.7495517
1761098386708,-5.6386867,-5.1457653,-0.6550352
1761098386710,-5.773881,-5.0183473,-0.6364908
1761098386712,-5.953343,-4.9429736,-0.6556334
1761098386714,-6.076573,-4.9214377,-0.71724856
1761098386717,-6.204589,-4.933402,-0.7932207
1761098386719,-6.3427744,-4.959723,-0.9068798
1761098386721,-6.533602,-4.980062,-1.0636097
1761098386724,-6.7375903,-4.961518,-1.2628121
1761098386725,-6.9134626,-4.9770713,-1.4763715
1761098386728,-7.0893354,-4.9788656,-1.6091732
1761098386730,-7.2508507,-4.9609194,-1.7706888
1761098386732,-7.4069824,-4.9292145,-1.96032
1761098386735,-7.524829,-4.859225,-2.155335
1761098386737,-7.6049886,-4.833502,-2.3401806
1761098386739,-7.6941214,-4.759324,-2.544767
1761098386741,-7.7587276,-4.6612186,-2.7918258
1761098386744,-7.7964144,-4.636094,-3.0149565
1761098386746,-7.8484583,-4.610969,-3.214159
1761098386749,-7.896913,-4.648058,-3.4277184
1761098386750,-7.939984,-4.6755753,-3.5796626
1761098386753,-8.021339,-4.7216372,-3.7453656
1761098386755,-8.103293,-4.78744,-3.8590248
1761098386757,-8.218747,-4.871787,-3.9397824
1761098386759,-8.325827,-4.9992046,-4.0295134
1761098386762,-8.418549,-5.155935,-4.0624146
1761098386765,-8.530413,-5.2977095,-4.1144586
1761098386767,-8.603394,-5.411967,-4.118646
1761098386768,-8.676973,-5.5256257,-4.0851464
1761098386771,-8.734999,-5.601598,-4.0187454
1761098386773,-8.816954,-5.648856,-3.9332023
1761098386775,-8.922237,-5.704489,-3.8093736
1761098386778,-9.016754,-5.703293,-3.6813576
1761098386780,-9.116654,-5.6823554,-3.5958142
1761098386782,-9.215358,-5.64766,-3.458227
1761098386784,-9.286545,-5.627321,-3.3349965
1761098386786,-9.362516,-5.63091,-3.2213376
1761098386789,-9.390633,-5.616553,-3.0789645
1761098386791,-9.404989,-5.6213384,-2.917449
1761098386793,-9.419347,-5.6500525,-2.7511477
1761098386796,-9.437891,-5.63091,-2.6374888
1761098386798,-9.495318,-5.649454,-2.5423741
1761098386800,-9.538389,-5.648856,-2.452045
1761098386802,-9.585648,-5.633901,-2.3336003
1761098386804,-9.632906,-5.64766,-2.2671995
1761098386807,-9.652048,-5.6333027,-2.2103698
1761098386809,-9.65145,-5.6093745,-2.158326
1761098386811,-9.641879,-5.5950174,-2.120041
1761098386814,-9.604192,-5.619544,-2.1008983
1761098386816,-9.547362,-5.639883,-2.1104696
1761098386818,-9.486943,-5.6985073,-2.1912274
1761098386820,-9.407382,-5.771488,-2.248057
1761098386822,-9.294321,-5.8217373,-2.3144577
1761098386825,-9.157332,-5.895915,-2.3665016
1761098386827,-9.0347,-5.9270215,-2.41376
1761098386829,-8.826525,-5.968896,-2.4562325
1761098386831,-8.59442,-6.001797,-2.4514468
1761098386834,-8.376674,-6.04427,-2.4275186
1761098386836,-8.230113,-6.0897336,-2.408376
1761098386840,-8.230113,-6.1040907,-2.4652054
1761098386841,-8.331808,-6.222535,-2.4747767
1761098386843,-8.554341,-6.424729,-2.5166512
1761098386845,-8.791828,-6.732805,-2.4352953
1761098386847,-8.96471,-7.100103,-2.3018954
1761098386850,-9.098708,-7.4195447,-2.1918256
1761098386852,-9.135797,-7.669595,-2.0111675
1761098386854,-9.090932,-7.804789,-1.8777676
1761098386856,-9.020343,-7.85444,-1.7353946
1761098386859,-8.920443,-7.861619,-1.5451652
1761098386861,-8.730213,-7.865806,-1.2179468
1761098386863,-8.558528,-7.830512,-1.0468599
1761098386865,-8.353344,-7.7671022,-0.91465646
1761098386868,-8.095517,-7.7001033,-0.76749784
1761098386870,-7.8891363,-7.584051,-0.6729814
1761098386872,-7.6827555,-7.4584284,-0.5593223
1761098386874,-7.466803,-7.342376,-0.28414768
1761098386877,-7.2699933,-7.201798,-0.2943172
1761098386879,-7.0785675,-7.1192455,-0.15194423
1761098386881,-6.704689,-7.2287173,0.59342
1761098386883,-6.2147584,-7.50449,2.0368903
1761098386886,-5.671588,-7.72463,3.8123646
1761098386888,-5.047061,-7.908279,5.7487564
1761098386890,-4.273581,-7.9890366,7.609774
1761098386892,-3.4803605,-8.0201435,8.905488
1761098386895,-2.7302105,-8.054839,9.631709
1761098386897,-2.0961127,-8.17149,9.626924
1761098386899,-2.1415763,-8.580064,7.966903
1761098386901,-3.0029924,-9.193225,5.7284174
1761098386904,-4.132405,-9.610772,3.7645082
1761098386906,-4.9525447,-9.771091,2.6446671
1761098386908,-5.4412785,-9.731609,1.838286
1761098386910,-5.732605,-9.524033,1.4530416
1761098386913,-5.766104,-9.253643,0.9349955
1761098386915,-5.66082,-8.932407,0.40737805
1761098386917,-5.532804,-8.659625,-0.048454657
1761098386919,-5.5052867,-8.438888,-0.25782663
1761098386923,-5.5968122,-8.235497,-0.32961133
1761098386924,-5.736792,-8.098508,-0.32063824
1761098386927,-5.91087,-8.013563,-0.23988047
1761098386928,-6.042475,-7.905886,-0.30209386
1761098386930,-6.0729837,-7.751549,-0.31166515
1761098386932,-6.1040907,-7.6259255,-0.37387854
1761098386935,-6.105885,-7.4620175,-0.5401797
1761098386937,-6.1363935,-7.283752,-0.6448657
1761098386940,-6.2201424,-7.200003,-0.7830512
1761098386941,-6.3804617,-7.134799,-0.77826554
1761098386944,-6.608378,-7.126424,-0.6646065
1761098386946,-6.8374906,-7.194021,-0.8967103
1761098386948,-6.960123,-7.128817,-0.9822537
1761098386951,-7.0785675,-7.1168528,-1.21017
1761098386953,-7.183254,-7.1048884,-1.4093726
1761098386955,-7.320243,-7.0689964,-1.4099708
1761098386957,-7.396813,-7.0815587,-1.6420746
1761098386959,-7.516454,-7.1563344,-1.6516458
1761098386962,-7.583453,-7.183254,-1.7748762
1761098386964,-7.6851482,-7.2676005,-1.9076779
1761098386966,-7.7437725,-7.381858,-2.0781665
1761098386968,-7.783852,-7.4913297,-2.1302104
1761098386971,-7.758129,-7.669595,-1.9537396
1761098386973,-7.852646,-7.9184484,-1.7922242
1761098386975,-7.9657063,-8.118847,-1.4829519
1761098386977,-8.027322,-8.132606,-1.3076776
1761098386980,-7.937591,-7.899306,-1.0755738
1761098386982,-7.832905,-7.6133633,-1.0001999
1761098386984,-7.7706914,-7.301698,-1.1431711
1761098386987,-7.632506,-6.9966135,-1.224527
1761098386989,-7.533802,-6.7722864,-1.3770695
1761098386991,-7.396813,-6.558129,-1.5391831
1761098386993,-7.332805,-6.4199433,-1.4823537
1761098386996,-7.298109,-6.339185,-1.4207385
1761098386998,-7.3543406,-6.3140607,-1.3639089
1761098387000,-7.420741,-6.3086767,-1.198206
1761098387002,-7.4392858,-6.2608204,-1.1078769
1761098387005,-7.4189467,-6.1944194,-0.87996054
1761098387007,-7.393822,-6.1178493,-0.8285148
1761098387009,-7.396813,-6.0311093,-0.8853444
1761098387012,-7.4291162,-5.9635124,-0.9517452
1761098387014,-7.4183483,-5.8911295,-1.0803595
1761098387016,-7.388438,-5.790631,-1.2843475
1761098387018,-7.396215,-5.703293,-1.5553347
1761098387020,-7.4662046,-5.6004014,-1.8927227
1761098387023,-7.5068827,-5.502894,-2.2725832
1761098387025,-7.5062847,-5.4346986,-2.7044878
1761098387027,-7.400402,-5.348557,-3.21715
1761098387029,-7.222735,-5.2163534,-3.6873398
1761098387032,-7.0929246,-5.145167,-4.1575294
1761098387034,-6.9302125,-5.0512486,-4.5942197
1761098387036,-6.7387867,-4.966902,-5.035695
1761098387038,-6.582057,-4.9453664,-5.3300123
1761098387041,-6.4534426,-4.942375,-5.581857
1761098387043,-6.38764,-4.975875,-5.8947186
1761098387045,-6.38764,-4.970491,-6.16092
1761098387048,-6.454041,-4.964509,-6.3314085
1761098387050,-6.554539,-4.9860444,-6.554539
1761098387052,-6.649654,-4.989035,-6.7256265
1761098387054,-6.6161547,-4.974678,-6.867999
1761098387057,-6.502496,-5.000401,-7.0289164
1761098387059,-6.3314085,-4.9932227,-7.147959
1761098387061,-6.198009,-4.9716873,-7.2711897
1761098387063,-6.117251,-4.953741,-7.351948
1761098387066,-6.1040907,-5.011169,-7.3896346
1761098387068,-6.0897336,-5.011767,-7.436893
1761098387070,-6.113662,-5.0249276,-7.57448
1761098387072,-6.122635,-4.991428,-7.6271224
1761098387075,-6.1034923,-4.9722853,-7.7407813
1761098387077,-6.069993,-4.953741,-7.769495
1761098387079,-6.0460644,-4.963312,-7.835896
1761098387081,-6.046663,-4.968098,-7.8263245
1761098387084,-6.042475,-5.002196,-7.8023963
1761098387086,-6.056234,-5.0015974,-7.7551384
1761098387088,-6.108278,-4.981857,-7.641479
1761098387090,-6.1698933,-4.966902,-7.55115
1761098387093,-6.2267227,-4.9513483,-7.499106
1761098387095,-6.378667,-4.953741,-7.423134
1761098387097,-6.559325,-4.9603214,-7.351948
1761098387100,-6.826723,-5.0709896,-7.1425757
1761098387102,-7.1042905,-5.197211,-6.6676
1761098387104,-7.2233334,-5.215157,-6.2644095
1761098387106,-7.218548,-5.2109694,-5.979664
1761098387109,-7.146763,-5.18405,-5.638088
1761098387111,-7.0953174,-5.2289157,-5.433502
1761098387113,-7.039086,-5.288138,-5.291129
1761098387115,-6.9966135,-5.3180485,-4.9639106
1761098387117,-6.9684978,-5.3294144,-4.579264
1761098387120,-6.921838,-5.3832526,-4.3561335
1761098387122,-6.8045893,-5.4963136,-4.265805
1761098387124,-6.6406813,-5.619544,-4.165904
1761098387126,-6.463014,-5.8013983,-3.586243
1761098387129,-6.1956162,-6.024529,-2.7122645
1761098387131,-5.899504,-6.1992054,-2.1475582
1761098387134,-5.593223,-6.3535423,-1.942972
1761098387136,-5.323432,-6.4259253,-1.8999012
1761098387138,-5.099105,-6.352944,-1.9334008
1761098387140,-4.928018,-6.3361945,-2.1708884
1761098387142,-4.775476,-6.2997036,-2.408376
1761098387144,-4.6002016,-6.3308105,-2.8115666
1761098387147,-4.636692,-6.238687,-3.0442686
1761098387149,-4.5744786,-6.2147584,-3.3481572
1761098387151,-4.473382,-6.120242,-3.5431721
1761098387153,-4.3519464,-5.9730835,-3.586243
1761098387156,-4.284349,-5.877969,-3.7190447
1761098387158,-4.298706,-5.886942,-3.9990048
1761098387160,-4.371089,-5.956932,-4.241278
1761098387162,-4.5014977,-6.0598235,-4.383053
1761098387165,-4.604389,-6.2548385,-4.5631127
1761098387167,-4.6803613,-6.5072813,-4.8233323
1761098387169,-4.7306104,-6.6885376,-5.0506506
1761098387172,-4.7916274,-6.893722,-5.221139
1761098387174,-4.8119664,-6.979265,-5.3587265
1761098387176,-4.7730827,-6.927222,-5.3826547
1761098387178,-4.698307,-6.7316084,-5.3970113
1761098387181,-4.4985065,-6.4325056,-5.4023952
1761098387183,-4.2652063,-6.1292152,-5.426922
1761098387185,-4.046263,-5.8211393,-5.375476
1761098387187,-3.818945,-5.599205,-5.3569317
1761098387190,-3.6783667,-5.4430733,-5.3718867
1761098387192,-3.5581272,-5.3300123,-5.4382877
1761098387194,-3.5336008,-5.296513,-5.5573306
1761098387196,-3.4522448,-5.259424,-5.642874
1761098387199,-3.394817,-5.2313085,-5.704489
1761098387201,-3.2949169,-5.209175,-5.7804613
1761098387203,-3.1387851,-5.2402816,-5.89412
1761098387205,-2.9874392,-5.3096733,-5.9748783
1761098387207,-2.8193433,-5.4424753,-6.0598235
1761098387210,-2.7750762,-5.6303115,-6.116653
1761098387212,-2.673381,-5.8193445,-6.049654
1761098387214,-2.5722845,-5.9994044,-5.940182
1761098387217,-2.475375,-6.169295,-5.811568
1761098387219,-2.3347967,-6.2925253,-5.63091
1761098387221,-2.132005,-6.3828545,-5.421538
1761098387223,-1.8293129,-6.4606214,-5.260022
1761098387225,-1.4733806,-6.4965134,-5.00399
1761098387228,-0.9816555,-6.361917,-4.6342993
1761098387230,-0.6119644,-6.393024,-4.4727836
1761098387232,-0.5389833,-6.59103,-4.519444
1761098387234,-0.53300124,-6.7639112,-4.519444
1761098387237,-0.53599226,-6.9505515,-4.6468616
1761098387239,-0.58624154,-7.1132636,-4.7365923
1761098387241,-0.6161518,-7.194021,-4.8598228
1761098387244,-0.7399804,-7.2011995,-4.9549375
1761098387246,-0.9493524,-7.211369,-5.0590253
1761098387248,-1.1814562,-7.183254,-5.1732826
1761098387250,-1.3363914,-7.07438,-5.372485
1761098387253,-1.5379868,-6.9116683,-5.4963136
1761098387255,-1.7246269,-6.716055,-5.686543
1761098387257,-1.9722841,-6.4851475,-5.9342003
1761098387259,-2.2408783,-6.34098,-6.1292152
1761098387261,-2.571686,-6.2291155,-6.3050876
1761098387264,-2.9748766,-6.202196,-6.452246
1761098387266,-3.257828,-6.096314,-6.6418777
1761098387268,-3.5706897,-6.0323057,-6.7561345
1761098387270,-3.7962132,-5.913263,-6.799206
1761098387273,-4.089334,-5.8211393,-6.923034
1761098387275,-4.362714,-5.701498,-6.923034
1761098387277,-4.58405,-5.5914283,-6.9278197
1761098387280,-4.855635,-5.6153564,-6.9708905
1761098387282,-5.050052,-5.616553,-7.0325055
1761098387284,-5.3503513,-5.6590257,-7.146165
1761098387286,-5.354539,-5.6350975,-7.103692
1761098387289,-5.3144593,-5.784649,-7.1270223
1761098387291,-5.299504,-6.0251274,-7.031309
1761098387293,-5.122435,-6.2063837,-6.9786673
1761098387295,-4.7018967,-6.3535423,-6.836294
1761098387298,-4.2388854,-6.501299,-6.6364937
1761098387300,-4.0091743,-6.678966,-6.398408
1761098387302,-3.39721,-6.743572,-6.061618
1761098387304,-2.8265216,-6.7058854,-5.729614
1761098387307,-2.4077778,-6.661618,-5.430511
1761098387309,-1.9968106,-6.539584,-5.1553364
1761098387311,-1.7982062,-6.591628,-5.046463
1761098387313,-1.719243,-6.698707,-4.9226346
1761098387315,-1.6624135,-6.7094746,-4.8562336
1761098387318,-1.6719848,-6.6999035,-4.898706
1761098387320,-1.6995022,-6.650851,-4.956134
1761098387323,-1.7694924,-6.5772715,-5.122435
1761098387325,-1.9776679,-6.5252275,-5.4023952
1761098387327,-2.0751755,-6.3738813,-5.7110696
1761098387329,-2.2067807,-6.2937217,-6.024529
1761098387331,-2.4095724,-6.198607,-6.276374
1761098387334,-2.6267211,-6.1124654,-6.5234327
1761098387336,-2.6895328,-5.913263,-6.860821
1761098387338,-2.8348966,-5.775676,-7.112665
1761098387340,-2.865405,-5.615955,-7.4213395
1761098387343,-3.045465,-5.5980086,-7.597212
1761098387345,-3.1405797,-5.581857,-7.7820573
1761098387347,-3.2398818,-5.555536,-7.920243
1761098387349,-3.225525,-5.5507503,-8.05783
1761098387352,-3.2105699,-5.526822,-8.076973
1761098387354,-3.1663027,-5.4173503,-8.086544
1761098387357,-3.1369905,-5.3647084,-8.133802
1761098387358,-3.234498,-5.5310097,-8.266604
1761098387361,-3.3810585,-5.748158,-8.536395
1761098387363,-3.4223347,-5.925227,-8.569296
1761098387365,-3.4133615,-6.2470617,-8.596813
1761098387367,-3.05384,-6.355337,-8.240881
1761098387370,-2.891128,-6.5365934,-7.960323
1761098387372,-2.8139594,-6.75434,-7.7940216
1761098387374,-2.7595227,-6.923632,-7.5942206
1761098387376,-2.7906294,-7.077371,-7.499106
1761098387379,-2.69372,-6.9445696,-7.332805
1761098387381,-2.6344976,-6.8165536,-7.2622166
1761098387383,-2.6715865,-6.786643,-7.428518
1761098387386,-2.6374888,-6.719644,-7.5469627
1761098387388,-2.6554348,-6.666404,-7.698907
1761098387396,-2.6739793,-6.632306,-7.732406
1761098387396,-2.7816563,-6.5288167,-7.856235
1761098387396,-2.8570302,-6.503692,-7.884351
1761098387403,-2.9186454,-6.4923263,-8.04108
1761098387403,-2.8552356,-6.378667,-8.07458
1761098387403,-2.8193433,-6.2440705,-8.288737
1761098387403,-2.7655048,-6.1585274,-8.379066
1761098387412,-2.7906294,-6.209973,-8.583055
1761098387412,-2.815754,-6.2961144,-8.729615
1761098387413,-2.8827531,-6.3278193,-8.82473
1761098387413,-2.8438697,-6.2715883,-8.696713
1761098387414,-2.8516464,-6.16092,-8.630313
1761098387417,-2.876771,-5.968896,-8.417352
1761098387419,-2.830111,-5.749355,-8.228319
1761098387421,-2.7595227,-5.5447683,-7.9914293
1761098387423,-2.7469604,-5.372485,-7.692925
1761098387426,-2.6464617,-5.3072805,-7.6313095
1761098387428,-2.544767,-5.213362,-7.47458
1761098387430,-2.5926232,-5.241478,-7.370492
1761098387432,-2.5459633,-5.271388,-7.2041907
1761098387435,-2.5896323,-5.3336015,-7.0666037
1761098387437,-2.5956144,-5.425127,-6.829116
1761098387439,-2.5728827,-5.47418,-6.5252275
1761098387442,-2.469393,-5.548956,-6.2925253
1761098387444,-2.3084757,-5.5716877,-6.040681
1761098387446,-1.9974087,-5.452645,-5.8229337
1761098387448,-1.805983,-5.3742795,-5.8133626
1761098387451,-1.8418752,-5.5130634,-5.936593
1761098387453,-1.9806589,-5.8510494,-6.1399827
1761098387455,-2.1296122,-6.2171516,-6.5946193
1761098387457,-2.0524435,-6.413961,-7.016354
1761098387460,-1.8717855,-6.407381,-7.329814
1761098387462,-1.602593,-6.483353,-7.689934
1761098387464,-1.4877375,-6.172884,-7.69113
1761098387466,-1.3357933,-5.8971114,-7.696514
1761098387469,-1.2669996,-5.749355,-7.6917286
1761098387471,-1.2454642,-5.624928,-7.7347994
1761098387473,-1.2119647,-5.596214,-7.77787
1761098387475,-1.1742777,-5.611169,-7.877172
1761098387477,-1.1491531,-5.54417,-7.9298143
1761098387480,-1.1006985,-5.4729834,-7.9298143
1761098387482,-1.0169497,-5.3066826,-7.8777704
1761098387484,-0.8470592,-5.0937214,-7.717451
1761098387487,-0.7298109,-4.918447,-7.7030945
1761098387489,-0.7004988,-4.8658047,-7.731808
1761098387491,-0.76331043,-4.907679,-7.859824
1761098387493,-0.83688974,-5.035695,-7.9591265
1761098387496,-0.83389866,-5.1607203,-8.04467
1761098387498,-0.7818548,-5.180461,-8.115856
1761098387500,-0.74835527,-5.142774,-8.158329
1761098387502,-0.6562316,-5.043472,-8.139785
1761098387505,-0.5306084,-4.935795,-8.006983
1761098387507,-0.51086766,-4.883153,-7.8837523
1761098387509,-0.526421,-4.965107,-7.850253
1761098387511,-0.5515456,-5.0273204,-7.7126656
1761098387514,-0.5778667,-5.1852465,-7.679166
1761098387516,-0.58504516,-5.3342,-7.6594253
1761098387518,-0.60658056,-5.482555,-7.602596
1761098387520,-0.67058855,-5.5920267,-7.6540413
1761098387523,-0.82013994,-5.733203,-7.620542
1761098387525,-0.9349955,-5.779265,-7.620542
1761098387527,-0.91405827,-5.6937213,-7.5068827
1761098387529,-1.0648061,-5.604589,-7.450053
1761098387532,-1.1790633,-5.621937,-7.450053
1761098387534,-1.1575279,-5.4783673,-7.3746796
1761098387536,-1.2771691,-5.5250273,-7.066005
1761098387538,-1.352543,-5.5046883,-6.942775
1761098387541,-1.3908281,-5.2540402,-7.047461
1761098387543,-1.4931214,-5.0979085,-7.190432
1761098387545,-1.625923,-5.115257,-7.1473613
1761098387547,-1.6648064,-4.8646083,-7.167102
1761098387550,-1.8287147,-5.0105705,-7.2472615
1761098387552,-1.7174485,-4.8969116,-7.243074
1761098387554,-1.6995022,-4.9405804,-7.423134
1761098387556,-1.8215362,-5.1493545,-7.522436
1761098387559,-1.8107685,-5.0674,-7.631908
1761098387562,-1.7694924,-5.144569,-7.7503524
1761098387564,-1.689931,-5.2277193,-7.821539
1761098387565,-1.6713866,-5.2426744,-7.792825
1761098387568,-1.5475581,-5.2348976,-7.7736826
1761098387570,-1.294517,-5.148756,-7.631908
1761098387572,-1.0360922,-5.0386863,-7.4183483
1761098387574,-0.8967103,-4.9453664,-7.257431
1761098387577,-1.0390832,-5.2217374,-7.0618176
1761098387579,-1.099502,-5.426922,-7.1186476
1761098387581,-1.3519448,-5.749355,-7.0654073
1761098387583,-1.3627125,-5.816354,-7.0223365
1761098387586,-1.4656038,-5.9784675,-6.9128647
1761098387588,-1.5062819,-6.1453667,-6.9128647
1761098387590,-1.6091732,-6.317052,-6.802795
1761098387593,-1.80359,-6.5677,-6.9684978
1761098387595,-1.8855443,-6.6622167,-6.9158554
1761098387597,-1.9148563,-6.695716,-6.8021965
1761098387599,-1.9178474,-6.6095743,-6.783054
1761098387602,-1.9674984,-6.445068,-6.8261247
1761098387604,-1.8622142,-6.399006,-6.7651076
1761098387606,-1.6007984,-6.1399827,-6.48096
1761098387608,-0.46660042,-5.388038,-6.150152
1761098387611,-0.22971097,-4.8675995,-6.526424
1761098387613,-1.2675978,-5.52084,-6.923632
1761098387616,-1.9998015,-6.678966,-7.19103
1761098387618,-2.7242286,-7.6067834,-7.5499535
1761098387620,-3.3553355,-8.108678,-7.885547
1761098387622,-3.7393837,-8.355737,-8.012965
1761098387624,-3.9960139,-8.370692,-8.046464
1761098387627,-4.1700916,-8.2761755,-8.10808
1761098387629,-4.1988053,-8.006385,-8.170293
1761098387631,-4.2945185,-7.7551384,-8.223534
1761098387633,-4.5732822,-7.663613,-8.123632
1761098387635,-4.6707897,-7.5326056,-8.053044
1761098387638,-4.750351,-7.463812,-8.0817585
1761098387640,-4.883751,-7.518847,-8.085946
1761098387642,-5.0602217,-7.5589266,-8.090732
1761098387644,-5.175077,-7.5906315,-8.085946
1761098387647,-5.2905307,-7.6797643,-8.052446
1761098387649,-5.334798,-7.7754774,-7.9477606
1761098387651,-5.384449,-7.885547,-7.852646
1761098387653,-5.3946185,-7.9334035,-7.8197446
1761098387656,-5.3497534,-8.073383,-7.8430743
1761098387658,-5.2462635,-8.146963,-7.8239317
1761098387660,-5.244469,-8.306086,-7.789834
1761098387662,-5.1852465,-8.479566,-7.827521
1761098387665,-5.136792,-8.676973,-7.912466
1761098387667,-5.041079,-8.928818,-7.978269
1761098387669,-4.907679,-9.15135,-8.072785
1761098387671,-4.743771,-9.30808,-8.096115
1761098387674,-4.529015,-9.51805,-8.190632
1761098387676,-4.3172503,-9.622736,-8.142776
1761098387678,-4.214957,-9.754341,-8.190034
1761098387681,-4.0181475,-9.916455,-8.213364
1761098387682,-3.822534,-10.150353,-8.184649
1761098387685,-3.6311083,-10.335797,-8.250452
1761098387687,-3.4049866,-10.441082,-8.183454
1761098387689,-3.176472,-10.397412,-8.150552
1761098387692,-2.9006991,-10.383056,-8.13141
1761098387694,-2.6596224,-10.185648,-7.947162
1761098387696,-2.5220351,-9.933804,-7.786245
1761098387698,-2.4670002,-9.781859,-7.6630144
1761098387701,-2.484348,-9.675977,-7.62114
1761098387703,-2.536392,-9.655638,-7.5828547
1761098387705,-2.5842485,-9.674182,-7.5589266
1761098387708,-2.6745775,-9.692128,-7.5068827
1761098387710,-2.7505496,-9.695718,-7.4644103
1761098387712,-2.8456643,-9.70828,-7.4644103
1761098387714,-2.9455647,-9.720842,-7.450053
1761098387717,-3.016751,-9.690931,-7.3836527
1761098387719,-3.1782668,-9.707084,-7.3974113
1761098387721,-3.3732817,-9.713663,-7.4213395
1761098387723,-3.4689946,-9.745368,-7.440482
1761098387726,-3.5694933,-9.810573,-7.530213
1761098387728,-3.7280176,-9.917651,-7.629515
1761098387730,-3.839284,-10.002597,-7.648658
1761098387732,-4.0073795,-10.10489,-7.7760754
1761098387734,-4.1030927,-10.155738,-7.795218
1761098387737,-4.0211387,-10.089935,-7.7904325
1761098387739,-4.0241294,-9.998409,-7.895118
1761098387741,-3.9744785,-9.87458,-7.928618
1761098387744,-3.8488553,-9.741779,-8.085946
1761098387746,-3.7363925,-9.556335,-8.17149
1761098387748,-3.6149569,-9.385847,-8.105687
1761098387750,-3.5126636,-9.243474,-8.072785
1761098387753,-3.4869409,-9.123833,-8.120642
1761098387755,-3.374478,-8.967701,-8.021339
1761098387757,-3.211168,-8.865408,-7.859824
1761098387759,-3.1345978,-8.813364,-7.9220376
1761098387762,-3.138187,-8.760123,-8.026125
1761098387764,-3.056831,-8.718249,-8.083553
1761098387766,-2.955136,-8.620144,-7.8699937
1761098387768,-2.9066813,-8.544171,-7.865208
1761098387771,-2.8528428,-8.439486,-7.893922
1761098387773,-2.774478,-8.335398,-7.7090764
1761098387776,-2.7361927,-8.301898,-7.8089767
1761098387777,-2.6979074,-8.27797,-8.075178
1761098387780,-2.6201408,-8.169695,-7.895118
1761098387782,-2.5603201,-8.026724,-7.710273
1761098387784,-2.446063,-7.995617,-7.6630144
1761098387787,-2.3653052,-8.001,-7.8670025
1761098387789,-2.2594228,-7.94118,-7.6678
1761098387791,-2.2546372,-7.9513497,-7.4159555
1761098387793,-2.2851455,-8.057232,-7.1976104
1761098387795,-2.3336003,-8.099705,-7.1168528
1761098387798,-2.3365912,-8.018349,-6.946364
1761098387800,-2.344368,-7.9316087,-6.9744797
1761098387802,-2.3670998,-7.844869,-7.0079794
1761098387805,-2.2103698,-7.5786676,-6.9948187
1761098387807,-2.2348964,-7.332805,-7.227521
1761098387809,-2.2342982,-7.04447,-7.351948
1761098387811,-2.1631117,-6.7579293,-6.9966135
1761098387813,-2.1708884,-6.675377,-7.4997044
1761098387817,-2.1978076,-6.559325,-7.6139617
1761098387818,-2.1176481,-6.3403816,-7.3106713
1761098387820,-2.018944,-6.117251,-7.036095
1761098387822,-2.126621,-6.018547,-7.3495545
1761098387825,-2.160719,-5.791229,-7.7012997
1761098387827,-2.2420747,-5.5686965,-7.773084
1761098387830,-2.1762722,-5.339584,-7.7072816
1761098387832,-2.111666,-5.172684,-7.536793
1761098387834,-2.1194427,-5.0662036,-7.8023963
1761098387836,-2.0111675,-4.8472605,-7.9310107
1761098387838,-1.8939191,-4.6486564,-7.414759
1761098387840,-1.8454645,-4.587041,-7.3812594
1761098387843,-1.902294,-4.581657,-7.3716884
1761098387845,-1.9818554,-4.5266223,-7.5236325
1761098387847,-2.0380867,-4.4775696,-7.5906315
1761098387849,-2.0267208,-4.3579283,-7.6666036
1761098387852,-1.9334008,-4.205984,-7.5720873
1761098387854,-1.9495523,-4.031906,-7.862217
1761098387856,-2.047658,-3.9086757,-8.455637
1761098387859,-2.1218355,-3.790231,-9.257831
1761098387861,-2.1768703,-3.6532419,-9.960723
1761098387863,-2.1744776,-3.5120654,-10.7348
1761098387865,-1.6683956,-3.0753753,-10.498509
1761098387867,-1.4446666,-2.7535408,-12.107682
1761098387870,-0.88414794,-2.5345974,-9.227921
1761098387872,-1.5978073,-3.1286156,-10.64507
1761098387874,-1.6630118,-3.0197423,-11.547164
1761098387877,-1.3938192,-2.894119,-9.786645
1761098387879,-1.1066805,-2.7876384,-8.244471
1761098387881,-1.0468599,-2.9156544,-7.3950186
1761098387883,-1.0205388,-3.0472596,-6.7112694
1761098387886,-1.0390832,-3.0376883,-6.478567
1761098387888,-0.89431745,-2.9306095,-6.180063
1761098387890,-0.7112665,-2.7667012,-5.85763
1761098387893,-0.5766702,-2.6925237,-5.7583275
1761098387895,-0.39840496,-2.5369902,-5.7487564
1761098387897,-0.2542374,-2.4484558,-5.5926247
1761098387899,-0.12023934,-2.388037,-5.953343
1761098387901,0.04546363,-2.4005992,-5.9820566
1761098387904,0.21714866,-2.3742783,-6.0341005
1761098387906,0.33559337,-2.3952155,-6.24766
1761098387908,0.34456646,-2.3988047,-6.8219376
1761098387911,0.5880362,-2.356332,-6.285945
1761098387913,0.79860455,-2.2504497,-5.892326
1761098387915,1.0199406,-2.1008983,-5.712266
1761098387917,1.1491531,-2.0500507,-5.9970117
1761098387919,1.2197413,-2.0835502,-6.6185474
1761098387921,0.8751749,-2.179263,-8.293523
1761098387925,1.1629118,-2.0105693,-8.664411
1761098387926,1.5738791,-1.884946,-7.8580294
1761098387928,1.884946,-1.7730815,-6.8045893
1761098387930,1.9806589,-1.7766708,-5.8360944
1761098387933,1.98365,-1.869991,-5.1050873
1761098387935,1.9106688,-1.9794625,-4.948357
1761098387938,1.8574286,-2.0368903,-4.6821556
1761098387939,1.7748762,-2.1355941,-5.023731
1761098387942,1.7060826,-2.2582264,-5.3557353
1761098387944,1.736591,-2.4311078,-5.59741
1761098387946,1.8095721,-2.5764718,-5.7110696
1761098387949,1.8460627,-2.6913273,-5.933602
1761098387951,1.791626,-2.7960134,-6.0951176
1761098387953,1.7808583,-2.8869405,-6.084948
1761098387955,1.7647067,-2.9874392,-6.1040907
1761098387957,1.6977077,-3.010171,-6.2416778
1761098387960,1.6881363,-3.0143583,-6.364908
1761098387962,1.6121643,-3.0173492,-6.588039
1761098387964,1.6923238,-3.028117,-6.7633133
1761098387967,1.7240287,-3.1190443,-7.0432734
1761098387969,1.713261,-3.1758738,-7.3657064
1761098387971,1.6456637,-3.2362926,-7.617551
1761098387973,1.7270198,-3.487539,-7.740183
1761098387976,1.7994026,-3.6849468,-7.8963146
1761098387978,1.678565,-3.7932222,-8.03809
1761098387980,1.4733806,-3.8374894,-8.118847
1761098387982,1.2125629,-3.8135612,-8.047661
1761098387985,0.99003035,-3.7812579,-7.8723865
1761098387987,0.73579293,-3.676572,-7.6827555
1761098387989,0.5413761,-3.6346977,-7.578069
1761098387991,0.5916254,-3.7800615,-7.416554
1761098387993,0.41575295,-3.7824545,-7.1653075
1761098387996,0.23569304,-3.760321,-6.9702926
1761098387998,0.06819545,-3.8201413,-6.9182487
1761098388000,-0.035294134,-3.7657046,-6.690332
1761098388003,-0.1268196,-4.109673,-6.884151
1761098388005,-0.22851457,-3.979264,-6.5144596
1761098388007,-0.2757728,-3.9451663,-6.3385873
1761098388009,-0.29910284,-4.2035913,-6.5515485
1761098388012,-0.34636107,-4.441677,-7.0402822
1761098388014,-0.31286156,-4.4231324,-6.954739
1761098388017,-0.42592242,-4.119244,-6.599405
1761098388019,-0.3924229,-4.0959144,-6.6801624
1761098388021,-0.119042926,-4.4691944,-7.3011003
1761098388023,-0.29312077,-4.3992043,-7.201798
1761098388025,-0.55453664,-4.1162534,-7.0785675
1761098388028,-0.6442675,-4.080361,-7.283154
1761098388030,-0.5886344,-4.176672,-7.524829
1761098388032,-0.698106,-4.4524446,-7.9704924
1761098388034,-0.651446,-4.764708,-8.225926
1761098388036,-0.74596244,-5.0123653,-8.443673
1761098388038,-0.738784,-5.122435,-8.580662
1761098388041,-0.7830512,-5.227121,-8.6757765
1761098388043,-0.93320084,-5.3826547,-8.907881
1761098388046,-0.92183495,-5.291727,-8.812766
1761098388048,-0.9954142,-5.410172,-9.078369
1761098388050,-1.0480564,-5.447859,-8.997611
1761098388052,-1.0689936,-5.552545,-9.101699
1761098388054,-1.0582259,-5.4574304,-8.921639
1761098388057,-1.0462617,-5.5872407,-8.959326
1761098388059,-1.0307083,-5.549554,-8.693723
1761098388061,-1.1485549,-5.7631135,-8.878569
1761098388063,-0.9762716,-5.690132,-8.498708
1761098388066,-1.0408778,-5.833103,-8.588439
1761098388068,-0.9086744,-5.898308,-8.337193
1761098388070,-0.9056834,-5.989235,-8.39821
1761098388072,-0.87278205,-6.023931,-8.218149
1761098388075,-0.9391829,-6.0376897,-8.080562
1761098388077,-0.94636136,-6.1627145,-7.9423766
1761098388079,-0.90388876,-6.178268,-7.819146
1761098388081,-1.0133604,-6.19083,-7.605587
1761098388084,-1.1856437,-6.2548385,-7.9280195
1761098388086,-1.1772687,-6.068198,-7.69113
1761098388088,-1.1641082,-5.568098,-7.8867435
1761098388090,-1.4159528,-5.5926247,-7.9770727
1761098388093,-1.6995022,-5.4909296,-8.243274
1761098388095,-2.0979073,-5.703293,-8.830712
1761098388097,-2.1972094,-5.686543,-9.016156
1761098388099,-2.3192434,-5.5926247,-9.315259
1761098388102,-2.2899313,-5.5453663,-9.14477
1761098388104,-2.3790638,-5.4759746,-9.306286
1761098388106,-2.477768,-5.421538,-9.363115
1761098388108,-2.172683,-5.091328,-9.078967
1761098388111,-2.2384856,-5.056034,-9.264411
1761098388113,-2.152344,-5.0051866,-9.178867
1761098388115,-2.2348964,-5.1182475,-9.434899
1761098388118,-2.265405,-5.2235317,-9.496515
1761098388120,-2.0033908,-5.1661043,-9.292527
1761098388122,-1.8448663,-5.063213,-9.297911
1761098388124,-1.7856439,-5.2372904,-9.273384
1761098388127,-1.625923,-5.3353963,-9.506086
1761098388129,-1.2628121,-5.2079782,-9.250054
1761098388131,-1.4422739,-5.4299126,-9.387043
1761098388133,-1.5188441,-5.4484572,-9.183055
1761098388136,-1.5481563,-5.514858,-9.239884
1761098388138,-1.1557333,-5.354539,-8.940782
1761098388140,-1.1629118,-5.47418,-9.064013
1761098388142,-1.0127622,-5.304888,-8.623135
1761098388145,-1.0091729,-5.3718867,-8.775079
1761098388147,-0.9912268,-5.454439,-8.675179
1761098388149,-1.0157533,-5.4777694,-8.76491
1761098388152,-1.0779666,-5.5106707,-8.660822
1761098388154,-0.95832545,-5.2103715,-8.433503
1761098388156,-1.0289137,-5.1661043,-8.50469
1761098388158,-0.97567344,-5.1092744,-8.509476
1761098388160,-0.76630145,-4.820341,-8.249256
1761098388163,-0.7728817,-4.6528435,-8.102695
1761098388165,-0.7405786,-4.701298,-8.073982
1761098388167,-0.5282156,-4.494319,-7.893922
1761098388169,-0.45762733,-4.5427737,-8.04108
1761098388171,-0.46959144,-4.6672006,-8.1738825
1761098388174,-0.5694918,-4.6899323,-8.045866
1761098388176,-0.5341976,-4.570291,-8.055437
1761098388178,-0.43669012,-4.447659,-8.017751
1761098388181,-0.4103691,-4.2759743,-7.719246
1761098388183,-0.54257256,-4.249055,-7.9423766
1761098388185,-0.9822537,-4.662415,-8.5346
1761098388187,-0.7513463,-4.493721,-8.430512
1761098388190,-0.39601216,-4.2598224,-8.397611
1761098388192,-0.25722843,-4.2191443,-8.345567
1761098388194,-0.36490545,-4.1168513,-8.208578
1761098388196,-0.80817586,-4.482355,-8.686544
1761098388199,-0.85483587,-4.7024946,-8.781061
1761098388201,-0.3894319,-4.4279184,-8.601599
1761098388203,-0.47078785,-4.450052,-8.6961155
1761098388205,-0.58683974,-4.5918264,-8.900104
1761098388208,-0.74835527,-4.5888357,-8.838489
1761098388210,-0.5802595,-4.4572306,-8.990433
1761098388212,-0.35712877,-4.197609,-8.772686
1761098388214,-0.6520442,-4.2203407,-9.100503
1761098388217,-0.8560323,-4.197011,-9.176475
1761098388219,-1.0157533,-4.356732,-9.664611
1761098388221,-0.93679005,-4.208975,-9.584451
1761098388223,-0.90448695,-3.9984066,-9.613165
1761098388226,-0.66400826,-3.815954,-9.343374
1761098388228,-0.997807,-3.8811584,-9.713065
1761098388230,-1.224527,-4.0737805,-9.8835535
1761098388232,-0.96849495,-3.8291144,-9.52822
1761098388235,-1.1862419,-4.0552363,-9.826724
1761098388237,-1.0199406,-4.0731826,-9.598808
1761098388240,-1.0450653,-3.8668015,-9.428918
1761098388241,-1.224527,-3.81057,-9.424132
1761098388244,-1.2376875,-3.7627137,-9.153743
1761098388246,-1.3375878,-3.7663028,-9.101101
1761098388248,-1.2999009,-3.8009987,-8.9826565
1761098388251,-1.1988041,-3.7022948,-8.783454
1761098388253,-1.189831,-3.754937,-8.73141
1761098388256,-1.2771691,-3.8691943,-8.678768
1761098388258,-1.5296118,-4.161717,-8.9108715
1761098388259,-1.564906,-4.276572,-8.929416
1761098388262,-1.39023,-4.336991,-8.895916
1761098388264,-1.3938192,-4.2945185,-8.763115
1761098388266,-1.2915261,-4.415954,-8.843872
1761098388269,-1.2634103,-4.421338,-8.839087
1761098388271,-1.1976078,-4.4799623,-8.909675
1761098388273,-1.1240284,-4.601398,-8.84806
1761098388275,-0.8207382,-4.377071,-8.464012
1761098388278,-0.8333005,-4.5445685,-8.577671
1761098388280,-1.0079765,-4.767101,-8.601001
1761098388282,-0.7645068,-4.7198424,-8.230712
1761098388284,-0.4989035,-4.7198424,-8.183454
1761098388287,-0.65084773,-5.009374,-8.3581295
1761098388289,-0.5617151,-5.0739803,-8.177471
1761098388291,-0.6442675,-5.178068,-8.300702
1761098388293,-0.47318068,-5.152345,-8.248658
1761098388295,-0.52941203,-5.132006,-8.272586
1761098388298,-0.5300102,-5.1661043,-8.134998
1761098388300,-0.23868406,-4.816752,-7.6893353
1761098388302,-0.61854464,-5.048856,-8.120642
1761098388304,-0.50787663,-4.9938207,-7.9070826
1761098388307,-0.51505506,-4.8640103,-8.007581
1761098388309,-0.5802595,-4.791029,-7.865208
1761098388311,-0.49651068,-4.6007996,-7.628319
1761098388313,-0.38464624,-4.4542394,-7.5529447
1761098388316,-0.46779683,-4.3328037,-7.4626155
1761098388318,-0.8554341,-4.47398,-7.7706914
1761098388320,-0.7956135,-4.048656,-7.368697
1761098388323,-0.55812585,-4.052245,-7.553543
1761098388325,-0.49232325,-3.5700915,-7.0139613
1761098388327,-0.88354975,-3.3756745,-6.914659
1761098388329,-1.1042876,-3.5012977,-7.085148
1761098388332,-1.2131611,-3.7627137,-7.3974113
1761098388334,-1.1557333,-3.7393837,-7.4309106
1761098388336,-1.6564314,-4.362714,-8.416754
1761098388338,-1.6408781,-4.813163,-8.937791
1761098388341,-1.1796615,-4.5373898,-9.194421
1761098388343,-1.1467602,-4.258028,-9.612567
1761098388345,-0.86261255,-3.76391,-9.44806
1761098388347,-0.8003992,-3.7447674,-9.894321
1761098388350,-0.5665008,-3.9212382,-10.192826
1761098388352,-0.8428718,-4.2610188,-10.685149
1761098388354,-0.76271224,-4.0091743,-10.263414
1761098388356,-0.7178468,-3.8841493,-10.491929
1761098388359,-0.53300124,-3.9080775,-10.021739
1761098388361,-0.9445667,-4.365705,-10.366904
1761098388363,-0.8745767,-4.434499,-10.210175
1761098388366,-0.613759,-4.1898327,-9.978668
1761098388368,-0.35294133,-3.6915271,-9.533604
1761098388370,-0.40618163,-4.2711883,-9.707682
1761098388372,-0.7375876,-4.755137,-9.673584
1761098388374,-0.75673014,-4.520042,-9.512667
1761098388377,-0.8177471,-4.1928234,-9.242876
1761098388379,-0.5162515,-3.5473595,-8.280961
1761098388381,-0.22791636,-3.6394832,-7.9387875
1761098388383,-0.72323066,-4.5134616,-8.506484
1761098388386,-0.9696914,-5.031508,-8.81815
1761098388388,-1.2317054,-5.358128,-8.879167
1761098388390,-1.3669,-5.2019963,-9.022138
1761098388393,-1.049851,-4.9974103,-8.377272
1761098388395,-1.099502,-5.1272206,-8.039884
1761098388397,-1.1419746,-5.1266227,-7.939984
1761098388399,-1.5194423,-5.2402816,-7.716853
1761098388402,-1.4500505,-5.0979085,-7.512865
1761098388404,-1.486541,-5.0015974,-7.37109
1761098388406,-1.8185452,-4.9770713,-7.167102
1761098388408,-2.1230319,-5.260022,-7.2329044
1761098388411,-2.3659034,-5.3180485,-7.2562346
1761098388413,-2.4418755,-5.291727,-7.6737823
1761098388415,-2.2791636,-5.2019963,-8.29113
1761098388418,-2.076372,-5.305486,-8.642277
1761098388419,-1.7670995,-5.237889,-9.183055
1761098388422,-1.6671991,-5.5220366,-9.552746
1761098388424,-1.6797615,-5.95753,-9.931411
1761098388426,-1.4859428,-6.023931,-9.836296
1761098388429,-1.3926228,-6.1028943,-9.665209
1761098388431,-1.18684,-6.044868,-9.23809
1761098388433,-1.3519448,-5.9898334,-9.020343
1761098388435,-1.5798612,-6.538388,-8.781659
1761098388437,-1.6719848,-6.628717,-8.439486
1761098388439,-1.6372889,-6.827321,-8.201998
1761098388442,-1.5302101,-6.704689,-7.902895
1761098388444,-1.288535,-6.445068,-7.728219
1761098388446,-1.4231312,-6.2757754,-7.4440713
1761098388448,-1.4129617,-6.5252275,-7.400402
1761098388451,-1.43689,-6.515656,-7.2532434
1761098388453,-1.3459628,-6.4797635,-6.8835526
1761098388455,-1.4249259,-6.6562343,-6.806982
1761098388457,-1.602593,-7.0612197,-6.8392854
1761098388460,-1.4793626,-7.0642104,-6.4881387
1761098388462,-1.4303098,-6.9930243,-6.431309
1761098388465,-1.2705889,-6.808777,-6.469594
1761098388467,-1.4835501,-7.0301127,-6.6969123
1761098388469,-1.6271194,-7.085148,-6.7202425
1761098388471,-1.6731812,-7.0169525,-6.716055
1761098388473,-1.2723835,-6.6299133,-6.8542404
1761098388476,-1.1760724,-6.5694947,-6.9212394
1761098388478,-0.9625129,-6.285347,-6.8315086
1761098388480,-1.0983056,-6.469594,-7.068398
1761098388482,-1.3166506,-6.7005014,-7.3525457
1761098388485,-1.8203398,-6.99781,-7.8029947
1761098388487,-2.6267211,-7.7503524,-8.327621
1761098388489,-1.9651057,-7.381858,-8.694321
1761098388491,-1.329213,-6.585646,-8.980862
1761098388494,-1.1138589,-6.22433,-9.0341015
1761098388496,-0.98524475,-5.9342003,-8.939586
1761098388498,-1.238884,-6.0107703,-9.086744
1761098388500,-1.524228,-6.044868,-8.806186
1761098388503,-1.8502501,-6.221937,-8.720642
1761098388505,-1.8340986,-6.1268225,-8.374281
1761098388507,-1.7563318,-6.018547,-8.094919
1761098388509,-1.9142581,-6.1070814,-8.003992
1761098388512,-2.263012,-6.216553,-7.819146
1761098388514,-2.2905295,-6.15434,-7.624729
1761098388516,-2.608775,-6.422336,-7.495517
1761098388519,-2.5226333,-6.4002023,-7.286743
1761098388521,-2.5028925,-6.3625154,-7.192227
1761098388523,-2.4215364,-6.335596,-7.0689964
1761098388525,-2.562115,-6.501299,-6.940382
1761098388528,-2.4340987,-6.518049,-6.882954
1761098388530,-2.4101706,-6.494719,-6.7836523
1761098388532,-2.69372,-6.6963143,-6.7166533
1761098388534,-2.5980072,-6.6741805,-6.617351
1761098388536,-2.489732,-6.4360948,-6.626922
1761098388539,-2.4065814,-6.3128643,-6.726823
1761098388541,-2.2582264,-6.2380886,-6.902695
1761098388543,-1.9615164,-6.0933228,-7.207182
1761098388546,-1.5493526,-5.884549,-7.3974113
1761098388548,-1.9310079,-5.9874406,-7.5344005
1761098388550,-2.423331,-6.166902,-7.3160553
1761098388552,-2.0877378,-6.25424,-7.4010005
1761098388554,-2.0524435,-6.4175506,-7.548159
1761098388557,-2.2289143,-6.7172513,-7.5756764
1761098388559,-2.3988047,-6.9158554,-7.4943204
1761098388561,-2.6769702,-7.0983086,-7.4847493
1761098388564,-2.6099713,-7.047461,-7.285547
1761098388566,-2.446063,-6.9158554,-7.1623163
1761098388568,-2.4442682,-6.8345,-7.0725856
1761098388570,-2.6051857,-6.7986073,-6.934998
1761098388573,-2.676372,-6.7782683,-6.91107
1761098388575,-2.673381,-6.8835526,-7.053443
1761098388577,-2.8259234,-6.929016,-7.0672016
1761098388579,-3.07717,-6.890731,-7.053443
1761098388582,-2.894119,-6.75434,-7.119844
1761098388584,-2.845066,-6.6538415,-7.3292155
1761098388586,-3.1573296,-6.8596244,-7.503892
1761098388588,-3.2847474,-7.058827,-7.57448
1761098388590,-3.0514472,-7.029515,-7.456035
1761098388593,-2.7756743,-7.0151577,-7.347162
1761098388595,-2.7960134,-7.1018977,-7.2137623
1761098388597,-2.821138,-7.1934233,-6.9906316
1761098388600,-2.9431717,-7.3836527,-6.8243303
1761098388602,-2.842075,-7.5828547,-6.6574306
1761098388604,-2.5669005,-7.611569,-6.500701
1761098388606,-2.4299114,-7.6678,-6.3014984
1761098388608,-2.292324,-7.68455,-6.1160545
1761098388611,-2.3946173,-7.8035927,-5.940182
1761098388613,-2.44367,-7.9280195,-5.773881
1761098388615,-2.1732812,-7.9429746,-5.58425
1761098388618,-2.012364,-7.9890366,-5.58425
1761098388620,-1.922633,-7.990233,-5.6075797
1761098388622,-1.9214365,-7.9280195,-5.660222
1761098388624,-2.0153549,-7.8634133,-5.6506505
1761098388626,-2.105684,-7.8574314,-5.712266
1761098388629,-2.1098714,-7.8376904,-5.745765
1761098388631,-2.1230319,-7.7700934,-5.7553368
1761098388633,-2.1122642,-7.70788,-5.8217373
1761098388636,-1.9728823,-7.624131,-5.845666
1761098388638,-2.1296122,-7.6067834,-5.8600225
1761098388640,-2.2055843,-7.585846,-5.8839507
1761098388642,-2.1332014,-7.5296144,-5.945566
1761098388644,-2.0321047,-7.468598,-6.1070814
1761098388647,-1.82692,-7.4141607,-6.282954
1761098388649,-1.8939191,-7.4219375,-6.4348984
1761098388652,-2.1080768,-7.4422765,-6.463612
1761098388654,-1.9411774,-7.4063845,-6.5347986
1761098388656,-1.9178474,-7.4213395,-6.6203423
1761098388658,-1.8089739,-7.4470625,-6.5724854
1761098388660,-1.8287147,-7.494919,-6.501299
1761098388663,-2.1254246,-7.629515,-6.3493547
1761098388665,-2.2821546,-7.6462646,-6.244669
1761098388667,-2.1337996,-7.563114,-6.0598235
1761098388669,-1.975275,-7.47458,-6.0173507
1761098388672,-1.7557336,-7.420741,-5.9318075
1761098388674,-1.7078772,-7.388438,-5.9084773
1761098388676,-1.6414764,-7.408777,-5.922236
1761098388678,-1.4650056,-7.3639116,-5.9084773
1761098388681,-1.3698909,-7.3609204,-5.8277197
1761098388683,-1.535594,-7.3340015,-5.7804613
1761098388685,-1.4733806,-7.3064837,-5.7373905
1761098388688,-1.1778669,-7.2299137,-5.681159
1761098388689,-1.2867404,-7.199405,-5.7523456
1761098388692,-1.3136597,-7.112067,-5.7003016
1761098388694,-1.5978073,-7.0785675,-5.633901
1761098388697,-1.6642082,-7.0678,-5.633901
1761098388699,-1.7826529,-7.0558357,-5.7194443
1761098388701,-1.430908,-7.018747,-5.833103
1761098388703,-1.5308083,-7.05105,-5.685945
1761098388705,-1.692922,-7.0815587,-5.605187
1761098388708,-1.8975084,-7.092326,-5.64766
1761098388710,-1.5738791,-7.0600233,-5.6386867
1761098388712,-1.6402799,-7.0540414,-5.6763735
1761098388714,-1.8311075,-7.112665,-5.6243296
1761098388717,-1.6797615,-7.1300135,-5.6243296
1761098388719,-1.4464613,-7.115058,-5.619544
1761098388721,-1.288535,-7.0600233,-5.595616
1761098388723,-1.0247263,-7.179664,-5.6997037
1761098388726,-1.0552348,-7.2705917,-5.775676
1761098388728,-1.3130615,-7.3663044,-5.903692
1761098388730,-0.9409775,-7.2765737,-6.0604215
1761098388732,-0.49950173,-7.2789664,-6.3164535
1761098388735,0.066400826,-7.2215385,-6.535397
1761098388737,0.7680961,-7.021738,-6.8015985
1761098388739,1.8089739,-6.702894,-7.3812594
1761098388741,3.9056847,-6.041279,-8.34138
1761098388744,7.4099736,-4.7371907,-9.156136
1761098388746,11.173883,-3.5533416,-7.764111
1761098388748,12.404392,-2.778067,-5.5782676
1761098388750,10.0349,-4.128217,-3.970889
1761098388753,-0.052043892,-7.5032935,-6.297311
1761098388755,-8.920443,-10.180862,-7.9184484
1761098388757,-11.721242,-10.928021,-8.054241
1761098388760,-11.299507,-9.876375,-7.259226
1761098388762,-9.745368,-7.966903,-5.759524
1761098388764,-8.526823,-5.9174504,-4.089334
1761098388766,-7.891529,-4.3669014,-2.4885356
1761098388768,-7.920243,-3.5910287,-1.3992031
1761098388771,-8.035098,-3.6424742,-1.0857433
1761098388773,-8.4909315,-4.4602213,-1.1976078
1761098388775,-8.562716,-5.5860443,-1.7551354
1761098388777,-8.084749,-6.4911294,-2.417349
1761098388780,-6.851249,-6.8285174,-3.1190443
1761098388782,-5.3330035,-6.6568327,-3.8171504
1761098388784,-4.6576295,-6.8596244,-4.229314
1761098388787,-4.202395,-6.9003024,-4.7563334
1761098388789,-3.5617166,-6.6364937,-5.2977095
1761098388791,-3.2015967,-6.4013987,-5.981458
1761098388793,-3.5712879,-6.634101,-6.29432
1761098388796,-4.185645,-6.977471,-6.6921268
1761098388798,-4.5535417,-7.1246295,-6.8105717
1761098388800,-4.7539406,-7.173682,-6.8865438
1761098388802,-4.705486,-7.0983086,-6.687341
1761098388804,-4.234698,-6.823134,-6.550352
1761098388807,-4.0767717,-6.7351975,-6.4175506
1761098388809,-4.558925,-7.179066,-6.0891356
1761098388811,-4.5726843,-7.42433,-5.7607207
1761098388813,-4.490132,-7.609176,-5.447261
1761098388816,-4.1521454,-7.5583286,-5.063213
1761098388819,-3.4504502,-7.0809603,-4.959723
1761098388821,-3.9810586,-7.5571322,-4.811368
1761098388823,-4.3722854,-7.9537425,-4.615755
1761098388825,-4.267001,-7.8891363,-4.478766
1761098388827,-4.205984,-7.9573317,-4.4638104
1761098388829,-3.9972103,-7.946564,-4.4596233
1761098388831,-3.8344984,-7.8873415,-4.430909
1761098388834,-3.6634114,-7.8945203,-4.53081
1761098388836,-3.7531424,-8.108678,-4.663013
1761098388838,-3.8763726,-8.380263,-4.7856455
1761098388841,-3.8255253,-8.453244,-4.842475
1761098388843,-3.6400814,-8.436495,-4.9896336
1761098388845,-3.69392,-8.550752,-5.0177493
1761098388847,-3.5467613,-8.543573,-5.160122
1761098388850,-3.4983068,-8.481958,-5.227121
1761098388852,-3.5772698,-8.65783,-5.2929235
1761098388854,-3.559922,-8.730213,-5.312066
1761098388856,-3.5641093,-8.989835,-5.334798
1761098388859,-3.6017964,-9.253045,-5.3910294
1761098388861,-3.4564323,-9.366106,-5.452645
1761098388863,-3.225525,-9.446864,-5.4759746
1761098388865,-3.0664022,-9.583853,-5.4520464
1761098388868,-2.8612177,-9.553943,-5.3904314
1761098388870,-2.69372,-9.749556,-5.40419
1761098388872,-2.6309085,-9.966704,-5.3940206
1761098388875,-2.594418,-10.039087,-5.3940206
1761098388877,-2.6069803,-9.94816,-5.337191
1761098388879,-2.6231318,-9.789038,-5.3330035
1761098388881,-2.5495524,-9.377472,-5.3102717
1761098388883,-2.4197419,-8.995218,-5.4580283
1761098388886,-2.3485553,-8.732008,-5.6817575
1761098388888,-2.3509483,-8.587242,-5.9431734
1761098388890,-2.44367,-8.440681,-6.157331
1761098388893,-2.484348,-8.343773,-6.3140607
1761098388895,-2.4675984,-8.185248,-6.352346
1761098388897,-2.3688943,-7.975876,-6.3104715
1761098388899,-2.2809582,-7.84786,-6.3009005
1761098388901,-2.2564318,-7.786245,-6.2584276
1761098388904,-2.236691,-7.757531,-6.2775702
1761098388906,-2.3132613,-7.7611203,-6.3014984
1761098388908,-2.4622145,-7.88794,-6.352944
1761098388911,-2.5645077,-8.01117,-6.3290157
1761098388913,-2.6219354,-8.043473,-6.257829
1761098388916,-2.5639095,-7.9968133,-6.1914287
1761098388917,-2.5196424,-7.896913,-6.0729837
1761098388920,-2.5088747,-7.829914,-6.006583
1761098388922,-2.5561328,-7.8149586,-5.959325
1761098388924,-2.5088747,-7.8257265,-5.878567
1761098388927,-2.4358935,-7.7353973,-5.8881383
1761098388930,-2.405385,-7.635497,-5.8839507
1761098388932,-2.3575284,-7.612167,-5.8887367
1761098388933,-2.3246272,-7.617551,-5.8887367
1761098388935,-2.3623142,-7.5978103,-5.907879
1761098388937,-2.3102703,-7.6031938,-5.97428
1761098388940,-2.297708,-7.7090764,-5.983253
1761098388942,-2.2277179,-7.8017983,-5.9120665
1761098388944,-2.1864417,-7.865208,-5.797809
1761098388946,-2.0685952,-7.9298143,-5.7026944
1761098388948,-1.8125632,-7.972885,-5.6123657
1761098388951,-1.6031911,-7.938189,-5.5507503
1761098388953,-1.4596218,-7.8927255,-5.541777
1761098388955,-1.416551,-7.8406816,-5.5369916
1761098388957,-1.3669,-7.7216387,-5.5184474
1761098388960,-1.4027922,-7.600801,-5.5040903
1761098388962,-1.480559,-7.455437,-5.528617
1761098388965,-1.5343975,-7.2670026,-5.5429735
1761098388967,-1.588236,-7.079166,-5.581259
1761098388969,-1.7282162,-6.942177,-5.596214
1761098388971,-1.9609182,-6.9332037,-5.581857
1761098388973,-2.3515465,-6.9930243,-5.6578293
1761098388976,-2.3629124,-7.103692,-5.642874
1761098388978,-2.4442682,-7.1306114,-5.6620164
1761098388980,-2.541776,-7.2586274,-5.6524453
1761098388982,-2.3138595,-7.272386,-5.61416
1761098388985,-2.3503501,-7.204789,-5.5716877
1761098388987,-2.3653052,-7.2382884,-5.5052867
1761098388989,-2.318047,-7.2586274,-5.4484572
1761098388991,-2.324029,-7.320841,-5.3814583
1761098388994,-2.3682961,-7.4159555,-5.400601
1761098388996,-2.3467607,-7.5320077,-5.367101
1761098388998,-2.2145574,-7.596614,-5.3144593
1761098389000,-1.9968106,-7.624729,-5.2145586
1761098389003,-1.8358932,-7.656434,-5.200202
1761098389005,-1.5559329,-7.6755767,-5.2624154
1761098389007,-1.3058829,-7.780861,-5.2570314
1761098389009,-1.1090733,-7.9190464,-5.3330035
1761098389012,-1.0917253,-8.024929,-5.2947183
1761098389014,-1.055833,-8.145766,-5.279763
1761098389016,-1.2239288,-8.262417,-5.2845488
1761098389019,-1.2867404,-8.314461,-5.2606206
1761098389021,-1.3495519,-8.380861,-5.2366924
1761098389023,-1.4506488,-8.4604225,-5.2366924
1761098389026,-1.3734802,-8.390432,-5.1086764
1761098389028,-1.3950156,-8.279166,-5.051847
1761098389030,-1.5553347,-8.209176,-5.075775
1761098389032,-1.4392828,-8.095517,-5.204389
1761098389035,-1.314856,-8.020741,-5.365905
1761098389037,-1.2520444,-7.978269,-5.4699926
1761098389039,-1.105484,-8.009376,-5.6554365
1761098389041,-0.90089774,-7.9890366,-5.7314086
1761098389043,-0.86859465,-8.037491,-5.773881
1761098389046,-0.9601201,-8.088339,-5.7451673
1761098389049,-1.026521,-8.111669,-5.749953
1761098389051,-0.9026923,-8.362915,-5.844469
1761098389052,-0.73340017,-8.711071,-6.1190457
1761098389055,-0.57906306,-8.580064,-5.829514
1761098389057,-0.6963114,-8.520842,-5.59741
1761098389059,-1.0241281,-8.525029,-5.5070815
1761098389061,-1.3226327,-8.486744,-5.155935
1761098389064,-1.2400804,-8.656634,-5.056034
1761098389066,-1.218545,-8.776874,-5.117051
1761098389068,-1.6211374,-8.703294,-4.7946186
1761098389070,-1.8825532,-8.464012,-4.552943
1761098389073,-2.018944,-8.400003,-4.23051
1761098389075,-2.1314068,-8.57468,-4.5338006
1761098389077,-2.3856442,-8.440681,-4.54397
1761098389079,-2.6769702,-8.258229,-4.4111686
1761098389082,-2.4987051,-8.362317,-4.3968115
1761098389084,-2.6464617,-8.422137,-4.4488554
1761098389086,-2.8205397,-8.322835,-4.586443
1761098389088,-2.8049862,-8.22772,-4.302295
1761098389092,-2.6961129,-8.252846,-4.5822554
1761098389094,-2.8899314,-7.932805,-4.3740797
1761098389096,-2.9515467,-7.637292,-4.892126
1761098389098,-2.5142584,-7.6067834,-4.92084
1761098389100,-2.6069803,-7.2119675,-4.764708
1761098389103,-3.0448668,-6.4354963,-4.7431726
1761098389105,-3.458825,-5.6745787,-4.60738
1761098389107,-3.867998,-5.690132,-5.1673007
1761098389109,-5.764908,-4.1383867,-5.3653064
1761098389112,-6.870392,-3.2273195,-4.7174497
1761098389114,-6.599405,-3.49053,-4.877769
1761098389116,-5.799604,-3.955934,-5.1332026
1761098389118,-4.9692945,-4.551747,-5.056034
1761098389121,-4.2442694,-5.197809,-5.291727
1761098389123,-3.6251264,-5.933602,-5.5274205
1761098389125,-3.1076784,-6.4905314,-5.4550376
1761098389128,-2.6309085,-6.95115,-5.2163534
1761098389130,-2.2989044,-7.2358956,-5.0733824
1761098389132,-1.9076779,-7.425527,-4.9112687
1761098389134,-1.6187445,-7.493124,-4.7545385
1761098389137,-1.3944174,-7.425527,-4.546363
1761098389139,-1.3214363,-7.3214393,-4.5128636
1761098389141,-1.2580265,-7.2412796,-4.4231324
1761098389143,-1.3752748,-7.133004,-4.4805603
1761098389146,-1.477568,-7.0259256,-4.5373898
1761098389148,-1.4709877,-6.910472,-4.618746
1761098389150,-1.4769697,-6.699305,-4.505087
1761098389152,-1.6205392,-6.485746,-4.453641
1761098389154,-1.7036897,-6.3541408,-4.54397
1761098389157,-1.7730815,-6.256633,-4.610371
1761098389159,-1.9178474,-6.1100726,-4.6486564
1761098389161,-2.0207388,-6.007181,-4.691727
1761098389164,-2.2941186,-5.896513,-4.730012
1761098389166,-2.57707,-5.7523456,-4.7491546
1761098389168,-2.8229325,-5.680561,-4.8442693
1761098389170,-2.926422,-5.6303115,-4.8305106
1761098389173,-3.0765717,-5.517251,-4.8496532
1761098389175,-3.178865,-5.395815,-4.7832522
1761098389177,-3.2679975,-5.3222356,-4.7359943
1761098389179,-3.3667014,-5.267799,-4.712664
1761098389182,-3.4187453,-5.271388,-4.6695933
1761098389184,-3.3667014,-5.267799,-4.6079783
1761098389186,-3.257828,-5.3132625,-4.6031923
1761098389188,-3.1686954,-5.3772707,-4.546363
1761098389191,-2.9371898,-5.453841,-4.470391
1761098389193,-2.7672994,-5.495117,-4.365705
1761098389195,-2.7014968,-5.549554,-4.256233
1761098389197,-2.656033,-5.6703916,-4.1611185
1761098389200,-2.55374,-5.812166,-4.0612183
1761098389202,-2.5663023,-5.9898334,-3.9613178
1761098389204,-2.6548367,-6.1567326,-3.8183467
1761098389206,-2.8630123,-6.378667,-3.6466618
1761098389209,-3.0520453,-6.5922265,-3.522833
1761098389211,-3.2267213,-6.838687,-3.4085758
1761098389213,-3.4103706,-7.018747,-3.1944182
1761098389216,-3.5736806,-7.13121,-3.0801609
1761098389217,-3.6849468,-7.2352977,-3.0041888
1761098389219,-3.7339997,-7.3160553,-2.9515467
1761098389222,-3.7627137,-7.3489566,-2.9371898
1761098389224,-3.8057845,-7.353144,-2.989832
1761098389226,-3.78724,-7.372287,-3.0323045
1761098389228,-3.7304106,-7.3974113,-3.1746774
1761098389230,-3.6550367,-7.422536,-3.2739797
1761098389233,-3.5413775,-7.4530444,-3.37388
1761098389235,-3.51386,-7.4865437,-3.5114672
1761098389237,-3.4331024,-7.5068827,-3.6011982
1761098389239,-3.4007993,-7.5266237,-3.6963127
1761098389242,-3.306881,-7.600203,-3.7770705
1761098389244,-3.1274192,-7.6510506,-3.8476589
1761098389246,-2.9760733,-7.701898,-3.9284165
1761098389248,-2.7918258,-7.7479596,-3.9661036
1761098389251,-2.626123,-7.774879,-3.9613178
1761098389253,-2.4412773,-7.821539,-3.9284165
1761098389255,-2.3377876,-7.8717885,-3.8380876
1761098389257,-2.2097716,-7.8981094,-3.7716868
1761098389260,-2.1433709,-7.914261,-3.6526437
1761098389262,-2.120041,-7.9340014,-3.5294135
1761098389264,-2.2342982,-7.941778,-3.4013975
1761098389266,-2.3467607,-7.872985,-3.249453
1761098389269,-2.4747767,-7.847262,-3.1262228
1761098389271,-2.635694,-7.8059855,-3.0029924
1761098389273,-2.7870402,-7.760522,-2.9270203
1761098389276,-2.8522446,-7.697112,-2.8558338
1761098389278,-2.9838498,-7.6277204,-2.789433
1761098389280,-3.0299118,-7.5547395,-2.7613173
1761098389282,-3.019144,-7.478169,-2.7379873
1761098389284,-2.9892337,-7.3776703,-2.6859434
1761098389286,-2.969493,-7.344769,-2.6811578
1761098389289,-3.0388846,-7.2472615,-2.7194428
1761098389291,-3.0185459,-7.175477,-2.7194428
1761098389293,-3.0460632,-7.117451,-2.7290142
1761098389296,-3.0412776,-7.103094,-2.7194428
1761098389298,-3.0323045,-7.1228347,-2.6913273
1761098389300,-3.0125637,-7.094121,-2.6961129
1761098389303,-2.9276185,-7.119844,-2.7008986
1761098389304,-2.8480573,-7.1784678,-2.7003005
1761098389307,-2.7302105,-7.2526455,-2.676372
1761098389309,-2.580061,-7.3417783,-2.6620152
1761098389311,-2.3778675,-7.4847493,-2.652444
1761098389313,-2.2103698,-7.665407,-2.6470602
1761098389316,-2.0662024,-7.8699937,-2.656033
1761098389318,-1.9286151,-8.121839,-2.5986054
1761098389320,-1.771287,-8.394022,-2.5603201
1761098389322,-1.666601,-8.645268,-2.5022943
1761098389325,-1.6660028,-8.880961,-2.4735804
1761098389327,-1.6983058,-9.09153,-2.4394827
1761098389329,-1.6773686,-9.265009,-2.4251258
1761098389332,-1.7030915,-9.399008,-2.344368
1761098389334,-1.7288144,-9.514461,-2.2869403
1761098389336,-1.8113668,-9.589835,-2.2342982
1761098389338,-1.939981,-9.625728,-2.2295125
1761098389341,-2.0632114,-9.604192,-2.2582264
1761098389343,-2.152344,-9.5455675,-2.2157538
1761098389345,-2.1780667,-9.376874,-2.2636101
1761098389348,-2.2265215,-9.15494,-2.2971098
1761098389350,-2.2827528,-8.846265,-2.2743778
1761098389352,-2.309074,-8.433503,-2.1517458
1761098389354,-2.3665016,-7.9280195,-2.07697
1761098389356,-2.3862424,-7.428518,-2.0494525
1761098389359,-2.3371894,-7.0689964,-2.0697916
1761098389361,-2.2791636,-6.734001,-2.1367905
1761098389363,-2.1780667,-6.3798633,-2.2229323
1761098389365,-2.0691934,-6.1034923,-2.2378874
1761098389368,-2.0542383,-5.8008003,-2.2671995
1761098389370,-2.021337,-5.5519466,-2.2965117
1761098389372,-1.9998015,-5.3886366,-2.2869403
1761098389374,-1.9040886,-5.3473606,-2.3012972
1761098389377,-1.8131614,-5.3102717,-2.367698
1761098389379,-1.6779668,-5.1924253,-2.4963121
1761098389382,-1.5326029,-5.300102,-2.5579274
1761098389384,-1.4315062,-5.4753766,-2.5525436
1761098389386,-1.3345969,-5.380262,-2.8091738
1761098389388,-1.2514462,-5.506483,-2.922833
1761098389390,-1.2173486,-5.7373905,-2.9557343
1761098389400,-1.0923235,-5.64766,-3.1884363
1761098389400,-1.0420742,-5.7541404,-3.1118658
1761098389400,-0.92482597,-5.852844,-3.00718
1761098389401,-0.81236327,-5.95095,-2.9216363
1761098389401,-0.70947194,-6.029913,-2.8456643
1761098389404,-0.6771688,-6.0783677,-2.9976087
1761098389406,-0.69332033,-6.183652,-2.9114668
1761098389408,-0.7286145,-6.3272214,-2.7834508
1761098389410,-0.7513463,-6.533602,-2.7445676
1761098389412,-0.82971126,-6.652047,-2.9629126
1761098389415,-0.9619147,-6.899704,-2.7912276
1761098389417,-0.90807617,-6.79442,-2.9766715
1761098389419,-1.0438689,-6.9559355,-2.786442
1761098389421,-1.2352947,-7.053443,-2.8241289
1761098389424,-1.3190435,-7.2101727,-2.7762725
1761098389426,-1.4596218,-7.385447,-2.7900312
1761098389429,-1.5667006,-7.5182486,-2.737389
1761098389431,-1.6875381,-7.6600237,-2.6805596
1761098389433,-1.8023937,-7.9657063,-2.6464617
1761098389435,-1.9722841,-7.899904,-2.69372
1761098389437,-2.036292,-8.028518,-2.8313074
1761098389439,-2.2271197,-8.1015,-2.9210382
1761098389442,-2.3108685,-8.258229,-3.039483
1761098389444,-2.423331,-8.434102,-3.07717
1761098389446,-2.510071,-8.773284,-3.109473
1761098389449,-2.5513473,-8.974879,-2.9096723
1761098389451,-2.5082762,-9.235099,-2.861816
1761098389453,-2.376073,-9.568299,-2.9084759
1761098389455,-2.2319052,-9.724431,-2.9790642
1761098389457,-1.9926231,-9.906884,-2.9359934
1761098389460,-1.7790636,-9.92483,-2.8366911
1761098389463,-1.6013966,-9.812367,-3.1166515
1761098389465,-1.4560326,-9.64128,-3.4444683
1761098389467,-1.2065809,-9.497113,-3.3882368
1761098389469,-0.90807617,-9.271589,-3.3882368
1761098389471,-0.7148558,-9.068199,-3.4743786
1761098389473,-0.44685963,-8.962317,-3.5551362
1761098389476,-0.13758731,-8.92463,-3.546163
1761098389478,0.010169496,-8.898309,-3.5605202
1761098389480,0.12263216,-8.986245,-3.792624
1761098389482,0.23030917,-9.080164,-3.559922
1761098389485,0.3696911,-9.274581,-3.5593238
1761098389487,0.401396,-9.346964,-3.5593238
1761098389489,0.45104706,-9.492328,-3.6203406
1761098389491,0.35234314,-9.72144,-3.2596226
1761098389494,0.17587246,-9.766904,-3.226123
1761098389496,0.023928227,-9.749556,-3.2117662
1761098389498,-0.12083755,-9.622138,-3.2027931
1761098389500,-0.18125631,-9.5348,-3.1172497
1761098389503,-0.20338993,-9.467801,-2.961118
1761098389505,-0.18305093,-9.357731,-2.989832
1761098389507,-0.20398813,-9.208179,-2.966502
1761098389509,-0.2620141,-8.991031,-2.9856443
1761098389512,-0.33140594,-8.893523,-3.0430722
1761098389514,-0.360718,-8.643474,-3.0957143
1761098389516,-0.47676992,-8.492127,-3.1483564
1761098389519,-0.6795616,-8.421539,-3.1202407
1761098389521,-0.8596215,-8.385049,-3.0155547
1761098389523,-0.96729857,-8.29113,-3.167499
1761098389525,-1.0827522,-8.380861,-3.1393833
1761098389528,-1.1431711,-8.581261,-3.0819557
1761098389530,-1.2023934,-8.705089,-3.12383
1761098389532,-1.329213,-8.919247,-3.0095727
1761098389534,-1.4697913,-9.061021,-2.9048867
1761098389537,-1.6462619,-9.115458,-2.937788
1761098389539,-1.8693926,-9.092726,-2.7625136
1761098389541,-2.0003998,-8.985049,-2.71047
1761098389543,-2.1637099,-8.833703,-2.6015964
1761098389545,-2.228316,-8.7266245,-2.4879375
1761098389548,-2.370689,-8.695518,-2.4598217
1761098389550,-2.4155545,-8.560323,-2.3838496
1761098389553,-2.4263222,-8.353942,-2.3371894
1761098389555,-2.501696,-8.304889,-2.2660031
1761098389557,-2.5387847,-8.265408,-2.2851455
1761098389559,-2.6004,-8.25464,-2.2995026
1761098389561,-2.592025,-8.312666,-2.3228326
1761098389564,-2.6141586,-8.499905,-2.289333
1761098389566,-2.4544377,-8.602796,-2.3982065
1761098389568,-2.3084757,-8.696713,-2.4502504
1761098389571,-2.1499512,-8.843274,-2.5399811
1761098389573,-1.9800607,-8.91805,-2.672783
1761098389575,-1.814956,-8.983254,-2.8576283
1761098389577,-1.7024933,-9.066405,-2.9192436
1761098389579,-1.4685949,-8.979067,-3.0616167
1761098389582,-1.3316058,-9.048459,-3.17049
1761098389584,-1.2610176,-9.064013,-3.2231321
1761098389586,-1.2161521,-8.958728,-3.3702908
1761098389589,-1.2855439,-8.842078,-3.507878
1761098389591,-1.4416757,-8.810373,-3.4462628
1761098389593,-1.5218352,-8.766106,-3.4893336
1761098389595,-1.7210377,-8.73799,-3.5653057
1761098389597,-1.9549361,-8.806186,-3.5318062
1761098389600,-2.2055843,-8.743972,-3.6364923
1761098389602,-2.4107687,-8.803194,-3.4749768
1761098389604,-2.638087,-8.755937,-3.4277184
1761098389606,-2.9036903,-8.760722,-3.3990045
1761098389609,-3.0813572,-8.8492565,-3.3517463
1761098389611,-3.3116665,-8.984451,-3.3750763
1761098389613,-3.4366915,-9.068199,-3.3696926
1761098389616,-3.5724843,-9.239286,-3.3080773
1761098389618,-3.5096726,-9.730413,-3.1597223
1761098389620,-3.4259238,-10.097114,-3.1920254
1761098389622,-3.5162528,-10.398011,-3.1339993
1761098389624,-3.548556,-10.594222,-3.1669009
1761098389626,-3.507878,-10.720444,-2.9341989
1761098389629,-3.4504502,-10.711471,-2.958127
1761098389631,-3.1423743,-10.73181,-2.8582265
1761098389633,-2.8761728,-10.736595,-2.9437702
1761098389635,-2.7559335,-10.637891,-2.8869405
1761098389638,-2.5968108,-10.794023,-3.010171
1761098389640,-2.5262225,-10.809576,-2.9383862
1761098389642,-2.5124638,-10.83829,-3.1142588
1761098389645,-2.3545375,-11.042876,-3.0616167
1761098389647,-2.344368,-11.009377,-3.17049
1761098389649,-2.321038,-11.038689,-3.1944182
1761098389651,-2.3114667,-11.053046,-3.1848469
1761098389654,-2.2701905,-11.130813,-3.1752756
1761098389656,-2.248057,-11.22174,-3.3080773
1761098389658,-2.1996021,-11.443674,-3.3355947
1761098389660,-2.3461626,-11.392827,-3.3643086
1761098389663,-2.2875385,-11.552547,-3.473182
1761098389665,-2.2462623,-11.649457,-3.4019957
1761098389667,-2.265405,-11.663216,-3.3684962
1761098389669,-2.3772693,-11.555539,-3.4019957
1761098389672,-2.3898315,-11.45504,-3.359523
1761098389674,-2.4538395,-11.29532,-3.2554352
1761098389676,-2.376671,-11.239088,-3.2033913
1761098389679,-2.5298119,-11.0351,-3.094518
1761098389681,-2.6632116,-10.768898,-3.0478578
1761098389683,-2.8582265,-10.780264,-2.8486555
1761098389685,-3.1100712,-10.795219,-2.7726831
1761098389688,-3.1914272,-10.846665,-2.6632116
1761098389690,-3.3056846,-10.854442,-2.5112674
1761098389692,-3.583252,-10.695917,-2.4311078
1761098389694,-3.859623,-10.479965,-2.3605196
1761098389696,-3.9547377,-10.219148,-2.228316
1761098389699,-4.031308,-9.963714,-2.114657
1761098389701,-4.0504503,-9.714262,-1.911267
1761098389703,-4.0217366,-9.422338,-1.5607185
1761098389705,-4.150949,-9.209376,-1.352543
1761098389708,-4.165306,-8.940782,-1.0444671
1761098389710,-4.265805,-8.733205,-0.8554341
1761098389712,-4.2454658,-8.642277,-0.9314062
1761098389715,-4.2352962,-8.589037,-1.0504491
1761098389717,-4.2251267,-8.554939,-1.4207385
1761098389719,-3.9918263,-8.514859,-1.7383857
1761098389721,-3.6658044,-8.327621,-2.1421745
1761098389723,-3.2398818,-8.13799,-2.3042881
1761098389726,-2.865405,-7.9280195,-2.4616163
1761098389728,-2.4795625,-7.589435,-2.353341
1761098389730,-2.3383858,-7.1419773,-1.713261
1761098389733,-2.2911277,-6.602396,-0.6753742
1761098389736,-2.225325,-6.1399827,0.17288144
1761098389737,-2.239682,-5.590232,1.4482559
1761098389739,-2.318047,-5.206782,2.5154548
1761098389741,-2.3377876,-5.006383,3.0418758
1761098389744,-2.2624137,-5.026124,2.7619154
1761098389746,-2.1134605,-4.912465,2.4717858
1761098389749,-1.75693,-4.8993044,2.2725832
1761098389751,-1.4596218,-5.014758,2.0781665
1761098389753,-1.2903296,-5.103891,2.0452652
1761098389755,-1.0851451,-5.343173,2.065006
1761098389757,-0.8787641,-5.486144,2.2265215
1761098389760,-0.6472585,-5.5633125,2.4921248
1761098389762,-0.26081768,-5.7433724,2.7062824
1761098389764,0.0011964113,-5.962316,1.942972
1761098389766,0.04007978,-6.166902,0.7280163
1761098389769,0.12622139,-6.361917,-0.6095716
1761098389771,0.27696922,-6.419345,-1.9902302
1761098389773,0.33738798,-6.4648085,-3.5377884
1761098389775,0.293719,-6.498308,-5.136792
1761098389778,0.37806597,-6.5252275,-6.574878
1761098389780,0.52522457,-6.510272,-7.941778
1761098389782,0.6334998,-6.5144596,-9.166306
1761098389785,0.8147561,-6.4719872,-10.134202
1761098389787,0.9810573,-6.430113,-10.846665
1761098389789,1.1246266,-6.378667,-11.306685
1761098389791,1.1874382,-6.317052,-11.430513
1761098389794,1.2221341,-6.2458653,-11.331212
1761098389796,1.2323036,-6.2087765,-11.027323
1761098389798,1.180858,-6.1698933,-10.595419
1761098389800,1.0725827,-6.102296,-9.945169
1761098389803,0.99720883,-6.0933228,-9.119645
1761098389805,0.87936234,-6.0598235,-8.175078
1761098389807,0.7286145,-6.0370917,-6.666404
1761098389809,0.5952146,-6.0861444,-5.2235317
1761098389811,0.4989035,-6.1734824,-3.879962
1761098389814,-0.13579269,-8.868399,-0.92183495
1761098389816,-0.07537391,-7.6139617,0.19082761
1761098389818,0.014955142,-7.3363943,0.05742774
1761098389821,-0.21954148,-7.9968133,0.86081797
1761098389823,-0.25543383,-8.446664,2.3712873
1761098389825,-0.48873404,-9.059825,3.4594233
1761098389827,-0.6628119,-9.510274,4.342973
1761098389829,-0.9206385,-10.146166,5.0566325
1761098389832,-1.0396814,-10.749756,5.428118
1761098389834,-1.7443677,-11.366506,5.4628143
1761098389837,-2.7146573,-12.839288,5.988637
1761098389838,-3.0323045,-13.631312,6.052047
1761098389841,-3.1722846,-14.294723,5.389235
1761098389843,-3.1543384,-14.8989105,4.7359943
1761098389845,-3.1549366,-15.473785,4.101298
1761098389848,-3.1866415,-15.897914,3.0532417
1761098389850,-3.2889347,-16.277775,1.8628124
1761098389852,-3.324827,-16.432709,0.6436693
1761098389855,-3.5467613,-16.334604,-0.68075806
1761098389857,-3.63051,-16.200605,-1.919642
1761098389859,-3.8853457,-16.337595,-2.8402805
1761098389861,-4.17069,-16.06601,-4.017549
1761098389864,-4.1850467,-15.784853,-4.9202414
1761098389866,-3.9463627,-15.432509,-5.608776
1761098389868,-3.650251,-15.032908,-6.1178493
1761098389870,-3.2338998,-14.587843,-6.431907
1761098389872,-2.641078,-14.079369,-6.547361
1761098389874,-2.0261226,-13.438092,-6.311668
1761098389877,-1.146162,-12.537792,-5.7062836
1761098389879,-0.48275197,-11.5519495,-4.877769
1761098389881,-0.35653058,-10.600802,-4.0067816
1761098389884,-0.5808577,-9.830314,-3.187838
1761098389886,-0.85483587,-9.212367,-2.4394827
1761098389888,-1.0456635,-8.744571,-1.8185452
1761098389890,-1.16351,-8.436495,-1.2783655
1761098389892,-1.2400804,-8.172088,-0.83748794
1761098389895,-1.3034902,-8.003393,-0.52941203
1761098389897,-1.396212,-7.896913,-0.30209386
1761098389899,-1.5050855,-7.8520474,-0.1363909
1761098389902,-1.6283158,-7.844869,-0.078963146
1761098389904,-1.7042879,-7.853244,-0.11724831
1761098389906,-1.8000008,-7.8945203,-0.24526432
1761098389908,-1.8634106,-7.9651084,-0.4444668
1761098389911,-1.8598214,-8.036295,-0.62931234
1761098389913,-1.8047864,-8.142776,-0.8141579
1761098389915,-1.7168503,-8.268997,-0.99900347
1761098389917,-1.6612171,-8.350951,-1.1790633
1761098389920,-1.5960127,-8.428718,-1.2783655
1761098389922,-1.5972091,-8.495717,-1.4159528
1761098389924,-1.602593,-8.538788,-1.5296118
1761098389926,-1.5984055,-8.572288,-1.6247265
1761098389929,-1.5900307,-8.624929,-1.7144574
1761098389932,-1.5954145,-8.668,-1.771287
1761098389933,-1.6390835,-8.705089,-1.8191434
1761098389935,-1.649253,-8.748159,-1.8233309
1761098389937,-1.6683956,-8.776874,-1.8281165
1761098389940,-1.6977077,-8.814561,-1.7808583
1761098389943,-1.7407784,-8.813962,-1.7144574
1761098389944,-1.783251,-8.799007,-1.6522441
1761098389947,-1.8305093,-8.807981,-1.5954145
1761098389949,-1.8640088,-8.821739,-1.5720844
1761098389951,-1.8927227,-8.83131,-1.5625132
1761098389953,-1.8981066,-8.855238,-1.5577276
1761098389955,-1.8981066,-8.874381,-1.561915
1761098389958,-1.9034904,-8.907881,-1.5523437
1761098389960,-1.8903298,-8.95155,-1.5290136
1761098389962,-1.9094725,-8.984451,-1.5002998
1761098389965,-1.9154545,-9.047262,-1.4715859
1761098389967,-1.9208384,-9.075976,-1.457229
1761098389969,-1.9447666,-9.089735,-1.4285151
1761098389971,-1.9591235,-9.089735,-1.3812568
1761098389974,-1.986641,-9.060423,-1.3621143
1761098389976,-2.0111675,-9.078967,-1.3573287
1761098389978,-2.0344975,-9.078967,-1.3531412
1761098389980,-2.053042,-9.049655,-1.3531412
1761098389982,-2.0859432,-9.001201,-1.3956138
1761098389985,-2.0901306,-8.986245,-1.3908281
1761098389987,-2.1044874,-8.986245,-1.3908281
1761098389989,-2.1182463,-8.976076,-1.4338989
1761098389992,-2.1661026,-8.975478,-1.457229
1761098389994,-2.161317,-8.965906,-1.4530416
1761098389996,-2.1750758,-8.946166,-1.4811572
1761098389998,-2.199004,-8.965308,-1.5146568
1761098390000,-2.2319052,-8.955139,-1.524228
1761098390003,-2.2372892,-8.978469,-1.5475581
1761098390005,-2.2462623,-8.944969,-1.561915
1761098390007,-2.2319052,-8.940184,-1.5810575
1761098390010,-2.213361,-8.96471,-1.5667006
1761098390012,-2.1996021,-8.979067,-1.5858432
1761098390014,-2.2037897,-8.959925,-1.5906289
1761098390016,-2.1900308,-8.984451,-1.5667006
1761098390019,-2.2091734,-8.983852,-1.5714862
1761098390021,-2.1894326,-8.970094,-1.5571294
1761098390023,-2.184647,-8.950952,-1.5714862
1761098390025,-2.1750758,-8.936594,-1.5571294
1761098390028,-2.184647,-8.94138,-1.5475581
1761098390030,-2.160719,-8.956335,-1.5427724
1761098390032,-2.160719,-8.961121,-1.5475581
1761098390035,-2.1714866,-9.008977,-1.5379868
1761098390037,-2.1714866,-9.02812,-1.5427724
1761098390039,-2.1864417,-9.046664,-1.5523437
1761098390041,-2.1912274,-9.056235,-1.5571294
1761098390043,-2.1816561,-9.071191,-1.5571294
1761098390046,-2.1966112,-9.094521,-1.5284154
1761098390048,-2.1828525,-9.119047,-1.5284154
1761098390050,-2.172683,-9.099904,-1.561915
1761098390052,-2.143969,-9.067003,-1.561915
1761098390055,-2.1194427,-9.043075,-1.5714862
1761098390058,-2.0907288,-9.000603,-1.5475581
1761098390060,-2.0991037,-8.956933,-1.5571294
1761098390062,-2.0895324,-8.938389,-1.538585
1761098390064,-2.0895324,-8.943174,-1.5290136
1761098390066,-2.1080768,-8.923434,-1.538585
1761098390069,-2.1176481,-8.933005,-1.5050855
1761098390071,-2.132005,-8.927621,-1.4673985
1761098390074,-2.1415763,-8.941978,-1.4811572
1761098390075,-2.1565313,-8.961121,-1.4668003
1761098390078,-2.1565313,-8.980264,-1.4386846
1761098390080,-2.1517458,-8.989835,-1.4482559
1761098390083,-2.161317,-8.99462,-1.457229
1761098390085,-2.1708884,-8.989835,-1.4530416
1761098390087,-2.161317,-8.985049,-1.4811572
1761098390090,-2.1661026,-8.985049,-1.5098711
1761098390092,-2.1750758,-8.960523,-1.524228
1761098390094,-2.160719,-8.950952,-1.5523437
1761098390096,-2.1702902,-8.94138,-1.5523437
1761098390097,-2.1750758,-8.960523,-1.5523437
1761098390100,-2.1798615,-8.955737,-1.561915
1761098390102,-2.1804597,-8.984451,-1.5427724
1761098390104,-2.1762722,-9.01795,-1.5762719
1761098390107,-2.1900308,-8.998808,-1.5379868
1761098390109,-2.1667008,-9.0233345,-1.5236298
1761098390111,-2.1714866,-9.032906,-1.5002998
1761098390113,-2.152344,-9.008977,-1.4859428
1761098390115,-2.1379871,-9.004789,-1.4715859
1761098390118,-2.0955145,-9.010174,-1.4386846
1761098390120,-2.047658,-8.99163,-1.4434702
1761098390122,-2.0380867,-8.997013,-1.4147564
1761098390124,-2.0380867,-8.987442,-1.4147564
1761098390127,-2.056631,-8.967701,-1.4003994
1761098390129,-2.033301,-8.997013,-1.3908281
1761098390132,-2.056631,-8.967701,-1.3770695
1761098390134,-2.0662024,-8.9724865,-1.3674982
1761098390136,-2.0901306,-8.986245,-1.4003994
1761098390138,-2.0662024,-8.982058,-1.3627125
1761098390140,-2.0656042,-8.953344,-1.3387842
1761098390143,-2.079961,-8.943773,-1.3435699
1761098390145,-2.0458634,-8.905488,-1.3435699
1761098390147,-2.021337,-8.867801,-1.3250256
1761098390149,-1.9878374,-8.844471,-1.3770695
1761098390152,-1.963311,-8.806186,-1.4153546
1761098390154,-1.933999,-8.763115,-1.4440684
1761098390156,-1.905285,-8.749356,-1.4721842
1761098390158,-1.875973,-8.702098,-1.486541
1761098390160,-1.8813568,-8.715857,-1.500898
1761098390163,-1.8717855,-8.711669,-1.5248263
1761098390165,-1.8526429,-8.706883,-1.5577276
1761098390168,-1.8574286,-8.72124,-1.538585
1761098390170,-1.8484555,-8.745169,-1.5529419
1761098390172,-1.8484555,-8.730812,-1.5672989
1761098390174,-1.8388842,-8.750552,-1.5720844
1761098390176,-1.8681962,-8.769096,-1.5625132
1761098390179,-1.8777676,-8.778668,-1.5481563
1761098390181,-1.8687944,-8.821739,-1.5577276
1761098390183,-1.8592232,-8.831908,-1.5433706
1761098390185,-1.8837496,-8.850452,-1.5290136
1761098390187,-1.8933209,-8.869596,-1.5146568
1761098390190,-1.9363917,-8.88814,-1.5002998
1761098390192,-1.9549361,-8.858828,-1.4530416
1761098390194,-1.9405792,-8.849854,-1.4153546
1761098390197,-1.9310079,-8.864211,-1.3818551
1761098390199,-1.9639091,-8.844471,-1.3818551
1761098390201,-1.9932213,-8.868399,-1.3489537
1761098390203,-1.9974087,-8.853444,-1.3393825
1761098390206,-1.9974087,-8.858828,-1.3298112
1761098390208,-1.9878374,-8.830113,-1.3106686
1761098390210,-2.0201404,-8.796016,-1.282553
1761098390212,-2.0195422,-8.747561,-1.268196
1761098390214,-1.9567307,-8.676973,-1.2873386
1761098390217,-1.9369899,-8.653045,-1.282553
1761098390219,-1.9513469,-8.65783,-1.3160524
1761098390221,-2.1062822,-8.837293,-1.2867404
1761098390224,-2.2612174,-8.99821,-1.238884
1761098390226,-2.1834507,-8.879765,-1.2442678
1761098390228,-2.143969,-8.793623,-1.2299109
1761098390230,-2.1098714,-8.760722,-1.2209377
1761098390233,-2.0656042,-8.675179,-1.230509
1761098390235,-2.0458634,-8.617751,-1.1976078
1761098390237,-2.0350957,-8.555537,-1.1641082
1761098390240,-1.9680966,-8.513663,-1.1832508
1761098390242,-1.9627128,-8.499306,-1.1928221
1761098390244,-1.9615164,-8.413164,-1.1647065
1761098390246,-1.989632,-8.39821,-1.1647065
1761098390248,-1.9513469,-8.365308,-1.1742777
1761098390251,-1.931606,-8.331808,-1.1503495
1761098390253,-1.9363917,-8.336594,-1.1407782
1761098390255,-1.9268204,-8.331808,-1.1318051
1761098390258,-1.96032,-8.350353,-1.1503495
1761098390260,-1.96032,-8.359924,-1.1551352
1761098390262,-2.0279171,-8.416754,-1.1503495
1761098390264,-2.0715861,-8.459227,-1.0887343
1761098390267,-2.0374885,-8.411968,-1.0223335
1761098390269,-2.062613,-8.507681,-0.95054877
1761098390272,-2.1020947,-8.583653,-0.9601201
1761098390273,-2.184647,-8.678169,-1.012164
1761098390276,-2.2779672,-8.858828,-1.035494
1761098390278,-2.3748765,-8.977272,-1.1060823
1761098390280,-2.510071,-9.099904,-1.1772687
1761098390282,-2.597409,-9.212965,-1.4380864
1761098390284,-2.6691937,-9.239286,-1.841277
1761098390287,-2.7266214,-9.232706,-2.0739791
1761098390289,-2.6129622,-8.970094,-2.4729822
1761098390291,-2.6171498,-8.65125,-3.0813572
1761098390293,-2.4556344,-8.389834,-3.229114
1761098390296,-2.3336003,-8.200203,-3.1154552
1761098390298,-2.4717858,-8.222337,-2.89711
1761098390300,-2.8899314,-8.52802,-2.4598217
1761098390303,-3.1465619,-8.822337,-1.989632
1761098390305,-3.2817562,-8.950353,-1.6474584
1761098390307,-3.370889,-9.166306,-1.0725827
1761098390309,-3.251846,-9.14477,-0.9589237
1761098390312,-3.1812577,-9.208778,-0.77826554
1761098390314,-3.065804,-9.379267,-0.62153566
1761098390316,-3.074179,-9.590433,-0.68255264
1761098390318,-3.0400813,-9.835697,-0.76271224
1761098390321,-3.0143583,-9.984651,-0.95712906
1761098390323,-2.9922247,-10.335199,-1.1174482
1761098390326,-3.231507,-12.09512,-0.3397808
1761098390328,-3.464209,-12.653246,-0.27158538
1761098390330,-3.1974092,-13.152748,-0.20398813
1761098390332,-3.0358937,-13.17548,0.019142581
1761098390334,-2.6997023,-12.950554,-0.1381855
1761098390336,-2.4855444,-12.650853,-0.33379877
1761098390339,-2.2761726,-12.332608,-0.57188463
1761098390341,-2.193022,-11.944372,-0.87637126
1761098390343,-2.2354946,-11.620743,-1.2095718
1761098390346,-2.3042881,-11.220544,-1.5613167
1761098390348,-2.3581266,-10.752747,-1.8281165
1761098390350,-2.3030918,-10.31187,-1.9573289
1761098390353,-2.315654,-9.927223,-2.0297117
1761098390354,-2.3054845,-9.610174,-1.9734805
1761098390357,-2.3377876,-9.576674,-1.8502501
1761098390359,-2.484348,-9.535996,-1.7126628
1761098390362,-2.7176483,-9.561121,-1.5607185
1761098390364,-2.8516464,-9.611969,-1.3800604
1761098390366,-2.9449666,-9.519247,-1.180858
1761098390368,-2.9796624,-9.341579,-1.0342976
1761098390371,-2.949154,-9.221938,-0.95413804
1761098390372,-2.909074,-9.126823,-0.83090764
1761098390375,-2.8402805,-8.994022,-0.78364944
1761098390377,-2.7176483,-8.755937,-0.71306115
1761098390379,-2.612364,-8.700303,-0.68494546
1761098390381,-2.4484558,-8.58784,-0.7609176
1761098390383,-2.3623142,-8.53161,-0.84167534
1761098390386,-2.4765713,-8.269595,-0.93260264
1761098390388,-2.5040889,-8.201998,-1.0989038
1761098390390,-2.4658036,-8.47119,-1.2831511
1761098390392,-2.3629124,-8.563912,-1.3680964
1761098390395,-2.2863421,-8.800203,-1.486541
1761098390397,-2.2707887,-8.997013,-1.5667006
1761098390400,-2.3168504,-9.174082,-1.6755741
1761098390402,-2.321038,-9.418748,-1.7270198
1761098390404,-2.4245276,-9.62812,-1.811965
1761098390406,-2.4472594,-9.84826,-1.8544376
1761098390408,-2.5034907,-10.092328,-1.8771694
1761098390411,-2.521437,-10.307682,-1.9860427
1761098390413,-2.5818555,-10.2107725,-2.0291135
1761098390415,-2.6201408,-9.960124,-1.9154545
1761098390418,-2.8408787,-9.539586,-1.4847465
1761098390420,-3.0951161,-9.137591,-1.0869397
1761098390422,-3.3762727,-8.916255,-1.1395818
1761098390425,-3.5772698,-8.725428,-1.2352947
1761098390426,-3.611966,-8.556135,-1.3160524
1761098390429,-3.60718,-8.536993,-1.3351951
1761098390431,-3.6143587,-8.666803,-1.1832508
1761098390434,-3.754937,-8.837891,-1.0211371
1761098390436,-3.976273,-9.002397,-0.8596215
1761098390437,-4.1180477,-9.254242,-0.8111669
1761098390440,-4.2885365,-9.496515,-0.782453
1761098390442,-4.343571,-9.644272,-0.7537391
1761098390444,-4.2664027,-9.592826,-0.6969096
1761098390448,-3.8781674,-9.403194,-0.65922266
1761098390449,-3.5102708,-9.265608,-0.62153566
1761098390451,-3.0957143,-9.1770735,-0.60777694
1761098390453,-2.6781666,-9.213564,-0.5455636
1761098390456,-2.4412773,-9.275179,-0.5455636
1761098390458,-2.2121646,-9.45165,-0.6735796
1761098390460,-1.9806589,-9.532407,-0.9391829
1761098390462,-1.7778672,-9.631111,-1.1712867
1761098390465,-1.6600207,-9.666406,-1.43689
1761098390467,-1.6235301,-9.74836,-1.6456637
1761098390469,-1.6671991,-9.785448,-1.8735801
1761098390471,-1.7383857,-9.798011,-2.0584257
1761098390473,-1.8053846,-9.820144,-2.2055843
1761098390476,-1.9148563,-9.832706,-2.295315
1761098390478,-2.0147567,-9.8117695,-2.324029
1761098390480,-2.0901306,-9.795618,-2.3288147
1761098390482,-2.1463618,-9.747163,-2.2576282
1761098390485,-2.1499512,-9.6993065,-2.1678972
1761098390487,-2.149353,-9.665807,-2.1296122
1761098390489,-2.1433709,-9.584451,-2.0638096
1761098390492,-2.1326032,-9.493524,-1.9639091
1761098390494,-2.1074786,-9.446265,-1.8173488
1761098390496,-2.120041,-9.349955,-1.7222341
1761098390498,-2.1463618,-9.201001,-1.6468602
1761098390501,-2.1619153,-9.02812,-1.599602
1761098390503,-2.1828525,-8.859426,-1.5625132
1761098390505,-2.2007985,-8.782257,-1.538585
1761098390507,-2.2707887,-8.733205,-1.4721842
1761098390510,-2.3024936,-8.636893,-1.4440684
1761098390512,-2.3545375,-8.611769,-1.4392828
1761098390514,-2.3784657,-8.626125,-1.4015958
1761098390516,-2.455036,-8.648857,-1.3824533
1761098390519,-2.484348,-8.710473,-1.3776677
1761098390521,-2.504687,-8.8014,-1.3722838
1761098390523,-2.5543382,-8.9108715,-1.3674982
1761098390525,-2.6374888,-9.058628,-1.3579268
1761098390528,-2.720041,-9.167501,-1.4093726
1761098390530,-2.7212377,-9.229715,-1.3477573
1761098390532,-3.0765717,-9.180064,-1.4045869
1761098390534,-3.2656047,-9.110074,-1.3621143
1761098390537,-3.3020952,-9.032308,-1.4291133
1761098390539,-3.2297122,-8.946764,-1.4051851
1761098390541,-3.1806595,-8.856435,-1.4291133
1761098390544,-3.0747771,-8.776276,-1.5954145
1761098390546,-2.9545379,-8.7015,-1.6905292
1761098390548,-2.8827531,-8.659625,-1.7665013
1761098390550,-2.7918258,-8.636893,-1.7760726
1761098390553,-2.7110682,-8.6141615,-1.838286
1761098390555,-2.6769702,-8.590832,-1.7952151
1761098390557,-2.6398816,-8.624929,-1.7808583
1761098390559,-2.6303103,-8.615956,-1.719243
1761098390562,-2.612364,-8.683554,-1.6719848
1761098390564,-2.6566312,-8.764311,-1.628914
1761098390566,-2.7086751,-8.7780695,-1.5906289
1761098390568,-2.7523441,-8.834899,-1.5810575
1761098390571,-2.7768707,-8.873184,-1.5481563
1761098390573,-2.7349963,-8.921639,-1.5290136
1761098390575,-2.754139,-8.940782,-1.4763715
1761098390577,-2.7260232,-8.965308,-1.3866407
1761098390579,-2.7314072,-8.999406,-1.3531412
1761098390582,-2.7086751,-9.062218,-1.2819548
1761098390584,-2.6997023,-9.090932,-1.2861422
1761098390586,-2.7194428,-9.11486,-1.2532408
1761098390588,-2.7242286,-9.134003,-1.238884
1761098390591,-2.7056842,-9.148957,-1.2436695
1761098390593,-2.7343981,-9.1770735,-1.224527
1761098390595,-2.7535408,-9.167501,-1.1958131
1761098390597,-2.7158537,-9.177671,-1.1581261
1761098390600,-2.687738,-9.216555,-1.1389836
1761098390602,-2.6925237,-9.206984,-1.096511
1761098390605,-2.6973093,-9.22134,-1.1150553
1761098390607,-2.6973093,-9.22134,-1.1150553
1761098390609,-2.716452,-9.220742,-1.1246266
1761098390611,-2.6829524,-9.206984,-1.1533405
1761098390613,-2.6590242,-9.217153,-1.1533405
1761098390616,-2.6404798,-9.212367,-1.1246266
1761098390618,-2.649453,-9.188439,-1.1629118
1761098390620,-2.620739,-9.198608,-1.1533405
1761098390622,-2.6015964,-9.165109,-1.1294123
1761098390625,-2.6249263,-9.150752,-1.1204392
1761098390627,-2.652444,-9.111869,-1.1156535
1761098390629,-2.656033,-9.0347,-1.1156535
1761098390631,-2.6548367,-8.977272,-1.1066805
1761098390634,-2.687738,-8.928818,-1.0827522
1761098390636,-2.7062824,-8.913862,-1.0402796
1761098390638,-2.696711,-8.918648,-1.0540384
1761098390641,-2.6542385,-8.919845,-1.0402796
1761098390643,-2.6081767,-9.001799,-1.0492527
1761098390645,-2.5615165,-9.0747795,-1.0396814
1761098390647,-2.5064816,-9.176475,-1.0869397
1761098390649,-2.5136602,-9.296714,-1.1294123
1761098390652,-2.519044,-9.339785,-1.1623136
1761098390655,-2.5531418,-9.396614,-1.2191432
1761098390657,-2.5399811,-9.454042,-1.247857
1761098390658,-2.521437,-9.468997,-1.2807583
1761098390661,-2.4921248,-9.450453,-1.2951152
1761098390663,-2.4729822,-9.42174,-1.2807583
1761098390665,-2.4484558,-9.384052,-1.2807583
1761098390668,-2.391028,-9.346365,-1.262214
1761098390670,-2.356332,-9.28475,-1.247857
1761098390672,-2.288735,-9.199206,-1.2340983
1761098390675,-2.268396,-9.118449,-1.2293127
1761098390677,-2.248057,-9.061021,-1.2723835
1761098390679,-2.2229323,-8.994022,-1.2675978
1761098390681,-2.2085752,-8.960523,-1.2867404
1761098390683,-2.2031915,-8.927023,-1.2819548
1761098390686,-2.2169502,-8.88814,-1.3154542
1761098390688,-2.2115662,-8.859426,-1.2963116
1761098390690,-2.2307088,-8.873783,-1.2867404
1761098390693,-2.2881367,-8.9108715,-1.3010973
1761098390694,-2.3509483,-8.962915,-1.2723835
1761098390697,-2.32702,-8.953942,-1.2490535
1761098390699,-2.2839491,-8.944969,-1.2203395
1761098390702,-2.3078775,-8.940184,-1.1730813
1761098390704,-2.2785654,-8.882756,-1.2299109
1761098390706,-2.2677977,-8.815757,-1.2442678
1761098390708,-2.2666013,-8.762517,-1.268196
1761098390710,-2.228316,-8.729615,-1.268196
1761098390713,-2.1984057,-8.658429,-1.2352947
1761098390715,-2.1308086,-8.587242,-1.2161521
1761098390717,-2.115255,-8.530413,-1.2023934
1761098390719,-2.0147567,-8.46461,-1.2358929
1761098390722,-2.1188445,-8.467601,-1.2406785
1761098390724,-2.1918256,-8.538189,-1.3543376
1761098390726,-2.2067807,-8.581261,-1.2687942
1761098390728,-2.175674,-8.696713,-1.5200406
1761098390731,-2.0494525,-8.813364,-1.7665013
1761098390733,-2.2941186,-8.9826565,-1.5667006
1761098390735,-2.405385,-9.067003,-1.5900307
1761098390738,-2.4305096,-9.157332,-1.622932
1761098390740,-2.5118656,-9.209376,-1.5756737
1761098390742,-2.5752754,-9.28475,-1.5044873
1761098390744,-2.533401,-9.338589,-1.5038891
1761098390746,-2.495714,-9.367303,-1.7653049
1761098390748,-2.5866413,-9.409177,-1.6983058
1761098390751,-2.5812573,-9.366106,-1.6606189
1761098390753,-2.6488547,-9.427721,-1.5607185
1761098390755,-2.57707,-9.404989,-1.5421742
1761098390758,-2.5872395,-9.433703,-1.4566308
1761098390760,-2.5256243,-9.439685,-1.3471591
1761098390762,-2.4975085,-9.464211,-1.3184453
1761098390764,-2.5459633,-9.530613,-1.3800604
1761098390767,-2.4837499,-9.478569,-1.5942181
1761098390769,-2.39701,-9.42174,-1.7982062
1761098390771,-2.353341,-9.355937,-1.7270198
1761098390774,-2.3814569,-9.3409815,-1.6797615
1761098390776,-2.400001,-9.33141,-1.4470595
1761098390778,-2.3198416,-9.360723,-1.8221345
1761098390780,-2.3054845,-9.337392,-1.6701902
1761098390783,-2.3916261,-9.384052,-1.7126628
1761098390785,-2.4580271,-9.382855,-1.6414764
1761098390787,-2.4478576,-9.330214,-1.6372889
1761098390789,-2.5471597,-9.309277,-1.5038891
1761098390792,-2.5794628,-9.275179,-1.5894325
1761098390794,-2.806781,-9.23809,-1.4237294
1761098390796,-2.8205397,-9.18485,-1.3812568
1761098390798,-2.6715865,-9.115458,-1.3100704
1761098390801,-2.681756,-9.129815,-1.3621143
1761098390803,-2.8205397,-9.180064,-1.3573287
1761098390805,-2.949752,-9.245269,-1.2813566
1761098390807,-2.9270203,-9.298509,-1.375873
1761098390809,-2.8372893,-9.352347,-1.4943178
1761098390812,-2.8049862,-9.405587,-1.5134603
1761098390814,-2.6111677,-9.427721,-1.7270198
1761098390816,-2.4915266,-9.391231,-1.7790636
1761098390819,-2.3904297,-9.297313,-1.7557336
1761098390821,-2.3886352,-9.210572,-1.8604196
1761098390824,-2.2959132,-9.063414,-1.7802601
1761098390825,-2.2181466,-8.964112,-1.884946
1761098390827,-2.0979073,-8.85464,-2.1505494
1761098390830,-2.0153549,-8.769695,-2.288735
1761098390832,-1.7808583,-8.653045,-2.597409
1761098390834,-1.8376877,-8.642277,-2.568695
1761098390837,-1.841277,-8.589037,-2.6638098
1761098390839,-1.7760726,-8.368897,-2.9778678
1761098390841,-1.6438692,-8.145766,-2.8977082
1761098390843,-1.5990037,-7.7617183,-3.098107
1761098390846,-1.5427724,-7.786245,-3.3020952
1761098390848,-1.5906289,-7.804789,-3.2733815
1761098390850,-1.6522441,-8.072785,-3.2297122
1761098390852,-1.4111671,-7.874779,-3.4013975
1761098390855,-1.0612168,-7.1168528,-3.5736806
1761098390857,-0.4851448,-6.2237315,-3.685545
1761098390859,0.3260221,-5.1762733,-3.982255
1761098390861,0.785444,-4.7084765,-4.2867417
1761098390864,1.2329018,-4.36391,-5.051847
1761098390866,2.6428726,-3.298506,-5.139783
1761098390868,2.152344,-4.2125645,-4.7581277
1761098390870,1.1102697,-4.615755,-3.266801
1761098390873,0.1477568,-5.3706903,-1.5894325
1761098390875,-0.5102694,-6.0921264,-0.42053857
1761098390877,-1.061815,-6.9732833,0.80159557
1761098390879,-1.2855439,-7.5667033,1.5481563
1761098390882,0.13519448,-6.991828,1.5607185
1761098390884,4.165306,-1.8233309,-4.436293
1761098390886,4.0331025,-1.0594223,0.5024927
1761098390888,3.49053,-1.6893328,2.786442
1761098390891,2.7655048,-1.8681962,2.754139
1761098390893,2.8277183,-2.097309,1.6534405
1761098390895,2.6596224,-2.2277179,3.1579278
1761098390897,2.5938199,-2.2331018,3.979264
1761098390899,2.3862424,-2.411367,3.5760734
1761098390902,2.3994029,-2.1798615,3.1579278
1761098390904,2.3940191,-2.2187448,3.4570305
1761098390906,2.4227328,-2.4783661,3.3864422
1761098390909,2.349752,-3.3780673,2.4394827
1761098390911,2.2618155,-4.3555355,2.25703
1761098390913,1.9202402,-5.6997037,2.3928227
1761098390915,1.0594223,-7.3926253,1.8562322
1761098390918,0.54257256,-8.715259,2.4616163
1761098390920,0.5138587,-9.0029955,2.562115
1761098390922,0.7148558,-8.92463,2.4340987
1761098390924,0.80877405,-8.993423,2.2917259
1761098390927,0.9810573,-8.903095,1.4703895
1761098390929,1.1814562,-8.813364,0.48275197
1761098390932,1.7659031,-8.508878,-0.590429
1761098390935,1.8765712,-8.411369,-2.204388
1761098390936,1.9962122,-8.882756,-2.6111677
1761098390938,1.43689,-9.899107,-3.3110683
1761098390940,1.0839486,-11.068001,-4.1054854
1761098390943,0.63230336,-12.18186,-4.8622155
1761098390945,-0.232702,-13.268202,-6.1124654
1761098390946,-1.7497516,-14.175081,-7.4679995
1761098390950,-2.588436,-15.144175,-7.560123
1761098390952,-2.6135604,-16.046867,-7.420741
1761098390953,-2.2582264,-16.673786,-7.1677003
1761098390956,-1.3812568,-17.050655,-6.663413
1761098390958,-1.7563318,-17.581264,-6.7429743
1761098390960,-2.164308,-17.83969,-6.125626
1761098390962,-4.6259246,-18.984655,-7.190432
1761098390964,-4.9609194,-19.960926,-6.2057858
1761098390967,-5.395815,-21.222542,-5.576473
1761098390969,-6.669395,-22.652851,-4.438686
1761098390971,-7.670791,-24.002403,-3.2297122
1761098390974,-7.735996,-25.022943,-3.621537
1761098390976,-6.5808606,-25.555346,-2.4005992
1761098390978,-5.61416,-25.706093,-0.84347
1761098390980,-4.860421,-25.542784,-0.20817557
1761098390983,-4.03729,-24.934408,0.3696911
1761098390985,-2.906083,-23.534607,1.1922239
1761098390987,-1.8729819,-21.499512,2.0081763
1761098390989,-0.94695956,-19.058832,2.742773
1761098390992,-0.4426722,-16.54278,3.2823544
1761098390994,0.083748795,-14.1517515,3.6993039
1761098390996,0.41814575,-12.107084,3.979264
1761098390998,0.74177504,-10.417153,3.8087754
1761098391001,0.87637126,-8.949755,3.591627
1761098391003,1.0600204,-7.655836,3.3894334
1761098391005,1.39023,-5.610571,3.1902308
1761098391008,1.9136599,-3.3278182,2.8761728
1761098391010,2.132005,-0.59282184,2.333002
1761098391012,3.4396825,5.8008003,2.0949163
1761098391014,5.9748783,16.69592,2.14038
1761098391017,4.9058847,14.2749815,0.09571291
1761098391019,2.1571295,1.5320047,-3.0586255
1761098391021,0.526421,-6.7878394,-4.258028
1761098391023,-0.657428,-11.2139635,-4.366303
1761098391026,-1.3770695,-14.107484,-4.145565
1761098391028,-1.628914,-15.510875,-3.8195431
1761098391030,-1.7970098,-16.161722,-3.4528432
1761098391033,-1.7234305,-16.039688,-3.0209386
1761098391035,-1.7001005,-15.238691,-2.7523441
1761098391037,-1.3112668,-14.179867,-2.4275186
1761098391039,-1.0953146,-13.526029,-2.2301106
1761098391042,-0.76630145,-13.460225,-2.1966112
1761098391044,-0.6125626,-13.366905,-2.1308086
1761098391046,-0.52582276,-13.272389,-2.164308
1761098391048,-0.11724831,-13.270595,-1.8933209
1761098391050,0.20697916,-13.204792,-1.689931
1761098391053,0.69571316,-12.988241,-1.4386846
1761098391055,0.85184485,-12.750753,-1.3489537
1761098391058,1.2035898,-12.474382,-1.1694921
1761098391060,1.5918252,-12.256038,-0.81894356
1761098391062,1.9812572,-12.000006,-0.48215377
1761098391064,2.4412773,-11.778071,-0.25543383
1761098391066,2.8630123,-11.550753,0.010169496
1761098391068,2.9970105,-11.251052,0.2321038
1761098391070,3.1345978,-10.989636,0.37387854
1761098391073,3.2572298,-10.771291,0.45403808
1761098391075,3.263212,-10.67498,0.42532423
1761098391077,3.135196,-10.663016,0.26919255
1761098391079,2.934797,-10.716256,0.1268196
1761098391082,2.6243281,-10.797014,-0.010767702
1761098391085,2.1714866,-10.904093,-0.19082761
1761098391086,1.777269,-10.901102,-0.38524446
1761098391089,1.4201403,-10.923834,-0.5276174
1761098391091,1.1497513,-10.928021,-0.63230336
1761098391093,0.93978107,-10.953146,-0.70289165
1761098391095,0.8560323,-10.878968,-0.8602197
1761098391097,0.8285148,-10.801202,-1.0833504
1761098391100,0.8781659,-10.65823,-1.1736795
1761098391102,1.0271192,-10.30469,-1.4638093
1761098391104,1.0510473,-10.016953,-1.4787644
1761098391106,1.0989038,-9.70469,-1.811965
1761098391109,1.2173486,-9.442079,-2.035694
1761098391111,1.2143575,-9.08136,-2.1074786
1761098391113,1.3483555,-8.723633,-2.3030918
1761098391116,1.3776677,-8.420941,-2.4412773
1761098391118,1.3686945,-8.108678,-2.4945176
1761098391120,1.3824533,-7.8496547,-2.528017
1761098391122,1.4434702,-7.629515,-2.5142584
1761098391125,1.4404793,-7.5140615,-2.5196424
1761098391127,1.608575,-7.4309106,-2.3868406
1761098391129,1.7551354,-7.472187,-2.3012972
1761098391132,1.9292133,-7.561918,-2.2205393
1761098391134,1.9076779,-7.710273,-2.201397
1761098391136,1.9328024,-7.912466,-2.1864417
1761098391138,1.9585253,-8.052446,-2.2097716
1761098391141,1.9519451,-8.176873,-2.2187448
1761098391143,1.9304097,-8.306086,-2.2995026
1761098391146,1.995614,-8.403593,-2.3611178
1761098391147,2.0225334,-8.489735,-2.446063
1761098391149,2.0021944,-8.537591,-2.46042
1761098391152,1.9680966,-8.608778,-2.559722
1761098391154,1.925624,-8.589037,-2.5645077
1761098391156,1.8394824,-8.615956,-2.597409
1761098391159,1.7252251,-8.647661,-2.6452653
1761098391161,1.614557,-8.712866,-2.6303103
1761098391163,1.5104693,-8.711669,-2.492723
1761098391165,1.4333007,-8.763115,-2.4023938
1761098391168,1.4033905,-8.8492565,-2.364707
1761098391170,1.2646067,-8.913862,-2.2929223
1761098391172,1.2346965,-9.000004,-2.1882362
1761098391174,1.2131611,-9.153743,-2.1122642
1761098391177,1.1916257,-9.282955,-2.0315065
1761098391179,1.2993027,-9.37149,-2.0027926
1761098391181,1.2975081,-9.467801,-1.9453648
1761098391183,1.3914263,-9.561121,-1.8263218
1761098391185,1.6175481,-9.646665,-1.7503498
1761098391188,1.7102699,-9.77827,-1.6833507
1761098391190,1.8173488,-9.91466,-1.6360924
1761098391192,1.8340986,-10.054043,-1.6450655
1761098391195,1.9280169,-10.099506,-1.5547365
1761098391197,2.132005,-10.14138,-1.4883357
1761098391200,2.0919251,-10.251451,-1.50688
1761098391202,2.2474587,-10.31187,-1.4781662
1761098391204,2.3371894,-10.351949,-1.4356936
1761098391206,2.4269204,-10.396814,-1.326222
1761098391208,2.6009982,-10.467402,-1.3166506
1761098391211,2.6811578,-10.530812,-1.311865
1761098391212,2.632703,-10.5685,-1.2687942
1761098391215,2.6703901,-10.588839,-1.1928221
1761098391217,2.7936203,-10.619946,-1.1455638
1761098391219,2.8929226,-10.645668,-1.102493
1761098391222,2.85045,-10.615758,-1.1976078
1761098391224,2.9796624,-10.565509,-1.1312069
1761098391226,2.9856443,-10.488938,-1.1222339
1761098391229,2.9970105,-10.378868,-1.0223335
1761098391231,2.8983064,-10.338788,-1.0037891
1761098391233,2.8049862,-10.241281,-0.93260264
1761098391235,2.6871397,-10.171889,-0.86141616
1761098391238,2.5369902,-10.087543,-0.80518484
1761098391240,2.4759731,-10.028918,-0.7812566
1761098391242,2.4293132,-9.980463,-0.77647096
1761098391244,2.4502504,-9.889536,-0.76749784
1761098391246,2.417349,-9.850653,-0.70588267
1761098391249,2.423331,-9.798011,-0.701097
1761098391251,2.3712873,-9.7681,-0.69152576
1761098391253,2.4628127,-9.692726,-0.6873383
1761098391255,2.425724,-9.658628,-0.66341007
1761098391257,2.3449662,-9.638289,-0.63529444
1761098391260,2.2408783,-9.612567,-0.587438
1761098391262,2.2229323,-9.568898,-0.5736792
1761098391265,2.2863421,-9.478569,-0.55453664
1761098391267,2.254039,-9.420543,-0.56470615
1761098391269,2.2456641,-9.35833,-0.526421
1761098391271,2.179263,-9.342177,-0.5599205
1761098391273,2.126621,-9.346365,-0.56470615
1761098391276,2.0135603,-9.305687,-0.5886344
1761098391278,1.9280169,-9.314062,-0.60717875
1761098391281,1.7898313,-9.3308115,-0.65024954
1761098391283,1.7036897,-9.367303,-0.654437
1761098391285,1.6558332,-9.385847,-0.7304091
1761098391287,1.5834504,-9.437292,-0.75912297
1761098391289,1.535594,-9.46481,-0.81595254
1761098391291,1.5020944,-9.48814,-0.88235337
1761098391293,1.4542379,-9.487542,-0.9343972
1761098391296,1.4590236,-9.51147,-1.0007981
1761098391298,1.4919249,-9.506684,-1.0671989
1761098391300,1.4919249,-9.501899,-1.1192428
1761098391303,1.4494523,-9.486943,-1.1670992
1761098391305,1.4458631,-9.44806,-1.2095718
1761098391307,1.4889339,-9.42473,-1.2903296
1761098391309,1.4985052,-9.419945,-1.3286148
1761098391312,1.5086746,-9.3816595,-1.3710874
1761098391314,1.4751751,-9.376275,-1.4093726
1761098391316,1.4709877,-9.351749,-1.4380864
1761098391319,1.4476577,-9.327223,-1.4901303
1761098391321,1.5146568,-9.285348,-1.5421742
1761098391323,1.5343975,-9.242277,-1.5804594
1761098391325,1.4638093,-9.2075815,-1.6235301
1761098391328,1.4117653,-9.192028,-1.6420746
1761098391330,1.3268201,-9.171091,-1.6612171
1761098391332,1.204188,-9.1256275,-1.6426728
1761098391334,1.1706885,-9.115458,-1.6755741
1761098391337,1.0857433,-9.085547,-1.6570296
1761098391339,0.9720842,-9.068798,-1.6522441
1761098391341,0.910469,-9.067601,-1.6570296
1761098391343,0.82013994,-9.066405,-1.6378871
1761098391346,0.7495517,-9.045467,-1.6331015
1761098391348,0.65982085,-9.015557,-1.6043876
1761098391350,0.53180486,-9.003593,-1.5858432
1761098391352,0.42771706,-8.973084,-1.5571294
1761098391355,0.34217364,-8.971291,-1.5290136
1761098391357,0.2757728,-8.965308,-1.5433706
1761098391359,0.17168503,-8.949157,-1.5290136
1761098391362,0.109471634,-8.95813,-1.5098711
1761098391364,0.043070808,-8.947362,-1.5050855
1761098391366,-0.02751746,-8.935996,-1.4955142
1761098391368,-0.07058827,-8.949755,-1.5002998
1761098391371,-0.1274178,-8.929416,-1.5098711
1761098391373,-0.14117654,-8.919845,-1.5002998
1761098391375,-0.16510476,-8.909675,-1.5050855
1761098391377,-0.11724831,-8.900702,-1.5194423
1761098391379,-0.13160525,-8.910274,-1.524228
1761098391381,-0.12203395,-8.905488,-1.524228
1761098391384,-0.098703936,-8.9348,-1.5337993
1761098391386,-0.05623133,-8.940184,-1.5481563
1761098391388,5.9820566E-4,-8.955737,-1.5433706
1761098391391,0.09032906,-8.976674,-1.5762719
1761098391393,0.18484555,-8.98804,-1.5810575
1761098391396,0.28414768,-9.032906,-1.5906289
1761098391398,0.38763726,-9.082557,-1.6378871
1761098391400,0.49651068,-9.122637,-1.6660028
1761098391402,0.6329016,-9.183055,-1.6947167
1761098391404,0.7609176,-9.218349,-1.7324036
1761098391406,0.88295156,-9.302098,-1.7844474
1761098391409,1.0055838,-9.347562,-1.82692
1761098391411,1.1228321,-9.42174,-1.8646071
1761098391414,1.2783655,-9.482158,-1.9028922
1761098391416,1.4482559,-9.547362,-1.9310079
1761098391418,1.6091732,-9.602996,-1.9686948
1761098391420,1.7413766,-9.634102,-2.0207388
1761098391422,1.8400806,-9.688539,-2.067997
1761098391424,1.9585253,-9.70469,-2.0871396
1761098391427,2.0817556,-9.716655,-2.1158533
1761098391429,2.1858435,-9.747163,-2.1487548
1761098391432,2.2666013,-9.762716,-2.172683
1761098391433,2.3844478,-9.789038,-2.196013
1761098391436,2.4658036,-9.775877,-2.1912274
1761098391438,2.5369902,-9.777073,-2.196013
1761098391440,2.5794628,-9.802198,-2.158326
1761098391442,2.6739793,-9.808778,-2.1487548
1761098391445,2.7595227,-9.819546,-2.158326
1761098391447,2.8205397,-9.859028,-2.1343977
1761098391449,2.8390841,-9.8835535,-2.0823538
1761098391451,2.8677979,-9.888938,-2.0865414
1761098391453,2.9192436,-9.909277,-2.0727825
1761098391456,2.9712875,-9.91466,-2.0817556
1761098391458,2.9946175,-9.948758,-2.0673988
1761098391460,3.0275187,-9.958928,-2.062613
1761098391462,3.0514472,-9.978668,-2.062613
1761098391465,3.0843484,-9.998409,-2.0249262
1761098391467,3.1028929,-10.022936,-2.053042
1761098391469,3.1166515,-10.032507,-2.0721843
1761098391471,3.1405797,-10.042677,-2.0961127
1761098391474,3.1357942,-10.047462,-2.091327
1761098391476,3.144767,-10.061819,-2.114657
1761098391478,3.1686954,-10.0576315,-2.1433709
1761098391481,3.1974092,-10.04806,-2.167299
1761098391483,3.202195,-10.024133,-2.1625135
1761098391485,3.1980073,-9.995419,-2.1912274
1761098391487,3.1752756,-9.95175,-2.1864417
1761098391489,3.1758738,-9.912866,-2.3048863
1761098391492,3.167499,-9.860224,-2.2911277
1761098391494,3.158526,-9.826724,-2.2390838
1761098391496,3.0640094,-9.777073,-2.1535404
1761098391499,3.0035906,-9.71845,-2.1014965
1761098391501,2.9946175,-9.670592,-2.0775683
1761098391503,2.952743,-9.616755,-2.0398812
1761098391505,2.858825,-9.571889,-1.9782661
1761098391507,2.7834508,-9.522836,-1.9028922
1761098391510,2.6464617,-9.482158,-1.8317057
1761098391512,2.5387847,-9.408579,-1.7413766
1761098391514,2.4442682,-9.368499,-1.6372889
1761098391517,2.3312075,-9.314062,-1.5469599
1761098391519,2.1948166,-9.254242,-1.442872
1761098391521,2.0291135,-9.232108,-1.3339987
1761098391524,1.8867407,-9.206385,-1.1820544
1761098391526,1.7353946,-9.189635,-1.0444671
1761098391528,1.5984055,-9.129815,-0.8500503
1761098391530,1.4470595,-9.103494,-0.698106
1761098391532,1.2616158,-9.100503,-0.5461618
1761098391535,1.0671989,-9.092726,-0.40378883
1761098391537,0.9391829,-9.090333,-0.31345975
1761098391539,0.8961121,-9.094521,-0.27098715
1761098391541,0.87338024,-9.060423,-0.30927232
1761098391544,0.8111669,-9.0544405,-0.37088752
1761098391546,0.8255238,-9.049655,-0.4564309
1761098391548,0.9493524,-9.05145,-0.6221339
1761098391550,0.9876375,-9.032906,-0.78843504
1761098391553,1.0636097,-9.009576,-0.9828519
1761098391555,1.1108679,-9.014959,-1.2107682
1761098391557,1.1730813,-8.991031,-1.4009976
1761098391560,1.2299109,-8.986844,-1.5954145
1761098391562,1.3345969,-8.983852,-1.7425731
1761098391564,1.4350954,-8.946764,-1.899303
1761098391566,1.4973087,-8.923434,-2.1080768
1761098391569,1.535594,-8.885149,-2.2408783
1761098391571,1.6169499,-8.867203,-2.4023938
1761098391573,1.6642082,-8.882157,-2.5112674
1761098391575,1.6827525,-8.882157,-2.6303103
1761098391578,1.7395821,-8.88814,-2.7062824
1761098391580,1.8011973,-8.907881,-2.8103702
1761098391582,1.8478572,-8.9521475,-2.8528428
1761098391584,1.9609182,-8.997013,-2.8959136
1761098391587,2.0219352,-9.060423,-2.9240294
1761098391589,2.1445673,-9.101101,-2.9479575
1761098391591,2.248057,-9.141181,-2.99043
1761098391593,2.333002,-9.195618,-2.9856443
1761098391596,2.4269204,-9.25484,-3.0376883
1761098391598,2.4921248,-9.31825,-3.0185459
1761098391600,2.5489542,-9.34816,-2.9994032
1761098391603,2.5902305,-9.41157,-2.9946175
1761098391605,2.6189444,-9.426525,-2.9659038
1761098391607,2.6321049,-9.474381,-2.961118
1761098391609,2.6650062,-9.489336,-2.9371898
1761098391611,2.6739793,-9.533006,-2.9371898
1761098391614,2.6398816,-9.565907,-2.9036903
1761098391616,2.6303103,-9.589835,-2.870789
1761098391618,2.6105695,-9.613763,-2.8612177
1761098391620,2.5962126,-9.642477,-2.8133612
1761098391623,2.5722845,-9.656236,-2.7469604
1761098391625,2.4819553,-9.65504,-2.7278178
1761098391627,2.428715,-9.687941,-2.661417
1761098391629,2.3712873,-9.725628,-2.585445
1761098391632,2.2995026,-9.753145,-2.504687
1761098391634,2.2372892,-9.776475,-2.400001
1761098391636,2.2037897,-9.814162,-2.3102703
1761098391638,2.2031915,-9.843474,-2.271985
1761098391641,2.155335,-9.876375,-2.143969
1761098391643,2.0937197,-9.870394,-2.0775683
1761098391646,2.0267208,-9.879367,-1.9680966
1761098391648,1.9076779,-9.896714,-1.7970098
1761098391650,1.8221345,-9.905687,-1.5122639
1761098391652,1.6420746,-9.898509,-1.1234303
1761098391654,1.4374882,-9.920045,-0.6628119
1761098391656,1.2807583,-9.95175,-0.17407785
1761098391658,1.0953146,-9.973883,0.32422748
1761098391661,0.9708878,-10.0061865,0.80877405
1761098391663,0.8237292,-10.033704,1.3214363
1761098391665,0.7465607,-10.091131,1.7910278
1761098391668,0.70348984,-10.11506,2.1421745
1761098391670,0.6891329,-10.124631,2.3515465
1761098391672,0.72263247,-10.121041,2.4652054
1761098391675,0.7938189,-10.117453,2.431706
1761098391677,0.86560357,-10.1084795,2.3228326
1761098391679,0.99003035,-10.043275,2.0901306
1761098391681,1.1330016,-9.992428,1.7910278
1761098391683,1.2957134,-9.922438,1.4111671
1761098391686,1.439881,-9.81835,1.0073783
1761098391688,1.5744773,-9.723235,0.56590253
1761098391690,1.6755741,-9.62812,0.07178468
1761098391692,1.7670995,-9.537193,-0.36490545
1761098391695,1.7551354,-9.425926,-0.7920243
1761098391697,1.7605193,-9.372088,-1.1958131
1761098391699,1.7611175,-9.308679,-1.5661024
1761098391701,1.6959131,-9.258429,-1.9220347
1761098391704,1.6677973,-9.2285185,-2.2211375
1761098391706,1.6821543,-9.190233,-2.4681966
1761098391708,1.625923,-9.164511,-2.7146573
1761098391710,1.535594,-9.142975,-2.914458
1761098391713,1.4787644,-9.122637,-3.094518
1761098391715,1.4691931,-9.131609,-3.1896327
1761098391718,1.3405789,-9.15793,-3.2703903
1761098391719,1.2927225,-9.176475,-3.298506
1761098391722,1.1976078,-9.193823,-3.3601213
1761098391725,1.1162517,-9.211171,-3.455236
1761098391726,0.9738788,-9.218349,-3.531208
1761098391729,0.930808,-9.212367,-3.5880375
1761098391731,0.9020941,-9.230911,-3.5928233
1761098391733,0.8356933,-9.235099,-3.5976088
1761098391735,0.6646065,-9.246465,-3.5976088
1761098391737,0.5880362,-9.263813,-3.583252
1761098391739,0.5312066,-9.2488575,-3.5168512
1761098391742,0.48394838,-9.253045,-3.455236
1761098391744,0.37447673,-9.265608,-3.3840494
1761098391746,0.31226337,-9.273982,-3.3409786
1761098391749,0.24586253,-9.292527,-3.245864
1761098391751,0.14596218,-9.290732,-3.1842487
1761098391753,0.1363909,-9.319446,-3.117848
1761098391755,0.08853444,-9.333204,-3.0227332
1761098391758,0.05922236,-9.385847,-2.961118
1761098391760,0.054436713,-9.390633,-2.8947172
1761098391762,0.07716853,-9.42473,-2.8235307
1761098391765,0.11006984,-9.45464,-2.7475586
1761098391767,0.13878371,-9.46481,-2.6668007
1761098391769,0.20937198,-9.475577,-2.5812573
1761098391772,0.25184458,-9.500702,-2.5052853
1761098391774,0.29910284,-9.525827,-2.4245276
1761098391776,0.37986058,-9.541979,-2.3581266
1761098391779,0.45044887,-9.552746,-2.3012972
1761098391780,0.5174479,-9.520443,-2.2534406
1761098391783,0.5844469,-9.52164,-2.1684954
1761098391785,0.6364908,-9.537193,-2.044667
1761098391787,0.6646065,-9.54796,-1.902294
1761098391789,0.7118647,-9.563514,-1.7599211
1761098391791,0.7256235,-9.6071825,-1.5798612
1761098391794,0.7495517,-9.608379,-1.4039887
1761098391797,0.7920243,-9.628718,-1.2281163
1761098391799,0.7818548,-9.657433,-1.0097711
1761098391800,0.80518484,-9.677772,-0.84406817
1761098391803,0.8243274,-9.687941,-0.6586244
1761098391805,0.8333005,-9.717253,-0.50189453
1761098391807,0.8709874,-9.723235,-0.3499503
1761098391810,0.9092726,-9.724431,-0.2219343
1761098391812,0.89013004,-9.723833,-0.16031912
1761098391814,0.89491564,-9.729217,-0.10348958
1761098391817,0.8853444,-9.729217,-0.06520442
1761098391819,0.89491564,-9.729217,-0.06999006
1761098391821,0.89072824,-9.70469,-0.11784652
1761098391823,0.9098708,-9.685548,-0.19860429
1761098391825,0.95772725,-9.647861,-0.32183465
1761098391828,0.95353985,-9.628718,-0.42652065
1761098391830,0.96789676,-9.613763,-0.55453664
1761098391832,1.0301101,-9.5760765,-0.7256235
1761098391834,1.0163515,-9.565907,-0.8769695
1761098391837,1.0259227,-9.546764,-1.0241281
1761098391839,1.0546366,-9.522836,-1.1904292
1761098391841,1.0737791,-9.51805,-1.3375878
1761098391843,1.0360922,-9.512068,-1.4943178
1761098391846,1.0456635,-9.478569,-1.6701902
1761098391848,0.98883396,-9.482158,-1.7790636
1761098391850,0.9601201,-9.485747,-1.9166509
1761098391852,0.907478,-9.4941225,-2.035694
1761098391854,0.87936234,-9.493524,-2.134996
1761098391857,0.8362915,-9.487542,-2.239682
1761098391859,0.8177471,-9.486943,-2.3341985
1761098391862,0.802792,-9.520443,-2.4293132
1761098391864,0.7603194,-9.509675,-2.481357
1761098391866,0.75553375,-9.5048895,-2.5339992
1761098391868,0.7788638,-9.524631,-2.571686
1761098391870,0.7220342,-9.523434,-2.5669005
1761098391872,0.68853474,-9.527621,-2.5669005
1761098391875,0.7220342,-9.498908,-2.6333013
1761098391877,0.75553375,-9.49472,-2.6333013
1761098391879,0.76510507,-9.480962,-2.652444
1761098391882,0.76510507,-9.485747,-2.6428726
1761098391884,0.74177504,-9.475577,-2.6004
1761098391886,0.69930243,-9.460623,-2.5435705
1761098391888,0.6999006,-9.422338,-2.4675984
1761098391891,0.6855437,-9.40798,-2.396412
1761098391893,0.7148558,-9.38465,-2.3347967
1761098391895,0.7286145,-9.399606,-2.2444677
1761098391898,0.738784,-9.380463,-2.1637099
1761098391900,0.7812566,-9.400802,-2.0925233
1761098391902,0.7956135,-9.391231,-1.98365
1761098391904,0.8141579,-9.421141,-1.8933209
1761098391906,0.8333005,-9.425926,-1.8077775
1761098391909,0.85184485,-9.440882,-1.7270198
1761098391912,0.8602197,-9.4941225,-1.6606189
1761098391913,0.8739785,-9.537791,-1.5894325
1761098391916,0.88295156,-9.571889,-1.5182459
1761098391918,0.8967103,-9.610772,-1.4751751
1761098391920,0.8769695,-9.634102,-1.4231312
1761098391922,0.87637126,-9.6682,-1.3848461
1761098391924,0.87637126,-9.677772,-1.3561323
1761098391927,0.8566305,-9.706485,-1.3513466
1761098391929,0.8662018,-9.706485,-1.3513466
1761098391932,0.8566305,-9.716056,-1.3184453
1761098391933,0.8805587,-9.696914,-1.3328022
1761098391936,0.91465646,-9.659226,-1.3800604
1761098391938,0.8811569,-9.6682,-1.4039887
1761098391941,0.8578269,-9.6580305,-1.43689
1761098391943,0.82971126,-9.623933,-1.5038891
1761098391944,0.81595254,-9.599406,-1.5702899
1761098391947,0.8452646,-9.541979,-1.6414764
1761098391949,0.8650054,-9.498908,-1.7174485
1761098391951,0.86141616,-9.431311,-1.82692
1761098391954,0.90448695,-9.427123,-1.8933209
1761098391956,0.91884387,-9.403194,-1.9884356
1761098391958,0.91465646,-9.369097,-2.0925233
1761098391960,0.9487542,-9.321838,-2.1732812
1761098391962,0.9445667,-9.282955,-2.2402802
1761098391965,0.9451649,-9.249456,-2.292324
1761098391967,0.96909314,-9.25484,-2.2827528
1761098391969,0.95054877,-9.211171,-2.3491535
1761098391971,0.8650054,-9.223733,-2.3635106
1761098391974,0.8889336,-9.200403,-2.3826532
1761098391976,0.92183495,-9.215358,-2.39701
1761098391978,0.9499506,-9.235099,-2.3922246
1761098391980,0.9445667,-9.268599,-2.3635106
1761098391983,0.9493524,-9.282955,-2.3587248
1761098391985,0.95353985,-9.302098,-2.315654
1761098391987,0.9296116,-9.32124,-2.315654
1761098391990,0.9242278,-9.345169,-2.2731814
1761098391992,0.89072824,-9.373284,-2.216352
1761098391994,0.8757731,-9.421141,-2.187638
1761098391996,0.85124665,-9.45464,-2.1260228
1761098391999,0.8602197,-9.503095,-2.0877378
1761098392001,0.8171489,-9.526425,-2.021337
1761098392003,0.77347994,-9.559326,-1.9501505
1761098392005,0.7830512,-9.568898,-1.9214365
1761098392008,0.7112665,-9.606585,-1.8215362
1761098392010,0.701097,-9.64487,-1.7838492
1761098392012,0.69152576,-9.649655,-1.7030915
1761098392014,0.6334998,-9.692128,-1.6175481
1761098392017,0.5623133,-9.700503,-1.5744773
1761098392019,0.5096712,-9.714262,-1.4937196
1761098392021,0.4671986,-9.723235,-1.422533
1761098392023,0.46660042,-9.737592,-1.3704891
1761098392026,0.41874397,-9.765707,-1.3136597
1761098392028,0.44685963,-9.785448,-1.2849457
1761098392030,0.39481574,-9.794421,-1.2329018
1761098392033,0.37986058,-9.813564,-1.2281163
1761098392035,0.39421752,-9.81835,-1.1946167
1761098392037,0.39840496,-9.832706,-1.189831
1761098392039,0.41754755,-9.833304,-1.1946167
1761098392041,0.46061835,-9.809975,-1.2089736
1761098392044,0.465404,-9.805189,-1.2370893
1761098392046,0.52223355,-9.830314,-1.1994023
1761098392048,0.503091,-9.839287,-1.2233306
1761098392050,0.49830532,-9.820144,-1.2849457
1761098392053,0.49830532,-9.820144,-1.3034902
1761098392055,0.5132605,-9.805787,-1.317847
1761098392058,0.48454657,-9.795618,-1.3226327
1761098392060,0.48035914,-9.7812605,-1.3890336
1761098392062,0.5084748,-9.7812605,-1.46022
1761098392064,0.5419743,-9.772287,-1.5032908
1761098392066,0.5563313,-9.757931,-1.527219
1761098392068,0.6233303,-9.735199,-1.5840486
1761098392071,0.6329016,-9.725628,-1.6313069
1761098392073,0.6520442,-9.730413,-1.7024933
1761098392075,0.66699934,-9.701699,-1.7455641
1761098392077,0.69092757,-9.683155,-1.8215362
1761098392080,0.70588267,-9.649655,-1.8454645
1761098392082,0.715454,-9.630513,-1.8735801
1761098392084,0.7070791,-9.577272,-1.8735801
1761098392087,0.6879365,-9.55813,-1.8831514
1761098392089,0.68853474,-9.533604,-1.9166509
1761098392091,0.7220342,-9.529416,-1.9166509
1761098392094,0.72263247,-9.471989,-1.9453648
1761098392096,0.7375876,-9.433703,-1.9405792
1761098392098,0.73818576,-9.41456,-1.9501505
1761098392100,0.7573284,-9.405587,-1.969293
1761098392102,0.74835527,-9.381062,-1.9501505
1761098392105,0.7908279,-9.372088,-1.969293
1761098392107,0.78664047,-9.352945,-1.9549361
1761098392109,0.8243274,-9.363115,-1.9645073
1761098392112,0.8386843,-9.37807,-1.9501505
1761098392114,0.83389866,-9.373284,-1.9220347
1761098392116,0.8237292,-9.41157,-1.9028922
1761098392118,0.83748794,-9.430713,-1.8741783
1761098392121,0.89491564,-9.431909,-1.8460627
1761098392123,0.89431745,-9.455837,-1.8550358
1761098392126,0.87936234,-9.48455,-1.8077775
1761098392127,0.9026923,-9.509077,-1.774278
1761098392130,0.92602235,-9.552746,-1.7503498
1761098392132,0.9822537,-9.587442,-1.7407784
1761098392134,1.0055838,-9.611969,-1.7359928
1761098392136,1.0049855,-9.640682,-1.7030915
1761098392138,0.9954142,-9.650253,-1.6887345
1761098392141,0.9954142,-9.659825,-1.683949
1761098392144,0.98584294,-9.669396,-1.6456637
1761098392145,0.9619147,-9.668798,-1.6031911
1761098392148,0.9385847,-9.640084,-1.5655042
1761098392150,0.91465646,-9.639486,-1.5559329
1761098392152,0.8530413,-9.633504,-1.5320047
1761098392154,0.82911307,-9.652647,-1.5128621
1761098392156,0.84825563,-9.652647,-1.5224334
1761098392158,0.8530413,-9.657433,-1.5511472
1761098392161,0.84825563,-9.662218,-1.6031911
1761098392163,0.8333005,-9.705289,-1.6456637
1761098392165,0.8135597,-9.719048,-1.6977077
1761098392168,0.85184485,-9.71486,-1.7880367
1761098392170,0.8428718,-9.695119,-1.8358932
1761098392172,0.8578269,-9.642477,-1.9304097
1761098392175,0.8769695,-9.623335,-2.0255244
1761098392177,0.8542377,-9.57488,-2.1110678
1761098392179,0.8596215,-9.512068,-2.1637099
1761098392181,0.8751749,-9.45464,-2.201397
1761098392184,0.8572287,-9.382257,-2.2205393
1761098392186,0.8344969,-9.324232,-2.2779672
1761098392188,0.8350951,-9.290732,-2.3395824
1761098392190,0.77407813,-9.241081,-2.373082
1761098392192,0.7178468,-9.196814,-2.4065814
1761098392195,0.6759724,-9.162716,-2.3922246
1761098392197,0.6239285,-9.132806,-2.3874388
1761098392199,0.5916254,-9.103494,-2.39701
1761098392202,0.60598236,-9.0747795,-2.4209383
1761098392204,0.587438,-9.050852,-2.4209383
1761098392206,0.5162515,-9.044271,-2.425724
1761098392208,0.4211368,-9.057432,-2.388037
1761098392211,0.4019942,-9.066405,-2.3874388
1761098392213,0.3589234,-9.089735,-2.3641088
1761098392215,0.29671,-9.11785,-2.2785654
1761098392217,0.2434697,-9.169894,-2.216352
1761098392220,0.20458634,-9.23151,-2.1690936
1761098392222,0.1896312,-9.274581,-2.1355941
1761098392224,0.18424734,-9.31825,-2.0739791
1761098392226,0.17826529,-9.390035,-2.0165513
1761098392229,0.16271193,-9.457033,-1.9214365
1761098392231,0.19501504,-9.501301,-1.8221345
1761098392233,0.22731815,-9.555139,-1.7174485
1761098392235,0.28773692,-9.632906,-1.6600207
1761098392238,0.35353956,-9.677772,-1.5840486
1761098392240,0.4139583,-9.760324,-1.5128621
1761098392242,0.47018966,-9.818948,-1.4273187
1761098392245,0.53599226,-9.854242,-1.3561323
1761098392246,0.573081,-9.917651,-1.2753744
1761098392249,0.62452674,-9.952348,-1.2179468
1761098392251,0.66161543,-10.005588,-1.1138589
1761098392253,0.6903293,-10.006784,-1.0468599
1761098392256,0.6897311,-10.035499,-0.9619147
1761098392258,0.7082755,-10.050453,-0.9092726
1761098392261,0.6801598,-10.040284,-0.86201435
1761098392262,0.6418747,-10.049257,-0.8237292
1761098392264,0.61794645,-10.063614,-0.81894356
1761098392267,0.58504516,-10.05823,-0.8572287
1761098392269,0.56111693,-10.04806,-0.8853444
1761098392271,0.50428736,-10.0468645,-0.9613165
1761098392274,0.48993045,-10.036695,-1.0660025
1761098392276,0.49052864,-10.031311,-1.1796615
1761098392278,0.485743,-10.016953,-1.2699906
1761098392281,0.485743,-10.006784,-1.3938192
1761098392282,0.4959125,-9.968499,-1.4506488
1761098392285,0.5491528,-9.916455,-1.5601203
1761098392287,0.5736792,-9.868599,-1.6737795
1761098392289,0.5832505,-9.849456,-1.820938
1761098392292,0.6263213,-9.825528,-1.9585253
1761098392294,0.651446,-9.7681,-2.0632114
1761098392297,0.67058855,-9.734601,-2.158326
1761098392298,0.6664011,-9.701101,-2.2055843
1761098392301,0.67178494,-9.662218,-2.300699
1761098392303,0.7004988,-9.6580305,-2.3575284
1761098392305,0.6771688,-9.628718,-2.3581266
1761098392308,0.6771688,-9.619147,-2.391028
1761098392310,0.6448657,-9.58505,-2.3724837
1761098392312,0.5832505,-9.574282,-2.3485553
1761098392314,0.5838487,-9.535996,-2.315654
1761098392316,0.53180486,-9.515657,-2.2534406
1761098392319,0.48933223,-9.505488,-2.1684954
1761098392321,0.45224348,-9.476774,-2.0733807
1761098392323,0.39960137,-9.480962,-1.9357935
1761098392325,0.36670008,-9.470792,-1.7934206
1761098392328,0.3475575,-9.475577,-1.6366907
1761098392330,0.32422748,-9.475577,-1.466202
1761098392332,0.32362926,-9.490533,-1.3238292
1761098392335,0.32362926,-9.5048895,-1.2287145
1761098392337,0.33260235,-9.538987,-1.0911272
1761098392339,0.360718,-9.553943,-0.9816555
1761098392342,0.3702893,-9.568898,-0.8817552
1761098392344,0.39780676,-9.602996,-0.8536395
1761098392346,0.42652065,-9.613165,-0.82013994
1761098392348,0.4354937,-9.632906,-0.82013994
1761098392350,0.44506502,-9.623335,-0.8249256
1761098392352,0.45403808,-9.666406,-0.8578269
1761098392355,0.4546363,-9.632906,-0.9385847
1761098392357,0.4546363,-9.623335,-0.98644114
1761098392359,0.4881358,-9.623335,-1.052842
1761098392361,0.4833502,-9.618548,-1.1431711
1761098392364,0.49292147,-9.599406,-1.2000005
1761098392366,0.5072784,-9.599406,-1.2993027
1761098392368,0.52163535,-9.599406,-1.3663018
1761098392370,0.5455636,-9.58505,-1.4231312
1761098392373,0.5736792,-9.580862,-1.4751751
1761098392375,0.5880362,-9.5760765,-1.5655042
1761098392378,0.62153566,-9.557532,-1.6127625
1761098392380,0.65982085,-9.548559,-1.6462619
1761098392382,0.65024954,-9.557532,-1.6510476
1761098392384,0.69332033,-9.548559,-1.7126628
1761098392386,0.71724856,-9.539586,-1.7413766
1761098392388,0.73100734,-9.544372,-1.7886349
1761098392390,0.73100734,-9.558728,-1.8598214
1761098392394,0.77347994,-9.583255,-1.902294
1761098392396,0.7968099,-9.607781,-1.9447666
1761098392398,0.8009974,-9.64128,-1.9926231
1761098392400,0.85244304,-9.671191,-2.0111675
1761098392402,0.87996054,-9.734002,-2.0207388
1761098392404,0.88354975,-9.805787,-2.0584257
1761098392406,0.9302098,-9.835697,-2.0536401
1761098392409,0.9200403,-9.897911,-2.07697
1761098392411,0.933799,-9.912268,-2.0817556
1761098392413,0.93320084,-9.940982,-2.1008983
1761098392416,0.91405827,-9.950553,-2.1104696
1761098392418,0.8709874,-9.964312,-2.105684
1761098392420,0.8530413,-9.925428,-2.0584257
1761098392423,0.7818548,-9.909875,-2.0536401
1761098392424,0.73519474,-9.875179,-2.039283
1761098392427,0.64606214,-9.806385,-2.0297117
1761098392429,0.60358953,-9.786645,-1.9968106
1761098392431,0.5946164,-9.762716,-1.9639091
1761098392434,0.53359944,-9.723235,-1.9160527
1761098392436,0.5198407,-9.694521,-1.8735801
1761098392438,0.49112684,-9.684352,-1.8544376
1761098392441,0.46779683,-9.65504,-1.8263218
1761098392445,0.46839502,-9.650253,-1.7694924
1761098392445,0.4779663,-9.626326,-1.7407784
1761098392447,0.49232325,-9.6173525,-1.7078772
1761098392449,0.4971089,-9.622138,-1.683949
1761098392451,0.49232325,-9.626924,-1.669592
1761098392454,0.5024927,-9.598209,-1.655235
1761098392456,0.55034924,-9.58505,-1.6510476
1761098392458,0.57846487,-9.590433,-1.6223338
1761098392460,0.5886344,-9.561719,-1.6223338
1761098392462,0.6364908,-9.54796,-1.6031911
1761098392465,0.6693921,-9.538987,-1.5846468
1761098392467,0.6837491,-9.539586,-1.5750755
1761098392469,0.70289165,-9.5252285,-1.5750755
1761098392472,0.7076773,-9.5252285,-1.5750755
1761098392474,0.7178468,-9.491729,-1.5607185
1761098392476,0.718445,-9.472587,-1.5559329
1761098392478,0.71365935,-9.45823,-1.5750755
1761098392481,0.72382885,-9.439087,-1.5846468
1761098392483,0.71425754,-9.419945,-1.5846468
1761098392485,0.69571316,-9.400204,-1.5990037
1761098392487,0.70588267,-9.376275,-1.6372889
1761098392490,0.69152576,-9.366106,-1.6654046
1761098392492,0.6873383,-9.346964,-1.6372889
1761098392494,0.6969096,-9.337392,-1.6749759
1761098392496,0.70169526,-9.337991,-1.6845472
1761098392499,0.70169526,-9.337991,-1.6845472
1761098392501,0.7298109,-9.367303,-1.6845472
1761098392503,0.7908279,-9.406784,-1.6797615
1761098392505,0.799801,-9.440284,-1.698904
1761098392508,0.846461,-9.469596,-1.7126628
1761098392510,0.8739785,-9.52822,-1.683949
1761098392512,0.8925229,-9.561719,-1.7078772
1761098392515,0.9056834,-9.605389,-1.6887345
1761098392517,0.9385847,-9.649057,-1.6887345
1761098392519,0.927817,-9.701699,-1.6791633
1761098392521,0.93679005,-9.731011,-1.6887345
1761098392523,0.9176475,-9.754341,-1.669592
1761098392526,0.88295156,-9.821341,-1.6737795
1761098392528,0.83988076,-9.839885,-1.6737795
1761098392530,0.78783685,-9.857831,-1.6642082
1761098392532,0.7537391,-9.890733,-1.6642082
1761098392535,0.72023964,-9.890134,-1.6594225
1761098392537,0.6538388,-9.908679,-1.6689938
1761098392539,0.58265233,-9.897313,-1.6546369
1761098392542,0.5395815,-9.906285,-1.6360924
1761098392544,0.48753762,-9.896116,-1.6313069
1761098392546,0.42592242,-9.899706,-1.6217356
1761098392548,0.34037903,-9.88834,-1.6169499
1761098392550,0.30269206,-9.87817,-1.6121643
1761098392553,0.24646074,-9.853643,-1.588236
1761098392555,0.21296121,-9.857831,-1.5930216
1761098392557,0.19860429,-9.847662,-1.5978073
1761098392559,0.1896312,-9.8428755,-1.588236
1761098392562,0.18903299,-9.866804,-1.5786648
1761098392564,0.18005991,-9.847063,-1.6169499
1761098392566,0.18903299,-9.876375,-1.5978073
1761098392568,0.21714866,-9.872188,-1.588236
1761098392571,0.19860429,-9.87159,-1.5930216
1761098392573,0.19860429,-9.857233,-1.5978073
1761098392575,0.20338993,-9.83809,-1.6121643
1761098392577,0.19920248,-9.818948,-1.5930216
1761098392580,0.19501504,-9.795019,-1.5888343
1761098392582,0.19980069,-9.771091,-1.6073786
1761098392585,0.22911277,-9.737592,-1.6313069
1761098392586,0.22552353,-9.689735,-1.6175481
1761098392589,0.23030917,-9.68495,-1.6079768
1761098392591,0.25902304,-9.656834,-1.6079768
1761098392594,0.2739782,-9.632906,-1.6079768
1761098392596,0.28414768,-9.58505,-1.6223338
1761098392598,0.30329028,-9.561121,-1.6079768
1761098392600,0.3278167,-9.537791,-1.6223338
1761098392603,0.3894319,-9.519845,-1.6319051
1761098392605,0.40378883,-9.524631,-1.6223338
1761098392607,0.41814575,-9.510274,-1.6606189
1761098392609,0.48933223,-9.526425,-1.6223338
1761098392611,0.48394838,-9.559925,-1.5798612
1761098392614,0.55034924,-9.561121,-1.6127625
1761098392616,0.6029913,-9.561719,-1.6414764
1761098392618,0.64008003,-9.58146,-1.6935202
1761098392620,0.66400826,-9.5868435,-1.6935202
1761098392622,0.70169526,-9.601799,-1.7359928
1761098392625,0.74416786,-9.626326,-1.7551354
1761098392627,0.7537391,-9.626326,-1.7599211
1761098392629,0.77706915,-9.655638,-1.7928224
1761098392631,0.7956135,-9.656236,-1.7880367
1761098392634,0.8147561,-9.661021,-1.8311075
1761098392636,0.83748794,-9.709476,-1.8215362
1761098392638,0.8566305,-9.71486,-1.8496519
1761098392641,0.8709874,-9.700503,-1.8640088
1761098392643,0.8751749,-9.7196455,-1.8687944
1761098392645,0.8853444,-9.700503,-1.8735801
1761098392648,0.8709874,-9.710074,-1.8640088
1761098392650,0.85244304,-9.685548,-1.8735801
1761098392652,0.83389866,-9.661619,-1.8311075
1761098392654,0.8153543,-9.637094,-1.811965
1761098392656,0.7920243,-9.598209,-1.7838492
1761098392659,0.7686943,-9.569496,-1.7407784
1761098392662,0.74117684,-9.525827,-1.7318054
1761098392664,0.74177504,-9.482158,-1.7030915
1761098392665,0.72323066,-9.45823,-1.6845472
1761098392668,0.7286145,-9.42473,-1.6558332
1761098392670,0.72442704,-9.386445,-1.6325033
1761098392672,0.72502524,-9.347562,-1.6420746
1761098392674,0.7262217,-9.285348,-1.6037893
1761098392677,0.75553375,-9.242876,-1.5900307
1761098392679,0.7465607,-9.209376,-1.5756737
1761098392681,0.75673014,-9.175877,-1.5332011
1761098392683,0.77587277,-9.151948,-1.5188441
1761098392685,0.8243274,-9.124431,-1.4955142
1761098392688,0.8572287,-9.115458,-1.4859428
1761098392690,0.8811569,-9.110672,-1.4907285
1761098392693,0.9290134,-9.082557,-1.5050855
1761098392696,0.94277215,-9.111869,-1.4668003
1761098392698,1.0097711,-9.108279,-1.4763715
1761098392700,1.0707881,-9.138189,-1.5044873
1761098392701,1.0893325,-9.172287,-1.5284154
1761098392704,1.0408778,-9.233903,-1.4997016
1761098392706,1.0642079,-9.262616,-1.5188441
1761098392708,1.0869397,-9.306286,-1.5044873
1761098392711,1.0809577,-9.369097,-1.4901303
1761098392714,1.0372887,-9.425926,-1.4943178
1761098392715,1.0079765,-9.473185,-1.5086746
1761098392718,0.96909314,-9.539586,-1.5182459
1761098392720,0.9589237,-9.582657,-1.5224334
1761098392722,0.9385847,-9.630513,-1.5128621
1761098392724,0.9194421,-9.658628,-1.5320047
1761098392726,0.8422736,-9.720243,-1.5367904
1761098392729,0.7752745,-9.757333,-1.5457634
1761098392731,0.72263247,-9.775279,-1.5409778
1761098392733,0.6652047,-9.798609,-1.5601203
1761098392735,0.6029913,-9.816555,-1.5553347
1761098392737,0.53180486,-9.805787,-1.5409778
1761098392740,0.47018966,-9.795019,-1.5457634
1761098392742,0.39960137,-9.779466,-1.5553347
1761098392744,0.3469593,-9.787841,-1.5128621
1761098392746,0.29970104,-9.782457,-1.5176477
1761098392749,0.2428715,-9.762118,-1.4937196
1761098392751,0.22432712,-9.747761,-1.5032908
1761098392753,0.19621146,-9.723235,-1.474577
1761098392756,0.14895321,-9.722038,-1.4560326
1761098392758,0.13040884,-9.693324,-1.451247
1761098392760,0.14476576,-9.664611,-1.4273187
1761098392762,0.15972091,-9.650253,-1.4273187
1761098392765,0.15014961,-9.645468,-1.4087744
1761098392767,0.14057833,-9.640682,-1.3609179
1761098392769,0.1788635,-9.622138,-1.3423735
1761098392771,0.22671995,-9.594023,-1.3896317
1761098392773,0.29850462,-9.590433,-1.3944174
1761098392776,0.3595216,-9.605987,-1.3567305
1761098392778,0.4881358,-9.594023,-1.3615161
1761098392780,0.62093747,-9.5964155,-1.3423735
1761098392783,0.7393822,-9.632308,-1.3423735
1761098392785,0.8578269,-9.648459,-1.3513466
1761098392787,0.93260264,-9.717253,-1.3417753
1761098392789,0.9846465,-9.728021,-1.3417753
1761098392792,1.102493,-9.7681,-1.3369896
1761098392794,1.1688938,-9.783653,-1.346561
1761098392796,1.2346965,-9.813564,-1.3704891
1761098392798,1.3112668,-9.800404,-1.3890336
1761098392801,1.3680964,-9.806385,-1.3890336
1761098392804,1.4009976,-9.816555,-1.3609179
1761098392805,1.4057833,-9.830912,-1.3746766
1761098392807,1.396212,-9.830912,-1.3657036
1761098392810,1.3722838,-9.826126,-1.3369896
1761098392812,1.3435699,-9.839885,-1.317847
1761098392814,1.2921243,-9.809975,-1.3040884
1761098392816,1.2496517,-9.804591,-1.294517
1761098392819,1.1970096,-9.803992,-1.2801601
1761098392821,1.1599208,-9.774082,-1.2562319
1761098392823,1.1407782,-9.764511,-1.2376875
1761098392826,1.0983056,-9.74477,-1.204188
1761098392828,1.0797613,-9.7298155,-1.204188
1761098392830,1.0839486,-9.744172,-1.1521441
1761098392833,1.1270195,-9.731011,-1.1377872
1761098392834,1.1413764,-9.726226,-1.1521441
1761098392837,1.1419746,-9.707084,-1.0953146
1761098392839,1.160519,-9.731609,-1.0666007
1761098392841,1.174876,-9.736395,-1.0522437
1761098392844,1.2179468,-9.722636,-1.0666007
1761098392846,1.2795619,-9.719048,-1.038485
1761098392848,1.3555341,-9.701101,-1.0432707
1761098392850,1.3848461,-9.677772,-1.052842
1761098392853,1.4362918,-9.702896,-1.0432707
1761098392855,1.4943178,-9.67478,-1.0624132
1761098392857,1.5176477,-9.675379,-1.0713863
1761098392860,1.6079768,-9.662218,-1.0953146
1761098392861,1.6271194,-9.6580305,-1.1096715
1761098392864,1.6558332,-9.663414,-1.1144571
1761098392866,1.6743777,-9.672985,-1.1335998
1761098392868,1.6271194,-9.681958,-1.1288141
1761098392871,1.6079768,-9.667004,-1.1335998
1761098392872,1.6175481,-9.667602,-1.1431711
1761098392875,1.5984055,-9.667004,-1.2047862
1761098392877,1.5655042,-9.675977,-1.2047862
1761098392880,1.5320047,-9.665807,-1.2424731
1761098392882,1.4799608,-9.659825,-1.2664014
1761098392884,1.4416757,-9.664013,-1.2897314
1761098392886,1.3986049,-9.677772,-1.2993027
1761098392889,1.3609179,-9.671789,-1.3280165
1761098392891,1.3136597,-9.647263,-1.3615161
1761098392893,1.2855439,-9.65145,-1.3752748
1761098392895,1.2616158,-9.636495,-1.4039887
1761098392898,1.2711871,-9.660423,-1.4183456
1761098392900,1.2520444,-9.650253,-1.4847465
1761098392902,1.2329018,-9.664611,-1.4895321
1761098392905,1.2281163,-9.645468,-1.5128621
1761098392907,1.2335001,-9.620942,-1.5463617
1761098392909,1.2669996,-9.616755,-1.541576
1761098392912,1.2430713,-9.6071825,-1.4991034
1761098392913,1.2723835,-9.573684,-1.5607185
1761098392915,1.2963116,-9.54497,-1.6271194
1761098392918,1.3160524,-9.531211,-1.6654046
1761098392920,1.3495519,-9.502497,-1.7126628
1761098392922,1.3316058,-9.449257,-1.750948
1761098392925,1.3363914,-9.425328,-1.7605193
1761098392927,1.3316058,-9.434899,-1.7982062
1761098392929,1.346561,-9.396614,-1.8173488
1761098392931,1.3369896,-9.391829,-1.8317057
1761098392934,1.3704891,-9.4019985,-1.855634
1761098392936,1.3704891,-9.37807,-1.9028922
1761098392938,1.3746766,-9.406784,-1.9172492
1761098392941,1.3609179,-9.387043,-1.9501505
1761098392943,1.3567305,-9.363115,-1.9501505
1761098392946,1.3567305,-9.343972,-1.9645073
1761098392948,1.3190435,-9.324232,-1.9788643
1761098392950,1.2819548,-9.279964,-1.9932213
1761098392952,1.2687942,-9.236296,-2.0027926
1761098392954,1.2215359,-9.202198,-2.0075781
1761098392956,1.1886346,-9.177671,-2.0219352
1761098392958,1.1700903,-9.162716,-2.0171494
1761098392960,1.1659029,-9.138788,-2.0171494
1761098392963,1.1659029,-9.11486,-2.0410776
1761098392965,1.166501,-9.099904,-2.036292
1761098392967,1.1617154,-9.0951185,-2.012962
1761098392969,1.1760724,-9.086145,-2.012962
1761098392972,1.180858,-9.090932,-2.0267208
1761098392974,1.1952149,-9.086145,-2.0315065
1761098392976,1.1994023,-9.115458,-2.0267208
1761098392979,1.2227324,-9.129815,-2.0075781
1761098392981,1.2227324,-9.134601,-2.036292
1761098392983,1.2317054,-9.154342,-2.0171494
1761098392985,1.2412767,-9.154342,-2.012364
1761098392987,1.2550355,-9.178867,-2.0171494
1761098392990,1.2454642,-9.183055,-2.0267208
1761098392992,1.2550355,-9.19801,-2.0267208
1761098392994,1.2640085,-9.23151,-2.0171494
1761098392996,1.2640085,-9.221938,-1.9980069
1761098392999,1.2544373,-9.226724,-1.9932213
1761098393001,1.2634103,-9.265608,-1.9884356
1761098393004,1.2628121,-9.2895355,-1.9597218
1761098393005,1.2532408,-9.308679,-1.969293
1761098393008,1.2664014,-9.346964,-1.9453648
1761098393010,1.2711871,-9.361918,-1.9268204
1761098393012,1.2562319,-9.409177,-1.9220347
1761098393015,1.2556337,-9.433703,-1.9028922
1761098393017,1.2550355,-9.467203,-1.8646071
1761098393019,1.2454642,-9.476774,-1.82692
1761098393021,1.2592229,-9.510274,-1.8263218
1761098393024,1.2209377,-9.529416,-1.7790636
1761098393026,1.2203395,-9.548559,-1.774278
1761098393028,1.1922239,-9.543175,-1.7270198
1761098393030,1.1826526,-9.543175,-1.7222341
1761098393033,1.16351,-9.537791,-1.683949
1761098393035,1.125823,-9.537193,-1.6654046
1761098393037,1.1060823,-9.556335,-1.6079768
1761098393039,1.0444671,-9.555139,-1.5655042
1761098393041,1.0402796,-9.5455675,-1.5367904
1761098393044,1.0025927,-9.530613,-1.4991034
1761098393046,0.9738788,-9.540184,-1.4608182
1761098393049,0.9499506,-9.549157,-1.4183456
1761098393051,0.92602235,-9.5348,-1.3806586
1761098393053,0.92183495,-9.534202,-1.3806586
1761098393055,0.9068798,-9.543773,-1.3423735
1761098393057,0.87338024,-9.557532,-1.3184453
1761098393059,0.86919284,-9.54796,-1.3184453
1761098393062,0.8500503,-9.562318,-1.2616158
1761098393064,0.85902333,-9.576674,-1.2807583
1761098393066,0.8542377,-9.58146,-1.2376875
1761098393069,0.83090764,-9.571291,-1.2664014
1761098393071,0.8207382,-9.600004,-1.2376875
1761098393073,0.82013994,-9.619147,-1.2424731
1761098393076,0.8153543,-9.619147,-1.2568301
1761098393078,0.8153543,-9.623933,-1.2424731
1761098393080,0.8153543,-9.619147,-1.2664014
1761098393082,0.82013994,-9.619147,-1.2520444
1761098393085,0.8105687,-9.623933,-1.2568301
1761098393087,0.82013994,-9.628718,-1.2711871
1761098393089,0.81595254,-9.609575,-1.2807583
1761098393092,0.8392825,-9.629316,-1.2759727
1761098393093,0.8344969,-9.619745,-1.2855439
1761098393096,0.8392825,-9.619745,-1.294517
1761098393098,0.8488538,-9.610174,-1.2993027
1761098393101,0.8344969,-9.61496,-1.3136597
1761098393103,0.8536395,-9.629316,-1.3040884
1761098393105,0.8578269,-9.653245,-1.3040884
1761098393107,0.8811569,-9.663414,-1.3328022
1761098393110,0.90508515,-9.6783695,-1.3280165
1761098393112,0.9092726,-9.683155,-1.3232309
1761098393114,0.90448695,-9.707084,-1.3328022
1761098393116,0.93260264,-9.722038,-1.3369896
1761098393118,0.9415757,-9.736395,-1.3184453
1761098393121,0.94636136,-9.736395,-1.332204
1761098393123,0.9702896,-9.736994,-1.3369896
1761098393126,0.97926265,-9.766306,-1.3274183
1761098393128,0.9702896,-9.741779,-1.3417753
1761098393130,0.9661021,-9.722636,-1.346561
1761098393132,0.93260264,-9.707682,-1.3513466
1761098393134,0.9379865,-9.698111,-1.3423735
1761098393137,0.94755775,-9.678967,-1.3232309
1761098393139,0.9092726,-9.687941,-1.3280165
1761098393141,0.90029955,-9.664013,-1.3184453
1761098393143,0.89072824,-9.672985,-1.3232309
1761098393145,0.84347,-9.6580305,-1.2849457
1761098393148,0.84347,-9.648459,-1.2897314
1761098393150,0.83389866,-9.648459,-1.2616158
1761098393152,0.80578303,-9.623933,-1.2520444
1761098393154,0.7818548,-9.642477,-1.2233306
1761098393157,0.76271224,-9.642477,-1.2143575
1761098393159,0.7579266,-9.656834,-1.2424731
1761098393161,0.74835527,-9.661619,-1.218545
1761098393163,0.7579266,-9.661619,-1.2329018
1761098393166,0.7579266,-9.656834,-1.2095718
1761098393168,0.738784,-9.665807,-1.1904292
1761098393170,0.73340017,-9.694521,-1.204188
1761098393172,0.7477571,-9.70469,-1.1904292
1761098393175,0.7429714,-9.709476,-1.2376875
1761098393177,0.7573284,-9.699904,-1.2000005
1761098393179,0.76630145,-9.729217,-1.1994023
1761098393181,0.7752745,-9.743574,-1.2089736
1761098393184,0.7890333,-9.772886,-1.1850454
1761098393186,0.7938189,-9.792028,-1.1802598
1761098393188,0.8069794,-9.840483,-1.189831
1761098393190,0.8117651,-9.85484,-1.189831
1761098393193,0.8344969,-9.8937235,-1.1946167
1761098393195,0.8530413,-9.917651,-1.1994023
1761098393197,0.8572287,-9.946963,-1.1940185
1761098393200,0.8428718,-9.955936,-1.1802598
1761098393201,0.84765744,-9.9756775,-1.1515459
1761098393204,0.84765744,-9.956535,-1.1754742
1761098393206,0.8243274,-9.955936,-1.1611172
1761098393209,0.80518484,-9.931411,-1.1611172
1761098393211,0.7585248,-9.91167,-1.1419746
1761098393213,0.7262217,-9.8632145,-1.1282159
1761098393215,0.7160522,-9.876974,-1.1234303
1761098393217,0.6789634,-9.833304,-1.0947163
1761098393220,0.6466603,-9.7704935,-1.0953146
1761098393222,0.62811595,-9.760324,-1.061815
1761098393225,0.61435723,-9.731609,-1.061815
1761098393226,0.61435723,-9.722038,-1.0426725
1761098393229,0.62871414,-9.702896,-1.0522437
1761098393231,0.63828546,-9.698111,-1.0570294
1761098393233,0.6765706,-9.698709,-1.0522437
1761098393235,0.7148558,-9.695119,-1.0570294
1761098393238,0.7531409,-9.661619,-1.061815
1761098393240,0.8003992,-9.662816,-1.0953146
1761098393243,0.8344969,-9.643674,-1.1288141
1761098393245,0.87218386,-9.629914,-1.1335998
1761098393247,0.9343972,-9.611969,-1.1473584
1761098393249,0.9726824,-9.588638,-1.1760724
1761098393251,1.0115658,-9.5557375,-1.2095718
1761098393254,1.0546366,-9.541979,-1.2568301
1761098393256,1.0923235,-9.547362,-1.2616158
1761098393258,1.1449656,-9.533604,-1.2999009
1761098393260,1.1922239,-9.544372,-1.3567305
1761098393263,1.2299109,-9.554541,-1.3800604
1761098393265,1.2675978,-9.564711,-1.4087744
1761098393267,1.3010973,-9.570094,-1.4183456
1761098393269,1.3100704,-9.57488,-1.4374882
1761098393271,1.3100704,-9.584451,-1.4895321
1761098393274,1.2909278,-9.593424,-1.4991034
1761098393277,1.2765709,-9.602996,-1.527219
1761098393279,1.247857,-9.6071825,-1.5367904
1761098393281,1.2005987,-9.605987,-1.5559329
1761098393283,1.1246266,-9.609575,-1.579263
1761098393285,1.0582259,-9.598808,-1.5559329
1761098393287,1.0103694,-9.607781,-1.579263
1761098393290,0.96789676,-9.61137,-1.5840486
1761098393292,0.9056834,-9.625129,-1.5840486
1761098393295,0.8578269,-9.643075,-1.5888343
1761098393296,0.80997044,-9.647263,-1.5888343
1761098393299,0.7956135,-9.675977,-1.579263
1761098393301,0.7722835,-9.656236,-1.564906
1761098393303,0.77706915,-9.65145,-1.541576
1761098393305,0.78664047,-9.65145,-1.5463617
1761098393308,0.8009974,-9.647263,-1.541576
1761098393311,0.8105687,-9.632906,-1.5128621
1761098393313,0.8386843,-9.652647,-1.5128621
1761098393314,0.8811569,-9.672985,-1.4889339
1761098393317,0.91405827,-9.687941,-1.4799608
1761098393319,0.94277215,-9.678967,-1.4703895
1761098393321,0.9708878,-9.688539,-1.4703895
1761098393323,1.0043873,-9.68495,-1.43689
1761098393326,0.99960166,-9.67478,-1.43689
1761098393328,1.0235299,-9.665807,-1.4321043
1761098393330,1.0378869,-9.670592,-1.4464613
1761098393332,1.0336994,-9.656236,-1.4273187
1761098393335,1.0432707,-9.65145,-1.43689
1761098393337,1.0480564,-9.61795,-1.4183456
1761098393340,1.0289137,-9.632308,-1.4087744
1761098393342,1.0390832,-9.608379,-1.3944174
1761098393344,1.0390832,-9.594023,-1.3896317
1761098393346,1.0109676,-9.593424,-1.3944174
1761098393348,1.015155,-9.603594,-1.3704891
1761098393350,1.0013963,-9.602996,-1.3992031
1761098393352,1.0247263,-9.603594,-1.3752748
1761098393355,1.0007981,-9.626924,-1.3896317
1761098393358,1.0007981,-9.6173525,-1.3663018
1761098393359,0.9774681,-9.612567,-1.3519448
1761098393362,0.9726824,-9.616755,-1.3663018
1761098393364,0.98644114,-9.6173525,-1.3567305
1761098393366,0.9726824,-9.6071825,-1.3704891
1761098393368,0.948156,-9.631111,-1.3848461
1761098393371,0.9625129,-9.626326,-1.3704891
1761098393373,0.9822537,-9.597611,-1.4039887
1761098393375,0.96729857,-9.62154,-1.3944174
1761098393378,0.9870393,-9.602996,-1.3992031
1761098393380,0.9870393,-9.593424,-1.41356
1761098393382,0.99661064,-9.593424,-1.4039887
1761098393384,1.0067801,-9.559925,-1.4374882
1761098393386,1.0115658,-9.5455675,-1.4183456
1761098393388,0.99302137,-9.530613,-1.4183456
1761098393392,0.9936196,-9.492328,-1.4231312
1761098393393,0.97507524,-9.463016,-1.4422739
1761098393395,0.97507524,-9.463016,-1.4327025
1761098393398,0.9942178,-9.4636135,-1.4422739
1761098393400,1.0037891,-9.439685,-1.4518452
1761098393402,1.0133604,-9.439685,-1.4470595
1761098393405,1.0229317,-9.449855,-1.4470595
1761098393407,1.0175478,-9.458828,-1.466202
1761098393409,1.0277174,-9.440284,-1.4279169
1761098393411,1.07019,-9.460024,-1.4614165
1761098393413,1.0941181,-9.455837,-1.4518452
1761098393416,1.0935199,-9.465408,-1.4566308
1761098393418,1.1078769,-9.470194,-1.466202
1761098393420,1.1270195,-9.475577,-1.4757733
1761098393422,1.1413764,-9.470792,-1.4799608
1761098393425,1.1455638,-9.49472,-1.4847465
1761098393427,1.1551352,-9.500104,-1.4895321
1761098393429,1.1503495,-9.495318,-1.4799608
1761098393432,1.1647065,-9.490533,-1.4847465
1761098393434,1.1880364,-9.500702,-1.4991034
1761098393436,1.1599208,-9.485747,-1.5086746
1761098393438,1.198206,-9.48156,-1.4991034
1761098393440,1.183849,-9.480962,-1.5086746
1761098393444,1.1694921,-9.480962,-1.5230316
1761098393445,1.1641082,-9.514461,-1.5134603
1761098393447,1.16351,-9.533604,-1.5182459
1761098393449,1.1730813,-9.543175,-1.5038891
1761098393451,1.1730813,-9.557532,-1.5230316
1761098393454,1.1491531,-9.54796,-1.527219
1761098393457,1.119841,-9.595219,-1.527219
1761098393458,1.1012967,-9.589835,-1.5367904
1761098393460,1.0917253,-9.594621,-1.541576
1761098393463,1.0486546,-9.584451,-1.5134603
1761098393465,1.0247263,-9.6173525,-1.5128621
1761098393467,0.991825,-9.602397,-1.5224334
1761098393469,0.9625129,-9.626326,-1.5080764
1761098393472,0.94396853,-9.616156,-1.4943178
1761098393474,0.92482597,-9.61137,-1.4847465
1761098393476,0.910469,-9.615558,-1.4703895
1761098393478,0.90089774,-9.610772,-1.4703895
1761098393481,0.9056834,-9.634701,-1.4560326
1761098393483,0.90089774,-9.634701,-1.4327025
1761098393485,0.90089774,-9.629914,-1.4416757
1761098393487,0.9194421,-9.649655,-1.4464613
1761098393490,0.8961121,-9.644272,-1.4039887
1761098393492,0.9385847,-9.649655,-1.41356
1761098393494,0.9242278,-9.640084,-1.4039887
1761098393496,0.91525465,-9.635299,-1.3992031
1761098393499,0.9290134,-9.649655,-1.3896317
1761098393501,0.91465646,-9.64487,-1.3848461
1761098393503,0.9194421,-9.640084,-1.3992031
1761098393506,0.91525465,-9.625728,-1.3615161
1761098393508,0.9062816,-9.605987,-1.3848461
1761098393510,0.88235337,-9.610772,-1.3752748
1761098393512,0.8961121,-9.629914,-1.3848461
1761098393514,0.910469,-9.620942,-1.3704891
1761098393517,0.9056834,-9.625129,-1.3704891
1761098393519,0.9056834,-9.615558,-1.3752748
1761098393521,0.9200403,-9.616156,-1.3615161
1761098393524,0.91525465,-9.635299,-1.3328022
1761098393526,0.9194421,-9.654441,-1.3609179
1761098393528,0.93320084,-9.674182,-1.3561323
1761098393530,0.9284152,-9.674182,-1.3280165
1761098393532,0.94755775,-9.688539,-1.3375878
1761098393535,0.93320084,-9.678967,-1.3423735
1761098393537,0.9517452,-9.707682,-1.3328022
1761098393539,0.9613165,-9.703494,-1.3232309
1761098393541,0.98524475,-9.693923,-1.3328022
1761098393544,0.994816,-9.694521,-1.3280165
1761098393546,1.0277174,-9.699904,-1.3423735
1761098393548,1.0468599,-9.699904,-1.3375878
1761098393550,1.0564312,-9.7196455,-1.3280165
1761098393553,1.0564312,-9.7196455,-1.3375878
1761098393555,1.0462617,-9.742975,-1.3184453
1761098393557,1.079163,-9.753145,-1.3513466
1761098393560,1.1126626,-9.763314,-1.3417753
1761098393562,1.1216356,-9.768699,-1.332204
1761098393564,1.1312069,-9.759128,-1.308874
1761098393566,1.1216356,-9.768699,-1.3040884
1761098393568,1.1270195,-9.7399845,-1.2993027
1761098393571,1.1084751,-9.715458,-1.2993027
1761098393573,1.0941181,-9.705887,-1.2753744
1761098393575,1.0755738,-9.695718,-1.2849457
1761098393578,1.0755738,-9.705289,-1.2849457
1761098393580,1.0845468,-9.715458,-1.2705889
1761098393583,1.0707881,-9.690931,-1.2759727
1761098393585,1.0899308,-9.705887,-1.2568301
1761098393587,1.1090733,-9.677173,-1.2520444
1761098393589,1.1276177,-9.692128,-1.2616158
1761098393591,1.1324034,-9.696914,-1.2568301
1761098393593,1.1467602,-9.687343,-1.2376875
1761098393596,1.1611172,-9.687941,-1.2424731
1761098393598,1.1467602,-9.701699,-1.2664014
1761098393600,1.1521441,-9.658628,-1.2568301
1761098393602,1.166501,-9.664013,-1.2711871
1761098393605,1.1617154,-9.649655,-1.2664014
1761098393607,1.1623136,-9.615558,-1.2664014
1761098393609,1.1629118,-9.5964155,-1.2711871
1761098393611,1.1395818,-9.562318,-1.2855439
1761098393614,1.1443675,-9.552746,-1.2951152
1761098393616,1.1395818,-9.54796,-1.3094722
1761098393618,1.14018,-9.528818,-1.3280165
1761098393620,1.1264212,-9.504292,-1.3328022
1761098393623,1.1120644,-9.504292,-1.3375878
1761098393625,1.102493,-9.504292,-1.3615161
1761098393627,1.1210374,-9.518648,-1.375873
1761098393629,1.0881361,-9.51805,-1.4039887
1761098393632,1.0929217,-9.51805,-1.4039887
1761098393634,1.1018949,-9.533006,-1.4279169
1761098393636,1.0827522,-9.541979,-1.4470595
1761098393639,1.0689936,-9.536594,-1.4751751
1761098393641,1.0779666,-9.55155,-1.4991034
1761098393643,1.0588241,-9.5557375,-1.5134603
1761098393645,1.0486546,-9.579665,-1.5128621
1761098393648,1.0157533,-9.579067,-1.527219
1761098393650,0.9870393,-9.58804,-1.5750755
1761098393652,0.95413804,-9.57787,-1.5846468
1761098393654,0.92542416,-9.572487,-1.6031911
1761098393657,0.86859465,-9.571291,-1.6271194
1761098393659,0.83090764,-9.565907,-1.6271194
1761098393661,0.83090764,-9.561121,-1.6271194
1761098393663,0.7926225,-9.560523,-1.6319051
1761098393665,0.7686943,-9.559925,-1.6743777
1761098393668,0.7405786,-9.540184,-1.683949
1761098393670,0.7363912,-9.530613,-1.7174485
1761098393672,0.7316055,-9.5353985,-1.7126628
1761098393674,0.7501499,-9.540184,-1.7078772
1761098393677,0.74536425,-9.554541,-1.7126628
1761098393679,0.75493556,-9.554541,-1.7318054
1761098393681,0.7830512,-9.564711,-1.7359928
1761098393683,0.8063812,-9.589237,-1.7455641
1761098393686,0.83988076,-9.58505,-1.7359928
1761098393688,0.85842514,-9.614362,-1.7551354
1761098393690,0.8817552,-9.623933,-1.7647067
1761098393693,0.9200403,-9.610174,-1.7407784
1761098393695,0.9200403,-9.615558,-1.7264216
1761098393697,0.94396853,-9.605987,-1.7407784
1761098393699,0.94396853,-9.59163,-1.7264216
1761098393702,0.96789676,-9.601799,-1.7126628
1761098393704,0.95832545,-9.587442,-1.7030915
1761098393706,0.9732806,-9.558728,-1.7030915
1761098393708,0.9637093,-9.563514,-1.6462619
1761098393711,0.96849495,-9.563514,-1.6175481
1761098393713,0.9445667,-9.562916,-1.5936198
1761098393715,0.95353985,-9.587442,-1.5655042
1761098393717,0.95832545,-9.601799,-1.5367904
1761098393719,0.9349955,-9.592228,-1.4847465
1761098393722,0.92542416,-9.582657,-1.4374882
1761098393724,0.9206385,-9.597013,-1.4183456
1761098393726,0.9343972,-9.601799,-1.3800604
1761098393728,0.9343972,-9.601799,-1.3423735
1761098393731,0.92542416,-9.587442,-1.3136597
1761098393733,0.9302098,-9.592228,-1.2951152
1761098393735,0.9493524,-9.578469,-1.2568301
1761098393738,0.9445667,-9.583255,-1.2424731
1761098393740,0.96430755,-9.549755,-1.2376875
1761098393742,0.97806627,-9.555139,-1.2047862
1761098393744,0.97866446,-9.5455675,-1.1952149
1761098393747,0.97866446,-9.531211,-1.180858
1761098393749,0.9834501,-9.531211,-1.180858
1761098393751,1.012164,-9.512667,-1.1766706
1761098393754,1.0169497,-9.517452,-1.180858
1761098393756,1.0169497,-9.517452,-1.1760724
1761098393758,1.0211371,-9.550952,-1.2143575
1761098393761,1.0307083,-9.527023,-1.2382857
1761098393762,1.0402796,-9.541979,-1.2287145
1761098393764,1.0402796,-9.550952,-1.2568301
1761098393767,1.0157533,-9.570094,-1.2951152
1761098393769,1.0438689,-9.594621,-1.3040884
1761098393771,1.0390832,-9.594023,-1.3471591
1761098393774,1.0480564,-9.623335,-1.3992031
1761098393776,1.038485,-9.637094,-1.4321043
1761098393778,1.0331012,-9.656236,-1.4321043
1761098393780,1.0331012,-9.680164,-1.4841483
1761098393783,1.0187442,-9.68495,-1.5224334
1761098393785,1.0139586,-9.694521,-1.5367904
1761098393787,1.0043873,-9.693923,-1.564906
1761098393789,0.994816,-9.689137,-1.5744773
1761098393792,0.99960166,-9.679565,-1.6031911
1761098393794,0.9708878,-9.707682,-1.6265212
1761098393797,0.94695956,-9.692726,-1.6265212
1761098393798,0.95653087,-9.687941,-1.6408781
1761098393800,0.9661021,-9.688539,-1.655235
1761098393803,0.95653087,-9.692726,-1.6360924
1761098393805,0.9421739,-9.702297,-1.6504494
1761098393807,0.95653087,-9.697512,-1.6408781
1761098393810,0.9613165,-9.702896,-1.655235
1761098393812,0.9421739,-9.697512,-1.6313069
1761098393814,0.9613165,-9.698111,-1.6265212
1761098393816,0.91884387,-9.696914,-1.6265212
1761098393819,0.93320084,-9.687941,-1.6127625
1761098393821,0.91884387,-9.672985,-1.6223338
1761098393823,0.9236295,-9.672985,-1.6079768
1761098393825,0.90089774,-9.634701,-1.5984055
1761098393828,0.9062816,-9.595817,-1.6079768
1761098393830,0.910469,-9.601201,-1.5840486
1761098393832,0.90089774,-9.605987,-1.5702899
1761098393834,0.9062816,-9.59163,-1.5655042
1761098393837,0.91585284,-9.5868435,-1.5750755
1761098393839,0.9206385,-9.5868435,-1.527219
1761098393841,0.9296116,-9.606585,-1.5367904
1761098393843,0.9343972,-9.616156,-1.5224334
1761098393846,0.92482597,-9.610772,-1.4991034
1761098393848,0.94396853,-9.616156,-1.5080764
1761098393850,0.9487542,-9.597013,-1.4847465
1761098393852,0.9302098,-9.587442,-1.4895321
1761098393855,0.9296116,-9.61137,-1.4656038
1761098393858,0.9487542,-9.61137,-1.4799608
1761098393859,0.94396853,-9.597013,-1.4656038
1761098393862,0.95353985,-9.616156,-1.4991034
1761098393864,0.96789676,-9.611969,-1.4847465
1761098393866,0.9768698,-9.626326,-1.4895321
1761098393868,0.9816555,-9.626326,-1.4656038
1761098393871,0.96729857,-9.631111,-1.4895321
1761098393873,0.9625129,-9.635897,-1.4847465
1761098393875,0.95772725,-9.631111,-1.4895321
1761098393877,0.9296116,-9.630513,-1.4847465
1761098393879,0.9487542,-9.616156,-1.4799608
1761098393882,0.92482597,-9.601799,-1.4608182
1761098393884,0.8961121,-9.615558,-1.4416757
1761098393886,0.8775677,-9.610174,-1.4560326
1761098393889,0.87278205,-9.610174,-1.4327025
1761098393891,0.8350951,-9.585648,-1.4327025
1761098393893,0.8255238,-9.590433,-1.41356
1761098393896,0.8117651,-9.565907,-1.41356
1761098393898,0.83030945,-9.5760765,-1.4279169
1761098393900,0.8255238,-9.580862,-1.4087744
1761098393902,0.82612205,-9.561719,-1.4183456
1761098393904,0.85842514,-9.595817,-1.4087744
1761098393907,0.87338024,-9.586246,-1.4231312
1761098393909,0.8877372,-9.576674,-1.4231312
1761098393912,0.90149593,-9.582058,-1.4327025
1761098393913,0.91166544,-9.553345,-1.4183456
1761098393916,0.91166544,-9.543773,-1.4374882
1761098393918,0.907478,-9.534202,-1.4470595
1761098393920,0.91226363,-9.529416,-1.4470595
1761098393923,0.9170493,-9.515059,-1.4518452
1761098393925,0.9409775,-9.520443,-1.4422739
1761098393928,0.95054877,-9.515657,-1.4566308
1761098393929,0.9451649,-9.549157,-1.4374882
1761098393932,0.96430755,-9.5252285,-1.4518452
1761098393934,0.9738788,-9.5353985,-1.4608182
1761098393936,0.9595219,-9.544372,-1.4703895
1761098393938,0.9732806,-9.559326,-1.4656038
1761098393941,0.991825,-9.573684,-1.4608182
1761098393943,1.0019945,-9.559326,-1.4895321
1761098393945,1.006182,-9.579067,-1.4847465
1761098393947,0.9924232,-9.554541,-1.4751751
1761098393950,0.99720883,-9.559326,-1.4895321
1761098393952,0.9828519,-9.540184,-1.4799608
1761098393954,0.97806627,-9.568898,-1.4943178
1761098393956,0.95473623,-9.549157,-1.5086746
1761098393959,0.9212367,-9.538987,-1.5086746
1761098393961,0.91166544,-9.55813,-1.5038891
1761098393963,0.9164511,-9.55813,-1.4895321
1761098393965,0.88295156,-9.576674,-1.5086746
1761098393967,0.86859465,-9.586246,-1.5038891
1761098393970,0.863809,-9.586246,-1.5038891
1761098393972,0.84406817,-9.60479,-1.4991034
1761098393974,0.8063812,-9.594621,-1.4943178
1761098393977,0.782453,-9.608379,-1.4799608
1761098393979,0.77766734,-9.613165,-1.4799608
1761098393981,0.7537391,-9.613165,-1.4799608
1761098393983,0.7585248,-9.603594,-1.4608182
1761098393985,0.77826554,-9.589237,-1.4464613
1761098393988,0.77347994,-9.589237,-1.451247
1761098393990,0.7585248,-9.608379,-1.4560326
1761098393992,0.76331043,-9.622736,-1.451247
1761098393994,0.8111669,-9.594621,-1.4560326
1761098393997,0.83030945,-9.600004,-1.4751751
1761098393999,0.8392825,-9.60479,-1.4560326
1761098394001,0.86859465,-9.58146,-1.4464613
1761098394004,0.8679964,-9.595817,-1.4703895
1761098394006,0.8967103,-9.605987,-1.4464613
1761098394008,0.91525465,-9.605987,-1.4656038
1761098394011,0.94396853,-9.620942,-1.4703895
1761098394013,0.9768698,-9.635897,-1.4799608
1761098394015,0.9810573,-9.660423,-1.4608182
1761098394017,1.0097711,-9.650852,-1.5032908
1761098394019,1.0187442,-9.689735,-1.4937196
1761098394021,1.0097711,-9.665209,-1.5080764
1761098394024,0.99960166,-9.67478,-1.5128621
1761098394026,0.98584294,-9.669994,-1.5128621
1761098394029,0.9619147,-9.669396,-1.5176477
1761098394031,0.95712906,-9.674182,-1.5032908
1761098394033,0.9284152,-9.683155,-1.4937196
1761098394035,0.90508515,-9.658628,-1.4703895
1761098394037,0.90508515,-9.644272,-1.4847465
1761098394039,0.8536395,-9.61496,-1.4656038
1761098394042,0.8392825,-9.60479,-1.4703895
1761098394044,0.8249256,-9.619147,-1.451247
1761098394046,0.8207382,-9.595219,-1.4279169
1761098394048,0.8063812,-9.604192,-1.4231312
1761098394051,0.81595254,-9.595219,-1.4087744
1761098394053,0.8111669,-9.599406,-1.4183456
1761098394055,0.81595254,-9.60479,-1.4039887
1761098394058,0.8392825,-9.60479,-1.3944174
1761098394060,0.82971126,-9.614362,-1.4039887
1761098394062,0.85842514,-9.605389,-1.3800604
1761098394064,0.8632108,-9.619745,-1.3896317
1761098394067,0.8817552,-9.625129,-1.3704891
1761098394069,0.8775677,-9.600603,-1.3848461
1761098394071,0.9056834,-9.620343,-1.3704891
1761098394074,0.91525465,-9.61137,-1.3471591
1761098394076,0.9200403,-9.625728,-1.3704891
1761098394078,0.9290134,-9.64487,-1.3752748
1761098394080,0.9290134,-9.64487,-1.3513466
1761098394082,0.91465646,-9.64487,-1.3609179
1761098394084,0.9098708,-9.664013,-1.3752748
1761098394087,0.9242278,-9.659226,-1.3657036
1761098394089,0.8865408,-9.649057,-1.3561323
1761098394092,0.87158567,-9.658628,-1.346561
1761098394094,0.8578269,-9.662816,-1.3800604
1761098394096,0.8243274,-9.647861,-1.3896317
1761098394098,0.7962117,-9.652048,-1.3609179
1761098394100,0.76331043,-9.632308,-1.3657036
1761098394103,0.7537391,-9.637094,-1.3752748
1761098394105,0.72023964,-9.631709,-1.3752748
1761098394107,0.70169526,-9.622138,-1.3609179
1761098394109,0.6873383,-9.6071825,-1.3800604
1761098394111,0.6681957,-9.616156,-1.3992031
1761098394114,0.67836523,-9.58804,-1.3896317
1761098394116,0.70169526,-9.611969,-1.4231312
1761098394118,0.7112665,-9.6071825,-1.4321043
1761098394121,0.7537391,-9.6275215,-1.4703895
1761098394123,0.78664047,-9.632906,-1.4895321
1761098394125,0.8009974,-9.6376915,-1.4985052
1761098394127,0.8530413,-9.643075,-1.527219
1761098394130,0.8578269,-9.653245,-1.5511472
1761098394132,0.8673982,-9.6580305,-1.5511472
1761098394134,0.8769695,-9.634102,-1.579263
1761098394137,0.8530413,-9.638289,-1.5840486
1761098394139,0.8249256,-9.618548,-1.5840486
1761098394141,0.8249256,-9.608977,-1.5798612
1761098394143,0.8069794,-9.57488,-1.5894325
1761098394145,0.7830512,-9.560523,-1.5702899
1761098394148,0.7405786,-9.549755,-1.5511472
1761098394150,0.73579293,-9.549755,-1.5559329
1761098394152,0.71724856,-9.521041,-1.541576
1761098394154,0.70348984,-9.491729,-1.5421742
1761098394157,0.7082755,-9.496515,-1.5182459
1761098394159,0.69930243,-9.477372,-1.4757733
1761098394161,0.72323066,-9.473185,-1.4943178
1761098394163,0.7280163,-9.47797,-1.4757733
1761098394166,0.74177504,-9.492328,-1.4709877
1761098394168,0.76630145,-9.459426,-1.480559
1761098394170,0.7890333,-9.493524,-1.4470595
1761098394172,0.8033902,-9.507881,-1.4799608
1761098394175,0.85064846,-9.52822,-1.4566308
1761098394177,0.86919284,-9.52822,-1.4614165
1761098394179,0.8883354,-9.538389,-1.4751751
1761098394182,0.9403793,-9.549157,-1.4608182
1761098394184,0.9451649,-9.549157,-1.4656038
1761098394186,0.9828519,-9.554541,-1.4470595
1761098394188,1.0067801,-9.5455675,-1.4518452
1761098394190,1.0205388,-9.564711,-1.4656038
1761098394193,1.0253245,-9.559925,-1.4518452
1761098394195,1.0390832,-9.589237,-1.4374882
1761098394197,1.052842,-9.618548,-1.4231312
1761098394200,1.0671989,-9.6376915,-1.3944174
1761098394202,1.0803595,-9.68136,-1.3992031
1761098394204,1.0660025,-9.695718,-1.3752748
1761098394206,1.0516455,-9.709476,-1.3657036
1761098394208,1.0462617,-9.742975,-1.346561
1761098394211,1.0175478,-9.747761,-1.3226327
1761098394213,0.9702896,-9.75135,-1.2993027
1761098394215,0.94636136,-9.746565,-1.2801601
1761098394217,0.8991031,-9.7501545,-1.2610176
1761098394220,0.83748794,-9.725628,-1.2424731
1761098394222,0.8422736,-9.735199,-1.2089736
1761098394224,0.8285148,-9.701101,-1.1994023
1761098394226,0.79501534,-9.695718,-1.180858
1761098394229,0.7860422,-9.68136,-1.180858
1761098394231,0.7908279,-9.690931,-1.1617154
1761098394233,0.7956135,-9.686146,-1.1569297
1761098394235,0.8237292,-9.705887,-1.1569297
1761098394238,0.81834537,-9.720243,-1.1617154
1761098394240,0.86141616,-9.726226,-1.1569297
1761098394242,0.8991031,-9.731609,-1.180858
1761098394244,0.90388876,-9.731609,-1.189831
1761098394247,0.9272188,-9.745967,-1.2281163
1761098394249,0.92303133,-9.717253,-1.2705889
1761098394252,0.93260264,-9.712467,-1.2705889
1761098394254,0.92303133,-9.712467,-1.3136597
1761098394257,0.91405827,-9.702297,-1.3369896
1761098394259,0.90448695,-9.697512,-1.3896317
1761098394260,0.90448695,-9.687941,-1.4129617
1761098394262,0.91346,-9.707084,-1.4464613
1761098394265,0.91884387,-9.697512,-1.4656038
1761098394267,0.9284152,-9.692726,-1.4937196
1761098394269,0.91346,-9.735797,-1.5032908
1761098394272,0.9176475,-9.740582,-1.5080764
1761098394274,0.9415757,-9.750752,-1.5361922
1761098394276,0.90807617,-9.764511,-1.5320047
1761098394278,0.9128618,-9.7501545,-1.564906
1761098394281,0.8895318,-9.749556,-1.550549
1761098394283,0.87996054,-9.749556,-1.541576
1761098394285,0.83748794,-9.724431,-1.5463617
1761098394287,0.8045866,-9.719048,-1.550549
1761098394290,0.78065836,-9.719048,-1.527219
1761098394292,0.7615158,-9.704092,-1.5128621
1761098394294,0.7573284,-9.680164,-1.5128621
1761098394296,0.7477571,-9.680164,-1.4985052
1761098394299,0.7435696,-9.65145,-1.4464613
1761098394301,0.73459655,-9.646067,-1.4279169
1761098394303,0.7531409,-9.641879,-1.41356
1761098394305,0.76749784,-9.641879,-1.3992031
1761098394308,0.77766734,-9.62812,-1.3848461
1761098394310,0.8153543,-9.628718,-1.3752748
1761098394312,0.8255238,-9.609575,-1.3519448
1761098394314,0.8446664,-9.58146,-1.3328022
1761098394317,0.8536395,-9.605389,-1.3280165
1761098394319,0.85842514,-9.605389,-1.308874
1761098394321,0.87278205,-9.5964155,-1.3232309
1761098394323,0.91106725,-9.606585,-1.2993027
1761098394326,0.91106725,-9.601799,-1.2951152
1761098394328,0.9206385,-9.597013,-1.3136597
1761098394330,0.92542416,-9.592228,-1.3232309
1761098394332,0.94396853,-9.62154,-1.294517
1761098394335,0.95353985,-9.611969,-1.2993027
1761098394337,0.95772725,-9.640682,-1.3136597
1761098394339,0.95772725,-9.640682,-1.3328022
1761098394341,0.94337034,-9.645468,-1.3040884
1761098394344,0.9529416,-9.65504,-1.3136597
1761098394346,0.948156,-9.645468,-1.3136597
1761098394348,0.9379865,-9.669396,-1.3232309
1761098394350,0.9385847,-9.635897,-1.3375878
1761098394353,0.9056834,-9.615558,-1.3663018
1761098394355,0.90149593,-9.601201,-1.3519448
1761098394358,0.9062816,-9.582058,-1.3519448
1761098394359,0.89730847,-9.577272,-1.375873
1761098394362,0.8925229,-9.553345,-1.3663018
1761098394364,0.89730847,-9.572487,-1.3896317
1761098394366,0.90149593,-9.5868435,-1.4279169
1761098394368,0.9068798,-9.567701,-1.4231312
1761098394371,0.9206385,-9.5868435,-1.4327025
1761098394373,0.9445667,-9.57787,-1.451247
1761098394375,0.9302098,-9.57787,-1.451247
1761098394378,0.9445667,-9.573085,-1.451247
1761098394380,0.9445667,-9.573085,-1.4799608
1761098394382,0.9403793,-9.549157,-1.4895321
1761098394384,0.9595219,-9.544372,-1.5086746
1761098394387,0.93619186,-9.524631,-1.5086746
1761098394390,0.9314062,-9.500702,-1.5230316
1761098394391,0.9314062,-9.495916,-1.5463617
1761098394393,0.90807617,-9.47139,-1.5607185
1761098394395,0.92243314,-9.466604,-1.5607185
1761098394398,0.9182457,-9.457033,-1.5607185
1761098394400,0.92303133,-9.457033,-1.5798612
1761098394402,0.93679005,-9.48156,-1.5942181
1761098394404,0.9320044,-9.466604,-1.5894325
1761098394406,0.9559326,-9.462418,-1.5894325
1761098394409,0.9415757,-9.467203,-1.5846468
1761098394411,0.95054877,-9.486345,-1.608575
1761098394413,0.97926265,-9.501301,-1.5846468
1761098394416,0.9834501,-9.5348,-1.5846468
1761098394418,0.9834501,-9.5252285,-1.5607185
1761098394420,0.9924232,-9.54497,-1.5655042
1761098394423,1.0157533,-9.574282,-1.5607185
1761098394425,1.0199406,-9.598209,-1.5655042
1761098394427,1.015155,-9.602996,-1.5702899
1761098394429,1.038485,-9.637094,-1.541576
1761098394431,1.0474582,-9.661021,-1.5696917
1761098394434,1.0660025,-9.675977,-1.5511472
1761098394436,1.0755738,-9.680762,-1.5559329
1761098394438,1.0612168,-9.699904,-1.5367904
1761098394441,1.0803595,-9.699904,-1.541576
1761098394443,1.0941181,-9.705289,-1.4985052
1761098394446,1.0707881,-9.70469,-1.4985052
1761098394447,1.0564312,-9.709476,-1.4937196
1761098394449,1.0366904,-9.73819,-1.4889339
1761098394451,1.0366904,-9.742975,-1.4697913
1761098394454,1.0175478,-9.732806,-1.451247
1761098394456,0.994816,-9.698709,-1.4273187
1761098394459,0.97567344,-9.693923,-1.422533
1761098394461,0.94755775,-9.678967,-1.41356
1761098394463,0.94755775,-9.683753,-1.4177474
1761098394465,0.9284152,-9.668798,-1.3848461
1761098394467,0.9290134,-9.635299,-1.3944174
1761098394470,0.91465646,-9.640084,-1.3800604
1761098394472,0.9242278,-9.635299,-1.3848461
1761098394474,0.93978107,-9.592228,-1.3519448
1761098394476,0.95353985,-9.597611,-1.3375878
1761098394479,0.9631111,-9.58804,-1.2993027
1761098394481,0.97806627,-9.579067,-1.3184453
1761098394483,1.0115658,-9.550353,-1.2951152
1761098394485,1.035494,-9.546165,-1.2711871
1761098394488,1.0211371,-9.546165,-1.2951152
1761098394490,1.0546366,-9.541979,-1.2807583
1761098394492,1.0450653,-9.546165,-1.2759727
1761098394495,1.0642079,-9.537193,-1.2903296
1761098394497,1.0683953,-9.541979,-1.3094722
1761098394499,1.0594223,-9.522836,-1.3232309
1761098394501,1.0683953,-9.546764,-1.3232309
1761098394504,1.0636097,-9.556335,-1.3280165
1761098394506,1.0683953,-9.55155,-1.3375878
1761098394508,1.0731809,-9.565907,-1.3663018
1761098394510,1.0588241,-9.575478,-1.3800604
1761098394513,1.0630114,-9.580264,-1.3896317
1761098394515,1.0534402,-9.594621,-1.4039887
1761098394517,1.0480564,-9.61795,-1.4183456
1761098394519,1.0336994,-9.641879,-1.41356
1761098394522,1.0283155,-9.670592,-1.4273187
1761098394524,0.9810573,-9.679565,-1.41356
1761098394526,0.97567344,-9.689137,-1.3992031
1761098394528,0.9517452,-9.717253,-1.422533
1761098394530,0.93320084,-9.693324,-1.3944174
1761098394533,0.8853444,-9.687343,-1.3848461
1761098394535,0.8428718,-9.69153,-1.3752748
1761098394537,0.82911307,-9.662218,-1.3800604
1761098394539,0.7962117,-9.647263,-1.3561323
1761098394542,0.7818548,-9.6376915,-1.3375878
1761098394544,0.78664047,-9.62812,-1.3184453
1761098394546,0.78723866,-9.613763,-1.3136597
1761098394549,0.78723866,-9.618548,-1.2993027
1761098394551,0.7686943,-9.589835,-1.2993027
1761098394553,0.7926225,-9.570692,-1.2903296
1761098394556,0.8069794,-9.571291,-1.2999009
1761098394558,0.83090764,-9.556933,-1.2855439
1761098394560,0.8356933,-9.547362,-1.2855439
1761098394562,0.8500503,-9.54796,-1.2711871
1761098394564,0.86919284,-9.552746,-1.3046865
1761098394567,0.88295156,-9.562916,-1.3280165
1761098394569,0.907478,-9.538987,-1.3328022
1761098394571,0.9206385,-9.57787,-1.3328022
1761098394574,0.90149593,-9.582058,-1.3471591
1761098394576,0.9206385,-9.573085,-1.3615161
1761098394578,0.91106725,-9.572487,-1.3704891
1761098394580,0.9200403,-9.61137,-1.41356
1761098394582,0.92482597,-9.601799,-1.4279169
1761098394585,0.9296116,-9.616156,-1.4279169
1761098394587,0.90089774,-9.629914,-1.4608182
1761098394589,0.91525465,-9.634701,-1.4703895
1761098394591,0.9098708,-9.664013,-1.4656038
1761098394594,0.91405827,-9.687941,-1.4751751
1761098394596,0.8853444,-9.696914,-1.4841483
1761098394598,0.8853444,-9.687343,-1.4937196
1761098394600,0.8566305,-9.710672,-1.4841483
1761098394603,0.8566305,-9.715458,-1.474577
1761098394605,0.85184485,-9.705887,-1.4751751
1761098394607,0.8285148,-9.695718,-1.4608182
1761098394609,0.81894356,-9.690931,-1.4841483
1761098394612,0.80997044,-9.676575,-1.4656038
1761098394614,0.8003992,-9.685548,-1.451247
1761098394616,0.8147561,-9.676575,-1.4560326
1761098394618,0.81954175,-9.676575,-1.422533
1761098394621,0.82911307,-9.662218,-1.4039887
1761098394623,0.8147561,-9.657433,-1.3896317
1761098394625,0.81954175,-9.657433,-1.3752748
1761098394628,0.8386843,-9.643674,-1.3800604
1761098394630,0.8578269,-9.643674,-1.3657036
1761098394632,0.8578269,-9.653245,-1.3328022
1761098394634,0.8530413,-9.643674,-1.3280165
1761098394637,0.84825563,-9.648459,-1.3328022
1761098394639,0.8769695,-9.634701,-1.3232309
1761098394641,0.87218386,-9.629914,-1.3423735
1761098394643,0.8913264,-9.634701,-1.3280165
1761098394646,0.90508515,-9.649655,-1.3280165
1761098394648,0.9290134,-9.654441,-1.3471591
1761098394650,0.9194421,-9.649655,-1.3471591
1761098394652,0.9200403,-9.635299,-1.3609179
1761098394655,0.9200403,-9.630513,-1.3657036
1761098394657,0.9343972,-9.620942,-1.3848461
1761098394659,0.94396853,-9.62154,-1.3752748
1761098394661,0.95353985,-9.6071825,-1.3896317
1761098394664,0.93978107,-9.592228,-1.41356
1761098394666,0.95832545,-9.592826,-1.41356
1761098394668,0.93978107,-9.57787,-1.4183456
1761098394670,0.95832545,-9.602397,-1.4231312
1761098394673,0.98644114,-9.626924,-1.4183456
1761098394675,0.9954142,-9.64128,-1.43689
1761098394677,0.9912268,-9.626924,-1.451247
1761098394679,0.98584294,-9.655638,-1.4560326
1761098394682,0.95772725,-9.650253,-1.4560326
1761098394684,0.9385847,-9.654441,-1.4608182
1761098394686,0.9194421,-9.649655,-1.451247
1761098394688,0.8913264,-9.629914,-1.4560326
1761098394691,0.87278205,-9.619745,-1.4464613
1761098394693,0.85842514,-9.61496,-1.4464613
1761098394695,0.8536395,-9.61496,-1.4464613
1761098394697,0.8679964,-9.619745,-1.4231312
1761098394700,0.85842514,-9.61496,-1.4231312
1761098394702,0.88235337,-9.610772,-1.4087744
1761098394704,0.8919246,-9.5964155,-1.4231312
1761098394706,0.887139,-9.605987,-1.4039887
1761098394709,0.91585284,-9.582058,-1.3992031
1761098394711,0.91585284,-9.577272,-1.3992031
1761098394713,0.93559366,-9.549157,-1.4087744
1761098394716,0.95473623,-9.549157,-1.3848461
1761098394718,0.9882358,-9.5353985,-1.3896317
1761098394720,0.9924232,-9.540184,-1.3944174
1761098394722,1.0019945,-9.535996,-1.3854443
1761098394724,1.0073783,-9.516854,-1.41356
1761098394727,1.0313065,-9.52164,-1.3944174
1761098394729,1.0450653,-9.522238,-1.41356
1761098394731,1.0642079,-9.527023,-1.4087744
1761098394733,1.0827522,-9.541979,-1.4183456
1761098394736,1.0827522,-9.541979,-1.3992031
1761098394738,1.0917253,-9.565907,-1.4279169
1761098394740,1.082154,-9.575478,-1.4279169
1761098394743,1.0636097,-9.565907,-1.4279169
1761098394745,1.0588241,-9.5557375,-1.4374882
1761098394747,1.0348958,-9.560523,-1.4183456
1761098394749,1.0013963,-9.569496,-1.3992031
1761098394751,0.9924232,-9.559925,-1.3992031
1761098394754,0.9589237,-9.559326,-1.4039887
1761098394756,0.93978107,-9.563514,-1.4039887
1761098394758,0.9403793,-9.558728,-1.4039887
1761098394761,0.9212367,-9.553345,-1.3992031
1761098394762,0.9206385,-9.572487,-1.4087744
1761098394765,0.9212367,-9.55813,-1.4039887
1761098394767,0.9020941,-9.55813,-1.3944174
1761098394769,0.8919246,-9.5868435,-1.3944174
1761098394772,0.8877372,-9.582058,-1.4039887
1761098394774,0.8919246,-9.5964155,-1.41356
1761098394776,0.8919246,-9.610772,-1.41356
1761098394779,0.8919246,-9.610772,-1.4183456
1761098394781,0.910469,-9.610772,-1.3992031
1761098394783,0.90089774,-9.625129,-1.4087744
1761098394785,0.8530413,-9.643674,-1.41356
1761098394788,0.8673982,-9.629316,-1.41356
1761098394790,0.8673982,-9.634102,-1.4464613
1761098394792,0.8530413,-9.634102,-1.451247
1761098394794,0.82971126,-9.619147,-1.451247
1761098394797,0.8392825,-9.628718,-1.451247
1761098394799,0.80578303,-9.618548,-1.4560326
1761098394801,0.82013994,-9.619147,-1.4656038
1761098394803,0.81595254,-9.608977,-1.4608182
1761098394806,0.82013994,-9.614362,-1.4464613
1761098394808,0.8344969,-9.619147,-1.451247
1761098394810,0.82971126,-9.609575,-1.4560326
1761098394813,0.8542377,-9.590433,-1.4560326
1761098394815,0.8775677,-9.591031,-1.4464613
1761098394817,0.87278205,-9.619745,-1.43689
1761098394819,0.8913264,-9.620343,-1.4279169
1761098394821,0.9056834,-9.620343,-1.4087744
1761098394824,0.91525465,-9.635299,-1.41356
1761098394826,0.9242278,-9.64487,-1.4039887
1761098394828,0.94337034,-9.650253,-1.3992031
1761098394830,0.91525465,-9.630513,-1.3896317
1761098394833,0.92482597,-9.630513,-1.3752748
1761098394835,0.91465646,-9.659226,-1.3704891
1761098394838,0.8865408,-9.649057,-1.3471591
1761098394840,0.9098708,-9.64487,-1.3184453
1761098394842,0.8859426,-9.653843,-1.3184453
1761098394844,0.8673982,-9.658628,-1.3136597
1761098394846,0.89072824,-9.668798,-1.3040884
1761098394848,0.87158567,-9.6682,-1.308874
1761098394851,0.87637126,-9.6682,-1.2993027
1761098394853,0.87158567,-9.687343,-1.2616158
1761098394855,0.8662018,-9.725628,-1.2849457
1761098394857,0.86560357,-9.735199,-1.2897314
1761098394860,0.86081797,-9.735199,-1.2897314
1761098394862,0.86560357,-9.730413,-1.294517
1761098394864,0.8751749,-9.7501545,-1.308874
1761098394866,0.86560357,-9.763913,-1.3274183
1761098394869,0.8751749,-9.730413,-1.3136597
1761098394871,0.8662018,-9.71127,-1.3136597
1761098394873,0.8757731,-9.71127,-1.3280165
1761098394875,0.8709874,-9.71127,-1.3136597
1761098394878,0.8757731,-9.706485,-1.3280165
1761098394880,0.8668,-9.687343,-1.3561323
1761098394882,0.8811569,-9.687343,-1.3513466
1761098394884,0.89491564,-9.687941,-1.3704891
1761098394887,0.9092726,-9.697512,-1.3944174
1761098394889,0.91884387,-9.6783695,-1.3992031
1761098394891,0.9236295,-9.673584,-1.3944174
1761098394893,0.9194421,-9.668798,-1.4321043
1761098394896,0.9194421,-9.654441,-1.4087744
1761098394898,0.91525465,-9.635299,-1.4273187
1761098394900,0.91525465,-9.605987,-1.4416757
1761098394902,0.8967103,-9.5964155,-1.4279169
1761098394905,0.90149593,-9.59163,-1.4416757
1761098394907,0.887139,-9.58146,-1.4416757
1761098394910,0.8679964,-9.591031,-1.41356
1761098394912,0.88295156,-9.562318,-1.4231312
1761098394914,0.9062816,-9.582058,-1.4279169
1761098394916,0.9068798,-9.572487,-1.4087744
1761098394918,0.92542416,-9.582657,-1.3944174
1761098394920,0.9343972,-9.597013,-1.3896317
1761098394923,0.9349955,-9.587442,-1.3800604
1761098394925,0.94396853,-9.602397,-1.3663018
1761098394927,0.9391829,-9.61137,-1.3615161
1761098394929,0.9391829,-9.616755,-1.3471591
1761098394931,0.9200403,-9.61137,-1.3567305
1761098394934,0.9343972,-9.631111,-1.3328022
1761098394937,0.94337034,-9.640682,-1.3423735
1761098394939,0.933799,-9.650253,-1.3519448
1761098394941,0.9194421,-9.664013,-1.3423735
1761098394943,0.90089774,-9.640084,-1.3328022
1761098394945,0.9098708,-9.664013,-1.3328022
1761098394948,0.90089774,-9.635299,-1.3280165
1761098394950,0.87158567,-9.663414,-1.3328022
1761098394951,0.86261255,-9.653843,-1.3136597
1761098394954,0.84347,-9.672387,-1.3040884
1761098394956,0.83389866,-9.667602,-1.3375878
1761098394958,0.80518484,-9.676575,-1.3280165
1761098394961,0.81894356,-9.690931,-1.3375878
1761098394963,0.8003992,-9.662218,-1.3375878
1761098394965,0.80518484,-9.671789,-1.3609179
1761098394967,0.8003992,-9.671789,-1.346561
1761098394970,0.80518484,-9.667004,-1.3471591
1761098394972,0.8243274,-9.667004,-1.3752748
1761098394974,0.81954175,-9.676575,-1.3848461
1761098394977,0.83389866,-9.671789,-1.4177474
1761098394979,0.82911307,-9.657433,-1.41356
1761098394981,0.83389866,-9.652647,-1.4039887
1761098394983,0.8344969,-9.638289,-1.41356
1761098394986,0.84825563,-9.648459,-1.41356
1761098394988,0.8673982,-9.629316,-1.4231312
1761098394990,0.87278205,-9.619745,-1.4087744
1761098394992,0.8769695,-9.639486,-1.4039887
1761098394994,0.8769695,-9.634701,-1.41356
1761098394997,0.8865408,-9.620343,-1.41356
1761098394999,0.9062816,-9.605987,-1.4231312
1761098395001,0.8967103,-9.601201,-1.4279169
1761098395003,0.8967103,-9.5964155,-1.4327025
1761098395006,0.887139,-9.59163,-1.4183456
1761098395008,0.8967103,-9.601201,-1.4279169
1761098395011,0.87278205,-9.591031,-1.4087744
1761098395012,0.88235337,-9.595817,-1.4183456
1761098395015,0.863809,-9.58146,-1.41356
1761098395017,0.87278205,-9.595817,-1.4231312
1761098395019,0.8542377,-9.586246,-1.4087744
1761098395022,0.8446664,-9.590433,-1.4039887
1761098395024,0.849452,-9.580862,-1.3992031
1761098395027,0.849452,-9.5760765,-1.4087744
1761098395028,0.8446664,-9.5760765,-1.4087744
1761098395031,0.8542377,-9.576674,-1.4183456
1761098395033,0.85902333,-9.58146,-1.3896317
1761098395035,0.863809,-9.576674,-1.3896317
1761098395037,0.849452,-9.586246,-1.3848461
1761098395040,0.8781659,-9.571889,-1.3896317
1761098395042,0.88235337,-9.59163,-1.4039887
1761098395044,0.863809,-9.58146,-1.4039887
1761098395046,0.8775677,-9.586246,-1.4039887
1761098395049,0.8775677,-9.610772,-1.3896317
1761098395051,0.8775677,-9.610772,-1.3752748
1761098395053,0.8775677,-9.595817,-1.3944174
1761098395056,0.8775677,-9.591031,-1.3896317
1761098395058,0.85842514,-9.595817,-1.3848461
1761098395060,0.8632108,-9.595817,-1.4039887
1761098395062,0.863809,-9.586246,-1.4039887
1761098395065,0.863809,-9.586246,-1.3896317
1761098395067,0.83988076,-9.600004,-1.4039887
1761098395069,0.8255238,-9.595219,-1.3992031
1761098395071,0.82971126,-9.609575,-1.3896317
1761098395074,0.81954175,-9.647861,-1.3800604
1761098395076,0.8009974,-9.643075,-1.3704891
1761098395078,0.80578303,-9.647861,-1.3657036
1761098395080,0.7962117,-9.652048,-1.3800604
1761098395082,0.80518484,-9.671789,-1.3800604
1761098395085,0.76689965,-9.690333,-1.3752748
1761098395087,0.7818548,-9.656834,-1.3704891
1761098395089,0.7908279,-9.666406,-1.3848461
1761098395092,0.7573284,-9.675379,-1.3752748
1761098395094,0.77647096,-9.685548,-1.3848461
1761098395096,0.75254273,-9.675379,-1.3752748
1761098395098,0.76271224,-9.666406,-1.3800604
1761098395101,0.76271224,-9.656834,-1.3657036
1761098395103,0.77706915,-9.656834,-1.3800604
1761098395105,0.76271224,-9.641879,-1.3800604
1761098395107,0.7956135,-9.661619,-1.3800604
1761098395110,0.79142606,-9.652048,-1.3896317
1761098395112,0.7962117,-9.6376915,-1.3704891
1761098395114,0.7962117,-9.62812,-1.3609179
1761098395116,0.8249256,-9.628718,-1.3704891
1761098395119,0.80578303,-9.633504,-1.3657036
1761098395121,0.8392825,-9.619745,-1.3561323
1761098395123,0.8488538,-9.624531,-1.3609179
1761098395125,0.8536395,-9.624531,-1.3471591
1761098395128,0.8769695,-9.649057,-1.3513466
1761098395130,0.8859426,-9.663414,-1.346561
1761098395132,0.8769695,-9.653843,-1.3328022
1761098395134,0.8859426,-9.653843,-1.3280165
1761098395137,0.89072824,-9.673584,-1.3136597
1761098395139,0.89491564,-9.683155,-1.3136597
1761098395141,0.9092726,-9.697512,-1.2993027
1761098395143,0.89491564,-9.697512,-1.294517
1761098395146,0.8757731,-9.696914,-1.2801601
1761098395148,0.85244304,-9.696914,-1.2705889
1761098395150,0.84765744,-9.672985,-1.2424731
1761098395152,0.8285148,-9.681958,-1.2376875
1761098395155,0.81954175,-9.672387,-1.2281163
1761098395157,0.8009974,-9.643075,-1.2424731
1761098395159,0.8063812,-9.614362,-1.2143575
1761098395161,0.8153543,-9.633504,-1.218545
1761098395164,0.80578303,-9.623933,-1.2281163
1761098395166,0.8153543,-9.629316,-1.2047862
1761098395168,0.8105687,-9.623933,-1.218545
1761098395171,0.8105687,-9.633504,-1.2137593
1761098395173,0.8386843,-9.643674,-1.2233306
1761098395175,0.86261255,-9.634701,-1.2095718
1761098395177,0.8530413,-9.639486,-1.218545
1761098395180,0.86261255,-9.634701,-1.2376875
1761098395182,0.8817552,-9.629914,-1.2424731
1761098395184,0.8673982,-9.639486,-1.2472588
1761098395186,0.8578269,-9.649057,-1.2568301
1761098395188,0.8578269,-9.638887,-1.2993027
1761098395191,0.87278205,-9.620343,-1.2993027
1761098395193,0.8679964,-9.625129,-1.3328022
1761098395196,0.85842514,-9.629316,-1.3375878
1761098395197,0.8344969,-9.619147,-1.3609179
1761098395200,0.8386843,-9.638887,-1.3375878
1761098395202,0.83389866,-9.643674,-1.3561323
1761098395204,0.8249256,-9.633504,-1.3704891
1761098395207,0.82013994,-9.633504,-1.3704891
1761098395209,0.8249256,-9.643075,-1.3657036
1761098395211,0.82013994,-9.623933,-1.3896317
1761098395214,0.82013994,-9.638289,-1.3992031
1761098395216,0.8147561,-9.652647,-1.41356
1761098395218,0.81954175,-9.647861,-1.4039887
1761098395220,0.80997044,-9.667004,-1.4321043
1761098395222,0.82971126,-9.633504,-1.41356
1761098395224,0.8530413,-9.6580305,-1.4321043
1761098395227,0.86261255,-9.6580305,-1.451247
1761098395229,0.8530413,-9.662816,-1.4416757
1761098395231,0.87637126,-9.663414,-1.4464613
1761098395233,0.86261255,-9.653245,-1.4416757
1761098395236,0.8673982,-9.648459,-1.4656038
1761098395238,0.8865408,-9.644272,-1.4656038
1761098395240,0.8673982,-9.643674,-1.4608182
1761098395242,0.87218386,-9.624531,-1.4656038
1761098395245,0.8632108,-9.619745,-1.4703895
1761098395247,0.8632108,-9.610174,-1.4799608
1761098395249,0.87278205,-9.610174,-1.4799608
1761098395251,0.8769695,-9.619745,-1.4608182
1761098395254,0.8919246,-9.610772,-1.4751751
1761098395256,0.87218386,-9.624531,-1.43689
1761098395258,0.8632108,-9.610174,-1.4464613
1761098395261,0.87278205,-9.600603,-1.4279169
1761098395263,0.88235337,-9.591031,-1.4416757
1761098395265,0.87278205,-9.595817,-1.4231312
1761098395267,0.8919246,-9.59163,-1.4183456
1761098395270,0.88235337,-9.59163,-1.3992031
1761098395272,0.8919246,-9.605987,-1.4039887
1761098395274,0.90149593,-9.605987,-1.4039887
1761098395276,0.887139,-9.601201,-1.3992031
1761098395278,0.91585284,-9.601799,-1.3800604
1761098395281,0.90149593,-9.601201,-1.4183456
1761098395283,0.90089774,-9.615558,-1.3944174
1761098395285,0.9056834,-9.635299,-1.3848461
1761098395287,0.9200403,-9.620942,-1.3848461
1761098395290,0.9098708,-9.64487,-1.3609179
1761098395292,0.9098708,-9.654441,-1.3609179
1761098395294,0.9290134,-9.654441,-1.3561323
1761098395296,0.9098708,-9.659226,-1.3513466
1761098395300,0.8811569,-9.658628,-1.3609179
1761098395302,0.8817552,-9.629914,-1.3561323
1761098395303,0.86261255,-9.643674,-1.3471591
1761098395306,0.85842514,-9.619745,-1.3471591
1761098395308,0.82013994,-9.623933,-1.3423735
1761098395310,0.81595254,-9.585648,-1.3328022
1761098395312,0.83090764,-9.552148,-1.3328022
1761098395315,0.8207382,-9.585648,-1.3136597
1761098395317,0.82612205,-9.571291,-1.308874
1761098395319,0.84047896,-9.552148,-1.308874
1761098395321,0.8781659,-9.562916,-1.3136597
1761098395324,0.8781659,-9.553345,-1.3184453
1761098395326,0.91166544,-9.548559,-1.3328022
1761098395328,0.930808,-9.558728,-1.3232309
1761098395331,0.9403793,-9.549157,-1.3280165
1761098395333,0.93559366,-9.553943,-1.3567305
1761098395335,0.9732806,-9.578469,-1.3615161
1761098395337,0.95353985,-9.58804,-1.3752748
1761098395339,0.96849495,-9.564112,-1.3710874
1761098395342,0.9589237,-9.554541,-1.3800604
1761098395344,0.96849495,-9.559326,-1.3800604
1761098395346,0.9589237,-9.568898,-1.3752748
1761098395349,0.9589237,-9.564112,-1.3800604
1761098395351,0.9774681,-9.578469,-1.4039887
1761098395353,0.9774681,-9.597611,-1.3848461
1761098395355,0.9487542,-9.592826,-1.3944174
1761098395358,0.9487542,-9.597611,-1.3992031
1761098395360,0.94396853,-9.611969,-1.3800604
1761098395362,0.9385847,-9.631111,-1.3704891
1761098395364,0.933799,-9.65504,-1.3561323
1761098395367,0.933799,-9.645468,-1.3423735
1761098395369,0.9385847,-9.65504,-1.3513466
1761098395371,0.94337034,-9.650253,-1.3328022
1761098395374,0.933799,-9.650253,-1.3280165
1761098395376,0.9385847,-9.645468,-1.3513466
1761098395378,0.9290134,-9.64487,-1.3375878
1761098395380,0.9242278,-9.649655,-1.3471591
1761098395383,0.90089774,-9.640084,-1.3328022
1761098395384,0.8913264,-9.620343,-1.3471591
1761098395387,0.88235337,-9.605987,-1.3328022
1761098395389,0.90149593,-9.605987,-1.3328022
1761098395391,0.8967103,-9.610772,-1.3232309
1761098395393,0.91525465,-9.616156,-1.3423735
1761098395396,0.910469,-9.61137,-1.3423735
1761098395399,0.90089774,-9.610772,-1.3609179
1761098395400,0.9206385,-9.597013,-1.3615161
1761098395402,0.9296116,-9.616156,-1.3328022
1761098395405,0.9200403,-9.606585,-1.3471591
1761098395408,0.9343972,-9.601799,-1.3567305
1761098395410,0.9302098,-9.582657,-1.3704891
1761098395412,0.9302098,-9.587442,-1.3615161
1761098395414,0.9445667,-9.57787,-1.3800604
1761098395417,0.9349955,-9.573085,-1.41356
1761098395419,0.95413804,-9.578469,-1.3944174
1761098395421,0.9349955,-9.582657,-1.41356
1761098395424,0.9349955,-9.568299,-1.4183456
1761098395425,0.93978107,-9.587442,-1.4464613
1761098395428,0.9206385,-9.567701,-1.451247
1761098395430,0.9206385,-9.567701,-1.4422739
1761098395432,0.9068798,-9.553345,-1.4703895
1761098395435,0.8979067,-9.538389,-1.4703895
1761098395437,0.8787641,-9.528818,-1.4703895
1761098395439,0.88354975,-9.543175,-1.4608182
1761098395441,0.88295156,-9.557532,-1.4656038
1761098395443,0.86919284,-9.552746,-1.4895321
1761098395445,0.8596215,-9.552148,-1.4943178
1761098395448,0.86859465,-9.571889,-1.4943178
1761098395450,0.86859465,-9.567103,-1.4751751
1761098395452,0.863809,-9.567103,-1.4751751
1761098395454,0.8542377,-9.5665045,-1.4847465
1761098395457,0.87338024,-9.571889,-1.4703895
1761098395458,0.8787641,-9.54796,-1.4799608
1761098395461,0.85483587,-9.542577,-1.4703895
1761098395463,0.863809,-9.557532,-1.4608182
1761098395466,0.86919284,-9.552746,-1.4470595
1761098395468,0.8739785,-9.528818,-1.4656038
1761098395470,0.86979103,-9.518648,-1.4608182
1761098395472,0.86979103,-9.513863,-1.4608182
1761098395474,0.8703892,-9.485149,-1.4470595
1761098395477,0.86560357,-9.485149,-1.4279169
1761098395479,0.8602197,-9.509077,-1.4231312
1761098395481,0.8745767,-9.5048895,-1.4279169
1761098395483,0.8739785,-9.533604,-1.4183456
1761098395486,0.89312106,-9.519247,-1.3992031
1761098395488,0.91226363,-9.534202,-1.375873
1761098395490,0.9068798,-9.562916,-1.3615161
1761098395493,0.9020941,-9.548559,-1.3615161
1761098395495,0.9206385,-9.573085,-1.3423735
1761098395497,0.92542416,-9.582657,-1.3328022
1761098395499,0.91106725,-9.597013,-1.3232309
1761098395501,0.9062816,-9.587442,-1.3328022
1761098395503,0.887139,-9.5964155,-1.294517
1761098395506,0.863809,-9.586246,-1.294517
1761098395508,0.84047896,-9.562318,-1.2807583
1761098395511,0.849452,-9.571889,-1.2664014
1761098395513,0.8350951,-9.571889,-1.2807583
1761098395515,0.85902333,-9.567103,-1.2759727
1761098395517,0.8542377,-9.567103,-1.2855439
1761098395519,0.88295156,-9.577272,-1.2759727
1761098395522,0.87278205,-9.59163,-1.2807583
1761098395524,0.88235337,-9.5868435,-1.2759727
1761098395526,0.8961121,-9.616156,-1.2849457
1761098395529,0.9056834,-9.61137,-1.3040884
1761098395531,0.8967103,-9.610772,-1.308874
1761098395533,0.8961121,-9.620343,-1.3136597
1761098395536,0.91525465,-9.616156,-1.3328022
1761098395537,0.9200403,-9.616156,-1.3519448
1761098395540,0.91525465,-9.625728,-1.3657036
1761098395542,0.9385847,-9.640682,-1.3944174
1761098395544,0.9619147,-9.65504,-1.4177474
1761098395546,0.9379865,-9.664611,-1.4273187
1761098395549,0.9379865,-9.678967,-1.4177474
1761098395551,0.94695956,-9.712467,-1.4129617
1761098395553,0.9607183,-9.722636,-1.422533
1761098395556,0.951147,-9.745967,-1.4464613
1761098395558,0.9696914,-9.75135,-1.4177474
1761098395560,0.9553344,-9.765707,-1.4321043
1761098395562,0.96430755,-9.799207,-1.43689
1761098395565,0.97866446,-9.799805,-1.4273187
1761098395567,0.96849495,-9.827921,-1.4321043
1761098395569,0.96849495,-9.827921,-1.4033905
1761098395571,0.9732806,-9.83809,-1.3794622
1761098395574,0.9445667,-9.866206,-1.3651053
1761098395576,0.9493524,-9.842278,-1.346561
1761098395578,0.9206385,-9.861421,-1.3130615
1761098395580,0.9026923,-9.817751,-1.3034902
1761098395583,0.8979067,-9.793823,-1.2801601
1761098395585,0.88354975,-9.798011,-1.2658032
1761098395587,0.8315059,-9.783055,-1.2376875
1761098395589,0.82731843,-9.77827,-1.2233306
1761098395591,0.8177471,-9.753743,-1.2089736
1761098395594,0.8279166,-9.74477,-1.1946167
1761098395596,0.82313097,-9.734601,-1.1994023
1761098395598,0.82313097,-9.749556,-1.189831
1761098395601,0.8135597,-9.725029,-1.189831
1761098395603,0.8045866,-9.696316,-1.1946167
1761098395605,0.80937225,-9.69153,-1.2089736
1761098395607,0.80997044,-9.681958,-1.218545
1761098395610,0.8380861,-9.681958,-1.2376875
1761098395612,0.86261255,-9.653843,-1.2801601
1761098395614,0.87218386,-9.639486,-1.3040884
1761098395616,0.8769695,-9.634701,-1.3232309
1761098395619,0.8769695,-9.629914,-1.3609179
1761098395621,0.8865408,-9.634701,-1.3896317
1761098395623,0.910469,-9.620942,-1.4039887
1761098395626,0.90089774,-9.610772,-1.41356
1761098395628,0.92482597,-9.616156,-1.4608182
1761098395630,0.9296116,-9.597013,-1.4751751
1761098395632,0.91585284,-9.59163,-1.5038891
1761098395634,0.92542416,-9.582058,-1.5128621
1761098395637,0.93978107,-9.573085,-1.5320047
1761098395639,0.92542416,-9.562916,-1.527219
1761098395641,0.930808,-9.553345,-1.5463617
1761098395643,0.9164511,-9.553345,-1.5463617
1761098395646,0.9020941,-9.538389,-1.5367904
1761098395651,0.88354975,-9.524033,-1.5463617
1761098395651,0.89371926,-9.5048895,-1.5278172
1761098395654,0.87936234,-9.509077,-1.527219
1761098395655,0.8602197,-9.49472,-1.5134603
1761098395657,0.8650054,-9.509077,-1.4895321
1761098395659,0.8739785,-9.519247,-1.4703895
1761098395662,0.8883354,-9.524033,-1.4422739
1761098395664,0.8745767,-9.514461,-1.4279169
1761098395666,0.87338024,-9.552746,-1.4087744
1761098395668,0.8925229,-9.55813,-1.3992031
1761098395670,0.8967103,-9.577272,-1.3896317
1761098395673,0.8919246,-9.59163,-1.3423735
1761098395675,0.90149593,-9.601201,-1.3280165
1761098395677,0.92482597,-9.616156,-1.3280165
1761098395680,0.91525465,-9.606585,-1.3040884
1761098395682,0.8913264,-9.615558,-1.2849457
1761098395684,0.887139,-9.5964155,-1.2993027
1761098395686,0.8781659,-9.577272,-1.2664014
1761098395689,0.8781659,-9.582058,-1.294517
1761098395691,0.85483587,-9.557532,-1.2664014
1761098395693,0.8596215,-9.538389,-1.2664014
1761098395695,0.85902333,-9.562318,-1.2616158
1761098395698,0.8644072,-9.552746,-1.2664014
1761098395700,0.8644072,-9.552746,-1.2711871
1761098395702,0.88354975,-9.548559,-1.2759727
1761098395704,0.89730847,-9.562916,-1.2951152
1761098395706,0.9164511,-9.563514,-1.2759727
1761098395709,0.91106725,-9.587442,-1.2759727
1761098395711,0.9296116,-9.606585,-1.3136597
1761098395713,0.9487542,-9.616755,-1.3232309
1761098395716,0.9487542,-9.62154,-1.3328022
1761098395718,0.9768698,-9.636495,-1.3513466
1761098395720,0.9667004,-9.650253,-1.3896317
1761098395722,0.9906286,-9.650852,-1.3992031
1761098395724,0.99003035,-9.67478,-1.43689
1761098395727,0.99003035,-9.679565,-1.4464613
1761098395729,0.994816,-9.669994,-1.451247
1761098395731,1.0043873,-9.684352,-1.4703895
1761098395734,0.9804591,-9.693923,-1.4841483
1761098395736,0.99003035,-9.689137,-1.4703895
1761098395738,0.98943216,-9.717851,-1.4793626
1761098395740,0.97926265,-9.75135,-1.5080764
1761098395742,0.9936196,-9.766306,-1.4889339
1761098395745,0.99302137,-9.780663,-1.4793626
1761098395747,1.0025927,-9.790234,-1.4554343
1761098395750,0.9882358,-9.795019,-1.4554343
1761098395752,0.9738788,-9.794421,-1.4506488
1761098395754,0.9732806,-9.81835,-1.4506488
1761098395756,0.9403793,-9.81835,-1.4177474
1761098395759,0.9403793,-9.798609,-1.4129617
1761098395761,0.9314062,-9.779466,-1.4081762
1761098395763,0.9128618,-9.769895,-1.3800604
1761098395765,0.9176475,-9.741181,-1.3800604
1761098395768,0.92303133,-9.717253,-1.3609179
1761098395770,0.9236295,-9.668798,-1.3609179
1761098395772,0.9242278,-9.659226,-1.3280165
1761098395775,0.9242278,-9.635299,-1.3280165
1761098395777,0.94337034,-9.635897,-1.3328022
1761098395779,0.95832545,-9.592826,-1.3328022
1761098395781,0.96849495,-9.578469,-1.3657036
1761098395784,0.9589237,-9.559326,-1.3328022
1761098395786,0.96849495,-9.554541,-1.3615161
1761098395787,0.9738788,-9.540184,-1.3710874
1761098395790,1.0157533,-9.564711,-1.3752748
1761098395792,1.0259227,-9.550353,-1.4087744
1761098395794,1.0253245,-9.565309,-1.3992031
1761098395796,1.0253245,-9.560523,-1.4039887
1761098395799,1.0253245,-9.555139,-1.4374882
1761098395801,1.0211371,-9.555139,-1.4656038
1761098395803,1.0157533,-9.559925,-1.4799608
1761098395805,1.0115658,-9.555139,-1.4895321
1761098395808,0.9876375,-9.54497,-1.4991034
1761098395810,0.95054877,-9.515657,-1.5367904
1761098395812,0.93559366,-9.543773,-1.541576
1761098395814,0.92183495,-9.495916,-1.5278172
1761098395817,0.90329057,-9.500104,-1.5230316
1761098395819,0.8895318,-9.47139,-1.5278172
1761098395821,0.86081797,-9.480363,-1.5278172
1761098395824,0.8560323,-9.470792,-1.5086746
1761098395826,0.8703892,-9.461221,-1.4991034
1761098395828,0.8703892,-9.470792,-1.4847465
1761098395830,0.8650054,-9.49472,-1.4751751
1761098395832,0.86081797,-9.461221,-1.4566308
1761098395835,0.87936234,-9.5048895,-1.4231312
1761098395837,0.88414794,-9.500104,-1.4183456
1761098395839,0.88354975,-9.519247,-1.4183456
1761098395842,0.8787641,-9.524033,-1.3992031
1761098395844,0.8787641,-9.533604,-1.3896317
1761098395846,0.89730847,-9.553345,-1.3800604
1761098395848,0.8877372,-9.562916,-1.3615161
1761098395851,0.9020941,-9.55813,-1.3423735
1761098395853,0.91226363,-9.534202,-1.3375878
1761098395855,0.9068798,-9.553345,-1.3423735
1761098395857,0.9164511,-9.553943,-1.3471591
1761098395860,0.9164511,-9.568299,-1.3519448
1761098395862,0.9493524,-9.568898,-1.3519448
1761098395864,0.9487542,-9.597611,-1.3567305
1761098395866,0.96729857,-9.616755,-1.3471591
1761098395869,0.9720842,-9.631111,-1.3848461
1761098395871,0.95772725,-9.645468,-1.3561323
1761098395874,0.94337034,-9.650253,-1.3752748
1761098395876,0.9523434,-9.669396,-1.4039887
1761098395879,0.9523434,-9.669396,-1.3800604
1761098395880,0.9284152,-9.6783695,-1.3848461
1761098395882,0.9284152,-9.6783695,-1.4039887
1761098395885,0.91884387,-9.687941,-1.3896317
1761098395887,0.91884387,-9.692726,-1.4273187
1761098395889,0.89491564,-9.696914,-1.4081762
1761098395891,0.9092726,-9.683155,-1.3944174
1761098395894,0.90508515,-9.668798,-1.4177474
1761098395896,0.90029955,-9.673584,-1.3992031
1761098395898,0.8997013,-9.697512,-1.3800604
1761098395901,0.91405827,-9.687941,-1.3848461
1761098395903,0.927817,-9.707682,-1.3752748
1761098395905,0.93260264,-9.712467,-1.3752748
1761098395907,0.9379865,-9.683753,-1.3752748
1761098395909,0.95653087,-9.702896,-1.3704891
1761098395911,0.9379865,-9.688539,-1.3513466
1761098395914,0.9619147,-9.679565,-1.3609179
1761098395916,0.971486,-9.655638,-1.3513466
1761098395918,0.96729857,-9.650852,-1.3423735
1761098395921,0.9720842,-9.64128,-1.3513466
1761098395923,0.95353985,-9.62154,-1.3657036
1761098395925,0.96789676,-9.6071825,-1.3752748
1761098395927,0.9774681,-9.592826,-1.3657036
1761098395930,0.9726824,-9.597611,-1.3704891
1761098395932,0.9870393,-9.598209,-1.3848461
1761098395934,0.96789676,-9.58804,-1.3657036
1761098395936,0.95832545,-9.6071825,-1.3848461
1761098395939,0.9774681,-9.592826,-1.3704891
1761098395941,0.9631111,-9.592826,-1.3992031
1761098395943,0.9493524,-9.582657,-1.3992031
1761098395945,0.9637093,-9.564112,-1.3944174
1761098395948,0.9206385,-9.568299,-1.41356
1761098395950,0.91106725,-9.5868435,-1.4183456
1761098395953,0.8925229,-9.55813,-1.4231312
1761098395955,0.88295156,-9.54796,-1.4327025
1761098395957,0.8877372,-9.567103,-1.451247
1761098395959,0.8925229,-9.567103,-1.4799608
1761098395961,0.8877372,-9.576674,-1.4751751
1761098395963,0.8781659,-9.576674,-1.4751751
1761098395965,0.8919246,-9.586246,-1.4847465
1761098395967,0.88235337,-9.58146,-1.5080764
1761098395970,0.8781659,-9.576674,-1.4991034
1761098395972,0.8925229,-9.571889,-1.5038891
1761098395974,0.90149593,-9.5868435,-1.5128621
1761098395977,0.8919246,-9.586246,-1.5080764
1761098395979,0.9062816,-9.582058,-1.5320047
1761098395981,0.8781659,-9.58146,-1.527219
1761098395983,0.90149593,-9.59163,-1.5367904
1761098395985,0.90149593,-9.582058,-1.527219
1761098395988,0.91106725,-9.5964155,-1.527219
1761098395990,0.9200403,-9.601201,-1.5320047
1761098395992,0.9296116,-9.616156,-1.5320047
1761098395995,0.9487542,-9.61137,-1.5176477
1761098395998,0.9529416,-9.630513,-1.5224334
1761098395999,0.9810573,-9.650253,-1.5224334
1761098396001,0.9906286,-9.655638,-1.5032908
1761098396004,1.0091729,-9.679565,-1.4841483
1761098396006,0.99960166,-9.689137,-1.5032908
1761098396008,1.0133604,-9.713663,-1.4841483
1761098396011,1.0133604,-9.704092,-1.474577
1761098396013,0.97567344,-9.698709,-1.4656038
1761098396015,0.99003035,-9.693923,-1.4560326
1761098396017,0.95712906,-9.678967,-1.4129617
1761098396020,0.9385847,-9.659825,-1.4129617
1761098396022,0.9242278,-9.649655,-1.3944174
1761098396024,0.8913264,-9.639486,-1.3896317
1761098396026,0.8961121,-9.629914,-1.3752748
1761098396029,0.8961121,-9.620343,-1.3800604
1761098396031,0.8769695,-9.634701,-1.3513466
1761098396033,0.887139,-9.615558,-1.3375878
1761098396035,0.8817552,-9.620343,-1.3184453
1761098396037,0.887139,-9.615558,-1.3280165
1761098396040,0.9062816,-9.606585,-1.3232309
1761098396042,0.9206385,-9.597013,-1.3136597
1761098396044,0.9445667,-9.583255,-1.3136597
1761098396046,0.94396853,-9.611969,-1.3136597
1761098396049,0.96789676,-9.592826,-1.3328022
1761098396051,0.991825,-9.588638,-1.3423735
1761098396053,1.0013963,-9.593424,-1.3704891
1761098396056,1.006182,-9.593424,-1.3657036
1761098396058,1.0199406,-9.594023,-1.3800604
1761098396060,1.0348958,-9.584451,-1.4183456
1761098396062,1.0348958,-9.584451,-1.4087744
1761098396065,1.0390832,-9.603594,-1.41356
1761098396067,1.0432707,-9.622736,-1.4273187
1761098396069,1.0295119,-9.61795,-1.4560326
1761098396071,1.0103694,-9.6173525,-1.4464613
1761098396074,1.0055838,-9.598209,-1.451247
1761098396076,0.9870393,-9.583255,-1.4703895
1761098396078,0.96849495,-9.573684,-1.4560326
1761098396080,0.9302098,-9.582657,-1.4656038
1761098396083,0.9206385,-9.567701,-1.4656038
1761098396085,0.8925229,-9.567103,-1.4799608
1761098396087,0.8877372,-9.54796,-1.4751751
1761098396089,0.8500503,-9.552148,-1.4703895
1761098396092,0.86919284,-9.552746,-1.4560326
1761098396094,0.8739785,-9.54796,-1.4608182
1761098396096,0.9020941,-9.567701,-1.4560326
1761098396099,0.9026923,-9.538987,-1.451247
1761098396101,0.92542416,-9.573085,-1.4416757
1761098396103,0.9493524,-9.57787,-1.4608182
1761098396105,0.9589237,-9.57787,-1.4608182
1761098396107,0.991825,-9.598209,-1.4656038
1761098396110,0.9870393,-9.597611,-1.4895321
1761098396112,1.0007981,-9.602996,-1.4991034
1761098396114,1.0295119,-9.598209,-1.5080764
1761098396116,1.0247263,-9.6173525,-1.5128621
1761098396119,1.0295119,-9.61795,-1.5128621
1761098396121,1.0295119,-9.613165,-1.527219
1761098396123,1.0199406,-9.6173525,-1.5320047
1761098396125,1.0193424,-9.631709,-1.5463617
1761098396128,1.0289137,-9.6275215,-1.5320047
1761098396130,1.0097711,-9.636495,-1.527219
1761098396132,1.0049855,-9.64128,-1.5224334
1761098396134,1.0049855,-9.650852,-1.541576
1761098396137,1.0145568,-9.646067,-1.541576
1761098396139,1.0097711,-9.650852,-1.5320047
1761098396141,1.0091729,-9.679565,-1.527219
1761098396144,0.98524475,-9.689137,-1.5367904
1761098396146,1.0043873,-9.684352,-1.541576
1761098396148,0.9804591,-9.703494,-1.5128621
1761098396150,0.98524475,-9.70828,-1.5032908
1761098396152,0.9702896,-9.732208,-1.4841483
1761098396155,0.94636136,-9.736395,-1.4650056
1761098396157,0.93260264,-9.712467,-1.4560326
1761098396160,0.9182457,-9.707084,-1.4416757
1761098396162,0.927817,-9.702896,-1.3992031
1761098396164,0.87637126,-9.687343,-1.3896317
1761098396166,0.8859426,-9.658628,-1.3609179
1761098396168,0.8578269,-9.638887,-1.3513466
1761098396171,0.86261255,-9.644272,-1.3232309
1761098396173,0.85842514,-9.610174,-1.3232309
1761098396175,0.85842514,-9.61496,-1.3184453
1761098396178,0.8542377,-9.595817,-1.3184453
1761098396180,0.8679964,-9.601201,-1.2993027
1761098396182,0.88235337,-9.5868435,-1.2993027
1761098396184,0.8967103,-9.582058,-1.3328022
1761098396186,0.90149593,-9.577272,-1.3519448
1761098396188,0.91166544,-9.562916,-1.3663018
1761098396191,0.9206385,-9.57787,-1.3800604
1761098396193,0.9589237,-9.583255,-1.4183456
1761098396195,0.9870393,-9.573684,-1.4416757
1761098396198,1.006182,-9.593424,-1.4560326
1761098396200,1.0301101,-9.584451,-1.4751751
1761098396202,1.0582259,-9.603594,-1.4799608
1761098396204,1.0534402,-9.603594,-1.4943178
1761098396207,1.0959128,-9.613763,-1.5367904
1761098396209,1.1144571,-9.628718,-1.5607185
1761098396211,1.1192428,-9.633504,-1.5696917
1761098396213,1.1192428,-9.623933,-1.5888343
1761098396216,1.1240284,-9.619147,-1.5936198
1761098396218,1.1383854,-9.619147,-1.5984055
1761098396220,1.1383854,-9.619147,-1.6271194
1761098396223,1.1335998,-9.638289,-1.6079768
1761098396225,1.1431711,-9.624531,-1.5888343
1761098396227,1.1527423,-9.61496,-1.6031911
1761098396229,1.1288141,-9.633504,-1.579263
1761098396231,1.1192428,-9.628718,-1.5511472
1761098396234,1.105484,-9.60479,-1.5128621
1761098396236,1.0959128,-9.614362,-1.5128621
1761098396238,1.0911272,-9.628718,-1.4703895
1761098396240,1.0959128,-9.619147,-1.4464613
1761098396243,1.0719845,-9.623335,-1.4273187
1761098396245,1.0480564,-9.62812,-1.4183456
1761098396247,1.0336994,-9.637094,-1.3992031
1761098396249,0.99601245,-9.631709,-1.4039887
1761098396252,0.9762716,-9.646067,-1.4087744
1761098396254,0.9529416,-9.626326,-1.3848461
1761098396256,0.9296116,-9.597013,-1.3848461
1761098396258,0.90149593,-9.59163,-1.4087744
1761098396261,0.9056834,-9.610772,-1.4231312
1761098396263,0.91585284,-9.59163,-1.4464613
1761098396265,0.8967103,-9.59163,-1.4703895
1761098396267,0.9062816,-9.5868435,-1.4751751
1761098396270,0.88295156,-9.571889,-1.4703895
1761098396272,0.91585284,-9.577272,-1.4991034
1761098396274,0.91106725,-9.582058,-1.5224334
1761098396277,0.9349955,-9.582657,-1.5367904
1761098396280,0.9391829,-9.61137,-1.541576
1761098396281,0.95353985,-9.606585,-1.541576
1761098396283,0.94396853,-9.606585,-1.5655042
1761098396286,0.96789676,-9.6071825,-1.5559329
1761098396288,0.96729857,-9.62154,-1.5655042
1761098396290,0.9768698,-9.616755,-1.5696917
1761098396292,0.9631111,-9.61137,-1.5702899
1761098396295,0.95832545,-9.592228,-1.5655042
1761098396297,0.92482597,-9.620343,-1.5744773
1761098396299,0.92482597,-9.610772,-1.5840486
1761098396301,0.9302098,-9.5868435,-1.5607185
1761098396304,0.9206385,-9.5868435,-1.541576
1761098396306,0.9020941,-9.552746,-1.5511472
1761098396308,0.92602235,-9.55813,-1.5463617
1761098396310,0.930808,-9.548559,-1.5224334
1761098396312,0.9349955,-9.562916,-1.5224334
1761098396315,0.95413804,-9.568299,-1.4847465
1761098396317,0.9445667,-9.563514,-1.4751751
1761098396319,0.95413804,-9.553943,-1.4416757
1761098396321,0.95413804,-9.558728,-1.4416757
1761098396325,0.9637093,-9.564112,-1.4231312
1761098396326,0.9876375,-9.564112,-1.4183456
1761098396328,0.9828519,-9.559326,-1.4039887
1761098396331,0.9876375,-9.554541,-1.4039887
1761098396333,0.9876375,-9.569496,-1.4087744
1761098396335,0.9732806,-9.559326,-1.41356
1761098396338,0.96849495,-9.559326,-1.4231312
1761098396340,0.95413804,-9.568898,-1.3992031
1761098396342,0.9924232,-9.564711,-1.4087744
1761098396344,0.95413804,-9.564112,-1.3944174
1761098396346,0.96849495,-9.564112,-1.3992031
1761098396348,0.96849495,-9.559326,-1.4039887
1761098396351,0.9870393,-9.583853,-1.41356
1761098396353,0.9726824,-9.592826,-1.43689
1761098396356,0.9726824,-9.583255,-1.4231312
1761098396357,0.991825,-9.602996,-1.4231312
1761098396360,0.9816555,-9.6071825,-1.4416757
1761098396362,0.96789676,-9.611969,-1.4703895
1761098396364,0.9487542,-9.616156,-1.4656038
1761098396367,0.96789676,-9.6071825,-1.4608182
1761098396369,0.9726824,-9.602397,-1.4751751
1761098396371,0.95832545,-9.592826,-1.4751751
1761098396373,0.9637093,-9.573684,-1.4703895
1761098396376,0.95832545,-9.592826,-1.4895321
1761098396378,0.96789676,-9.592826,-1.4943178
1761098396380,0.97806627,-9.564112,-1.4991034
1761098396383,0.96849495,-9.559326,-1.4703895
1761098396386,0.97806627,-9.54497,-1.4991034
1761098396387,1.0019945,-9.540184,-1.4895321
1761098396389,1.0073783,-9.52164,-1.4703895
1761098396392,1.0115658,-9.526425,-1.4847465
1761098396394,1.0067801,-9.540782,-1.4703895
1761098396396,1.0205388,-9.555139,-1.4656038
1761098396398,1.0253245,-9.579067,-1.4656038
1761098396402,1.0390832,-9.594023,-1.4751751
1761098396404,1.0534402,-9.589237,-1.4560326
1761098396405,1.0390832,-9.613165,-1.4560326
1761098396407,1.0342976,-9.61795,-1.451247
1761098396410,1.0097711,-9.632308,-1.422533
1761098396411,1.0001999,-9.660423,-1.4464613
1761098396414,0.971486,-9.664611,-1.4416757
1761098396416,0.95712906,-9.669396,-1.4416757
1761098396418,0.94277215,-9.683753,-1.43689
1761098396420,0.8997013,-9.687941,-1.3800604
1761098396423,0.8805587,-9.692128,-1.3944174
1761098396425,0.87158567,-9.687343,-1.3800604
1761098396427,0.8470592,-9.701101,-1.3657036
1761098396430,0.85244304,-9.681958,-1.3704891
1761098396432,0.83389866,-9.667602,-1.3561323
1761098396434,0.8243274,-9.667602,-1.346561
1761098396436,0.83389866,-9.662816,-1.3328022
1761098396439,0.84347,-9.6580305,-1.3280165
1761098396441,0.83389866,-9.643674,-1.2993027
1761098396443,0.8578269,-9.643674,-1.3423735
1761098396446,0.8673982,-9.653843,-1.3609179
1761098396447,0.8673982,-9.639486,-1.3609179
1761098396450,0.8817552,-9.639486,-1.3513466
1761098396452,0.8961121,-9.644272,-1.3704891
1761098396455,0.9242278,-9.664013,-1.3704891
1761098396457,0.9385847,-9.65504,-1.3944174
1761098396459,0.9619147,-9.678967,-1.3896317
1761098396461,0.94755775,-9.678967,-1.4416757
1761098396464,0.9613165,-9.702896,-1.43689
1761098396466,0.97567344,-9.70828,-1.4560326
1761098396468,0.994816,-9.698709,-1.4608182
1761098396470,1.0037891,-9.708878,-1.4793626
1761098396472,0.9942178,-9.703494,-1.4889339
1761098396474,0.99960166,-9.684352,-1.4985052
1761098396477,1.0085747,-9.6993065,-1.5128621
1761098396479,0.98943216,-9.713065,-1.5080764
1761098396481,0.9804591,-9.703494,-1.4985052
1761098396483,0.97567344,-9.703494,-1.4697913
1761098396486,0.9613165,-9.702896,-1.4656038
1761098396488,0.94695956,-9.693324,-1.4464613
1761098396490,0.93260264,-9.698111,-1.3992031
1761098396492,0.91884387,-9.697512,-1.4081762
1761098396495,0.89072824,-9.677772,-1.3896317
1761098396497,0.8811569,-9.677772,-1.3657036
1761098396499,0.8859426,-9.663414,-1.3609179
1761098396501,0.87158567,-9.658628,-1.3417753
1761098396504,0.85244304,-9.667602,-1.3417753
1761098396506,0.8673982,-9.649057,-1.3040884
1761098396508,0.87218386,-9.644272,-1.294517
1761098396511,0.86261255,-9.629914,-1.2801601
1761098396513,0.8488538,-9.619745,-1.2616158
1761098396515,0.84406817,-9.61496,-1.2897314
1761098396517,0.85902333,-9.58146,-1.2711871
1761098396520,0.86859465,-9.562318,-1.2807583
1761098396522,0.8596215,-9.533604,-1.2855439
1761098396524,0.85064846,-9.519247,-1.2807583
1761098396526,0.85064846,-9.509675,-1.2903296
1761098396529,0.846461,-9.480363,-1.3142579
1761098396531,0.86979103,-9.490533,-1.3094722
1761098396533,0.86560357,-9.485747,-1.3184453
1761098396535,0.87996054,-9.47139,-1.3471591
1761098396538,0.8703892,-9.461819,-1.3806586
1761098396540,0.8745767,-9.490533,-1.41356
1761098396542,0.8889336,-9.485747,-1.4087744
1761098396544,0.89371926,-9.495318,-1.4422739
1761098396547,0.88414794,-9.495318,-1.4799608
1761098396549,0.88414794,-9.5048895,-1.4608182
1761098396551,0.8602197,-9.489935,-1.4991034
1761098396554,0.8602197,-9.499506,-1.4991034
1761098396556,0.8602197,-9.509077,-1.527219
1761098396558,0.87936234,-9.504292,-1.527219
1761098396560,0.85483587,-9.52822,-1.5367904
1761098396563,0.8596215,-9.552148,-1.5367904
1761098396565,0.8644072,-9.547362,-1.5320047
1761098396567,0.8781659,-9.571889,-1.5176477
1761098396569,0.88235337,-9.586246,-1.5367904
1761098396571,0.86859465,-9.567103,-1.5128621
1761098396574,0.863809,-9.586246,-1.5176477
1761098396576,0.87278205,-9.586246,-1.5176477
1761098396579,0.8679964,-9.586246,-1.4991034
1761098396580,0.863809,-9.576674,-1.5080764
1761098396583,0.8542377,-9.571291,-1.4608182
1761098396585,0.83988076,-9.585648,-1.4703895
1761098396587,0.85842514,-9.591031,-1.4416757
1761098396589,0.849452,-9.585648,-1.4464613
1761098396592,0.8542377,-9.586246,-1.4279169
1761098396594,0.87338024,-9.58146,-1.4087744
1761098396596,0.85902333,-9.591031,-1.3848461
1761098396599,0.86859465,-9.58146,-1.3657036
1761098396601,0.8967103,-9.59163,-1.3561323
1761098396603,0.90149593,-9.5964155,-1.3328022
1761098396605,0.9206385,-9.573085,-1.3375878
1761098396607,0.9349955,-9.582657,-1.3280165
1761098396610,0.92542416,-9.592228,-1.3375878
1761098396612,0.9589237,-9.578469,-1.3328022
1761098396614,0.92482597,-9.601799,-1.3232309
1761098396616,0.94396853,-9.597611,-1.3184453
1761098396619,0.9296116,-9.61137,-1.3423735
1761098396621,0.9200403,-9.625728,-1.3423735
1761098396623,0.9290134,-9.630513,-1.346561
1761098396626,0.933799,-9.631111,-1.3280165
1761098396628,0.9290134,-9.659825,-1.3328022
1761098396630,0.933799,-9.659825,-1.3561323
1761098396632,0.9421739,-9.698111,-1.3848461
1761098396635,0.9517452,-9.713065,-1.3657036
1761098396637,0.9559326,-9.727423,-1.3657036
1761098396639,0.951147,-9.726824,-1.3986049
1761098396642,0.9840483,-9.756734,-1.3938192
1761098396644,0.9696914,-9.7609215,-1.4177474
1761098396646,0.97926265,-9.765707,-1.422533
1761098396648,0.951147,-9.741181,-1.4177474
1761098396650,0.9320044,-9.755538,-1.4177474
1761098396653,0.9320044,-9.731609,-1.4273187
1761098396655,0.91405827,-9.692726,-1.4416757
1761098396657,0.90508515,-9.673584,-1.4321043
1761098396659,0.87637126,-9.6682,-1.4273187
1761098396662,0.8913264,-9.639486,-1.422533
1761098396664,0.8913264,-9.620343,-1.4464613
1761098396666,0.8961121,-9.610772,-1.4560326
1761098396668,0.91525465,-9.601201,-1.4608182
1761098396671,0.91585284,-9.5964155,-1.4560326
1761098396673,0.94396853,-9.601799,-1.4751751
1761098396676,0.9637093,-9.568898,-1.451247
1761098396677,0.9822537,-9.573684,-1.4751751
1761098396680,0.97806627,-9.554541,-1.4703895
1761098396682,1.0019945,-9.550353,-1.4751751
1761098396684,0.9924232,-9.540184,-1.4943178
1761098396687,0.9738788,-9.540184,-1.4751751
1761098396689,0.997807,-9.525827,-1.4895321
1761098396691,1.0073783,-9.521041,-1.4943178
1761098396693,1.0073783,-9.506684,-1.4847465
1761098396695,0.9834501,-9.506684,-1.4991034
1761098396698,0.97866446,-9.506684,-1.4895321
1761098396700,0.97866446,-9.506684,-1.4751751
1761098396703,0.96430755,-9.510872,-1.4703895
1761098396705,0.97866446,-9.516255,-1.4656038
1761098396707,0.9738788,-9.5353985,-1.4703895
1761098396709,0.97806627,-9.549755,-1.4464613
1761098396711,0.9828519,-9.549755,-1.4327025
1761098396714,0.97806627,-9.568898,-1.43689
1761098396716,0.96849495,-9.573684,-1.4183456
1761098396718,0.95832545,-9.58804,-1.4279169
1761098396720,0.9726824,-9.578469,-1.4039887
1761098396722,0.9302098,-9.573085,-1.3944174
1761098396725,0.9349955,-9.582657,-1.3896317
1761098396727,0.92542416,-9.587442,-1.3704891
1761098396729,0.9062816,-9.572487,-1.3800604
1761098396732,0.9020941,-9.572487,-1.3567305
1761098396734,0.8781659,-9.576674,-1.3848461
1761098396736,0.87338024,-9.571889,-1.3752748
1761098396738,0.88235337,-9.59163,-1.3609179
1761098396740,0.87278205,-9.600603,-1.3944174
1761098396743,0.87278205,-9.610772,-1.3752748
1761098396745,0.8775677,-9.605987,-1.3896317
1761098396747,0.8632108,-9.619745,-1.3704891
1761098396750,0.8673982,-9.638887,-1.4087744
1761098396752,0.87218386,-9.629316,-1.4177474
1761098396754,0.8769695,-9.644272,-1.4177474
1761098396757,0.87218386,-9.634102,-1.4416757
1761098396759,0.8578269,-9.648459,-1.4464613
1761098396761,0.87218386,-9.629316,-1.4464613
1761098396763,0.86261255,-9.624531,-1.4560326
1761098396765,0.8865408,-9.615558,-1.4608182
1761098396767,0.8817552,-9.620343,-1.4560326
1761098396770,0.8817552,-9.61496,-1.4799608
1761098396772,0.8919246,-9.605987,-1.4751751
1761098396774,0.90089774,-9.605987,-1.4799608
1761098396776,0.9296116,-9.61137,-1.4703895
1761098396779,0.94396853,-9.61137,-1.4847465
1761098396781,0.96729857,-9.611969,-1.4799608
1761098396783,0.94396853,-9.592228,-1.4560326
1761098396785,0.9487542,-9.592228,-1.4560326
1761098396788,0.9445667,-9.568299,-1.4279169
1761098396790,0.9589237,-9.573684,-1.451247
1761098396793,0.93978107,-9.582657,-1.4321043
1761098396795,0.95832545,-9.592826,-1.4183456
1761098396797,0.95353985,-9.602397,-1.4416757
1761098396799,0.9487542,-9.597611,-1.41356
1761098396801,0.9529416,-9.62154,-1.4039887
1761098396804,0.9625129,-9.631111,-1.3992031
1761098396806,0.9625129,-9.62154,-1.3992031
1761098396808,0.9768698,-9.636495,-1.3752748
1761098396810,0.9529416,-9.631111,-1.3800604
1761098396813,0.95772725,-9.626326,-1.3752748
1761098396815,0.95772725,-9.645468,-1.3800604
1761098396817,0.9631111,-9.602397,-1.3752748
1761098396819,0.933799,-9.635299,-1.3848461
1761098396822,0.9385847,-9.635897,-1.3704891
1761098396824,0.9385847,-9.65504,-1.3657036
1761098396826,0.9385847,-9.650253,-1.3561323
1761098396828,0.9290134,-9.650253,-1.3417753
1761098396831,0.93320084,-9.664611,-1.3280165
1761098396833,0.9092726,-9.673584,-1.3280165
1761098396836,0.8955139,-9.6783695,-1.3369896
1761098396838,0.90448695,-9.683155,-1.3417753
1761098396840,0.90029955,-9.659226,-1.3417753
1761098396842,0.90029955,-9.649655,-1.3417753
1761098396845,0.8955139,-9.649655,-1.3136597
1761098396846,0.8955139,-9.649655,-1.308874
1761098396849,0.89072824,-9.664013,-1.308874
1761098396851,0.8811569,-9.6682,-1.3232309
1761098396853,0.87158567,-9.687343,-1.3136597
1761098396856,0.8853444,-9.697512,-1.3274183
1761098396858,0.8955139,-9.668798,-1.3136597
1761098396860,0.8811569,-9.6682,-1.3369896
1761098396862,0.87637126,-9.672985,-1.346561
1761098396865,0.8578269,-9.648459,-1.3417753
1761098396867,0.8530413,-9.638887,-1.3609179
1761098396869,0.8536395,-9.610174,-1.3704891
1761098396871,0.84406817,-9.619745,-1.3752748
1761098396873,0.8488538,-9.610174,-1.4087744
1761098396876,0.8632108,-9.591031,-1.41356
1761098396878,0.87278205,-9.610174,-1.4321043
1761098396880,0.8775677,-9.610174,-1.4231312
1761098396882,0.8919246,-9.610772,-1.43689
1761098396885,0.8913264,-9.620343,-1.43689
1761098396887,0.9296116,-9.625728,-1.451247
1761098396889,0.9296116,-9.625728,-1.4464613
1761098396892,0.9529416,-9.626326,-1.4416757
1761098396894,0.96729857,-9.635897,-1.43689
1761098396896,0.9667004,-9.669396,-1.422533
1761098396898,0.9912268,-9.636495,-1.4039887
1761098396901,1.0001999,-9.655638,-1.4087744
1761098396903,1.0055838,-9.632308,-1.3848461
1761098396905,0.96729857,-9.626326,-1.3896317
1761098396907,0.9816555,-9.612567,-1.3848461
1761098396909,0.9822537,-9.602996,-1.3752748
1761098396912,0.9720842,-9.611969,-1.3704891
1761098396914,0.96729857,-9.626326,-1.3561323
1761098396917,0.9625129,-9.616755,-1.3423735
1761098396919,0.96729857,-9.636495,-1.3561323
1761098396921,0.9762716,-9.646067,-1.3513466
1761098396924,0.9762716,-9.655638,-1.346561
1761098396925,0.971486,-9.67478,-1.3513466
1761098396928,0.9708878,-9.689137,-1.332204
1761098396930,0.9667004,-9.679565,-1.3369896
1761098396932,0.9708878,-9.689137,-1.346561
1761098396934,0.95653087,-9.698709,-1.3513466
1761098396936,0.97567344,-9.713065,-1.3561323
1761098396939,0.9607183,-9.722636,-1.3513466
1761098396941,0.9798609,-9.736994,-1.3561323
1761098396944,0.9607183,-9.741779,-1.3561323
1761098396945,0.951147,-9.727423,-1.3657036
1761098396948,0.9702896,-9.732208,-1.3657036
1761098396950,0.9559326,-9.736994,-1.3704891
1761098396952,0.9702896,-9.732208,-1.3704891
1761098396955,0.9702896,-9.736994,-1.3561323
1761098396957,0.95653087,-9.717851,-1.3752748
1761098396960,0.9517452,-9.713065,-1.3704891
1761098396962,0.9523434,-9.678967,-1.3657036
1761098396965,0.9762716,-9.669994,-1.3752748
1761098396965,0.971486,-9.669994,-1.3704891
1761098396968,0.9762716,-9.665209,-1.4033905
1761098396970,0.9762716,-9.655638,-1.4039887
1761098396972,0.9912268,-9.636495,-1.3896317
1761098396974,0.98584294,-9.646067,-1.4087744
1761098396977,1.0007981,-9.622138,-1.43689
1761098396979,1.0145568,-9.6275215,-1.4416757
1761098396981,1.0432707,-9.647263,-1.4464613
1761098396983,1.0283155,-9.665807,-1.4703895
1761098396986,1.0378869,-9.675379,-1.4793626
1761098396988,1.0474582,-9.666406,-1.4937196
1761098396990,1.0331012,-9.656236,-1.4841483
1761098396992,1.0193424,-9.656236,-1.4889339
1761098396995,1.0049855,-9.646067,-1.5128621
1761098396997,0.9720842,-9.640682,-1.4985052
1761098396999,0.9349955,-9.587442,-1.4943178
1761098397002,0.91585284,-9.577272,-1.4991034
1761098397004,0.9020941,-9.562916,-1.4991034
1761098397006,0.88354975,-9.538389,-1.5038891
1761098397008,0.87936234,-9.500104,-1.4991034
1761098397011,0.8745767,-9.5048895,-1.4895321
1761098397013,0.90329057,-9.466604,-1.4943178
1761098397015,0.90329057,-9.47139,-1.4847465
1761098397017,0.90388876,-9.461819,-1.4656038
1761098397020,0.9182457,-9.437891,-1.4751751
1761098397022,0.93738824,-9.44806,-1.4656038
1761098397024,0.93260264,-9.433703,-1.4566308
1761098397026,0.9517452,-9.424132,-1.4751751
1761098397029,0.9661021,-9.415159,-1.4943178
1761098397031,0.9804591,-9.42473,-1.4991034
1761098397033,0.994816,-9.410374,-1.5278172
1761098397035,1.0331012,-9.401401,-1.5230316
1761098397038,1.0283155,-9.406186,-1.5511472
1761098397040,1.0420742,-9.41157,-1.5607185
1761098397042,1.032503,-9.420543,-1.5511472
1761098397045,1.0420742,-9.430713,-1.5798612
1761098397047,1.0420742,-9.435498,-1.5655042
1761098397049,1.07019,-9.460024,-1.5655042
1761098397051,1.0654043,-9.460024,-1.5894325
1761098397054,1.0642079,-9.507881,-1.5702899
1761098397056,1.0504491,-9.492926,-1.5655042
1761098397058,1.049851,-9.512068,-1.5655042
1761098397060,1.0636097,-9.54138,-1.5888343
1761098397062,1.0540384,-9.5557375,-1.5702899
1761098397065,1.0199406,-9.602996,-1.5744773
1761098397067,0.98644114,-9.611969,-1.5607185
1761098397069,0.9816555,-9.631111,-1.5511472
1761098397071,0.9385847,-9.654441,-1.5367904
1761098397074,0.93320084,-9.659226,-1.5463617
1761098397076,0.9092726,-9.672985,-1.5367904
1761098397078,0.9379865,-9.6783695,-1.5224334
1761098397080,0.9092726,-9.6783695,-1.4937196
1761098397083,0.89013004,-9.677772,-1.4841483
1761098397085,0.87637126,-9.663414,-1.4464613
1761098397087,0.89072824,-9.6682,-1.4273187
1761098397089,0.8817552,-9.644272,-1.4129617
1761098397092,0.90508515,-9.64487,-1.3944174
1761098397094,0.90029955,-9.654441,-1.3896317
1761098397096,0.90029955,-9.668798,-1.3657036
1761098397099,0.91465646,-9.649655,-1.3657036
1761098397101,0.94337034,-9.65504,-1.3704891
1761098397103,0.95712906,-9.65504,-1.3417753
1761098397105,0.9768698,-9.64128,-1.346561
1761098397108,0.98584294,-9.646067,-1.3328022
1761098397110,1.0193424,-9.632308,-1.3328022
1761098397112,1.038485,-9.647263,-1.3417753
1761098397114,1.038485,-9.6376915,-1.3328022
1761098397116,1.0438689,-9.604192,-1.3657036
1761098397119,1.0438689,-9.613763,-1.3513466
1761098397121,1.0390832,-9.613165,-1.3800604
1761098397123,1.0199406,-9.613165,-1.3848461
1761098397126,1.0390832,-9.608379,-1.3896317
1761098397128,1.0295119,-9.603594,-1.4321043
1761098397130,1.0103694,-9.612567,-1.4273187
1761098397132,1.0049855,-9.65145,-1.4177474
1761098397135,1.0097711,-9.65145,-1.4273187
1761098397137,0.9954142,-9.64128,-1.43689
1761098397140,0.9804591,-9.67478,-1.43689
1761098397142,0.971486,-9.67478,-1.4321043
1761098397144,0.9613165,-9.698709,-1.4129617
1761098397147,0.9661021,-9.683753,-1.451247
1761098397148,0.9613165,-9.70828,-1.4416757
1761098397151,0.9517452,-9.717253,-1.4416757
1761098397153,0.9421739,-9.722038,-1.4321043
1761098397155,0.9086744,-9.726226,-1.4129617
1761098397157,0.8895318,-9.726226,-1.4177474
1761098397159,0.89013004,-9.707084,-1.3986049
1761098397161,0.8662018,-9.71127,-1.3944174
1761098397164,0.85244304,-9.69153,-1.3800604
1761098397166,0.84765744,-9.672387,-1.3657036
1761098397168,0.83389866,-9.662816,-1.3800604
1761098397171,0.8386843,-9.653245,-1.3561323
1761098397173,0.83389866,-9.648459,-1.3513466
1761098397175,0.8153543,-9.614362,-1.3423735
1761098397178,0.8105687,-9.628718,-1.3040884
1761098397180,0.8249256,-9.614362,-1.3136597
1761098397182,0.80159557,-9.590433,-1.3232309
1761098397184,0.8255238,-9.600004,-1.308874
1761098397186,0.8344969,-9.610174,-1.3184453
1761098397189,0.83988076,-9.600603,-1.3375878
1761098397191,0.82971126,-9.614362,-1.3471591
1761098397193,0.8632108,-9.595817,-1.3471591
1761098397196,0.8632108,-9.595817,-1.3609179
1761098397198,0.8632108,-9.605389,-1.3609179
1761098397200,0.88235337,-9.5964155,-1.3896317
1761098397202,0.8919246,-9.605987,-1.4231312
1761098397205,0.88235337,-9.5964155,-1.4273187
1761098397207,0.90149593,-9.5964155,-1.43689
1761098397209,0.90149593,-9.5964155,-1.451247
1761098397211,0.91525465,-9.616156,-1.451247
1761098397213,0.910469,-9.605987,-1.451247
1761098397216,0.9062816,-9.59163,-1.4608182
1761098397218,0.9056834,-9.605987,-1.451247
1761098397221,0.8865408,-9.615558,-1.451247
1761098397223,0.90089774,-9.610772,-1.4464613
1761098397225,0.90089774,-9.625129,-1.4416757
1761098397227,0.8817552,-9.620343,-1.41356
1761098397229,0.8919246,-9.610772,-1.3848461
1761098397232,0.88235337,-9.5964155,-1.4039887
1761098397234,0.84406817,-9.610174,-1.3944174
1761098397236,0.82971126,-9.60479,-1.3704891
1761098397238,0.8446664,-9.595817,-1.3375878
1761098397241,0.8213364,-9.5665045,-1.3423735
1761098397243,0.8069794,-9.571291,-1.3280165
1761098397245,0.7932207,-9.537193,-1.3136597
1761098397247,0.7932207,-9.522836,-1.3040884
1761098397250,0.78364944,-9.522836,-1.2951152
1761098397252,0.78424764,-9.508479,-1.2711871
1761098397254,0.78364944,-9.537193,-1.2711871
1761098397257,0.7746763,-9.517452,-1.2807583
1761098397259,0.7746763,-9.507881,-1.2807583
1761098397261,0.8177471,-9.49472,-1.2759727
1761098397264,0.8225328,-9.49472,-1.2855439
1761098397266,0.8602197,-9.495318,-1.3328022
1761098397268,0.88414794,-9.490533,-1.3094722
1761098397270,0.90807617,-9.476774,-1.3328022
1761098397272,0.9320044,-9.482158,-1.3375878
1761098397274,0.9601201,-9.501301,-1.3710874
1761098397277,0.9834501,-9.51147,-1.375873
1761098397279,0.9840483,-9.501899,-1.3944174
1761098397281,1.0025927,-9.512068,-1.41356
1761098397283,1.0211371,-9.526425,-1.41356
1761098397286,1.0546366,-9.531809,-1.4374882
1761098397288,1.0540384,-9.546165,-1.4560326
1761098397290,1.0683953,-9.556335,-1.4656038
1761098397292,1.0630114,-9.575478,-1.4895321
1761098397295,1.0582259,-9.594023,-1.4847465
1761098397297,1.0390832,-9.613165,-1.4799608
1761098397299,1.0241281,-9.632308,-1.4889339
1761098397301,1.0001999,-9.636495,-1.4799608
1761098397304,0.9762716,-9.646067,-1.451247
1761098397306,0.95712906,-9.664611,-1.4464613
1761098397308,0.94277215,-9.659825,-1.451247
1761098397310,0.9379865,-9.659825,-1.4321043
1761098397313,0.91465646,-9.659226,-1.4129617
1761098397315,0.9098708,-9.654441,-1.4039887
1761098397317,0.91465646,-9.649655,-1.3800604
1761098397319,0.91465646,-9.640084,-1.3609179
1761098397322,0.8955139,-9.659226,-1.3609179
1761098397324,0.90029955,-9.64487,-1.3375878
1761098397326,0.9098708,-9.640084,-1.3184453
1761098397328,0.9242278,-9.65504,-1.3136597
1761098397331,0.90508515,-9.649655,-1.3040884
1761098397333,0.94277215,-9.669396,-1.308874
1761098397335,0.95712906,-9.665209,-1.3136597
1761098397338,0.95712906,-9.669994,-1.294517
1761098397340,0.9708878,-9.684352,-1.3136597
1761098397342,0.9613165,-9.689137,-1.3274183
1761098397344,0.97567344,-9.679565,-1.3280165
1761098397346,0.9708878,-9.689137,-1.3369896
1761098397349,0.971486,-9.67478,-1.3513466
1761098397351,0.9661021,-9.684352,-1.3513466
1761098397353,0.9708878,-9.693923,-1.3896317
1761098397356,0.94755775,-9.674182,-1.4033905
1761098397358,0.96729857,-9.640682,-1.422533
1761098397361,0.96729857,-9.645468,-1.43689
1761098397362,0.95772725,-9.650253,-1.4177474
1761098397365,0.9625129,-9.645468,-1.4464613
1761098397367,0.9529416,-9.640682,-1.4560326
1761098397369,0.95772725,-9.635897,-1.4416757
1761098397371,0.9810573,-9.646067,-1.4560326
1761098397373,0.9720842,-9.635897,-1.4703895
1761098397376,0.9720842,-9.62154,-1.4560326
1761098397378,0.9816555,-9.631709,-1.4608182
1761098397380,0.9906286,-9.636495,-1.4703895
1761098397383,1.0097711,-9.631709,-1.4703895
1761098397385,1.0145568,-9.632308,-1.43689
1761098397387,1.0187442,-9.665807,-1.4464613
1761098397389,1.0426725,-9.652048,-1.4273187
1761098397392,1.0378869,-9.661619,-1.4129617
1761098397394,1.0426725,-9.675977,-1.3896317
1761098397396,1.0426725,-9.671191,-1.346561
1761098397398,1.0474582,-9.675977,-1.3513466
1761098397401,1.0283155,-9.685548,-1.3232309
1761098397403,1.0372887,-9.695119,-1.3232309
1761098397405,1.0283155,-9.685548,-1.3184453
1761098397407,1.0139586,-9.68495,-1.2849457
1761098397410,0.99003035,-9.680164,-1.2897314
1761098397412,0.98584294,-9.675379,-1.2897314
1761098397414,0.99003035,-9.680164,-1.294517
1761098397416,0.9667004,-9.679565,-1.2993027
1761098397418,0.971486,-9.67478,-1.308874
1761098397421,0.9421739,-9.702896,-1.2993027
1761098397423,0.8997013,-9.687941,-1.308874
1761098397425,0.8811569,-9.663414,-1.3328022
1761098397428,0.8530413,-9.634102,-1.3280165
1761098397430,0.8249256,-9.633504,-1.3280165
1761098397432,0.8009974,-9.628718,-1.3328022
1761098397434,0.78723866,-9.604192,-1.3513466
1761098397437,0.7537391,-9.613165,-1.3471591
1761098397439,0.77347994,-9.579665,-1.3567305
1761098397441,0.7686943,-9.589237,-1.3657036
1761098397443,0.7639086,-9.570094,-1.3704891
1761098397446,0.75972116,-9.560523,-1.3800604
1761098397448,0.77826554,-9.570692,-1.3567305
1761098397451,0.7968099,-9.58505,-1.3944174
1761098397452,0.8117651,-9.565907,-1.3992031
1761098397455,0.83030945,-9.580862,-1.3848461
1761098397458,0.81595254,-9.585648,-1.3800604
1761098397462,0.8536395,-9.595817,-1.3800604
1761098397462,0.8536395,-9.595817,-1.3992031
1761098397465,0.8679964,-9.591031,-1.4039887
1761098397466,0.8967103,-9.601201,-1.3944174
1761098397468,0.887139,-9.601201,-1.4039887
1761098397471,0.87218386,-9.619745,-1.4177474
1761098397473,0.8769695,-9.629914,-1.4177474
1761098397475,0.8961121,-9.634701,-1.4177474
1761098397477,0.8865408,-9.629914,-1.4129617
1761098397480,0.8673982,-9.634102,-1.4129617
1761098397481,0.86261255,-9.653245,-1.4081762
1761098397483,0.8578269,-9.643674,-1.422533
1761098397486,0.8392825,-9.624531,-1.4039887
1761098397488,0.8344969,-9.628718,-1.4039887
1761098397490,0.82911307,-9.657433,-1.4039887
1761098397493,0.82013994,-9.638289,-1.3800604
1761098397495,0.8249256,-9.633504,-1.3657036
1761098397497,0.81954175,-9.671789,-1.3896317
1761098397499,0.8243274,-9.662218,-1.3848461
1761098397501,0.81954175,-9.667004,-1.3657036
1761098397504,0.8237292,-9.677173,-1.3752748
1761098397506,0.8003992,-9.676575,-1.3657036
1761098397508,0.81954175,-9.667004,-1.3513466
1761098397510,0.8147561,-9.671789,-1.3752748
1761098397513,0.8428718,-9.681958,-1.3704891
1761098397515,0.84347,-9.662816,-1.3752748
1761098397517,0.84347,-9.653245,-1.3752748
1761098397520,0.84825563,-9.634102,-1.3848461
1761098397522,0.8578269,-9.638887,-1.4039887
1761098397524,0.8578269,-9.629316,-1.4087744
1761098397527,0.8578269,-9.629316,-1.4416757
1761098397529,0.86261255,-9.629316,-1.4273187
1761098397531,0.8488538,-9.619745,-1.4321043
1761098397534,0.8530413,-9.6580305,-1.4416757
1761098397537,0.84825563,-9.653245,-1.4703895
1761098397538,0.84825563,-9.643674,-1.4703895
1761098397540,0.84347,-9.6580305,-1.4751751
1761098397542,0.84347,-9.662816,-1.4937196
1761098397544,0.84347,-9.657433,-1.4937196
1761098397547,0.84825563,-9.633504,-1.4985052
1761098397549,0.8249256,-9.614362,-1.4985052
1761098397551,0.82013994,-9.614362,-1.4799608
1761098397553,0.8105687,-9.613763,-1.4751751
1761098397556,0.81595254,-9.575478,-1.4799608
1761098397558,0.8069794,-9.570692,-1.4560326
1761098397560,0.83090764,-9.556933,-1.4464613
1761098397563,0.85483587,-9.547362,-1.4231312
1761098397565,0.8739785,-9.538389,-1.4087744
1761098397567,0.8739785,-9.524033,-1.4039887
1761098397569,0.9026923,-9.529416,-1.3519448
1761098397572,0.907478,-9.529416,-1.3567305
1761098397574,0.92602235,-9.530014,-1.3423735
1761098397576,0.9595219,-9.525827,-1.3328022
1761098397578,0.96909314,-9.516255,-1.3232309
1761098397581,1.0067801,-9.531211,-1.3423735
1761098397583,1.0217353,-9.517452,-1.3232309
1761098397585,1.0402796,-9.531809,-1.3328022
1761098397587,1.0348958,-9.565309,-1.3232309
1761098397590,1.0683953,-9.546764,-1.3328022
1761098397592,1.0725827,-9.570692,-1.3280165
1761098397594,1.082154,-9.5760765,-1.3561323
1761098397596,1.0677971,-9.594621,-1.3561323
1761098397599,1.1006985,-9.590433,-1.3609179
1761098397601,1.1012967,-9.585648,-1.3609179
1761098397603,1.0863415,-9.600004,-1.3800604
1761098397605,1.0863415,-9.609575,-1.3848461
1761098397608,1.0719845,-9.599406,-1.3944174
1761098397610,1.0576276,-9.618548,-1.3944174
1761098397612,1.038485,-9.6275215,-1.4081762
1761098397615,1.0241281,-9.637094,-1.4129617
1761098397617,1.038485,-9.613165,-1.4321043
1761098397619,0.9912268,-9.631709,-1.4656038
1761098397621,0.9912268,-9.622138,-1.4656038
1761098397624,0.98584294,-9.636495,-1.4937196
1761098397626,0.9768698,-9.62154,-1.4793626
1761098397628,0.9720842,-9.631111,-1.4751751
1761098397630,0.96789676,-9.6071825,-1.4889339
1761098397633,0.95353985,-9.606585,-1.5176477
1761098397635,0.96789676,-9.602397,-1.5080764
1761098397637,0.95832545,-9.587442,-1.5080764
1761098397640,0.9445667,-9.57787,-1.5128621
1761098397642,0.9631111,-9.578469,-1.5032908
1761098397645,0.9493524,-9.573085,-1.4895321
1761098397647,0.9726824,-9.578469,-1.4985052
1761098397649,0.9589237,-9.568299,-1.4985052
1761098397651,0.9637093,-9.554541,-1.4799608
1761098397654,0.97806627,-9.564112,-1.4985052
1761098397656,0.9822537,-9.58804,-1.4847465
1761098397658,0.991825,-9.579067,-1.4751751
1761098397660,1.006182,-9.579067,-1.4895321
1761098397663,0.9822537,-9.583255,-1.4560326
1761098397665,0.9822537,-9.583255,-1.4943178
1761098397667,0.98644114,-9.622138,-1.4799608
1761098397669,0.9720842,-9.631111,-1.4985052
1761098397672,1.0001999,-9.631709,-1.4985052
1761098397674,1.0001999,-9.636495,-1.5032908
1761098397676,0.98644114,-9.636495,-1.5032908
1761098397678,0.9762716,-9.659825,-1.4889339
1761098397680,0.971486,-9.664611,-1.4985052
1761098397682,0.9810573,-9.650253,-1.4985052
1761098397684,0.9667004,-9.659825,-1.4751751
1761098397686,0.94755775,-9.674182,-1.4703895
1761098397689,0.9290134,-9.649655,-1.4799608
1761098397691,0.9194421,-9.640084,-1.4799608
1761098397693,0.91525465,-9.616156,-1.4560326
1761098397695,0.8775677,-9.605389,-1.4183456
1761098397698,0.87218386,-9.619745,-1.422533
1761098397700,0.8344969,-9.614362,-1.3896317
1761098397702,0.8632108,-9.61496,-1.3800604
1761098397704,0.8446664,-9.58146,-1.3848461
1761098397707,0.83988076,-9.586246,-1.3471591
1761098397709,0.83988076,-9.585648,-1.3561323
1761098397711,0.8446664,-9.58146,-1.3423735
1761098397714,0.863809,-9.576674,-1.3423735
1761098397716,0.8919246,-9.5868435,-1.3328022
1761098397718,0.8967103,-9.577272,-1.3375878
1761098397720,0.91106725,-9.597013,-1.3752748
1761098397723,0.9302098,-9.587442,-1.3848461
1761098397725,0.9589237,-9.578469,-1.3992031
1761098397727,0.9822537,-9.598209,-1.41356
1761098397729,0.9774681,-9.597611,-1.4183456
1761098397732,1.0055838,-9.607781,-1.4416757
1761098397734,0.991825,-9.598209,-1.451247
1761098397736,1.006182,-9.583853,-1.4703895
1761098397738,1.0157533,-9.574282,-1.4847465
1761098397741,1.0253245,-9.564711,-1.4943178
1761098397743,1.0301101,-9.559925,-1.5224334
1761098397745,1.0396814,-9.57488,-1.5176477
1761098397747,1.0109676,-9.564711,-1.527219
1761098397750,1.0301101,-9.555139,-1.5367904
1761098397752,1.0259227,-9.5455675,-1.5128621
1761098397754,1.0259227,-9.535996,-1.5176477
1761098397757,1.0205388,-9.583853,-1.5176477
1761098397759,1.0013963,-9.579067,-1.5176477
1761098397761,1.006182,-9.574282,-1.5128621
1761098397763,1.0247263,-9.607781,-1.5128621
1761098397766,1.0199406,-9.598209,-1.5080764
1761098397768,1.0103694,-9.626924,-1.4889339
1761098397771,0.99601245,-9.631709,-1.4751751
1761098397772,0.9906286,-9.64128,-1.4937196
1761098397774,0.9954142,-9.650852,-1.4751751
1761098397777,0.9906286,-9.660423,-1.4656038
1761098397779,0.971486,-9.669396,-1.4560326
1761098397782,0.95712906,-9.674182,-1.4464613
1761098397783,0.93320084,-9.664013,-1.43689
1761098397786,0.9194421,-9.654441,-1.4273187
1761098397788,0.91884387,-9.683155,-1.4177474
1761098397790,0.9098708,-9.649655,-1.3944174
1761098397792,0.8817552,-9.639486,-1.3800604
1761098397795,0.8865408,-9.639486,-1.3704891
1761098397797,0.90089774,-9.630513,-1.3657036
1761098397799,0.88235337,-9.615558,-1.3328022
1761098397801,0.8775677,-9.615558,-1.3423735
1761098397804,0.8865408,-9.620343,-1.3232309
1761098397806,0.8865408,-9.629914,-1.3423735
1761098397808,0.88235337,-9.610772,-1.3423735
1761098397811,0.8961121,-9.615558,-1.3423735
1761098397813,0.8913264,-9.625129,-1.3375878
1761098397815,0.8919246,-9.601201,-1.3848461
1761098397817,0.8967103,-9.59163,-1.3896317
1761098397819,0.90089774,-9.620343,-1.41356
1761098397822,0.90149593,-9.5964155,-1.4231312
1761098397824,0.9062816,-9.601201,-1.4416757
1761098397826,0.9056834,-9.605987,-1.4608182
1761098397828,0.92482597,-9.61137,-1.4847465
1761098397831,0.94396853,-9.601799,-1.5032908
1761098397833,0.9391829,-9.606585,-1.5224334
1761098397835,0.94337034,-9.620942,-1.5463617
1761098397837,0.94396853,-9.61137,-1.541576
1761098397840,0.94396853,-9.616156,-1.5463617
1761098397842,0.9768698,-9.62154,-1.5463617
1761098397844,0.9768698,-9.635897,-1.5511472
1761098397846,0.9667004,-9.65504,-1.5463617
1761098397849,0.9810573,-9.645468,-1.5511472
1761098397851,0.9906286,-9.646067,-1.5320047
1761098397853,0.9954142,-9.660423,-1.5367904
1761098397856,0.9810573,-9.65504,-1.5176477
1761098397858,1.0097711,-9.636495,-1.5080764
1761098397860,1.0001999,-9.64128,-1.5080764
1761098397863,0.9954142,-9.636495,-1.4703895
1761098397864,1.0007981,-9.626924,-1.451247
1761098397867,0.9912268,-9.622138,-1.4183456
1761098397869,0.9912268,-9.6173525,-1.422533
1761098397871,1.0103694,-9.612567,-1.4087744
1761098397873,1.015155,-9.613165,-1.3704891
1761098397876,1.0336994,-9.632308,-1.3896317
1761098397878,1.0103694,-9.613165,-1.3513466
1761098397880,1.0193424,-9.646665,-1.3561323
1761098397883,1.0055838,-9.6275215,-1.3375878
1761098397885,1.0055838,-9.6275215,-1.346561
1761098397887,1.0193424,-9.646665,-1.3328022
1761098397889,0.9906286,-9.650852,-1.3232309
1761098397892,0.98644114,-9.626924,-1.3280165
1761098397894,1.0007981,-9.6275215,-1.3328022
1761098397896,0.9912268,-9.631709,-1.3328022
1761098397898,0.99601245,-9.6173525,-1.346561
1761098397901,0.95772725,-9.631111,-1.3561323
1761098397903,0.94396853,-9.597611,-1.3704891
1761098397905,0.95353985,-9.592826,-1.3848461
1761098397907,0.9493524,-9.573684,-1.3944174
1761098397910,0.9774681,-9.583255,-1.4087744
1761098397912,0.9726824,-9.583255,-1.4231312
1761098397914,0.991825,-9.593424,-1.4273187
1761098397916,0.9726824,-9.583255,-1.4560326
1761098397919,0.97806627,-9.554541,-1.4560326
1761098397921,0.97806627,-9.568898,-1.4656038
1761098397923,0.9822537,-9.578469,-1.4751751
1761098397925,0.9589237,-9.558728,-1.4943178
1761098397927,0.9493524,-9.573085,-1.4991034
1761098397930,0.9828519,-9.554541,-1.5176477
1761098397932,0.96849495,-9.568898,-1.5128621
1761098397934,0.9349955,-9.558728,-1.5128621
1761098397937,0.95413804,-9.553943,-1.5224334
1761098397939,0.93978107,-9.553943,-1.5038891
1761098397941,0.9302098,-9.55813,-1.4991034
1761098397943,0.89730847,-9.557532,-1.5080764
1761098397946,0.9164511,-9.538987,-1.4847465
1761098397948,0.9068798,-9.538987,-1.4895321
1761098397950,0.8979067,-9.533604,-1.5086746
1761098397953,0.9020941,-9.538987,-1.4895321
1761098397955,0.907478,-9.529416,-1.4847465
1761098397957,0.88354975,-9.538389,-1.4895321
1761098397960,0.9062816,-9.577272,-1.4656038
1761098397961,0.91106725,-9.567701,-1.4656038
1761098397964,0.9349955,-9.573085,-1.451247
1761098397966,0.9349955,-9.573085,-1.4656038
1761098397968,0.95413804,-9.573085,-1.4799608
1761098397970,0.9445667,-9.582657,-1.4751751
1761098397972,0.9726824,-9.578469,-1.4751751
1761098397974,0.9822537,-9.573684,-1.4943178
1761098397977,1.0019945,-9.559925,-1.4895321
1761098397979,1.0067801,-9.559925,-1.4895321
1761098397981,1.0157533,-9.574282,-1.4943178
1761098397984,1.0396814,-9.57488,-1.5224334
1761098397986,1.0396814,-9.57488,-1.5320047
1761098397988,1.0492527,-9.570094,-1.541576
1761098397991,1.0390832,-9.589237,-1.5463617
1761098397992,1.0438689,-9.603594,-1.541576
1761098397995,1.038485,-9.61795,-1.5559329
1761098397997,1.038485,-9.632308,-1.5559329
1761098397999,1.0474582,-9.661021,-1.5463617
1761098398002,1.0378869,-9.680164,-1.5367904
1761098398004,1.0283155,-9.665807,-1.5224334
1761098398006,0.99960166,-9.689137,-1.5224334
1761098398008,0.9810573,-9.665209,-1.5080764
1761098398011,0.948156,-9.649655,-1.5128621
1761098398013,0.91405827,-9.673584,-1.5032908
1761098398015,0.8955139,-9.663414,-1.4703895
1761098398017,0.8865408,-9.629914,-1.4703895
1761098398020,0.8913264,-9.620343,-1.43689
1761098398022,0.8913264,-9.634701,-1.422533
1761098398024,0.887139,-9.5964155,-1.4087744
1761098398026,0.9200403,-9.61137,-1.3944174
1761098398029,0.90149593,-9.601201,-1.3848461
1761098398031,0.9206385,-9.592228,-1.3519448
1761098398033,0.9445667,-9.58804,-1.3609179
1761098398035,0.97806627,-9.574282,-1.3567305
1761098398038,0.9870393,-9.574282,-1.3567305
1761098398040,0.9876375,-9.569496,-1.3567305
1761098398042,1.0109676,-9.569496,-1.3704891
1761098398045,1.0253245,-9.565309,-1.3609179
1761098398047,1.0396814,-9.57488,-1.3704891
1761098398049,1.0588241,-9.561121,-1.3800604
1761098398051,1.0731809,-9.556335,-1.41356
1761098398053,1.0875379,-9.55155,-1.4327025
1761098398056,1.0683953,-9.556335,-1.4464613
1761098398058,1.082154,-9.58505,-1.4560326
1761098398061,1.0911272,-9.600004,-1.4799608
1761098398063,1.0911272,-9.623933,-1.4799608
1761098398065,1.0666007,-9.6376915,-1.4841483
1761098398067,1.0570294,-9.661619,-1.4841483
1761098398070,1.0564312,-9.695119,-1.4697913
1761098398072,1.0229317,-9.708878,-1.4793626
1761098398074,1.0229317,-9.713663,-1.474577
1761098398076,1.0085747,-9.728021,-1.4697913
1761098398079,0.9984053,-9.742377,-1.4697913
1761098398081,0.9607183,-9.727423,-1.4464613
1761098398083,0.9702896,-9.717851,-1.4464613
1761098398085,0.93738824,-9.726824,-1.4416757
1761098398087,0.9421739,-9.698111,-1.4273187
1761098398090,0.9284152,-9.687941,-1.422533
1761098398092,0.9242278,-9.664013,-1.3848461
1761098398094,0.87158567,-9.658628,-1.3800604
1761098398097,0.8865408,-9.639486,-1.422533
1761098398099,0.8673982,-9.624531,-1.4087744
1761098398101,0.849452,-9.586246,-1.3944174
1761098398103,0.849452,-9.571889,-1.4039887
1761098398106,0.83988076,-9.580862,-1.3992031
1761098398108,0.83090764,-9.561719,-1.4087744
1761098398110,0.83090764,-9.552148,-1.3992031
1761098398112,0.82612205,-9.561719,-1.4231312
1761098398115,0.83090764,-9.561719,-1.4231312
1761098398117,0.8117651,-9.541979,-1.4374882
1761098398119,0.80757767,-9.537193,-1.4560326
1761098398121,0.81236327,-9.537193,-1.451247
1761098398124,0.82672024,-9.522836,-1.4608182
1761098398126,0.8452646,-9.547362,-1.4608182
1761098398129,0.82672024,-9.522836,-1.4847465
1761098398130,0.85483587,-9.52822,-1.4895321
1761098398132,0.84107715,-9.513863,-1.4847465
1761098398135,0.8602197,-9.49472,-1.5086746
1761098398137,0.87936234,-9.5048895,-1.5086746
1761098398139,0.87936234,-9.509675,-1.5134603
1761098398141,0.88354975,-9.524033,-1.5038891
1761098398144,0.91166544,-9.538987,-1.4991034
1761098398146,0.9020941,-9.55813,-1.5128621
1761098398148,0.9206385,-9.577272,-1.4991034
1761098398151,0.9349955,-9.57787,-1.4991034
1761098398153,0.93978107,-9.582657,-1.4991034
1761098398155,0.91585284,-9.59163,-1.451247
1761098398157,0.9206385,-9.592228,-1.4608182
1761098398159,0.9020941,-9.562916,-1.43689
1761098398162,0.8925229,-9.572487,-1.4464613
1761098398164,0.8877372,-9.577272,-1.4279169
1761098398166,0.8787641,-9.538389,-1.4087744
1761098398169,0.8596215,-9.543175,-1.3896317
1761098398171,0.87338024,-9.557532,-1.3848461
1761098398173,0.86919284,-9.533604,-1.3567305
1761098398175,0.89312106,-9.529416,-1.3519448
1761098398178,0.8883354,-9.543773,-1.3328022
1761098398180,0.89730847,-9.562916,-1.3136597
1761098398182,0.9068798,-9.558728,-1.308874
1761098398184,0.9349955,-9.563514,-1.3184453
1761098398186,0.9589237,-9.573684,-1.2993027
1761098398189,0.95353985,-9.58804,-1.308874
1761098398191,0.9726824,-9.588638,-1.3040884
1761098398193,0.9816555,-9.607781,-1.3280165
1761098398196,0.9720842,-9.636495,-1.3040884
1761098398198,0.98584294,-9.646067,-1.3417753
1761098398200,0.9667004,-9.665209,-1.3369896
1761098398202,0.9667004,-9.655638,-1.3657036
1761098398205,0.9762716,-9.660423,-1.3800604
1761098398207,0.9762716,-9.660423,-1.4129617
1761098398210,0.9523434,-9.683753,-1.4177474
1761098398211,0.94277215,-9.664611,-1.4129617
1761098398214,0.94755775,-9.678967,-1.4321043
1761098398216,0.9379865,-9.683753,-1.4321043
1761098398218,0.91405827,-9.6783695,-1.4608182
1761098398220,0.90448695,-9.6783695,-1.4608182
1761098398223,0.8859426,-9.663414,-1.4464613
1761098398225,0.86261255,-9.653245,-1.4416757
1761098398227,0.8811569,-9.653843,-1.4560326
1761098398229,0.86201435,-9.6580305,-1.4464613
1761098398232,0.8673982,-9.643674,-1.451247
1761098398234,0.86261255,-9.653245,-1.4464613
1761098398236,0.8668,-9.6580305,-1.4416757
1761098398238,0.87637126,-9.663414,-1.43689
1761098398241,0.87158567,-9.653843,-1.4464613
1761098398243,0.8865408,-9.629914,-1.4416757
1761098398245,0.8913264,-9.639486,-1.43689
1761098398248,0.8865408,-9.639486,-1.4273187
1761098398250,0.8859426,-9.649057,-1.4177474
1761098398252,0.8961121,-9.634701,-1.4273187
1761098398254,0.8865408,-9.629914,-1.4177474
1761098398257,0.8865408,-9.639486,-1.4081762
1761098398259,0.8913264,-9.639486,-1.43689
1761098398261,0.89072824,-9.653843,-1.422533
1761098398264,0.8955139,-9.653843,-1.3992031
1761098398266,0.8913264,-9.615558,-1.3992031
1761098398268,0.8865408,-9.634701,-1.3848461
1761098398270,0.8817552,-9.625129,-1.4039887
1761098398272,0.8775677,-9.615558,-1.4039887
1761098398274,0.8775677,-9.615558,-1.3848461
1761098398277,0.887139,-9.59163,-1.3704891
1761098398279,0.8775677,-9.5868435,-1.3704891
1761098398282,0.8644072,-9.54796,-1.3848461
1761098398284,0.89312106,-9.538987,-1.3567305
1761098398286,0.8979067,-9.538987,-1.3615161
1761098398288,0.9170493,-9.519845,-1.3704891
1761098398290,0.9170493,-9.515059,-1.3375878
1761098398292,0.9170493,-9.515059,-1.3471591
1761098398295,0.9314062,-9.520443,-1.3567305
1761098398297,0.930808,-9.5252285,-1.3752748
1761098398299,0.96430755,-9.525827,-1.3752748
1761098398301,0.95473623,-9.540184,-1.3704891
1761098398304,0.9493524,-9.553943,-1.3848461
1761098398306,0.9822537,-9.573684,-1.41356
1761098398308,0.9774681,-9.573684,-1.4273187
1761098398311,0.9774681,-9.597611,-1.4416757
1761098398313,0.9487542,-9.597013,-1.451247
1761098398315,0.9625129,-9.616755,-1.4656038
1761098398317,0.95772725,-9.640682,-1.4793626
1761098398320,0.948156,-9.620942,-1.5080764
1761098398322,0.95772725,-9.631111,-1.5032908
1761098398324,0.94277215,-9.654441,-1.5367904
1761098398326,0.9379865,-9.673584,-1.5320047
1761098398329,0.91884387,-9.673584,-1.527219
1761098398331,0.90508515,-9.658628,-1.5367904
1761098398333,0.91884387,-9.668798,-1.564906
1761098398335,0.8811569,-9.6682,-1.5320047
1761098398338,0.87158567,-9.677173,-1.527219
1761098398340,0.87637126,-9.662816,-1.5176477
1761098398342,0.85244304,-9.672387,-1.5032908
1761098398344,0.86201435,-9.672387,-1.474577
1761098398347,0.87158567,-9.658628,-1.451247
1761098398349,0.8811569,-9.653843,-1.451247
1761098398351,0.89072824,-9.649057,-1.4081762
1761098398353,0.91465646,-9.64487,-1.4177474
1761098398356,0.91465646,-9.654441,-1.3800604
1761098398358,0.9290134,-9.659226,-1.3896317
1761098398360,0.94277215,-9.678967,-1.3657036
1761098398362,0.94755775,-9.688539,-1.3274183
1761098398365,0.9523434,-9.683753,-1.3609179
1761098398367,0.9613165,-9.703494,-1.3513466
1761098398369,0.9517452,-9.688539,-1.346561
1761098398371,0.9421739,-9.707682,-1.332204
1761098398374,0.91405827,-9.697512,-1.3369896
1761098398376,0.89072824,-9.6783695,-1.3417753
1761098398378,0.87637126,-9.6682,-1.3513466
1761098398381,0.8668,-9.6682,-1.3417753
1761098398383,0.85244304,-9.667602,-1.3369896
1761098398385,0.8386843,-9.638887,-1.346561
1761098398387,0.84825563,-9.634102,-1.3513466
1761098398389,0.82911307,-9.638887,-1.346561
1761098398392,0.8243274,-9.643075,-1.3704891
1761098398394,0.84406817,-9.619745,-1.3657036
1761098398396,0.8350951,-9.595219,-1.3561323
1761098398399,0.8679964,-9.605389,-1.3561323
1761098398401,0.887139,-9.59163,-1.3704891
1761098398403,0.8919246,-9.601201,-1.3704891
1761098398405,0.91525465,-9.606585,-1.3513466
1761098398407,0.9206385,-9.597013,-1.3848461
1761098398409,0.9296116,-9.597013,-1.3944174
1761098398412,0.96729857,-9.616755,-1.4321043
1761098398414,0.95772725,-9.635897,-1.4273187
1761098398416,0.9720842,-9.631111,-1.4129617
1761098398418,0.9906286,-9.650852,-1.422533
1761098398421,0.9906286,-9.646067,-1.4177474
1761098398423,0.9954142,-9.64128,-1.4129617
1761098398425,0.9810573,-9.665209,-1.4464613
1761098398428,0.9667004,-9.674182,-1.4416757
1761098398430,0.95712906,-9.674182,-1.4321043
1761098398432,0.9284152,-9.668798,-1.4321043
1761098398434,0.91405827,-9.668798,-1.4464613
1761098398437,0.89491564,-9.706485,-1.4560326
1761098398439,0.8751749,-9.720842,-1.4321043
1761098398442,0.86141616,-9.701699,-1.4177474
1761098398443,0.83748794,-9.715458,-1.4033905
1761098398445,0.8428718,-9.696316,-1.4033905
1761098398448,0.8470592,-9.701101,-1.3896317
1761098398450,0.8422736,-9.701101,-1.3986049
1761098398452,0.8470592,-9.701101,-1.3800604
1761098398455,0.86141616,-9.696914,-1.346561
1761098398457,0.8428718,-9.69153,-1.346561
1761098398459,0.84765744,-9.696316,-1.3513466
1761098398461,0.8285148,-9.681958,-1.308874
1761098398463,0.8530413,-9.658628,-1.3184453
1761098398467,0.86261255,-9.649057,-1.2993027
1761098398468,0.86261255,-9.629914,-1.308874
1761098398471,0.8673982,-9.639486,-1.3136597
1761098398473,0.8679964,-9.620343,-1.3184453
1761098398475,0.8775677,-9.601201,-1.3328022
1761098398478,0.90149593,-9.5964155,-1.3609179
1761098398479,0.91585284,-9.597013,-1.3609179
1761098398481,0.9200403,-9.601799,-1.3848461
1761098398484,0.9200403,-9.597013,-1.4177474
1761098398486,0.94396853,-9.597013,-1.4416757
1761098398488,0.9445667,-9.57787,-1.4273187
1761098398490,0.9445667,-9.582657,-1.4703895
1761098398493,0.95832545,-9.597611,-1.4847465
1761098398495,0.9774681,-9.583255,-1.5176477
1761098398497,0.9631111,-9.602397,-1.5463617
1761098398500,0.991825,-9.58804,-1.5607185
1761098398502,0.9870393,-9.597611,-1.5601203
1761098398504,0.991825,-9.592826,-1.5607185
1761098398506,0.9822537,-9.597611,-1.564906
1761098398508,1.015155,-9.607781,-1.5840486
1761098398511,1.0145568,-9.622138,-1.5553347
1761098398514,1.0097711,-9.646067,-1.564906
1761098398516,1.0331012,-9.656236,-1.564906
1761098398518,1.0187442,-9.670592,-1.5367904
1761098398520,0.98524475,-9.684352,-1.5128621
1761098398522,0.9708878,-9.683753,-1.4937196
1761098398524,0.94695956,-9.688539,-1.4697913
1761098398527,0.9092726,-9.687941,-1.451247
1761098398529,0.89013004,-9.677772,-1.43689
1761098398531,0.8530413,-9.6580305,-1.3986049
1761098398533,0.83389866,-9.634102,-1.3800604
1761098398535,0.82013994,-9.633504,-1.3609179
1761098398538,0.8105687,-9.614362,-1.3184453
1761098398540,0.80159557,-9.600004,-1.308874
1761098398542,0.7926225,-9.570692,-1.2759727
1761098398545,0.81595254,-9.5760765,-1.2616158
1761098398547,0.8356933,-9.557532,-1.2424731
1761098398549,0.85902333,-9.562318,-1.2329018
1761098398551,0.8500503,-9.538389,-1.2329018
1761098398553,0.8883354,-9.538987,-1.2424731
1761098398556,0.91226363,-9.5252285,-1.2520444
1761098398558,0.92183495,-9.520443,-1.2520444
1761098398561,0.9409775,-9.506086,-1.2807583
1761098398563,0.9553344,-9.501899,-1.3040884
1761098398565,0.9601201,-9.487542,-1.3328022
1761098398567,0.96490574,-9.47797,-1.3663018
1761098398569,0.9696914,-9.497113,-1.3896317
1761098398572,0.9553344,-9.491729,-1.3944174
1761098398574,0.97866446,-9.501899,-1.4327025
1761098398576,0.9738788,-9.506684,-1.4608182
1761098398578,0.9738788,-9.525827,-1.4656038
1761098398581,0.9834501,-9.530613,-1.4799608
1761098398583,0.97806627,-9.540184,-1.4991034
1761098398585,0.93978107,-9.582657,-1.5080764
1761098398587,0.95353985,-9.592228,-1.4895321
1761098398590,0.9349955,-9.582657,-1.5032908
1761098398592,0.9343972,-9.61137,-1.4889339
1761098398594,0.9200403,-9.61137,-1.4799608
1761098398596,0.91106725,-9.5964155,-1.4703895
1761098398599,0.8967103,-9.601201,-1.43689
1761098398601,0.9056834,-9.635299,-1.422533
1761098398603,0.8865408,-9.634701,-1.422533
1761098398605,0.8913264,-9.629914,-1.3896317
1761098398608,0.8578269,-9.638887,-1.3800604
1761098398610,0.8673982,-9.649057,-1.3704891
1761098398612,0.8673982,-9.644272,-1.3609179
1761098398614,0.87158567,-9.653843,-1.3417753
1761098398617,0.8536395,-9.624531,-1.3184453
1761098398619,0.8578269,-9.634701,-1.308874
1761098398621,0.8392825,-9.624531,-1.2849457
1761098398623,0.8488538,-9.619745,-1.2849457
1761098398625,0.8632108,-9.620343,-1.2897314
1761098398628,0.8769695,-9.620343,-1.2849457
1761098398630,0.887139,-9.605987,-1.308874
1761098398632,0.8967103,-9.606585,-1.3136597
1761098398635,0.9062816,-9.587442,-1.3328022
1761098398637,0.9349955,-9.57787,-1.3561323
1761098398639,0.92542416,-9.563514,-1.3800604
1761098398641,0.9445667,-9.568299,-1.3848461
1761098398644,0.96849495,-9.549755,-1.4231312
1761098398646,0.9732806,-9.554541,-1.43689
1761098398648,0.9828519,-9.540184,-1.4608182
1761098398651,0.99720883,-9.555139,-1.4751751
1761098398653,1.006182,-9.559925,-1.5080764
1761098398655,1.0205388,-9.559925,-1.5224334
1761098398657,1.0348958,-9.569496,-1.5511472
1761098398659,1.0253245,-9.574282,-1.5511472
1761098398661,1.0247263,-9.593424,-1.5320047
1761098398664,1.0055838,-9.602996,-1.527219
1761098398666,1.0295119,-9.598209,-1.5511472
1761098398668,1.0097711,-9.631709,-1.5367904
1761098398671,0.99601245,-9.626924,-1.5463617
1761098398673,1.0001999,-9.650852,-1.541576
1761098398675,0.9667004,-9.659825,-1.550549
1761098398677,0.9619147,-9.664611,-1.5128621
1761098398680,0.9242278,-9.649655,-1.5080764
1761098398682,0.91465646,-9.654441,-1.4841483
1761098398684,0.8955139,-9.639486,-1.451247
1761098398686,0.8769695,-9.634701,-1.451247
1761098398689,0.8632108,-9.61496,-1.4087744
1761098398691,0.8536395,-9.595817,-1.3896317
1761098398693,0.849452,-9.571889,-1.3800604
1761098398695,0.84047896,-9.557532,-1.3232309
1761098398698,0.863809,-9.567103,-1.3280165
1761098398700,0.86919284,-9.533604,-1.308874
1761098398702,0.8596215,-9.543175,-1.2855439
1761098398705,0.8644072,-9.548559,-1.2376875
1761098398707,0.8739785,-9.543773,-1.2568301
1761098398709,0.8781659,-9.55813,-1.2616158
1761098398711,0.89312106,-9.538987,-1.2329018
1761098398714,0.8925229,-9.543773,-1.2329018
1761098398716,0.9445667,-9.554541,-1.2568301
1761098398719,0.9445667,-9.554541,-1.2281163
1761098398721,0.9493524,-9.564112,-1.2424731
1761098398723,0.9732806,-9.559925,-1.2849457
1761098398725,0.97806627,-9.569496,-1.2993027
1761098398727,0.99661064,-9.569496,-1.3328022
1761098398729,1.0013963,-9.564711,-1.3423735
1761098398732,1.0199406,-9.589237,-1.3704891
1761098398734,1.0247263,-9.603594,-1.3704891
1761098398736,1.0193424,-9.622736,-1.3992031
1761098398738,1.038485,-9.6275215,-1.422533
1761098398741,1.0283155,-9.65145,-1.4464613
1761098398743,1.0474582,-9.652048,-1.451247
1761098398745,1.0516455,-9.680762,-1.4608182
1761098398748,1.032503,-9.689735,-1.4560326
1761098398750,1.0229317,-9.704092,-1.474577
1761098398752,1.0133604,-9.713663,-1.46022
1761098398754,0.9942178,-9.70828,-1.46022
1761098398756,0.9661021,-9.70828,-1.4650056
1761098398759,0.95653087,-9.698111,-1.4464613
1761098398761,0.927817,-9.697512,-1.4464613
1761098398763,0.9284152,-9.687941,-1.43689
1761098398765,0.90448695,-9.692726,-1.4033905
1761098398768,0.8997013,-9.692726,-1.3986049
1761098398770,0.8853444,-9.682557,-1.3800604
1761098398772,0.87637126,-9.677772,-1.346561
1761098398774,0.8811569,-9.6682,-1.3561323
1761098398777,0.8769695,-9.639486,-1.3369896
1761098398779,0.8811569,-9.649057,-1.3040884
1761098398781,0.8817552,-9.644272,-1.2993027
1761098398783,0.8865408,-9.639486,-1.3136597
1761098398786,0.8913264,-9.630513,-1.2993027
1761098398788,0.910469,-9.620942,-1.2993027
1761098398790,0.9296116,-9.601799,-1.3232309
1761098398793,0.91585284,-9.587442,-1.308874
1761098398795,0.9445667,-9.578469,-1.3184453
1761098398797,0.9349955,-9.582657,-1.3423735
1761098398799,0.9493524,-9.573684,-1.3423735
1761098398802,0.9774681,-9.593424,-1.3328022
1761098398804,0.9822537,-9.593424,-1.3752748
1761098398806,0.991825,-9.579067,-1.3752748
1761098398808,0.9876375,-9.564711,-1.3800604
1761098398811,0.9870393,-9.583853,-1.3848461
1761098398813,1.0013963,-9.583853,-1.3992031
1761098398815,0.98644114,-9.602996,-1.3704891
1761098398818,0.9816555,-9.622138,-1.3944174
1761098398820,0.9774681,-9.593424,-1.3944174
1761098398822,0.9816555,-9.631709,-1.3992031
1761098398824,0.9762716,-9.64128,-1.3992031
1761098398826,0.948156,-9.640682,-1.3992031
1761098398829,0.94755775,-9.664611,-1.3896317
1761098398831,0.95712906,-9.669396,-1.3896317
1761098398833,0.9421739,-9.707682,-1.3938192
1761098398836,0.94695956,-9.717253,-1.4177474
1761098398837,0.93260264,-9.726824,-1.3986049
1761098398840,0.91346,-9.731011,-1.4033905
1761098398842,0.8805587,-9.706485,-1.3800604
1761098398845,0.86141616,-9.701699,-1.3657036
1761098398847,0.8428718,-9.677173,-1.3561323
1761098398849,0.8243274,-9.662816,-1.3369896
1761098398852,0.80578303,-9.633504,-1.3561323
1761098398854,0.8063812,-9.609575,-1.3328022
1761098398856,0.8111669,-9.600004,-1.3232309
1761098398858,0.8111669,-9.585648,-1.3136597
1761098398860,0.81655073,-9.571291,-1.294517
1761098398862,0.83030945,-9.580862,-1.2993027
1761098398864,0.8350951,-9.571889,-1.2711871
1761098398867,0.85902333,-9.567103,-1.2897314
1761098398869,0.8925229,-9.567701,-1.2897314
1761098398871,0.92602235,-9.549157,-1.3136597
1761098398873,0.9637093,-9.564112,-1.3232309
1761098398875,0.9828519,-9.555139,-1.3561323
1761098398879,1.0067801,-9.550353,-1.3519448
1761098398880,1.0259227,-9.550952,-1.3896317
1761098398882,1.035494,-9.536594,-1.4039887
1761098398885,1.035494,-9.512667,-1.4231312
1761098398887,1.0307083,-9.536594,-1.4464613
1761098398889,1.0492527,-9.54138,-1.4656038
1761098398891,1.0492527,-9.546165,-1.4703895
1761098398894,1.0588241,-9.565309,-1.4943178
1761098398896,1.0534402,-9.579665,-1.527219
1761098398898,1.0540384,-9.565309,-1.5080764
1761098398902,1.0534402,-9.603594,-1.527219
1761098398902,1.0570294,-9.652048,-1.5367904
1761098398905,1.0522437,-9.666406,-1.5367904
1761098398907,1.018146,-9.6993065,-1.5409778
1761098398909,1.0085747,-9.708878,-1.5224334
1761098398912,1.0319048,-9.732806,-1.5218352
1761098398914,1.0127622,-9.737592,-1.5314065
1761098398916,0.9840483,-9.7609215,-1.5266209
1761098398918,0.95054877,-9.760324,-1.5122639
1761098398921,0.92243314,-9.755538,-1.4841483
1761098398923,0.90807617,-9.764511,-1.4697913
1761098398925,0.8895318,-9.7399845,-1.4697913
1761098398927,0.8662018,-9.71127,-1.451247
1761098398930,0.8572287,-9.686745,-1.422533
1761098398932,0.8380861,-9.681958,-1.4033905
1761098398934,0.8386843,-9.6580305,-1.3704891
1761098398936,0.87158567,-9.653843,-1.3609179
1761098398939,0.8673982,-9.649057,-1.3513466
1761098398941,0.910469,-9.625728,-1.3136597
1761098398943,0.94396853,-9.58804,-1.3136597
1761098398945,0.9631111,-9.583255,-1.2993027
1761098398948,1.0157533,-9.565309,-1.2849457
1761098398950,1.0073783,-9.526425,-1.2664014
1761098398952,1.0456635,-9.507881,-1.2951152
1761098398955,1.0689936,-9.503694,-1.3328022
1761098398957,1.0743774,-9.4941225,-1.3280165
1761098398959,1.0887343,-9.465408,-1.3615161
1761098398962,1.1174482,-9.45165,-1.3896317
1761098398963,1.1551352,-9.47139,-1.4279169
1761098398966,1.1413764,-9.45165,-1.4374882
1761098398970,1.160519,-9.452248,-1.4656038
1761098398970,1.1413764,-9.456435,-1.4847465
1761098398972,1.1509477,-9.456435,-1.5086746
1761098398975,1.1503495,-9.461221,-1.5320047
1761098398977,1.1312069,-9.49472,-1.5367904
1761098398979,1.1216356,-9.499506,-1.5559329
1761098398981,1.11685,-9.4941225,-1.5559329
1761098398984,1.125823,-9.523434,-1.5702899
1761098398987,1.1204392,-9.5665045,-1.541576
1761098398989,1.1156535,-9.556933,-1.5655042
1761098398991,1.1156535,-9.5760765,-1.5511472
1761098398993,1.1150553,-9.590433,-1.5607185
1761098398995,1.1006985,-9.600004,-1.5367904
1761098398997,1.0767702,-9.613763,-1.527219
1761098399000,1.0666007,-9.652048,-1.5176477
1761098399002,1.0522437,-9.656834,-1.4985052
1761098399004,1.0474582,-9.675977,-1.4793626
1761098399006,1.0378869,-9.675379,-1.4608182
1761098399008,1.0277174,-9.694521,-1.451247
1761098399011,1.0091729,-9.694521,-1.4321043
1761098399013,0.98524475,-9.684352,-1.4321043
1761098399015,0.9523434,-9.683753,-1.4321043
1761098399018,0.93738824,-9.693324,-1.4129617
1761098399020,0.9284152,-9.683753,-1.3938192
1761098399022,0.91405827,-9.683155,-1.3938192
1761098399024,0.90508515,-9.668798,-1.4081762
1761098399027,0.89491564,-9.683155,-1.3986049
1761098399029,0.90448695,-9.6783695,-1.3896317
1761098399031,0.90029955,-9.653843,-1.4177474
1761098399034,0.9194421,-9.659226,-1.422533
1761098399036,0.9290134,-9.635299,-1.4081762
1761098399038,0.9667004,-9.650852,-1.3896317
1761098399040,0.9906286,-9.655638,-1.4273187
1761098399043,1.0097711,-9.637094,-1.4321043
1761098399045,1.0289137,-9.641879,-1.4464613
1761098399047,1.0474582,-9.652048,-1.4464613
1761098399049,1.0336994,-9.632308,-1.4656038
1761098399051,1.061815,-9.642477,-1.4793626
1761098399054,1.0666007,-9.642477,-1.4703895
1761098399056,1.0576276,-9.632906,-1.4656038
1761098399058,1.0570294,-9.647263,-1.4841483
1761098399060,1.0522437,-9.652048,-1.4793626
1761098399063,1.038485,-9.637094,-1.4703895
1761098399065,1.0193424,-9.637094,-1.4703895
1761098399067,1.0145568,-9.646665,-1.4464613
1761098399070,0.9954142,-9.646067,-1.4273187
1761098399072,0.9762716,-9.650852,-1.3992031
1761098399074,0.9619147,-9.650253,-1.3752748
1761098399076,0.94337034,-9.635897,-1.3752748
1761098399079,0.94337034,-9.640682,-1.3657036
1761098399081,0.90508515,-9.640084,-1.3417753
1761098399083,0.8913264,-9.635299,-1.3184453
1761098399086,0.887139,-9.610772,-1.308874
1761098399088,0.8673982,-9.629914,-1.2993027
1761098399090,0.8632108,-9.605987,-1.294517
1761098399092,0.8536395,-9.600603,-1.3040884
1761098399094,0.85842514,-9.620343,-1.3040884
1761098399097,0.8488538,-9.600603,-1.3136597
1761098399100,0.85902333,-9.586246,-1.3184453
1761098399102,0.88235337,-9.610772,-1.3184453
1761098399104,0.88235337,-9.5868435,-1.346561
1761098399106,0.91525465,-9.606585,-1.3513466
1761098399109,0.92482597,-9.601799,-1.3513466
1761098399111,0.91525465,-9.597013,-1.3896317
1761098399113,0.92542416,-9.568299,-1.4087744
1761098399116,0.91585284,-9.568299,-1.4039887
1761098399118,0.92542416,-9.563514,-1.422533
1761098399120,0.930808,-9.5348,-1.4416757
1761098399122,0.9451649,-9.520443,-1.4608182
1761098399124,0.92602235,-9.534202,-1.4656038
1761098399126,0.9403793,-9.5252285,-1.4608182
1761098399128,0.92662054,-9.510274,-1.4799608
1761098399131,0.9314062,-9.491131,-1.4703895
1761098399133,0.92662054,-9.500702,-1.4751751
1761098399135,0.92183495,-9.505488,-1.4608182
1761098399138,0.9314062,-9.500702,-1.4464613
1761098399140,0.93619186,-9.501301,-1.4464613
1761098399142,0.9409775,-9.486943,-1.4464613
1761098399144,0.9601201,-9.491729,-1.4231312
1761098399146,0.9553344,-9.506086,-1.41356
1761098399149,0.9314062,-9.520443,-1.3944174
1761098399151,0.96430755,-9.530613,-1.4087744
1761098399153,0.9637093,-9.54497,-1.41356
1761098399155,0.9828519,-9.554541,-1.4087744
1761098399158,0.9774681,-9.578469,-1.3944174
1761098399160,0.9822537,-9.598209,-1.4177474
1761098399162,0.9912268,-9.602996,-1.3992031
1761098399164,0.9816555,-9.631709,-1.3896317
1761098399166,0.98644114,-9.612567,-1.3657036
1761098399169,0.9870393,-9.598209,-1.3752748
1761098399171,0.98644114,-9.612567,-1.3800604
1761098399173,0.9720842,-9.622138,-1.3848461
1761098399176,0.9487542,-9.611969,-1.3657036
1761098399178,0.9296116,-9.616156,-1.3609179
1761098399180,0.9194421,-9.630513,-1.3513466
1761098399182,0.90029955,-9.640084,-1.3609179
1761098399184,0.9098708,-9.635299,-1.3417753
1761098399187,0.8859426,-9.658628,-1.3704891
1761098399189,0.8817552,-9.644272,-1.3513466
1761098399191,0.8955139,-9.654441,-1.3657036
1761098399194,0.90508515,-9.668798,-1.3657036
1761098399197,0.8859426,-9.6682,-1.3848461
1761098399198,0.89491564,-9.6783695,-1.3752748
1761098399201,0.9236295,-9.674182,-1.3704891
1761098399203,0.9379865,-9.669396,-1.4033905
1761098399205,0.9284152,-9.664611,-1.3986049
1761098399207,0.948156,-9.650253,-1.3938192
1761098399209,0.95772725,-9.645468,-1.422533
1761098399212,0.9762716,-9.650852,-1.4129617
1761098399214,0.98584294,-9.655638,-1.4177474
1761098399216,0.9954142,-9.646067,-1.422533
1761098399218,1.0091729,-9.661021,-1.4033905
1761098399221,1.0283155,-9.65145,-1.422533
1761098399223,1.0139586,-9.680164,-1.4177474
1761098399225,1.0235299,-9.680164,-1.4081762
1761098399228,1.0277174,-9.685548,-1.4033905
1761098399230,1.0277174,-9.690333,-1.3986049
1761098399232,1.0139586,-9.689735,-1.3986049
1761098399234,1.0139586,-9.68495,-1.3842479
1761098399236,0.994816,-9.694521,-1.3657036
1761098399238,0.99003035,-9.680164,-1.3561323
1761098399241,0.98524475,-9.694521,-1.3609179
1761098399243,0.9661021,-9.684352,-1.3561323
1761098399245,0.94755775,-9.683753,-1.3274183
1761098399248,0.9236295,-9.678967,-1.3226327
1761098399250,0.9194421,-9.664611,-1.3040884
1761098399252,0.91465646,-9.635299,-1.294517
1761098399254,0.90089774,-9.625728,-1.2801601
1761098399257,0.9056834,-9.616156,-1.2753744
1761098399259,0.8865408,-9.625728,-1.2568301
1761098399261,0.8775677,-9.5868435,-1.2616158
1761098399263,0.88295156,-9.567701,-1.2616158
1761098399266,0.91166544,-9.549157,-1.2664014
1761098399268,0.9068798,-9.544372,-1.2472588
1761098399270,0.8925229,-9.543773,-1.2664014
1761098399273,0.9026923,-9.510274,-1.2855439
1761098399275,0.9176475,-9.486943,-1.2855439
1761098399277,0.8985049,-9.48156,-1.3040884
1761098399279,0.9176475,-9.491131,-1.3280165
1761098399281,0.9272188,-9.463016,-1.3328022
1761098399284,0.9272188,-9.486943,-1.3567305
1761098399286,0.93619186,-9.486943,-1.3663018
1761098399288,0.93619186,-9.496515,-1.3992031
1761098399290,0.9409775,-9.496515,-1.4087744
1761098399293,0.9314062,-9.495916,-1.4374882
1761098399295,0.9314062,-9.500702,-1.4751751
1761098399298,0.9164511,-9.529416,-1.4703895
1761098399300,0.9164511,-9.543773,-1.4799608
1761098399302,0.9020941,-9.55813,-1.4937196
1761098399304,0.9062816,-9.577272,-1.5032908
1761098399306,0.910469,-9.5964155,-1.4937196
1761098399308,0.8865408,-9.615558,-1.4985052
1761098399311,0.89072824,-9.639486,-1.4889339
1761098399313,0.89072824,-9.663414,-1.4793626
1761098399315,0.90448695,-9.6682,-1.4889339
1761098399318,0.8997013,-9.702297,-1.4650056
1761098399320,0.8991031,-9.72144,-1.43689
1761098399322,0.9128618,-9.75494,-1.43689
1761098399324,0.907478,-9.789038,-1.4177474
1761098399327,0.89371926,-9.778868,-1.3890336
1761098399329,0.8745767,-9.778868,-1.3561323
1761098399331,0.89371926,-9.759726,-1.346561
1761098399333,0.8889336,-9.764511,-1.317847
1761098399336,0.8895318,-9.735797,-1.2849457
1761098399338,0.87996054,-9.745368,-1.2849457
1761098399340,0.8805587,-9.711869,-1.2705889
1761098399343,0.89013004,-9.707084,-1.2376875
1761098399345,0.89013004,-9.707084,-1.218545
1761098399347,0.89491564,-9.687941,-1.2329018
1761098399349,0.9092726,-9.674182,-1.2137593
1761098399351,0.910469,-9.630513,-1.2233306
1761098399353,0.9194421,-9.640682,-1.2281163
1761098399356,0.9242278,-9.640682,-1.2329018
1761098399358,0.910469,-9.630513,-1.2329018
1761098399361,0.9625129,-9.626924,-1.2705889
1761098399363,0.9625129,-9.6173525,-1.308874
1761098399365,0.9625129,-9.626326,-1.3375878
1761098399367,0.9768698,-9.626924,-1.346561
1761098399369,0.9816555,-9.6173525,-1.3752748
1761098399372,0.9726824,-9.6071825,-1.422533
1761098399374,0.9822537,-9.602397,-1.4703895
1761098399376,0.99601245,-9.602996,-1.4703895
1761098399379,1.0247263,-9.602996,-1.5128621
1761098399380,1.0247263,-9.602996,-1.5128621
1761098399383,1.0199406,-9.612567,-1.5320047
1761098399385,1.0241281,-9.622138,-1.5601203
1761098399387,1.0241281,-9.626924,-1.5744773
1761098399389,1.0055838,-9.612567,-1.5840486
1761098399392,0.9906286,-9.640682,-1.579263
1761098399394,1.0049855,-9.622138,-1.5984055
1761098399396,0.9954142,-9.636495,-1.5601203
1761098399399,0.9625129,-9.626326,-1.541576
1761098399401,0.96789676,-9.602397,-1.550549
1761098399403,0.9391829,-9.601799,-1.550549
1761098399405,0.9296116,-9.601799,-1.527219
1761098399408,0.9206385,-9.572487,-1.5032908
1761098399410,0.8967103,-9.577272,-1.5128621
1761098399412,0.92542416,-9.573085,-1.4703895
1761098399415,0.91585284,-9.572487,-1.4416757
1761098399417,0.92482597,-9.592228,-1.4273187
1761098399419,0.94396853,-9.597611,-1.4177474
1761098399421,0.9493524,-9.578469,-1.3896317
1761098399424,0.9631111,-9.597611,-1.3752748
1761098399426,0.9774681,-9.598209,-1.3752748
1761098399428,1.0109676,-9.584451,-1.3752748
1761098399430,1.0013963,-9.593424,-1.3704891
1761098399432,0.99661064,-9.583853,-1.3800604
1761098399434,1.0253245,-9.579665,-1.3704891
1761098399437,1.0103694,-9.594023,-1.3896317
1761098399439,1.0342976,-9.589237,-1.4087744
1761098399441,1.0301101,-9.57488,-1.3848461
1761098399444,1.0205388,-9.570094,-1.3848461
1761098399446,1.0253245,-9.57488,-1.41356
1761098399448,1.0205388,-9.570094,-1.4087744
1761098399451,1.0342976,-9.608379,-1.4129617
1761098399453,1.0103694,-9.613165,-1.3896317
1761098399455,1.0055838,-9.613165,-1.3800604
1761098399458,1.0145568,-9.632308,-1.3896317
1761098399460,1.0001999,-9.632308,-1.3848461
1761098399462,0.98584294,-9.650852,-1.3752748
1761098399464,0.9667004,-9.650852,-1.3657036
1761098399466,0.9625129,-9.631111,-1.3657036
1761098399469,0.9290134,-9.640084,-1.3752748
1761098399471,0.9296116,-9.606585,-1.3561323
1761098399473,0.90149593,-9.5964155,-1.3513466
1761098399476,0.88295156,-9.572487,-1.3513466
1761098399477,0.8596215,-9.543175,-1.3519448
1761098399480,0.85483587,-9.538389,-1.3375878
1761098399482,0.85483587,-9.524033,-1.3519448
1761098399484,0.8644072,-9.519247,-1.3280165
1761098399486,0.8602197,-9.519247,-1.3184453
1761098399488,0.8883354,-9.538987,-1.3280165
1761098399491,0.8787641,-9.543773,-1.3328022
1761098399493,0.89730847,-9.55813,-1.3471591
1761098399495,0.9302098,-9.592228,-1.3375878
1761098399497,0.9200403,-9.597013,-1.3609179
1761098399500,0.9200403,-9.606585,-1.3704891
1761098399502,0.9343972,-9.61137,-1.3848461
1761098399504,0.92482597,-9.620942,-1.4177474
1761098399506,0.9529416,-9.616755,-1.4273187
1761098399509,0.95772725,-9.62154,-1.43689
1761098399511,0.9720842,-9.62154,-1.4560326
1761098399513,0.95772725,-9.626326,-1.4656038
1761098399515,0.948156,-9.62154,-1.4703895
1761098399518,0.96729857,-9.611969,-1.4608182
1761098399520,0.95772725,-9.616755,-1.4841483
1761098399523,0.9487542,-9.616755,-1.4608182
1761098399524,0.9343972,-9.620942,-1.4703895
1761098399527,0.95772725,-9.62154,-1.4464613
1761098399529,0.933799,-9.635299,-1.4321043
1761098399531,0.9290134,-9.635299,-1.43689
1761098399533,0.9200403,-9.625728,-1.4416757
1761098399536,0.9056834,-9.630513,-1.4129617
1761098399538,0.91465646,-9.640084,-1.4081762
1761098399540,0.90089774,-9.620343,-1.3944174
1761098399543,0.8817552,-9.634701,-1.3752748
1761098399545,0.8865408,-9.625129,-1.3417753
1761098399547,0.87218386,-9.629914,-1.3513466
1761098399549,0.8817552,-9.644272,-1.3274183
1761098399552,0.87637126,-9.649057,-1.332204
1761098399554,0.8955139,-9.673584,-1.294517
1761098399556,0.8811569,-9.658628,-1.3226327
1761098399558,0.8997013,-9.673584,-1.294517
1761098399560,0.90448695,-9.687941,-1.294517
1761098399563,0.89491564,-9.6783695,-1.3040884
1761098399565,0.8997013,-9.687941,-1.317847
1761098399567,0.90448695,-9.673584,-1.332204
1761098399569,0.8805587,-9.683155,-1.3226327
1761098399572,0.87637126,-9.6682,-1.346561
1761098399574,0.8859426,-9.673584,-1.3513466
1761098399576,0.8811569,-9.672985,-1.3513466
1761098399578,0.8811569,-9.663414,-1.4081762
1761098399581,0.8955139,-9.658628,-1.4081762
1761098399583,0.8853444,-9.677772,-1.4081762
1761098399585,0.90029955,-9.649057,-1.43689
1761098399588,0.90508515,-9.64487,-1.451247
1761098399590,0.8865408,-9.639486,-1.4416757
1761098399592,0.9098708,-9.649655,-1.4321043
1761098399594,0.91465646,-9.659226,-1.4416757
1761098399597,0.9098708,-9.640084,-1.4560326
1761098399599,0.90508515,-9.659226,-1.4650056
1761098399601,0.91465646,-9.649655,-1.4560326
1761098399603,0.8955139,-9.653843,-1.474577
1761098399606,0.90029955,-9.653843,-1.4560326
1761098399608,0.8955139,-9.653843,-1.4560326
1761098399610,0.87218386,-9.634102,-1.451247
1761098399612,0.8775677,-9.610174,-1.451247
1761098399615,0.887139,-9.605987,-1.4416757
1761098399617,0.87278205,-9.600603,-1.4273187
1761098399620,0.88235337,-9.5868435,-1.4177474
1761098399621,0.88295156,-9.572487,-1.3800604
1761098399624,0.90149593,-9.572487,-1.3992031
1761098399626,0.91166544,-9.543773,-1.3896317
1761098399628,0.93559366,-9.549157,-1.3848461
1761098399631,0.9589237,-9.568898,-1.3896317
1761098399633,0.9924232,-9.559925,-1.3848461
1761098399635,1.0019945,-9.559925,-1.3848461
1761098399637,1.0253245,-9.560523,-1.3752748
1761098399640,1.0301101,-9.57488,-1.3752748
1761098399641,1.0582259,-9.580264,-1.3992031
1761098399644,1.0815558,-9.595219,-1.4039887
1761098399646,1.0959128,-9.590433,-1.4039887
1761098399648,1.119841,-9.586246,-1.43689
1761098399651,1.1006985,-9.595219,-1.422533
1761098399653,1.1006985,-9.60479,-1.4087744
1761098399655,1.0767702,-9.604192,-1.4321043
1761098399657,1.0767702,-9.618548,-1.43689
1761098399660,1.0576276,-9.6376915,-1.4464613
1761098399662,1.061815,-9.6376915,-1.43689
1761098399664,1.0474582,-9.675977,-1.4273187
1761098399666,1.0235299,-9.675379,-1.4464613
1761098399669,1.018146,-9.713663,-1.4554343
1761098399671,1.0037891,-9.713663,-1.46022
1761098399673,0.9798609,-9.722636,-1.4554343
1761098399676,0.96550393,-9.717851,-1.4554343
1761098399678,0.93679005,-9.731609,-1.43689
1761098399681,0.90388876,-9.731011,-1.43689
1761098399682,0.89371926,-9.75494,-1.4273187
1761098399684,0.86560357,-9.7399845,-1.4129617
1761098399687,0.846461,-9.7298155,-1.4177474
1761098399689,0.8279166,-9.720243,-1.3938192
1761098399691,0.8045866,-9.710074,-1.3890336
1761098399693,0.79441714,-9.724431,-1.3986049
1761098399696,0.80877405,-9.71486,-1.3704891
1761098399698,0.81834537,-9.710672,-1.3986049
1761098399700,0.81894356,-9.701101,-1.3938192
1761098399703,0.85184485,-9.696316,-1.4081762
1761098399705,0.8572287,-9.682557,-1.3986049
1761098399707,0.8572287,-9.677772,-1.3890336
1761098399709,0.8572287,-9.662816,-1.3938192
1761098399712,0.84765744,-9.677173,-1.4081762
1761098399714,0.87637126,-9.663414,-1.422533
1761098399716,0.8811569,-9.653843,-1.3986049
1761098399719,0.8865408,-9.634701,-1.3986049
1761098399721,0.8769695,-9.639486,-1.422533
1761098399723,0.8673982,-9.619745,-1.4177474
1761098399725,0.87278205,-9.610174,-1.422533
1761098399728,0.85842514,-9.600603,-1.4321043
1761098399730,0.8632108,-9.595817,-1.43689
1761098399732,0.8488538,-9.591031,-1.4416757
1761098399734,0.85842514,-9.61496,-1.451247
1761098399736,0.8536395,-9.610174,-1.422533
1761098399739,0.8488538,-9.610174,-1.4464613
1761098399741,0.82971126,-9.60479,-1.4608182
1761098399743,0.8536395,-9.605389,-1.451247
1761098399745,0.8344969,-9.609575,-1.4608182
1761098399748,0.8153543,-9.619147,-1.451247
1761098399750,0.82971126,-9.614362,-1.4464613
1761098399752,0.8344969,-9.619147,-1.4416757
1761098399754,0.8392825,-9.619745,-1.4273187
1761098399757,0.8344969,-9.60479,-1.4464613
1761098399759,0.8344969,-9.595219,-1.451247
1761098399761,0.8392825,-9.60479,-1.4177474
1761098399764,0.8350951,-9.590433,-1.4081762
1761098399766,0.83988076,-9.591031,-1.3944174
1761098399768,0.83988076,-9.580862,-1.3992031
1761098399770,0.84047896,-9.552148,-1.3752748
1761098399772,0.86919284,-9.543175,-1.3561323
1761098399775,0.8644072,-9.533604,-1.3519448
1761098399777,0.88295156,-9.553345,-1.3471591
1761098399779,0.8979067,-9.524631,-1.3375878
1761098399781,0.91166544,-9.530014,-1.3328022
1761098399784,0.91166544,-9.5348,-1.3040884
1761098399786,0.9409775,-9.516255,-1.2759727
1761098399788,0.96909314,-9.516255,-1.2897314
1761098399791,0.9876375,-9.540782,-1.308874
1761098399793,0.9924232,-9.5455675,-1.3375878
1761098399795,1.0013963,-9.589237,-1.3184453
1761098399797,1.0247263,-9.589237,-1.3328022
1761098399799,1.0199406,-9.589237,-1.346561
1761098399802,1.038485,-9.623335,-1.3609179
1761098399804,1.0336994,-9.6376915,-1.3704891
1761098399806,1.0241281,-9.632308,-1.3848461
1761098399809,1.0193424,-9.641879,-1.3986049
1761098399811,1.0103694,-9.613165,-1.4321043
1761098399813,0.98644114,-9.6173525,-1.43689
1761098399815,0.9912268,-9.626924,-1.4464613
1761098399818,0.9816555,-9.612567,-1.4656038
1761098399820,0.96729857,-9.611969,-1.4703895
1761098399822,0.94396853,-9.606585,-1.4703895
1761098399825,0.94396853,-9.61137,-1.4560326
1761098399827,0.933799,-9.630513,-1.4793626
1761098399829,0.9242278,-9.635299,-1.4793626
1761098399831,0.8961121,-9.634701,-1.4703895
1761098399834,0.91525465,-9.616156,-1.4793626
1761098399836,0.8865408,-9.629914,-1.4793626
1761098399838,0.8775677,-9.600603,-1.4841483
1761098399840,0.8775677,-9.595817,-1.4656038
1761098399842,0.86859465,-9.576674,-1.4751751
1761098399845,0.8542377,-9.586246,-1.4889339
1761098399847,0.849452,-9.5665045,-1.4656038
1761098399849,0.8596215,-9.547362,-1.4799608
1761098399852,0.8542377,-9.552148,-1.4656038
1761098399854,0.85902333,-9.552746,-1.4608182
1761098399856,0.85483587,-9.547362,-1.4751751
1761098399858,0.88295156,-9.54796,-1.4799608
1761098399860,0.92602235,-9.553345,-1.4799608
1761098399863,0.9493524,-9.549157,-1.4847465
1761098399865,0.96849495,-9.540184,-1.4895321
1761098399867,0.9924232,-9.554541,-1.4985052
1761098399869,1.0115658,-9.550353,-1.4985052
1761098399872,1.0205388,-9.555139,-1.5224334
1761098399874,1.0301101,-9.550353,-1.5511472
1761098399876,1.0594223,-9.522238,-1.5367904
1761098399879,1.0779666,-9.55155,-1.541576
1761098399881,1.096511,-9.556335,-1.5696917
1761098399883,1.1108679,-9.556335,-1.5984055
1761098399885,1.1347961,-9.5665045,-1.6031911
1761098399887,1.134198,-9.585648,-1.6079768
1761098399890,1.1431711,-9.600603,-1.6408781
1761098399892,1.1383854,-9.624531,-1.6456637
1761098399894,1.1282159,-9.647861,-1.6504494
1761098399897,1.1042876,-9.652647,-1.655235
1761098399899,1.099502,-9.657433,-1.6313069
1761098399901,1.0468599,-9.675379,-1.6265212
1761098399903,1.0235299,-9.655638,-1.6169499
1761098399905,1.0001999,-9.650852,-1.6073786
1761098399908,0.9619147,-9.65504,-1.6031911
1761098399910,0.9385847,-9.64487,-1.5936198
1761098399912,0.9242278,-9.630513,-1.5601203
1761098399915,0.91465646,-9.629914,-1.5367904
1761098399917,0.90089774,-9.615558,-1.4889339
1761098399919,0.90089774,-9.625129,-1.4793626
1761098399922,0.8775677,-9.605987,-1.451247
1761098399924,0.8775677,-9.586246,-1.4464613
1761098399926,0.88295156,-9.562318,-1.4273187
1761098399929,0.8781659,-9.562318,-1.4321043
1761098399930,0.8925229,-9.543773,-1.4087744
1761098399932,0.89312106,-9.515059,-1.3992031
1761098399934,0.8883354,-9.529416,-1.3800604
1761098399937,0.8883354,-9.524631,-1.3848461
1761098399940,0.9170493,-9.500702,-1.3848461
1761098399941,0.92243314,-9.48156,-1.3752748
1761098399943,0.9320044,-9.482158,-1.3848461
1761098399946,0.94636136,-9.463016,-1.3710874
1761098399948,0.94636136,-9.472587,-1.3848461
1761098399950,0.97926265,-9.468399,-1.3944174
1761098399953,1.0079765,-9.459426,-1.4039887
1761098399955,1.0217353,-9.507282,-1.4087744
1761098399958,1.0402796,-9.512667,-1.4279169
1761098399959,1.0450653,-9.531809,-1.4464613
1761098399962,1.0492527,-9.546165,-1.4703895
1761098399964,1.0582259,-9.599406,-1.4889339
1761098399966,1.0719845,-9.599406,-1.5032908
1761098399969,1.0767702,-9.594621,-1.5080764
1761098399971,1.038485,-9.613165,-1.5367904
1761098399973,1.0438689,-9.594023,-1.5320047
1761098399975,1.0486546,-9.603594,-1.5553347
1761098399977,1.0348958,-9.574282,-1.5607185
1761098399980,1.0013963,-9.573684,-1.5840486
1761098399982,0.991825,-9.564112,-1.5984055
1761098399984,0.9595219,-9.539586,-1.5984055
1761098399987,0.9493524,-9.553943,-1.6127625
1761098399989,0.93559366,-9.548559,-1.5888343
1761098399991,0.9020941,-9.543175,-1.5840486
1761098399993,0.91166544,-9.534202,-1.5655042
1761098399995,0.88354975,-9.533604,-1.5655042
1761098399997,0.8925229,-9.552746,-1.5463617
1761098400000,0.8877372,-9.552746,-1.5224334
1761098400002,0.8925229,-9.552746,-1.5080764
1761098400005,0.8925229,-9.567701,-1.4895321
1761098400007,0.91106725,-9.577272,-1.4608182
1761098400009,0.91585284,-9.577272,-1.43689
1761098400011,0.9302098,-9.57787,-1.43689
1761098400013,0.92482597,-9.601799,-1.422533
1761098400015,0.9343972,-9.606585,-1.422533
1761098400018,0.92542416,-9.592228,-1.41356
1761098400020,0.9391829,-9.606585,-1.3992031
1761098400023,0.9768698,-9.626924,-1.3992031
1761098400024,0.9625129,-9.626326,-1.4273187
1761098400027,0.9816555,-9.622138,-1.43689
1761098400029,0.9906286,-9.636495,-1.422533
1761098400032,1.0145568,-9.637094,-1.4177474
1761098400034,1.0331012,-9.65145,-1.451247
1761098400036,1.0378869,-9.665807,-1.4650056
1761098400038,1.0666007,-9.656834,-1.4464613
1761098400040,1.0660025,-9.680762,-1.46022
1761098400042,1.0941181,-9.705289,-1.4697913
1761098400045,1.1126626,-9.725029,-1.474577
1761098400047,1.1078769,-9.7298155,-1.4554343
1761098400049,1.1174482,-9.720243,-1.4889339
1761098400051,1.1036894,-9.715458,-1.4889339
1761098400054,1.1036894,-9.705887,-1.474577
1761098400056,1.0851451,-9.690931,-1.4889339
1761098400058,1.076172,-9.652048,-1.4841483
1761098400060,1.0289137,-9.637094,-1.4793626
1761098400063,1.0049855,-9.631709,-1.4793626
1761098400065,1.015155,-9.6173525,-1.4937196
1761098400067,0.9768698,-9.611969,-1.4656038
1761098400070,0.9822537,-9.588638,-1.4321043
1761098400072,0.9631111,-9.6071825,-1.4321043
1761098400074,0.95832545,-9.583255,-1.4273187
1761098400076,0.95353985,-9.583255,-1.4129617
1761098400079,0.9726824,-9.597611,-1.4087744
1761098400081,0.95832545,-9.597611,-1.422533
1761098400083,0.9631111,-9.597611,-1.3944174
1761098400085,0.9822537,-9.574282,-1.4087744
1761098400088,0.991825,-9.593424,-1.3848461
1761098400090,0.991825,-9.579067,-1.4039887
1761098400092,0.9822537,-9.593424,-1.4273187
1761098400095,0.9870393,-9.588638,-1.4273187
1761098400097,0.9774681,-9.602996,-1.422533
1761098400099,0.9870393,-9.593424,-1.4416757
1761098400101,0.991825,-9.579067,-1.4464613
1761098400104,1.0007981,-9.593424,-1.4560326
1761098400106,1.0055838,-9.593424,-1.4608182
1761098400108,1.0055838,-9.607781,-1.4751751
1761098400110,1.0055838,-9.602996,-1.4889339
1761098400112,1.0055838,-9.607781,-1.4751751
1761098400115,1.0331012,-9.65145,-1.4985052
1761098400118,1.0235299,-9.665807,-1.527219
1761098400120,1.0091729,-9.665807,-1.4985052
1761098400122,1.0235299,-9.68495,-1.5080764
1761098400124,1.0133604,-9.704092,-1.5176477
1761098400126,1.0133604,-9.704092,-1.4985052
1761098400128,0.99960166,-9.689137,-1.5080764
1761098400131,0.98524475,-9.689137,-1.4985052
1761098400133,0.99003035,-9.67478,-1.4841483
1761098400135,0.971486,-9.65504,-1.4985052
1761098400137,0.9708878,-9.67478,-1.4841483
1761098400139,0.94277215,-9.664611,-1.4793626
1761098400142,0.9529416,-9.631111,-1.4841483
1761098400144,0.9720842,-9.62154,-1.451247
1761098400146,0.9625129,-9.616755,-1.4416757
1761098400149,0.9816555,-9.612567,-1.4177474
1761098400151,0.98644114,-9.626924,-1.4273187
1761098400153,1.0103694,-9.593424,-1.43689
1761098400155,1.0103694,-9.602996,-1.4177474
1761098400158,1.0348958,-9.57488,-1.4177474
1761098400160,1.0396814,-9.546165,-1.4231312
1761098400162,1.0683953,-9.541979,-1.4416757
1761098400164,1.0875379,-9.541979,-1.4321043
1761098400167,1.0923235,-9.537193,-1.4464613
1761098400169,1.1162517,-9.518648,-1.4608182
1761098400171,1.125823,-9.523434,-1.4656038
1761098400173,1.1497513,-9.5048895,-1.4656038
1761098400176,1.1359925,-9.489935,-1.4703895
1761098400178,1.1312069,-9.489935,-1.4943178
1761098400180,1.1455638,-9.490533,-1.4895321
1761098400183,1.1353943,-9.509077,-1.4943178
1761098400190,1.1688938,-9.5048895,-1.5224334
1761098400195,1.1395818,-9.538389,-1.5176477
1761098400195,1.1539388,-9.557532,-1.5176477
1761098400195,1.134198,-9.576674,-1.527219
1761098400196,1.1294123,-9.58146,-1.5176477
1761098400196,1.1246266,-9.600004,-1.5224334
1761098400198,1.1096715,-9.623933,-1.5409778
1761098400200,1.0809577,-9.6376915,-1.550549
1761098400203,1.076172,-9.6376915,-1.564906
1761098400205,1.061815,-9.647263,-1.5457634
1761098400207,1.0331012,-9.661021,-1.564906
1761098400209,1.0283155,-9.656236,-1.550549
1761098400212,1.0001999,-9.655638,-1.5601203
1761098400214,0.98644114,-9.626924,-1.5367904
1761098400216,0.9912268,-9.626924,-1.5553347
1761098400218,0.9625129,-9.6071825,-1.5080764
1761098400221,0.95353985,-9.592228,-1.5032908
1761098400223,0.9343972,-9.597013,-1.527219
1761098400226,0.91585284,-9.5868435,-1.5176477
1761098400228,0.91525465,-9.5964155,-1.5080764
1761098400230,0.91106725,-9.567701,-1.5176477
1761098400232,0.92542416,-9.55813,-1.5032908
1761098400234,0.9445667,-9.568299,-1.5128621
1761098400236,0.9589237,-9.563514,-1.5032908
1761098400239,0.96849495,-9.559326,-1.5080764
1761098400241,0.9876375,-9.54497,-1.5080764
1761098400243,1.0115658,-9.5455675,-1.5080764
1761098400245,1.0540384,-9.54138,-1.5080764
1761098400248,1.0444671,-9.5557375,-1.5032908
1761098400250,1.0540384,-9.560523,-1.5367904
1761098400252,1.0779666,-9.55155,-1.527219
1761098400255,1.0779666,-9.546764,-1.5224334
1761098400257,1.1060823,-9.547362,-1.5128621
1761098400259,1.1012967,-9.561719,-1.5128621
1761098400261,1.1108679,-9.5665045,-1.4985052
1761098400264,1.1156535,-9.561719,-1.5080764
1761098400266,1.105484,-9.585648,-1.5320047
1761098400268,1.1006985,-9.590433,-1.5463617
1761098400270,1.105484,-9.600004,-1.5224334
1761098400272,1.1060823,-9.5760765,-1.5224334
1761098400275,1.1012967,-9.5760765,-1.527219
1761098400277,1.0863415,-9.599406,-1.5032908
1761098400279,1.082154,-9.58505,-1.5176477
1761098400281,1.0863415,-9.604192,-1.5224334
1761098400284,1.038485,-9.61795,-1.5176477
1761098400286,1.0289137,-9.632308,-1.5176477
1761098400288,1.015155,-9.607781,-1.527219
1761098400290,1.0193424,-9.622138,-1.5224334
1761098400293,1.0055838,-9.622138,-1.527219
1761098400295,1.0007981,-9.6173525,-1.5128621
1761098400297,1.0049855,-9.631709,-1.4985052
1761098400299,0.9762716,-9.645468,-1.5176477
1761098400302,0.9667004,-9.650253,-1.5032908
1761098400304,0.9906286,-9.64128,-1.5032908
1761098400306,0.9768698,-9.626326,-1.4937196
1761098400308,0.948156,-9.635897,-1.4841483
1761098400311,0.948156,-9.635897,-1.4608182
1761098400313,0.94337034,-9.626326,-1.451247
1761098400315,0.9487542,-9.61137,-1.4841483
1761098400318,0.94396853,-9.616156,-1.4751751
1761098400320,0.9343972,-9.616156,-1.4656038
1761098400322,0.9343972,-9.601799,-1.4608182
1761098400325,0.9391829,-9.601799,-1.4464613
1761098400327,0.94396853,-9.61137,-1.4464613
1761098400329,0.9726824,-9.597611,-1.4273187
1761098400331,0.9768698,-9.622138,-1.4177474
1761098400333,0.9912268,-9.612567,-1.43689
1761098400336,1.0055838,-9.602996,-1.4416757
1761098400338,1.0109676,-9.583853,-1.4560326
1761098400340,1.0295119,-9.584451,-1.4608182
1761098400343,1.0671989,-9.604192,-1.4464613
1761098400344,1.0582259,-9.58505,-1.451247
1761098400347,1.0582259,-9.599406,-1.451247
1761098400349,1.0671989,-9.599406,-1.4560326
1761098400351,1.0725827,-9.589835,-1.451247
1761098400354,1.0719845,-9.608977,-1.4608182
1761098400356,1.0719845,-9.618548,-1.451247
1761098400358,1.0624132,-9.618548,-1.43689
1761098400360,1.0522437,-9.652048,-1.4081762
1761098400362,1.076172,-9.647861,-1.4416757
1761098400365,1.0432707,-9.642477,-1.4321043
1761098400367,1.0331012,-9.65145,-1.4177474
1761098400369,1.0187442,-9.665807,-1.3986049
1761098400372,1.0043873,-9.670592,-1.3657036
1761098400374,1.0097711,-9.641879,-1.3896317
1761098400376,0.98584294,-9.650852,-1.3657036
1761098400379,0.971486,-9.655638,-1.3513466
1761098400381,0.971486,-9.67478,-1.3561323
1761098400384,0.9619147,-9.67478,-1.346561
1761098400385,0.95712906,-9.659825,-1.3609179
1761098400387,0.9284152,-9.664611,-1.3609179
1761098400389,0.9242278,-9.65504,-1.3513466
1761098400392,0.9098708,-9.654441,-1.3704891
1761098400394,0.8859426,-9.653843,-1.3657036
1761098400396,0.86261255,-9.634701,-1.3657036
1761098400399,0.8392825,-9.61496,-1.3752748
1761098400401,0.82911307,-9.633504,-1.4033905
1761098400404,0.8255238,-9.595219,-1.4039887
1761098400406,0.8255238,-9.590433,-1.3944174
1761098400408,0.80159557,-9.599406,-1.3944174
1761098400410,0.83030945,-9.5760765,-1.4087744
1761098400412,0.8446664,-9.5760765,-1.4177474
1761098400414,0.83988076,-9.571291,-1.4177474
1761098400417,0.86859465,-9.571889,-1.4321043
1761098400419,0.86859465,-9.552746,-1.4416757
1761098400421,0.8967103,-9.577272,-1.4656038
1761098400423,0.90149593,-9.59163,-1.4799608
1761098400425,0.910469,-9.601201,-1.4799608
1761098400428,0.9200403,-9.5964155,-1.5080764
1761098400430,0.92482597,-9.592228,-1.5128621
1761098400432,0.91585284,-9.572487,-1.5032908
1761098400435,0.9212367,-9.553345,-1.5080764
1761098400437,0.9403793,-9.549157,-1.5032908
1761098400439,0.91106725,-9.572487,-1.4889339
1761098400441,0.92602235,-9.553345,-1.5224334
1761098400444,0.930808,-9.534202,-1.4943178
1761098400446,0.92602235,-9.548559,-1.4703895
1761098400448,0.92602235,-9.544372,-1.43689
1761098400450,0.91166544,-9.538987,-1.4273187
1761098400453,0.9403793,-9.5252285,-1.4087744
1761098400455,0.930808,-9.544372,-1.3896317
1761098400457,0.9493524,-9.549755,-1.3657036
1761098400459,0.9349955,-9.57787,-1.3609179
1761098400462,0.9493524,-9.578469,-1.3609179
1761098400464,0.9493524,-9.564112,-1.3375878
1761098400466,0.93978107,-9.563514,-1.3561323
1761098400468,0.9302098,-9.582657,-1.3232309
1761098400471,0.9296116,-9.597013,-1.3417753
1761098400474,0.9343972,-9.592228,-1.346561
1761098400475,0.9487542,-9.616755,-1.332204
1761098400477,0.94337034,-9.631111,-1.3417753
1761098400479,0.9290134,-9.626326,-1.346561
1761098400482,0.9385847,-9.631111,-1.3704891
1761098400484,0.948156,-9.640682,-1.3561323
1761098400486,0.933799,-9.65504,-1.3417753
1761098400489,0.94277215,-9.65504,-1.3609179
1761098400491,0.94755775,-9.674182,-1.3842479
1761098400493,0.94755775,-9.674182,-1.3752748
1761098400495,0.93738824,-9.693324,-1.3794622
1761098400497,0.9379865,-9.688539,-1.3842479
1761098400500,0.94695956,-9.693324,-1.4081762
1761098400502,0.95653087,-9.70828,-1.4033905
1761098400504,0.9517452,-9.702896,-1.4129617
1761098400506,0.9661021,-9.689137,-1.4321043
1761098400509,0.9661021,-9.679565,-1.4321043
1761098400511,0.9613165,-9.698709,-1.4416757
1761098400513,0.95712906,-9.664611,-1.4321043
1761098400516,0.9667004,-9.660423,-1.4273187
1761098400518,0.9619147,-9.645468,-1.4273187
1761098400520,0.9720842,-9.626326,-1.4321043
1761098400522,0.9768698,-9.602397,-1.4416757
1761098400524,0.9822537,-9.593424,-1.4464613
1761098400527,0.9637093,-9.573684,-1.4321043
1761098400529,0.9732806,-9.568898,-1.4321043
1761098400531,0.97806627,-9.559326,-1.43689
1761098400533,0.9822537,-9.578469,-1.43689
1761098400536,0.9870393,-9.583853,-1.451247
1761098400538,0.9774681,-9.58804,-1.4656038
1761098400540,0.98644114,-9.607781,-1.4608182
1761098400542,0.9912268,-9.6173525,-1.4656038
1761098400545,0.98644114,-9.622138,-1.474577
1761098400547,1.0103694,-9.6173525,-1.474577
1761098400549,1.0055838,-9.612567,-1.4889339
1761098400551,0.9768698,-9.626326,-1.4985052
1761098400554,0.95832545,-9.602397,-1.474577
1761098400556,0.94396853,-9.597013,-1.4889339
1761098400558,0.92482597,-9.597013,-1.5128621
1761098400560,0.8967103,-9.572487,-1.5176477
1761098400563,0.8781659,-9.567103,-1.5080764
1761098400565,0.8446664,-9.571291,-1.5128621
1761098400567,0.83988076,-9.580862,-1.5224334
1761098400570,0.849452,-9.571291,-1.4937196
1761098400572,0.863809,-9.571889,-1.5032908
1761098400574,0.8536395,-9.590433,-1.5128621
1761098400576,0.87278205,-9.58146,-1.5080764
1761098400579,0.86859465,-9.571889,-1.5176477
1761098400581,0.8775677,-9.586246,-1.5128621
1761098400583,0.8967103,-9.59163,-1.4841483
1761098400585,0.9062816,-9.5868435,-1.4889339
1761098400588,0.92542416,-9.568299,-1.4937196
1761098400590,0.9445667,-9.568299,-1.4937196
1761098400592,0.9631111,-9.58804,-1.5224334
1761098400594,0.96789676,-9.597611,-1.5224334
1761098400597,0.98644114,-9.602397,-1.5128621
1761098400599,1.0055838,-9.607781,-1.5176477
1761098400601,0.99601245,-9.598209,-1.5128621
1761098400603,1.0103694,-9.607781,-1.5224334
1761098400606,1.0145568,-9.636495,-1.5176477
1761098400608,1.0097711,-9.622138,-1.5080764
1761098400610,1.0145568,-9.622138,-1.5128621
1761098400612,1.0055838,-9.6173525,-1.5080764
1761098400615,0.9954142,-9.631709,-1.5032908
1761098400617,0.971486,-9.664611,-1.5080764
1761098400619,0.95712906,-9.65504,-1.4985052
1761098400621,0.9619147,-9.664611,-1.4793626
1761098400624,0.95653087,-9.678967,-1.451247
1761098400626,0.9661021,-9.684352,-1.451247
1761098400628,0.9613165,-9.693324,-1.4554343
1761098400630,0.9523434,-9.678967,-1.4081762
1761098400633,0.9619147,-9.669994,-1.4081762
1761098400635,0.94277215,-9.669396,-1.3890336
1761098400637,0.93320084,-9.669396,-1.3752748
1761098400639,0.95712906,-9.650253,-1.3657036
1761098400642,0.9385847,-9.631111,-1.3704891
1761098400644,0.94755775,-9.65504,-1.3704891
1761098400646,0.9487542,-9.611969,-1.3561323
1761098400648,0.9625129,-9.616755,-1.3704891
1761098400651,0.95772725,-9.616755,-1.3513466
1761098400653,0.95353985,-9.58804,-1.3232309
1761098400655,0.95353985,-9.58804,-1.308874
1761098400657,0.9637093,-9.573684,-1.3328022
1761098400660,0.95832545,-9.58804,-1.3232309
1761098400662,0.95413804,-9.568898,-1.308874
1761098400664,0.9732806,-9.569496,-1.3280165
1761098400666,0.9493524,-9.578469,-1.3328022
1761098400669,0.9445667,-9.564112,-1.3184453
1761098400671,0.9493524,-9.564112,-1.3328022
1761098400673,0.95832545,-9.578469,-1.3609179
1761098400675,0.93978107,-9.573085,-1.3657036
1761098400678,0.9493524,-9.573684,-1.3609179
1761098400680,0.93978107,-9.568299,-1.3800604
1761098400682,0.9349955,-9.573085,-1.3800604
1761098400684,0.9391829,-9.592228,-1.4039887
1761098400686,0.95353985,-9.602397,-1.4177474
1761098400689,0.9343972,-9.606585,-1.422533
1761098400691,0.91525465,-9.597013,-1.4177474
1761098400693,0.91525465,-9.597013,-1.4129617
1761098400696,0.9296116,-9.606585,-1.4416757
1761098400698,0.910469,-9.605987,-1.4416757
1761098400700,0.910469,-9.605987,-1.4416757
1761098400702,0.90149593,-9.601201,-1.4129617
1761098400705,0.8961121,-9.615558,-1.4081762
1761098400707,0.8817552,-9.610772,-1.4129617
1761098400710,0.9056834,-9.605987,-1.4177474
1761098400712,0.8955139,-9.644272,-1.4273187
1761098400714,0.89072824,-9.644272,-1.422533
1761098400716,0.8817552,-9.639486,-1.422533
1761098400718,0.8997013,-9.673584,-1.3890336
1761098400721,0.8859426,-9.672985,-1.4033905
1761098400723,0.89491564,-9.683155,-1.3938192
1761098400725,0.90508515,-9.664013,-1.3938192
1761098400727,0.9092726,-9.668798,-1.3848461
1761098400729,0.90448695,-9.683155,-1.3609179
1761098400732,0.9284152,-9.678967,-1.3752748
1761098400734,0.91884387,-9.673584,-1.3848461
1761098400736,0.91405827,-9.692726,-1.3752748
1761098400739,0.9092726,-9.683155,-1.3657036
1761098400741,0.90448695,-9.687941,-1.3800604
1761098400743,0.91405827,-9.683155,-1.3800604
1761098400745,0.8997013,-9.692726,-1.346561
1761098400747,0.8859426,-9.6783695,-1.3369896
1761098400750,0.8805587,-9.697512,-1.3369896
1761098400752,0.8709874,-9.692128,-1.3274183
1761098400754,0.8805587,-9.711869,-1.3369896
1761098400757,0.8751749,-9.72144,-1.3417753
1761098400759,0.8566305,-9.720842,-1.3369896
1761098400761,0.86560357,-9.730413,-1.3226327
1761098400763,0.8566305,-9.716056,-1.3130615
1761098400766,0.8470592,-9.71127,-1.3082758
1761098400768,0.8572287,-9.687343,-1.3369896
1761098400770,0.87158567,-9.6682,-1.3226327
1761098400772,0.8769695,-9.639486,-1.346561
1761098400775,0.84347,-9.648459,-1.3513466
1761098400777,0.8679964,-9.615558,-1.346561
1761098400779,0.8536395,-9.600603,-1.3657036
1761098400781,0.8919246,-9.582058,-1.3992031
1761098400783,0.9164511,-9.553345,-1.4273187
1761098400786,0.93978107,-9.549157,-1.4464613
1761098400788,0.95473623,-9.520443,-1.4608182
1761098400790,0.9984053,-9.487542,-1.4847465
1761098400792,1.012164,-9.502497,-1.4943178
1761098400795,1.0360922,-9.48814,-1.5320047
1761098400797,1.079163,-9.4839525,-1.541576
1761098400799,1.079163,-9.469596,-1.5655042
1761098400802,1.0983056,-9.455837,-1.5984055
1761098400804,1.1264212,-9.474979,-1.6223338
1761098400806,1.1359925,-9.475577,-1.6271194
1761098400808,1.1126626,-9.465408,-1.6462619
1761098400810,1.1407782,-9.480363,-1.6366907
1761098400813,1.1312069,-9.479765,-1.6600207
1761098400815,1.1455638,-9.489935,-1.6504494
1761098400817,1.16351,-9.519247,-1.6456637
1761098400820,1.1449656,-9.509077,-1.6456637
1761098400822,1.1497513,-9.518648,-1.6175481
1761098400824,1.1252248,-9.537791,-1.6079768
1761098400826,1.1300105,-9.561719,-1.5840486
1761098400829,1.1102697,-9.580862,-1.5553347
1761098400831,1.0959128,-9.600004,-1.5463617
1761098400833,1.0767702,-9.608977,-1.5176477
1761098400835,1.0624132,-9.632906,-1.474577
1761098400838,1.038485,-9.641879,-1.451247
1761098400840,1.0193424,-9.646665,-1.422533
1761098400842,1.0001999,-9.64128,-1.4129617
1761098400844,0.9912268,-9.626924,-1.3944174
1761098400847,0.9768698,-9.612567,-1.3752748
1761098400849,0.95832545,-9.6071825,-1.3657036
1761098400851,0.9445667,-9.578469,-1.3609179
1761098400853,0.9726824,-9.573684,-1.3704891
1761098400856,0.9726824,-9.588638,-1.3609179
1761098400858,0.9637093,-9.564112,-1.3800604
1761098400860,0.9637093,-9.573684,-1.3561323
1761098400862,0.9637093,-9.573684,-1.3896317
1761098400865,0.9822537,-9.583853,-1.4039887
1761098400867,0.9870393,-9.588638,-1.422533
1761098400869,1.0109676,-9.574282,-1.4799608
1761098400871,0.99601245,-9.593424,-1.4841483
1761098400874,1.015155,-9.607781,-1.5032908
1761098400877,1.0390832,-9.603594,-1.5176477
1761098400879,1.0480564,-9.603594,-1.5457634
1761098400880,1.052842,-9.608379,-1.5457634
1761098400883,1.0671989,-9.608977,-1.5744773
1761098400885,1.0576276,-9.613165,-1.579263
1761098400887,1.0630114,-9.584451,-1.6127625
1761098400889,1.0582259,-9.589237,-1.6031911
1761098400892,1.0582259,-9.579665,-1.6031911
1761098400894,1.0576276,-9.603594,-1.6265212
1761098400896,1.0582259,-9.584451,-1.6217356
1761098400898,1.0438689,-9.598808,-1.6175481
1761098400901,1.0486546,-9.594023,-1.5936198
1761098400903,1.0295119,-9.583853,-1.579263
1761098400905,1.0055838,-9.593424,-1.5601203
1761098400907,1.0007981,-9.598209,-1.527219
1761098400910,1.0007981,-9.607781,-1.527219
1761098400912,0.9816555,-9.602397,-1.4889339
1761098400914,0.9768698,-9.611969,-1.4656038
1761098400917,0.95353985,-9.6071825,-1.451247
1761098400919,0.9385847,-9.640682,-1.422533
1761098400922,0.92482597,-9.61137,-1.3848461
1761098400924,0.9391829,-9.611969,-1.3800604
1761098400925,0.933799,-9.626326,-1.3657036
1761098400928,0.910469,-9.620942,-1.3657036
1761098400930,0.90508515,-9.635299,-1.3417753
1761098400932,0.9242278,-9.640682,-1.3513466
1761098400934,0.90089774,-9.630513,-1.3561323
1761098400937,0.9242278,-9.625728,-1.3513466
1761098400939,0.9194421,-9.640084,-1.346561
1761098400941,0.9056834,-9.630513,-1.3369896
1761098400944,0.9200403,-9.625728,-1.3561323
1761098400946,0.9385847,-9.626326,-1.3369896
1761098400948,0.92482597,-9.620942,-1.3274183
1761098400950,0.9343972,-9.6071825,-1.3561323
1761098400953,0.95772725,-9.636495,-1.3369896
1761098400955,0.94396853,-9.6071825,-1.3513466
1761098400957,0.948156,-9.626326,-1.3704891
1761098400960,0.9625129,-9.626326,-1.3704891
1761098400961,0.96729857,-9.612567,-1.3561323
1761098400964,0.9768698,-9.622138,-1.3704891
1761098400966,0.9768698,-9.612567,-1.3704891
1761098400968,0.96729857,-9.622138,-1.3800604
1761098400972,0.95772725,-9.631111,-1.3657036
1761098400973,0.9720842,-9.631709,-1.3657036
1761098400975,0.9667004,-9.64128,-1.3890336
1761098400978,0.9768698,-9.6173525,-1.3752748
1761098400980,0.9667004,-9.669994,-1.3890336
1761098400982,0.9667004,-9.669994,-1.3890336
1761098400984,0.95653087,-9.693923,-1.3746766
1761098400986,0.9523434,-9.664611,-1.3704891
1761098400988,0.93320084,-9.683753,-1.3609179
1761098400991,0.91884387,-9.678967,-1.3513466
1761098400993,0.9098708,-9.659226,-1.332204
1761098400995,0.87218386,-9.644272,-1.3417753
1761098400998,0.8668,-9.658628,-1.3226327
1761098401000,0.83389866,-9.6580305,-1.317847
1761098401002,0.86261255,-9.649057,-1.294517
1761098401004,0.83389866,-9.648459,-1.2993027
1761098401006,0.8386843,-9.629316,-1.294517
1761098401009,0.84406817,-9.61496,-1.2801601
1761098401011,0.8392825,-9.619745,-1.2897314
1761098401013,0.8386843,-9.643674,-1.2801601
1761098401015,0.87218386,-9.620343,-1.308874
1761098401018,0.8488538,-9.600603,-1.294517
1761098401020,0.85842514,-9.610772,-1.2801601
1761098401022,0.8542377,-9.576674,-1.2801601
1761098401025,0.8781659,-9.553345,-1.346561
1761098401027,0.8877372,-9.548559,-1.3184453
1761098401029,0.8739785,-9.538389,-1.3423735
1761098401031,0.8739785,-9.538389,-1.3800604
1761098401034,0.89312106,-9.534202,-1.3704891
1761098401036,0.9020941,-9.538987,-1.422533
1761098401038,0.8979067,-9.515059,-1.4273187
1761098401041,0.92542416,-9.563514,-1.4464613
1761098401043,0.92542416,-9.553943,-1.4656038
1761098401045,0.9206385,-9.567701,-1.4799608
1761098401047,0.9200403,-9.592228,-1.4889339
1761098401049,0.92482597,-9.601799,-1.4937196
1761098401052,0.9242278,-9.630513,-1.5032908
1761098401054,0.9242278,-9.654441,-1.5128621
1761098401056,0.9098708,-9.654441,-1.4841483
1761098401058,0.90029955,-9.663414,-1.4650056
1761098401061,0.87637126,-9.672985,-1.4554343
1761098401063,0.85244304,-9.662816,-1.4841483
1761098401065,0.84347,-9.638887,-1.4608182
1761098401068,0.84825563,-9.643674,-1.451247
1761098401070,0.84406817,-9.619745,-1.4560326
1761098401072,0.84406817,-9.619745,-1.4464613
1761098401074,0.8488538,-9.600603,-1.4273187
1761098401076,0.87278205,-9.610772,-1.3992031
1761098401079,0.87278205,-9.5964155,-1.3944174
1761098401081,0.8919246,-9.59163,-1.3561323
1761098401083,0.9056834,-9.601799,-1.3232309
1761098401085,0.92482597,-9.61137,-1.308874
1761098401088,0.9343972,-9.6071825,-1.332204
1761098401090,0.9385847,-9.626326,-1.3184453
1761098401092,0.98584294,-9.636495,-1.332204
1761098401094,1.0049855,-9.632308,-1.346561
1761098401097,1.0235299,-9.656834,-1.3513466
1761098401099,1.0283155,-9.652048,-1.3513466
1761098401101,1.061815,-9.647861,-1.3657036
1761098401104,1.0426725,-9.647263,-1.3896317
1761098401106,1.0570294,-9.671191,-1.3986049
1761098401108,1.0570294,-9.661619,-1.422533
1761098401110,1.0713863,-9.657433,-1.43689
1761098401113,1.0570294,-9.661619,-1.4416757
1761098401115,1.0432707,-9.6275215,-1.4656038
1761098401118,1.0426725,-9.642477,-1.474577
1761098401119,1.0289137,-9.637094,-1.4793626
1761098401122,0.9954142,-9.655638,-1.5080764
1761098401124,1.0049855,-9.646067,-1.5080764
1761098401126,0.9810573,-9.645468,-1.5367904
1761098401128,0.9810573,-9.65504,-1.5457634
1761098401131,0.971486,-9.650253,-1.564906
1761098401133,0.95712906,-9.65504,-1.5601203
1761098401135,0.9762716,-9.659825,-1.5224334
1761098401137,0.971486,-9.664611,-1.5409778
1761098401140,0.9762716,-9.659825,-1.5224334
1761098401142,0.9762716,-9.659825,-1.5128621
1761098401144,0.9762716,-9.640682,-1.5032908
1761098401146,0.95772725,-9.626326,-1.5032908
1761098401149,0.933799,-9.625728,-1.5080764
1761098401151,0.9296116,-9.616156,-1.4703895
1761098401153,0.910469,-9.610772,-1.4841483
1761098401155,0.90089774,-9.605987,-1.4889339
1761098401158,0.8679964,-9.591031,-1.4799608
1761098401160,0.8781659,-9.571889,-1.4799608
1761098401162,0.87338024,-9.557532,-1.4703895
1761098401165,0.85902333,-9.557532,-1.4608182
1761098401167,0.8925229,-9.543175,-1.4703895
1761098401169,0.8787641,-9.528818,-1.4847465
1761098401171,0.9212367,-9.524631,-1.4751751
1761098401174,0.9403793,-9.5348,-1.5032908
1761098401176,0.9164511,-9.529416,-1.4895321
1761098401178,0.95473623,-9.520443,-1.4991034
1761098401180,0.9876375,-9.530613,-1.5176477
1761098401183,1.0019945,-9.5353985,-1.527219
1761098401185,1.0115658,-9.531211,-1.5224334
1761098401187,1.0546366,-9.531809,-1.527219
1761098401189,1.0588241,-9.531809,-1.5367904
1761098401192,1.0444671,-9.54138,-1.5559329
1761098401194,1.0636097,-9.536594,-1.541576
1761098401196,1.0689936,-9.522238,-1.5367904
1761098401199,1.0588241,-9.54138,-1.5176477
1761098401201,1.0731809,-9.556335,-1.5176477
1761098401203,1.0588241,-9.550952,-1.5080764
1761098401205,1.0582259,-9.570692,-1.4751751
1761098401207,1.0534402,-9.575478,-1.4464613
1761098401210,1.0492527,-9.570094,-1.43689
1761098401213,1.015155,-9.594023,-1.4321043
1761098401215,1.0109676,-9.574282,-1.4177474
1761098401216,1.0013963,-9.588638,-1.4087744
1761098401219,0.9822537,-9.588638,-1.3848461
1761098401221,0.95832545,-9.583255,-1.3896317
1761098401223,0.94396853,-9.592826,-1.3896317
1761098401225,0.9302098,-9.573085,-1.4039887
1761098401228,0.92542416,-9.582657,-1.3944174
1761098401230,0.9445667,-9.563514,-1.3944174
1761098401232,0.9302098,-9.57787,-1.4129617
1761098401234,0.9343972,-9.592228,-1.4129617
1761098401237,0.92482597,-9.592228,-1.4177474
1761098401239,0.9487542,-9.583255,-1.4087744
1761098401241,0.9774681,-9.583255,-1.4273187
1761098401243,0.99661064,-9.588638,-1.4273187
1761098401246,1.0013963,-9.583853,-1.422533
1761098401248,1.0157533,-9.584451,-1.422533
1761098401250,1.0109676,-9.583853,-1.43689
1761098401252,1.0109676,-9.569496,-1.4464613
1761098401255,0.99661064,-9.583853,-1.4799608
1761098401257,1.0013963,-9.583853,-1.4703895
1761098401259,0.9822537,-9.593424,-1.4416757
1761098401261,0.9912268,-9.602996,-1.4464613
1761098401264,0.98644114,-9.607781,-1.43689
1761098401266,0.9768698,-9.626924,-1.4177474
1761098401268,0.971486,-9.64128,-1.4177474
1761098401271,0.9720842,-9.636495,-1.4177474
1761098401272,0.9762716,-9.665209,-1.3986049
1761098401275,0.95712906,-9.669396,-1.4033905
1761098401278,0.95712906,-9.674182,-1.3938192
1761098401280,0.9517452,-9.693923,-1.3752748
1761098401282,0.93320084,-9.683753,-1.3561323
1761098401284,0.93738824,-9.698111,-1.3609179
1761098401287,0.9379865,-9.678967,-1.3513466
1761098401289,0.9236295,-9.669396,-1.3513466
1761098401291,0.91465646,-9.659226,-1.3513466
1761098401293,0.9098708,-9.649655,-1.3184453
1761098401295,0.910469,-9.630513,-1.3184453
1761098401298,0.8913264,-9.640084,-1.3184453
1761098401300,0.8961121,-9.630513,-1.308874
1761098401302,0.910469,-9.616156,-1.3280165
1761098401304,0.8817552,-9.620343,-1.3232309
1761098401307,0.8769695,-9.625129,-1.3417753
1761098401309,0.8961121,-9.625728,-1.3369896
1761098401311,0.9056834,-9.630513,-1.3657036
1761098401314,0.8865408,-9.634701,-1.3704891
1761098401316,0.9056834,-9.625728,-1.3657036
1761098401318,0.90508515,-9.640084,-1.3752748
1761098401320,0.8961121,-9.625129,-1.3896317
1761098401322,0.8865408,-9.634701,-1.422533
1761098401324,0.8673982,-9.624531,-1.43689
1761098401327,0.87218386,-9.624531,-1.4464613
1761098401329,0.8488538,-9.610174,-1.474577
1761098401332,0.8207382,-9.580862,-1.4608182
1761098401333,0.8255238,-9.595219,-1.4656038
1761098401336,0.7920243,-9.589835,-1.4608182
1761098401338,0.7920243,-9.58505,-1.451247
1761098401340,0.7728817,-9.603594,-1.4560326
1761098401343,0.7728817,-9.598808,-1.4608182
1761098401345,0.75912297,-9.570094,-1.4416757
1761098401347,0.7639086,-9.584451,-1.4464613
1761098401349,0.76331043,-9.598808,-1.4464613
1761098401352,0.7680961,-9.603594,-1.4416757
1761098401354,0.77766734,-9.599406,-1.43689
1761098401356,0.80159557,-9.599406,-1.422533
1761098401358,0.83030945,-9.595219,-1.4416757
1761098401360,0.82013994,-9.619147,-1.4416757
1761098401363,0.82971126,-9.628718,-1.4416757
1761098401365,0.8392825,-9.619147,-1.4656038
1761098401367,0.8536395,-9.61496,-1.43689
1761098401369,0.8865408,-9.634701,-1.4560326
1761098401372,0.8865408,-9.639486,-1.4560326
1761098401374,0.8913264,-9.625129,-1.43689
1761098401376,0.8919246,-9.601201,-1.43689
1761098401378,0.90149593,-9.5964155,-1.4464613
1761098401381,0.8967103,-9.59163,-1.4416757
1761098401383,0.8913264,-9.605987,-1.4321043
1761098401385,0.8961121,-9.625129,-1.43689
1761098401387,0.91525465,-9.61137,-1.4273187
1761098401390,0.91465646,-9.640084,-1.4273187
1761098401392,0.8961121,-9.634701,-1.4129617
1761098401394,0.91884387,-9.664013,-1.4464613
1761098401397,0.91884387,-9.664013,-1.43689
1761098401399,0.91405827,-9.683155,-1.451247
1761098401401,0.93320084,-9.683753,-1.4177474
1761098401403,0.93260264,-9.707682,-1.43689
1761098401406,0.94695956,-9.702896,-1.422533
1761098401408,0.95653087,-9.698709,-1.3986049
1761098401410,0.93260264,-9.717253,-1.422533
1761098401413,0.9086744,-9.731011,-1.4129617
1761098401414,0.93260264,-9.717253,-1.4033905
1761098401417,0.92303133,-9.726824,-1.4129617
1761098401419,0.92303133,-9.726824,-1.3938192
1761098401421,0.93738824,-9.717253,-1.3890336
1761098401424,0.9086744,-9.735797,-1.3842479
1761098401426,0.9086744,-9.735797,-1.3746766
1761098401428,0.9086744,-9.716655,-1.3417753
1761098401431,0.89013004,-9.707084,-1.346561
1761098401433,0.8566305,-9.716056,-1.3130615
1761098401435,0.8709874,-9.71127,-1.3130615
1761098401438,0.8566305,-9.706485,-1.3130615
1761098401439,0.8422736,-9.71127,-1.2753744
1761098401442,0.8662018,-9.716056,-1.2801601
1761098401444,0.87996054,-9.726226,-1.2610176
1761098401446,0.86560357,-9.726226,-1.2610176
1761098401448,0.8751749,-9.745368,-1.2610176
1761098401451,0.9086744,-9.736395,-1.2323036
1761098401453,0.90329057,-9.750752,-1.2753744
1761098401456,0.91346,-9.722038,-1.2562319
1761098401458,0.91346,-9.726824,-1.2562319
1761098401460,0.927817,-9.717253,-1.2562319
1761098401462,0.92303133,-9.702896,-1.2658032
1761098401464,0.9092726,-9.698111,-1.2801601
1761098401466,0.9092726,-9.688539,-1.2897314
1761098401469,0.8997013,-9.673584,-1.2658032
1761098401471,0.91884387,-9.669396,-1.3040884
1761098401474,0.933799,-9.631111,-1.3040884
1761098401476,0.9194421,-9.640682,-1.2993027
1761098401478,0.91465646,-9.640084,-1.2993027
1761098401480,0.910469,-9.61137,-1.3136597
1761098401482,0.9062816,-9.592228,-1.3136597
1761098401484,0.91585284,-9.568299,-1.3040884
1761098401488,0.9349955,-9.553943,-1.3375878
1761098401489,0.9403793,-9.530014,-1.3561323
1761098401491,0.9738788,-9.521041,-1.3609179
1761098401493,1.0025927,-9.52164,-1.3896317
1761098401495,1.0163515,-9.516854,-1.4231312
1761098401498,1.0360922,-9.478569,-1.4656038
1761098401500,1.0594223,-9.503095,-1.4799608
1761098401502,1.0737791,-9.522836,-1.527219
1761098401504,1.0977074,-9.508479,-1.541576
1761098401507,1.1072787,-9.508479,-1.5607185
1761098401509,1.1264212,-9.499506,-1.5888343
1761098401511,1.1210374,-9.523434,-1.5888343
1761098401514,1.0923235,-9.51805,-1.6127625
1761098401516,1.0923235,-9.51805,-1.5936198
1761098401518,1.0833504,-9.498309,-1.5984055
1761098401520,1.0546366,-9.512667,-1.579263
1761098401522,1.0307083,-9.507282,-1.5744773
1761098401525,0.99302137,-9.492328,-1.5511472
1761098401527,0.9882358,-9.506684,-1.5655042
1761098401529,0.96909314,-9.501301,-1.5511472
1761098401532,0.9457632,-9.506086,-1.5463617
1761098401534,0.9457632,-9.496515,-1.5176477
1761098401537,0.9409775,-9.495916,-1.5176477
1761098401538,0.9451649,-9.5348,-1.5224334
1761098401540,0.93619186,-9.510274,-1.5128621
1761098401543,0.9834501,-9.51147,-1.5080764
1761098401545,0.9834501,-9.51147,-1.5128621
1761098401547,0.99302137,-9.506684,-1.5128621
1761098401549,1.0025927,-9.506684,-1.5032908
1761098401552,0.98883396,-9.482756,-1.5038891
1761098401554,1.0073783,-9.487542,-1.5176477
1761098401556,1.0217353,-9.492926,-1.5320047
1761098401559,1.012164,-9.492328,-1.5559329
1761098401561,1.0408778,-9.497711,-1.541576
1761098401563,1.0360922,-9.492926,-1.5655042
1761098401566,1.0546366,-9.498309,-1.579263
1761098401567,1.0360922,-9.48814,-1.6079768
1761098401570,1.0594223,-9.498309,-1.6223338
1761098401572,1.0737791,-9.493524,-1.6366907
1761098401574,1.0552348,-9.483355,-1.6366907
1761098401577,1.0648061,-9.474381,-1.6319051
1761098401580,1.0929217,-9.503694,-1.6456637
1761098401581,1.1066805,-9.51805,-1.6743777
1761098401583,1.1018949,-9.537193,-1.655235
1761098401586,1.1018949,-9.532407,-1.6600207
1761098401588,1.1150553,-9.580862,-1.6456637
1761098401590,1.105484,-9.580264,-1.6648064
1761098401593,1.1012967,-9.575478,-1.6504494
1761098401596,1.0815558,-9.589835,-1.6217356
1761098401597,1.0767702,-9.613763,-1.6313069
1761098401599,1.052842,-9.61795,-1.6073786
1761098401601,1.0576276,-9.613165,-1.5936198
1761098401604,1.0432707,-9.622736,-1.5840486
1761098401606,1.0241281,-9.6275215,-1.5696917
1761098401608,1.0336994,-9.6275215,-1.5553347
1761098401610,1.0241281,-9.637094,-1.5314065
1761098401613,0.9912268,-9.622138,-1.5224334
1761098401615,0.9906286,-9.650852,-1.5032908
1761098401617,0.99960166,-9.665209,-1.4841483
1761098401619,0.98524475,-9.684352,-1.4554343
1761098401622,0.98524475,-9.67478,-1.43689
1761098401624,0.99003035,-9.669994,-1.4177474
1761098401626,0.9810573,-9.665209,-1.4129617
1761098401628,0.9667004,-9.655638,-1.4033905
1761098401631,0.9810573,-9.646067,-1.3800604
1761098401633,0.9720842,-9.622138,-1.3704891
1761098401636,0.9625129,-9.616755,-1.3657036
1761098401637,0.9487542,-9.583255,-1.3513466
1761098401640,0.94396853,-9.602397,-1.3561323
1761098401642,0.9349955,-9.57787,-1.3513466
1761098401644,0.9493524,-9.578469,-1.3417753
1761098401646,0.95353985,-9.592826,-1.3369896
1761098401649,0.9631111,-9.592826,-1.332204
1761098401652,0.95353985,-9.58804,-1.332204
1761098401653,0.9391829,-9.592826,-1.308874
1761098401656,0.9296116,-9.602397,-1.3184453
1761098401658,0.94337034,-9.626326,-1.3136597
1761098401660,0.933799,-9.631111,-1.3040884
1761098401663,0.9098708,-9.654441,-1.2849457
1761098401665,0.90508515,-9.664013,-1.2801601
1761098401667,0.89072824,-9.664013,-1.317847
1761098401669,0.87637126,-9.6682,-1.3040884
1761098401672,0.8572287,-9.677772,-1.3130615
1761098401674,0.85244304,-9.682557,-1.3274183
1761098401677,0.85244304,-9.672985,-1.346561
1761098401678,0.8285148,-9.696316,-1.3417753
1761098401680,0.8333005,-9.672387,-1.3609179
1761098401683,0.84765744,-9.6580305,-1.3369896
1761098401685,0.8530413,-9.634102,-1.3513466
1761098401688,0.8530413,-9.629316,-1.3561323
1761098401690,0.83389866,-9.634102,-1.346561
1761098401692,0.8530413,-9.644272,-1.3369896
1761098401694,0.8488538,-9.605389,-1.346561
1761098401696,0.85842514,-9.610174,-1.3561323
1761098401699,0.8679964,-9.610772,-1.346561
1761098401701,0.8775677,-9.605987,-1.3657036
1761098401704,0.88235337,-9.605987,-1.3609179
1761098401705,0.8775677,-9.610772,-1.346561
1761098401708,0.910469,-9.61137,-1.3513466
1761098401710,0.910469,-9.606585,-1.3513466
1761098401712,0.9391829,-9.58804,-1.3657036
1761098401715,0.95353985,-9.592826,-1.3704891
1761098401717,0.95832545,-9.578469,-1.3561323
1761098401719,0.9774681,-9.593424,-1.3800604
1761098401721,0.9828519,-9.564711,-1.3848461
1761098401723,1.006182,-9.589237,-1.3561323
1761098401726,1.0253245,-9.579665,-1.3752748
1761098401728,1.0247263,-9.594023,-1.3752748
1761098401730,1.0007981,-9.602996,-1.3800604
1761098401732,0.9912268,-9.602996,-1.3609179
1761098401735,0.9631111,-9.592826,-1.3704891
1761098401737,0.9296116,-9.592228,-1.3609179
1761098401739,0.887139,-9.59163,-1.3704891
1761098401742,0.8679964,-9.5964155,-1.3513466
1761098401744,0.8488538,-9.600603,-1.3561323
1761098401746,0.83030945,-9.595219,-1.3513466
1761098401748,0.83030945,-9.595219,-1.3417753
1761098401750,0.8105687,-9.619147,-1.3417753
1761098401753,0.8063812,-9.60479,-1.346561
1761098401756,0.8249256,-9.609575,-1.332204
1761098401757,0.8153543,-9.614362,-1.3513466
1761098401759,0.85842514,-9.615558,-1.3184453
1761098401762,0.8386843,-9.638887,-1.3184453
1761098401764,0.8344969,-9.629316,-1.3226327
1761098401766,0.82911307,-9.648459,-1.3513466
1761098401768,0.8386843,-9.638887,-1.3417753
1761098401770,0.86261255,-9.639486,-1.3800604
1761098401773,0.86201435,-9.658628,-1.3848461
1761098401775,0.84347,-9.648459,-1.4033905
1761098401778,0.8333005,-9.672387,-1.4081762
1761098401780,0.8668,-9.6682,-1.4129617
1761098401782,0.86201435,-9.662816,-1.4416757
1761098401784,0.85244304,-9.662816,-1.4416757
1761098401786,0.8386843,-9.653245,-1.451247
1761098401789,0.84825563,-9.653245,-1.451247
1761098401791,0.8668,-9.658628,-1.4560326
1761098401793,0.8572287,-9.6580305,-1.4841483
1761098401796,0.8997013,-9.687343,-1.4937196
1761098401798,0.8805587,-9.682557,-1.4697913
1761098401800,0.87637126,-9.663414,-1.4650056
1761098401802,0.8955139,-9.644272,-1.4650056
1761098401804,0.8817552,-9.639486,-1.4650056
1761098401807,0.8817552,-9.634701,-1.4560326
1761098401810,0.90089774,-9.610772,-1.4703895
1761098401811,0.90149593,-9.567701,-1.4656038
1761098401813,0.9020941,-9.562916,-1.43689
1761098401815,0.89730847,-9.562916,-1.4321043
1761098401818,0.91166544,-9.553345,-1.4416757
1761098401820,0.92602235,-9.553943,-1.4177474
1761098401823,0.91166544,-9.543773,-1.4039887
1761098401825,0.9212367,-9.553943,-1.3896317
1761098401827,0.9349955,-9.563514,-1.3944174
1761098401829,0.9302098,-9.563514,-1.3896317
1761098401831,0.92542416,-9.563514,-1.3513466
1761098401834,0.9302098,-9.57787,-1.3609179
1761098401836,0.9349955,-9.573085,-1.3561323
1761098401838,0.9302098,-9.57787,-1.3369896
1761098401841,0.91585284,-9.573085,-1.3375878
1761098401842,0.9343972,-9.592228,-1.3752748
1761098401845,0.9391829,-9.597611,-1.3896317
1761098401847,0.9625129,-9.631111,-1.3938192
1761098401849,0.9720842,-9.626924,-1.3986049
1761098401851,0.98644114,-9.631709,-1.4081762
1761098401854,0.994816,-9.665209,-1.422533
1761098401856,0.99960166,-9.675379,-1.4321043
1761098401858,0.9762716,-9.665209,-1.451247
1761098401861,0.9798609,-9.70828,-1.4554343
1761098401863,0.97507524,-9.713065,-1.4554343
1761098401865,0.9702896,-9.722636,-1.46022
1761098401867,0.9702896,-9.732208,-1.474577
1761098401870,0.94636136,-9.717253,-1.4841483
1761098401873,0.92303133,-9.72144,-1.474577
1761098401874,0.93679005,-9.722038,-1.4697913
1761098401876,0.90329057,-9.740582,-1.474577
1761098401879,0.8991031,-9.726226,-1.4273187
1761098401882,0.90329057,-9.745368,-1.4129617
1761098401883,0.9128618,-9.745967,-1.4129617
1761098401885,0.90329057,-9.740582,-1.4081762
1761098401888,0.91346,-9.716655,-1.3890336
1761098401890,0.91346,-9.711869,-1.3890336
1761098401892,0.927817,-9.698111,-1.3609179
1761098401894,0.9517452,-9.689137,-1.3657036
1761098401897,0.9379865,-9.678967,-1.317847
1761098401899,0.93320084,-9.674182,-1.332204
1761098401901,0.94277215,-9.664611,-1.3274183
1761098401903,0.9625129,-9.64128,-1.294517
1761098401905,0.95772725,-9.6173525,-1.308874
1761098401908,0.94396853,-9.616755,-1.3274183
1761098401910,0.94396853,-9.592826,-1.3184453
1761098401912,0.95832545,-9.592826,-1.332204
1761098401915,0.9445667,-9.573684,-1.3280165
1761098401917,0.9445667,-9.568898,-1.3328022
1761098401919,0.9589237,-9.568898,-1.346561
1761098401921,0.9637093,-9.564112,-1.3704891
1761098401924,0.96849495,-9.54497,-1.3752748
1761098401927,0.9493524,-9.554541,-1.3896317
1761098401929,0.9589237,-9.554541,-1.4087744
1761098401930,0.9493524,-9.549157,-1.4321043
1761098401933,0.95473623,-9.5348,-1.451247
1761098401935,0.9403793,-9.539586,-1.4656038
1761098401938,0.92662054,-9.515059,-1.4703895
1761098401940,0.9403793,-9.5252285,-1.4799608
1761098401942,0.9212367,-9.529416,-1.4847465
1761098401944,0.9212367,-9.534202,-1.5176477
1761098401946,0.92602235,-9.534202,-1.5032908
1761098401949,0.9212367,-9.543773,-1.5032908
1761098401951,0.9164511,-9.548559,-1.4841483
1761098401953,0.8967103,-9.567701,-1.5176477
1761098401955,0.9068798,-9.534202,-1.4889339
1761098401957,0.9020941,-9.548559,-1.4841483
1761098401961,0.9020941,-9.534202,-1.4751751
1761098401963,0.9212367,-9.534202,-1.4751751
1761098401964,0.9212367,-9.548559,-1.4799608
1761098401967,0.91166544,-9.524631,-1.4895321
1761098401969,0.93559366,-9.539586,-1.4703895
1761098401971,0.9451649,-9.515657,-1.4464613
1761098401973,0.96430755,-9.521041,-1.4656038
1761098401976,0.96849495,-9.5353985,-1.4560326
1761098401978,0.9828519,-9.530613,-1.4416757
1761098401980,0.9876375,-9.555139,-1.4321043
1761098401982,1.0019945,-9.526425,-1.4416757
1761098401984,1.0211371,-9.516854,-1.4273187
1761098401986,1.0217353,-9.512068,-1.4464613
1761098401990,1.0211371,-9.540782,-1.422533
1761098401992,1.035494,-9.531809,-1.41356
1761098401994,1.0307083,-9.54138,-1.43689
1761098401996,1.0588241,-9.546764,-1.41356
1761098401998,1.0301101,-9.546165,-1.4416757
1761098402000,1.0390832,-9.579665,-1.4656038
1761098402002,1.0582259,-9.58505,-1.4608182
1761098402004,1.0480564,-9.608977,-1.4656038
1761098402007,1.0624132,-9.618548,-1.4656038
1761098402009,1.0713863,-9.642477,-1.451247
1761098402011,1.061815,-9.656834,-1.4793626
1761098402013,1.0612168,-9.685548,-1.4841483
1761098402016,1.0612168,-9.685548,-1.4937196
1761098402018,1.0516455,-9.685548,-1.4793626
1761098402021,1.0516455,-9.70469,-1.4793626
1761098402023,1.0606186,-9.714262,-1.4793626
1761098402025,1.0516455,-9.70469,-1.4793626
1761098402027,1.032503,-9.714262,-1.4937196
1761098402029,1.0127622,-9.732806,-1.4889339
1761098402032,1.0175478,-9.732806,-1.4697913
1761098402034,0.98883396,-9.737592,-1.46022
1761098402036,0.97926265,-9.7609215,-1.4506488
1761098402038,0.974477,-9.7609215,-1.4315062
1761098402041,0.9457632,-9.756136,-1.4273187
1761098402044,0.9409775,-9.760324,-1.4129617
1761098402045,0.9176475,-9.755538,-1.3938192
1761098402047,0.90388876,-9.72144,-1.4033905
1761098402050,0.8709874,-9.71127,-1.3938192
1761098402052,0.8662018,-9.696914,-1.3938192
1761098402054,0.86201435,-9.663414,-1.3800604
1761098402057,0.85244304,-9.6580305,-1.3657036
1761098402059,0.8578269,-9.643674,-1.3657036
1761098402061,0.8536395,-9.605389,-1.3752748
1761098402063,0.86859465,-9.576674,-1.3704891
1761098402066,0.8919246,-9.572487,-1.3848461
1761098402068,0.89730847,-9.562916,-1.3800604
1761098402070,0.8925229,-9.553345,-1.3848461
1761098402072,0.91166544,-9.55813,-1.4039887
1761098402075,0.92602235,-9.5348,-1.422533
1761098402077,0.9451649,-9.544372,-1.451247
1761098402079,0.95413804,-9.549157,-1.4799608
1761098402081,0.9589237,-9.540184,-1.4656038
1761098402084,0.96849495,-9.564112,-1.5128621
1761098402086,0.97806627,-9.530613,-1.5224334
1761098402088,0.97806627,-9.559326,-1.5601203
1761098402091,0.99720883,-9.530613,-1.5601203
1761098402093,0.99720883,-9.549755,-1.5744773
1761098402095,1.0211371,-9.526425,-1.5936198
1761098402097,0.9876375,-9.5353985,-1.5840486
1761098402100,0.99720883,-9.525827,-1.5936198
1761098402102,0.9637093,-9.5348,-1.6127625
1761098402104,0.9637093,-9.549157,-1.5936198
1761098402106,0.9595219,-9.5252285,-1.5840486
1761098402108,0.93559366,-9.543773,-1.564906
1761098402111,0.9020941,-9.534202,-1.5367904
1761098402113,0.8877372,-9.538389,-1.4985052
1761098402115,0.8877372,-9.538389,-1.4889339
1761098402118,0.863809,-9.552746,-1.4656038
1761098402120,0.8542377,-9.557532,-1.4177474
1761098402122,0.86859465,-9.576674,-1.3992031
1761098402124,0.87278205,-9.610772,-1.3848461
1761098402126,0.8865408,-9.620343,-1.3513466
1761098402129,0.9098708,-9.64487,-1.3369896
1761098402131,0.93320084,-9.674182,-1.3274183
1761098402133,0.95712906,-9.679565,-1.3226327
1761098402135,0.9798609,-9.71845,-1.3226327
1761098402137,1.0079765,-9.733404,-1.3369896
1761098402140,1.0175478,-9.742975,-1.3130615
1761098402142,1.0223335,-9.747761,-1.3034902
1761098402144,1.0366904,-9.742975,-1.3369896
1761098402147,1.0319048,-9.728619,-1.3513466
1761098402149,1.0319048,-9.723833,-1.3417753
1761098402151,1.032503,-9.685548,-1.3704891
1761098402153,1.0277174,-9.699904,-1.3704891
1761098402156,1.0283155,-9.680762,-1.4081762
1761098402159,1.0283155,-9.666406,-1.3890336
1761098402160,1.0283155,-9.671191,-1.4177474
1761098402162,1.0372887,-9.680762,-1.43689
1761098402165,1.0277174,-9.690333,-1.4458631
1761098402167,1.0420742,-9.690333,-1.474577
1761098402169,1.0420742,-9.70469,-1.4554343
1761098402171,1.041476,-9.714262,-1.46022
1761098402174,1.032503,-9.709476,-1.474577
1761098402176,1.0319048,-9.733404,-1.474577
1761098402178,1.0175478,-9.723235,-1.474577
1761098402180,1.0037891,-9.71845,-1.4793626
1761098402183,0.99960166,-9.684352,-1.4937196
1761098402186,0.9667004,-9.669396,-1.4793626
1761098402188,0.9625129,-9.635897,-1.4650056
1761098402190,0.95772725,-9.616755,-1.474577
1761098402192,0.9343972,-9.592228,-1.474577
1761098402194,0.94396853,-9.597013,-1.4560326
1761098402196,0.9445667,-9.57787,-1.4656038
1761098402199,0.9296116,-9.587442,-1.4560326
1761098402201,0.9302098,-9.563514,-1.451247
1761098402203,0.91585284,-9.587442,-1.451247
1761098402205,0.91106725,-9.562916,-1.4608182
1761098402208,0.9206385,-9.55813,-1.4799608
1761098402210,0.9302098,-9.558728,-1.4847465
1761098402212,0.9212367,-9.553345,-1.5128621
1761098402214,0.91585284,-9.562916,-1.5080764
1761098402217,0.91166544,-9.55813,-1.4985052
1761098402219,0.91166544,-9.543773,-1.5224334
1761098402221,0.91166544,-9.534202,-1.5080764
1761098402223,0.9170493,-9.519845,-1.5463617
1761098402226,0.92602235,-9.538987,-1.541576
1761098402228,0.907478,-9.5048895,-1.5559329
1761098402230,0.9026923,-9.509675,-1.5702899
1761098402232,0.9176475,-9.486345,-1.5750755
1761098402235,0.90329057,-9.485747,-1.5702899
1761098402237,0.90329057,-9.47139,-1.5559329
1761098402240,0.92243314,-9.471989,-1.5559329
1761098402241,0.93679005,-9.467203,-1.5224334
1761098402244,0.9314062,-9.486345,-1.5320047
1761098402246,0.9457632,-9.496515,-1.5176477
1761098402248,0.9409775,-9.500702,-1.527219
1761098402251,0.96909314,-9.525827,-1.4985052
1761098402253,0.97866446,-9.530613,-1.4985052
1761098402255,1.0115658,-9.5455675,-1.4895321
1761098402257,1.0205388,-9.555139,-1.4799608
1761098402259,1.0067801,-9.550353,-1.4560326
1761098402262,1.0301101,-9.5557375,-1.4656038
1761098402265,1.0211371,-9.5455675,-1.4416757
1761098402267,1.0307083,-9.531809,-1.43689
1761098402269,1.049851,-9.517452,-1.4039887
1761098402271,1.0211371,-9.516854,-1.41356
1761098402274,1.0169497,-9.507282,-1.4039887
1761098402276,1.0259227,-9.536594,-1.3800604
1761098402278,1.0402796,-9.531809,-1.3704891
1761098402280,1.0157533,-9.5557375,-1.3513466
1761098402282,1.0253245,-9.579665,-1.3561323
1761098402284,1.0348958,-9.5557375,-1.3609179
1761098402286,1.0582259,-9.594621,-1.3561323
1761098402289,1.0486546,-9.599406,-1.3609179
1761098402291,1.0570294,-9.647263,-1.3986049
1761098402293,1.061815,-9.647263,-1.3986049
1761098402295,1.0564312,-9.685548,-1.422533
1761098402298,1.0654043,-9.705289,-1.4273187
1761098402300,1.0319048,-9.714262,-1.4410775
1761098402302,1.0271192,-9.728619,-1.4650056
1761098402304,1.0271192,-9.728619,-1.474577
1761098402307,1.0175478,-9.737592,-1.5026926
1761098402309,1.0031909,-9.728021,-1.5170496
1761098402311,0.9846465,-9.732208,-1.5409778
1761098402314,0.98943216,-9.717851,-1.5457634
1761098402315,0.9607183,-9.736395,-1.5553347
1761098402318,0.95653087,-9.707682,-1.5601203
1761098402320,0.95653087,-9.702896,-1.5930216
1761098402322,0.9421739,-9.702896,-1.579263
1761098402325,0.9517452,-9.693324,-1.5930216
1761098402327,0.94755775,-9.669396,-1.5696917
1761098402329,0.9517452,-9.678967,-1.5744773
1761098402331,0.94277215,-9.668798,-1.579263
1761098402334,0.94755775,-9.674182,-1.579263
1761098402336,0.95712906,-9.659825,-1.5696917
1761098402338,0.9619147,-9.65504,-1.5744773
1761098402340,0.9906286,-9.655638,-1.5553347
1761098402343,1.0001999,-9.64128,-1.5314065
1761098402345,0.98584294,-9.650852,-1.5409778
1761098402347,1.0001999,-9.64128,-1.527219
1761098402350,1.0241281,-9.6275215,-1.5224334
1761098402352,1.0289137,-9.6275215,-1.4937196
1761098402354,1.015155,-9.6173525,-1.4985052
1761098402356,1.0097711,-9.622138,-1.4793626
1761098402359,1.0049855,-9.622138,-1.4841483
1761098402361,0.98644114,-9.607781,-1.4608182
1761098402363,0.98644114,-9.602996,-1.4560326
1761098402365,0.9631111,-9.602397,-1.43689
1761098402368,0.9343972,-9.61137,-1.4129617
1761098402370,0.93978107,-9.582657,-1.4129617
1761098402372,0.91525465,-9.597013,-1.4081762
1761098402374,0.91585284,-9.568299,-1.3848461
1761098402376,0.8919246,-9.572487,-1.3896317
1761098402379,0.8877372,-9.55813,-1.3848461
1761098402381,0.8877372,-9.553345,-1.3896317
1761098402383,0.8925229,-9.538987,-1.3848461
1761098402385,0.89312106,-9.529416,-1.3704891
1761098402388,0.88354975,-9.534202,-1.3609179
1761098402390,0.89312106,-9.534202,-1.3848461
1761098402392,0.88354975,-9.524033,-1.3896317
1761098402395,0.9026923,-9.510274,-1.3704891
1761098402397,0.8883354,-9.515059,-1.4039887
1761098402399,0.89312106,-9.510274,-1.4087744
1761098402401,0.8979067,-9.529416,-1.4183456
1761098402404,0.9026923,-9.529416,-1.4087744
1761098402406,0.9068798,-9.534202,-1.422533
1761098402408,0.9068798,-9.538987,-1.4560326
1761098402411,0.9020941,-9.534202,-1.4464613
1761098402413,0.92602235,-9.529416,-1.4799608
1761098402415,0.92183495,-9.505488,-1.4703895
1761098402417,0.93619186,-9.510872,-1.4985052
1761098402420,0.9314062,-9.515059,-1.4943178
1761098402422,0.9595219,-9.506086,-1.4985052
1761098402424,0.96430755,-9.515657,-1.5320047
1761098402426,0.9882358,-9.51147,-1.5080764
1761098402428,1.0211371,-9.516854,-1.5032908
1761098402431,1.0211371,-9.52164,-1.5128621
1761098402433,1.0402796,-9.531809,-1.5080764
1761098402436,1.0588241,-9.560523,-1.5080764
1761098402437,1.0773684,-9.565907,-1.4937196
1761098402440,1.0767702,-9.613763,-1.4697913
1761098402442,1.0863415,-9.614362,-1.4608182
1761098402444,1.0857433,-9.628718,-1.4464613
1761098402446,1.0857433,-9.638289,-1.4560326
1761098402449,1.0755738,-9.68136,-1.4464613
1761098402451,1.0755738,-9.690931,-1.3986049
1761098402453,1.0516455,-9.685548,-1.4033905
1761098402455,1.0378869,-9.671191,-1.3794622
1761098402458,1.0283155,-9.661619,-1.3752748
1761098402460,0.99960166,-9.670592,-1.3752748
1761098402462,0.9810573,-9.660423,-1.346561
1761098402464,0.9619147,-9.660423,-1.346561
1761098402467,0.95712906,-9.655638,-1.332204
1761098402469,0.9625129,-9.636495,-1.332204
1761098402471,0.9523434,-9.650852,-1.317847
1761098402473,0.9290134,-9.635897,-1.3226327
1761098402476,0.9290134,-9.650253,-1.3226327
1761098402479,0.9242278,-9.640682,-1.3274183
1761098402480,0.9056834,-9.630513,-1.3417753
1761098402483,0.9194421,-9.630513,-1.3609179
1761098402485,0.9098708,-9.635299,-1.3561323
1761098402486,0.8955139,-9.659226,-1.3800604
1761098402489,0.9092726,-9.668798,-1.3890336
1761098402491,0.90029955,-9.654441,-1.4081762
1761098402494,0.90029955,-9.649655,-1.43689
1761098402496,0.8859426,-9.653843,-1.451247
1761098402498,0.89072824,-9.658628,-1.474577
1761098402500,0.89072824,-9.663414,-1.4793626
1761098402502,0.90029955,-9.658628,-1.4937196
1761098402505,0.90448695,-9.683155,-1.5266209
1761098402507,0.89072824,-9.658628,-1.5128621
1761098402509,0.8811569,-9.653843,-1.5314065
1761098402511,0.8859426,-9.6682,-1.5361922
1761098402514,0.8811569,-9.644272,-1.5314065
1761098402516,0.8578269,-9.629316,-1.5601203
1761098402518,0.86261255,-9.624531,-1.564906
1761098402521,0.86261255,-9.619745,-1.550549
1761098402523,0.8679964,-9.591031,-1.5409778
1761098402525,0.85842514,-9.58146,-1.527219
1761098402528,0.87278205,-9.576674,-1.5224334
1761098402530,0.8919246,-9.582058,-1.5224334
1761098402532,0.8919246,-9.5868435,-1.5032908
1761098402534,0.91106725,-9.567701,-1.4937196
1761098402536,0.91106725,-9.577272,-1.4793626
1761098402538,0.9206385,-9.573085,-1.4656038
1761098402541,0.9487542,-9.57787,-1.4608182
1761098402543,0.9487542,-9.597611,-1.4656038
1761098402545,0.95413804,-9.564112,-1.4464613
1761098402548,0.96789676,-9.573684,-1.4321043
1761098402550,0.9493524,-9.568898,-1.4321043
1761098402552,0.9631111,-9.578469,-1.4273187
1761098402554,0.9637093,-9.568898,-1.4177474
1761098402557,0.95413804,-9.559326,-1.4039887
1761098402559,0.9349955,-9.573085,-1.422533
1761098402561,0.94396853,-9.592826,-1.3986049
1761098402563,0.9391829,-9.587442,-1.4081762
1761098402566,0.9529416,-9.616755,-1.4081762
1761098402568,0.95772725,-9.635897,-1.3896317
1761098402570,0.94755775,-9.65504,-1.3938192
1761098402572,0.9194421,-9.659226,-1.4129617
1761098402575,0.94277215,-9.659825,-1.3890336
1761098402577,0.9379865,-9.669396,-1.3890336
1761098402579,0.93320084,-9.669396,-1.3842479
1761098402581,0.9194421,-9.659226,-1.3938192
1761098402584,0.94755775,-9.674182,-1.3986049
1761098402586,0.95772725,-9.640682,-1.3938192
1761098402588,0.95712906,-9.65504,-1.3986049
1761098402590,0.9810573,-9.655638,-1.4081762
1761098402592,0.9810573,-9.64128,-1.4081762
1761098402595,0.9810573,-9.636495,-1.4177474
1761098402598,1.0001999,-9.656236,-1.4033905
1761098402599,1.0049855,-9.65145,-1.4033905
1761098402602,1.0187442,-9.656236,-1.4081762
1761098402604,1.0289137,-9.641879,-1.4081762
1761098402606,1.0241281,-9.65145,-1.3848461
1761098402608,1.0043873,-9.661021,-1.4081762
1761098402611,0.9906286,-9.650852,-1.4033905
1761098402613,0.9912268,-9.6173525,-1.3992031
1761098402615,0.9912268,-9.622138,-1.3800604
1761098402617,0.9912268,-9.612567,-1.4033905
1761098402620,0.9768698,-9.6173525,-1.3992031
1761098402622,0.9816555,-9.607781,-1.3944174
1761098402624,0.96789676,-9.602397,-1.3848461
1761098402626,1.0055838,-9.607781,-1.3992031
1761098402629,0.98644114,-9.612567,-1.3944174
1761098402631,0.99601245,-9.612567,-1.3800604
1761098402633,0.96789676,-9.578469,-1.3848461
1761098402635,0.95353985,-9.583255,-1.3848461
1761098402638,0.93978107,-9.553943,-1.3896317
1761098402640,0.9589237,-9.559326,-1.3848461
1761098402642,0.9451649,-9.544372,-1.3848461
1761098402644,0.9349955,-9.553943,-1.4129617
1761098402647,0.9349955,-9.553943,-1.422533
1761098402649,0.9302098,-9.553943,-1.4129617
1761098402651,0.92542416,-9.563514,-1.4273187
1761098402653,0.9296116,-9.587442,-1.43689
1761098402656,0.93978107,-9.563514,-1.43689
1761098402658,0.9302098,-9.573085,-1.4560326
1761098402660,0.9445667,-9.57787,-1.4464613
1761098402662,0.9343972,-9.587442,-1.451247
1761098402665,0.9296116,-9.587442,-1.4321043
1761098402667,0.9062816,-9.582058,-1.451247
1761098402669,0.89730847,-9.562916,-1.4799608
1761098402672,0.87338024,-9.552746,-1.4703895
1761098402674,0.8781659,-9.562318,-1.4985052
1761098402676,0.8644072,-9.538389,-1.4889339
1761098402679,0.8500503,-9.547362,-1.4985052
1761098402681,0.863809,-9.562318,-1.4937196
1761098402683,0.8446664,-9.561719,-1.4703895
1761098402685,0.8350951,-9.5665045,-1.4889339
1761098402687,0.85902333,-9.571889,-1.4889339
1761098402690,0.88235337,-9.571889,-1.5224334
1761098402692,0.8877372,-9.557532,-1.5080764
1761098402694,0.88295156,-9.562318,-1.5032908
1761098402696,0.887139,-9.577272,-1.4841483
1761098402698,0.91106725,-9.562916,-1.4985052
1761098402701,0.9302098,-9.568299,-1.4841483
1761098402703,0.92542416,-9.563514,-1.4889339
1761098402705,0.9302098,-9.573085,-1.4889339
1761098402708,0.93978107,-9.549157,-1.4847465
1761098402710,0.9302098,-9.553943,-1.4985052
1761098402712,0.95413804,-9.539586,-1.4799608
1761098402714,0.9589237,-9.539586,-1.4937196
1761098402717,0.96430755,-9.530613,-1.4799608
1761098402719,0.96849495,-9.549755,-1.4656038
1761098402722,0.9637093,-9.540184,-1.4751751
1761098402723,0.96849495,-9.559326,-1.4656038
1761098402726,1.0109676,-9.579067,-1.451247
1761098402728,1.0007981,-9.588638,-1.4560326
1761098402730,1.0145568,-9.6275215,-1.4177474
1761098402732,1.0289137,-9.613165,-1.4081762
1761098402735,1.0139586,-9.656236,-1.3986049
1761098402737,1.0283155,-9.661619,-1.3794622
1761098402739,1.0091729,-9.68495,-1.3746766
1761098402741,1.018146,-9.70469,-1.3561323
1761098402744,1.0079765,-9.752547,-1.3794622
1761098402746,1.0031909,-9.742377,-1.3513466
1761098402748,1.0127622,-9.747761,-1.332204
1761098402750,1.0031909,-9.752547,-1.3369896
1761098402753,0.9882358,-9.775877,-1.3369896
1761098402755,0.9882358,-9.795019,-1.3507484
1761098402757,0.9924232,-9.809975,-1.3363914
1761098402759,0.9924232,-9.805189,-1.332204
1761098402762,0.97806627,-9.833304,-1.3226327
1761098402764,0.9637093,-9.847662,-1.3034902
1761098402766,0.9631111,-9.847662,-1.3130615
1761098402768,0.9302098,-9.842278,-1.2891332
1761098402771,0.92602235,-9.823135,-1.2843475
1761098402773,0.89730847,-9.8321085,-1.3034902
1761098402775,0.8877372,-9.8321085,-1.3226327
1761098402777,0.84047896,-9.816555,-1.3034902
1761098402781,0.84107715,-9.787841,-1.3082758
1761098402782,0.84107715,-9.773484,-1.332204
1761098402784,0.8321041,-9.763913,-1.332204
1761098402786,0.846461,-9.759128,-1.3417753
1761098402789,0.846461,-9.735199,-1.3651053
1761098402791,0.85184485,-9.716056,-1.3561323
1761098402793,0.8895318,-9.711869,-1.4033905
1761098402795,0.9092726,-9.683155,-1.422533
1761098402798,0.90448695,-9.673584,-1.43689
1761098402800,0.9379865,-9.65504,-1.4464613
1761098402802,0.9379865,-9.650253,-1.43689
1761098402804,0.9194421,-9.64487,-1.4793626
1761098402807,0.933799,-9.635299,-1.5080764
1761098402809,0.96729857,-9.631111,-1.5080764
1761098402811,0.9523434,-9.650253,-1.5409778
1761098402813,0.971486,-9.640682,-1.550549
1761098402816,0.95712906,-9.65504,-1.5361922
1761098402818,0.94755775,-9.650253,-1.550549
1761098402820,0.94337034,-9.64487,-1.5457634
1761098402822,0.94337034,-9.64487,-1.5457634
1761098402825,0.95772725,-9.631111,-1.527219
1761098402827,0.9529416,-9.626326,-1.5409778
1761098402829,0.948156,-9.616156,-1.5409778
1761098402832,0.933799,-9.620942,-1.5128621
1761098402834,0.910469,-9.5964155,-1.4889339
1761098402836,0.92542416,-9.582657,-1.4889339
1761098402838,0.9164511,-9.553345,-1.4751751
1761098402840,0.9068798,-9.534202,-1.4321043
1761098402843,0.8787641,-9.528818,-1.3992031
1761098402845,0.89312106,-9.500702,-1.3848461
1761098402847,0.87936234,-9.485747,-1.3800604
1761098402849,0.8985049,-9.491131,-1.3232309
1761098402852,0.8991031,-9.452846,-1.2807583
1761098402854,0.9086744,-9.457631,-1.2616158
1761098402856,0.9086744,-9.452846,-1.2568301
1761098402859,0.91346,-9.448658,-1.2424731
1761098402861,0.9182457,-9.443872,-1.2329018
1761098402863,0.93260264,-9.439087,-1.2095718
1761098402865,0.9613165,-9.420543,-1.2376875
1761098402867,0.96550393,-9.439685,-1.2239288
1761098402870,0.951147,-9.449257,-1.2424731
1761098402872,0.97507524,-9.458828,-1.2711871
1761098402874,0.951147,-9.4636135,-1.294517
1761098402877,0.9846465,-9.449257,-1.3328022
1761098402879,0.98883396,-9.478569,-1.3280165
1761098402881,0.9834501,-9.501899,-1.3561323
1761098402883,0.99302137,-9.507282,-1.3752748
1761098402885,0.99302137,-9.52164,-1.41356
1761098402888,1.0163515,-9.516854,-1.4416757
1761098402891,1.0163515,-9.540782,-1.4656038
1761098402892,1.0301101,-9.565309,-1.4937196
1761098402895,1.0390832,-9.57488,-1.5128621
1761098402897,1.0295119,-9.589237,-1.5080764
1761098402899,1.0390832,-9.598808,-1.5409778
1761098402901,1.0342976,-9.598808,-1.5409778
1761098402903,1.0336994,-9.6275215,-1.5409778
1761098402906,1.038485,-9.6275215,-1.527219
1761098402908,1.0289137,-9.6275215,-1.550549
1761098402910,1.0145568,-9.646067,-1.5601203
1761098402912,1.0043873,-9.67478,-1.5218352
1761098402915,0.99003035,-9.679565,-1.5128621
1761098402918,0.97567344,-9.679565,-1.4937196
1761098402919,0.95653087,-9.698111,-1.4793626
1761098402921,0.9421739,-9.702896,-1.4697913
1761098402924,0.927817,-9.707682,-1.4458631
1761098402926,0.94695956,-9.707682,-1.4554343
1761098402928,0.927817,-9.712467,-1.4081762
1761098402930,0.91884387,-9.693324,-1.3890336
1761098402933,0.93738824,-9.698111,-1.3794622
1761098402935,0.9236295,-9.683753,-1.3657036
1761098402937,0.91884387,-9.664013,-1.3842479
1761098402939,0.9098708,-9.635299,-1.3609179
1761098402942,0.91465646,-9.630513,-1.346561
1761098402944,0.91525465,-9.620942,-1.3657036
1761098402946,0.910469,-9.61137,-1.3513466
1761098402948,0.90089774,-9.606585,-1.3609179
1761098402951,0.8865408,-9.620343,-1.3986049
1761098402953,0.9056834,-9.625728,-1.3800604
1761098402955,0.9296116,-9.61137,-1.4129617
1761098402957,0.9343972,-9.606585,-1.4129617
1761098402960,0.933799,-9.620942,-1.4273187
1761098402962,0.91525465,-9.606585,-1.4560326
1761098402964,0.9296116,-9.597013,-1.43689
1761098402967,0.9296116,-9.592228,-1.4560326
1761098402969,0.9200403,-9.592228,-1.4889339
1761098402971,0.9296116,-9.592228,-1.4985052
1761098402974,0.92482597,-9.592228,-1.5128621
1761098402976,0.92542416,-9.55813,-1.5032908
1761098402978,0.93978107,-9.57787,-1.5367904
1761098402980,0.9349955,-9.57787,-1.5128621
1761098402982,0.95832545,-9.597611,-1.5320047
1761098402984,0.9445667,-9.57787,-1.527219
1761098402986,0.94396853,-9.582657,-1.4985052
1761098402989,0.93978107,-9.57787,-1.4985052
1761098402991,0.9343972,-9.587442,-1.5080764
1761098402994,0.9206385,-9.582657,-1.4889339
1761098402996,0.9200403,-9.61137,-1.4841483
1761098402998,0.9056834,-9.615558,-1.4841483
1761098403001,0.8961121,-9.625129,-1.4464613
1761098403003,0.9098708,-9.640084,-1.4129617
1761098403005,0.90029955,-9.640084,-1.3986049
1761098403007,0.9098708,-9.640084,-1.3938192
1761098403009,0.8955139,-9.64487,-1.3842479
1761098403011,0.8811569,-9.658628,-1.332204
1761098403014,0.87637126,-9.658628,-1.3226327
1761098403016,0.91465646,-9.659226,-1.3274183
1761098403018,0.91465646,-9.65504,-1.3040884
1761098403020,0.9290134,-9.640682,-1.3040884
1761098403023,0.9379865,-9.65504,-1.2753744
1761098403025,0.9242278,-9.635897,-1.2849457
1761098403027,0.933799,-9.635897,-1.294517
1761098403030,0.948156,-9.616755,-1.2897314
1761098403032,0.9529416,-9.622138,-1.294517
1761098403034,0.94337034,-9.62154,-1.2993027
1761098403036,0.94396853,-9.6071825,-1.3184453
1761098403038,0.9385847,-9.62154,-1.3274183
1761098403041,0.94396853,-9.611969,-1.3513466
1761098403043,0.9768698,-9.626924,-1.3704891
1761098403045,0.99601245,-9.622138,-1.3752748
1761098403048,1.0145568,-9.622736,-1.3890336
1761098403050,1.0432707,-9.618548,-1.4129617
1761098403052,1.0480564,-9.618548,-1.4321043
1761098403054,1.0815558,-9.600004,-1.4560326
1761098403057,1.0719845,-9.618548,-1.4650056
1761098403059,1.0815558,-9.613763,-1.4889339
1761098403061,1.0767702,-9.604192,-1.5080764
1761098403063,1.0719845,-9.599406,-1.4985052
1761098403065,1.0582259,-9.594023,-1.5367904
1761098403068,1.0438689,-9.594023,-1.5224334
1761098403070,1.0295119,-9.598808,-1.5176477
1761098403072,1.0055838,-9.593424,-1.527219
1761098403074,0.99601245,-9.602996,-1.5176477
1761098403077,0.98584294,-9.631709,-1.4697913
1761098403079,0.9762716,-9.64128,-1.4793626
1761098403081,0.96729857,-9.611969,-1.4650056
1761098403084,0.9242278,-9.625728,-1.4416757
1761098403086,0.9098708,-9.635299,-1.43689
1761098403088,0.9056834,-9.620942,-1.3938192
1761098403090,0.8961121,-9.605987,-1.3800604
1761098403093,0.8775677,-9.5964155,-1.3752748
1761098403095,0.8775677,-9.5964155,-1.3657036
1761098403097,0.8679964,-9.582058,-1.3232309
1761098403099,0.87338024,-9.567701,-1.3280165
1761098403102,0.86859465,-9.567701,-1.308874
1761098403104,0.87338024,-9.548559,-1.3040884
1761098403106,0.8787641,-9.538987,-1.2993027
1761098403108,0.8739785,-9.534202,-1.294517
1761098403111,0.9026923,-9.519845,-1.3136597
1761098403113,0.89730847,-9.543773,-1.2993027
1761098403115,0.91166544,-9.544372,-1.3184453
1761098403118,0.92602235,-9.539586,-1.3280165
1761098403120,0.9212367,-9.544372,-1.3280165
1761098403122,0.9212367,-9.544372,-1.346561
1761098403124,0.91585284,-9.563514,-1.3561323
1761098403127,0.9068798,-9.553345,-1.3657036
1761098403129,0.89730847,-9.543773,-1.3944174
1761098403131,0.91166544,-9.55813,-1.4129617
1761098403133,0.9068798,-9.548559,-1.4177474
1761098403135,0.9062816,-9.577272,-1.4464613
1761098403138,0.91585284,-9.572487,-1.4656038
1761098403140,0.91106725,-9.582058,-1.474577
1761098403142,0.9206385,-9.57787,-1.474577
1761098403145,0.9200403,-9.597013,-1.4793626
1761098403146,0.9296116,-9.587442,-1.4841483
1761098403149,0.9200403,-9.601799,-1.5032908
1761098403151,0.92482597,-9.61137,-1.4889339
1761098403153,0.91525465,-9.605987,-1.5080764
1761098403156,0.94396853,-9.61137,-1.474577
1761098403158,0.9343972,-9.61137,-1.4697913
1761098403160,0.92482597,-9.616156,-1.4697913
1761098403163,0.9290134,-9.620942,-1.43689
1761098403165,0.9290134,-9.625728,-1.43689
1761098403167,0.9343972,-9.616156,-1.422533
1761098403169,0.9290134,-9.635299,-1.4177474
1761098403172,0.933799,-9.626326,-1.3938192
1761098403174,0.9385847,-9.626326,-1.3890336
1761098403177,0.9385847,-9.635897,-1.3752748
1761098403179,0.95712906,-9.646067,-1.346561
1761098403181,0.948156,-9.626326,-1.346561
1761098403183,0.948156,-9.645468,-1.346561
1761098403185,0.94277215,-9.659825,-1.3274183
1761098403187,0.9523434,-9.669994,-1.3082758
1761098403190,0.94755775,-9.669994,-1.317847
1761098403192,0.94277215,-9.674182,-1.3082758
1761098403194,0.9284152,-9.678967,-1.3417753
1761098403196,0.93320084,-9.678967,-1.3417753
1761098403199,0.9284152,-9.669396,-1.3369896
1761098403201,0.9290134,-9.65504,-1.3226327
1761098403203,0.91465646,-9.659226,-1.332204
1761098403205,0.9098708,-9.64487,-1.346561
1761098403208,0.90029955,-9.640084,-1.3561323
1761098403210,0.8673982,-9.629914,-1.3274183
1761098403212,0.8961121,-9.61137,-1.3369896
1761098403214,0.8865408,-9.615558,-1.346561
1761098403217,0.90089774,-9.625728,-1.346561
1761098403219,0.910469,-9.597013,-1.3369896
1761098403221,0.9056834,-9.601799,-1.346561
1761098403223,0.90089774,-9.625728,-1.3561323
1761098403226,0.9242278,-9.625728,-1.3704891
1761098403228,0.9056834,-9.630513,-1.3609179
1761098403230,0.9098708,-9.649655,-1.3704891
1761098403232,0.89072824,-9.644272,-1.3938192
1761098403235,0.87158567,-9.649057,-1.3938192
1761098403237,0.87637126,-9.644272,-1.4033905
1761098403239,0.8811569,-9.6682,-1.4177474
1761098403241,0.8572287,-9.6580305,-1.4273187
1761098403244,0.8769695,-9.634701,-1.4177474
1761098403246,0.84347,-9.643674,-1.4321043
1761098403248,0.8530413,-9.634102,-1.451247
1761098403250,0.8344969,-9.623933,-1.4321043
1761098403253,0.8392825,-9.600004,-1.4416757
1761098403255,0.82013994,-9.60479,-1.4793626
1761098403257,0.8392825,-9.609575,-1.4656038
1761098403260,0.83030945,-9.585648,-1.4560326
1761098403262,0.83988076,-9.5760765,-1.451247
1761098403264,0.84406817,-9.600603,-1.451247
1761098403266,0.85902333,-9.58146,-1.4608182
1761098403269,0.88235337,-9.5964155,-1.4321043
1761098403271,0.8919246,-9.601201,-1.4464613
1761098403273,0.8967103,-9.59163,-1.4273187
1761098403276,0.92542416,-9.568299,-1.43689
1761098403278,0.94337034,-9.62154,-1.43689
1761098403280,0.948156,-9.626326,-1.451247
1761098403282,0.9625129,-9.631111,-1.4464613
1761098403285,0.9768698,-9.631709,-1.4273187
1761098403287,0.9954142,-9.646067,-1.43689
1761098403289,1.0091729,-9.656236,-1.4273187
1761098403291,0.99003035,-9.67478,-1.3986049
1761098403293,0.9906286,-9.655638,-1.3800604
1761098403296,0.98584294,-9.665209,-1.3890336
1761098403299,0.98584294,-9.660423,-1.3704891
1761098403300,0.9523434,-9.669994,-1.346561
1761098403302,0.95772725,-9.64128,-1.3369896
1761098403305,0.9290134,-9.650253,-1.3226327
1761098403307,0.94337034,-9.635897,-1.308874
1761098403309,0.933799,-9.640682,-1.3040884
1761098403311,0.9290134,-9.645468,-1.2897314
1761098403313,0.9242278,-9.640682,-1.2705889
1761098403316,0.9523434,-9.650852,-1.2610176
1761098403318,0.9667004,-9.655638,-1.2705889
1761098403320,0.9523434,-9.679565,-1.2753744
1761098403323,0.9667004,-9.669994,-1.2610176
1761098403325,0.93320084,-9.664611,-1.2466606
1761098403327,0.94277215,-9.67478,-1.2705889
1761098403329,0.9379865,-9.65504,-1.2993027
1761098403332,0.9290134,-9.635897,-1.3040884
1761098403334,0.9385847,-9.635897,-1.3040884
1761098403337,0.9385847,-9.626326,-1.3369896
1761098403338,0.9296116,-9.616755,-1.332204
1761098403341,0.94396853,-9.602397,-1.346561
1761098403343,0.95353985,-9.578469,-1.3704891
1761098403345,0.9529416,-9.611969,-1.3986049
1761098403348,0.9625129,-9.616755,-1.3938192
1761098403350,0.94396853,-9.6071825,-1.4177474
1761098403352,0.9529416,-9.626326,-1.4177474
1761098403355,0.9720842,-9.626924,-1.43689
1761098403356,0.96729857,-9.616755,-1.4464613
1761098403359,0.98644114,-9.626924,-1.46022
1761098403361,0.96729857,-9.62154,-1.4793626
1761098403363,0.948156,-9.635897,-1.4697913
1761098403365,0.948156,-9.635897,-1.4793626
1761098403368,0.99601245,-9.622138,-1.4793626
1761098403370,0.95772725,-9.6071825,-1.4793626
1761098403373,0.95772725,-9.611969,-1.4697913
1761098403374,0.9529416,-9.611969,-1.43689
1761098403377,0.948156,-9.616755,-1.451247
1761098403379,0.9487542,-9.6071825,-1.422533
1761098403381,0.9200403,-9.606585,-1.4129617
1761098403383,0.9056834,-9.616156,-1.3890336
1761098403386,0.9056834,-9.616156,-1.3657036
1761098403388,0.90029955,-9.64487,-1.3609179
1761098403390,0.8859426,-9.639486,-1.3513466
1761098403393,0.87637126,-9.649057,-1.3274183
1761098403395,0.8673982,-9.634701,-1.3226327
1761098403397,0.8530413,-9.639486,-1.332204
1761098403400,0.84347,-9.648459,-1.317847
1761098403402,0.8392825,-9.619745,-1.3226327
1761098403404,0.81595254,-9.600004,-1.3417753
1761098403406,0.8255238,-9.590433,-1.3561323
1761098403408,0.8111669,-9.580862,-1.3513466
1761098403411,0.8255238,-9.5665045,-1.3369896
1761098403413,0.8213364,-9.556933,-1.3657036
1761098403415,0.8213364,-9.533006,-1.3657036
1761098403417,0.8315059,-9.523434,-1.3800604
1761098403419,0.8219346,-9.504292,-1.3848461
1761098403422,0.83688974,-9.480363,-1.3992031
1761098403424,0.86560357,-9.466604,-1.3992031
1761098403426,0.8745767,-9.495318,-1.4273187
1761098403428,0.86979103,-9.490533,-1.4087744
1761098403431,0.8889336,-9.495318,-1.43689
1761098403433,0.8889336,-9.495318,-1.43689
1761098403435,0.9314062,-9.506086,-1.451247
1761098403438,0.9314062,-9.515657,-1.4560326
1761098403440,0.9451649,-9.544372,-1.4560326
1761098403442,0.9637093,-9.54497,-1.4464613
1761098403444,0.9726824,-9.578469,-1.4608182
1761098403447,0.9822537,-9.588638,-1.4560326
1761098403449,0.99601245,-9.622138,-1.4937196
1761098403452,1.0001999,-9.626924,-1.4793626
1761098403454,1.0049855,-9.656236,-1.4650056
1761098403455,1.0283155,-9.675379,-1.4697913
1761098403458,1.0235299,-9.680164,-1.4793626
1761098403460,1.0277174,-9.689735,-1.4697913
1761098403462,1.0127622,-9.728021,-1.4650056
1761098403465,1.0271192,-9.73819,-1.4650056
1761098403467,1.0223335,-9.742975,-1.4410775
1761098403469,1.0115658,-9.795618,-1.4315062
1761098403471,1.0025927,-9.775877,-1.4033905
1761098403474,0.9834501,-9.790234,-1.3746766
1761098403476,0.9882358,-9.799805,-1.3603196
1761098403478,0.9828519,-9.823733,-1.3274183
1761098403480,0.96430755,-9.809377,-1.2987045
1761098403484,0.9499506,-9.809377,-1.2843475
1761098403484,0.930808,-9.813564,-1.2843475
1761098403487,0.907478,-9.789038,-1.2466606
1761098403489,0.907478,-9.784252,-1.2227324
1761098403492,0.88414794,-9.755538,-1.2131611
1761098403493,0.88414794,-9.750752,-1.204188
1761098403496,0.8751749,-9.731011,-1.2089736
1761098403498,0.8662018,-9.707084,-1.2089736
1761098403500,0.8853444,-9.6783695,-1.2089736
1761098403503,0.86201435,-9.653843,-1.218545
1761098403505,0.87218386,-9.634701,-1.2466606
1761098403508,0.88235337,-9.59163,-1.294517
1761098403510,0.8781659,-9.572487,-1.308874
1761098403511,0.89730847,-9.543773,-1.3417753
1761098403514,0.8979067,-9.524631,-1.3704891
1761098403516,0.9026923,-9.519845,-1.3896317
1761098403518,0.9026923,-9.505488,-1.4231312
1761098403521,0.90807617,-9.476774,-1.451247
1761098403523,0.9128618,-9.48156,-1.5032908
1761098403525,0.9176475,-9.457631,-1.5038891
1761098403527,0.90807617,-9.461819,-1.5367904
1761098403529,0.92243314,-9.457631,-1.5607185
1761098403532,0.93619186,-9.48156,-1.5655042
1761098403534,0.92243314,-9.462418,-1.5888343
1761098403537,0.9314062,-9.491131,-1.579263
1761098403539,0.9128618,-9.485747,-1.5607185
1761098403541,0.9026923,-9.495318,-1.5744773
1761098403543,0.907478,-9.500104,-1.5655042
1761098403545,0.88354975,-9.509675,-1.5463617
1761098403548,0.8877372,-9.533604,-1.5176477
1761098403550,0.9026923,-9.519845,-1.5224334
1761098403552,0.9020941,-9.538987,-1.4656038
1761098403554,0.9164511,-9.543773,-1.4416757
1761098403557,0.9020941,-9.553345,-1.4129617
1761098403559,0.90149593,-9.577272,-1.3800604
1761098403561,0.9200403,-9.61137,-1.332204
1761098403563,0.9062816,-9.597013,-1.332204
1761098403566,0.8961121,-9.606585,-1.2801601
1761098403568,0.887139,-9.601799,-1.2520444
1761098403570,0.8913264,-9.630513,-1.2466606
1761098403573,0.9056834,-9.630513,-1.2281163
1761098403575,0.8811569,-9.654441,-1.2281163
1761098403577,0.8811569,-9.649655,-1.2089736
1761098403579,0.8668,-9.663414,-1.2281163
1761098403581,0.87218386,-9.64487,-1.2233306
1761098403584,0.8673982,-9.644272,-1.2089736
1761098403586,0.8811569,-9.654441,-1.2233306
1761098403588,0.8955139,-9.654441,-1.2610176
1761098403590,0.89491564,-9.683155,-1.2801601
1761098403593,0.9284152,-9.664611,-1.2849457
1761098403595,0.9092726,-9.673584,-1.3274183
1761098403597,0.9290134,-9.640682,-1.346561
1761098403600,0.9385847,-9.650253,-1.3704891
1761098403602,0.9619147,-9.655638,-1.4033905
1761098403604,0.94337034,-9.645468,-1.43689
1761098403607,0.95712906,-9.645468,-1.4464613
1761098403608,0.95712906,-9.659825,-1.4697913
1761098403611,0.9667004,-9.645468,-1.4841483
1761098403613,0.95712906,-9.650253,-1.5128621
1761098403615,0.95712906,-9.65504,-1.5128621
1761098403618,0.94277215,-9.649655,-1.5314065
1761098403620,0.971486,-9.659825,-1.5128621
1761098403622,0.948156,-9.630513,-1.5314065
1761098403624,0.94277215,-9.659825,-1.5314065
1761098403627,0.9290134,-9.64487,-1.5409778
1761098403629,0.9379865,-9.664013,-1.5080764
1761098403631,0.93320084,-9.654441,-1.5128621
1761098403633,0.94277215,-9.664611,-1.4889339
1761098403636,0.9236295,-9.687941,-1.4793626
1761098403637,0.92303133,-9.692726,-1.4554343
1761098403640,0.8991031,-9.716655,-1.4410775
1761098403642,0.8895318,-9.707084,-1.4321043
1761098403644,0.86560357,-9.720842,-1.3938192
1761098403647,0.8703892,-9.735199,-1.3603196
1761098403649,0.8703892,-9.735199,-1.3651053
1761098403651,0.86560357,-9.725628,-1.3369896
1761098403654,0.8141579,-9.69153,-1.3226327
1761098403656,0.8141579,-9.677173,-1.3034902
1761098403659,0.81894356,-9.672387,-1.2849457
1761098403661,0.77706915,-9.647861,-1.2753744
1761098403663,0.77706915,-9.638289,-1.2658032
1761098403665,0.77706915,-9.623335,-1.2610176
1761098403667,0.7585248,-9.594621,-1.2562319
1761098403669,0.782453,-9.599406,-1.2705889
1761098403672,0.77826554,-9.575478,-1.2705889
1761098403674,0.78783685,-9.556335,-1.2849457
1761098403676,0.81655073,-9.547362,-1.2993027
1761098403679,0.8213364,-9.547362,-1.3369896
1761098403681,0.8452646,-9.552746,-1.3328022
1761098403683,0.8452646,-9.543175,-1.346561
1761098403685,0.87338024,-9.553345,-1.3513466
1761098403687,0.88295156,-9.548559,-1.3800604
1761098403690,0.8925229,-9.534202,-1.3944174
1761098403692,0.89312106,-9.529416,-1.4039887
1761098403694,0.91166544,-9.543773,-1.451247
1761098403697,0.92542416,-9.558728,-1.4416757
1761098403699,0.9349955,-9.549157,-1.451247
1761098403701,0.9349955,-9.568299,-1.4656038
1761098403703,0.94396853,-9.582657,-1.4793626
1761098403705,0.92482597,-9.592228,-1.4985052
1761098403708,0.9631111,-9.58804,-1.4889339
1761098403710,0.9487542,-9.6071825,-1.4841483
1761098403712,0.9242278,-9.620942,-1.474577
1761098403714,0.948156,-9.635897,-1.4937196
1761098403717,0.9385847,-9.640682,-1.474577
1761098403719,0.9385847,-9.640682,-1.4560326
1761098403721,0.9242278,-9.649655,-1.4321043
1761098403724,0.9284152,-9.669396,-1.422533
1761098403726,0.91884387,-9.673584,-1.3890336
1761098403728,0.93738824,-9.702896,-1.3609179
1761098403730,0.927817,-9.712467,-1.3513466
1761098403732,0.9421739,-9.717253,-1.3561323
1761098403735,0.93679005,-9.736994,-1.3417753
1761098403737,0.9176475,-9.755538,-1.2987045
1761098403739,0.9272188,-9.750752,-1.3034902
1761098403741,0.9320044,-9.746565,-1.2843475
1761098403744,0.9170493,-9.769895,-1.2514462
1761098403746,0.90807617,-9.750752,-1.2610176
1761098403748,0.90329057,-9.769895,-1.2658032
1761098403750,0.90329057,-9.755538,-1.2466606
1761098403753,0.87936234,-9.7501545,-1.2418749
1761098403755,0.86560357,-9.731011,-1.2137593
1761098403757,0.86081797,-9.735797,-1.2323036
1761098403759,0.85124665,-9.730413,-1.2466606
1761098403762,0.84765744,-9.687343,-1.2323036
1761098403764,0.84825563,-9.658628,-1.2418749
1761098403766,0.84825563,-9.634701,-1.2424731
1761098403769,0.8536395,-9.615558,-1.2705889
1761098403771,0.8781659,-9.567701,-1.2753744
1761098403773,0.88295156,-9.562916,-1.2993027
1761098403775,0.8877372,-9.567701,-1.308874
1761098403778,0.89730847,-9.538987,-1.3328022
1761098403780,0.91166544,-9.544372,-1.3609179
1761098403782,0.93559366,-9.530014,-1.3848461
1761098403784,0.92662054,-9.496515,-1.3992031
1761098403786,0.92662054,-9.515657,-1.422533
1761098403789,0.92183495,-9.500702,-1.4560326
1761098403791,0.92183495,-9.510274,-1.4703895
1761098403793,0.9068798,-9.529416,-1.4703895
1761098403796,0.9026923,-9.515059,-1.4937196
1761098403798,0.8979067,-9.514461,-1.5080764
1761098403800,0.88354975,-9.514461,-1.4985052
1761098403802,0.8883354,-9.514461,-1.5080764
1761098403804,0.8979067,-9.524033,-1.5128621
1761098403807,0.91166544,-9.529416,-1.4937196
1761098403809,0.89730847,-9.534202,-1.4937196
1761098403811,0.88354975,-9.524033,-1.4889339
1761098403813,0.88354975,-9.533604,-1.4799608
1761098403816,0.8781659,-9.54796,-1.4464613
1761098403818,0.87338024,-9.543175,-1.4464613
1761098403820,0.8787641,-9.538389,-1.422533
1761098403822,0.85902333,-9.54796,-1.4087744
1761098403825,0.849452,-9.552746,-1.3752748
1761098403827,0.8452646,-9.552746,-1.3609179
1761098403829,0.86859465,-9.567701,-1.3280165
1761098403832,0.8542377,-9.58146,-1.3232309
1761098403834,0.849452,-9.562318,-1.2849457
1761098403836,0.8632108,-9.5868435,-1.2753744
1761098403838,0.849452,-9.571889,-1.2520444
1761098403841,0.8446664,-9.586246,-1.2520444
1761098403843,0.85902333,-9.572487,-1.2568301
1761098403845,0.863809,-9.577272,-1.2472588
1761098403847,0.849452,-9.562318,-1.218545
1761098403849,0.85902333,-9.55813,-1.2520444
1761098403852,0.86859465,-9.548559,-1.2329018
1761098403854,0.8877372,-9.548559,-1.2424731
1761098403856,0.8925229,-9.544372,-1.2329018
1761098403859,0.9068798,-9.553943,-1.2568301
1761098403861,0.93978107,-9.573684,-1.2753744
1761098403863,0.93978107,-9.573684,-1.2801601
1761098403865,0.95832545,-9.583853,-1.2705889
1761098403868,0.95832545,-9.602996,-1.2993027
1761098403870,0.96789676,-9.593424,-1.3184453
1761098403872,0.98644114,-9.622138,-1.3274183
1761098403874,0.9810573,-9.636495,-1.3369896
1761098403877,0.9810573,-9.646067,-1.3609179
1761098403879,0.9667004,-9.669994,-1.3746766
1761098403882,0.99960166,-9.68495,-1.3938192
1761098403883,0.99003035,-9.694521,-1.3938192
1761098403886,0.9804591,-9.689137,-1.4177474
1761098403888,0.9708878,-9.703494,-1.4410775
1761098403890,0.9613165,-9.698709,-1.4273187
1761098403892,0.93738824,-9.707682,-1.4410775
1761098403895,0.9086744,-9.707084,-1.4362918
1761098403897,0.89431745,-9.711869,-1.4410775
1761098403899,0.8662018,-9.706485,-1.4362918
1761098403901,0.85184485,-9.71127,-1.4321043
1761098403904,0.82313097,-9.725029,-1.422533
1761098403906,0.80877405,-9.729217,-1.4081762
1761098403908,0.80877405,-9.734601,-1.3794622
1761098403911,0.7615158,-9.714262,-1.3603196
1761098403913,0.7902297,-9.705289,-1.3561323
1761098403915,0.76630145,-9.7196455,-1.3130615
1761098403917,0.78065836,-9.695718,-1.317847
1761098403919,0.7812566,-9.676575,-1.2897314
1761098403922,0.7860422,-9.68136,-1.2897314
1761098403924,0.7902297,-9.690931,-1.2705889
1761098403926,0.8141579,-9.672387,-1.2658032
1761098403928,0.81954175,-9.653245,-1.2705889
1761098403931,0.82911307,-9.648459,-1.2897314
1761098403933,0.84765744,-9.663414,-1.2993027
1761098403935,0.86261255,-9.629914,-1.2993027
1761098403937,0.8817552,-9.625129,-1.308874
1761098403940,0.910469,-9.625728,-1.332204
1761098403942,0.9296116,-9.616755,-1.3417753
1761098403944,0.9349955,-9.57787,-1.3657036
1761098403947,0.95832545,-9.602397,-1.3800604
1761098403949,0.9726824,-9.592826,-1.4081762
1761098403951,0.99601245,-9.607781,-1.422533
1761098403954,1.006182,-9.579067,-1.4608182
1761098403956,0.9816555,-9.602996,-1.4656038
1761098403958,0.9822537,-9.58804,-1.474577
1761098403960,0.95353985,-9.58804,-1.474577
1761098403962,0.9487542,-9.58804,-1.4656038
1761098403965,0.9487542,-9.592826,-1.4416757
1761098403967,0.9391829,-9.597013,-1.4416757
1761098403969,0.92482597,-9.61137,-1.4321043
1761098403971,0.91525465,-9.606585,-1.3986049
1761098403974,0.92482597,-9.620942,-1.3848461
1761098403976,0.92482597,-9.620942,-1.3800604
1761098403978,0.8955139,-9.640084,-1.3513466
1761098403981,0.9056834,-9.630513,-1.332204
1761098403983,0.90029955,-9.649655,-1.3226327
1761098403985,0.89072824,-9.640084,-1.3274183
1761098403987,0.8817552,-9.610772,-1.3040884
1761098403989,0.8769695,-9.629914,-1.3040884
1761098403992,0.8769695,-9.615558,-1.2993027
1761098403993,0.8632108,-9.610772,-1.294517
1761098403996,0.85842514,-9.5964155,-1.2849457
1761098403998,0.85842514,-9.5868435,-1.2849457
1761098404000,0.887139,-9.5964155,-1.2849457
1761098404003,0.87338024,-9.567701,-1.294517
1761098404005,0.91106725,-9.582657,-1.2897314
1761098404007,0.8967103,-9.592228,-1.294517
1761098404009,0.90149593,-9.582657,-1.294517
1761098404012,0.9200403,-9.616156,-1.294517
1761098404014,0.92482597,-9.597013,-1.3184453
1761098404016,0.9296116,-9.592826,-1.3184453
1761098404018,0.92482597,-9.61137,-1.3417753
1761098404021,0.9194421,-9.630513,-1.346561
1761098404023,0.94337034,-9.635897,-1.3800604
1761098404025,0.9529416,-9.635897,-1.3848461
1761098404028,0.9290134,-9.645468,-1.3890336
1761098404030,0.9667004,-9.665209,-1.3938192
1761098404032,0.9613165,-9.689137,-1.3986049
1761098404034,0.97507524,-9.713065,-1.4177474
1761098404037,0.97926265,-9.737592,-1.3938192
1761098404039,0.9696914,-9.7609215,-1.4033905
1761098404041,0.99302137,-9.790234,-1.4081762
1761098404043,0.99302137,-9.790234,-1.4315062
1761098404045,0.9924232,-9.814162,-1.4267205
1761098404048,0.991825,-9.8428755,-1.4171492
1761098404050,0.9870393,-9.862019,-1.4267205
1761098404053,0.9870393,-9.862019,-1.4219348
1761098404054,0.9768698,-9.890733,-1.4362918
1761098404057,0.9816555,-9.890733,-1.4219348
1761098404059,0.9810573,-9.929616,-1.4075779
1761098404061,0.9708878,-9.963116,-1.4219348
1761098404064,0.9798609,-10.0014,-1.3884354
1761098404066,0.9696914,-10.020543,-1.3836497
1761098404068,0.9553344,-10.044471,-1.393221
1761098404070,0.93619186,-10.043873,-1.3836497
1761098404072,0.92602235,-10.077373,-1.3884354
1761098404075,0.8979067,-10.076775,-1.402194
1761098404077,0.88354975,-10.08156,-1.3836497
1761098404079,0.84107715,-10.066007,-1.3884354
1761098404081,0.8356933,-10.075578,-1.378864
1761098404084,0.81655073,-10.080363,-1.3884354
1761098404086,0.78843504,-10.084551,-1.3836497
1761098404089,0.80757767,-10.070792,-1.393221
1761098404091,0.80757767,-10.070792,-1.393221
1761098404093,0.8069794,-10.094721,-1.393221
1761098404095,0.82612205,-10.099506,-1.3926228
1761098404097,0.82612205,-10.104292,-1.4213367
1761098404100,0.85902333,-10.100104,-1.4356936
1761098404102,0.8781659,-10.11506,-1.4356936
1761098404104,0.9020941,-10.110274,-1.4596218
1761098404106,0.90149593,-10.119845,-1.4829519
1761098404108,0.92542416,-10.115658,-1.4781662
1761098404111,0.91585284,-10.110872,-1.4829519
1761098404113,0.93978107,-10.125229,-1.50688
1761098404115,0.93978107,-10.120443,-1.521237
1761098404118,0.9445667,-10.110872,-1.5164514
1761098404120,0.9445667,-10.091729,-1.544567
1761098404122,0.930808,-10.086944,-1.5164514
1761098404124,0.93559366,-10.086944,-1.5397813
1761098404127,0.9164511,-10.086346,-1.5020944
1761098404129,0.92183495,-10.062417,-1.5164514
1761098404131,0.930808,-10.067801,-1.4925231
1761098404133,0.8979067,-10.062417,-1.4691931
1761098404136,0.8739785,-10.057034,-1.4500505
1761098404138,0.8745767,-10.037891,-1.430908
1761098404140,0.8745767,-10.028319,-1.4027922
1761098404143,0.86560357,-10.004392,-1.4171492
1761098404145,0.86141616,-9.990034,-1.3740784
1761098404147,0.85244304,-9.955936,-1.3603196
1761098404149,0.86201435,-9.937392,-1.3459628
1761098404152,0.8811569,-9.923036,-1.3172488
1761098404154,0.8955139,-9.923036,-1.3316058
1761098404156,0.90029955,-9.9140625,-1.3076776
1761098404158,0.9290134,-9.899706,-1.3172488
1761098404161,0.9242278,-9.9140625,-1.3124632
1761098404163,0.9529416,-9.900304,-1.3076776
1761098404165,0.971486,-9.915258,-1.3172488
1761098404167,0.971486,-9.920045,-1.3363914
1761098404169,0.9762716,-9.9344015,-1.3507484
1761098404172,0.9810573,-9.939187,-1.3603196
1761098404174,0.99960166,-9.943973,-1.3884354
1761098404176,0.994816,-9.958329,-1.393221
1761098404179,0.99900347,-9.992428,-1.4261223
1761098404181,1.0037891,-9.992428,-1.4452649
1761098404183,0.98883396,-10.0061865,-1.4596218
1761098404185,1.0079765,-10.030712,-1.4548361
1761098404188,1.012164,-10.035499,-1.4877375
1761098404190,1.012164,-10.059426,-1.4973087
1761098404192,1.0211371,-10.074382,-1.4733806
1761098404194,1.0259227,-10.06481,-1.4829519
1761098404196,1.0115658,-10.083355,-1.4925231
1761098404199,1.0157533,-10.107283,-1.50688
1761098404201,1.0301101,-10.093524,-1.5020944
1761098404203,1.006182,-10.12164,-1.4733806
1761098404206,0.9822537,-10.131211,-1.4733806
1761098404208,0.9870393,-10.135997,-1.4781662
1761098404210,0.9870393,-10.131211,-1.4500505
1761098404213,0.96789676,-10.135997,-1.4261223
1761098404215,0.95832545,-10.14497,-1.430908
1761098404217,0.9487542,-10.159327,-1.4356936
1761098404219,0.9487542,-10.159327,-1.3974084
1761098404221,0.95353985,-10.1497555,-1.3926228
1761098404224,0.948156,-10.168898,-1.3782659
1761098404226,0.95353985,-10.1497555,-1.3692927
1761098404228,0.9768698,-10.155139,-1.3830515
1761098404231,0.9822537,-10.145568,-1.3692927
1761098404232,0.99601245,-10.160523,-1.3692927
1761098404235,1.006182,-10.136595,-1.3830515
1761098404237,1.0247263,-10.136595,-1.378864
1761098404240,1.0199406,-10.136595,-1.4069797
1761098404242,1.0295119,-10.127024,-1.402194
1761098404244,1.0301101,-10.122238,-1.4548361
1761098404247,1.006182,-10.126426,-1.4452649
1761098404248,1.0205388,-10.107881,-1.4733806
1761098404250,1.0019945,-10.0881405,-1.4973087
1761098404253,1.0067801,-10.078569,-1.5020944
1761098404255,0.99720883,-10.078569,-1.5116657
1761098404258,0.9834501,-10.063614,-1.521237
1761098404260,0.9738788,-10.073185,-1.544567
1761098404262,0.9834501,-10.073185,-1.544567
1761098404264,0.97806627,-10.0779705,-1.535594
1761098404266,0.96849495,-10.082756,-1.5541383
1761098404269,0.95413804,-10.106087,-1.5397813
1761098404271,0.9589237,-10.097114,-1.5308083
1761098404273,0.9499506,-10.086944,-1.5397813
1761098404276,0.9493524,-10.110872,-1.5397813
1761098404278,0.9589237,-10.116256,-1.544567
1761098404280,0.95353985,-10.135399,-1.5493526
1761098404282,0.9391829,-10.144372,-1.5349957
1761098404284,0.9391829,-10.158729,-1.5397813
1761098404287,0.94337034,-10.17847,-1.5397813
1761098404289,0.94337034,-10.192826,-1.5254245
1761098404291,0.9385847,-10.192826,-1.5397813
1761098404294,0.93320084,-10.22154,-1.5302101
1761098404296,0.9236295,-10.216156,-1.5110675
1761098404298,0.91884387,-10.225728,-1.5206388
1761098404300,0.89491564,-10.225728,-1.5302101
1761098404302,0.8997013,-10.216156,-1.5397813
1761098404305,0.90448695,-10.225728,-1.5302101
1761098404307,0.89013004,-10.239487,-1.5302101
1761098404309,0.8859426,-10.2107725,-1.5206388
1761098404312,0.8662018,-10.229915,-1.5158532
1761098404314,0.8662018,-10.239487,-1.5302101
1761098404316,0.8805587,-10.2347,-1.5158532
1761098404318,0.8757731,-10.225129,-1.5254245
1761098404321,0.87637126,-10.220344,-1.5110675
1761098404323,0.8997013,-10.225728,-1.4967105
1761098404325,0.93320084,-10.22154,-1.5062819
1761098404327,0.93320084,-10.231112,-1.5062819
1761098404329,0.9379865,-10.211968,-1.5110675
1761098404332,0.9523434,-10.192826,-1.5206388
1761098404334,0.96729857,-10.183255,-1.50688
1761098404336,0.95772725,-10.168898,-1.5158532
1761098404338,0.9768698,-10.164711,-1.5116657
1761098404341,0.98644114,-10.1599245,-1.5158532
1761098404343,1.0247263,-10.150951,-1.4925231
1761098404345,1.015155,-10.146166,-1.50688
1761098404348,1.0247263,-10.155738,-1.5302101
1761098404350,1.0289137,-10.165309,-1.4973087
1761098404352,1.0295119,-10.150951,-1.5164514
1761098404354,1.0241281,-10.160523,-1.5158532
1761098404356,1.0193424,-10.1700945,-1.5116657
1761098404359,1.0193424,-10.189237,-1.5206388
1761098404361,1.0001999,-10.198809,-1.5062819
1761098404363,1.0091729,-10.203594,-1.5254245
1761098404366,0.98584294,-10.207782,-1.5349957
1761098404368,0.9661021,-10.2317095,-1.5254245
1761098404370,0.9667004,-10.212567,-1.5302101
1761098404372,0.9613165,-10.226326,-1.5254245
1761098404375,0.95653087,-10.235897,-1.5062819
1761098404377,0.94695956,-10.231112,-1.5158532
1761098404379,0.94695956,-10.245468,-1.5014962
1761098404381,0.94695956,-10.231112,-1.5062819
1761098404383,0.9517452,-10.245468,-1.4877375
1761098404386,0.96550393,-10.260424,-1.4685949
1761098404388,0.97507524,-10.269995,-1.4685949
1761098404390,0.9798609,-10.261022,-1.4494523
1761098404392,0.9846465,-10.280165,-1.439881
1761098404395,0.9798609,-10.265807,-1.4159528
1761098404397,1.0031909,-10.280165,-1.4111671
1761098404399,1.0127622,-10.275977,-1.4069797
1761098404402,0.9846465,-10.270593,-1.3926228
1761098404404,0.9846465,-10.270593,-1.3878372
1761098404406,1.0037891,-10.261022,-1.402194
1761098404408,1.0229317,-10.26162,-1.402194
1761098404411,1.0127622,-10.271192,-1.4069797
1761098404413,1.0175478,-10.275977,-1.402194
1761098404415,1.0319048,-10.266405,-1.3974084
1761098404418,1.041476,-10.26162,-1.4255241
1761098404421,1.0235299,-10.228121,-1.4350954
1761098404422,1.0229317,-10.242477,-1.439881
1761098404425,1.0043873,-10.222736,-1.4350954
1761098404427,0.994816,-10.222736,-1.4542379
1761098404429,0.9619147,-10.222138,-1.4303098
1761098404431,0.9619147,-10.212567,-1.4446666
1761098404433,0.9523434,-10.216755,-1.4685949
1761098404435,0.9667004,-10.193424,-1.4638093
1761098404438,0.94755775,-10.216755,-1.4829519
1761098404440,0.9379865,-10.216755,-1.4781662
1761098404442,0.94755775,-10.192826,-1.4973087
1761098404444,0.95772725,-10.188041,-1.4925231
1761098404447,0.94396853,-10.159327,-1.4781662
1761098404449,0.94337034,-10.173684,-1.4925231
1761098404451,0.9391829,-10.144372,-1.4925231
1761098404453,0.95832545,-10.135399,-1.50688
1761098404456,0.94396853,-10.130613,-1.4925231
1761098404458,0.9493524,-10.121041,-1.5164514
1761098404460,0.9774681,-10.116256,-1.50688
1761098404462,0.9828519,-10.106685,-1.5116657
1761098404465,0.99661064,-10.135997,-1.521237
1761098404467,1.0103694,-10.150353,-1.5541383
1761098404470,1.0055838,-10.155139,-1.5684953
1761098404471,1.0426725,-10.194621,-1.5541383
1761098404474,1.0283155,-10.194023,-1.5822539
1761098404476,1.0426725,-10.208978,-1.5822539
1761098404478,1.0516455,-10.232906,-1.5918252
1761098404480,1.0372887,-10.237692,-1.5918252
1761098404482,1.0462617,-10.2520485,-1.6301104
1761098404485,1.0223335,-10.270593,-1.6109679
1761098404488,1.0133604,-10.261022,-1.6438692
1761098404489,0.9936196,-10.279566,-1.6582261
1761098404492,1.0031909,-10.280165,-1.6534405
1761098404494,0.9936196,-10.279566,-1.6486548
1761098404498,0.9696914,-10.303494,-1.6247265
1761098404498,0.95054877,-10.307682,-1.6342978
1761098404500,0.9595219,-10.332209,-1.6390835
1761098404503,0.9595219,-10.34178,-1.5918252
1761098404505,0.9445667,-10.365707,-1.5918252
1761098404507,0.9445667,-10.3848505,-1.5822539
1761098404509,0.9726824,-10.39502,-1.5535401
1761098404512,0.95353985,-10.399207,-1.5391831
1761098404514,0.95832545,-10.408778,-1.5391831
1761098404516,0.9487542,-10.403993,-1.5110675
1761098404519,0.9445667,-10.394422,-1.5062819
1761098404521,0.95832545,-10.409377,-1.4919249
1761098404523,0.9625129,-10.428519,-1.4727824
1761098404525,0.95832545,-10.418948,-1.4823537
1761098404527,0.9343972,-10.413564,-1.4679967
1761098404530,0.9487542,-10.423734,-1.4488541
1761098404532,0.9726824,-10.423734,-1.4440684
1761098404534,0.9720842,-10.442876,-1.4392828
1761098404536,0.95772725,-10.447661,-1.4536397
1761098404539,0.94337034,-10.442278,-1.4679967
1761098404541,0.95772725,-10.452448,-1.4536397
1761098404543,0.94396853,-10.423136,-1.4823537
1761098404545,0.95772725,-10.43809,-1.5104693
1761098404548,0.9529416,-10.43809,-1.5104693
1761098404550,0.948156,-10.461421,-1.5200406
1761098404552,0.9194421,-10.451251,-1.5487545
1761098404554,0.94337034,-10.442278,-1.5583258
1761098404557,0.92482597,-10.44168,-1.5631114
1761098404559,0.91465646,-10.4464655,-1.5816557
1761098404561,0.92482597,-10.417751,-1.5870396
1761098404564,0.95353985,-10.408778,-1.6007984
1761098404566,0.95832545,-10.399207,-1.605584
1761098404568,0.95832545,-10.413564,-1.6199409
1761098404570,0.9870393,-10.404591,-1.6103697
1761098404573,0.9822537,-10.39502,-1.6342978
1761098404575,1.0019945,-10.371092,-1.6295122
1761098404577,1.0067801,-10.371092,-1.6199409
1761098404579,1.0253245,-10.381261,-1.6151553
1761098404582,1.0348958,-10.381261,-1.5966109
1761098404584,1.0348958,-10.376475,-1.5966109
1761098404586,1.0396814,-10.376475,-1.5966109
1761098404588,1.0301101,-10.366904,-1.5870396
1761098404591,1.0396814,-10.366904,-1.5870396
1761098404593,1.0348958,-10.390832,-1.5774683
1761098404595,1.0247263,-10.409975,-1.5822539
1761098404598,1.0390832,-10.410573,-1.5535401
1761098404600,1.0199406,-10.433903,-1.5583258
1761098404602,1.0097711,-10.457831,-1.5631114
1761098404604,0.9954142,-10.467402,-1.5439688
1761098404606,1.0043873,-10.48176,-1.5391831
1761098404609,0.994816,-10.491331,-1.5296118
1761098404611,0.99003035,-10.510473,-1.5056837
1761098404613,0.9661021,-10.50509,-1.4913267
1761098404615,0.9421739,-10.514661,-1.4961123
1761098404618,0.93260264,-10.514661,-1.4823537
1761098404620,0.9284152,-10.509277,-1.4913267
1761098404622,0.94755775,-10.500304,-1.4488541
1761098404624,0.9092726,-10.485349,-1.4488541
1761098404627,0.91405827,-10.504492,-1.4440684
1761098404629,0.91884387,-10.514063,-1.4440684
1761098404631,0.93320084,-10.481161,-1.4159528
1761098404633,0.9379865,-10.495519,-1.4297116
1761098404636,0.93320084,-10.485947,-1.4249259
1761098404638,0.94755775,-10.495519,-1.4344971
1761098404640,0.9379865,-10.481161,-1.4297116
1761098404643,0.9236295,-10.485349,-1.4536397
1761098404645,0.94337034,-10.4668045,-1.4440684
1761098404647,0.95712906,-10.47159,-1.4584254
1761098404649,0.96729857,-10.447661,-1.4488541
1761098404652,0.9720842,-10.452448,-1.4919249
1761098404654,0.9720842,-10.452448,-1.5296118
1761098404656,0.99601245,-10.433903,-1.5104693
1761098404659,1.0336994,-10.444073,-1.5487545
1761098404660,1.0241281,-10.448858,-1.5343975
1761098404663,1.052842,-10.453644,-1.5391831
1761098404665,1.0378869,-10.468,-1.5631114
1761098404667,1.0241281,-10.443475,-1.5631114
1761098404669,1.0378869,-10.468,-1.5816557
1761098404672,1.0378869,-10.477572,-1.5816557
1761098404674,1.0283155,-10.491929,-1.5583258
1761098404676,1.0378869,-10.491929,-1.5720844
1761098404678,1.0085747,-10.510473,-1.5672989
1761098404681,1.018146,-10.515858,-1.5864414
1761098404683,1.0085747,-10.529616,-1.5816557
1761098404685,1.0085747,-10.530214,-1.5720844
1761098404688,1.026521,-10.5685,-1.5672989
1761098404690,0.98883396,-10.563115,-1.5577276
1761098404692,0.9696914,-10.577473,-1.5577276
1761098404694,0.974477,-10.577473,-1.5433706
1761098404696,0.9595219,-10.606186,-1.5481563
1761098404699,0.95054877,-10.600802,-1.5577276
1761098404701,0.9457632,-10.591231,-1.5481563
1761098404703,0.9499506,-10.605588,-1.5577276
1761098404705,0.9320044,-10.572088,-1.538585
1761098404708,0.93679005,-10.572088,-1.538585
1761098404710,0.95054877,-10.591231,-1.5337993
1761098404712,0.9415757,-10.562517,-1.5056837
1761098404715,0.9553344,-10.572088,-1.5104693
1761098404717,0.974477,-10.572687,-1.486541
1761098404719,0.9840483,-10.567902,-1.4961123
1761098404721,0.9942178,-10.549356,-1.4913267
1761098404723,0.9936196,-10.573285,-1.5104693
1761098404726,1.0031909,-10.573285,-1.4961123
1761098404728,1.0031909,-10.578071,-1.5056837
1761098404730,1.0031909,-10.573285,-1.515255
1761098404732,0.9984053,-10.572687,-1.5481563
1761098404735,1.0031909,-10.573285,-1.5481563
1761098404738,0.974477,-10.567902,-1.5343975
1761098404740,1.0079765,-10.578071,-1.5481563
1761098404741,0.997807,-10.587044,-1.5625132
1761098404744,0.9840483,-10.572687,-1.5672989
1761098404746,0.96490574,-10.582258,-1.5529419
1761098404748,0.9882358,-10.596615,-1.5625132
1761098404750,0.97926265,-10.587044,-1.5577276
1761098404753,0.9882358,-10.610972,-1.5816557
1761098404755,0.98883396,-10.587044,-1.5625132
1761098404757,0.9738788,-10.615758,-1.5577276
1761098404760,0.9738788,-10.610972,-1.5625132
1761098404762,0.9834501,-10.610972,-1.5625132
1761098404764,0.9882358,-10.6205435,-1.5481563
1761098404766,0.96430755,-10.6205435,-1.5529419
1761098404768,0.9637093,-10.6349,-1.5481563
1761098404771,0.9738788,-10.606186,-1.5625132
1761098404773,0.9403793,-10.619946,-1.5577276
1761098404775,0.9445667,-10.643873,-1.5529419
1761098404778,0.9212367,-10.634302,-1.5625132
1761098404780,0.9302098,-10.653444,-1.5481563
1761098404782,0.9451649,-10.639088,-1.5672989
1761098404784,0.930808,-10.634302,-1.5577276
1761098404786,0.9068798,-10.652846,-1.5672989
1761098404789,0.91166544,-10.648061,-1.5816557
1761098404791,0.9212367,-10.643873,-1.538585
1761098404793,0.9212367,-10.643873,-1.5529419
1761098404796,0.9349955,-10.65823,-1.5577276
1761098404798,0.9212367,-10.643873,-1.5768701
1761098404800,0.91585284,-10.65823,-1.5529419
1761098404802,0.9349955,-10.672587,-1.5577276
1761098404805,0.9445667,-10.653444,-1.5529419
1761098404807,0.9637093,-10.649257,-1.5529419
1761098404809,0.9637093,-10.649257,-1.5433706
1761098404811,0.9732806,-10.649257,-1.5337993
1761098404814,0.97806627,-10.639686,-1.5290136
1761098404816,0.9876375,-10.635498,-1.5337993
1761098404818,0.99720883,-10.6307125,-1.5433706
1761098404820,1.0163515,-10.621141,-1.538585
1761098404823,1.0259227,-10.626525,-1.5200406
1761098404825,1.0450653,-10.621739,-1.5200406
1761098404827,1.0642079,-10.617552,-1.5200406
1761098404830,1.0827522,-10.617552,-1.515255
1761098404832,1.0689936,-10.617552,-1.5056837
1761098404834,1.0779666,-10.631909,-1.5104693
1761098404837,1.0737791,-10.617552,-1.5104693
1761098404839,1.0785648,-10.607981,-1.4913267
1761098404841,1.0642079,-10.617552,-1.4769697
1761098404843,1.0546366,-10.603195,-1.4769697
1761098404846,1.0540384,-10.631909,-1.4913267
1761098404847,1.0683953,-10.636695,-1.5056837
1761098404850,1.0636097,-10.646266,-1.4721842
1761098404852,1.0683953,-10.64148,-1.4961123
1761098404854,1.0540384,-10.660624,-1.500898
1761098404856,1.0582259,-10.67498,-1.5056837
1761098404859,1.0540384,-10.646266,-1.4961123
1761098404861,1.0540384,-10.646266,-1.4961123
1761098404863,1.0683953,-10.655837,-1.5290136
1761098404866,1.0779666,-10.64148,-1.5200406
1761098404868,1.0636097,-10.6510515,-1.5337993
1761098404870,1.0725827,-10.670195,-1.5290136
1761098404873,1.0731809,-10.6510515,-1.5577276
1761098404874,1.0731809,-10.646266,-1.5625132
1761098404877,1.0582259,-10.660624,-1.5864414
1761098404879,1.0486546,-10.684551,-1.5858432
1761098404881,1.0438689,-10.693524,-1.6097715
1761098404883,1.0301101,-10.669596,-1.614557
1761098404886,1.0390832,-10.683953,-1.6241283
1761098404888,1.0486546,-10.693524,-1.6336997
1761098404890,1.0247263,-10.679168,-1.6480566
1761098404893,1.0103694,-10.688141,-1.643271
1761098404895,1.0342976,-10.669596,-1.6480566
1761098404898,1.0295119,-10.679168,-1.666601
1761098404900,1.0253245,-10.668998,-1.6618153
1761098404902,1.0247263,-10.679168,-1.6528423
1761098404904,1.0342976,-10.669596,-1.6528423
1761098404906,1.0582259,-10.66481,-1.6618153
1761098404908,1.0534402,-10.679168,-1.6480566
1761098404911,1.0677971,-10.679766,-1.643271
1761098404913,1.082154,-10.679766,-1.6384853
1761098404915,1.0630114,-10.684551,-1.614557
1761098404917,1.0719845,-10.694122,-1.6241283
1761098404920,1.0725827,-10.684551,-1.6193427
1761098404922,1.0671989,-10.694122,-1.6097715
1761098404924,1.0432707,-10.703095,-1.614557
1761098404927,1.0438689,-10.693524,-1.628914
1761098404928,1.0342976,-10.703095,-1.5954145
1761098404931,1.0390832,-10.688739,-1.6097715
1761098404933,1.0241281,-10.7126665,-1.6049858
1761098404935,1.0049855,-10.716854,-1.614557
1761098404938,1.0193424,-10.727024,-1.6049858
1761098404940,1.0001999,-10.745568,-1.6193427
1761098404942,1.0241281,-10.741381,-1.614557
1761098404944,0.99960166,-10.755139,-1.6049858
1761098404947,0.9810573,-10.759925,-1.6097715
1761098404949,0.9804591,-10.769497,-1.6097715
1761098404951,0.9661021,-10.769497,-1.5906289
1761098404953,0.97567344,-10.783854,-1.6002002
1761098404956,0.95712906,-10.759327,-1.5906289
1761098404958,0.97567344,-10.779068,-1.5906289
1761098404960,0.9804591,-10.779068,-1.5906289
1761098404962,0.97567344,-10.76471,-1.5858432
1761098404965,0.97567344,-10.76471,-1.5906289
1761098404967,0.98524475,-10.774282,-1.5762719
1761098404969,0.9942178,-10.794023,-1.5571294
1761098404971,1.0043873,-10.779666,-1.5571294
1761098404974,1.0043873,-10.779666,-1.5571294
1761098404976,0.994816,-10.77488,-1.524228
1761098404978,0.99900347,-10.798809,-1.5433706
1761098404980,1.0043873,-10.779666,-1.5481563
1761098404982,0.99003035,-10.770095,-1.5290136
1761098404985,0.971486,-10.759925,-1.5050855
1761098404987,0.9667004,-10.740783,-1.5290136
1761098404990,0.9523434,-10.740185,-1.524228
1761098404992,0.9667004,-10.735997,-1.4955142
1761098404994,0.948156,-10.725827,-1.4961123
1761098404996,0.95353985,-10.697114,-1.4913267
1761098404998,0.95832545,-10.7019,-1.4673985
1761098405000,0.94396853,-10.697114,-1.4530416
1761098405003,0.9445667,-10.673185,-1.4673985
1761098405005,0.9302098,-10.65823,-1.4392828
1761098405007,0.9302098,-10.667802,-1.4578272
1761098405009,0.9302098,-10.648659,-1.4530416
1761098405012,0.92542416,-10.65823,-1.4249259
1761098405014,0.92602235,-10.629517,-1.4297116
1761098405016,0.9026923,-10.600204,-1.4584254
1761098405018,0.91226363,-10.591231,-1.4201403
1761098405021,0.9128618,-10.566705,-1.410569
1761098405023,0.8895318,-10.552348,-1.4201403
1761098405025,0.8805587,-10.51825,-1.4392828
1761098405027,0.87637126,-10.494322,-1.4488541
1761098405030,0.8668,-10.479965,-1.4255241
1761098405032,0.8488538,-10.417153,-1.4111671
1761098405034,0.8446664,-10.387841,-1.4255241
1761098405037,0.82672024,-10.34477,-1.3968102
1761098405039,0.8315059,-10.316056,-1.3830515
1761098405041,0.81834537,-10.258031,-1.4117653
1761098405043,0.8147561,-10.210175,-1.3926228
1761098405046,0.8153543,-10.180862,-1.3878372
1761098405048,0.8063812,-10.137792,-1.3830515
1761098405050,0.81655073,-10.109077,-1.3974084
1761098405052,0.8171489,-10.056436,-1.3740784
1761098405055,0.8039884,-10.012766,-1.3597214
1761098405057,0.79920274,-9.998409,-1.3501502
1761098405059,0.81894356,-9.96491,-1.3555341
1761098405061,0.8243274,-9.926624,-1.3555341
1761098405063,0.8153543,-9.897911,-1.3220345
1761098405066,0.8350951,-9.859626,-1.3411771
1761098405068,0.84047896,-9.821341,-1.317847
1761098405071,0.8458628,-9.792626,-1.3130615
1761098405072,0.83688974,-9.754341,-1.3130615
1761098405075,0.84167534,-9.735199,-1.2987045
1761098405077,0.8428718,-9.687343,-1.2987045
1761098405079,0.8668,-9.653843,-1.2753744
1761098405082,0.8488538,-9.610174,-1.2897314
1761098405084,0.86859465,-9.567701,-1.2897314
1761098405086,0.85483587,-9.524033,-1.2705889
1761098405089,0.86979103,-9.476176,-1.2807583
1761098405091,0.87996054,-9.442677,-1.2855439
1761098405093,0.89072824,-9.390035,-1.2616158
1761098405095,0.91465646,-9.357133,-1.2759727
1761098405097,0.92482597,-9.328419,-1.2430713
1761098405100,0.90149593,-9.294321,-1.2287145
1761098405102,0.91226363,-9.246465,-1.2095718
1761098405105,0.92243314,-9.203394,-1.2053844
1761098405106,0.8895318,-9.169296,-1.2053844
1761098405108,0.8955139,-9.12144,-1.1910275
1761098405111,0.86261255,-9.087342,-1.1862419
1761098405113,0.8679964,-9.044271,-1.1958131
1761098405116,0.8542377,-9.010174,-1.1772687
1761098405118,0.85483587,-8.971889,-1.1916257
1761098405120,0.8362915,-8.94796,-1.18684
1761098405122,0.82731843,-8.918648,-1.1772687
1761098405124,0.8135597,-8.88455,-1.1964114
1761098405127,0.80518484,-8.851051,-1.2299109
1761098405129,0.82911307,-8.807981,-1.2203395
1761098405131,0.82971126,-8.803194,-1.2299109
1761098405134,0.82971126,-8.788837,-1.2490535
1761098405136,0.85842514,-8.78465,-1.2675978
1761098405138,0.849452,-8.745767,-1.2729816
1761098405140,0.88235337,-8.751151,-1.2867404
1761098405142,0.90149593,-8.751749,-1.3154542
1761098405145,0.96789676,-8.762517,-1.3250256
1761098405147,0.9726824,-8.776874,-1.3483555
1761098405150,1.0145568,-8.810971,-1.3818551
1761098405152,1.0241281,-8.820542,-1.396212
1761098405154,1.0707881,-8.855238,-1.3866407
1761098405156,1.1084751,-8.860622,-1.4147564
1761098405158,1.1509477,-8.904889,-1.4338989
1761098405161,1.1647065,-8.909675,-1.4338989
1761098405163,1.1736795,-8.943174,-1.4668003
1761098405165,1.1916257,-8.99163,-1.4715859
1761098405167,1.1670992,-9.049057,-1.480559
1761098405170,1.1904292,-9.068798,-1.4853446
1761098405172,1.1712867,-9.092128,-1.5044873
1761098405174,1.1324034,-9.129815,-1.5044873
1761098405177,1.0935199,-9.19143,-1.4997016
1761098405179,1.0977074,-9.206385,-1.4901303
1761098405181,1.0636097,-9.263215,-1.4853446
1761098405183,1.0540384,-9.282357,-1.4847465
1761098405185,1.0295119,-9.315259,-1.4709877
1761098405188,1.0283155,-9.382855,-1.4608182
1761098405190,1.0229317,-9.41157,-1.4183456
1761098405192,1.0223335,-9.449855,-1.43689
1761098405195,1.0360922,-9.493524,-1.4464613
1761098405197,1.0115658,-9.52164,-1.4177474
1761098405199,0.9828519,-9.559925,-1.4081762
1761098405201,0.9625129,-9.611969,-1.4129617
1761098405204,0.98644114,-9.626924,-1.4129617
1761098405206,0.9708878,-9.67478,-1.3986049
1761098405208,0.95653087,-9.703494,-1.3938192
1761098405211,0.9559326,-9.736994,-1.3746766
1761098405212,0.95054877,-9.765707,-1.3890336
1761098405215,0.96909314,-9.804591,-1.3890336
1761098405217,0.9876375,-9.833304,-1.3890336
1761098405219,0.9816555,-9.876974,-1.393221
1761098405222,0.9816555,-9.905687,-1.4027922
1761098405224,0.98524475,-9.943973,-1.4267205
1761098405226,1.0091729,-9.954143,-1.4315062
1761098405228,1.0175478,-9.997213,-1.4171492
1761098405231,1.0408778,-10.031311,-1.4500505
1761098405233,1.0594223,-10.060623,-1.4781662
1761098405235,1.0779666,-10.098908,-1.4452649
1761098405237,1.0959128,-10.142577,-1.4973087
1761098405240,1.0911272,-10.161719,-1.4925231
1761098405242,1.119841,-10.147961,-1.5302101
1761098405244,1.1234303,-10.191031,-1.558924
1761098405246,1.1521441,-10.205987,-1.5684953
1761098405250,1.1467602,-10.215558,-1.5966109
1761098405251,1.1467602,-10.215558,-1.5870396
1761098405254,1.1659029,-10.220344,-1.5870396
1761098405255,1.1754742,-10.220344,-1.5918252
1761098405258,1.1659029,-10.220344,-1.5918252
1761098405260,1.1994023,-10.206585,-1.5870396
1761098405262,1.2089736,-10.206585,-1.6109679
1761098405264,1.1850454,-10.197014,-1.5966109
1761098405267,1.180858,-10.177273,-1.5780666
1761098405269,1.1760724,-10.172487,-1.5684953
1761098405271,1.1724831,-10.129416,-1.558924
1761098405274,1.1485549,-10.13839,-1.5254245
1761098405277,1.1491531,-10.10489,-1.5164514
1761098405278,1.1252248,-10.095319,-1.4925231
1761098405280,1.1395818,-10.095319,-1.4877375
1761098405283,1.125823,-10.076176,-1.4452649
1761098405285,1.1072787,-10.0468645,-1.416551
1761098405287,1.0929217,-10.032507,-1.393221
1761098405289,1.079163,-10.017552,-1.393221
1761098405291,1.0648061,-10.00798,-1.3692927
1761098405293,1.0606186,-10.003195,-1.3220345
1761098405296,1.0085747,-9.987641,-1.3220345
1761098405298,1.0085747,-9.97807,-1.2933207
1761098405300,1.0085747,-9.97807,-1.2837493
1761098405303,0.9810573,-9.939187,-1.2604194
1761098405305,0.9661021,-9.953544,-1.2604194
1761098405307,0.94755775,-9.952946,-1.2556337
1761098405309,0.9236295,-9.943375,-1.265205
1761098405312,0.91405827,-9.943375,-1.2364911
1761098405314,0.9098708,-9.933205,-1.2747762
1761098405316,0.90448695,-9.942777,-1.2747762
1761098405319,0.8961121,-9.904491,-1.2843475
1761098405320,0.90508515,-9.918848,-1.2939188
1761098405323,0.90508515,-9.909277,-1.302892
1761098405325,0.910469,-9.890134,-1.3034902
1761098405327,0.90149593,-9.856036,-1.3130615
1761098405330,0.88295156,-9.827323,-1.3316058
1761098405332,0.8883354,-9.802796,-1.3555341
1761098405334,0.86979103,-9.769297,-1.3555341
1761098405336,0.8422736,-9.725628,-1.3651053
1761098405339,0.8327023,-9.696316,-1.3746766
1761098405341,0.80997044,-9.638289,-1.3794622
1761098405343,0.82013994,-9.60479,-1.3890336
1761098405345,0.82612205,-9.547362,-1.3657036
1761098405348,0.79800636,-9.51805,-1.346561
1761098405350,0.7938189,-9.479765,-1.3423735
1761098405352,0.7710871,-9.440882,-1.3280165
1761098405354,0.762114,-9.402596,-1.3232309
1761098405357,0.76749784,-9.363713,-1.3184453
1761098405359,0.76331043,-9.34457,-1.2999009
1761098405361,0.75912297,-9.311071,-1.2903296
1761098405363,0.77347994,-9.282357,-1.2759727
1761098405366,0.75493556,-9.253643,-1.247857
1761098405369,0.75553375,-9.234501,-1.262214
1761098405371,0.74596244,-9.229117,-1.2430713
1761098405373,0.718445,-9.175877,-1.2287145
1761098405375,0.7088737,-9.171091,-1.224527
1761098405377,0.68075806,-9.1465645,-1.2293127
1761098405380,0.67178494,-9.141779,-1.2197413
1761098405381,0.6478567,-9.141181,-1.21017
1761098405384,0.6436693,-9.122038,-1.2197413
1761098405386,0.6149554,-9.12144,-1.2053844
1761098405388,0.6197411,-9.116654,-1.2005987
1761098405390,0.59581286,-9.116056,-1.2053844
1761098405393,0.56769717,-9.106484,-1.2005987
1761098405395,0.57188463,-9.139984,-1.2149557
1761098405397,0.57188463,-9.14477,-1.2149557
1761098405399,0.55752766,-9.158528,-1.2149557
1761098405402,0.552742,-9.158528,-1.2197413
1761098405404,0.5521438,-9.1872425,-1.2287145
1761098405406,0.55692947,-9.18784,-1.2149557
1761098405408,0.56111693,-9.206984,-1.2430713
1761098405411,0.56590253,-9.216555,-1.2765709
1761098405413,0.57487565,-9.245269,-1.2903296
1761098405415,0.5796613,-9.25484,-1.2951152
1761098405418,0.60717875,-9.288938,-1.2999009
1761098405420,0.60717875,-9.293723,-1.3190435
1761098405422,0.61675006,-9.294321,-1.3375878
1761098405424,0.6538388,-9.337991,-1.3190435
1761098405426,0.6586244,-9.333204,-1.3567305
1761098405429,0.6729814,-9.347562,-1.3567305
1761098405431,0.6771688,-9.372088,-1.3375878
1761098405433,0.6771688,-9.372088,-1.3375878
1761098405435,0.68135625,-9.400802,-1.3663018
1761098405438,0.6903293,-9.42473,-1.3375878
1761098405440,0.71425754,-9.420543,-1.3615161
1761098405442,0.7280163,-9.449855,-1.3328022
1761098405445,0.7328019,-9.449855,-1.3232309
1761098405447,0.74177504,-9.464211,-1.3375878
1761098405450,0.7609176,-9.469596,-1.3184453
1761098405451,0.7513463,-9.488738,-1.3280165
1761098405454,0.76510507,-9.503095,-1.294517
1761098405456,0.76510507,-9.493524,-1.2664014
1761098405458,0.79800636,-9.513265,-1.2664014
1761098405460,0.79800636,-9.522836,-1.2801601
1761098405462,0.82612205,-9.54796,-1.2568301
1761098405465,0.8536395,-9.5868435,-1.2562319
1761098405467,0.88235337,-9.5868435,-1.2705889
1761098405469,0.8913264,-9.61137,-1.2705889
1761098405471,0.9098708,-9.630513,-1.2705889
1761098405474,0.93320084,-9.669396,-1.2705889
1761098405476,0.94695956,-9.693923,-1.2610176
1761098405479,0.97507524,-9.708878,-1.2801601
1761098405481,0.9846465,-9.728021,-1.2843475
1761098405483,0.98883396,-9.751948,-1.317847
1761098405485,1.0025927,-9.7812605,-1.3363914
1761098405488,1.0025927,-9.776475,-1.3411771
1761098405490,1.0217353,-9.7812605,-1.3698909
1761098405492,1.0259227,-9.805189,-1.3938192
1761098405495,1.0259227,-9.81476,-1.4171492
1761098405496,1.035494,-9.810573,-1.4458631
1761098405498,1.0157533,-9.824331,-1.4458631
1761098405501,1.0205388,-9.829117,-1.4650056
1761098405503,1.0301101,-9.843474,-1.4883357
1761098405505,1.0486546,-9.8632145,-1.4979069
1761098405507,1.0438689,-9.8727865,-1.4883357
1761098405510,1.0624132,-9.887741,-1.5074782
1761098405512,1.038485,-9.896714,-1.5308083
1761098405514,1.038485,-9.906285,-1.5260227
1761098405516,1.0378869,-9.925428,-1.5260227
1761098405519,1.0426725,-9.920643,-1.5308083
1761098405521,1.0426725,-9.939785,-1.5451652
1761098405523,1.0426725,-9.934999,-1.5451652
1761098405525,1.0331012,-9.939785,-1.5403795
1761098405528,1.0474582,-9.939785,-1.5547365
1761098405530,1.0564312,-9.954741,-1.5403795
1761098405532,1.0612168,-9.954741,-1.535594
1761098405534,1.0654043,-9.978668,-1.5260227
1761098405537,1.0606186,-9.978668,-1.521237
1761098405539,1.0797613,-9.998409,-1.5260227
1761098405541,1.1030912,-10.003195,-1.5020944
1761098405544,1.0929217,-10.036695,-1.4925231
1761098405546,1.1216356,-10.022936,-1.4925231
1761098405548,1.102493,-10.0372925,-1.4739788
1761098405551,1.0977074,-10.032507,-1.4452649
1761098405552,1.0839486,-10.031909,-1.4500505
1761098405555,1.0552348,-10.031311,-1.4404793
1761098405557,1.0271192,-10.021739,-1.430908
1761098405559,1.0127622,-9.997213,-1.4171492
1761098405561,0.9804591,-9.967901,-1.4171492
1761098405564,0.9661021,-9.967302,-1.4404793
1761098405566,0.94695956,-9.962517,-1.4123635
1761098405568,0.93320084,-9.93799,-1.4219348
1761098405571,0.9194421,-9.918848,-1.4027922
1761098405573,0.9098708,-9.918848,-1.4123635
1761098405575,0.8961121,-9.889536,-1.393221
1761098405577,0.88235337,-9.879965,-1.3603196
1761098405580,0.8967103,-9.860822,-1.3794622
1761098405582,0.9206385,-9.842278,-1.3890336
1761098405584,0.9068798,-9.8321085,-1.3890336
1761098405586,0.9020941,-9.817751,-1.3890336
1761098405588,0.89312106,-9.793225,-1.4171492
1761098405591,0.8883354,-9.778868,-1.4219348
1761098405593,0.90329057,-9.759726,-1.4362918
1761098405596,0.9182457,-9.717253,-1.4362918
1761098405598,0.91346,-9.707084,-1.4554343
1761098405600,0.9092726,-9.673584,-1.46022
1761098405602,0.91405827,-9.664013,-1.474577
1761098405604,0.89072824,-9.644272,-1.4985052
1761098405607,0.8817552,-9.629914,-1.4889339
1761098405609,0.8865408,-9.620343,-1.5080764
1761098405611,0.87218386,-9.610174,-1.5032908
1761098405613,0.85842514,-9.600603,-1.4985052
1761098405616,0.8679964,-9.586246,-1.4793626
1761098405618,0.8536395,-9.58146,-1.474577
1761098405620,0.83988076,-9.556933,-1.474577
1761098405622,0.8446664,-9.556933,-1.4464613
1761098405625,0.80757767,-9.51805,-1.4129617
1761098405627,0.79860455,-9.489336,-1.4087744
1761098405629,0.79501534,-9.431311,-1.41356
1761098405631,0.7710871,-9.416355,-1.4327025
1761098405634,0.76689965,-9.37807,-1.41356
1761098405636,0.7728817,-9.334999,-1.41356
1761098405638,0.7926225,-9.292527,-1.3998013
1761098405640,0.79800636,-9.244072,-1.4093726
1761098405643,0.82672024,-9.220742,-1.4231312
1761098405645,0.8751749,-9.192626,-1.4045869
1761098405647,0.8751749,-9.163913,-1.4422739
1761098405650,0.89013004,-9.149555,-1.4422739
1761098405652,0.89491564,-9.135199,-1.4709877
1761098405654,0.91405827,-9.107083,-1.494916
1761098405656,0.933799,-9.078369,-1.5092729
1761098405658,0.9343972,-9.049655,-1.5421742
1761098405661,0.9343972,-9.049655,-1.5661024
1761098405664,0.95353985,-9.049655,-1.6133606
1761098405665,0.9631111,-9.030513,-1.6277176
1761098405667,0.9774681,-9.025727,-1.6564314
1761098405670,0.9822537,-9.016156,-1.6995022
1761098405672,0.9822537,-9.030513,-1.713261
1761098405675,1.0055838,-9.035896,-1.727618
1761098405676,0.99601245,-9.040084,-1.7844474
1761098405679,0.99601245,-9.0544405,-1.7988044
1761098405682,0.9954142,-9.088538,-1.80359
1761098405683,1.0235299,-9.11785,-1.82692
1761098405685,1.0229317,-9.156136,-1.841277
1761098405688,1.026521,-9.203992,-1.8460627
1761098405690,1.0211371,-9.242277,-1.841277
1761098405693,1.0348958,-9.266804,-1.841277
1761098405695,1.0055838,-9.314062,-1.8311075
1761098405697,0.9816555,-9.342776,-1.8311075
1761098405699,0.994816,-9.376275,-1.8167506
1761098405701,0.9661021,-9.395418,-1.8167506
1761098405703,0.9421739,-9.418748,-1.7838492
1761098405706,0.8991031,-9.437292,-1.7551354
1761098405708,0.8751749,-9.461221,-1.7264216
1761098405710,0.8560323,-9.470194,-1.6935202
1761098405713,0.82672024,-9.503694,-1.683949
1761098405715,0.8021938,-9.536594,-1.6360924
1761098405717,0.78723866,-9.57488,-1.6169499
1761098405719,0.7968099,-9.570692,-1.5553347
1761098405722,0.8063812,-9.575478,-1.5224334
1761098405724,0.8009974,-9.608977,-1.474577
1761098405726,0.8153543,-9.628718,-1.3986049
1761098405728,0.8243274,-9.648459,-1.3704891
1761098405731,0.8141579,-9.677173,-1.3226327
1761098405733,0.8237292,-9.677173,-1.2658032
1761098405735,0.85184485,-9.701699,-1.2137593
1761098405737,0.86141616,-9.687941,-1.1994023
1761098405740,0.8853444,-9.702896,-1.1515459
1761098405742,0.8895318,-9.717253,-1.1330016
1761098405744,0.8895318,-9.726824,-1.1234303
1761098405746,0.9086744,-9.727423,-1.0755738
1761098405749,0.90329057,-9.741779,-1.0570294
1761098405751,0.8991031,-9.736994,-1.0522437
1761098405753,0.88414794,-9.77468,-1.0235299
1761098405755,0.8979067,-9.794421,-1.0139586
1761098405757,0.8644072,-9.812965,-1.0091729
1761098405760,0.8500503,-9.8321085,-0.9804591
1761098405762,0.8255238,-9.850653,-0.9708878
1761098405764,0.8207382,-9.87458,-0.95653087
1761098405766,0.8009974,-9.903295,-0.94695956
1761098405769,0.79142606,-9.927223,-0.95653087
1761098405771,0.73340017,-9.964312,-0.9421739
1761098405773,0.71365935,-9.997811,-0.927817
1761098405776,0.6945168,-10.0265255,-0.93738824
1761098405778,0.6556334,-10.059426,-0.93260264
1761098405780,0.631107,-10.101899,-0.92303133
1761098405782,0.5886344,-10.110872,-0.9607183
1761098405784,0.55034924,-10.134202,-0.927817
1761098405787,0.4977071,-10.147961,-0.9182457
1761098405790,0.47856453,-10.142577,-0.9421739
1761098405791,0.421735,-10.127024,-0.93738824
1761098405794,0.35533416,-10.140184,-0.9182457
1761098405796,0.32662028,-10.130613,-0.927817
1761098405798,0.24646074,-10.114461,-0.9086744
1761098405800,0.22253251,-10.124033,-0.8805587
1761098405803,0.18484555,-10.103694,-0.8662018
1761098405806,0.18005991,-10.089336,-0.8470592
1761098405807,0.17587246,-10.079765,-0.8327023
1761098405810,0.20937198,-10.061221,-0.8045866
1761098405812,0.26141587,-10.062417,-0.7615158
1761098405814,0.28594232,-10.024133,-0.73818576
1761098405816,0.31046873,-9.991231,-0.71425754
1761098405818,0.32482567,-9.972089,-0.70947194
1761098405821,0.35832518,-9.948758,-0.71007013
1761098405823,0.38285163,-9.915857,-0.7196414
1761098405825,0.3924229,-9.896714,-0.7148558
1761098405828,0.421735,-9.853643,-0.738784
1761098405830,0.41754755,-9.834501,-0.7292127
1761098405832,0.41754755,-9.820144,-0.73399836
1761098405834,0.41814575,-9.801002,-0.7716853
1761098405837,0.4139583,-9.772287,-0.76271224
1761098405838,0.40977088,-9.747761,-0.7812566
1761098405841,0.40917268,-9.762118,-0.7860422
1761098405843,0.37627137,-9.737592,-0.7860422
1761098405845,0.40079778,-9.714262,-0.7860422
1761098405848,0.38644084,-9.713663,-0.77706915
1761098405850,0.38165522,-9.71845,-0.7908279
1761098405852,0.39601216,-9.6993065,-0.81954175
1761098405855,0.38165522,-9.723235,-0.80997044
1761098405857,0.39601216,-9.713663,-0.83389866
1761098405859,0.3906283,-9.723235,-0.82911307
1761098405862,0.41934216,-9.719048,-0.8386843
1761098405864,0.4103691,-9.714262,-0.8243274
1761098405865,0.424726,-9.695119,-0.80997044
1761098405868,0.42412782,-9.714262,-0.8147561
1761098405870,0.4336991,-9.729217,-0.7956135
1761098405873,0.4336991,-9.7196455,-0.7956135
1761098405875,0.44805604,-9.71486,-0.7531409
1761098405877,0.43848476,-9.710074,-0.7579266
1761098405880,0.42412782,-9.71486,-0.738784
1761098405882,0.4438686,-9.690931,-0.6963114
1761098405884,0.45762733,-9.701101,-0.69152576
1761098405886,0.43429732,-9.700503,-0.66759753
1761098405888,0.43908295,-9.68136,-0.63948184
1761098405890,0.43908295,-9.676575,-0.6203393
1761098405893,0.42951167,-9.686146,-0.60598236
1761098405895,0.4438686,-9.681958,-0.5820541
1761098405897,0.45403808,-9.6580305,-0.5491528
1761098405899,0.47736812,-9.663414,-0.55393845
1761098405902,0.4779663,-9.653843,-0.55393845
1761098405904,0.4779663,-9.644272,-0.5587241
1761098405906,0.46839502,-9.653245,-0.573081
1761098405909,0.49232325,-9.620343,-0.58265233
1761098405911,0.5401797,-9.601799,-0.6155536
1761098405913,0.56410795,-9.597611,-0.6299106
1761098405915,0.57906306,-9.578469,-0.6442675
1761098405918,0.61734825,-9.559925,-0.6586244
1761098405920,0.63170516,-9.550353,-0.6963114
1761098405922,0.6406783,-9.555139,-0.72023964
1761098405924,0.71246296,-9.541979,-0.73459655
1761098405927,0.71724856,-9.537193,-0.78664047
1761098405929,0.78424764,-9.509675,-0.8105687
1761098405931,0.8129615,-9.5048895,-0.8578269
1761098405933,0.85064846,-9.520443,-0.86261255
1761098405936,0.8739785,-9.544372,-0.8769695
1761098405939,0.9206385,-9.564711,-0.9194421
1761098405940,0.9637093,-9.57488,-0.9385847
1761098405942,1.0109676,-9.58505,-0.9385847
1761098405945,1.0534402,-9.58146,-0.9625129
1761098405947,1.0677971,-9.591031,-1.0049855
1761098405949,1.1012967,-9.582058,-1.0145568
1761098405952,1.1012967,-9.582058,-1.0289137
1761098405954,1.1012967,-9.577272,-1.0474582
1761098405956,1.1060823,-9.567701,-1.0570294
1761098405959,1.0779666,-9.552746,-1.0570294
1761098405961,1.035494,-9.522836,-1.0809577
1761098405963,1.0307083,-9.51805,-1.1001002
1761098405965,1.026521,-9.4941225,-1.0953146
1761098405967,1.0313065,-9.48455,-1.1096715
1761098405970,1.0881361,-9.499506,-1.1952149
1761098405972,1.1335998,-9.620343,-1.2753744
1761098405974,1.1407782,-9.75494,-1.3130615
1761098405976,1.1114662,-9.797412,-1.3363914
1761098405978,0.97926265,-9.76152,-1.2939188
1761098405981,0.8237292,-9.672387,-1.227518
1761098405983,0.70289165,-9.540782,-1.166501
1761098405985,0.5814559,-9.409177,-1.0576276
1761098405988,0.46002015,-9.291928,-0.9816555
1761098405990,0.40438703,-9.204591,-0.91585284
1761098405993,0.34337005,-9.18485,-0.8542377
1761098405995,0.32422748,-9.198608,-0.8446664
1761098405996,0.34217364,-9.247063,-0.8488538
1761098405998,0.3924229,-9.343972,-0.90089774
1761098406001,0.485743,-9.460623,-0.96729857
1761098406003,0.56470615,-9.55813,-1.0570294
1761098406005,0.6867401,-9.650852,-1.1802598
1761098406007,0.8470592,-9.706485,-1.3130615
1761098406010,0.951147,-9.717851,-1.422533
1761098406012,1.0366904,-9.709476,-1.5457634
1761098406014,1.1270195,-9.701101,-1.6546369
1761098406016,1.1754742,-9.644272,-1.6977077
1761098406019,1.2526426,-9.587442,-1.783251
1761098406021,1.3244274,-9.5455675,-1.811965
1761098406023,1.358525,-9.517452,-1.8358932
1761098406026,1.387239,-9.4941225,-1.797608
1761098406028,1.416551,-9.470792,-1.7359928
1761098406030,1.4733806,-9.476176,-1.7407784
1761098406032,1.5349957,-9.482158,-1.7120646
1761098406035,1.5343975,-9.496515,-1.6887345
1761098406037,1.591227,-9.512068,-1.6791633
1761098406039,1.6438692,-9.503694,-1.6743777
1761098406041,1.7096717,-9.524033,-1.6743777
1761098406044,1.7521443,-9.538987,-1.6600207
1761098406046,1.7856439,-9.553943,-1.6456637
1761098406048,1.7796619,-9.6071825,-1.6265212
1761098406051,1.7982062,-9.640682,-1.6073786
1761098406053,1.7647067,-9.645468,-1.5744773
1761098406056,1.7222341,-9.649057,-1.5266209
1761098406058,1.6606189,-9.634102,-1.4889339
1761098406059,1.5750755,-9.61795,-1.422533
1761098406062,1.4476577,-9.587442,-1.3561323
1761098406064,1.3483555,-9.547362,-1.3184453
1761098406066,1.244866,-9.492926,-1.2424731
1761098406068,1.1270195,-9.442677,-1.1904292
1761098406071,1.0372887,-9.42174,-1.1335998
1761098406073,0.9523434,-9.406186,-1.1144571
1761098406075,0.8530413,-9.375677,-1.1001002
1761098406077,0.7908279,-9.393623,-1.0863415
1761098406080,0.7088737,-9.4737835,-1.1192428
1761098406082,0.66999036,-9.506684,-1.1425728
1761098406085,0.654437,-9.568898,-1.2089736
1761098406086,0.67178494,-9.665209,-1.2705889
1761098406089,0.5940182,-9.788439,-1.3746766
1761098406091,0.4528417,-9.958329,-1.5595222
1761098406093,0.3595216,-10.134202,-1.7012969
1761098406096,0.3912265,-10.225129,-1.8484555
1761098406098,0.485743,-10.250853,-1.942972
1761098406100,0.6550352,-10.345368,-1.8813568
1761098406102,0.8255238,-10.377672,-1.6911274
1761098406104,0.9924232,-10.371092,-1.6247265
1761098406107,1.1778669,-10.360324,-1.5439688
1761098406109,1.247857,-10.428519,-1.515255
1761098406111,1.2711871,-10.457831,-1.5200406
1761098406113,1.2897314,-10.472787,-1.463211
1761098406116,1.2526426,-10.438689,-1.2592229
1761098406118,1.1288141,-10.436894,-1.1264212
1761098406120,1.1300105,-10.393824,-1.0743774
1761098406122,1.2155539,-10.376475,-1.0887343
1761098406125,1.3495519,-10.31187,-0.97926265
1761098406127,1.4542379,-10.304092,-0.92243314
1761098406129,1.5661024,-10.161719,-0.91346
1761098406131,1.4997016,-9.867402,-1.0468599
1761098406134,1.2687942,-9.503095,-1.038485
1761098406136,1.1353943,-9.232108,-1.0199406
1761098406139,1.2406785,-9.21476,-1.0007981
1761098406141,1.2747762,-9.133404,-1.0534402
1761098406143,1.2574283,-9.041879,-1.1060823
1761098406145,1.3399807,-8.932407,-1.2484552
1761098406147,1.4404793,-8.904889,-1.3716856
1761098406150,1.535594,-8.901898,-1.4434702
1761098406152,1.544567,-8.906684,-1.4620147
1761098406154,1.5014962,-8.930014,-1.5236298
1761098406156,1.4159528,-8.956933,-1.5188441
1761098406158,1.3627125,-8.999406,-1.4763715
1761098406161,1.3184453,-9.080762,-1.4620147
1761098406163,1.2705889,-9.108279,-1.4566308
1761098406165,1.2227324,-9.141181,-1.3477573
1761098406167,1.1796615,-9.150154,-1.39023
1761098406170,1.0378869,-9.099904,-1.3764713
1761098406173,0.9762716,-9.098708,-1.338186
1761098406175,0.92482597,-9.049655,-1.3052847
1761098406177,0.8596215,-8.986245,-1.2909278
1761098406179,0.78424764,-8.946764,-1.2197413
1761098406181,0.7363912,-8.959925,-1.2723835
1761098406183,0.6987042,-8.944969,-1.2723835
1761098406186,0.7070791,-9.017352,-1.2957134
1761098406188,0.65922266,-9.044869,-1.3573287
1761098406190,0.63828546,-9.150154,-1.4093726
1761098406192,0.6843473,-9.222537,-1.5373886
1761098406195,0.7405786,-9.266804,-1.5655042
1761098406197,0.7968099,-9.315857,-1.608575
1761098406199,0.81954175,-9.383454,-1.5655042
1761098406201,0.97866446,-9.501899,-1.5367904
1761098406204,1.0953146,-9.633504,-1.5457634
1761098406206,1.0707881,-9.676575,-1.4554343
1761098406208,1.0229317,-9.70469,-1.3369896
1761098406211,0.9517452,-9.698709,-1.2466606
1761098406212,0.93559366,-9.818948,-1.1228321
1761098406215,1.1497513,-10.063016,-1.1365907
1761098406217,1.1569297,-10.187443,-1.1413764
1761098406219,1.0259227,-10.094721,-1.0277174
1761098406222,0.8751749,-10.030114,-0.80937225
1761098406224,1.0486546,-10.162318,-0.83748794
1761098406226,1.1078769,-10.288539,-0.86081797
1761098406228,1.0372887,-10.249058,-0.77587277
1761098406231,1.0277174,-10.272985,-0.7040881
1761098406233,1.250848,-10.530812,-1.0360922
1761098406235,1.346561,-10.747961,-1.2729816
1761098406237,1.5714862,-10.928619,-1.5948163
1761098406240,1.8975084,-11.29831,-2.2444677
1761098406242,1.7868403,-11.114661,-1.82692
1761098406244,1.8454645,-10.487741,-1.244866
1761098406246,1.7593229,-10.247263,-0.8422736
1761098406249,1.669592,-9.953544,-0.41575295
1761098406251,1.4979069,-9.716056,0.034695927
1761098406253,1.3339987,-9.594023,0.24825534
1761098406255,1.2227324,-9.452846,0.30927232
1761098406258,1.0157533,-9.324232,0.3469593
1761098406260,0.90807617,-9.235099,0.13339986
1761098406262,0.7938189,-9.227921,-0.17527425
1761098406264,0.6658029,-9.215358,-0.42652065
1761098406267,0.53359944,-9.169296,-0.6687939
1761098406269,0.39720857,-9.099306,-0.887139
1761098406271,0.2745764,-9.0341015,-1.1485549
1761098406273,0.16151553,-8.973683,-1.3244274
1761098406276,0.09571291,-8.929416,-1.4476577
1761098406278,0.0065802624,-8.850452,-1.5475581
1761098406280,-0.1058824,-8.761918,-1.6283158
1761098406283,-0.1052842,-8.732606,-1.7234305
1761098406285,-0.038285162,-8.685946,-1.884946
1761098406287,-0.010169496,-8.71466,-2.0512471
1761098406289,0.016151553,-8.834899,-2.1834507
1761098406291,0.104087785,-8.965308,-2.3826532
1761098406294,0.2117648,-9.077771,-2.5722845
1761098406296,0.24586253,-9.274581,-2.8187451
1761098406298,0.31345975,-9.486345,-3.0077782
1761098406301,0.43908295,-9.6275215,-3.121437
1761098406303,0.5168497,-9.797412,-3.1070802
1761098406305,0.6239285,-9.924232,-3.0735807
1761098406307,0.70348984,-10.007382,-3.001796
1761098406309,0.85483587,-10.053444,-2.8689942
1761098406312,0.9774681,-10.109077,-2.7409782
1761098406314,1.052842,-10.1348,-2.5268207
1761098406316,1.1527423,-10.15155,-2.3132613
1761098406319,1.2568301,-10.153943,-2.085345
1761098406321,1.2831511,-10.0349,-1.7964116
1761098406323,1.2921243,-9.800404,-1.5738791
1761098406325,1.2400804,-9.501899,-1.3848461
1761098406328,1.160519,-9.17468,-1.1150553
1761098406330,1.0187442,-8.860622,-0.84047896
1761098406332,0.80877405,-8.636295,-0.5940182
1761098406334,0.6454639,-8.4705925,-0.4761717
1761098406336,0.6472585,-8.365308,-0.29132617
1761098406339,0.51864433,-8.386844,-0.27218357
1761098406341,0.33080772,-8.532805,-0.22911277
1761098406343,0.16211374,-8.669196,-0.25722843
1761098406346,0.008374879,-8.79123,-0.3469593
1761098406348,-0.09930214,-8.947362,-0.50787663
1761098406350,-0.14536397,-9.157332,-0.6687939
1761098406352,-0.16151553,-9.266804,-0.8344969
1761098406355,-0.15493527,-9.430114,-0.98644114
1761098406357,-0.19980069,-9.539586,-1.1617154
1761098406359,-0.15014961,-9.674182,-1.3034902
1761098406361,-0.11425728,-9.799805,-1.4554343
1761098406364,-0.03708875,-9.997811,-1.5637096
1761098406366,-0.15493527,-10.216156,-1.762912
1761098406368,-0.071186475,-10.3232355,-1.8191434
1761098406371,-0.096311115,-10.394422,-1.8478572
1761098406373,-0.0634098,-10.688141,-1.8233309
1761098406375,0.03708875,-10.939985,-1.7659031
1761098406378,0.23509483,-11.020144,-1.6516458
1761098406381,0.20757736,-10.97169,-1.6755741
1761098406382,0.21834506,-10.885549,-1.5900307
1761098406384,0.41754755,-10.904093,-1.5092729
1761098406386,0.58265233,-10.98844,-1.4141582
1761098406388,0.849452,-10.941181,-1.2107682
1761098406391,0.8757731,-10.797612,-1.035494
1761098406393,0.65324056,-10.491929,-0.80817586
1761098406395,0.41635114,-10.17129,-0.6095716
1761098406398,0.38464624,-9.825528,-0.37806597
1761098406400,0.47976094,-9.538987,-0.32662028
1761098406402,0.66041905,-9.253643,-0.36490545
1761098406404,0.89013004,-8.887542,-0.5084748
1761098406406,1.180858,-8.556135,-0.6843473
1761098406409,1.3782659,-8.386245,-0.9696914
1761098406411,1.5948163,-8.230712,-1.2927225
1761098406413,1.9250258,-8.087142,-1.6444674
1761098406415,2.3389843,-8.0404825,-1.9674984
1761098406418,2.8492537,-7.9052877,-2.114657
1761098406420,3.2919257,-7.84128,-2.1720848
1761098406422,3.5114672,-7.797013,-2.204986
1761098406424,3.754937,-7.72463,-2.1391835
1761098406427,3.918247,-7.626524,-2.096711
1761098406429,3.9379878,-7.57448,-2.044667
1761098406431,3.915256,-7.5212398,-1.9495523
1761098406433,3.9212382,-7.4398837,-1.7934206
1761098406436,3.9415772,-7.3926253,-1.6887345
1761098406438,3.9553359,-7.407581,-1.6414764
1761098406440,3.9415772,-7.393224,-1.5320047
1761098406442,3.964309,-7.4273214,-1.4847465
1761098406445,4.011567,-7.4470625,-1.4279169
1761098406447,3.9625144,-7.5475607,-1.3992031
1761098406449,3.8201413,-7.8089767,-1.4267205
1761098406452,3.6729827,-8.094321,-1.4069797
1761098406454,3.4241292,-8.455039,-1.3543376
1761098406456,3.0239296,-8.813364,-1.2628121
1761098406459,2.7128627,-9.201599,-1.2149557
1761098406462,2.5495524,-9.602397,-1.2137593
1761098406463,2.295315,-10.010972,-1.1413764
1761098406465,1.9513469,-10.393824,-1.1072787
1761098406467,1.5332011,-10.689337,-1.0689936
1761098406469,1.2346965,-10.934003,-0.9732806
1761098406472,0.9272188,-11.130215,-0.9349955
1761098406474,0.70588267,-11.294123,-1.0247263
1761098406476,0.34217364,-11.441879,-0.8536395
1761098406479,0.1381855,-11.414362,-0.7728817
1761098406481,-0.098703936,-11.401201,-0.66341007
1761098406483,-0.293719,-11.407184,-0.5922236
1761098406485,-0.43429732,-11.309078,-0.526421
1761098406488,-0.6131608,-11.224133,-0.39840496
1761098406492,-0.721436,-11.155339,-0.40797627
1761098406493,-0.6538388,-11.084152,-0.43669012
1761098406495,-0.54675996,-10.932208,-0.42711884
1761098406497,-0.43010986,-10.771291,-0.4989035
1761098406499,-0.2757728,-10.653444,-0.6227321
1761098406501,-0.050847482,-10.561321,-0.71306115
1761098406503,0.22073789,-10.493724,-0.8033902
1761098406505,0.53599226,-10.403395,-0.8321041
1761098406508,0.8422736,-10.264611,-0.8560323
1761098406510,1.1108679,-10.101301,-0.8566305
1761098406512,1.3220345,-9.994222,-0.8428718
1761098406514,1.5888343,-9.955936,-0.91405827
1761098406516,1.7994026,-9.8727865,-0.9284152
1761098406519,1.9944177,-9.857233,-0.94277215
1761098406521,2.103291,-9.87817,-0.95653087
1761098406523,2.2217357,-9.885348,-0.95653087
1761098406526,2.3222344,-9.838689,-1.0043873
1761098406528,2.4077778,-9.816555,-1.0426725
1761098406530,2.4412773,-9.802198,-1.0660025
1761098406532,2.408376,-9.782457,-1.1090733
1761098406534,2.3988047,-9.806385,-1.1563315
1761098406537,2.393421,-9.835099,-1.1988041
1761098406539,2.3503501,-9.867402,-1.2323036
1761098406541,2.3204398,-9.929616,-1.2460624
1761098406543,2.3629124,-9.939785,-1.2795619
1761098406546,2.263012,-9.947562,-1.2795619
1761098406548,2.224727,-9.970892,-1.2269198
1761098406550,2.1924238,-9.932009,-1.1892328
1761098406552,2.0835502,-9.911072,-1.1467602
1761098406555,1.9645073,-9.928419,-1.1084751
1761098406557,1.9453648,-9.91825,-1.0707881
1761098406560,1.9549361,-9.9140625,-1.0229317
1761098406562,1.9405792,-9.918848,-0.9236295
1761098406564,1.9411774,-9.909277,-0.9092726
1761098406566,1.9070797,-9.946963,-0.9092726
1761098406568,1.8496519,-9.955936,-0.8285148
1761098406571,1.8693926,-9.946365,-0.81894356
1761098406573,1.8975084,-9.956535,-0.799801
1761098406575,2.0267208,-9.887143,-0.75254273
1761098406577,2.1128623,-9.869197,-0.7812566
1761098406580,2.0985055,-9.864411,-0.8428718
1761098406582,2.2002003,-9.760324,-0.81954175
1761098406584,2.2875385,-9.656236,-0.76749784
1761098406586,2.265405,-9.569496,-0.79142606
1761098406589,2.2438695,-9.419945,-0.80578303
1761098406591,2.2031915,-9.318848,-0.80159557
1761098406593,2.2289143,-9.189037,-0.8775677
1761098406596,2.2791636,-9.041281,-0.89730847
1761098406598,2.3138595,-8.9312105,-0.95413804
1761098406600,2.3246272,-8.859426,-0.9876375
1761098406603,2.164308,-8.813364,-0.9828519
1761098406605,2.149353,-8.851051,-1.0115658
1761098406607,2.0297117,-8.901898,-1.0444671
1761098406609,2.1008983,-8.883952,-1.0636097
1761098406611,2.1050856,-8.931808,-1.0917253
1761098406614,2.1517458,-8.966505,-1.0917253
1761098406616,2.1230319,-9.008977,-1.0348958
1761098406619,2.1176481,-9.043075,-0.93978107
1761098406620,2.1361923,-9.072387,-0.91106725
1761098406623,2.4245276,-8.875577,-0.9068798
1761098406625,2.7631118,-8.516654,-0.93619186
1761098406627,2.8091738,-8.330014,-1.0079765
1761098406629,2.5896323,-8.38804,-1.0504491
1761098406632,2.4131618,-8.409575,-0.97926265
1761098406634,2.2067807,-8.554341,-1.0025927
1761098406636,2.2390838,-8.59801,-1.026521
1761098406638,2.3635106,-8.556734,-1.125823
1761098406640,2.4879375,-8.492127,-1.1832508
1761098406643,2.376671,-8.600403,-1.282553
1761098406645,2.4089742,-8.644072,-1.3298112
1761098406647,2.44367,-8.572288,-1.3633107
1761098406649,2.312663,-8.718847,-1.4297116
1761098406652,2.4939194,-8.688339,-1.4482559
1761098406654,2.2384856,-8.909675,-1.4099708
1761098406656,2.1224337,-9.008379,-1.3812568
1761098406659,1.8861425,-9.211171,-1.3286148
1761098406661,1.8095721,-9.262616,-1.3046865
1761098406663,1.7497516,-9.410374,-1.2472588
1761098406665,1.6097715,-9.547362,-1.2233306
1761098406668,1.527219,-9.65145,-1.1754742
1761098406670,1.329213,-9.849456,-1.265205
1761098406672,1.4584254,-9.798609,-1.3555341
1761098406675,1.4590236,-10.019346,-1.5499508
1761098406677,1.268196,-10.356136,-1.7766708
1761098406679,1.1324034,-10.76172,-1.9704895
1761098406682,0.91106725,-11.19482,-2.021337
1761098406684,0.52582276,-11.797812,-2.1577277
1761098406686,0.17108682,-12.521043,-2.2695923
1761098406688,-0.5491528,-14.0392885,-2.7738798
1761098406693,-1.1318051,-15.583856,-3.2685957
1761098406694,-1.1533405,-16.010975,-3.1680973
1761098406696,-0.7746763,-15.577275,-2.4855444
1761098406698,-0.2656033,-14.988641,-1.4141582
1761098406700,0.42592242,-14.042878,-0.29671
1761098406701,1.3453646,-12.529418,0.6963114
1761098406704,2.1308086,-10.782657,1.3944174
1761098406706,2.7649066,-9.0131645,1.8741783
1761098406709,2.9742785,-7.6193457,2.079961
1761098406711,3.0604203,-6.5018973,2.0105693
1761098406713,3.132803,-5.599803,1.7665013
1761098406715,3.3792639,-4.7916274,1.4327025
1761098406717,3.5066817,-4.5673003,1.076172
1761098406719,3.4851463,-4.7007003,0.6586244
1761098406722,3.4067812,-5.1014977,0.15672988
1761098406724,3.2554352,-5.5968122,-0.35473597
1761098406726,3.0813572,-6.31765,-0.8560323
1761098406729,2.9162526,-7.077371,-1.2765709
1761098406731,2.7409782,-7.8759756,-1.6163517
1761098406733,2.5932214,-8.438888,-1.9286151
1761098406736,2.411367,-9.059825,-2.088336
1761098406738,2.3300111,-9.370294,-2.2301106
1761098406740,2.2875385,-9.614362,-2.3904297
1761098406742,2.1738794,-9.856635,-2.4849463
1761098406744,1.9345971,-9.958329,-2.541776
1761098406747,1.6827525,-9.977472,-2.7032914
1761098406749,1.4919249,-10.021739,-2.8689942
1761098406751,1.3435699,-10.085748,-3.039483
1761098406753,1.1742777,-10.246066,-3.181856
1761098406756,1.0097711,-10.429716,-3.2997024
1761098406758,0.92662054,-10.557732,-3.3900316
1761098406760,0.74596244,-10.578669,-3.4037902
1761098406762,0.42831525,-10.535,-3.3326037
1761098406764,0.3164508,-10.403395,-3.2333016
1761098406767,0.14356937,-10.242477,-3.0675986
1761098406769,-0.04965107,-10.152746,-2.8259234
1761098406771,-0.07537391,-10.009177,-2.5226333
1761098406774,-0.3152544,-8.756535,-2.3832514
1761098406776,-0.15613168,-8.904291,-2.1122642
1761098406778,-0.1477568,-9.260223,-1.8077775
1761098406780,-0.15194423,-9.500702,-1.527219
1761098406782,-0.24586253,-9.735199,-1.2562319
1761098406785,-0.34097722,-10.003195,-0.99900347
1761098406787,-0.33918262,-10.205389,-0.79920274
1761098406789,-0.38763726,-10.233504,-0.60000026
1761098406791,-0.5778667,-10.254441,-0.5665008
1761098406794,-0.60000026,-10.163514,-0.37686956
1761098406797,-0.38464624,-10.060623,-0.6095716
1761098406798,-0.17766708,-10.169497,-0.86560357
1761098406800,-0.02213361,-10.2682,-1.0408778
1761098406803,0.14057833,-10.44826,-1.1120644
1761098406805,0.24646074,-10.637293,-1.2634103
1761098406807,0.24765715,-10.853246,-1.4099708
1761098406810,0.24526432,-11.001002,-1.6660028
1761098406812,0.084346995,-11.219347,-1.7605193
1761098406814,-0.11545369,-11.503495,-1.9639091
1761098406816,-0.13459627,-11.781062,-2.219343
1761098406819,-0.16390835,-11.837892,-2.3808584
1761098406821,-0.23330021,-11.720643,-2.5232315
1761098406823,-0.08315059,-11.291132,-2.6715865
1761098406825,-0.09092726,-10.911271,-2.6105695
1761098406828,-0.23509483,-10.735399,-2.772085
1761098406830,-0.41515473,-10.410573,-2.8540392
1761098406832,-0.67776704,-9.969097,-2.7074788
1761098406834,-0.9613165,-9.599406,-2.6991038
1761098406837,-1.0636097,-9.467801,-2.5381866
1761098406839,-1.0408778,-9.517452,-2.2438695
1761098406841,-0.9086744,-9.587442,-1.9920249
1761098406843,-0.51146585,-9.959526,-1.9058832
1761098406846,-0.1788635,-10.508678,-1.6151553
1761098406848,0.09092726,-10.864612,-1.329213
1761098406850,0.148355,-11.1015005,-1.2861422
1761098406852,0.3900301,-11.133803,-1.494916
1761098406855,0.73459655,-10.97169,-1.5756737
1761098406857,0.95054877,-10.596017,-1.6193427
1761098406859,1.0977074,-10.305289,-1.7718852
1761098406861,1.2053844,-9.860224,-1.8017955
1761098406864,1.4249259,-9.523434,-1.7647067
1761098406866,1.6115661,-9.171689,-1.608575
1761098406868,1.7928224,-8.834301,-1.5050855
1761098406871,1.9070797,-8.841479,-1.3435699
1761098406873,2.4185455,-8.654242,-1.0450653
1761098406875,2.8223343,-8.681161,-0.84107715
1761098406878,3.0681968,-8.9928255,-0.77407813
1761098406879,3.6209388,-9.4737835,-0.63529444
1761098406882,4.127021,-9.847662,-0.6436693
1761098406884,4.4392843,-9.92483,-0.69571316
1761098406886,4.7766724,-9.936196,-0.51565325
1761098406889,4.8819566,-9.885348,-0.42053857
1761098406891,5.0452666,-9.783055,-0.41156548
1761098406893,5.179863,-9.693923,-0.29312077
1761098406895,5.2420764,-9.397811,-0.22731815
1761098406898,5.261817,-9.085547,-0.23748764
1761098406900,5.5423756,-8.793025,-0.124426775
1761098406902,5.572884,-8.380263,-0.2440679
1761098406904,5.435895,-7.8059855,-0.40677986
1761098406907,5.425127,-7.3118677,-0.30329028
1761098406909,5.495117,-7.111469,-0.08554341
1761098406911,5.5190454,-6.8243303,-0.005383851
1761098406913,5.572884,-6.460023,-0.011365907
1761098406916,5.5447683,-6.4642105,0.0317049
1761098406918,5.4813585,-6.5401826,0.046061836
1761098406920,5.3365927,-6.667002,-0.015553347
1761098406923,5.057829,-6.8781686,-0.076570325
1761098406924,4.7569313,-7.218548,-0.2321038
1761098406927,4.462016,-7.539186,-0.39780676
1761098406929,4.1515474,-7.8981094,-0.6197411
1761098406931,3.8524444,-8.166105,-0.8566305
1761098406934,3.5264223,-8.318648,-1.041476
1761098406936,3.1728828,-8.450851,-1.2215359
1761098406938,2.8019953,-8.448459,-1.5062819
1761098406940,2.684747,-8.359326,-1.7294126
1761098406943,2.4699912,-8.412566,-1.9758734
1761098406945,2.3485553,-8.573483,-2.2510478
1761098406947,2.2791636,-8.715259,-2.5776682
1761098406949,2.1864417,-8.852845,-2.7529426
1761098406951,2.0889342,-8.99462,-2.8761728
1761098406954,2.0907288,-9.1770735,-2.9563324
1761098406956,2.1445673,-9.3511505,-2.9036903
1761098406959,2.2115662,-9.592228,-2.9413772
1761098406961,2.283351,-9.8428755,-3.016751
1761098406963,2.318047,-10.04507,-3.1208389
1761098406965,2.4119651,-10.099506,-3.2249267
1761098406967,2.4544377,-10.10489,-3.2530425
1761098406970,2.5058835,-10.153943,-3.1962128
1761098406972,2.8325038,-10.480563,-3.5180476
1761098406974,2.9234312,-10.713265,-3.4510484
1761098406976,2.6805596,-10.513465,-2.906083
1761098406979,2.5842485,-10.315458,-2.612364
1761098406981,2.4011974,-10.18146,-3.001796
1761098406983,2.1068804,-10.17129,-2.9587252
1761098406985,1.7336,-10.040284,-2.8642087
1761098406988,1.5774683,-10.009177,-2.603391
1761098406990,1.3842479,-9.943375,-2.5465615
1761098406993,1.2083755,-9.925428,-2.7176483
1761098406995,1.0271192,-9.990034,-2.6841488
1761098406997,0.7938189,-10.029516,-2.5034907
1761098406999,0.7304091,-10.124033,-2.5411777
1761098407001,0.5665008,-10.246665,-2.3700907
1761098407003,0.47318068,-10.432109,-2.3174486
1761098407006,0.29012975,-10.299307,-2.3982065
1761098407008,0.28773692,-10.458429,-2.0422742
1761098407010,0.36610186,-10.575678,-1.9184456
1761098407012,0.4438686,-10.475778,-1.9471594
1761098407014,0.6735796,-10.667802,-1.6570296
1761098407016,0.66400826,-10.687542,-1.3579268
1761098407020,0.6855437,-10.807781,-1.4147564
1761098407021,0.6299106,-10.711471,-1.253839
1761098407023,0.587438,-10.710873,-1.1210374
1761098407026,0.52522457,-10.724033,-1.0971092
1761098407028,0.4833502,-10.704292,-0.99302137
1761098407030,0.44506502,-10.713265,-1.0827522
1761098407033,0.28295127,-10.738988,-1.2442678
1761098407035,0.28773692,-10.724033,-1.4817554
1761098407037,0.0634098,-10.787442,-1.3435699
1761098407039,-0.18903299,-10.820942,-1.6570296
1761098407042,-0.31166515,-10.770095,-1.8323039
1761098407044,-0.36610186,-10.630115,-1.6336997
1761098407046,-0.26919255,-10.790434,-1.7611175
1761098407048,-0.4109673,-10.753943,-1.7377875
1761098407050,-0.40977088,-10.696515,-1.8610178
1761098407053,-0.50787663,-10.599008,-1.7048861
1761098407055,-0.46301118,-10.450653,-1.8520447
1761098407057,-0.26620153,-10.333405,-2.018944
1761098407060,-0.19501504,-10.34836,-2.2414765
1761098407062,-0.023928227,-10.332209,-2.3365912
1761098407064,0.17826529,-10.4362955,-2.3982065
1761098407066,0.3260221,-10.439287,-2.364707
1761098407068,0.2105684,-10.518848,-2.2839491
1761098407071,0.18544376,-10.580463,-2.3790638
1761098407073,0.13758731,-10.594222,-2.3078775
1761098407075,-0.22731815,-10.573883,-2.0751755
1761098407077,-0.17706887,-10.675578,-2.3168504
1761098407080,-0.18245272,-10.704292,-2.2881367
1761098407082,-0.3912265,-10.959726,-2.3258235
1761098407084,-0.39661035,-11.017154,-2.292324
1761098407086,-0.51565325,-11.010573,-2.2546372
1761098407089,-0.6329016,-10.926227,-2.411367
1761098407091,-0.60358953,-10.874183,-2.3401806
1761098407093,-0.7220342,-10.87179,-2.4305096
1761098407096,-0.81595254,-10.802996,-2.4634109
1761098407098,-0.6939186,-10.632507,-2.416751
1761098407100,-0.6436693,-10.450653,-2.4789643
1761098407102,-0.6843473,-10.339387,-2.393421
1761098407105,-0.40797627,-10.3017,-2.2797618
1761098407107,-0.20757736,-10.247263,-2.2564318
1761098407109,0.014955142,-10.289736,-2.175674
1761098407111,0.22313072,-10.332209,-2.161317
1761098407114,0.3930211,-10.393225,-2.0757737
1761098407116,0.60717875,-10.396814,-1.942972
1761098407118,0.8751749,-10.545768,-1.8855443
1761098407121,0.77407813,-10.6307125,-1.7856439
1761098407123,0.6305088,-10.6815605,-1.6857436
1761098407125,0.7501499,-10.625329,-1.8281165
1761098407127,0.6873383,-10.686944,-1.8801605
1761098407129,0.88354975,-10.599008,-1.9040886
1761098407132,0.9553344,-10.580463,-2.0703897
1761098407134,0.86201435,-10.746765,-2.1080768
1761098407136,1.0426725,-10.740783,-2.012962
1761098407139,0.88414794,-10.823934,-2.155335
1761098407141,0.6095716,-10.790434,-2.260021
1761098407143,0.4749753,-10.883754,-2.2642083
1761098407145,0.4432704,-10.8018,-2.2169502
1761098407147,0.3493521,-10.727622,-2.283351
1761098407150,0.20338993,-10.63849,-2.3832514
1761098407152,0.071186475,-10.603195,-2.2743778
1761098407154,-0.08015956,-10.566705,-2.236691
1761098407156,-0.06580263,-10.576875,-2.2271197
1761098407159,-0.07178468,-10.350753,-2.2181466
1761098407161,-0.3714857,-10.101301,-1.8771694
1761098407163,-0.41694933,-10.00499,-1.6923238
1761098407166,-0.41694933,-9.731609,-1.4315062
1761098407168,-0.3595216,-9.708878,-1.3417753
1761098407170,-0.13100705,-9.688539,-1.6217356
1761098407172,0.31345975,-9.765707,-2.6321049
1761098407175,0.5623133,-9.924232,-2.5322046
1761098407177,0.53359944,-9.97807,-1.8532411
1761098407179,0.45702913,-10.0014,-1.4973087
1761098407181,0.124426775,-10.020543,-1.288535
1761098407183,0.07058827,-10.080363,-1.8197416
1761098407186,0.10289137,-10.162916,-1.8197416
1761098407188,0.28295127,-10.176077,-1.634896
1761098407190,0.32961133,-10.234102,-1.8717855
1761098407192,0.42891344,-10.259227,-2.099702
1761098407195,0.51266223,-10.087543,-2.1379871
1761098407197,0.5808577,-9.968499,-2.2899313
1761098407199,0.69212395,-9.850055,-2.295315
1761098407202,0.7405786,-9.817751,-2.2384856
1761098407204,0.54436713,-9.891331,-2.1906292
1761098407206,0.63888365,-9.917053,-2.0434706
1761098407208,0.77407813,-9.794421,-2.2289143
1761098407211,0.9882358,-9.74477,-2.3569303
1761098407213,1.0205388,-9.821341,-2.656033
1761098407215,0.9559326,-9.968499,-2.9120653
1761098407217,1.0444671,-10.061221,-3.1537402
1761098407220,1.1886346,-9.952348,-3.4624143
1761098407222,1.2000005,-10.125229,-3.5994034
1761098407224,1.180858,-10.133006,-4.126423
1761098407226,1.1383854,-10.0983095,-4.4632125
1761098407228,1.0468599,-10.163514,-4.596014
1761098407231,0.84167534,-10.211968,-4.932804
1761098407233,0.53599226,-10.307083,-4.9471607
1761098407235,0.05503492,-10.394422,-5.1032925
1761098407237,-0.6239285,-9.535996,-5.627321
1761098407240,-0.020338992,-9.241081,-4.7168517
1761098407242,0.15613168,-9.475577,-4.4931226
1761098407244,-0.11964113,-9.777672,-4.644469
1761098407247,-0.37986058,-9.984053,-4.715057
1761098407249,-0.87936234,-10.311271,-4.714459
1761098407251,-1.1736795,-10.56491,-4.9178486
1761098407253,-1.2317054,-10.627124,-4.7946186
1761098407256,-1.3046865,-10.716854,-4.7419763
1761098407258,-1.3513466,-10.956137,-4.807779
1761098407260,-1.2472588,-10.976476,-5.0213385
1761098407262,-1.0366904,-10.889137,-4.9172506
1761098407265,-0.85842514,-10.7431755,-5.10748
1761098407267,-0.6149554,-10.417153,-4.6289153
1761098407269,-0.34636107,-10.269397,-4.121039
1761098407271,-0.20877378,-10.2682,-3.5473595
1761098407274,-0.12203395,-10.2317095,-3.3667014
1761098407276,-0.0059820567,-10.090533,-3.0113673
1761098407278,-0.08554341,-10.316655,-2.4221346
1761098407280,-0.1477568,-10.647463,-2.0751755
1761098407283,-0.25543383,-11.102098,-2.0171494
1761098407285,-0.19680966,-10.98844,-1.7796619
1761098407287,-0.32123643,-10.521839,-1.0073783
1761098407289,-0.53300124,-10.433305,-0.42412782
1761098407292,-0.5204389,-10.516456,0.13160525
1761098407294,-0.5066802,-10.292129,0.75254273
1761098407297,-0.76630145,-9.932607,0.86560357
1761098407298,-0.9415757,-9.626924,0.9457632
1761098407301,-1.0947163,-9.423533,1.2634103
1761098407303,-1.2484552,-9.531211,1.2161521
1761098407305,-0.8632108,-10.322637,2.07697
1761098407307,-1.0390832,-10.607383,1.7928224
1761098407310,-1.4967105,-10.424332,1.0043873
1761098407312,-1.5188441,-10.316655,0.36370903
1761098407314,-1.2801601,-10.237692,-0.25842485
1761098407317,-1.1359925,-10.372886,-1.0695918
1761098407319,-1.0103694,-10.5080805,-1.9088743
1761098407321,-1.2203395,-10.010373,-3.5240295
1761098407323,-1.5098711,-9.129216,-4.5128636
1761098407325,-1.3734802,-8.923434,-5.0165524
1761098407328,-1.4608182,-9.016156,-5.8947186
1761098407330,-1.8705891,-8.791828,-6.407381
1761098407332,-2.0739791,-8.770293,-5.7667027
1761098407335,-1.925624,-8.984451,-5.6763735
1761098407337,-2.0458634,-9.352347,-5.5710893
1761098407339,-2.03031,-9.825528,-4.686941
1761098407341,-1.4877375,-10.6205435,-3.4893336
1761098407343,-1.3944174,-11.277373,-2.6620152
1761098407346,-1.5702899,-11.014761,-2.6482565
1761098407348,-1.4919249,-10.881361,-2.7152555
1761098407351,-1.4356936,-10.383654,-2.393421
1761098407353,-1.2592229,-10.084551,-2.3988047
1761098407355,-0.94755775,-9.923036,-1.8723837
1761098407358,-0.61734825,-9.503095,-1.2329018
1761098407359,-0.357727,-9.35474,-0.8865408
1761098407363,-0.5910272,-9.370294,-0.7304091
1761098407364,-0.721436,-9.229715,-0.32243285
1761098407366,-0.7746763,-9.042477,0.2656033
1761098407368,-1.0875379,-8.705687,0.25064817
1761098407370,-1.1318051,-8.517252,0.084346995
1761098407373,-1.3064811,-8.709874,-0.3900301
1761098407375,-1.2753744,-8.859426,-0.4229314
1761098407377,-1.2592229,-8.998808,-0.39421752
1761098407380,-1.2406785,-9.037691,-0.4223332
1761098407382,-1.1676974,-9.202198,-0.48394838
1761098407384,-1.166501,-9.403793,-0.4881358
1761098407386,-0.98644114,-9.425328,-0.95772725
1761098407388,-0.9098708,-9.382257,-1.4895321
1761098407391,-0.71665037,-9.485747,-1.783251
1761098407393,-0.47916272,-9.480363,-1.7551354
1761098407395,-0.33320054,-9.554541,-1.9776679
1761098407398,-0.35653058,-9.509675,-2.480759
1761098407400,-0.5054838,-9.337991,-2.7948167
1761098407402,-0.36729828,-9.312267,-2.4909284
1761098407404,-0.34337005,-9.278768,-2.5764718
1761098407407,-0.25543383,-9.415159,-2.4999015
1761098407409,-0.22552353,-9.6173525,-2.5615165
1761098407411,-0.16630118,-9.503095,-2.6183462
1761098407413,-0.57487565,-9.764511,-2.722434
1761098407415,-0.72323066,-10.112667,-2.5836504
1761098407418,-0.7429714,-10.42493,-2.3318057
1761098407421,-0.7680961,-10.789836,-2.1744776
1761098407422,-2.0141585,-9.509077,-2.376671
1761098407425,-3.545565,-8.218149,-2.754139
1761098407427,-4.186243,-7.944171,-2.1050856
1761098407429,-4.518247,-8.148159,-2.7116663
1761098407431,-4.703093,-8.136793,-2.047658
1761098407434,-4.1838503,-8.639286,-0.75553375
1761098407436,-4.091727,-9.882956,-1.3316058
1761098407438,-3.8787656,-11.266605,-2.9276185
1761098407441,-3.7764723,-12.500704,-3.6317065
1761098407442,-3.708277,-13.494922,-4.1467614
1761098407445,-3.618546,-13.78864,-4.5966125
1761098407447,-3.077768,-13.552349,-4.8771706
1761098407449,-2.2666013,-12.788441,-5.00758
1761098407451,-1.5218352,-11.740384,-5.0339007
1761098407454,-1.090529,-10.72164,-4.499703
1761098407456,-0.994816,-9.840483,-3.9230328
1761098407458,-0.87158567,-9.329616,-3.6490545
1761098407461,-0.77826554,-9.143574,-3.711268
1761098407463,-0.7286145,-9.297911,-3.9667017
1761098407465,-0.84406817,-9.650852,-4.03729
1761098407467,-1.082154,-9.973883,-3.80399
1761098407470,-1.2370893,-10.1395855,-3.5994034
1761098407472,-1.3998013,-10.214361,-3.281158
1761098407474,-1.5122639,-10.136595,-2.9539394
1761098407476,-1.6103697,-10.029516,-2.6883361
1761098407479,-1.753939,-9.826126,-2.423331
1761098407481,-1.8514465,-9.723833,-2.204986
1761098407483,-1.9722841,-9.558728,-1.9968106
1761098407485,-2.0135603,-9.467203,-1.8975084
1761098407487,-1.9441684,-9.32483,-1.8023937
1761098407490,-1.8053846,-9.264411,-1.7647067
1761098407492,-1.5236298,-9.178269,-1.7078772
1761098407495,-1.1270195,-8.7679,-1.4955142
1761098407497,-1.0277174,-8.799007,-1.4715859
1761098407499,-0.99661064,-9.174082,-1.5373886
1761098407501,-0.8739785,-9.780065,-1.9674984
1761098407503,-0.70648086,-10.228719,-2.5220351
1761098407506,-0.6723832,-10.186246,-2.4556344
1761098407507,-0.52941203,-10.154541,-2.5411777
1761098407510,-0.16031912,-9.98824,-2.484348
1761098407512,0.17228323,-9.69153,-2.5471597
1761098407514,0.38165522,-9.406784,-2.6141586
1761098407517,0.31106696,-9.079565,-2.5292134
1761098407520,0.21954148,-8.876176,-2.4352953
1761098407521,0.15972091,-8.784052,-2.39701
1761098407524,-0.014356935,-8.690134,-2.2031915
1761098407526,-0.17168503,-8.730812,-2.140978
1761098407528,-0.35294133,-8.766106,-2.0745773
1761098407530,-0.7746763,-8.423334,-1.6624135
1761098407532,-1.2711871,-8.309675,-1.3920245
1761098407535,-1.6713866,-8.379665,-1.1880364
1761098407537,-1.9070797,-8.563314,-1.1066805
1761098407539,-2.0578275,-8.748159,-1.0492527
1761098407542,-2.085345,-8.983254,-0.8117651
1761098407544,-1.5756737,-9.726226,-1.2562319
1761098407547,-1.1467602,-10.423136,-2.1894326
1761098407549,-1.1090733,-10.705488,-2.9336007
1761098407551,-1.4261223,-10.110274,-2.4699912
1761098407553,-1.6109679,-9.800404,-2.1529422
1761098407555,-1.8143578,-9.489935,-1.9776679
1761098407557,-1.9447666,-9.34816,-1.9495523
1761098407559,-2.0153549,-9.303294,-2.0350957
1761098407562,-2.0201404,-9.293723,-2.0590239
1761098407564,-1.986641,-9.2895355,-2.1445673
1761098407566,-1.963311,-9.303893,-2.1541386
1761098407568,-1.9310079,-9.367303,-2.1966112
1761098407571,-1.899303,-9.454042,-2.2959132
1761098407573,-1.8478572,-9.48814,-2.3198416
1761098407575,-1.8807586,-9.492328,-2.4478576
1761098407577,-2.0231316,-9.451052,-2.4670002
1761098407580,-2.3461626,-9.176475,-2.5812573
1761098407582,-2.580061,-8.994022,-2.7242286
1761098407585,-2.2588246,-9.360723,-2.4149563
1761098407587,-2.0859432,-9.546764,-2.2959132
1761098407589,-1.9381863,-9.765109,-2.475375
1761098407591,-1.8933209,-9.923634,-2.6602206
1761098407593,-1.9573289,-10.042677,-2.769094
1761098407596,-2.0823538,-10.150353,-2.8115666
1761098407598,-2.1738794,-10.22154,-2.7068806
1761098407600,-2.0685952,-10.170692,-2.446063
1761098407603,-1.6606189,-9.9344015,-1.8346968
1761098407605,-1.018146,-9.336196,-1.7078772
1761098407607,-0.54735816,-8.221141,-1.5206388
1761098407609,-0.14895321,-6.8895345,-0.97806627
1761098407611,0.18544376,-8.670393,-1.8945173
1761098407614,0.21475583,-10.262218,-3.257828
1761098407616,0.3361916,-10.380663,-2.8061829
1761098407618,0.45822555,-10.466207,-2.1942184
1761098407620,0.56530434,-10.59841,-1.6953149
1761098407623,0.66341007,-10.731212,-1.1922239
1761098407626,0.7609176,-10.858629,-0.802792
1761098407627,0.78424764,-10.883754,-0.5509474
1761098407629,0.8380861,-10.803595,-0.24765715
1761098407631,0.8668,-10.795219,0.10348958
1761098407634,0.81834537,-10.584053,0.50189453
1761098407636,0.6358926,-10.1395855,0.70947194
1761098407638,0.3272185,-9.5868435,0.70348984
1761098407641,0.035294134,-8.889935,0.7112665
1761098407643,-0.25124636,-8.154141,0.5054838
1761098407645,-0.6203393,-7.5230346,0.28115666
1761098407648,-0.99302137,-7.088737,0.12323037
1761098407650,-1.3441681,-6.799206,0.11306087
1761098407652,-1.6797615,-6.6969123,0.05623133
1761098407654,-2.0021944,-6.6711893,-0.19082761
1761098407656,-2.30369,-6.795616,-0.25184458
1761098407658,-2.5663023,-7.1359954,-0.51206404
1761098407661,-2.667399,-7.479964,-0.6681957
1761098407663,-2.6596224,-7.85444,-0.7148558
1761098407665,-2.4394827,-8.0404825,-0.7429714
1761098407668,-2.0901306,-8.147561,-0.76630145
1761098407670,-1.2239288,-8.349754,-0.96490574
1761098407672,-0.06580263,-8.647661,-1.6049858
1761098407675,1.1437693,-8.743972,-2.3545375
1761098407677,2.260021,-8.443673,-3.522833
1761098407680,3.245864,-8.008179,-4.3926244
1761098407681,4.2484565,-7.704291,-4.3411784
1761098407684,4.8191447,-7.6570325,-4.1228333
1761098407686,5.2169514,-7.749156,-4.5738807
1761098407688,4.429713,-7.9304123,-5.4843497
1761098407691,2.4323041,-8.295917,-6.6131635
1761098407692,0.30508488,-8.779266,-7.503892
1761098407694,-1.6707884,-9.046066,-8.091928
1761098407697,-3.5377884,-8.469396,-8.401798
1761098407700,-4.359723,-8.518449,-7.969296
1761098407702,-4.575675,-8.929416,-7.1048884
1761098407704,-4.7042894,-9.240483,-6.538986
1761098407706,-4.6295137,-9.569496,-6.1208405
1761098407709,-4.618746,-9.772287,-5.878567
1761098407712,-4.610371,-9.849456,-5.7260246
1761098407714,-4.744369,-9.65504,-5.5369916
1761098407716,-4.6085763,-9.470792,-5.3473606
1761098407717,-4.6289153,-9.278768,-5.3102717
1761098407720,-4.71087,-9.089735,-5.2869415
1761098407723,-5.218746,-8.505288,-4.989035
1761098407725,-5.38744,-8.406584,-4.685745
1761098407727,-5.035097,-8.89472,-4.058227
1761098407729,-4.1838503,-9.143574,-2.6338995
1761098407731,-2.6811578,-9.346365,-1.2951152
1761098407733,-0.8751749,-9.338589,0.34217364
1761098407735,0.5982057,-9.052647,2.2827528
1761098407738,1.3375878,-8.636295,3.6245282
1761098407740,1.4913267,-8.285149,4.2598224
1761098407742,1.3142579,-8.350353,4.634897
1761098407744,1.0689936,-8.534002,4.94417
1761098407746,0.7722835,-8.682955,5.22413
1761098407749,0.45702913,-8.769096,5.471189
1761098407752,0.13339986,-8.801998,5.6279187
1761098407754,-0.18843478,-8.748757,5.7607207
1761098407756,-0.49950173,-8.618349,5.845666
1761098407758,-0.785444,-8.38804,5.831309
1761098407760,-1.0468599,-8.13799,5.7547383
1761098407762,-1.3130615,-7.864012,5.5782676
1761098407764,-1.5756737,-7.63789,5.2743793
1761098407767,-1.8538394,-7.521838,4.9513483
1761098407769,-2.1284158,-7.448259,4.5427737
1761098407771,-2.391028,-7.5290165,4.0923247
1761098407774,-2.6165516,-7.6588273,3.6556349
1761098407776,-2.7529426,-7.8376904,3.2004004
1761098407778,-2.8031917,-7.9800634,2.8073792
1761098407781,-2.7529426,-8.085946,2.4658036
1761098407783,-2.716452,-8.172088,2.114657
1761098407785,-2.6596224,-8.19123,1.7587247
1761098407787,-2.5836504,-8.1679,1.4404793
1761098407790,-2.4454648,-8.155337,1.1276177
1761098407792,-2.2935205,-8.147561,0.8428718
1761098407794,-2.1272194,-8.145168,0.5814559
1761098407796,-1.9381863,-8.186444,0.33499518
1761098407798,-1.6779668,-8.224132,0.05503492
1761098407801,-1.4027922,-8.252247,-0.2009971
1761098407803,-1.1090733,-8.300103,-0.51445687
1761098407805,-0.7968099,-8.376674,-0.8177471
1761098407808,-0.50428736,-8.482556,-1.0833504
1761098407810,-0.26919255,-8.620144,-1.372882
1761098407812,-0.106480606,-8.795418,-1.6378871
1761098407814,-0.046660043,-8.897113,-1.8939191
1761098407816,-0.076570325,-8.996415,-2.0835502
1761098407819,-0.16869399,-9.076574,-2.245066
1761098407821,-0.2883351,-9.145967,-2.382055
1761098407823,-0.4229314,-9.229715,-2.5435705
1761098407826,-0.6376872,-9.297313,-2.690131
1761098407828,-0.89072824,-9.364909,-2.8468606
1761098407830,-1.21017,-9.425926,-2.998805
1761098407832,-1.6013966,-9.510274,-3.1262228
1761098407834,-2.0590239,-9.616755,-3.2638102
1761098407837,-2.5734808,-9.698709,-3.3206396
1761098407839,-3.1112676,-9.756136,-3.4630125
1761098407842,-3.7154553,-9.783653,-3.571886
1761098407843,-4.3034916,-9.734601,-3.6670008
1761098407846,-4.8622155,-9.633504,-3.7854455
1761098407848,-5.377869,-9.489336,-3.9140596
1761098407850,-5.8265233,-9.332008,-4.0761733
1761098407853,-6.213562,-9.199805,-4.24726
1761098407855,-6.5641108,-9.126225,-4.3992043
1761098407857,-6.838089,-9.049057,-4.575077
1761098407859,-7.070193,-9.001201,-4.6839504
1761098407862,-7.2502527,-8.997611,-4.816752
1761098407864,-7.3603225,-9.02453,-4.9495535
1761098407866,-7.4039917,-9.066405,-5.0685964
1761098407868,-7.2903323,-9.087342,-5.206184
1761098407871,-7.1012993,-9.143574,-5.3102717
1761098407873,-6.798009,-9.201599,-5.404788
1761098407875,-6.4241304,-9.260822,-5.5094743
1761098407878,-5.9300127,-9.2691965,-5.580661
1761098407881,-5.3790655,-9.273982,-5.6183476
1761098407882,-4.8382874,-9.28834,-5.6183476
1761098407884,-4.2969112,-9.302696,-5.590232
1761098407887,-3.7363925,-9.322437,-5.5094743
1761098407889,-3.1866415,-9.390035,-5.3904314
1761098407891,-2.664408,-9.409177,-5.233701
1761098407893,-2.114657,-9.482158,-5.0674
1761098407896,-1.6217356,-9.553345,-4.901099
1761098407898,-1.2580265,-9.670592,-4.7114677
1761098407900,-1.0366904,-9.785448,-4.5445685
1761098407902,-0.9242278,-9.8937235,-4.321438
1761098407905,-0.91166544,-9.981061,-4.1312084
1761098407907,-0.96909314,-9.999606,-3.9224346
1761098407909,-1.1886346,-10.073185,-3.7704902
1761098407911,-1.5218352,-10.110274,-3.6849468
1761098407913,-1.8723837,-10.070792,-3.6329029
1761098407916,-2.1936202,-9.973883,-3.6281173
1761098407918,-2.4819553,-9.887143,-3.6520455
1761098407920,-2.737389,-9.801002,-3.714259
1761098407922,-2.9940193,-9.820144,-3.8183467
1761098407925,-3.251846,-9.9015,-3.955934
1761098407927,-3.4570305,-9.931411,-4.0791645
1761098407929,-3.6424742,-9.937392,-4.1694937
1761098407931,-3.7890346,-9.915258,-4.2167516
1761098407934,-3.9056847,-9.798011,-4.2221355
1761098407936,-3.9361932,-9.648459,-4.226921
1761098407938,-3.9146578,-9.495318,-4.208377
1761098407940,-3.8177485,-9.367303,-4.208975
1761098407943,-3.6963127,-9.230313,-4.1898327
1761098407945,-3.589832,-9.112467,-4.185645
1761098407947,-3.5180476,-9.065208,-4.2095733
1761098407949,-3.5030923,-9.036494,-4.2335014
1761098407952,-3.522833,-9.093923,-4.2329035
1761098407954,-3.583252,-9.285348,-4.2281175
1761098407957,-3.7441692,-9.522238,-4.2508492
1761098407959,-3.9110687,-9.836296,-4.2598224
1761098407961,-4.0701914,-10.222736,-4.2921257
1761098407963,-4.208377,-10.54158,-4.2723846
1761098407965,-4.328018,-10.86162,-4.228716
1761098407967,-4.45065,-11.104491,-4.171288
1761098407970,-4.6301117,-11.303096,-4.1090746
1761098407972,-4.8562336,-11.477174,-4.028317
1761098407974,-5.1385865,-11.602199,-3.946961
1761098407976,-5.4777694,-11.7158575,-3.9086757
1761098407979,-5.8546386,-11.791232,-3.8895333
1761098407981,-6.2261243,-11.842079,-3.9367914
1761098407983,-6.5922265,-11.859427,-4.017549
1761098407985,-6.929016,-11.843874,-4.127021
1761098407988,-7.280163,-11.822937,-4.255037
1761098407990,-7.5696945,-11.812767,-4.3734818
1761098407992,-7.8089767,-11.899507,-4.4967117
1761098407996,-7.9818583,-11.991631,-4.715057
1761098407998,-8.187641,-12.078969,-4.9567323
1761098407999,-8.379066,-12.161521,-5.2031927
1761098408001,-8.560323,-12.201003,-5.378467
1761098408004,-8.773883,-12.1866455,-5.615955
1761098408005,-8.938389,-12.087343,-5.8301125
1761098408007,-9.082557,-11.916257,-5.9724855
1761098408010,-9.276375,-11.830713,-6.157929
1761098408012,-9.508479,-11.802598,-6.343373
1761098408014,-9.698709,-11.822937,-6.4091754
1761098408017,-9.923036,-11.885748,-6.5090756
1761098408019,-10.132407,-11.901301,-6.6370916
1761098408021,-10.347163,-11.9306135,-6.774679
1761098408023,-10.550553,-11.888141,-6.902695
1761098408026,-10.744371,-11.851052,-6.955337
1761098408028,-10.923834,-11.770893,-6.969694
1761098408030,-11.054242,-11.620145,-6.9744797
1761098408033,-11.180464,-11.502298,-7.0558357
1761098408035,-11.2349,-11.352149,-7.1413794
1761098408038,-11.341979,-11.230115,-7.1748786
1761098408039,-11.453245,-11.079367,-7.222735
1761098408042,-11.583654,-10.928021,-7.218548
1761098408044,-11.69851,-10.700105,-7.166504
1761098408046,-11.822338,-10.453644,-7.0863442
1761098408048,-11.913864,-10.231112,-6.9212394
1761098408051,-11.963515,-10.091729,-6.712466
1761098408053,-11.967104,-10.048658,-6.4845495
1761098408055,-11.94856,-10.059426,-6.195018
1761098408057,-11.907284,-10.161719,-5.95753
1761098408060,-11.863016,-10.335797,-5.710471
1761098408062,-11.832508,-10.524232,-5.4299126
1761098408064,-11.84507,-10.697712,-5.163711
1761098408067,-11.86182,-10.837692,-4.8125644
1761098408069,-11.873784,-11.0016,-4.441677
1761098408071,-11.856436,-11.108081,-4.061816
1761098408074,-11.82533,-11.249257,-3.6580276
1761098408075,-11.784652,-11.375479,-3.2309089
1761098408077,-11.72543,-11.507084,-2.8031917
1761098408080,-11.679367,-11.609976,-2.3665016
1761098408082,-11.685947,-11.716456,-1.9106688
1761098408084,-11.691332,-11.775081,-1.4261223
1761098408086,-11.696117,-11.79542,-0.95653087
1761098408089,-11.706286,-11.834901,-0.5054838
1761098408091,-11.663216,-11.827125,-0.054436713
1761098408094,-11.639288,-11.813964,0.35353956
1761098408096,-11.553146,-11.797214,0.7615158
1761098408098,-11.467005,-11.770893,1.1509477
1761098408100,-11.442478,-11.709876,1.5684953
1761098408103,-11.417354,-11.6440735,1.942972
1761098408105,-11.382657,-11.563913,2.3174486
1761098408107,-11.332408,-11.431112,2.6590242
1761098408109,-11.236097,-11.346765,3.010171
1761098408112,-11.143973,-11.25823,3.4085758
1761098408114,-11.051849,-11.169696,3.8261235
1761098408116,-10.98844,-11.085349,4.219743
1761098408118,-10.915459,-10.986645,4.5942197
1761098408120,-10.846665,-10.858629,4.9405804
1761098408123,-10.801202,-10.692328,5.267201
1761098408125,-10.751551,-10.573883,5.556732
1761098408127,-10.819746,-10.429117,5.9120665
1761098408129,-10.878968,-10.28495,6.229714
1761098408132,-10.981859,-10.192228,6.5001025
1761098408134,-11.15175,-10.118051,6.728019
1761098408136,-11.359327,-10.052248,7.021738
1761098408138,-11.538191,-9.948758,7.201798
1761098408140,-11.720643,-9.8117695,7.3250284
1761098408143,-11.818151,-9.689735,7.353144
1761098408145,-11.882159,-9.530014,7.376474
1761098408147,-11.903096,-9.385847,7.3956165
1761098408150,-11.919846,-9.256036,7.399804
1761098408152,-11.89532,-9.184252,7.333403
1761098408154,-11.904293,-9.169296,7.266404
1761098408156,-11.928221,-9.168698,7.1952176
1761098408159,-11.966506,-9.182457,7.0959153
1761098408161,-11.991631,-9.2488575,6.9678993
1761098408163,-11.997015,-9.300901,6.8021965
1761098408165,-11.912069,-9.311669,6.611967
1761098408168,-11.773884,-9.28475,6.407979
1761098408170,-11.572886,-9.192028,6.2033925
1761098408172,-11.324033,-9.104691,6.018547
1761098408174,-11.065608,-8.993423,5.852246
1761098408177,-10.812568,-8.892327,5.733203
1761098408179,-10.539187,-8.752347,5.604589
1761098408181,-10.280763,-8.632108,5.4759746
1761098408183,-10.051051,-8.544769,5.38086
1761098408186,-9.868599,-8.422736,5.3240304
1761098408188,-9.739387,-8.362915,5.2809596
1761098408190,-9.619147,-8.287541,5.24746
1761098408192,-9.504292,-8.217551,5.237889
1761098408195,-9.406784,-8.094919,5.2516475
1761098408197,-9.337991,-7.9615192,5.261219
1761098408199,-9.283554,-7.8089767,5.307879
1761098408201,-9.194421,-7.6133633,5.3742795
1761098408204,-9.08136,-7.399804,5.430511
1761098408206,-8.9928255,-7.2089763,5.4729834
1761098408209,-8.913862,-7.0522466,5.4963136
1761098408210,-8.868998,-6.923632,5.5052867
1761098408213,-8.776276,-6.795018,5.471787
1761098408215,-8.717651,-6.7094746,5.386244
1761098408217,-8.640483,-6.61436,5.252844
1761098408220,-8.578269,-6.582057,5.115257
1761098408222,-8.520842,-6.5772715,4.92084
1761098408224,-8.526225,-6.6107707,4.7832522
1761098408226,-8.578867,-6.6239314,4.6504507
1761098408229,-8.693125,-6.6311097,4.5601215
1761098408231,-8.816355,-6.6000032,4.4985065
1761098408233,-8.967103,-6.530013,4.4889355
1761098408235,-9.141181,-6.4408803,4.5266223
1761098408238,-9.281759,-6.337391,4.5834517
1761098408240,-9.450453,-6.200402,4.71087
1761098408242,-9.542577,-6.050252,4.8765726
1761098408245,-9.639486,-5.8857455,5.061418
1761098408247,-9.755538,-5.7397833,5.2510495
1761098408249,-9.87159,-5.5896335,5.4502516
1761098408251,-9.988838,-5.4867425,5.5968122
1761098408253,-10.092328,-5.428118,5.7391853
1761098408256,-10.205389,-5.3970113,5.819943
1761098408258,-10.338788,-5.4000025,5.85763
1761098408260,-10.453644,-5.445466,5.852844
1761098408263,-10.591231,-5.447859,5.819943
1761098408265,-10.789836,-5.386842,5.7720866
1761098408267,-11.015957,-5.276772,5.7200427
1761098408269,-11.199008,-5.1583276,5.633901
1761098408271,-11.339586,-5.02074,5.514858
1761098408274,-11.4083805,-4.8993044,5.3964133
1761098408276,-11.426327,-4.8119664,5.1966124
1761098408279,-11.39163,-4.749753,4.9974103
1761098408281,-11.252847,-4.670192,4.802395
1761098408283,-11.085349,-4.6151567,4.569693
1761098408285,-10.90828,-4.531408,4.3034916
1761098408287,-10.645668,-4.434499,4.0851464
1761098408290,-10.410573,-4.29392,3.8620157
1761098408292,-10.194621,-4.148556,3.6478581
1761098408294,-10.020543,-3.987639,3.4624143
1761098408296,-9.836894,-3.8129628,3.2721848
1761098408299,-9.672387,-3.6041892,3.0915267
1761098408301,-9.503694,-3.4624143,2.9533412
1761098408303,-9.305687,-3.3026934,2.777469
1761098408306,-9.136993,-3.1513474,2.6344976
1761098408307,-8.944969,-3.025126,2.4969103
1761098408310,-8.7673025,-2.9270203,2.3826532
1761098408312,-8.566903,-2.8630123,2.2827528
1761098408315,-8.375478,-2.7655048,2.1780667
1761098408317,-8.187641,-2.6338995,2.1062822
1761098408319,-8.029117,-2.5118656,2.0632114
1761098408321,-7.908279,-2.3988047,2.0111675
1761098408323,-7.8017983,-2.2755744,2.000998
1761098408326,-7.7240314,-2.1708884,1.9722841
1761098408328,-7.6366935,-2.0620148,1.9770697
1761098408330,-7.5643106,-1.9914266,1.9579271
1761098408333,-7.4626155,-1.8777676,1.9531415
1761098408335,-7.3657064,-1.7886349,1.9100707
1761098408337,-7.283752,-1.7084754,1.9190438
1761098408340,-7.2011995,-1.5990037,1.9286151
1761098408341,-7.175477,-1.4985052,1.9280169
1761098408344,-7.140183,-1.3938192,1.989632
1761098408346,-7.147959,-1.288535,2.056033
1761098408348,-7.1838517,-1.1533405,2.11705
1761098408351,-7.2059855,-1.061815,2.193022
1761098408353,-7.2472615,-0.9942178,2.2498515
1761098408355,-7.2897344,-0.96430755,2.3018954
1761098408358,-7.34118,-0.9302098,2.3347967
1761098408360,-7.350153,-0.8913264,2.3635106
1761098408362,-7.4063845,-0.8428718,2.4011974
1761098408364,-7.4476604,-0.7603194,2.4293132
1761098408366,-7.522436,-0.70169526,2.510071
1761098408368,-7.5643106,-0.62871414,2.571686
1761098408371,-7.5960155,-0.5706882,2.585445
1761098408373,-7.643274,-0.53659046,2.638087
1761098408375,-7.6749787,-0.46899325,2.6853452
1761098408378,-7.693523,-0.42532423,2.7278178
1761098408380,-7.7012997,-0.34337005,2.7320054
1761098408382,-7.7479596,-0.2853441,2.736791
1761098408385,-7.7611203,-0.20817557,2.6799614
1761098408387,-7.7742805,-0.14057833,2.656033
1761098408389,-7.792227,-0.08255238,2.603391
1761098408391,-7.786245,-0.010169496,2.4801607
1761098408393,-7.7425756,0.037686955,2.3467607
1761098408396,-7.699505,0.061016977,2.1858435
1761098408398,-7.646863,0.098703936,2.024328
1761098408400,-7.5936227,0.16091733,1.8340986
1761098408402,-7.5212398,0.20338993,1.6396817
1761098408405,-7.448857,0.28893334,1.4159528
1761098408407,-7.3902326,0.37507495,1.1880364
1761098408409,-7.313064,0.44147578,0.96490574
1761098408412,-7.20778,0.5072784,0.7465607
1761098408414,-7.083353,0.5724828,0.56111693
1761098408416,-6.9158554,0.637089,0.3804588
1761098408418,-6.71426,0.7639086,0.22372891
1761098408420,-6.5030937,0.8853444,0.11425728
1761098408422,-6.2344995,1.0342976,0.05682954
1761098408425,-5.964709,1.2550355,0.0424726
1761098408427,-5.6949177,1.4811572,0.06520442
1761098408429,-5.4023952,1.6342978,0.15553348
1761098408431,-5.1296134,1.7395821,0.22612174
1761098408434,-4.8532424,1.8113668,0.31166515
1761098408436,-4.6079783,1.96032,0.41575295
1761098408439,-4.377669,2.1003,0.5198407
1761098408441,-4.161717,2.2259233,0.6095716
1761098408443,-3.9744785,2.3234308,0.6945168
1761098408445,-3.8297126,2.455036,0.82731843
1761098408448,-3.7417765,2.592025,0.9457632
1761098408450,-3.7022948,2.696711,1.0402796
1761098408452,-3.6574295,2.8061829,1.1587243
1761098408454,-3.626921,2.9162526,1.2723835
1761098408456,-3.6113675,3.001796,1.3860425
1761098408458,-3.565904,3.135196,1.4709877
1761098408461,-3.531208,3.2207394,1.5702899
1761098408463,-3.5347972,3.3026934,1.6510476
1761098408465,-3.542574,3.388835,1.7407784
1761098408468,-3.5844483,3.4325042,1.8215362
1761098408470,-3.621537,3.4809587,1.902294
1761098408472,-3.6496527,3.5246277,1.9543378
1761098408474,-3.6532419,3.577868,1.9776679
1761098408477,-3.6664026,3.6496527,2.0057836
1761098408479,-3.6837504,3.7268212,2.0297117
1761098408481,-3.6640096,3.784249,2.0291135
1761098408483,-3.6484563,3.8656049,1.9962122
1761098408485,-3.609573,3.903292,2.0051854
1761098408488,-3.6191442,3.9128633,2.024328
1761098408490,-3.6137605,3.9415772,2.0524435
1761098408492,-3.6370904,3.9613178,2.0715861
1761098408495,-3.6556349,3.9954157,2.12363
1761098408497,-3.6400814,4.052245,2.12363
1761098408500,-3.638885,4.124628,2.213361
1761098408502,-3.64726,4.191627,2.3084757
1761098408504,-3.6448672,4.316054,2.4502504
1761098408506,-3.6813576,4.426722,2.5591238
1761098408508,-3.708277,4.5038905,2.7158537
1761098408510,-3.739982,4.6002016,2.853441
1761098408512,-3.795615,4.653442,3.0000014
1761098408515,-3.827918,4.7018967,3.1280174
1761098408517,-3.8895333,4.7174497,3.2279177
1761098408519,-3.9655054,4.7084765,3.3846476
1761098408521,-4.046861,4.6761737,3.4654055
1761098408523,-4.1228333,4.6725845,3.522235
1761098408526,-4.174877,4.6875396,3.598207
1761098408528,-4.241876,4.679165,3.6029928
1761098408530,-4.275376,4.6654058,3.6173496
1761098408532,-4.299304,4.6468616,3.6029928
1761098408535,-4.2610188,4.6558347,3.598207
1761098408537,-4.241876,4.6504507,3.5694933
1761098408539,-4.1665025,4.615755,3.484548
1761098408542,-4.2257247,4.785047,3.455236
1761098408544,-4.3274198,4.9453664,3.4360933
1761098408546,-4.3722854,5.0997033,3.4402807
1761098408549,-4.4129634,5.2013984,3.4025939
1761098408551,-4.4117665,5.278567,3.3499517
1761098408553,-4.3962135,5.359923,3.306881
1761098408555,-4.3471603,5.4550376,3.2877383
1761098408557,-4.2981076,5.5597234,3.2446675
1761098408560,-4.2388854,5.669195,3.2159536
1761098408562,-4.2000017,5.7409797,3.2063823
1761098408564,-4.1557345,5.812166,3.211168
1761098408566,-4.1688952,5.864808,3.2297122
1761098408569,-4.1874394,5.913263,3.2440693
1761098408571,-4.2484565,5.95753,3.263212
1761098408573,-4.328018,5.99761,3.2817562
1761098408575,-4.403392,6.0323057,3.31047
1761098408578,-4.469793,6.0574307,3.2961133
1761098408580,-4.512265,6.0777693,3.2913275
1761098408582,-4.5445685,6.1118674,3.286542
1761098408584,-4.57747,6.131608,3.257828
1761098408587,-4.5966125,6.146563,3.2386854
1761098408589,-4.596014,6.175277,3.2721848
1761098408592,-4.590032,6.227919,3.2530425
1761098408594,-4.5708895,6.2608204,3.2907293
1761098408596,-4.5559344,6.289534,3.333202
1761098408598,-4.5649076,6.323034,3.3619158
1761098408600,-4.549952,6.346962,3.3900316
1761098408603,-4.5355954,6.3798633,3.446861
1761098408605,-4.525426,6.389435,3.475575
1761098408607,-4.5014977,6.4127645,3.5132618
1761098408609,-4.496114,6.4462643,3.5563326
1761098408612,-4.4668016,6.4941206,3.5988052
1761098408614,-4.4614177,6.5318074,3.6460636
1761098408616,-4.442275,6.541379,3.6460636
1761098408618,-4.4464626,6.5605216,3.6693935
1761098408621,-4.441677,6.5605216,3.6933217
1761098408623,-4.4554358,6.594021,3.6885362
1761098408625,-4.503292,6.5808606,3.6837504
1761098408627,-4.5738807,6.605985,3.702893
1761098408630,-4.659424,6.602994,3.6598222
1761098408632,-4.74078,6.599405,3.6317065
1761098408634,-4.8442693,6.6448684,3.6077783
1761098408637,-4.938786,6.6849484,3.5838501
1761098408640,-5.0045886,6.7244296,3.522235
1761098408642,-5.0751767,6.745367,3.4606197
1761098408643,-5.1218367,6.7890363,3.379862
1761098408646,-5.1409793,6.8039913,3.3463624
1761098408649,-5.1266227,6.799206,3.260819
1761098408651,-5.0937214,6.793822,3.1848469
1761098408652,-5.0129633,6.7878394,3.1088748
1761098408655,-4.933402,6.734001,3.0430722
1761098408657,-4.8394837,6.669993,2.9862428
1761098408661,-4.7784667,6.6017976,2.929413
1761098408662,-4.7138605,6.4905314,2.8773692
1761098408664,-4.615755,6.4217377,2.8205397
1761098408666,-4.526024,6.3720865,2.778067
1761098408668,-4.435695,6.384649,2.7397819
1761098408671,-4.3405805,6.4121666,2.6925237
1761098408673,-4.206582,6.45763,2.687738
1761098408675,-4.1108694,6.5090756,2.6638098
1761098408678,-4.004987,6.5742803,2.6350958
1761098408679,-3.8853457,6.6107707,2.6775684
1761098408682,-3.7998023,6.623333,2.7014968
1761098408684,-3.671188,6.640083,2.7248268
1761098408686,-3.5904303,6.6484575,2.7343981
1761098408689,-3.4761732,6.650851,2.7912276
1761098408690,-3.3577285,6.625128,2.8486555
1761098408693,-3.2488549,6.632306,2.9246275
1761098408695,-3.1495528,6.6017976,3.0143583
1761098408697,-3.0257242,6.613762,3.138187
1761098408700,-2.8731818,6.6442704,3.237489
1761098408702,-2.7158537,6.669993,3.3559337
1761098408704,-2.568695,6.6622167,3.470191
1761098408706,-2.411367,6.6735826,3.5838501
1761098408708,-2.2408783,6.6514487,3.6933217
1761098408711,-2.103291,6.6388865,3.802195
1761098408713,-1.9704895,6.6221366,3.9116669
1761098408715,-1.8562322,6.629315,4.0157547
1761098408718,-1.7282162,6.6221366,4.1108694
1761098408720,-1.6474584,6.6394844,4.214957
1761098408722,-1.5906289,6.604789,4.3148575
1761098408724,-1.5577276,6.594021,4.4147577
1761098408727,-1.5433706,6.5892353,4.462016
1761098408729,-1.5296118,6.579066,4.5092745
1761098408732,-1.5098711,6.6071815,4.5708895
1761098408733,-1.4859428,6.6311097,4.6139603
1761098408736,-1.4709877,6.6735826,4.604389
1761098408738,-1.4656038,6.6927247,4.6372905
1761098408740,-1.4608182,6.7022963,4.6325045
1761098408742,-1.4560326,6.6975107,4.651647
1761098408745,-1.4799608,6.6981087,4.6325045
1761098408747,-1.5140585,6.650851,4.6139603
1761098408749,-1.6007984,6.580262,4.590032
1761098408752,-1.6731812,6.5144596,4.5762734
1761098408754,-1.7688942,6.4677997,4.5523453
1761098408756,-1.8885353,6.4217377,4.543372
1761098408758,-1.9974087,6.4480586,4.5475593
1761098408761,-2.1104696,6.4881387,4.5523453
1761098408763,-2.2187448,6.533602,4.5619164
1761098408765,-2.3084757,6.573682,4.537988
1761098408767,-2.3365912,6.5838513,4.5098724
1761098408769,-2.3174486,6.59761,4.471587
1761098408772,-2.2378874,6.538986,4.4004006
1761098408774,-2.2037897,6.576673,4.386044
1761098408776,-2.1888344,6.619744,4.4285164
1761098408778,-2.2348964,6.707082,4.447659
1761098408781,-2.2624137,6.774679,4.523631
1761098408783,-2.2289143,6.788438,4.5804605
1761098408785,-2.2181466,6.8596244,4.6558347
1761098408788,-2.2121646,6.9074807,4.69412
1761098408790,-2.245066,6.9559355,4.7509494
1761098408792,-2.2444677,6.975078,4.8173504
1761098408795,-2.239682,6.9702926,4.883751
1761098408796,-2.2259233,6.9361944,4.9310093
1761098408799,-2.2115662,6.9649086,4.964509
1761098408801,-2.1972094,6.9595246,5.0069814
1761098408803,-2.158326,7.006783,5.026124
1761098408805,-2.1481566,7.0402822,5.049454
1761098408808,-2.1427727,7.0689964,5.0255256
1761098408810,-2.1517458,7.1024957,5.0775695
1761098408812,-2.184647,7.1222367,5.0823555
1761098408814,-2.2127628,7.1419773,5.1206403
1761098408817,-2.2025933,7.1946197,5.1206403
1761098408819,-2.216352,7.2287173,5.1343994
1761098408821,-2.1828525,7.228119,5.148756
1761098408823,-2.1595225,7.2179494,5.1296134
1761098408826,-2.111666,7.246065,5.1535416
1761098408828,-2.0733807,7.2448688,5.1816573
1761098408830,-2.07697,7.3028946,5.191229
1761098408832,-2.0434706,7.335796,5.186443
1761098408835,-2.0147567,7.3256264,5.2289157
1761098408837,-2.0105693,7.301698,5.224728
1761098408839,-2.0350957,7.2729845,5.2342997
1761098408841,-2.067997,7.2640114,5.2863436
1761098408844,-2.1158533,7.245467,5.3150573
1761098408846,-2.1589243,7.2269225,5.343173
1761098408848,-2.1822543,7.2562346,5.4000025
1761098408850,-2.3808584,7.3118677,5.5896335
1761098408853,-2.7206392,7.4177504,6.026324
1761098408855,-3.141776,7.5296144,6.695118
1761098408857,-3.6335013,7.6133633,7.426125
1761098408859,-3.970889,7.6223364,8.028518
1761098408862,-4.0707893,7.5954175,8.223534
1761098408864,-3.9583268,7.5266237,7.9908314
1761098408866,-3.6646078,7.483553,7.6019974
1761098408868,-3.3786657,7.5272217,7.274181
1761098408871,-3.1357942,7.576275,7.0749784
1761098408873,-2.978466,7.626524,6.9655066
1761098408875,-2.8923244,7.663613,6.8799634
1761098408878,-2.853441,7.6923265,6.79442
1761098408880,-2.8498518,7.6492558,6.6711893
1761098408882,-2.8031917,7.5816584,6.509674
1761098408884,-2.7565317,7.533204,6.3104715
1761098408886,-2.6632116,7.4650083,6.087939
1761098408888,-2.5495524,7.429714,5.916852
1761098408891,-2.3802602,7.3549385,5.7224355
1761098408893,-2.2582264,7.266404,5.599205
1761098408895,-2.14038,7.2215385,5.48076
1761098408898,-2.0404794,7.205387,5.3766723
1761098408900,-1.9501505,7.2329044,5.3007
1761098408902,-1.9100707,7.3525457,5.2289157
1761098408905,-1.8562322,7.452446,5.1673007
1761098408908,-1.8203398,7.5816584,5.1290154
1761098408910,-1.7994026,7.696514,5.1332026
1761098408911,-1.7455641,7.7820573,5.142774
1761098408914,-1.7347964,7.8538423,5.17089
1761098408917,-1.7964116,7.8693953,5.2420764
1761098408919,-1.8532411,7.884351,5.3180485
1761098408920,-1.8490537,7.865208,5.413163
1761098408922,-1.8831514,7.8029947,5.5220366
1761098408924,-1.8885353,7.7736826,5.621937
1761098408927,-1.9028922,7.768897,5.7170515
1761098408929,-1.9453648,7.7647095,5.8354964
1761098408931,-1.9890338,7.7126656,5.977869
1761098408933,-2.0231316,7.664809,6.111269
1761098408936,-2.0901306,7.6271224,6.229714
1761098408938,-2.1003,7.584051,6.3104715
1761098408941,-2.1954148,7.585248,6.3720865
1761098408943,-2.1912274,7.5613194,6.3864436
1761098408945,-2.1625135,7.555936,6.4055862
1761098408947,-2.1529422,7.565507,6.3960147
1761098408950,-2.1912274,7.5517483,6.3720865
1761098408952,-2.2055843,7.52782,6.348757
1761098408954,-2.2624137,7.5433736,6.305686
1761098408957,-2.3395824,7.4823565,6.263213
1761098408959,-2.42034,7.484151,6.2063837
1761098408961,-2.4448664,7.436893,6.1639113
1761098408964,-2.5166512,7.4141607,6.125626
1761098408966,-2.5645077,7.405786,6.0311093
1761098408967,-2.650051,7.3782687,5.964709
1761098408970,-2.7122645,7.3746796,5.912665
1761098408972,-2.7738798,7.3806615,5.864808
1761098408974,-2.8402805,7.3770723,5.8127646
1761098408977,-2.9246275,7.44108,5.7744794
1761098408979,-2.9617162,7.4901333,5.712864
1761098408981,-2.9940193,7.5673018,5.68415
1761098408984,-3.0209386,7.6402826,5.6554365
1761098408986,-3.1100712,7.704291,5.636294
1761098408988,-3.214159,7.7347994,5.560322
1761098408990,-3.3702908,7.780861,5.555536
1761098408992,-3.4654055,7.763513,5.569893
1761098408995,-3.6131623,7.7419777,5.5794644
1761098408998,-3.723232,7.7054873,5.593821
1761098409000,-3.8937206,7.713264,5.645865
1761098409001,-3.979264,7.719246,5.669793
1761098409004,-4.0977087,7.7407813,5.7170515
1761098409006,-4.211966,7.7425756,5.759524
1761098409008,-4.339982,7.75454,5.8217373
1761098409010,-4.339384,7.7682986,5.8971114
1761098409012,-4.391428,7.798209,5.916254
1761098409014,-4.3818564,7.798209,5.901897
1761098409017,-4.438686,7.789834,5.8211393
1761098409020,-4.491926,7.752745,5.7074804
1761098409021,-4.491926,7.7623167,5.6171513
1761098409023,-4.44407,7.7617183,5.5226345
1761098409026,-4.3447676,7.7503524,5.3994045
1761098409028,-4.273581,7.7353973,5.2755756
1761098409030,-4.2508492,7.6917286,5.152345
1761098409033,-4.241876,7.672586,5.0482574
1761098409035,-4.1754756,7.643274,4.948357
1761098409037,-4.0905304,7.631908,4.8490553
1761098409040,-4.0384865,7.6313095,4.78744
1761098409042,-3.9768713,7.6253276,4.734798
1761098409044,-4.0145583,7.6313095,4.720441
1761098409047,-4.061816,7.6510506,4.6731825
1761098409049,-4.085745,7.646863,4.692325
1761098409051,-4.061816,7.6366935,4.692325
1761098409053,-4.042674,7.6366935,4.7018967
1761098409055,-4.066602,7.6223364,4.734798
1761098409057,-4.080959,7.6271224,4.7491546
1761098409060,-4.11386,7.6420774,4.7778687
1761098409062,-4.118646,7.66122,4.820341
1761098409064,-4.165904,7.6624165,4.8915277
1761098409066,-4.1898327,7.667202,4.9058847
1761098409069,-4.2185464,7.648658,4.9674997
1761098409071,-4.2281175,7.643872,5.0099726
1761098409074,-4.2370906,7.6630144,5.0530434
1761098409076,-4.265805,7.663613,5.119444
1761098409078,-4.2370906,7.6630144,5.1906304
1761098409080,-4.2508492,7.696514,5.27079
1761098409082,-4.2311087,7.710273,5.3330035
1761098409084,-4.2167516,7.7240314,5.4179487
1761098409087,-4.1551366,7.7234335,5.4370914
1761098409089,-4.1030927,7.7030945,5.508278
1761098409091,-4.022335,7.7108707,5.532206
1761098409093,-3.955934,7.704889,5.5746784
1761098409096,-3.879962,7.6941214,5.5890355
1761098409098,-3.7860436,7.6492558,5.608178
1761098409100,-3.7334015,7.6480594,5.5986066
1761098409102,-3.6717863,7.6420774,5.5890355
1761098409105,-3.638885,7.631908,5.5746784
1761098409107,-3.5964124,7.6073813,5.58425
1761098409109,-3.5736806,7.5732837,5.584848
1761098409112,-3.554538,7.563114,5.5890355
1761098409114,-3.531208,7.5439715,5.5704913
1761098409116,-3.507878,7.5146594,5.541777
1761098409118,-3.5174494,7.5146594,5.508876
1761098409121,-3.522235,7.515258,5.465805
1761098409123,-3.546163,7.5104723,5.3994045
1761098409125,-3.5557344,7.501499,5.3760743
1761098409127,-3.6574295,7.393224,5.267201
1761098409129,-3.8237305,7.12762,4.983053
1761098409132,-3.7489548,7.0402822,4.831109
1761098409134,-3.5347972,7.0749784,4.84068
1761098409136,-3.3487554,7.11446,5.0015974
1761098409139,-3.2105699,7.140183,5.1822557
1761098409141,-3.1339993,7.171888,5.4053864
1761098409143,-3.086143,7.1898336,5.61416
1761098409146,-3.1052856,7.16112,5.6991053
1761098409148,-3.1920254,7.115058,5.666204
1761098409150,-3.2715867,7.1784678,5.870192
1761098409152,-3.3696926,7.252047,5.9557357
1761098409155,-3.411567,7.3106713,5.8743796
1761098409157,-3.3966117,7.3633137,5.793622
1761098409159,-3.3577285,7.3866434,5.779265
1761098409161,-3.353541,7.381858,5.7463636
1761098409164,-3.3487554,7.3770723,5.708677
1761098409166,-3.367898,7.3633137,5.623133
1761098409168,-3.3637104,7.338787,5.5800624
1761098409170,-3.359523,7.300502,5.5519466
1761098409173,-3.3750763,7.238887,5.48076
1761098409175,-3.399603,7.19103,5.4095736
1761098409177,-3.4193435,7.1485577,5.3389854
1761098409180,-3.4528432,7.120442,5.3007
1761098409182,-3.4672,7.1156564,5.2630134
1761098409184,-3.5096726,7.13121,5.2486563
1761098409186,-3.5473595,7.1653075,5.2008
1761098409188,-3.5754752,7.1946197,5.1870413
1761098409191,-3.5940197,7.219146,5.2103715
1761098409193,-3.6173496,7.219744,5.186443
1761098409195,-3.6364923,7.2442703,5.0775695
1761098409197,-3.6311083,7.2735825,4.868796
1761098409200,-3.6586258,7.3226357,4.6689954
1761098409202,-3.7010984,7.366903,4.369892
1761098409204,-3.7250266,7.3579297,4.3609195
1761098409206,-3.7543387,7.3011003,4.3130627
1761098409209,-3.8404803,7.2783685,4.194618
1761098409211,-4.0187454,7.134799,3.4307094
1761098409213,-4.3238306,6.83091,2.0931215
1761098409215,-4.024728,6.814759,2.6961129
1761098409218,-3.9056847,6.806384,3.2327034
1761098409220,-3.94397,6.7968125,3.6454654
1761098409222,-4.0815573,6.7842503,3.8446677
1761098409224,-4.180261,6.8428745,4.134199
1761098409227,-4.2454658,6.925427,4.2951164
1761098409229,-4.276572,7.031309,4.290331
1761098409231,-4.2568316,7.0695944,4.313661
1761098409233,-4.2329035,7.1024957,4.323232
1761098409236,-4.1988053,7.1306114,4.3992043
1761098409238,-4.1838503,7.183254,4.4656053
1761098409240,-4.1838503,7.1880393,4.555336
1761098409242,-4.188038,7.2023964,4.631308
1761098409245,-4.1688952,7.216155,4.674379
1761098409247,-4.135994,7.2006016,4.8119664
1761098409249,-4.0552363,7.179664,4.9399824
1761098409251,-4.0127635,7.1748786,4.802395
1761098409254,-3.9649072,7.192825,4.792824
1761098409256,-3.9080775,7.172486,4.930411
1761098409258,-3.866203,7.1527452,4.92084
1761098409260,-3.7998023,7.131808,4.9543395
1761098409263,-3.714259,7.1449685,5.0303116
1761098409265,-3.6137605,7.166504,5.305486
1761098409267,-3.580261,7.1706915,5.291129
1761098409269,-3.5377884,7.1694946,5.3814583
1761098409271,-3.4995031,7.1784678,5.395815
1761098409274,-3.4803605,7.17787,5.4430733
1761098409276,-3.4372897,7.1916285,5.538188
1761098409278,-3.3894334,7.2095747,5.6757755
1761098409281,-3.3840494,7.24786,5.684748
1761098409283,-3.3649068,7.2670026,5.6703916
1761098409285,-3.336193,7.285547,5.6991053
1761098409287,-3.3457642,7.2807612,5.8223357
1761098409290,-3.345166,7.3190465,5.8510494
1761098409292,-3.336193,7.2849483,5.8887367
1761098409294,-3.359523,7.295118,5.964709
1761098409296,-3.3601213,7.2753773,5.9838514
1761098409299,-3.3846476,7.228119,6.0029936
1761098409301,-3.3900316,7.1892357,6.0837517
1761098409303,-3.4043884,7.160522,6.1357956
1761098409305,-3.429513,7.079166,6.2171516
1761098409308,-3.4163525,7.0402822,6.2931237
1761098409310,-3.4073794,7.0019975,6.283552
1761098409312,-3.4079776,6.9589267,6.326623
1761098409314,-3.4085758,6.920043,6.3643103
1761098409317,-3.4043884,6.8865438,6.2883377
1761098409319,-3.4097722,6.853044,6.317052
1761098409321,-3.3810585,6.852446,6.445068
1761098409323,-3.3768709,6.823134,6.4217377
1761098409326,-3.3726835,6.799206,6.4217377
1761098409328,-3.339184,6.803393,6.468996
1761098409330,-3.2919257,6.7836523,6.445666
1761098409332,-3.2644083,6.7591257,6.4217377
1761098409335,-3.226123,6.768099,6.4737816
1761098409337,-3.1926236,6.777072,6.4217377
1761098409339,-3.173481,6.795616,6.4360948
1761098409342,-3.1304102,6.7902327,6.478567
1761098409344,-3.1256247,6.814161,6.468996
1761098409346,-3.1154552,6.8428745,6.402595
1761098409348,-3.1345978,6.8189464,6.402595
1761098409350,-3.1489546,6.8339014,6.3218374
1761098409353,-3.1639097,6.791429,6.2793646
1761098409355,-3.2027931,6.7483582,6.288936
1761098409357,-3.2362926,6.715457,6.2841506
1761098409359,-3.275176,6.664011,6.1513486
1761098409362,-3.2949169,6.6305118,6.108876
1761098409364,-3.309872,6.5922265,6.0807605
1761098409366,-3.3296127,6.5641108,6.052047
1761098409368,-3.353541,6.530611,6.085546
1761098409371,-3.354139,6.506683,6.0951176
1761098409373,-3.3780673,6.5072813,6.0807605
1761098409375,-3.377469,6.5168524,6.1471615
1761098409378,-3.3589249,6.497112,6.1046886
1761098409380,-3.367898,6.521638,6.113662
1761098409382,-3.3343983,6.544968,6.161518
1761098409384,-3.3056846,6.573084,6.1848483
1761098409386,-3.2709885,6.658627,6.308079
1761098409389,-3.2356944,6.7537417,6.364908
1761098409391,-3.1680973,6.8339014,6.416952
1761098409393,-3.1280174,6.9338017,6.530611
1761098409396,-3.0747771,6.995417,6.52104
1761098409398,-2.9976087,7.066005,6.506683
1761098409401,-2.9593234,7.0845494,6.515656
1761098409402,-2.8929226,7.083353,6.506683
1761098409404,-2.8396823,7.1210403,6.5204415
1761098409407,-2.815754,7.1252275,6.6155562
1761098409409,-2.7828526,7.105487,6.6394844
1761098409411,-2.7643085,7.0761747,6.672386
1761098409414,-2.7655048,7.0229344,6.739385
1761098409416,-2.7954152,6.9469624,6.739385
1761098409418,-2.858825,6.8518476,6.768099
1761098409420,-2.9120653,6.780661,6.748956
1761098409422,-2.9994032,6.6909304,6.7495546
1761098409425,-3.0478578,6.619744,6.75434
1761098409427,-3.07717,6.5629144,6.7262244
1761098409429,-3.1393833,6.535397,6.7118673
1761098409432,-3.173481,6.502496,6.6831536
1761098409434,-3.1692936,6.483353,6.6311097
1761098409436,-3.1830523,6.492924,6.6311097
1761098409439,-3.1686954,6.502496,6.611967
1761098409441,-3.1304102,6.5258255,6.6215386
1761098409443,-3.1112676,6.5443697,6.5886374
1761098409445,-3.0819557,6.5635123,6.5455666
1761098409447,-3.0723844,6.597012,6.5168524
1761098409450,-3.0526435,6.6155562,6.512067
1761098409452,-3.0293136,6.605985,6.5030937
1761098409454,-3.004787,6.6388865,6.526424
1761098409456,-2.9958138,6.619744,6.521638
1761098409459,-3.0095727,6.634101,6.5072813
1761098409461,-2.9862428,6.638288,6.526424
1761098409463,-2.9856443,6.6478596,6.5641108
1761098409465,-2.9760733,6.652645,6.5641108
1761098409468,-2.9856443,6.6478596,6.5641108
1761098409470,-2.989832,6.6909304,6.6215386
1761098409472,-2.9563324,6.6999035,6.6687965
1761098409475,-2.9413772,6.728617,6.6831536
1761098409477,-2.9078777,6.7375903,6.730412
1761098409479,-2.879762,6.741778,6.806384
1761098409481,-2.8701909,6.726823,6.8392854
1761098409483,-2.8660033,6.7172513,6.820741
1761098409486,-2.8474588,6.678368,6.844071
1761098409488,-2.8378878,6.687939,6.9344
1761098409491,-2.8002007,6.672386,6.9912295
1761098409493,-2.7858438,6.672386,7.019943
1761098409495,-2.7529426,6.628717,7.039086
1761098409498,-2.7008986,6.632306,7.000801
1761098409499,-2.672783,6.6125655,6.987042
1761098409503,-2.6344976,6.6215386,6.9822564
1761098409503,-2.5968108,6.6161547,7.000801
1761098409506,-2.5680969,6.6107707,7.0343003
1761098409508,-2.516053,6.619146,7.043872
1761098409510,-2.5064816,6.6239314,7.0486574
1761098409512,-2.4586253,6.623333,7.0959153
1761098409515,-2.42034,6.6514487,7.119844
1761098409518,-2.405385,6.674779,7.147959
1761098409519,-2.3868406,6.674779,7.1527452
1761098409522,-2.3670998,6.693323,7.1623163
1761098409524,-2.3623142,6.702894,7.1766734
1761098409526,-2.3479571,6.7118673,7.204789
1761098409528,-2.347359,6.7262244,7.219146
1761098409530,-2.3431716,6.7118673,7.2287173
1761098409533,-2.3479571,6.7166533,7.2287173
1761098409535,-2.3479571,6.7166533,7.233503
1761098409537,-2.3431716,6.712466,7.1007013
1761098409540,-2.3246272,6.702894,6.867999
1761098409542,-2.3341985,6.68435,6.678368
1761098409544,-2.353341,6.675377,6.512067
1761098409546,-2.42034,6.6574306,6.407979
1761098409548,-2.4729822,6.6442704,6.3601227
1761098409551,-2.5543382,6.602396,6.355935
1761098409553,-2.6404798,6.55095,6.3367925
1761098409555,-2.7176483,6.509674,6.3272214
1761098409558,-2.8133612,6.4438715,6.3367925
1761098409560,-2.8666015,6.406184,6.3511496
1761098409562,-2.891128,6.373283,6.337391
1761098409564,-2.9240294,6.378667,6.3607206
1761098409566,-2.9240294,6.3738813,6.389435
1761098409570,-2.900101,6.3828545,6.4558353
1761098409571,-2.8522446,6.4151573,6.4935226
1761098409573,-2.804388,6.433702,6.5365934
1761098409576,-2.7415764,6.480362,6.579066
1761098409578,-2.6835506,6.5371914,6.626324
1761098409580,-2.626123,6.5742803,6.6406813
1761098409582,-2.592025,6.6215386,6.664011
1761098409585,-2.5196424,6.663413,6.7256265
1761098409587,-2.4717858,6.7058854,6.75434
1761098409589,-2.4191437,6.719046,6.7968125
1761098409592,-2.3670998,6.7226353,6.867999
1761098409594,-2.309672,6.7405815,6.948757
1761098409596,-2.2761726,6.7351975,7.0151577
1761098409598,-2.2438695,6.6963143,7.124031
1761098409601,-2.243271,6.7052875,7.24786
1761098409603,-2.201397,6.66102,7.347162
1761098409605,-2.2073789,6.608378,7.4662046
1761098409608,-2.2169502,6.5838513,7.6085777
1761098409609,-2.2319052,6.550352,7.708478
1761098409612,-2.2564318,6.502496,7.813164
1761098409614,-2.2755744,6.478567,7.945966
1761098409616,-2.2666013,6.463612,8.069196
1761098409618,-2.2761726,6.4492555,8.178668
1761098409621,-2.2905295,6.4444695,8.259425
1761098409623,-2.3431716,6.401997,8.321041
1761098409625,-2.3718855,6.3978095,8.387442
1761098409627,-2.405385,6.3696938,8.392227
1761098409630,-2.4388845,6.355337,8.416156
1761098409632,-2.4933212,6.256633,8.069795
1761098409634,-2.5399811,6.2865434,7.9034934
1761098409637,-2.5806592,6.4067826,8.130812
1761098409639,-2.589034,6.4881387,8.216354
1761098409641,-2.5692933,6.5072813,8.292327
1761098409643,-2.5262225,6.539584,8.386844
1761098409646,-2.4448664,6.5718875,8.443673
1761098409648,-2.373082,6.6185474,8.472386
1761098409650,-2.3150558,6.6652074,8.477173
1761098409652,-2.3001008,6.698707,8.467601
1761098409655,-2.2845473,6.7704916,8.476574
1761098409657,-2.32702,6.795616,8.434102
1761098409659,-2.3407788,6.838687,8.395817
1761098409661,-2.3826532,6.863812,8.310273
1761098409664,-2.425724,6.855437,8.210373
1761098409666,-2.4789643,6.818348,8.087142
1761098409668,-2.4795625,6.7704916,7.9974113
1761098409670,-2.4855444,6.708278,7.8837523
1761098409673,-2.4675984,6.655038,7.783852
1761098409675,-2.388037,6.5772715,7.6606216
1761098409677,-2.3318057,6.5431733,7.542177
1761098409679,-2.2468605,6.4935226,7.4380894
1761098409682,-2.1762722,6.4737816,7.2909307
1761098409684,-2.0715861,6.4815583,7.1389866
1761098409686,-1.9818554,6.4612193,7.0061846
1761098409688,-1.9435701,6.480362,6.8398833
1761098409690,-1.919642,6.50429,6.678368
1761098409693,-1.9094725,6.518647,6.5312095
1761098409695,-1.9004993,6.518647,6.393622
1761098409697,-1.9136599,6.552745,6.2464633
1761098409699,-1.9040886,6.5868425,6.1040907
1761098409702,-1.884946,6.605985,5.9760747
1761098409704,-1.8987048,6.62094,5.8618174
1761098409706,-1.9232312,6.588039,5.8193445
1761098409709,-1.9136599,6.587441,5.800202
1761098409711,-1.9280169,6.5832534,5.814559
1761098409713,-1.96032,6.617351,5.804988
1761098409715,-1.98365,6.646663,5.800202
1761098409718,-2.0171494,6.647261,5.8337016
1761098409720,-2.0691934,6.6622167,5.8241305
1761098409722,-2.0733807,6.667002,5.8193445
1761098409724,-2.1355941,6.649056,5.828916
1761098409727,-2.178665,6.6352973,5.8337016
1761098409729,-2.2360928,6.617351,5.857032
1761098409731,-2.2881367,6.6131635,5.8713884
1761098409733,-2.335993,6.599405,5.914459
1761098409736,-2.364707,6.595217,5.942575
1761098409738,-2.4071796,6.5958157,5.9712887
1761098409740,-2.4119651,6.6053867,6.000003
1761098409742,-2.425724,6.6299133,6.047261
1761098409745,-2.4209383,6.643672,6.1184473
1761098409747,-2.4299114,6.6532435,6.1848483
1761098409749,-2.4251258,6.6676,6.265606
1761098409752,-2.4442682,6.6484575,6.355337
1761098409754,-2.4496522,6.629315,6.431309
1761098409756,-2.440679,6.595217,6.5072813
1761098409758,-2.4592235,6.595217,6.5742803
1761098409760,-2.4592235,6.604789,6.626324
1761098409763,-2.4358935,6.5946193,6.6927247
1761098409765,-2.4496522,6.619146,6.7591257
1761098409767,-2.4161527,6.6131635,6.8303123
1761098409770,-2.4251258,6.6424756,6.8919272
1761098409772,-2.382055,6.660422,6.9344
1761098409774,-2.329413,6.6687965,7.0055866
1761098409776,-2.2917259,6.6825557,7.0343003
1761098409778,-2.2390838,6.686743,7.071987
1761098409781,-2.196013,6.690332,7.124031
1761098409783,-2.1774685,6.6855464,7.1192455
1761098409785,-2.1302104,6.669993,7.138388
1761098409788,-2.134996,6.650851,7.157531
1761098409790,-2.088336,6.6257257,7.171888
1761098409792,-2.059622,6.6257257,7.147959
1761098409794,-2.0171494,6.6149583,7.1342006
1761098409797,-1.9980069,6.6149583,7.0863442
1761098409799,-1.969293,6.643074,7.0582285
1761098409801,-1.969293,6.6484575,7.0486574
1761098409804,-1.9495523,6.6622167,7.0247293
1761098409806,-1.9070797,6.6568327,6.996015
1761098409808,-1.8831514,6.6759753,6.9344
1761098409810,-1.8687944,6.6801624,6.910472
1761098409812,-1.8448663,6.6849484,6.8919272
1761098409814,-1.8161523,6.7034926,6.867999
1761098409817,-1.8107685,6.727421,6.867999
1761098409819,-1.8203398,6.7369924,6.867999
1761098409821,-1.805983,6.7369924,6.8727846
1761098409824,-1.8101703,6.765706,6.867999
1761098409826,-1.8251255,6.7375903,6.858428
1761098409828,-1.8011973,6.7369924,6.882356
1761098409830,-1.805983,6.7465634,6.867999
1761098409833,-1.7820547,6.745965,6.867999
1761098409836,-1.7485552,6.754938,6.8632135
1761098409837,-1.7246269,6.7645097,6.858428
1761098409839,-1.7012969,6.7686973,6.8249283
1761098409842,-1.6917256,6.7591257,6.8201427
1761098409844,-1.6438692,6.77767,6.7728844
1761098409846,-1.6151553,6.7818575,6.716055
1761098409848,-1.5960127,6.791429,6.6681986
1761098409851,-1.591227,6.7962146,6.62094
1761098409854,-1.5535401,6.795616,6.573682
1761098409855,-1.5487545,6.7812595,6.5401826
1761098409857,-1.558924,6.7525454,6.4737816
1761098409860,-1.5978073,6.686145,6.445666
1761098409862,-1.6366907,6.658029,6.407979
1761098409864,-1.6654046,6.6299133,6.4031935
1761098409866,-1.6947167,6.6017976,6.3744793
1761098409869,-1.7473587,6.5641108,6.3696938
1761098409871,-1.7952151,6.535995,6.3511496
1761098409873,-1.8287147,6.527022,6.355935
1761098409875,-1.8478572,6.5276203,6.3792653
1761098409878,-1.8526429,6.5371914,6.4031935
1761098409880,-1.8711873,6.561718,6.4031935
1761098409882,-1.8664017,6.5611196,6.4408803
1761098409885,-1.8705891,6.6000032,6.4791656
1761098409887,-1.878964,6.652645,6.521638
1761098409889,-1.8735801,6.695716,6.5688963
1761098409891,-1.8442681,6.7238317,6.6257257
1761098409893,-1.8245273,6.766304,6.6681986
1761098409896,-1.8047864,6.7998037,6.7112694
1761098409898,-1.7563318,6.8518476,6.734599
1761098409901,-1.7467605,6.856035,6.7441707
1761098409903,-1.7036897,6.879365,6.7728844
1761098409905,-1.6845472,6.8889365,6.786643
1761098409907,-1.6420746,6.8925257,6.8105717
1761098409909,-1.6133606,6.8871417,6.8105717
1761098409911,-1.5900307,6.8632135,6.77767
1761098409913,-1.5332011,6.8572316,6.7585278
1761098409916,-1.5092729,6.856633,6.739385
1761098409918,-1.4626129,6.832107,6.701698
1761098409921,-1.4386846,6.841678,6.6538415
1761098409923,-1.4482559,6.841678,6.6352973
1761098409925,-1.4291133,6.8458657,6.6257257
1761098409927,-1.4386846,6.827321,6.5688963
1761098409930,-1.4584254,6.803393,6.5497537
1761098409932,-1.4871392,6.7848487,6.5168524
1761098409934,-1.5397813,6.7764735,6.502496
1761098409936,-1.5391831,6.7908306,6.4737816
1761098409938,-1.5870396,6.762715,6.445666
1761098409941,-1.6157535,6.7633133,6.431309
1761098409943,-1.634896,6.7686973,6.4121666
1761098409946,-1.6342978,6.783054,6.402595
1761098409948,-1.6438692,6.7878394,6.426523
1761098409950,-1.6624135,6.798009,6.4360948
1761098409952,-1.6863418,6.8171515,6.4642105
1761098409954,-1.7001005,6.832107,6.4737816
1761098409957,-1.7186449,6.860821,6.5114684
1761098409958,-1.7282162,6.8518476,6.544968
1761098409961,-1.7138592,6.8464637,6.597012
1761098409963,-1.7048861,6.8315086,6.6352973
1761098409965,-1.6953149,6.836294,6.6777697
1761098409968,-1.6660028,6.8596244,6.6921268
1761098409970,-1.6378871,6.863812,6.725028
1761098409972,-1.6091732,6.8632135,6.734599
1761098409974,-1.5948163,6.858428,6.7633133
1761098409977,-1.5613167,6.867401,6.7728844
1761098409979,-1.5326029,6.88116,6.768099
1761098409981,-1.4991034,6.899704,6.768099
1761098409983,-1.4751751,6.9188466,6.791429
1761098409986,-1.4608182,6.9278197,6.777072
1761098409988,-1.41356,6.927222,6.762715
1761098409990,-1.3890336,6.9409804,6.7818575
1761098409992,-1.3417753,6.9499536,6.8057857
1761098409995,-1.3130615,6.9589267,6.7722864
1761098409997,-1.2939188,6.9678993,6.801
1761098409999,-1.2466606,6.95773,6.777072
1761098410001,-1.2370893,6.943373,6.7722864
1761098410005,-1.1946167,6.937989,6.7537417
1761098410007,-1.1706885,6.9326053,6.7298136
1761098410009,-1.1515459,6.9415784,6.725028
1761098410010,-1.1521441,6.91765,6.6915283
1761098410013,-1.1234303,6.9224358,6.6825557
1761098410015,-1.1431711,6.908079,6.672984
1761098410017,-1.134198,6.8745794,6.6681986
1761098410019,-1.1300105,6.8458657,6.6442704
1761098410022,-1.1539388,6.8219376,6.6257257
1761098410024,-1.1682956,6.8129644,6.606583
1761098410026,-1.1826526,6.793822,6.597012
1761098410028,-1.1970096,6.789634,6.559325
1761098410031,-1.2209377,6.780063,6.544968
1761098410033,-1.2400804,6.7758756,6.5258255
1761098410035,-1.2634103,6.795616,6.5162544
1761098410037,-1.2729816,6.8195443,6.502496
1761098410040,-1.2915261,6.8345,6.4737816
1761098410042,-1.2861422,6.8536425,6.4881387
1761098410044,-1.2957134,6.8536425,6.492924
1761098410046,-1.314856,6.8685975,6.478567
1761098410048,-1.3094722,6.88774,6.4923263
1761098410051,-1.3142579,6.882954,6.5018973
1761098410053,-1.3184453,6.906883,6.5114684
1761098410055,-1.3286148,6.88774,6.5635123
1761098410058,-1.3142579,6.897311,6.5497537
1761098410060,-1.338186,6.882954,6.5778694
1761098410062,-1.3429717,6.8685975,6.5922265
1761098410064,-1.3716856,6.8739815,6.597012
1761098410067,-1.3812568,6.8596244,6.62094
1761098410069,-1.3908281,6.86441,6.6352973
1761098410071,-1.4189439,6.879365,6.658627
1761098410074,-1.4333007,6.8799634,6.672984
1761098410077,-1.4476577,6.8799634,6.6921268
1761098410079,-1.4709877,6.870392,6.7202425
1761098410080,-1.4668003,6.870392,6.725028
1761098410082,-1.4524434,6.870392,6.748956
1761098410085,-1.4476577,6.855437,6.786643
1761098410087,-1.4285151,6.855437,6.801
1761098410089,-1.442872,6.855437,6.8488564
1761098410091,-1.4578272,6.8219376,6.844071
1761098410094,-1.4291133,6.850053,6.867401
1761098410096,-1.4380864,6.8506513,6.876972
1761098410098,-1.442872,6.8506513,6.876972
1761098410101,-1.4482559,6.836294,6.8913293
1761098410103,-1.4434702,6.8315086,6.9056864
1761098410106,-1.4530416,6.8315086,6.9056864
1761098410108,-1.4338989,6.83091,6.9385877
1761098410110,-1.4291133,6.821339,6.9481587
1761098410112,-1.4201403,6.811768,6.986444
1761098410114,-1.4195421,6.820741,7.024131
1761098410116,-1.4147564,6.8255267,7.004988
1761098410119,-1.3866407,6.8201427,7.038488
1761098410121,-1.3866407,6.8105717,7.0432734
1761098410123,-1.372882,6.801,7.0576305
1761098410125,-1.3722838,6.8057857,7.0809603
1761098410128,-1.3776677,6.786643,7.1096745
1761098410130,-1.3920245,6.777072,7.1096745
1761098410132,-1.3680964,6.7812595,7.0953174
1761098410134,-1.3633107,6.7764735,7.100103
1761098410137,-1.3543376,6.7669024,7.062416
1761098410139,-1.3543376,6.762117,7.0863442
1761098410141,-1.3639089,6.7669024,7.0337024
1761098410143,-1.372882,6.777072,7.019943
1761098410146,-1.3734802,6.753144,6.9768724
1761098410148,-1.3782659,6.743572,6.9391856
1761098410150,-1.402194,6.734599,6.9056864
1761098410152,-1.416551,6.725028,6.8536425
1761098410155,-1.4590236,6.7405815,6.815955
1761098410157,-1.4685949,6.735796,6.7968125
1761098410159,-1.4787644,6.7316084,6.7256265
1761098410161,-1.4787644,6.712466,6.7112694
1761098410163,-1.5026926,6.7226353,6.6687965
1761098410166,-1.5260227,6.7178497,6.664011
1761098410168,-1.5403795,6.7184477,6.640083
1761098410170,-1.535594,6.7088766,6.649654
1761098410172,-1.5595222,6.7088766,6.6352973
1761098410175,-1.5595222,6.713662,6.6305118
1761098410178,-1.579263,6.6711893,6.6257257
1761098410180,-1.5888343,6.680761,6.6257257
1761098410182,-1.5750755,6.646663,6.664011
1761098410184,-1.5798612,6.6418777,6.65444
1761098410186,-1.5702899,6.6562343,6.6687965
1761098410189,-1.5421742,6.6364937,6.6831536
1761098410191,-1.541576,6.6460648,6.7022963
1761098410193,-1.5278172,6.626922,6.6927247
1761098410195,-1.5038891,6.645467,6.7447686
1761098410197,-1.5086746,6.6358953,6.7447686
1761098410200,-1.4841483,6.6687965,6.75434
1761098410202,-1.4985052,6.683752,6.7872415
1761098410204,-1.4835501,6.6975107,6.815955
1761098410207,-1.4787644,6.707082,6.8392854
1761098410209,-1.4739788,6.721439,6.8392854
1761098410211,-1.4871392,6.760322,6.8727846
1761098410213,-1.4829519,6.754938,6.8913293
1761098410216,-1.5056837,6.793822,6.9009004
1761098410218,-1.5200406,6.799206,6.9152575
1761098410221,-1.538585,6.818348,6.920043
1761098410222,-1.5672989,6.823732,6.9152575
1761098410225,-1.591227,6.8099732,6.9056864
1761098410227,-1.6139588,6.844071,6.8865438
1761098410230,-1.6187445,6.8632135,6.8865438
1761098410231,-1.6426728,6.859026,6.8817577
1761098410234,-1.6564314,6.8781686,6.844071
1761098410236,-1.6654046,6.9170523,6.8105717
1761098410238,-1.6845472,6.8931236,6.8345
1761098410240,-1.6941184,6.893722,6.8201427
1761098410243,-1.713261,6.8745794,6.8105717
1761098410245,-1.7138592,6.8458657,6.815357
1761098410247,-1.7186449,6.8602223,6.815357
1761098410250,-1.6995022,6.8602223,6.8345
1761098410252,-1.6947167,6.8650084,6.815357
1761098410254,-1.6857436,6.8452673,6.801
1761098410256,-1.6803597,6.850053,6.8057857
1761098410258,-1.6713866,6.8404818,6.792027
1761098410261,-1.6761723,6.835696,6.801
1761098410263,-1.6713866,6.821339,6.7633133
1761098410265,-1.6528423,6.8111696,6.7728844
1761098410267,-1.6671991,6.8021965,6.739385
1761098410270,-1.6719848,6.797411,6.7112694
1761098410272,-1.6773686,6.7686973,6.6825557
1761098410274,-1.68694,6.773483,6.649654
1761098410276,-1.6773686,6.7639112,6.6017976
1761098410279,-1.7210377,6.7316084,6.5641108
1761098410281,-1.7108682,6.750751,6.521638
1761098410283,-1.7306089,6.7172513,6.4977098
1761098410286,-1.7449659,6.708278,6.460023
1761098410287,-1.7312071,6.693323,6.445666
1761098410290,-1.7682959,6.7369924,6.450452
1761098410292,-1.8011973,6.7525454,6.426523
1761098410294,-1.8293129,6.786643,6.4121666
1761098410297,-1.8574286,6.7872415,6.393024
1761098410299,-1.8669999,6.8111696,6.3978095
1761098410301,-1.8999012,6.806982,6.378667
1761098410303,-1.9334008,6.8171515,6.3601227
1761098410306,-1.9334008,6.798009,6.378667
1761098410308,-1.9519451,6.812366,6.402595
1761098410310,-1.9477576,6.8075805,6.402595
1761098410313,-1.919642,6.7878394,6.445666
1761098410316,-1.9100707,6.7591257,6.478567
1761098410317,-1.8873389,6.7011,6.4881387
1761098410319,-1.8496519,6.690332,6.554539
1761098410321,-1.7928224,6.6939216,6.62094
1761098410324,-1.7449659,6.7172513,6.687341
1761098410326,-1.7060826,6.754938,6.7351975
1761098410328,-1.672583,6.7537417,6.782456
1761098410331,-1.649253,6.7579293,6.8536425
1761098410333,-1.6396817,6.7483582,6.8632135
1761098410335,-1.6438692,6.7722864,6.8913293
1761098410338,-1.6486548,6.767501,6.910472
1761098410340,-1.672583,6.7633133,6.9248285
1761098410342,-1.6827525,6.7298136,6.9056864
1761098410344,-1.7174485,6.6394844,6.9158554
1761098410346,-1.7485552,6.48096,6.963712
1761098410349,-1.6606189,6.3589263,7.1156564
1761098410351,-1.5948163,6.32423,7.1916285
1761098410353,-1.5320047,6.390631,7.1629148
1761098410355,-1.5158532,6.4815583,7.115058
1761098410357,-1.486541,6.5294147,7.063014
1761098410360,-1.4907285,6.5629144,6.9583282
1761098410362,-1.5092729,6.606583,6.8727846
1761098410364,-1.5559329,6.6460648,6.773483
1761098410366,-1.5936198,6.6759753,6.6687965
1761098410369,-1.6265212,6.686145,6.588039
1761098410371,-1.6594225,6.701698,6.4737816
1761098410373,-1.6498512,6.716055,6.393622
1761098410375,-1.7018951,6.7316084,6.308079
1761098410378,-1.7443677,6.747162,6.227321
1761098410380,-1.8203398,6.753144,6.113064
1761098410382,-1.8915263,6.7501526,6.0514483
1761098410384,-1.9585253,6.727421,5.9377894
1761098410387,-2.053042,6.743572,5.8618174
1761098410389,-2.1577277,6.7501526,5.8283176
1761098410391,-2.242673,6.7758756,5.7858453
1761098410393,-2.3653052,6.821339,5.74756
1761098410396,-2.477768,6.919445,5.7140603
1761098410398,-2.5812573,6.9936223,5.733203
1761098410400,-2.6985056,7.0678,5.704489
1761098410402,-2.8169506,7.07438,5.6524453
1761098410405,-2.9072795,7.071389,5.6524453
1761098410407,-3.050849,7.0259256,5.657231
1761098410409,-3.1369905,7.003194,5.64766
1761098410411,-3.2321053,6.9762745,5.6524453
1761098410414,-3.3224342,6.963712,5.6333027
1761098410416,-3.4229329,6.921838,5.6333027
1761098410418,-3.49053,6.875178,5.695516
1761098410421,-3.5521452,6.88116,5.7427745
1761098410423,-3.580261,6.890731,5.757131
1761098410425,-3.6275191,6.9062843,5.771488
1761098410427,-3.6556349,6.940382,5.775676
1761098410430,-3.7118661,6.9798636,5.8043895
1761098410432,-3.7208393,7.0229344,5.7900324
1761098410434,-3.7633119,7.0283184,5.8229337
1761098410436,-3.7680974,7.033104,5.8420763
1761098410439,-3.7920256,7.024131,5.861219
1761098410441,-3.8015969,7.0097737,5.8707905
1761098410443,-3.8165522,6.971489,5.875576
1761098410446,-3.8255253,6.9912295,5.9180484
1761098410448,-3.8356948,6.972087,5.9324055
1761098410450,-3.8446677,7.000801,5.937191
1761098410452,-3.8590248,6.986444,5.979664
1761098410454,-3.8584266,7.010372,5.9844494
1761098410457,-3.8494534,6.9912295,5.9988065
1761098410459,-3.8398821,6.986444,6.0460644
1761098410461,-3.8117664,6.9613194,6.1178493
1761098410463,-3.778267,6.9655066,6.1698933
1761098410466,-3.7411783,6.9361944,6.221937
1761098410468,-3.7076788,6.9206414,6.2602224
1761098410470,-3.6658044,6.8865438,6.3122663
1761098410472,-3.6089747,6.8709903,6.3601227
1761098410475,-3.565904,6.875178,6.3643103
1761098410477,-3.528217,6.8691955,6.378667
1761098410479,-3.4857445,6.8685975,6.393024
1761098410481,-3.461816,6.8727846,6.402595
1761098410484,-3.4331024,6.8871417,6.393024
1761098410486,-3.4420755,6.901499,6.402595
1761098410488,-3.4612179,6.906883,6.402595
1761098410491,-3.4372897,6.9206414,6.3978095
1761098410493,-3.4606197,6.940382,6.3882384
1761098410495,-3.4797623,6.9355965,6.3882384
1761098410497,-3.5030923,6.945766,6.378667
1761098410499,-3.5270207,6.960721,6.3978095
1761098410502,-3.5784662,6.975676,6.402595
1761098410504,-3.6167514,6.98106,6.4163537
1761098410506,-3.6544385,6.9816585,6.4402823
1761098410509,-3.6687953,7.001399,6.4498534
1761098410511,-3.711268,7.0019975,6.454639
1761098410513,-3.7208393,6.992426,6.4731836
1761098410515,-3.711268,6.9972115,6.4354963
1761098410517,-3.6975093,6.963712,6.454639
1761098410519,-3.6550367,6.95773,6.430711
1761098410522,-3.6364923,6.9338017,6.4402823
1761098410524,-3.6029928,6.928418,6.4498534
1761098410526,-3.5796626,6.908677,6.4217377
1761098410528,-3.5563326,6.903293,6.416952
1761098410531,-3.5377884,6.884151,6.393024
1761098410533,-3.527619,6.9074807,6.3882384
1761098410535,-3.5084763,6.921838,6.378667
1761098410537,-3.5036905,6.9074807,6.3595243
1761098410540,-3.4995031,6.8931236,6.3361945
1761098410542,-3.5042887,6.8739815,6.326623
1761098410544,-3.5234313,6.86441,6.3314085
1761098410546,-3.5383866,6.836294,6.317052
1761098410549,-3.5617166,6.8458657,6.3122663
1761098410551,-3.5712879,6.851249,6.2979093
1761098410553,-3.5856447,6.8368926,6.3218374
1761098410556,-3.6000016,6.8614187,6.3457656
1761098410558,-3.6089747,6.8662047,6.326623
1761098410560,-3.618546,6.8614187,6.3457656
1761098410562,-3.6000016,6.851249,6.364908
1761098410565,-3.6233318,6.875776,6.355337
1761098410567,-3.6424742,6.862017,6.3457656
1761098410569,-3.6370904,6.88116,6.3457656
1761098410571,-3.6131623,6.890133,6.349953
1761098410573,-3.6083765,6.9044895,6.3457656
1761098410576,-3.580261,6.89432,6.3643103
1761098410578,-3.5706897,6.875178,6.3595243
1761098410580,-3.5754752,6.884749,6.369096
1761098410582,-3.5377884,6.869794,6.393024
1761098410585,-3.5240295,6.83091,6.3978095
1761098410587,-3.4953158,6.835098,6.416952
1761098410589,-3.495914,6.806384,6.407381
1761098410591,-3.4773695,6.8057857,6.416952
1761098410594,-3.4630125,6.7818575,6.3882384
1761098410596,-3.4534414,6.791429,6.393024
1761098410598,-3.4390843,6.795616,6.378667
1761098410601,-3.4390843,6.8051877,6.355337
1761098410603,-3.4528432,6.8345,6.3361945
1761098410605,-3.4390843,6.8057857,6.3122663
1761098410607,-3.4199417,6.8195443,6.274579
1761098410610,-3.4151561,6.8243303,6.250651
1761098410612,-3.3816566,6.838687,6.2081785
1761098410614,-3.3714871,6.8668027,6.189036
1761098410616,-3.35713,6.8763742,6.1698933
1761098410619,-3.3427732,6.8859453,6.141179
1761098410621,-3.3427732,6.871588,6.1274204
1761098410623,-3.3338,6.862017,6.06102
1761098410625,-3.3242288,6.8572316,6.02752
1761098410628,-3.3242288,6.8572316,5.9994044
1761098410630,-3.324827,6.838089,5.9563336
1761098410632,-3.3439696,6.823732,5.9467626
1761098410634,-3.3487554,6.8243303,5.9090757
1761098410637,-3.367898,6.8195443,5.899504
1761098410639,-3.4013975,6.8201427,5.8713884
1761098410641,-3.4199417,6.8255267,5.876174
1761098410643,-3.44387,6.8303123,5.899504
1761098410646,-3.4486556,6.8303123,5.918647
1761098410648,-3.4576287,6.83091,5.951548
1761098410650,-3.481557,6.835696,5.985048
1761098410652,-3.505485,6.8410797,6.018547
1761098410655,-3.5006995,6.8410797,6.0514483
1761098410657,-3.5150564,6.8171515,6.0987067
1761098410659,-3.5294135,6.8075805,6.1274204
1761098410661,-3.5389848,6.812366,6.1513486
1761098410664,-3.548556,6.788438,6.189036
1761098410666,-3.5730824,6.759724,6.2416778
1761098410668,-3.5730824,6.7405815,6.2793646
1761098410671,-3.577868,6.745367,6.31765
1761098410673,-3.5970106,6.7316084,6.3457656
1761098410675,-3.5928233,6.7262244,6.384051
1761098410677,-3.5970106,6.750751,6.398408
1761098410679,-3.5730824,6.745367,6.426523
1761098410682,-3.5539398,6.7495546,6.4408803
1761098410685,-3.5437703,6.783054,6.450452
1761098410686,-3.510869,6.77767,6.460023
1761098410688,-3.4725838,6.791429,6.4737816
1761098410691,-3.4205399,6.7908306,6.364908
1761098410693,-3.4157543,6.7908306,6.136992
1761098410695,-3.429513,6.8111696,5.965905
1761098410698,-3.3966117,6.8201427,5.857032
1761098410700,-3.4055848,6.849455,5.7379885
1761098410702,-3.4576287,6.8458657,5.6578293
1761098410705,-3.4672,6.836294,5.5914283
1761098410707,-3.482155,6.8225355,5.5483575
1761098410709,-3.510869,6.8135624,5.491528
1761098410711,-3.5102708,6.818348,5.439484
1761098410713,-3.4965122,6.79442,5.425127
1761098410716,-3.4923246,6.7848487,5.4059844
1761098410718,-3.458825,6.7698936,5.373083
1761098410721,-3.449852,6.759724,5.3587265
1761098410722,-3.4169507,6.7351975,5.349155
1761098410724,-3.4073794,6.7351975,5.339584
1761098410727,-3.3936207,6.7202425,5.3539405
1761098410729,-3.374478,6.710671,5.325825
1761098410732,-3.3601213,6.7298136,5.349155
1761098410733,-3.374478,6.715457,5.3539405
1761098410736,-3.365505,6.7058854,5.339584
1761098410738,-3.3984063,6.701698,5.339584
1761098410740,-3.4271202,6.6969123,5.321039
1761098410742,-3.455236,6.707082,5.339584
1761098410745,-3.4749768,6.6741805,5.349155
1761098410747,-3.5030923,6.68435,5.3353963
1761098410749,-3.527619,6.6556363,5.349155
1761098410751,-3.5563326,6.6370916,5.377869
1761098410754,-3.5653057,6.6562343,5.4113684
1761098410756,-3.5754752,6.632306,5.425127
1761098410758,-3.5706897,6.622735,5.468198
1761098410760,-3.5754752,6.6131635,5.5202417
1761098410763,-3.5712879,6.6125655,5.596214
1761098410765,-3.566502,6.602994,5.6482577
1761098410767,-3.5569308,6.5832534,5.7433724
1761098410769,-3.5288153,6.5682983,5.786443
1761098410772,-3.495914,6.5485573,5.8241305
1761098410774,-3.481557,6.5431733,5.914459
1761098410776,-3.4767714,6.5425754,6.009574
1761098410778,-3.4534414,6.546763,6.113662
1761098410781,-3.4528432,6.580262,6.180063
1761098410783,-3.438486,6.5850477,6.2416778
1761098410785,-3.4193435,6.58445,6.289534
1761098410788,-3.414558,6.579066,6.355935
1761098410790,-3.3714871,6.6071815,6.3888364
1761098410792,-3.3720853,6.578468,6.407979
1761098410794,-3.347559,6.5922265,6.4366927
1761098410796,-3.3050864,6.6011996,6.4271216
1761098410799,-3.2620156,6.600601,6.4366927
1761098410801,-3.2380872,6.604789,6.4648085
1761098410803,-3.205186,6.6089764,6.4648085
1761098410806,-3.1669009,6.617949,6.445666
1761098410808,-3.138187,6.626922,6.445666
1761098410810,-3.0951161,6.6311097,6.4408803
1761098410812,-3.1046875,6.6406813,6.4360948
1761098410815,-3.0813572,6.6305118,6.4360948
1761098410817,-3.0765717,6.6257257,6.450452
1761098410819,-3.071188,6.640083,6.450452
1761098410821,-3.080759,6.640083,6.47438
1761098410824,-3.1046875,6.645467,6.5168524
1761098410826,-3.1046875,6.655038,6.521638
1761098410828,-3.132803,6.6556363,6.5407805
1761098410830,-3.17049,6.665806,6.5551376
1761098410832,-3.2087753,6.666404,6.5407805
1761098410835,-3.251248,6.667002,6.535995
1761098410837,-3.275176,6.686743,6.535995
1761098410839,-3.321836,6.707082,6.526424
1761098410841,-3.3415768,6.687939,6.4791656
1761098410844,-3.374478,6.708278,6.460023
1761098410846,-3.4073794,6.723233,6.445666
1761098410848,-3.4073794,6.732805,6.393622
1761098410851,-3.4217365,6.7088766,6.3696938
1761098410853,-3.4546378,6.734001,6.332007
1761098410855,-3.4833515,6.7298136,6.2937217
1761098410857,-3.5114672,6.739983,6.2554364
1761098410859,-3.5539398,6.754938,6.2081785
1761098410862,-3.5826538,6.745965,6.16092
1761098410864,-3.6209388,6.741778,6.099305
1761098410866,-3.6400814,6.742376,6.1040907
1761098410869,-3.6448672,6.723233,6.1274204
1761098410871,-3.659224,6.7088766,6.16092
1761098410873,-3.6311083,6.7034926,6.1848483
1761098410875,-3.6263227,6.698707,6.236892
1761098410877,-3.5838501,6.678368,6.2841506
1761098410880,-3.5509489,6.672984,6.332007
1761098410882,-3.5264223,6.7058854,6.3792653
1761098410884,-3.4648073,6.680761,6.426523
1761098410886,-3.4313076,6.713662,6.483353
1761098410889,-3.3930225,6.7130637,6.5312095
1761098410891,-3.3732817,6.760322,6.5641108
1761098410894,-3.3260236,6.759724,6.5832534
1761098410896,-3.3164523,6.7645097,6.573682
1761098410898,-3.2829528,6.75434,6.578468
1761098410900,-3.2685957,6.773483,6.535397
1761098410902,-3.2452657,6.7585278,6.526424
1761098410905,-3.24048,6.739385,6.4977098
1761098410907,-3.2267213,6.7292156,6.460023
1761098410909,-3.2123644,6.719644,6.4217377
1761098410911,-3.231507,6.725028,6.4121666
1761098410914,-3.2219357,6.7202425,6.3601227
1761098410916,-3.2410784,6.739385,6.34098
1761098410918,-3.254837,6.75434,6.3792653
1761098410921,-3.2644083,6.7351975,6.3978095
1761098410923,-3.3074791,6.73101,6.393622
1761098410925,-3.359523,6.736394,6.4408803
1761098410927,-3.3696926,6.712466,6.445666
1761098410930,-3.4025939,6.7034926,6.47438
1761098410932,-3.441477,6.6849484,6.5072813
1761098410934,-3.4606197,6.6514487,6.5455666
1761098410936,-3.4941192,6.6568327,6.573682
1761098410938,-3.522833,6.643074,6.602396
1761098410941,-3.5467613,6.6095743,6.6311097
1761098410943,-3.565904,6.5958157,6.6592255
1761098410945,-3.566502,6.5904317,6.7351975
1761098410947,-3.5754752,6.6101727,6.7639112
1761098410950,-3.5706897,6.6095743,6.815955
1761098410952,-3.5706897,6.6095743,6.863812
1761098410954,-3.551547,6.613762,6.9206414
1761098410957,-3.53719,6.6329045,6.948757
1761098410959,-3.4941192,6.646663,6.987042
1761098410961,-3.4606197,6.660422,7.019943
1761098410963,-3.4408789,6.683752,7.029515
1761098410965,-3.397808,6.6975107,7.043872
1761098410968,-3.37388,6.706484,7.0343003
1761098410970,-3.35055,6.701698,7.043872
1761098410972,-3.3409786,6.7058854,7.0247293
1761098410974,-3.3403804,6.730412,7.0151577
1761098410977,-3.3643086,6.7112694,7.000801
1761098410979,-3.3403804,6.7495546,6.9583282
1761098410981,-3.3882368,6.721439,6.9248285
1761098410983,-3.4019957,6.7411795,6.8775706
1761098410986,-3.4360933,6.708278,6.8303123
1761098410988,-3.4695928,6.6945195,6.7591257
1761098410990,-3.4648073,6.6945195,6.6969123
1761098410992,-3.4887354,6.6711893,6.6167526
1761098410995,-3.4791641,6.6711893,6.5312095
1761098410998,-3.4456646,6.6855464,6.431309
1761098410999,-3.4366915,6.690332,6.31765
1761098411002,-3.4217365,6.7094746,6.222535
1761098411004,-3.4313076,6.704689,6.1513486
1761098411006,-3.4127634,6.6759753,6.084948
1761098411008,-3.4325042,6.6622167,6.0233326
1761098411010,-3.4325042,6.6622167,5.956932
1761098411013,-3.4283166,6.6335025,5.9192452
