1760635026668,0.019242255,0.16050485,0.16340645
1760635026669,0.05390886,0.17837265,0.17180584
1760635026671,0.08979719,0.19394971,0.1777618
1760635026674,0.12583824,0.20937407,0.18616119
1760635026676,0.15806139,0.22235495,0.19226983
1760635026678,0.18784106,0.2452624,0.19822577
1760635026680,0.21655174,0.27779096,0.204029
1760635026683,0.23915374,0.312763,0.20998493
1760635026685,0.2591596,0.34422258,0.2171626
1760635026687,0.2706133,0.36972618,0.22311853
1760635026689,0.2744312,0.38789943,0.226631
1760635026692,0.27198774,0.38545597,0.22907446
1760635026694,0.26190847,0.3587306,0.23655757
1760635026696,0.24556783,0.33215797,0.24281894
1760635026698,0.22678372,0.3031419,0.25167647
1760635026701,0.19822577,0.2790127,0.26160303
1760635026703,0.16707164,0.24877487,0.2751948
1760635026705,0.12873985,0.22357668,0.2875648
1760635026708,0.084146686,0.20448714,0.3023783
1760635026710,0.03863723,0.20372356,0.31719178
1760635026712,-0.01450805,0.20051652,0.33307427
1760635026714,-0.069791354,0.20357084,0.34529158
1760635026717,-0.1253801,0.20158553,0.35888332
1760635026719,-0.18203785,0.19730948,0.3724751
1760635026721,-0.24113905,0.19547687,0.3895793
1760635026723,-0.300393,0.19593503,0.40301836
1760635026726,-0.35323283,0.20005837,0.4202753
1760635026728,-0.40607268,0.21273382,0.43860126
1760635026730,-0.4538729,0.2350304,0.4616614
1760635026733,-0.50411654,0.26358834,0.48609602
1760635026735,-0.5468771,0.29917124,0.51159966
1760635026737,-0.589485,0.3397938,0.5371033
1760635026739,-0.6221663,0.38621956,0.5636759
1760635026742,-0.6525568,0.43035457,0.5928447
1760635026744,-0.68035114,0.4718934,0.61834836
1760635026746,-0.70707655,0.50625455,0.643852
1760635026749,-0.7264715,0.5367978,0.6693556
1760635026751,-0.744492,0.5673411,0.68875057
1760635026753,-0.76159626,0.5870415,0.7069238
1760635026755,-0.77747875,0.59681535,0.72402805
1760635026758,-0.79091775,0.59574634,0.73624533
1760635026760,-0.8072584,0.5702427,0.7498371
1760635026762,-0.82986045,0.5314528,0.75869465
1760635026764,-0.8587238,0.48059824,0.7663304
1760635026767,-0.8888089,0.41996986,0.77274454
1760635026769,-0.9204212,0.34238997,0.77198094
1760635026771,-0.95478237,0.236863,0.7640397
1760635026773,-0.9808969,0.10567969,0.7501425
1760635026776,-1.0031935,-0.025503624,0.7264715
1760635026778,-1.0219775,-0.16172658,0.6966918
1760635026781,-1.0383182,-0.30268374,0.66446865
1760635026783,-1.058324,-0.44241914,0.6275113
1760635026785,-1.069625,-0.57848936,0.5865834
1760635026787,-1.0760391,-0.7049385,0.5458081
1760635026789,-1.0835222,-0.82650065,0.50488013
1760635026792,-1.084744,-0.93599826,0.46395215
1760635026794,-1.0797043,-1.0322095,0.42302418
1760635026796,-1.0793989,-1.1209377,0.38438696
1760635026798,-1.0742066,-1.1914927,0.34681875
1760635026800,-1.0687088,-1.2512047,0.31047225
1760635026803,-1.0667235,-1.2875512,0.2751948
1760635026806,-1.0633637,-1.3118331,0.24113905
1760635026808,-1.0612257,-1.3312281,0.20830505
1760635026810,-1.0563387,-1.3336716,0.18387043
1760635026812,-1.0525209,-1.3214543,0.16050485
1760635026814,-1.0474812,-1.2947289,0.13836098
1760635026817,-1.0447323,-1.2617421,0.11988231
1760635026819,-1.0381655,-1.2166909,0.10247265
1760635026821,-1.0290025,-1.1693488,0.09117164
1760635026823,-1.0224357,-1.1242975,0.08353582
1760635026826,-1.016938,-1.0694723,0.0795652
1760635026828,-1.0067059,-1.0221303,0.07452556
1760635026830,-1.0012082,-0.9746355,0.0693332
1760635026832,-0.9983065,-0.9246973,0.06780604
1760635026835,-0.98914355,-0.8724683,0.067500606
1760635026837,-0.9848675,-0.81290895,0.064751714
1760635026839,-0.9755518,-0.742354,0.060628377
1760635026841,-0.96867955,-0.66691214,0.055283304
1760635026844,-0.95905846,-0.57803124,0.04627304
1760635026846,-0.95203346,-0.48426342,0.0346666
1760635026848,-0.9448558,-0.3735441,0.01817324
1760635026851,-0.9399689,-0.25289822,-0.0032070426
1760635026853,-0.93752545,-0.12873985,-0.025961773
1760635026855,-0.9326385,-7.6358154E-4,-0.049938235
1760635026858,-0.93126404,0.13194689,-0.07147124
1760635026860,-0.9288206,0.26832256,-0.093004234
1760635026862,-0.9211848,0.41080686,-0.110872045
1760635026864,-0.91736686,0.5545129,-0.12507465
1760635026867,-0.9097311,0.70432764,-0.14187345
1760635026869,-0.90087354,0.8564331,-0.15745051
1760635026871,-0.893085,1.0097603,-0.17165314
1760635026874,-0.8791878,1.1753048,-0.182496
1760635026876,-0.86391616,1.3457361,-0.1956296
1760635026878,-0.84238315,1.5282321,-0.20525073
1760635026880,-0.8232936,1.7105755,-0.21120666
1760635026882,-0.8042041,1.89918,-0.21960606
1760635026885,-0.77640975,2.087632,-0.22311853
1760635026887,-0.7498371,2.2774584,-0.22052236
1760635026889,-0.71578133,2.468201,-0.21548271
1760635026891,-0.6769914,2.64917,-0.20433442
1760635026894,-0.6418667,2.819296,-0.18936823
1760635026896,-0.6026186,2.9211576,-0.1740966
1760635026898,-0.5505423,2.6928468,-0.1459968
1760635026900,-0.46318856,2.1717787,-0.09911288
1760635026903,-0.36835176,1.9016235,-0.043982297
1760635026905,-0.28145617,1.9321668,0.021838432
1760635026907,-0.21395555,1.999362,0.100792766
1760635026910,-0.15118915,1.9570595,0.18646662
1760635026912,-0.094531395,1.8015944,0.27656925
1760635026914,-0.02611449,1.6033685,0.3680463
1760635026917,0.046578474,1.4379768,0.44593164
1760635026919,0.11209377,1.3238977,0.51251596
1760635026921,0.17547104,1.2342533,0.5691737
1760635026923,0.22785273,1.1507174,0.61117065
1760635026926,0.2612976,1.0419834,0.6423248
1760635026928,0.28130344,0.93202764,0.6588182
1760635026930,0.28680122,0.8698721,0.66523224
1760635026932,0.27916542,0.84559023,0.6580546
1760635026934,0.258396,0.86299986,0.6432411
1760635026937,0.226631,0.9071349,0.6198755
1760635026939,0.18280143,0.96990126,0.592692
1760635026941,0.13041973,1.0386237,0.5580254
1760635026943,0.07544186,1.1026118,0.52106804
1760635026946,0.0154243475,1.1557571,0.48181996
1760635026948,-0.049632803,1.1942415,0.44119743
1760635026950,-0.11866058,1.2072225,0.3996586
1760635026953,-0.19058995,1.193478,0.35827246
1760635026955,-0.2648101,1.1662945,0.322995
1760635026957,-0.34055737,1.1233811,0.29520062
1760635026959,-0.41630468,1.0852021,0.27473664
1760635026962,-0.48334712,1.0421361,0.2640465
1760635026964,-0.5514586,1.009913,0.259465
1760635026966,-0.6073528,0.9801333,0.26206118
1760635026969,-0.65316767,0.9549351,0.26725355
1760635026971,-0.689056,0.9309586,0.27473664
1760635026973,-0.7102836,0.9091202,0.2846632
1760635026975,-0.71776664,0.8933904,0.29077184
1760635026977,-0.7130325,0.87872964,0.2921463
1760635026980,-0.69226307,0.8614727,0.2921463
1760635026982,-0.66523224,0.84299403,0.2910773
1760635026984,-0.6273586,0.8145888,0.2875648
1760635026987,-0.58093286,0.7825184,0.2790127
1760635026989,-0.5319109,0.7490735,0.27183503
1760635026992,-0.48059824,0.7060075,0.26358834
1760635026993,-0.43295074,0.6543894,0.2612976
1760635026996,-0.38789943,0.60032785,0.25671613
1760635026999,-0.3501785,0.5500842,0.26053402
1760635027000,-0.31871894,0.49739704,0.26328292
1760635027003,-0.2919936,0.44715336,0.269697
1760635027005,-0.27763826,0.40317106,0.27840182
1760635027007,-0.2657264,0.3652974,0.28603765
1760635027009,-0.2611449,0.32986724,0.2947425
1760635027011,-0.26267207,0.3005457,0.30100384
1760635027014,-0.26893342,0.27870727,0.30848694
1760635027016,-0.2764165,0.26542094,0.31337386
1760635027018,-0.28771752,0.25579983,0.31474832
1760635027021,-0.30008754,0.24862215,0.31597003
1760635027023,-0.31123585,0.23900102,0.31856623
1760635027025,-0.32360587,0.23304509,0.31612277
1760635027027,-0.34101552,0.22831088,0.31490102
1760635027030,-0.35338554,0.21380283,0.313832
1760635027032,-0.36835176,0.20173825,0.31505376
1760635027034,-0.38453966,0.18860464,0.31520647
1760635027037,-0.4007276,0.16920967,0.31780264
1760635027039,-0.41584653,0.14385876,0.3203988
1760635027041,-0.43081272,0.11835514,0.32421672
1760635027043,-0.45341474,0.08445212,0.3304781
1760635027045,-0.47342056,0.04810564,0.33933565
1760635027048,-0.49953505,0.019089539,0.35048392
1760635027050,-0.527024,-0.010995574,0.36041048
1760635027052,-0.5569564,-0.043676864,0.3717115
1760635027055,-0.5893322,-0.0786489,0.3828598
1760635027057,-0.6229298,-0.11362094,0.39171734
1760635027059,-0.6589709,-0.14508049,0.40286562
1760635027061,-0.6924158,-0.16905695,0.41034874
1760635027064,-0.7272351,-0.19181168,0.41538838
1760635027066,-0.75945824,-0.21471913,0.41691554
1760635027068,-0.79045963,-0.2350304,0.41829
1760635027071,-0.8190176,-0.24694228,0.41706824
1760635027073,-0.84497935,-0.25885415,0.41599923
1760635027075,-0.8709411,-0.26221392,0.41233405
1760635027077,-0.8894198,-0.26206118,0.40500367
1760635027080,-0.9068295,-0.26419923,0.39645153
1760635027082,-0.91782504,-0.25793785,0.3866777
1760635027084,-0.92149025,-0.24449882,0.37812558
1760635027087,-0.9213375,-0.22999077,0.37186423
1760635027089,-0.9112582,-0.21533,0.3594942
1760635027091,-0.90010995,-0.19960022,0.35216382
1760635027093,-0.88025683,-0.18402316,0.33857206
1760635027095,-0.8529206,-0.1684461,0.32620203
1760635027098,-0.82451534,-0.1516473,0.31016684
1760635027100,-0.7861836,-0.1385137,0.29428434
1760635027102,-0.7467828,-0.13271047,0.27458394
1760635027104,-0.70616025,-0.14156802,0.25137106
1760635027107,-0.66843927,-0.17852537,0.22708915
1760635027109,-0.63209283,-0.23716843,0.1956296
1760635027111,-0.5946773,-0.30940324,0.16294831
1760635027114,-0.5560401,-0.3717115,0.13148874
1760635027116,-0.5183192,-0.41218132,0.093767814
1760635027118,-0.47418416,-0.4222606,0.05589417
1760635027120,-0.43096542,-0.40683624,0.016646078
1760635027122,-0.38148534,-0.38163805,-0.025045475
1760635027125,-0.33200526,-0.35888332,-0.06811147
1760635027127,-0.28145617,-0.3361286,-0.11224649
1760635027129,-0.23335053,-0.33276883,-0.1525636
1760635027132,-0.18432859,-0.34284812,-0.19303341
1760635027134,-0.14263703,-0.35903606,-0.22586742
1760635027136,-0.10354166,-0.3849978,-0.25396723
1760635027138,-0.065515295,-0.4034765,-0.27947086
1760635027141,-0.033750303,-0.42088616,-0.29779682
1760635027143,-0.007941248,-0.42470407,-0.3100141
1760635027145,0.0154243475,-0.42119157,-0.3222314
1760635027147,0.031612277,-0.41050145,-0.3284928
1760635027150,0.045356743,-0.38988474,-0.33353242
1760635027152,0.05787948,-0.37415496,-0.33368513
1760635027154,0.06780604,-0.36086863,-0.3287982
1760635027156,0.06795876,-0.35720345,-0.3239113
1760635027159,0.06169739,-0.37064248,-0.31413746
1760635027161,0.054061573,-0.3912592,-0.30176744
1760635027164,0.04153884,-0.41431937,-0.28328875
1760635027166,0.031612277,-0.4373795,-0.26236662
1760635027168,0.021533,-0.4569272,-0.24022275
1760635027171,0.014049901,-0.4689918,-0.21319197
1760635027173,0.0067195175,-0.48365256,-0.18387043
1760635027175,4.5814895E-4,-0.49831334,-0.15683965
1760635027177,3.0543262E-4,-0.5203045,-0.12614368
1760635027179,-0.004886922,-0.5459608,-0.100334615
1760635027182,-0.00992656,-0.5714644,-0.0720821
1760635027184,-0.018784106,-0.6044512,-0.04260785
1760635027186,-0.025198191,-0.6409504,-0.012980887
1760635027188,-0.036651913,-0.6835582,0.016646078
1760635027190,-0.05299256,-0.72616607,0.049785517
1760635027193,-0.06811147,-0.764956,0.0842994
1760635027195,-0.08811731,-0.79901177,0.11636983
1760635027197,-0.106901415,-0.8342892,0.14828753
1760635027200,-0.12675454,-0.86574876,0.1826487
1760635027202,-0.14049901,-0.8912524,0.21471913
1760635027204,-0.1554652,-0.91919947,0.24419338
1760635027206,-0.17302758,-0.94714653,0.2724459
1760635027209,-0.19165897,-0.9726502,0.29947668
1760635027211,-0.20662516,-0.9993755,0.32284227
1760635027213,-0.22159137,-1.0248792,0.3474296
1760635027216,-0.24022275,-1.040609,0.36957347
1760635027218,-0.25992316,-1.0525209,0.3904956
1760635027220,-0.28099802,-1.0609202,0.41248676
1760635027222,-0.3031419,-1.0656544,0.43218717
1760635027225,-0.32895094,-1.0630583,0.4529566
1760635027227,-0.35476,-1.0543534,0.473726
1760635027229,-0.38652498,-1.0442741,0.49449542
1760635027231,-0.41829,-1.018465,0.5163339
1760635027234,-0.4512767,-0.9914343,0.5345071
1760635027236,-0.4804455,-0.9558514,0.5526803
1760635027238,-0.5132795,-0.9080512,0.5684101
1760635027240,-0.537256,-0.8542951,0.5839872
1760635027243,-0.56138515,-0.79809546,0.59589905
1760635027245,-0.58169645,-0.7443393,0.5992588
1760635027248,-0.59589905,-0.68569624,0.60139686
1760635027250,-0.6052147,-0.63071835,0.59986967
1760635027252,-0.61590487,-0.5746715,0.59223384
1760635027254,-0.6189592,-0.52106804,0.57971114
1760635027256,-0.6123924,-0.4662429,0.56107974
1760635027259,-0.61193424,-0.41141775,0.54000485
1760635027261,-0.60154957,-0.35903606,0.5140431
1760635027263,-0.5862779,-0.30543262,0.48197266
1760635027265,-0.571159,-0.25686884,0.4474588
1760635027268,-0.5497787,-0.21074851,0.41172317
1760635027270,-0.52595496,-0.16325374,0.3747658
1760635027272,-0.4998405,-0.122020334,0.33414328
1760635027274,-0.47616947,-0.08323039,0.2947425
1760635027277,-0.4437936,-0.04810564,0.2591596
1760635027279,-0.41034874,-0.012980887,0.21731532
1760635027281,-0.3743077,0.017104227,0.17928895
1760635027284,-0.33841935,0.041233405,0.14248432
1760635027286,-0.30375275,0.06414085,0.110413894
1760635027288,-0.26557365,0.08093964,0.07849618
1760635027290,-0.22724187,0.098807454,0.047800206
1760635027293,-0.19135354,0.11071932,0.022143865
1760635027295,-0.16050485,0.11911872,-0.0036651916
1760635027297,-0.12736541,0.121256754,-0.02687807
1760635027300,-0.096516706,0.12217305,-0.05024367
1760635027302,-0.068264194,0.12186762,-0.06612616
1760635027304,-0.048563786,0.11575896,-0.08445212
1760635027306,-0.0290161,0.10705414,-0.100334615
1760635027309,-0.015577064,0.0983493,-0.11255192
1760635027311,-0.0021380284,0.086132,-0.12095132
1760635027313,0.0038179078,0.07513642,-0.13194689
1760635027316,0.0036651916,0.058184914,-0.14156802
1760635027318,0.0021380284,0.041080687,-0.15012014
1760635027320,-0.0016798794,0.025350908,-0.160963
1760635027322,-0.010537425,0.0071776668,-0.1693624
1760635027325,-0.021838432,-0.012217305,-0.17302758
1760635027328,-0.030695979,-0.026725354,-0.18387043
1760635027329,-0.040775254,-0.044745877,-0.1910481
1760635027331,-0.054519724,-0.06414085,-0.19593503
1760635027334,-0.068264194,-0.082161374,-0.20433442
1760635027336,-0.08078693,-0.101556346,-0.20906863
1760635027338,-0.09330966,-0.11362094,-0.21151209
1760635027341,-0.10827587,-0.12797627,-0.21991149
1760635027343,-0.12064589,-0.13881913,-0.22235495
1760635027345,-0.13316862,-0.14844026,-0.22342396
1760635027347,-0.14553864,-0.15317446,-0.22708915
1760635027350,-0.15424347,-0.15561792,-0.23075435
1760635027352,-0.1591304,-0.1591304,-0.23075435
1760635027354,-0.16890424,-0.1554652,-0.23319781
1760635027356,-0.17272215,-0.15286903,-0.23441954
1760635027359,-0.18005253,-0.14920384,-0.23197608
1760635027361,-0.18478674,-0.14065172,-0.22953261
1760635027364,-0.18845193,-0.12843442,-0.23090707
1760635027366,-0.18585575,-0.12110403,-0.22724187
1760635027368,-0.18585575,-0.11866058,-0.22602014
1760635027370,-0.18203785,-0.112704635,-0.22479841
1760635027372,-0.17455475,-0.106595986,-0.22235495
1760635027375,-0.17088956,-0.10552697,-0.22113322
1760635027377,-0.16218472,-0.10308351,-0.22006421
1760635027379,-0.15485434,-0.10323623,-0.21762075
1760635027381,-0.14492778,-0.105832405,-0.21639901
1760635027383,-0.1375974,-0.10705414,-0.21639901
1760635027386,-0.12782355,-0.10842858,-0.21762075
1760635027388,-0.116675265,-0.11209377,-0.21639901
1760635027390,-0.106901415,-0.11713341,-0.21746802
1760635027393,-0.09208794,-0.12095132,-0.21991149
1760635027395,-0.08353582,-0.12705997,-0.22113322
1760635027397,-0.06994407,-0.12721269,-0.22113322
1760635027400,-0.056505036,-0.12858713,-0.22113322
1760635027402,-0.046578474,-0.12980886,-0.22357668
1760635027404,-0.03176499,-0.12996158,-0.22357668
1760635027407,-0.021991149,-0.12889257,-0.22495113
1760635027409,-0.012064588,-0.12904528,-0.22861631
1760635027411,-9.162979E-4,-0.12660182,-0.22739458
1760635027413,0.010079277,-0.124311075,-0.22739458
1760635027416,0.021227567,-0.123242065,-0.22861631
1760635027418,0.027488936,-0.1160644,-0.22983804
1760635027420,0.03863723,-0.111177474,-0.22999077
1760635027422,0.046120327,-0.10888673,-0.22999077
1760635027425,0.053450707,-0.10415252,-0.22876903
1760635027427,0.05971208,-0.09682214,-0.22632557
1760635027430,0.06719518,-0.09208794,-0.2264783
1760635027431,0.07223482,-0.088422745,-0.2264783
1760635027434,0.077121735,-0.08124508,-0.2264783
1760635027436,0.08093964,-0.070249505,-0.22403483
1760635027438,0.08475755,-0.06307184,-0.21930063
1760635027440,0.08735373,-0.05085453,-0.21930063
1760635027442,0.089949906,-0.03756821,-0.21945333
1760635027445,0.094989546,-0.024129177,-0.21700987
1760635027447,0.09896017,-0.010842858,-0.2134974
1760635027449,0.100334615,0.0062613687,-0.21227567
1760635027452,0.10781772,0.02321288,-0.20998493
1760635027454,0.11178834,0.03894266,-0.20647246
1760635027457,0.11682798,0.05589417,-0.20280726
1760635027459,0.11957687,0.07544186,-0.20051652
1760635027461,0.12965615,0.100792766,-0.19700404
1760635027463,0.13607024,0.12140947,-0.1910481
1760635027465,0.14737125,0.1469131,-0.18509217
1760635027467,0.15515977,0.17363845,-0.1815797
1760635027470,0.17256944,0.19532417,-0.17684549
1760635027473,0.18646662,0.2218968,-0.16966783
1760635027475,0.20158553,0.24740042,-0.16371189
1760635027477,0.21899518,0.27152961,-0.1601994
1760635027479,0.23533584,0.2919936,-0.15653422
1760635027481,0.2576324,0.30879238,-0.15057829
1760635027484,0.2751948,0.32818735,-0.150731
1760635027486,0.29123,0.3388775,-0.14966199
1760635027488,0.30863968,0.35094208,-0.14844026
1760635027491,0.32360587,0.35934147,-0.1459968
1760635027493,0.3359759,0.36285394,-0.14614952
1760635027495,0.34574974,0.36392298,-0.14859296
1760635027497,0.35201108,0.36147952,-0.1498147
1760635027500,0.3555236,0.35537085,-0.15347989
1760635027502,0.3555236,0.345597,-0.15577064
1760635027504,0.35537085,0.3323107,-0.15943582
1760635027507,0.3491095,0.32253686,-0.16539176
1760635027509,0.34025195,0.30925053,-0.17027868
1760635027510,0.3313944,0.2947425,-0.17501289
1760635027513,0.3239113,0.27779096,-0.17745635
1760635027515,0.31138855,0.257327,-0.18341228
1760635027518,0.29749137,0.23426682,-0.18692477
1760635027520,0.28252518,0.21135938,-0.18921551
1760635027522,0.26740626,0.18829921,-0.19272798
1760635027524,0.25366178,0.16294831,-0.19501872
1760635027527,0.23854288,0.1337795,-0.19730948
1760635027529,0.2209805,0.110872045,-0.19593503
1760635027531,0.20357084,0.08674286,-0.1957823
1760635027533,0.18845193,0.06612616,-0.1956296
1760635027536,0.17348573,0.04550946,-0.19058995
1760635027538,0.15851954,0.027488936,-0.18677205
1760635027540,0.13988814,0.011759156,-0.18310685
1760635027543,0.122478485,-0.0062613687,-0.17195857
1760635027545,0.10629055,-0.019547688,-0.1656972
1760635027547,0.09025534,-0.030390546,-0.16203201
1760635027549,0.075289145,-0.040011674,-0.15454891
1760635027551,0.06429356,-0.04596761,-0.14477506
1760635027554,0.050549097,-0.051923547,-0.14110987
1760635027557,0.045662176,-0.05681047,-0.13607024
1760635027559,0.034513887,-0.063988134,-0.13118331
1760635027560,0.025809057,-0.0664316,-0.12507465
1760635027563,0.017256944,-0.06994407,-0.12018774
1760635027565,0.013439035,-0.07360926,-0.11759156
1760635027567,0.008552114,-0.0711658,-0.11285736
1760635027569,0.0036651916,-0.06734789,-0.10919216
1760635027572,0.0036651916,-0.06490443,-0.1067487
1760635027574,-0.0012217305,-0.06001751,-0.10552697
1760635027576,-0.0010690142,-0.04917465,-0.10308351
1760635027579,-9.162979E-4,-0.038179077,-0.1020145
1760635027581,-7.6358154E-4,-0.027183503,-0.100792766
1760635027583,0.0030543262,-0.012675454,-0.10216721
1760635027586,0.009315695,-4.5814895E-4,-0.10216721
1760635027588,0.015577064,0.015271631,-0.10354166
1760635027591,0.02321288,0.02855795,-0.10354166
1760635027592,0.030695979,0.04550946,-0.1049161
1760635027594,0.039553523,0.056352317,-0.1049161
1760635027597,0.047036625,0.069791354,-0.103847094
1760635027599,0.054519724,0.08674286,-0.10399981
1760635027601,0.06337727,0.098807454,-0.101556346
1760635027603,0.06841691,0.116980694,-0.10048734
1760635027606,0.07849618,0.13515393,-0.099265605
1760635027608,0.086132,0.14721853,-0.095753126
1760635027610,0.09117164,0.16172658,-0.08979719
1760635027612,0.09621128,0.17516561,-0.08735373
1760635027615,0.100029185,0.1872302,-0.08368854
1760635027617,0.10522154,0.20189096,-0.082619525
1760635027619,0.10888673,0.20540343,-0.0777326
1760635027622,0.112704635,0.21029036,-0.075289145
1760635027624,0.113926366,0.21746802,-0.071776666
1760635027626,0.11530081,0.21991149,-0.06688975
1760635027629,0.1151481,0.21746802,-0.06566802
1760635027631,0.11636983,0.21502456,-0.062002823
1760635027633,0.117744274,0.21380283,-0.058184914
1760635027635,0.112704635,0.20647246,-0.056963183
1760635027638,0.11026118,0.2041817,-0.054519724
1760635027640,0.107665,0.20051652,-0.05085453
1760635027642,0.10262536,0.1919644,-0.04841107
1760635027644,0.1001819,0.18585575,-0.045814894
1760635027647,0.09758572,0.17989981,-0.0421497
1760635027649,0.09514226,0.16768251,-0.03726278
1760635027651,0.09010262,0.15928312,-0.038331795
1760635027654,0.08628472,0.15195273,-0.035888333
1760635027656,0.08246681,0.13973543,-0.034513887
1760635027658,0.08109236,0.12767084,-0.033292156
1760635027660,0.07727446,0.11789699,-0.029626964
1760635027662,0.07223482,0.10705414,-0.028252518
1760635027665,0.071013086,0.10094548,-0.028252518
1760635027667,0.06841691,0.09117164,-0.025809057
1760635027669,0.06963864,0.081397794,-0.02321288
1760635027672,0.069485925,0.07284568,-0.019547688
1760635027673,0.06704246,0.06688975,-0.017104227
1760635027676,0.06811147,0.0571159,-0.01450805
1760635027678,0.06688975,0.05100725,-0.010842858
1760635027680,0.0693332,0.044898596,-0.005955936
1760635027683,0.07284568,0.03756821,-0.0047342055
1760635027685,0.075289145,0.033750303,3.0543262E-4
1760635027687,0.075289145,0.03145956,0.0015271631
1760635027689,0.08017606,0.027641652,0.005192355
1760635027691,0.082619525,0.025198191,0.0076358155
1760635027694,0.082619525,0.02275473,0.008857546
1760635027696,0.081397794,0.019089539,0.013744468
1760635027698,0.08628472,0.021533,0.014966198
1760635027701,0.08750644,0.019089539,0.016187929
1760635027703,0.09010262,0.020158553,0.01863139
1760635027705,0.087659165,0.025045475,0.01985312
1760635027707,0.0888809,0.025045475,0.01985312
1760635027710,0.0852157,0.027641652,0.01985312
1760635027712,0.0852157,0.03359759,0.02107485
1760635027715,0.08399397,0.03481932,0.023518313
1760635027717,0.08155051,0.037415497,0.024587326
1760635027720,0.0804815,0.0421497,0.024587326
1760635027723,0.07925977,0.048258353,0.029474247
1760635027724,0.07803804,0.049480084,0.03191771
1760635027726,0.07819075,0.055588737,0.038026363
1760635027728,0.07819075,0.059253927,0.042913284
1760635027730,0.07574729,0.059253927,0.045356743
1760635027732,0.07452556,0.059253927,0.051465396
1760635027735,0.073303826,0.0580322,0.06001751
1760635027737,0.0720821,0.05681047,0.06490443
1760635027739,0.07086037,0.055588737,0.07345655
1760635027742,0.06582073,0.048258353,0.08078693
1760635027744,0.064599,0.045814894,0.08827003
1760635027746,0.058490347,0.039858956,0.09437868
1760635027749,0.05467244,0.034972034,0.099265605
1760635027751,0.04718934,0.028863383,0.106595986
1760635027753,0.039858956,0.024129177,0.111635625
1760635027755,0.03604105,0.016798794,0.11530081
1760635027757,0.02977968,0.0096211275,0.11652254
1760635027760,0.01985312,0.0036651916,0.11652254
1760635027762,0.011301007,0.002443461,0.11789699
1760635027764,0.0062613687,-0.0022907446,0.11911872
1760635027766,1.5271631E-4,-0.0035124752,0.12034045
1760635027769,-0.009773844,-0.009468411,0.122783914
1760635027771,-0.013591751,-0.0143553335,0.124005646
1760635027773,-0.018478673,-0.016798794,0.124005646
1760635027776,-0.023518313,-0.021533,0.12415836
1760635027778,-0.025961773,-0.026419923,0.12415836
1760635027780,-0.024740042,-0.031306844,0.12660182
1760635027782,-0.02733622,-0.034972034,0.13148874
1760635027785,-0.02611449,-0.03863723,0.13271047
1760635027787,-0.024892759,-0.04352415,0.1328632
1760635027790,-0.022449298,-0.05085453,0.13408493
1760635027792,-0.021380283,-0.053297993,0.13530666
1760635027795,-0.022602014,-0.054519724,0.13775012
1760635027797,-0.017715093,-0.061850104,0.13775012
1760635027799,-0.015271631,-0.06307184,0.13897185
1760635027801,-0.011453724,-0.061850104,0.14263703
1760635027803,-0.007788532,-0.063224554,0.14263703
1760635027805,-0.009010263,-0.062002823,0.14630222
1760635027807,-0.0053450707,-0.05589417,0.14508049
1760635027810,-0.0027488936,-0.053450707,0.14630222
1760635027812,-3.0543262E-4,-0.04627304,0.14614952
1760635027814,-0.0027488936,-0.042455133,0.14370605
1760635027816,-0.0025961774,-0.034055736,0.14126259
1760635027819,-0.0025961774,-0.031612277,0.14126259
1760635027821,-0.0036651916,-0.024281893,0.14248432
1760635027823,-0.002443461,-0.01695151,0.1386664
1760635027825,-0.0036651916,-0.013286319,0.13500121
1760635027828,-0.002443461,-0.008399397,0.13133603
1760635027830,0.0025961774,-0.005955936,0.1301143
1760635027833,0.0050396384,-0.0,0.12767084
1760635027835,0.011301007,0.0036651916,0.122783914
1760635027837,0.014966198,0.002443461,0.11911872
1760635027839,0.01740966,0.004886922,0.117744274
1760635027842,0.02367103,0.0047342055,0.11530081
1760635027844,0.031001411,0.0022907446,0.11285736
1760635027846,0.035888333,0.0022907446,0.110413894
1760635027848,0.041996986,-0.005192355,0.108123146
1760635027850,0.046731193,-0.016187929,0.10567969
1760635027853,0.054061573,-0.022296581,0.10445796
1760635027855,0.060170226,-0.030848695,0.09712757
1760635027858,0.06261369,-0.04062254,0.09605856
1760635027860,0.06612616,-0.046731193,0.0936151
1760635027862,0.07345655,-0.052839845,0.089949906
1760635027864,0.07467828,-0.056505036,0.08384126
1760635027866,0.08078693,-0.058948494,0.081397794
1760635027869,0.08689558,-0.0627664,0.07895433
1760635027871,0.09193522,-0.06154467,0.075289145
1760635027873,0.099265605,-0.06154467,0.07162395
1760635027876,0.106595986,-0.06047566,0.07040222
1760635027878,0.11407909,-0.06047566,0.07040222
1760635027881,0.12140947,-0.06795876,0.07040222
1760635027882,0.13118331,-0.074067414,0.06918049
1760635027885,0.1385137,-0.07788532,0.06918049
1760635027887,0.14584407,-0.08032878,0.070554934
1760635027890,0.15088372,-0.08155051,0.0693332
1760635027891,0.15454891,-0.0804815,0.06795876
1760635027894,0.15821409,-0.0804815,0.06795876
1760635027896,0.16447547,-0.07803804,0.066737026
1760635027898,0.16432275,-0.0804815,0.060628377
1760635027900,0.16798794,-0.082924955,0.055741455
1760635027903,0.16798794,-0.08903361,0.048563786
1760635027905,0.16661349,-0.09514226,0.040011674
1760635027907,0.16539176,-0.09987647,0.03023783
1760635027909,0.1601994,-0.111941054,0.020463986
1760635027913,0.15271631,-0.12415836,0.013286319
1760635027914,0.14645495,-0.1337795,0.0035124752
1760635027917,0.14004086,-0.14340061,-0.0061086523
1760635027919,0.12767084,-0.1591304,-0.014660766
1760635027921,0.11133019,-0.17470746,-0.023060163
1760635027924,0.09773844,-0.18677205,-0.03283401
1760635027926,0.081397794,-0.20357084,-0.03756821
1760635027927,0.0627664,-0.21670444,-0.044745877
1760635027930,0.044135015,-0.23243423,-0.05207626
1760635027932,0.024129177,-0.25045475,-0.055588737
1760635027934,0.004276057,-0.26236662,-0.059101213
1760635027937,-0.0106901415,-0.2780964,-0.0627664
1760635027939,-0.029321533,-0.29123,-0.06505715
1760635027941,-0.045356743,-0.30085114,-0.06505715
1760635027943,-0.060322944,-0.31535918,-0.06612616
1760635027946,-0.069027774,-0.32498032,-0.06490443
1760635027948,-0.08155051,-0.33460143,-0.06352998
1760635027950,-0.09025534,-0.34422258,-0.058643065
1760635027952,-0.09636399,-0.35033122,-0.056046885
1760635027955,-0.1001819,-0.3538437,-0.049938235
1760635027957,-0.10140363,-0.35995236,-0.04260785
1760635027959,-0.105068825,-0.36483926,-0.031612277
1760635027961,-0.103847094,-0.36728272,-0.026725354
1760635027964,-0.1001819,-0.36865717,-0.01817324
1760635027966,-0.09773844,-0.36987892,-0.008399397
1760635027968,-0.091477074,-0.37003163,0.0013744468
1760635027971,-0.0852157,-0.36758816,0.012370021
1760635027972,-0.07788532,-0.36774087,0.020922136
1760635027975,-0.07162395,-0.3642284,0.025809057
1760635027977,-0.06536258,-0.36056322,0.03436117
1760635027980,-0.05665775,-0.35705075,0.03924809
1760635027982,-0.046883907,-0.35476,0.044135015
1760635027984,-0.0355829,-0.34880406,0.04886922
1760635027986,-0.02321288,-0.34406984,0.052534413
1760635027988,-0.015882496,-0.34040466,0.05375614
1760635027991,-0.008399397,-0.33567044,0.057421334
1760635027993,3.0543262E-4,-0.3284928,0.059864793
1760635027996,0.01038471,-0.31764993,0.06093381
1760635027998,0.0154243475,-0.30787608,0.062155537
1760635028000,0.020463986,-0.2958115,0.064446285
1760635028002,0.024281893,-0.27885997,0.064446285
1760635028005,0.02687807,-0.26542094,0.06795876
1760635028007,0.028252518,-0.24846944,0.070249505
1760635028010,0.031001411,-0.2264783,0.070249505
1760635028012,0.032375857,-0.20586158,0.072540246
1760635028015,0.035124753,-0.18753563,0.07360926
1760635028016,0.034055736,-0.17302758,0.074830994
1760635028018,0.039095376,-0.15714508,0.07467828
1760635028021,0.038026363,-0.1414153,0.073303826
1760635028023,0.03940081,-0.12797627,0.073303826
1760635028025,0.040775254,-0.11575896,0.06963864
1760635028027,0.04337143,-0.100029185,0.069485925
1760635028030,0.044745877,-0.08536842,0.06811147
1760635028032,0.04352415,-0.075594574,0.063224554
1760635028034,0.044898596,-0.06352998,0.05955936
1760635028036,0.047494773,-0.05131268,0.056963183
1760635028039,0.05009095,-0.039095376,0.054519724
1760635028041,0.051465396,-0.030543262,0.048258353
1760635028043,0.05024367,-0.022143865,0.045814894
1760635028046,0.054061573,-0.014813482,0.040927973
1760635028048,0.054061573,-0.007483099,0.035888333
1760635028050,0.05665775,0.0035124752,0.02733622
1760635028052,0.05665775,0.0096211275,0.02367103
1760635028055,0.06414085,0.0143553335,0.016187929
1760635028056,0.06536258,0.021685716,0.0125227375
1760635028059,0.07040222,0.0290161,0.003970624
1760635028061,0.07284568,0.035124753,3.0543262E-4
1760635028064,0.07788532,0.039858956,-0.0096211275
1760635028066,0.08155051,0.04718934,-0.01450805
1760635028068,0.08659015,0.060628377,-0.02076942
1760635028071,0.09040806,0.07147124,-0.02443461
1760635028073,0.093004234,0.08246681,-0.028099801
1760635028075,0.09560041,0.08979719,-0.03313944
1760635028077,0.098043874,0.09819659,-0.03680463
1760635028079,0.09819659,0.111635625,-0.03940081
1760635028082,0.09819659,0.12018774,-0.04550946
1760635028084,0.09590584,0.13240504,-0.046731193
1760635028086,0.09605856,0.1421789,-0.05177083
1760635028089,0.09483683,0.15561792,-0.05421429
1760635028091,0.094989546,0.16768251,-0.05681047
1760635028093,0.091477074,0.18478674,-0.06047566
1760635028095,0.09040806,0.1957823,-0.06795876
1760635028098,0.09162979,0.20677789,-0.07284568
1760635028100,0.08933904,0.22021692,-0.07666359
1760635028102,0.08689558,0.22632557,-0.08032878
1760635028105,0.090713486,0.23243423,-0.086437434
1760635028107,0.09315695,0.23976462,-0.09132435
1760635028109,0.09697486,0.24449882,-0.09758572
1760635028111,0.09819659,0.24938573,-0.10369437
1760635028113,0.10064005,0.2518292,-0.1085813
1760635028116,0.10919216,0.25305092,-0.11713341
1760635028118,0.115453534,0.25305092,-0.1244638
1760635028120,0.124005646,0.25411993,-0.13057245
1760635028123,0.1301143,0.25534168,-0.13912456
1760635028125,0.13515393,0.25534168,-0.14767668
1760635028127,0.14370605,0.2576324,-0.15515977
1760635028129,0.1498147,0.2576324,-0.16249016
1760635028132,0.160963,0.2611449,-0.17104226
1760635028134,0.1695151,0.26358834,-0.18203785
1760635028136,0.17821993,0.26832256,-0.1881465
1760635028139,0.18570304,0.27198774,-0.20051652
1760635028141,0.19807306,0.2779437,-0.21151209
1760635028143,0.2041817,0.28038713,-0.21884248
1760635028146,0.21410827,0.2863431,-0.23105977
1760635028148,0.22403483,0.29611692,-0.23976462
1760635028150,0.23396139,0.3032946,-0.24709499
1760635028152,0.24251351,0.31047225,-0.25702155
1760635028154,0.24755314,0.31902438,-0.26557365
1760635028157,0.25625798,0.3286455,-0.27046058
1760635028159,0.26251933,0.3371976,-0.27672195
1760635028161,0.26374108,0.34330627,-0.28038713
1760635028163,0.267559,0.35414913,-0.28405234
1760635028165,0.27137688,0.3578143,-0.28787026
1760635028168,0.26893342,0.36636642,-0.28909197
1760635028171,0.2677117,0.3724751,-0.29031372
1760635028172,0.26419923,0.37858373,-0.28787026
1760635028175,0.26053402,0.3810272,-0.28298333
1760635028177,0.25320363,0.38606682,-0.2780964
1760635028179,0.24831672,0.38973203,-0.27320948
1760635028181,0.23716843,0.38973203,-0.2658791
1760635028183,0.23105977,0.3921755,-0.25610524
1760635028186,0.22006421,0.3911065,-0.24388795
1760635028188,0.20891592,0.3911065,-0.23411411
1760635028190,0.19914207,0.38637227,-0.2218968
1760635028193,0.18555032,0.38530326,-0.21090123
1760635028195,0.1731803,0.3828598,-0.19608775
1760635028198,0.15974127,0.38056904,-0.17898351
1760635028199,0.14614952,0.38072178,-0.16432275
1760635028202,0.13271047,0.3831652,-0.14721853
1760635028204,0.115453534,0.38331795,-0.1301143
1760635028206,0.1020145,0.38331795,-0.115453534
1760635028209,0.08964448,0.38347065,-0.0983493
1760635028211,0.07498371,0.38362336,-0.079870634
1760635028213,0.060170226,0.37995818,-0.065209866
1760635028215,0.045356743,0.3764457,-0.050549097
1760635028218,0.035430185,0.3717115,-0.037110064
1760635028220,0.023060163,0.3643811,-0.024740042
1760635028222,0.009468411,0.35842517,-0.0125227375
1760635028224,-0.0041233404,0.35246924,-0.005192355
1760635028227,-0.01038471,0.34025195,0.0071776668
1760635028229,-0.021533,0.3306308,0.01450805
1760635028231,-0.027794369,0.3173445,0.021991149
1760635028234,-0.03772093,0.30650163,0.028099801
1760635028236,-0.04153884,0.2930626,0.03313944
1760635028238,-0.051465396,0.27855456,0.04062254
1760635028241,-0.054061573,0.26511553,0.046731193
1760635028242,-0.059253927,0.25060746,0.04810564
1760635028245,-0.06307184,0.2359467,0.050549097
1760635028247,-0.070554934,0.22388211,0.053145275
1760635028250,-0.07192938,0.20693061,0.054367006
1760635028252,-0.0795652,0.18860464,0.054519724
1760635028254,-0.083383106,0.1704314,0.05222898
1760635028258,-0.08979719,0.15470162,0.05222898
1760635028259,-0.09865474,0.13530666,0.049938235
1760635028261,-0.1049161,0.11713341,0.047647487
1760635028264,-0.11010846,0.09773844,0.045356743
1760635028266,-0.1151481,0.08307768,0.041691553
1760635028268,-0.12385293,0.07345655,0.036957346
1760635028270,-0.13271047,0.06261369,0.034513887
1760635028272,-0.1414153,0.04932737,0.031001411
1760635028274,-0.14889841,0.040927973,0.02733622
1760635028276,-0.15393804,0.032375857,0.024892759
1760635028279,-0.16142114,0.028863383,0.022449298
1760635028281,-0.16508633,0.02397646,0.023823744
1760635028284,-0.17012598,0.018020526,0.021380283
1760635028286,-0.17638734,0.0143553335,0.016493361
1760635028288,-0.1788308,0.0096211275,0.015271631
1760635028290,-0.1826487,0.0010690142,0.012980887
1760635028292,-0.18402316,-0.0038179078,0.010537425
1760635028295,-0.18280143,-0.0050396384,0.0056505036
1760635028297,-0.1779145,-0.00992656,0.0032070426
1760635028300,-0.1779145,-0.00992656,-4.5814895E-4
1760635028302,-0.17180584,-0.00992656,-0.00290161
1760635028304,-0.16920967,-0.00992656,-0.0053450707
1760635028306,-0.16187929,-0.0076358155,-0.010231993
1760635028308,-0.15561792,-0.005192355,-0.015271631
1760635028311,-0.15195273,-0.006414085,-0.017715093
1760635028313,-0.14462234,-0.008857546,-0.022449298
1760635028315,-0.1348485,-0.0065668016,-0.027488936
1760635028318,-0.12736541,-0.0030543262,-0.031154128
1760635028320,-0.11377365,-0.0030543262,-0.03604105
1760635028322,-0.107665,-0.0032070426,-0.040927973
1760635028324,-0.09896017,-0.001985312,-0.044593163
1760635028327,-0.089186326,-9.162979E-4,-0.050701816
1760635028329,-0.082924955,0.0015271631,-0.055588737
1760635028331,-0.07315111,0.0025961774,-0.060628377
1760635028334,-0.06566802,0.007483099,-0.06429356
1760635028335,-0.062002823,0.010995574,-0.065515295
1760635028338,-0.055741455,0.014660766,-0.07162395
1760635028340,-0.05207626,0.021991149,-0.07284568
1760635028342,-0.049480084,0.027947085,-0.07788532
1760635028345,-0.049480084,0.030543262,-0.08155051
1760635028347,-0.043218717,0.035277467,-0.08277224
1760635028349,-0.039553523,0.03772093,-0.086437434
1760635028351,-0.039553523,0.03894266,-0.09132435
1760635028354,-0.038331795,0.04505131,-0.09132435
1760635028356,-0.035888333,0.043829583,-0.09254608
1760635028358,-0.030848695,0.044898596,-0.094989546
1760635028361,-0.029626964,0.043676864,-0.09621128
1760635028363,-0.027183503,0.041233405,-0.09865474
1760635028365,-0.024740042,0.040011674,-0.09743301
1760635028367,-0.023518313,0.038789943,-0.09743301
1760635028370,-0.01863139,0.035124753,-0.09743301
1760635028372,-0.016187929,0.03268129,-0.09865474
1760635028374,-0.010079277,0.030085113,-0.101098195
1760635028376,-0.0076358155,0.028863383,-0.09865474
1760635028378,-0.005192355,0.02397646,-0.09987647
1760635028381,-0.0027488936,0.02031127,-0.09987647
1760635028383,-3.0543262E-4,0.021533,-0.102319926
1760635028385,-3.0543262E-4,0.02031127,-0.10720685
1760635028388,-3.0543262E-4,0.02031127,-0.109650314
1760635028390,-3.0543262E-4,0.02031127,-0.11209377
1760635028393,-3.0543262E-4,0.02275473,-0.116980694
1760635028394,-0.0027488936,0.025198191,-0.118202426
1760635028397,-0.003970624,0.031306844,-0.12186762
1760635028399,-0.0015271631,0.036193766,-0.1255328
1760635028401,-0.008857546,0.03756821,-0.129198
1760635028404,-0.013744468,0.043676864,-0.13423763
1760635028406,-0.01863139,0.05100725,-0.13912456
1760635028408,-0.02107485,0.05589417,-0.14034629
1760635028411,-0.029626964,0.06704246,-0.14156802
1760635028413,-0.03313944,0.075594574,-0.14538592
1760635028415,-0.03924809,0.0804815,-0.14660765
1760635028417,-0.042913284,0.08781188,-0.14905111
1760635028420,-0.045356743,0.098807454,-0.1516473
1760635028422,-0.052687127,0.1085813,-0.15286903
1760635028424,-0.05375614,0.1207986,-0.15409076
1760635028427,-0.057268616,0.12935072,-0.1554652
1760635028429,-0.06093381,0.1366811,-0.15668693
1760635028431,-0.06078109,0.14889841,-0.1554652
1760635028433,-0.063224554,0.1611157,-0.15561792
1760635028436,-0.065515295,0.17333302,-0.15561792
1760635028438,-0.06414085,0.18677205,-0.15332718
1760635028440,-0.069027774,0.1965459,-0.15210545
1760635028442,-0.06887506,0.20616703,-0.14966199
1760635028444,-0.067500606,0.21594086,-0.14859296
1760635028447,-0.06505715,0.2171626,-0.14492778
1760635028450,-0.06246097,0.22556199,-0.14492778
1760635028452,-0.06246097,0.22922719,-0.13881913
1760635028454,-0.056199603,0.23411411,-0.13515393
1760635028456,-0.052534413,0.2302962,-0.13148874
1760635028458,-0.047647487,0.22907446,-0.12782355
1760635028461,-0.042760566,0.22540927,-0.1217149
1760635028463,-0.034208454,0.21792617,-0.11804971
1760635028465,-0.02687807,0.20570888,-0.1142318
1760635028467,-0.018325957,0.19700404,-0.11178834
1760635028470,-0.007330383,0.18478674,-0.108123146
1760635028472,0.0012217305,0.17134771,-0.10552697
1760635028474,0.009773844,0.15897769,-0.10064005
1760635028476,0.019394971,0.14309518,-0.09682214
1760635028478,0.031612277,0.1282817,-0.09193522
1760635028481,0.04138612,0.11728613,-0.089491755
1760635028483,0.052381694,0.10247265,-0.08445212
1760635028485,0.06078109,0.09025534,-0.08323039
1760635028487,0.0693332,0.07315111,-0.080634214
1760635028490,0.074067414,0.058490347,-0.07696902
1760635028492,0.082619525,0.044898596,-0.07437284
1760635028494,0.08368854,0.027794369,-0.07315111
1760635028497,0.08597928,0.012064588,-0.070554934
1760635028499,0.0870483,-0.0025961774,-0.066737026
1760635028501,0.09056077,-0.020922136,-0.066737026
1760635028503,0.089186326,-0.03436117,-0.06291912
1760635028506,0.084146686,-0.04886922,-0.06291912
1760635028508,0.07666359,-0.06093381,-0.060322944
1760635028510,0.06918049,-0.075594574,-0.059101213
1760635028512,0.06291912,-0.08399397,-0.056505036
1760635028514,0.052839845,-0.09605856,-0.055283304
1760635028517,0.046578474,-0.104610674,-0.052687127
1760635028519,0.03924809,-0.11178834,-0.051465396
1760635028521,0.029321533,-0.11652254,-0.046578474
1760635028524,0.021838432,-0.12629639,-0.04642576
1760635028526,0.013133603,-0.12858713,-0.04520403
1760635028528,0.008246681,-0.12980886,-0.04153884
1760635028531,0.001985312,-0.12843442,-0.039095376
1760635028533,-0.007788532,-0.12721269,-0.036651913
1760635028535,-0.012675454,-0.12721269,-0.030543262
1760635028537,-0.020005837,-0.12583824,-0.02687807
1760635028540,-0.02611449,-0.119729586,-0.021991149
1760635028542,-0.02977968,-0.112399206,-0.017104227
1760635028544,-0.037110064,-0.10751228,-0.012370021
1760635028546,-0.038331795,-0.103847094,-0.00870483
1760635028548,-0.040775254,-0.10140363,-0.0013744468
1760635028552,-0.04428773,-0.09773844,0.0047342055
1760635028554,-0.04550946,-0.09285152,0.0096211275
1760635028555,-0.04184427,-0.09285152,0.013286319
1760635028558,-0.042913284,-0.087964594,0.01695151
1760635028560,-0.03924809,-0.08323039,0.01695151
1760635028562,-0.0355829,-0.08445212,0.021838432
1760635028565,-0.03436117,-0.08445212,0.023060163
1760635028567,-0.028099801,-0.08323039,0.021838432
1760635028569,-0.02443461,-0.083383106,0.021838432
1760635028571,-0.02321288,-0.07971791,0.020463986
1760635028574,-0.01572978,-0.07727446,0.016798794
1760635028576,-0.010842858,-0.07498371,0.0143553335
1760635028579,-0.008399397,-0.07376198,0.011911872
1760635028581,-0.0021380284,-0.06887506,0.009468411
1760635028583,0.0027488936,-0.06887506,0.0033597588
1760635028585,0.0041233404,-0.06291912,-0.0027488936
1760635028587,0.0065668016,-0.0580322,-0.007788532
1760635028589,0.011453724,-0.054367006,-0.012675454
1760635028592,0.016493361,-0.050701816,-0.017562376
1760635028594,0.018936822,-0.04352415,-0.021227567
1760635028596,0.021533,-0.03863723,-0.027488936
1760635028599,0.02397646,-0.034972034,-0.03359759
1760635028607,0.02397646,-0.032528576,-0.03970624
1760635028607,0.027641652,-0.030085113,-0.04337143
1760635028607,0.03145956,-0.028863383,-0.050701816
1760635028607,0.035124753,-0.027641652,-0.051923547
1760635028614,0.038789943,-0.025350908,-0.059253927
1760635028614,0.040011674,-0.022907447,-0.06291912
1760635028614,0.040011674,-0.022907447,-0.06780604
1760635028616,0.04505131,-0.018020526,-0.074067414
1760635028619,0.048716504,-0.013133603,-0.07651087
1760635028626,0.05497787,-0.0096211275,-0.081397794
1760635028626,0.058643065,-0.005955936,-0.08384126
1760635028626,0.059864793,-0.005955936,-0.08750644
1760635028628,0.062308256,-0.0010690142,-0.089949906
1760635028630,0.06612616,1.5271631E-4,-0.0936151
1760635028632,0.069791354,0.004886922,-0.09621128
1760635028634,0.074830994,0.007330383,-0.09865474
1760635028637,0.07849618,0.010995574,-0.10354166
1760635028639,0.08093964,0.015882496,-0.10476339
1760635028641,0.087201014,0.021838432,-0.10720685
1760635028643,0.088422745,0.025503624,-0.1085813
1760635028646,0.09101892,0.034055736,-0.1085813
1760635028648,0.088728175,0.043829583,-0.10980303
1760635028650,0.08506299,0.05955936,-0.10995574
1760635028653,0.08277224,0.0729984,-0.111177474
1760635028655,0.07666359,0.08155051,-0.107665
1760635028657,0.068264194,0.09758572,-0.10399981
1760635028659,0.05971208,0.11102476,-0.100334615
1760635028662,0.04886922,0.122020334,-0.09682214
1760635028664,0.040317107,0.1330159,-0.089491755
1760635028666,0.030543262,0.14172074,-0.08582657
1760635028669,0.021991149,0.14782938,-0.0786489
1760635028671,0.012217305,0.15286903,-0.072540246
1760635028673,0.004886922,0.16142114,-0.065209866
1760635028675,-0.004886922,0.16752979,-0.059101213
1760635028678,-0.009773844,0.16997325,-0.05177083
1760635028680,-0.019547688,0.17379116,-0.041996986
1760635028682,-0.02443461,0.17623462,-0.032223143
1760635028685,-0.028099801,0.17623462,-0.02367103
1760635028687,-0.03176499,0.17623462,-0.013897184
1760635028689,-0.037873644,0.17256944,-0.00290161
1760635028691,-0.04046982,0.16890424,0.006872234
1760635028693,-0.041691553,0.16157386,0.016798794
1760635028696,-0.04550946,0.15302174,0.0290161
1760635028698,-0.046731193,0.14813483,0.03756821
1760635028700,-0.04795292,0.14095716,0.04505131
1760635028703,-0.050549097,0.12873985,0.051159963
1760635028705,-0.04810564,0.117744274,0.058643065
1760635028707,-0.051923547,0.110413894,0.065973446
1760635028709,-0.053297993,0.09941832,0.07086037
1760635028712,-0.05222898,0.08475755,0.07467828
1760635028714,-0.05222898,0.07147124,0.077121735
1760635028716,-0.054825157,0.06047566,0.07849618
1760635028719,-0.05375614,0.047036625,0.07727446
1760635028721,-0.05513059,0.033750303,0.0786489
1760635028723,-0.054061573,0.025198191,0.07620544
1760635028725,-0.05299256,0.010537425,0.069027774
1760635028728,-0.05421429,-3.0543262E-4,0.06658431
1760635028745,-0.05681047,-0.003970624,0.06291912
1760635028745,-0.054367006,-0.0125227375,0.059253927
1760635028746,-0.053297993,-0.01985312,0.054519724
1760635028747,-0.05589417,-0.028252518,0.04841107
1760635028747,-0.05467244,-0.029474247,0.041080687
1760635028747,-0.05467244,-0.03313944,0.036193766
1760635028747,-0.05100725,-0.03436117,0.032528576
1760635028748,-0.049785517,-0.03924809,0.027641652
1760635028749,-0.051159963,-0.038026363,0.025198191
1760635028751,-0.052381694,-0.03680463,0.021533
1760635028753,-0.05467244,-0.03191771,0.021533
1760635028755,-0.058337633,-0.022143865,0.019089539
1760635028763,-0.058184914,-0.011148291,0.017715093
1760635028765,-0.061850104,-1.5271631E-4,0.018936822
1760635028765,-0.06536258,0.012064588,0.020005837
1760635028765,-0.069027774,0.024281893,0.021227567
1760635028766,-0.072540246,0.03772093,0.025961773
1760635028769,-0.07360926,0.04627304,0.029626964
1760635028771,-0.07345655,0.058337633,0.030848695
1760635028779,-0.077121735,0.0693332,0.03436117
1760635028780,-0.07574729,0.07788532,0.038026363
1760635028781,-0.07941248,0.08277224,0.03924809
1760635028781,-0.075594574,0.09117164,0.044135015
1760635028783,-0.075594574,0.09483683,0.04520403
1760635028784,-0.0729984,0.09850202,0.04886922
1760635028787,-0.071776666,0.09605856,0.05009095
1760635028789,-0.06566802,0.099571034,0.05375614
1760635028791,-0.063224554,0.09712757,0.05497787
1760635028793,-0.063224554,0.09101892,0.056352317
1760635028796,-0.058337633,0.08735373,0.05879578
1760635028798,-0.05222898,0.08246681,0.06001751
1760635028800,-0.046120327,0.07513642,0.05879578
1760635028803,-0.043676864,0.06780604,0.05757405
1760635028805,-0.04016439,0.055588737,0.061391957
1760635028807,-0.0364992,0.04810564,0.060170226
1760635028810,-0.035430185,0.03726278,0.058948494
1760635028812,-0.03191771,0.025045475,0.05787948
1760635028814,-0.03191771,0.014049901,0.05665775
1760635028816,-0.027183503,0.0018325958,0.053145275
1760635028819,-0.02611449,-0.009162978,0.050701816
1760635028820,-0.02367103,-0.016493361,0.047036625
1760635028823,-0.022449298,-0.022602014,0.044593163
1760635028826,-0.023823744,-0.02855795,0.039858956
1760635028828,-0.026419923,-0.035888333,0.037415497
1760635028830,-0.028863383,-0.037110064,0.034972034
1760635028832,-0.033750303,-0.03940081,0.032528576
1760635028834,-0.035124753,-0.03940081,0.027641652
1760635028837,-0.040011674,-0.03940081,0.025198191
1760635028839,-0.044898596,-0.038026363,0.02397646
1760635028841,-0.048716504,-0.04046982,0.021533
1760635028843,-0.052381694,-0.03924809,0.021533
1760635028846,-0.058490347,-0.037873644,0.02031127
1760635028849,-0.06093381,-0.035430185,0.01786781
1760635028850,-0.068264194,-0.030543262,0.01786781
1760635028852,-0.07315111,-0.030543262,0.02031127
1760635028855,-0.076816306,-0.025503624,0.01786781
1760635028858,-0.07925977,-0.019394971,0.01786781
1760635028859,-0.08170322,-0.013286319,0.020158553
1760635028862,-0.08659015,-0.010842858,0.018936822
1760635028864,-0.08903361,-0.008399397,0.021380283
1760635028866,-0.08781188,-0.0047342055,0.025045475
1760635028868,-0.0888809,-0.0022907446,0.026267206
1760635028871,-0.0852157,0.0012217305,0.028710667
1760635028873,-0.0777326,0.0036651916,0.029932396
1760635028875,-0.07162395,0.0035124752,0.032375857
1760635028877,-0.06780604,0.005955936,0.03481932
1760635028880,-0.06291912,0.011911872,0.037110064
1760635028882,-0.05299256,0.013133603,0.037110064
1760635028884,-0.043066,0.012980887,0.037110064
1760635028887,-0.033292156,0.011759156,0.035888333
1760635028889,-0.025809057,0.01282817,0.032223143
1760635028891,-0.016035212,0.013897184,0.02977968
1760635028893,-0.004886922,0.016340645,0.02855795
1760635028896,0.0062613687,0.01863139,0.02367103
1760635028898,0.014813482,0.019700404,0.020005837
1760635028900,0.023518313,0.020922136,0.011301007
1760635028903,0.033292156,0.02076942,0.010079277
1760635028905,0.04184427,0.019547688,0.0027488936
1760635028907,0.05177083,0.021838432,-9.162979E-4
1760635028909,0.05299256,0.021838432,-0.008246681
1760635028911,0.05787948,0.021838432,-0.015577064
1760635028914,0.060322944,0.025503624,-0.020463986
1760635028916,0.06536258,0.025503624,-0.025350908
1760635028918,0.065209866,0.024281893,-0.03390302
1760635028921,0.06154467,0.024281893,-0.035124753
1760635028923,0.060322944,0.024281893,-0.03756821
1760635028925,0.055436023,0.03176499,-0.042455133
1760635028927,0.04932737,0.030543262,-0.042455133
1760635028930,0.04444045,0.034208454,-0.046120327
1760635028932,0.039553523,0.038026363,-0.044898596
1760635028934,0.029626964,0.041691553,-0.04627304
1760635028936,0.024740042,0.04062254,-0.043676864
1760635028939,0.01863139,0.043066,-0.04016439
1760635028941,0.013591751,0.03940081,-0.040011674
1760635028943,0.00992656,0.03940081,-0.035124753
1760635028945,0.0050396384,0.035888333,-0.03145956
1760635028947,0.0036651916,0.032223143,-0.027794369
1760635028950,0.002443461,0.02855795,-0.024129177
1760635028952,0.0012217305,0.02611449,-0.021685716
1760635028955,-0.0012217305,0.021227567,-0.016798794
1760635028957,-0.0013744468,0.016340645,-0.011759156
1760635028959,-0.0013744468,0.012675454,-0.006872234
1760635028961,0.0010690142,0.009010263,-0.004428773
1760635028964,0.005955936,0.0065668016,-0.004428773
1760635028966,0.0096211275,0.0016798794,-0.001985312
1760635028968,0.010842858,-0.0032070426,0.00290161
1760635028970,0.01572978,-0.008246681,0.0018325958
1760635028972,0.01695151,-0.013133603,0.0030543262
1760635028975,0.020616703,-0.018020526,0.0018325958
1760635028978,0.025503624,-0.020463986,0.0030543262
1760635028979,0.026725354,-0.025350908,0.004276057
1760635028982,0.031612277,-0.03023783,0.0030543262
1760635028985,0.0364992,-0.03283401,0.004276057
1760635028987,0.03756821,-0.038789943,0.0030543262
1760635028989,0.041233405,-0.04627304,0.001985312
1760635028991,0.044898596,-0.047494773,-0.0016798794
1760635028993,0.04734206,-0.051159963,-4.5814895E-4
1760635028996,0.049785517,-0.052381694,-0.00290161
1760635028998,0.05100725,-0.057268616,-0.0016798794
1760635029000,0.053450707,-0.062155537,-0.0041233404
1760635029002,0.05589417,-0.064599,-0.0065668016
1760635029004,0.05467244,-0.062155537,-0.009010263
1760635029006,0.05589417,-0.062155537,-0.007788532
1760635029009,0.05085453,-0.06093381,-0.009010263
1760635029011,0.048563786,-0.057268616,-0.007788532
1760635029013,0.044898596,-0.053450707,-0.010231993
1760635029016,0.042455133,-0.05100725,-0.0065668016
1760635029018,0.035124753,-0.043676864,-0.0065668016
1760635029021,0.03023783,-0.040011674,-0.0041233404
1760635029022,0.026572637,-0.03390302,-0.004276057
1760635029026,0.020463986,-0.030085113,-0.0030543262
1760635029027,0.016798794,-0.02397646,-6.1086525E-4
1760635029029,0.013133603,-0.019089539,6.1086525E-4
1760635029032,0.008246681,-0.014202617,0.0018325958
1760635029034,0.005955936,-0.008093964,0.005497787
1760635029036,0.0022907446,-0.001985312,0.007788532
1760635029039,0.0035124752,-7.6358154E-4,0.009010263
1760635029042,0.0035124752,-0.0032070426,0.011453724
1760635029043,0.0010690142,-7.6358154E-4,0.016340645
1760635029046,0.0022907446,0.00290161,0.018784106
1760635029048,0.0010690142,0.0053450707,0.022449298
1760635029050,0.0012217305,0.0065668016,0.02367103
1760635029052,0.002443461,0.008857546,0.02367103
1760635029054,0.0036651916,0.008857546,0.02611449
1760635029057,0.0036651916,0.011301007,0.02855795
1760635029059,0.0036651916,0.0125227375,0.02733622
1760635029061,0.0012217305,0.013744468,0.02855795
1760635029063,0.0012217305,0.01863139,0.031001411
1760635029066,0.0012217305,0.01863139,0.031001411
1760635029068,-0.0022907446,0.022296581,0.031001411
1760635029070,-0.0061086523,0.024892759,0.02977968
1760635029072,-0.0096211275,0.031001411,0.032070424
1760635029075,-0.013286319,0.0346666,0.028405234
1760635029077,-0.017104227,0.035888333,0.027183503
1760635029079,-0.019394971,0.040775254,0.023518313
1760635029081,-0.02443461,0.040927973,0.02107485
1760635029084,-0.02687807,0.0421497,0.01740966
1760635029086,-0.03176499,0.047036625,0.0125227375
1760635029088,-0.036651913,0.049632803,0.005192355
1760635029091,-0.038026363,0.04718934,-0.004581489
1760635029093,-0.03680463,0.049632803,-0.0106901415
1760635029095,-0.03436117,0.05085453,-0.019242255
1760635029097,-0.030695979,0.05085453,-0.03023783
1760635029099,-0.02443461,0.05085453,-0.04138612
1760635029102,-0.017104227,0.053145275,-0.052381694
1760635029104,-0.012217305,0.049480084,-0.06337727
1760635029107,-0.0036651916,0.050701816,-0.07315111
1760635029109,0.002443461,0.051923547,-0.082924955
1760635029111,0.011148291,0.050549097,-0.09025534
1760635029114,0.024587326,0.04810564,-0.09758572
1760635029115,0.03191771,0.04184427,-0.10369437
1760635029118,0.03924809,0.04062254,-0.11224649
1760635029120,0.04795292,0.038179077,-0.11835514
1760635029122,0.055283304,0.03436117,-0.123242065
1760635029125,0.061391957,0.03313944,-0.12812899
1760635029127,0.06872234,0.03313944,-0.1330159
1760635029129,0.07498371,0.035430185,-0.1366811
1760635029131,0.079870634,0.036651913,-0.14156802
1760635029134,0.08597928,0.037873644,-0.14401148
1760635029136,0.092240654,0.04138612,-0.14645495
1760635029138,0.092240654,0.04138612,-0.14767668
1760635029141,0.09468412,0.04260785,-0.15012014
1760635029143,0.09712757,0.04260785,-0.15378532
1760635029145,0.09712757,0.04138612,-0.1525636
1760635029147,0.09712757,0.04016439,-0.15134187
1760635029150,0.09590584,0.04016439,-0.15500705
1760635029152,0.09712757,0.03894266,-0.15500705
1760635029154,0.094531395,0.034055736,-0.15500705
1760635029157,0.09086621,0.03176499,-0.15500705
1760635029159,0.08964448,0.030543262,-0.15500705
1760635029161,0.08597928,0.02687807,-0.15134187
1760635029163,0.08582657,0.02076942,-0.1525636
1760635029165,0.083383106,0.019547688,-0.14996742
1760635029168,0.07971791,0.019547688,-0.14752395
1760635029171,0.0759,0.017256944,-0.14508049
1760635029172,0.06734789,0.018478673,-0.14263703
1760635029175,0.06246097,0.017256944,-0.13775012
1760635029177,0.06001751,0.016187929,-0.13530666
1760635029179,0.05497787,0.01740966,-0.13164146
1760635029181,0.052534413,0.01740966,-0.12797627
1760635029183,0.047647487,0.013744468,-0.12186762
1760635029185,0.043982297,0.01985312,-0.11575896
1760635029188,0.04153884,0.02107485,-0.11209377
1760635029191,0.037873644,0.02107485,-0.10842858
1760635029193,0.035430185,0.01863139,-0.101098195
1760635029195,0.03176499,0.017562376,-0.093767814
1760635029197,0.030543262,0.017562376,-0.09254608
1760635029199,0.031612277,0.011453724,-0.087659165
1760635029202,0.03176499,0.0125227375,-0.08155051
1760635029204,0.029168816,0.007788532,-0.074067414
1760635029206,0.03283401,0.0027488936,-0.07162395
1760635029208,0.035277467,-9.162979E-4,-0.06795876
1760635029211,0.035277467,-0.00580322,-0.06429356
1760635029213,0.03894266,-0.008246681,-0.058184914
1760635029215,0.04016439,-0.011911872,-0.056963183
1760635029217,0.043829583,-0.018020526,-0.051923547
1760635029220,0.04505131,-0.022907447,-0.047036625
1760635029222,0.04505131,-0.026572637,-0.04337143
1760635029224,0.042455133,-0.03145956,-0.03970624
1760635029227,0.042455133,-0.035124753,-0.03726278
1760635029229,0.043676864,-0.03390302,-0.03604105
1760635029231,0.046120327,-0.038789943,-0.029932396
1760635029234,0.044898596,-0.038789943,-0.029932396
1760635029236,0.044898596,-0.041233405,-0.028710667
1760635029238,0.041233405,-0.042455133,-0.027488936
1760635029240,0.036193766,-0.042455133,-0.024892759
1760635029242,0.033750303,-0.040011674,-0.026267206
1760635029245,0.027641652,-0.036193766,-0.022602014
1760635029247,0.02397646,-0.033750303,-0.021380283
1760635029250,0.019089539,-0.031306844,-0.017715093
1760635029252,0.014202617,-0.027641652,-0.015271631
1760635029254,0.009315695,-0.02397646,-0.01160644
1760635029256,0.0032070426,-0.022602014,-0.007941248
1760635029258,0.001985312,-0.017715093,-0.0030543262
1760635029260,-0.003970624,-0.01282817,0.0018325958
1760635029263,-0.0065668016,-0.014049901,0.007941248
1760635029265,-0.010231993,-0.01282817,0.01282817
1760635029267,-0.012675454,-0.01160644,0.017715093
1760635029270,-0.013897184,-0.01282817,0.025045475
1760635029272,-0.012675454,-0.018936822,0.028710667
1760635029274,-0.012675454,-0.017715093,0.03726278
1760635029277,-0.012675454,-0.021380283,0.040927973
1760635029279,-0.012675454,-0.022602014,0.048258353
1760635029281,-0.011453724,-0.026419923,0.056963183
1760635029283,-0.015118915,-0.031154128,0.060628377
1760635029286,-0.016340645,-0.032375857,0.06795876
1760635029288,-0.016340645,-0.03359759,0.075289145
1760635029290,-0.018784106,-0.03481932,0.081397794
1760635029293,-0.020005837,-0.03359759,0.08750644
1760635029295,-0.02367103,-0.031154128,0.089949906
1760635029297,-0.02733622,-0.023823744,0.09483683
1760635029299,-0.033444874,-0.021380283,0.09972375
1760635029302,-0.037110064,-0.014049901,0.1020145
1760635029304,-0.04062254,-0.0067195175,0.10567969
1760635029306,-0.04428773,-6.1086525E-4,0.108123146
1760635029308,-0.046578474,0.009162978,0.10934488
1760635029311,-0.047800206,0.01282817,0.108123146
1760635029313,-0.051465396,0.018936822,0.10797043
1760635029316,-0.051465396,0.022602014,0.10552697
1760635029317,-0.04886922,0.028710667,0.10186178
1760635029320,-0.043982297,0.031154128,0.095753126
1760635029322,-0.037873644,0.033444874,0.09330966
1760635029325,-0.030390546,0.035888333,0.089491755
1760635029327,-0.027947085,0.035888333,0.082161374
1760635029329,-0.01817324,0.038179077,0.076052725
1760635029331,-0.008246681,0.038179077,0.06994407
1760635029333,-0.0021380284,0.0355829,0.06261369
1760635029336,0.007788532,0.0355829,0.057726767
1760635029338,0.016340645,0.032986723,0.051618114
1760635029340,0.022449298,0.030543262,0.046731193
1760635029342,0.032223143,0.030543262,0.04062254
1760635029345,0.035888333,0.02443461,0.03573562
1760635029347,0.041996986,0.023060163,0.030848695
1760635029349,0.04810564,0.019394971,0.024740042
1760635029351,0.050549097,0.013286319,0.022449298
1760635029354,0.05299256,0.0071776668,0.017562376
1760635029356,0.051618114,0.0022907446,0.015118915
1760635029358,0.050396383,-0.0036651916,0.007788532
1760635029360,0.052687127,-0.009773844,0.0041233404
1760635029363,0.05024367,-0.013439035,0.0016798794
1760635029365,0.04886922,-0.015882496,-0.0030543262
1760635029367,0.043982297,-0.020616703,-0.005497787
1760635029369,0.04138612,-0.025503624,-0.007941248
1760635029372,0.03894266,-0.025503624,-0.01160644
1760635029374,0.03145956,-0.027794369,-0.01282817
1760635029376,0.027794369,-0.03145956,-0.01282817
1760635029379,0.025350908,-0.033750303,-0.015271631
1760635029381,0.016646078,-0.033750303,-0.016493361
1760635029383,0.011759156,-0.031306844,-0.015271631
1760635029386,0.004428773,-0.029932396,-0.016493361
1760635029388,-6.1086525E-4,-0.027488936,-0.015271631
1760635029390,-0.004276057,-0.023823744,-0.014049901
1760635029392,-0.014049901,-0.017562376,-0.01282817
1760635029395,-0.016493361,-0.013897184,-0.01160644
1760635029397,-0.020158553,-0.010231993,-0.01038471
1760635029399,-0.02367103,-0.0041233404,-0.0067195175
1760635029401,-0.02367103,0.001985312,-0.008093964
1760635029404,-0.02611449,0.008093964,-0.004428773
1760635029406,-0.02977968,0.010537425,-7.6358154E-4
1760635029408,-0.028405234,0.012980887,0.0016798794
1760635029410,-0.027183503,0.019089539,0.0041233404
1760635029413,-0.028252518,0.028710667,0.010079277
1760635029415,-0.027030786,0.032375857,0.016187929
1760635029417,-0.02687807,0.03848451,0.01985312
1760635029419,-0.026725354,0.048258353,0.023518313
1760635029422,-0.026725354,0.050549097,0.030848695
1760635029424,-0.025503624,0.05665775,0.033292156
1760635029426,-0.024129177,0.059101213,0.038026363
1760635029429,-0.021685716,0.06154467,0.04046982
1760635029430,-0.024129177,0.059101213,0.042913284
1760635029433,-0.020463986,0.055436023,0.04795292
1760635029435,-0.021685716,0.05421429,0.050396383
1760635029437,-0.018020526,0.050396383,0.050396383
1760635029439,-0.015577064,0.04428773,0.050396383
1760635029442,-0.01695151,0.040775254,0.04550946
1760635029444,-0.01450805,0.035888333,0.04428773
1760635029446,-0.014660766,0.02611449,0.041996986
1760635029448,-0.013439035,0.02367103,0.038331795
1760635029452,-0.010995574,0.022449298,0.033444874
1760635029453,-0.009773844,0.015118915,0.031001411
1760635029455,-0.007483099,0.011453724,0.02855795
1760635029458,-0.0038179078,0.0065668016,0.02611449
1760635029460,-0.0025961774,0.0016798794,0.021227567
1760635029462,-0.0025961774,-0.0032070426,0.017715093
1760635029465,0.0022907446,-0.004428773,0.014049901
1760635029467,0.0035124752,-0.0032070426,0.011453724
1760635029469,0.0035124752,-0.0032070426,0.009010263
1760635029472,0.0033597588,-0.006872234,0.007941248
1760635029474,0.0047342055,-0.004428773,0.0041233404
1760635029476,0.0071776668,-0.0032070426,0.0041233404
1760635029478,0.0071776668,-7.6358154E-4,0.00290161
1760635029481,0.012064588,-9.162979E-4,0.00290161
1760635029483,0.010995574,0.003970624,0.00290161
1760635029485,0.013439035,0.005192355,0.00290161
1760635029487,0.010995574,0.010079277,0.0053450707
1760635029490,0.010995574,0.016187929,0.0041233404
1760635029492,0.00992656,0.024740042,0.003970624
1760635029494,0.0050396384,0.028405234,0.006414085
1760635029497,0.0062613687,0.034513887,0.010079277
1760635029499,0.0027488936,0.03940081,0.011301007
1760635029501,0.0015271631,0.04184427,0.0125227375
1760635029503,-0.0021380284,0.04428773,0.013744468
1760635029506,-0.0047342055,0.043066,0.013744468
1760635029508,-0.0035124752,0.04184427,0.016187929
1760635029510,-0.0047342055,0.038179077,0.016187929
1760635029512,-0.005955936,0.032223143,0.01740966
1760635029515,-0.007330383,0.02367103,0.017562376
1760635029517,-0.0061086523,0.020005837,0.015118915
1760635029519,-0.0062613687,0.010231993,0.015118915
1760635029522,-0.0050396384,4.5814895E-4,0.012675454
1760635029524,-0.005192355,-0.001985312,0.012675454
1760635029526,-0.006414085,-0.007941248,0.01038471
1760635029528,-0.0053450707,-0.016493361,0.01038471
1760635029530,-0.007788532,-0.025045475,0.007941248
1760635029533,-0.009162978,-0.032375857,0.0056505036
1760635029535,-0.01160644,-0.037110064,0.0056505036
1760635029537,-0.0154243475,-0.039553523,0.004428773
1760635029539,-0.019089539,-0.038331795,0.0032070426
1760635029542,-0.021533,-0.04062254,0.001985312
1760635029544,-0.026572637,-0.04795292,0.0032070426
1760635029547,-0.03268129,-0.046731193,7.6358154E-4
1760635029549,-0.04016439,-0.044135015,0.001985312
1760635029551,-0.04505131,-0.044135015,-4.5814895E-4
1760635029553,-0.052534413,-0.04642576,-0.00290161
1760635029556,-0.061086524,-0.043982297,-0.00290161
1760635029558,-0.06719518,-0.04138612,-0.0065668016
1760635029560,-0.07345655,-0.03894266,-0.007788532
1760635029562,-0.078343466,-0.040011674,-0.010231993
1760635029565,-0.078343466,-0.040011674,-0.011453724
1760635029567,-0.08323039,-0.03756821,-0.011453724
1760635029569,-0.08689558,-0.03268129,-0.012675454
1760635029571,-0.08933904,-0.03145956,-0.017562376
1760635029574,-0.0954477,-0.026419923,-0.017562376
1760635029576,-0.09666943,-0.02275473,-0.016340645
1760635029578,-0.100334615,-0.01786781,-0.017562376
1760635029580,-0.10277808,-0.011759156,-0.016493361
1760635029583,-0.10522154,-0.010537425,-0.018936822
1760635029585,-0.10522154,-0.010537425,-0.020158553
1760635029587,-0.107665,-0.0056505036,-0.022602014
1760635029590,-0.11010846,-0.009315695,-0.025045475
1760635029592,-0.11010846,-0.009315695,-0.028710667
1760635029594,-0.10644327,-0.006872234,-0.03481932
1760635029596,-0.100334615,-0.011759156,-0.03970624
1760635029599,-0.100334615,-0.009315695,-0.04337143
1760635029601,-0.100334615,-0.009315695,-0.050701816
1760635029603,-0.0954477,-0.008093964,-0.059253927
1760635029605,-0.093004234,-0.004428773,-0.06780604
1760635029607,-0.09056077,-0.001985312,-0.07391469
1760635029610,-0.08674286,0.00290161,-0.08002335
1760635029612,-0.08674286,0.0053450707,-0.08506299
1760635029614,-0.08552113,0.011453724,-0.09117164
1760635029616,-0.0804815,0.013744468,-0.09972375
1760635029618,-0.07925977,0.014966198,-0.104610674
1760635029621,-0.07437284,0.01985312,-0.10827587
1760635029623,-0.07437284,0.02107485,-0.11560625
1760635029626,-0.07192938,0.023518313,-0.11927144
1760635029628,-0.06811147,0.025961773,-0.12308934
1760635029630,-0.06566802,0.027183503,-0.1255328
1760635029632,-0.06078109,0.028252518,-0.12797627
1760635029634,-0.058184914,0.03313944,-0.13164146
1760635029637,-0.050701816,0.040317107,-0.1328632
1760635029640,-0.048258353,0.05009095,-0.1330159
1760635029642,-0.040775254,0.057268616,-0.13179417
1760635029643,-0.03573562,0.064599,-0.1330159
1760635029646,-0.030695979,0.07666359,-0.13072516
1760635029648,-0.02565634,0.087659165,-0.13072516
1760635029651,-0.019394971,0.09483683,-0.1282817
1760635029653,-0.011911872,0.10323623,-0.123547494
1760635029658,-0.0056505036,0.11056661,-0.12232576
1760635029658,-0.0030543262,0.118966006,-0.11988231
1760635029659,0.0032070426,0.12629639,-0.11636983
1760635029662,0.0056505036,0.13225232,-0.11148291
1760635029664,0.0070249503,0.13713925,-0.10903945
1760635029666,0.0096211275,0.14446963,-0.105374254
1760635029668,0.0096211275,0.14920384,-0.10064005
1760635029672,0.0096211275,0.1516473,-0.094531395
1760635029674,0.013439035,0.15409076,-0.08964448
1760635029676,0.014660766,0.14920384,-0.08475755
1760635029678,0.014660766,0.14920384,-0.08109236
1760635029680,0.012064588,0.14309518,-0.07727446
1760635029682,0.012064588,0.14065172,-0.0711658
1760635029684,0.008399397,0.13576481,-0.06627888
1760635029686,0.00580322,0.13332134,-0.061391957
1760635029689,0.0021380284,0.12843442,-0.055283304
1760635029691,-0.0027488936,0.12614368,-0.049021937
1760635029694,-0.00290161,0.11759156,-0.044135015
1760635029696,-0.010231993,0.1151481,-0.038026363
1760635029698,-0.015271631,0.11148291,-0.030695979
1760635029700,-0.020158553,0.10797043,-0.024587326
1760635029702,-0.027641652,0.10186178,-0.017104227
1760635029705,-0.031306844,0.09712757,-0.014660766
1760635029707,-0.03634648,0.09468412,-0.008552114
1760635029709,-0.040011674,0.08735373,-0.0
1760635029712,-0.043676864,0.08368854,0.0050396384
1760635029714,-0.04627304,0.08002335,0.012370021
1760635029716,-0.048716504,0.074067414,0.017256944
1760635029718,-0.04886922,0.06795876,0.020922136
1760635029721,-0.052534413,0.06429356,0.024587326
1760635029723,-0.05009095,0.060628377,0.029626964
1760635029725,-0.04520403,0.06047566,0.030695979
1760635029727,-0.04642576,0.053145275,0.036957346
1760635029730,-0.042760566,0.049480084,0.036957346
1760635029732,-0.039095376,0.047036625,0.04184427
1760635029734,-0.036651913,0.0421497,0.04550946
1760635029737,-0.030543262,0.040775254,0.04795292
1760635029739,-0.028099801,0.037110064,0.04795292
1760635029741,-0.02687807,0.0346666,0.052839845
1760635029743,-0.02321288,0.032223143,0.052839845
1760635029746,-0.020616703,0.032223143,0.054061573
1760635029748,-0.01695151,0.02855795,0.055436023
1760635029750,-0.015882496,0.022449298,0.055436023
1760635029752,-0.012064588,0.025961773,0.055436023
1760635029755,-0.0096211275,0.023518313,0.05665775
1760635029757,-0.0096211275,0.023518313,0.059101213
1760635029759,-0.008399397,0.023518313,0.0627664
1760635029761,-0.0071776668,0.025961773,0.065209866
1760635029764,-0.005955936,0.025961773,0.0664316
1760635029766,-0.008399397,0.027183503,0.07009678
1760635029768,-0.008246681,0.030848695,0.07360926
1760635029771,-0.009468411,0.034513887,0.07849618
1760635029773,-0.0143553335,0.03940081,0.083383106
1760635029775,-0.016798794,0.04184427,0.089491755
1760635029777,-0.020463986,0.04795292,0.09560041
1760635029780,-0.02031127,0.051618114,0.10048734
1760635029782,-0.026419923,0.060170226,0.10781772
1760635029784,-0.026267206,0.06612616,0.117438845
1760635029787,-0.028710667,0.071013086,0.12232576
1760635029788,-0.027488936,0.07345655,0.12843442
1760635029791,-0.02733622,0.077121735,0.13698652
1760635029793,-0.031001411,0.078343466,0.14065172
1760635029795,-0.02733622,0.08323039,0.14187345
1760635029798,-0.025961773,0.08552113,0.14676037
1760635029800,-0.022296581,0.08552113,0.15042557
1760635029802,-0.01863139,0.08307768,0.15286903
1760635029805,-0.011301007,0.07925977,0.15409076
1760635029807,-0.010079277,0.07925977,0.15409076
1760635029809,-0.0076358155,0.07437284,0.15286903
1760635029811,-3.0543262E-4,0.07070765,0.14920384
1760635029813,0.00580322,0.06811147,0.1479821
1760635029816,0.01450805,0.06688975,0.14553864
1760635029818,0.021838432,0.06078109,0.14065172
1760635029820,0.026725354,0.0571159,0.13836098
1760635029822,0.03283401,0.054519724,0.13225232
1760635029825,0.0364992,0.053297993,0.12858713
1760635029827,0.04138612,0.055741455,0.123547494
1760635029829,0.047494773,0.054519724,0.116217114
1760635029832,0.048716504,0.054519724,0.10888673
1760635029834,0.05375614,0.05681047,0.100334615
1760635029836,0.056199603,0.06169739,0.094225965
1760635029838,0.059864793,0.06536258,0.08933904
1760635029841,0.06490443,0.070249505,0.08078693
1760635029843,0.06612616,0.07880162,0.0720821
1760635029845,0.06872234,0.084910266,0.06719518
1760635029847,0.06994407,0.08857546,0.058643065
1760635029850,0.0711658,0.094531395,0.05375614
1760635029852,0.07009678,0.10430524,0.047494773
1760635029854,0.07376198,0.10797043,0.043829583
1760635029857,0.07742717,0.111635625,0.04138612
1760635029859,0.07513642,0.12018774,0.04138612
1760635029861,0.076358154,0.12873985,0.03756821
1760635029864,0.0777326,0.13118331,0.03756821
1760635029866,0.07651087,0.13118331,0.038789943
1760635029868,0.075289145,0.13362677,0.038789943
1760635029870,0.074067414,0.13607024,0.042455133
1760635029873,0.07040222,0.13973543,0.046120327
1760635029875,0.06918049,0.1385137,0.04734206
1760635029877,0.065515295,0.1385137,0.049785517
1760635029879,0.066737026,0.1385137,0.05222898
1760635029882,0.06414085,0.12996158,0.053450707
1760635029884,0.06536258,0.12629639,0.0571159
1760635029886,0.06414085,0.12140947,0.057268616
1760635029889,0.06154467,0.115453534,0.056046885
1760635029891,0.0664316,0.10919216,0.058490347
1760635029893,0.072540246,0.10186178,0.057268616
1760635029895,0.07498371,0.09941832,0.058490347
1760635029898,0.074830994,0.09208794,0.05497787
1760635029900,0.07971791,0.08475755,0.05131268
1760635029902,0.08582657,0.079870634,0.05009095
1760635029904,0.090713486,0.07742717,0.04642576
1760635029906,0.09682214,0.074830994,0.043982297
1760635029909,0.10293079,0.06872234,0.040317107
1760635029911,0.10781772,0.06627888,0.037873644
1760635029913,0.112704635,0.060170226,0.034208454
1760635029916,0.12018774,0.06490443,0.030543262
1760635029918,0.12140947,0.06856962,0.02565634
1760635029921,0.12629639,0.069791354,0.02321288
1760635029923,0.12507465,0.071013086,0.019547688
1760635029924,0.12751812,0.07223482,0.015882496
1760635029927,0.12767084,0.077121735,0.012217305
1760635029930,0.12644911,0.08078693,0.009773844
1760635029931,0.122783914,0.08323039,0.0071776668
1760635029934,0.12156218,0.08689558,0.005955936
1760635029936,0.116675265,0.08933904,0.005955936
1760635029939,0.110413894,0.09193522,0.0047342055
1760635029941,0.10552697,0.089491755,0.0022907446
1760635029943,0.09941832,0.09086621,0.0022907446
1760635029946,0.090713486,0.08597928,0.004886922
1760635029947,0.08200866,0.08368854,0.0061086523
1760635029950,0.0720821,0.08017606,0.0061086523
1760635029952,0.062308256,0.07895433,0.007330383
1760635029954,0.051159963,0.07666359,0.009773844
1760635029957,0.03756821,0.07315111,0.013439035
1760635029959,0.027641652,0.06963864,0.017256944
1760635029961,0.015271631,0.064751714,0.018478673
1760635029963,0.00290161,0.06001751,0.019700404
1760635029966,-0.008246681,0.054061573,0.019700404
1760635029968,-0.01572978,0.050549097,0.022296581
1760635029970,-0.026725354,0.048258353,0.02107485
1760635029972,-0.038026363,0.041080687,0.01985312
1760635029974,-0.04046982,0.041080687,0.01985312
1760635029977,-0.041691553,0.034972034,0.01985312
1760635029980,-0.04917465,0.034972034,0.01740966
1760635029982,-0.051618114,0.03023783,0.017562376
1760635029984,-0.055436023,0.027794369,0.017562376
1760635029986,-0.052839845,0.0290161,0.015118915
1760635029989,-0.051618114,0.027794369,0.015118915
1760635029991,-0.051618114,0.027794369,0.015118915
1760635029993,-0.050396383,0.027794369,0.012675454
1760635029995,-0.046731193,0.027794369,0.010231993
1760635029998,-0.04062254,0.031306844,0.011301007
1760635030000,-0.0355829,0.031306844,0.010079277
1760635030002,-0.03191771,0.03481932,0.008857546
1760635030005,-0.02687807,0.03970624,0.0076358155
1760635030006,-0.02321288,0.0421497,0.005192355
1760635030009,-0.01817324,0.04810564,0.006414085
1760635030011,-0.0106901415,0.05787948,0.007483099
1760635030013,-0.0070249503,0.06383542,0.007483099
1760635030015,-7.6358154E-4,0.0711658,0.0050396384
1760635030018,0.0030543262,0.078343466,0.0061086523
1760635030020,6.1086525E-4,0.08445212,0.0061086523
1760635030022,0.0056505036,0.08933904,0.0061086523
1760635030025,0.008093964,0.093004234,0.0061086523
1760635030027,0.012980887,0.09162979,0.0036651916
1760635030029,0.0154243475,0.087964594,0.004886922
1760635030031,0.0154243475,0.08674286,0.004886922
1760635030034,0.01786781,0.081855945,0.0036651916
1760635030036,0.02397646,0.07696902,0.0036651916
1760635030038,0.028863383,0.06719518,0.0038179078
1760635030040,0.032375857,0.05497787,0.0025961774
1760635030043,0.03848451,0.043982297,0.0025961774
1760635030045,0.04444045,0.032986723,0.0015271631
1760635030047,0.04810564,0.02321288,-9.162979E-4
1760635030050,0.055436023,0.0096211275,4.5814895E-4
1760635030052,0.061391957,-0.0038179078,4.5814895E-4
1760635030055,0.06994407,-0.012370021,-7.6358154E-4
1760635030057,0.07971791,-0.027030786,6.1086525E-4
1760635030058,0.085673854,-0.036957346,-6.1086525E-4
1760635030062,0.0954477,-0.04428773,0.0018325958
1760635030063,0.10399981,-0.05665775,0.0032070426
1760635030066,0.11377365,-0.0664316,0.001985312
1760635030068,0.11988231,-0.079870634,0.001985312
1760635030070,0.12461651,-0.09086621,-3.0543262E-4
1760635030072,0.12950343,-0.09941832,-0.0015271631
1760635030074,0.13439035,-0.10797043,-0.003970624
1760635030076,0.1366811,-0.110413894,-0.0076358155
1760635030079,0.13790283,-0.11652254,-0.011148291
1760635030082,0.13912456,-0.118966006,-0.016035212
1760635030084,0.14034629,-0.118966006,-0.022143865
1760635030086,0.13912456,-0.117744274,-0.025809057
1760635030088,0.13545936,-0.11407909,-0.028405234
1760635030090,0.1330159,-0.10797043,-0.033292156
1760635030092,0.13179417,-0.09941832,-0.036957346
1760635030095,0.12812899,-0.09330966,-0.03940081
1760635030097,0.12583824,-0.08353582,-0.041996986
1760635030099,0.12339478,-0.07620544,-0.040775254
1760635030101,0.11866058,-0.067500606,-0.039553523
1760635030105,0.11866058,-0.059101213,-0.038331795
1760635030107,0.11759156,-0.050549097,-0.040927973
1760635030108,0.11759156,-0.04444045,-0.040927973
1760635030110,0.11652254,-0.035888333,-0.03359759
1760635030113,0.12156218,-0.025045475,-0.028863383
1760635030115,0.12644911,-0.018936822,-0.02397646
1760635030117,0.13026701,-0.0154243475,-0.019089539
1760635030120,0.1414153,-0.016798794,-0.011759156
1760635030123,0.14889841,-0.011911872,-0.006872234
1760635030124,0.15500705,-0.010842858,4.5814895E-4
1760635030127,0.16493362,-0.012217305,0.009010263
1760635030129,0.17348573,-0.013439035,0.016340645
1760635030131,0.1797471,-0.013591751,0.024892759
1760635030134,0.1908954,-0.0125227375,0.031001411
1760635030136,0.19960022,-0.007788532,0.036957346
1760635030138,0.20463985,-0.00290161,0.04428773
1760635030140,0.21456642,6.1086525E-4,0.050396383
1760635030143,0.22204952,0.0065668016,0.056505036
1760635030145,0.23060162,0.008857546,0.061391957
1760635030147,0.23564127,0.010079277,0.06627888
1760635030150,0.2443461,0.012370021,0.071013086
1760635030152,0.25411993,0.014813482,0.07223482
1760635030154,0.2591596,0.015882496,0.07345655
1760635030156,0.26282477,0.019547688,0.077121735
1760635030159,0.27030787,0.023060163,0.078343466
1760635030161,0.2751948,0.023060163,0.08078693
1760635030163,0.27779096,0.024281893,0.08200866
1760635030165,0.28389964,0.019242255,0.0795652
1760635030167,0.28496864,0.0106901415,0.0795652
1760635030170,0.28619036,0.0106901415,0.0795652
1760635030173,0.2837469,0.0047342055,0.082161374
1760635030174,0.279929,-0.0062613687,0.082161374
1760635030177,0.2761111,-0.00992656,0.08093964
1760635030179,0.27366763,-0.013439035,0.07971791
1760635030180,0.26740626,-0.02076942,0.079870634
1760635030183,0.25992316,-0.027947085,0.079870634
1760635030185,0.25244007,-0.03145956,0.079870634
1760635030187,0.24495697,-0.03756821,0.07498371
1760635030190,0.23396139,-0.03863723,0.07620544
1760635030192,0.22525656,-0.04337143,0.076358154
1760635030194,0.21533,-0.047036625,0.07269296
1760635030197,0.2041817,-0.04810564,0.069027774
1760635030199,0.19058995,-0.052839845,0.070249505
1760635030201,0.18066339,-0.051465396,0.06780604
1760635030203,0.16722436,-0.052534413,0.06780604
1760635030206,0.15485434,-0.056046885,0.066737026
1760635030208,0.14355333,-0.063224554,0.066737026
1760635030210,0.13500121,-0.05955936,0.065515295
1760635030212,0.12507465,-0.06307184,0.066737026
1760635030215,0.113926366,-0.06536258,0.065515295
1760635030217,0.10415252,-0.06536258,0.06918049
1760635030219,0.094225965,-0.06765333,0.06918049
1760635030221,0.08323039,-0.067500606,0.07162395
1760635030224,0.07574729,-0.07238753,0.07422013
1760635030226,0.064599,-0.07345655,0.07788532
1760635030229,0.058490347,-0.07345655,0.08032878
1760635030231,0.05100725,-0.07941248,0.086437434
1760635030233,0.046120327,-0.080634214,0.087659165
1760635030236,0.041233405,-0.080634214,0.093767814
1760635030237,0.03634648,-0.07803804,0.09743301
1760635030240,0.033750303,-0.07925977,0.09987647
1760635030242,0.035124753,-0.07803804,0.10354166
1760635030244,0.035124753,-0.07696902,0.10842858
1760635030247,0.03634648,-0.07086037,0.11575896
1760635030249,0.03894266,-0.06841691,0.118202426
1760635030251,0.04260785,-0.06856962,0.12308934
1760635030253,0.04886922,-0.06490443,0.12797627
1760635030256,0.052534413,-0.061391957,0.13530666
1760635030258,0.061239243,-0.058948494,0.14019357
1760635030261,0.06994407,-0.059101213,0.14370605
1760635030262,0.074830994,-0.060322944,0.14630222
1760635030265,0.08597928,-0.0580322,0.15225816
1760635030267,0.09330966,-0.060628377,0.15347989
1760635030270,0.10186178,-0.066737026,0.15607607
1760635030272,0.1142318,-0.06811147,0.1572978
1760635030274,0.12156218,-0.071776666,0.15974127
1760635030276,0.13271047,-0.07070765,0.160963
1760635030279,0.14263703,-0.07452556,0.16340645
1760635030281,0.14874569,-0.07696902,0.16462818
1760635030283,0.15363261,-0.081855945,0.16707164
1760635030285,0.160963,-0.08811731,0.16707164
1760635030287,0.16218472,-0.08933904,0.16829337
1760635030290,0.16218472,-0.09056077,0.16829337
1760635030292,0.16203201,-0.09666943,0.1731803
1760635030294,0.16081028,-0.10399981,0.17455475
1760635030297,0.15454891,-0.10873401,0.17821993
1760635030299,0.15088372,-0.112399206,0.18066339
1760635030301,0.1421789,-0.11224649,0.18310685
1760635030303,0.1348485,-0.11591168,0.18799378
1760635030306,0.12370021,-0.11575896,0.19410244
1760635030308,0.11010846,-0.11804971,0.19792034
1760635030310,0.101556346,-0.11560625,0.20158553
1760635030313,0.09056077,-0.115453534,0.20525073
1760635030315,0.07941248,-0.115453534,0.21013765
1760635030318,0.06582073,-0.11407909,0.21502456
1760635030320,0.052381694,-0.113926366,0.21868975
1760635030322,0.042455133,-0.11026118,0.22479841
1760635030324,0.03390302,-0.11133019,0.22968534
1760635030326,0.020463986,-0.10629055,0.23457226
1760635030328,0.009315695,-0.10629055,0.23945917
1760635030331,-0.005497787,-0.106137834,0.24190263
1760635030333,-0.016646078,-0.10720685,0.24678956
1760635030335,-0.030085113,-0.09728029,0.24923302
1760635030337,-0.04230242,-0.088728175,0.25045475
1760635030339,-0.058184914,-0.08368854,0.25045475
1760635030342,-0.0729984,-0.07498371,0.2490803
1760635030344,-0.08277224,-0.07009678,0.24663684
1760635030346,-0.09636399,-0.06505715,0.24297164
1760635030349,-0.1049161,-0.06001751,0.236863
1760635030351,-0.11591168,-0.052534413,0.23197608
1760635030354,-0.12095132,-0.04886922,0.22220223
1760635030355,-0.12705997,-0.04627304,0.21365012
1760635030358,-0.12950343,-0.04138612,0.20616703
1760635030360,-0.12950343,-0.03894266,0.19883664
1760635030363,-0.12950343,-0.035277467,0.19028452
1760635030365,-0.12339478,-0.034055736,0.18295415
1760635030367,-0.114689946,-0.030543262,0.17562376
1760635030369,-0.106137834,-0.032986723,0.1695151
1760635030371,-0.09865474,-0.03313944,0.16340645
1760635030374,-0.0888809,-0.03436117,0.1572978
1760635030376,-0.07651087,-0.034513887,0.15241088
1760635030378,-0.061850104,-0.037110064,0.14630222
1760635030381,-0.048258353,-0.03359759,0.13881913
1760635030383,-0.033444874,-0.031154128,0.13026701
1760635030385,-0.01740966,-0.027641652,0.12415836
1760635030387,-0.0013744468,-0.03023783,0.11438452
1760635030389,0.015882496,-0.023060163,0.10567969
1760635030392,0.03313944,-0.015882496,0.09468412
1760635030394,0.050549097,-0.008857546,0.08735373
1760635030397,0.06536258,-0.0053450707,0.07742717
1760635030398,0.08017606,0.005497787,0.06887506
1760635030401,0.094989546,0.015118915,0.057726767
1760635030403,0.1049161,0.024892759,0.04917465
1760635030406,0.117438845,0.04184427,0.042913284
1760635030408,0.12492194,0.052687127,0.0355829
1760635030410,0.13255776,0.06963864,0.029321533
1760635030412,0.14004086,0.08307768,0.024281893
1760635030415,0.14508049,0.09392053,0.01695151
1760635030417,0.14630222,0.1049161,0.012064588
1760635030419,0.14401148,0.114689946,0.0070249503
1760635030422,0.14278975,0.123242065,0.0021380284
1760635030423,0.13927728,0.1330159,-3.0543262E-4
1760635030426,0.13057245,0.13439035,-0.006414085
1760635030428,0.1244638,0.1441642,-0.012675454
1760635030430,0.11713341,0.15042557,-0.016340645
1760635030433,0.10354166,0.15302174,-0.02367103
1760635030435,0.093767814,0.1591304,-0.02977968
1760635030438,0.082619525,0.16172658,-0.0346666
1760635030439,0.06918049,0.16432275,-0.039553523
1760635030442,0.059253927,0.17058411,-0.046883907
1760635030444,0.049480084,0.17669277,-0.053145275
1760635030446,0.03970624,0.18295415,-0.055588737
1760635030449,0.029932396,0.18906279,-0.06047566
1760635030451,0.022449298,0.19532417,-0.06414085
1760635030453,0.016340645,0.20143281,-0.06536258
1760635030455,0.01160644,0.21120666,-0.06429356
1760635030458,0.01038471,0.21365012,-0.06795876
1760635030460,0.01038471,0.21853705,-0.06795876
1760635030462,0.0067195175,0.22464569,-0.06795876
1760635030464,0.008093964,0.22831088,-0.066737026
1760635030467,0.008093964,0.23197608,-0.065515295
1760635030469,0.008093964,0.23319781,-0.065515295
1760635030471,0.011759156,0.23564127,-0.062002823
1760635030474,0.009315695,0.23319781,-0.06307184
1760635030476,0.011759156,0.23441954,-0.05955936
1760635030478,0.010537425,0.23075435,-0.059406646
1760635030480,0.010537425,0.22831088,-0.055741455
1760635030483,0.011759156,0.22831088,-0.053297993
1760635030485,0.014202617,0.22693644,-0.04841107
1760635030487,0.012980887,0.21853705,-0.04596761
1760635030490,0.014202617,0.2171626,-0.04230242
1760635030492,0.01038471,0.21365012,-0.037415497
1760635030494,0.009162978,0.20631973,-0.03359759
1760635030496,0.009010263,0.1965459,-0.025045475
1760635030498,0.0053450707,0.18555032,-0.018936822
1760635030501,-9.162979E-4,0.17348573,-0.011453724
1760635030503,-0.0047342055,0.15882497,-0.0015271631
1760635030505,-0.008552114,0.14431691,0.008246681
1760635030508,-0.02107485,0.13087788,0.01817324
1760635030510,-0.031001411,0.121256754,0.025503624
1760635030512,-0.03848451,0.10797043,0.035430185
1760635030515,-0.04596761,0.09697486,0.04642576
1760635030518,-0.05589417,0.08979719,0.05757405
1760635030519,-0.06582073,0.07895433,0.06734789
1760635030521,-0.07452556,0.06918049,0.07727446
1760635030524,-0.08200866,0.063224554,0.08582657
1760635030526,-0.089491755,0.05100725,0.09560041
1760635030528,-0.090713486,0.044898596,0.10186178
1760635030530,-0.09682214,0.04016439,0.110413894
1760635030533,-0.10186178,0.0364992,0.11652254
1760635030535,-0.10308351,0.035277467,0.12140947
1760635030537,-0.10186178,0.03772093,0.1226312
1760635030539,-0.10048734,0.04138612,0.12629639
1760635030542,-0.099265605,0.043676864,0.12507465
1760635030544,-0.099265605,0.048563786,0.12629639
1760635030546,-0.09666943,0.05222898,0.122478485
1760635030548,-0.094225965,0.05955936,0.11881329
1760635030550,-0.09407325,0.0693332,0.1151481
1760635030553,-0.09162979,0.07666359,0.10888673
1760635030555,-0.08536842,0.07895433,0.09911288
1760635030558,-0.08170322,0.08506299,0.0917825
1760635030560,-0.07803804,0.09117164,0.08445212
1760635030562,-0.0729984,0.09728029,0.073303826
1760635030564,-0.0693332,0.09850202,0.062308256
1760635030567,-0.060628377,0.10567969,0.05131268
1760635030569,-0.054519724,0.11056661,0.043982297
1760635030571,-0.050701816,0.118966006,0.0364992
1760635030573,-0.04444045,0.12385293,0.026725354
1760635030576,-0.038331795,0.12629639,0.020616703
1760635030578,-0.030848695,0.13103059,0.01450805
1760635030580,-0.025961773,0.13713925,0.0106901415
1760635030582,-0.017256944,0.13942999,0.00580322
1760635030585,-0.012370021,0.14309518,0.00580322
1760635030587,-0.0061086523,0.14660765,0.004581489
1760635030589,0.0013744468,0.15393804,0.0033597588
1760635030592,0.006414085,0.1611157,0.006872234
1760635030594,0.013744468,0.1647809,0.008093964
1760635030596,0.016340645,0.17073683,0.009315695
1760635030599,0.023823744,0.17440203,0.011759156
1760635030600,0.027488936,0.17669277,0.014202617
1760635030603,0.033750303,0.17913623,0.0154243475
1760635030605,0.036193766,0.18402316,0.018936822
1760635030614,0.036193766,0.1863139,0.023823744
1760635030614,0.041233405,0.18509217,0.022602014
1760635030615,0.037415497,0.1777618,0.027641652
1760635030615,0.039858956,0.1777618,0.031306844
1760635030622,0.041080687,0.17654006,0.034972034
1760635030623,0.039858956,0.16920967,0.039858956
1760635030623,0.03359759,0.1656972,0.04596761
1760635030623,0.028710667,0.16325374,0.04841107
1760635030631,0.022602014,0.16203201,0.053297993
1760635030631,0.015118915,0.16218472,0.059406646
1760635030631,0.011453724,0.15607607,0.06566802
1760635030632,0.0027488936,0.15241088,0.071776666
1760635030634,-0.004581489,0.14889841,0.07666359
1760635030636,-0.01450805,0.14401148,0.08277224
1760635030638,-0.02443461,0.13805555,0.08781188
1760635030641,-0.03436117,0.12843442,0.09392053
1760635030643,-0.046731193,0.122478485,0.09636399
1760635030645,-0.05787948,0.11407909,0.1001819
1760635030648,-0.065515295,0.10308351,0.10629055
1760635030650,-0.0729984,0.09101892,0.10644327
1760635030652,-0.08170322,0.07895433,0.10644327
1760635030654,-0.08552113,0.07040222,0.10903945
1760635030657,-0.094225965,0.0571159,0.106595986
1760635030659,-0.09682214,0.04505131,0.1067487
1760635030661,-0.10186178,0.03283401,0.10552697
1760635030663,-0.10445796,0.019547688,0.10445796
1760635030666,-0.10216721,0.007330383,0.10445796
1760635030668,-0.101098195,-0.007330383,0.09972375
1760635030670,-0.098807454,-0.021991149,0.09605856
1760635030673,-0.09514226,-0.032986723,0.09605856
1760635030675,-0.09407325,-0.04138612,0.094989546
1760635030677,-0.09040806,-0.049938235,0.0888809
1760635030679,-0.08445212,-0.057421334,0.086437434
1760635030682,-0.077121735,-0.061086524,0.079107046
1760635030686,-0.06963864,-0.062308256,0.07422013
1760635030686,-0.064751714,-0.064751714,0.070554934
1760635030688,-0.06352998,-0.06001751,0.06688975
1760635030691,-0.061086524,-0.05757405,0.062002823
1760635030693,-0.054825157,-0.05024367,0.058337633
1760635030695,-0.052381694,-0.045356743,0.054519724
1760635030698,-0.053450707,-0.03436117,0.05085453
1760635030700,-0.049632803,-0.024740042,0.04596761
1760635030702,-0.045814894,-0.013744468,0.044593163
1760635030704,-0.04337143,-0.006414085,0.03970624
1760635030707,-0.041996986,0.0056505036,0.037110064
1760635030709,-0.04184427,0.019089539,0.0346666
1760635030711,-0.038026363,0.026419923,0.031001411
1760635030713,-0.032986723,0.03970624,0.028405234
1760635030716,-0.027947085,0.048258353,0.025961773
1760635030718,-0.027947085,0.05787948,0.024587326
1760635030720,-0.022907447,0.06765333,0.024587326
1760635030723,-0.01786781,0.08093964,0.020922136
1760635030725,-0.01160644,0.08827003,0.02076942
1760635030727,-0.01038471,0.090713486,0.02076942
1760635030729,-0.00290161,0.09911288,0.019547688
1760635030732,-3.0543262E-4,0.10522154,0.019547688
1760635030735,0.0021380284,0.10629055,0.019394971
1760635030737,0.0033597588,0.103847094,0.017104227
1760635030739,0.00580322,0.105068825,0.019394971
1760635030741,0.0070249503,0.1001819,0.02076942
1760635030743,0.008246681,0.095294975,0.019547688
1760635030746,0.0056505036,0.09056077,0.02076942
1760635030747,0.0056505036,0.08445212,0.021991149
1760635030750,0.001985312,0.08200866,0.02321288
1760635030752,0.0030543262,0.07467828,0.023365596
1760635030755,-6.1086525E-4,0.06856962,0.025809057
1760635030757,-0.0056505036,0.06383542,0.028252518
1760635030759,-0.009315695,0.06261369,0.028252518
1760635030761,-0.013133603,0.056505036,0.030695979
1760635030763,-0.019394971,0.05177083,0.033292156
1760635030766,-0.021838432,0.045662176,0.03573562
1760635030768,-0.029321533,0.0421497,0.04062254
1760635030770,-0.037873644,0.0421497,0.043066
1760635030773,-0.046578474,0.03863723,0.04428773
1760635030775,-0.05513059,0.03863723,0.046731193
1760635030777,-0.06383542,0.042455133,0.050396383
1760635030779,-0.06994407,0.040011674,0.051618114
1760635030782,-0.07849618,0.04016439,0.05299256
1760635030784,-0.08475755,0.04505131,0.054061573
1760635030786,-0.088422745,0.04260785,0.05665775
1760635030789,-0.094531395,0.039095376,0.055436023
1760635030791,-0.100792766,0.040317107,0.055436023
1760635030793,-0.100792766,0.040317107,0.050549097
1760635030795,-0.10445796,0.037873644,0.04932737
1760635030798,-0.1020145,0.037873644,0.04810564
1760635030800,-0.099571034,0.037873644,0.043218717
1760635030802,-0.0983493,0.037873644,0.039553523
1760635030804,-0.09468412,0.037873644,0.035888333
1760635030807,-0.09101892,0.036651913,0.032223143
1760635030809,-0.08979719,0.04153884,0.027183503
1760635030811,-0.08475755,0.040317107,0.022296581
1760635030813,-0.07498371,0.04016439,0.01985312
1760635030816,-0.06887506,0.03894266,0.014966198
1760635030818,-0.0627664,0.03634648,0.011301007
1760635030820,-0.055283304,0.035124753,0.0076358155
1760635030823,-0.04917465,0.035124753,0.003970624
1760635030825,-0.04062254,0.034972034,-9.162979E-4
1760635030827,-0.03436117,0.036193766,-0.004581489
1760635030830,-0.024587326,0.03359759,-0.0070249503
1760635030832,-0.018325957,0.03726278,-0.013133603
1760635030834,-0.0061086523,0.039553523,-0.019242255
1760635030836,1.5271631E-4,0.041996986,-0.024129177
1760635030839,0.008857546,0.04795292,-0.029168816
1760635030841,0.020005837,0.051465396,-0.031612277
1760635030843,0.02611449,0.056352317,-0.0364992
1760635030845,0.03359759,0.06352998,-0.04016439
1760635030847,0.03863723,0.06963864,-0.043982297
1760635030850,0.04352415,0.07696902,-0.04886922
1760635030852,0.05100725,0.08170322,-0.05009095
1760635030854,0.054825157,0.08903361,-0.04886922
1760635030857,0.057268616,0.093767814,-0.049021937
1760635030859,0.062308256,0.09743301,-0.049021937
1760635030861,0.064751714,0.10354166,-0.047800206
1760635030863,0.06612616,0.11071932,-0.046578474
1760635030866,0.06856962,0.11560625,-0.046731193
1760635030868,0.06872234,0.11804971,-0.04550946
1760635030870,0.06627888,0.120493166,-0.04428773
1760635030872,0.067500606,0.120493166,-0.04184427
1760635030874,0.06505715,0.120493166,-0.03940081
1760635030877,0.06383542,0.120493166,-0.036957346
1760635030879,0.05879578,0.11927144,-0.034513887
1760635030881,0.056352317,0.118202426,-0.03191771
1760635030884,0.051465396,0.11942416,-0.033292156
1760635030886,0.04642576,0.11575896,-0.028252518
1760635030889,0.035430185,0.114689946,-0.024587326
1760635030891,0.030390546,0.11224649,-0.022143865
1760635030893,0.021838432,0.10995574,-0.019700404
1760635030895,0.015577064,0.10262536,-0.016035212
1760635030897,0.006872234,0.101556346,-0.013439035
1760635030900,0.001985312,0.09789115,-0.012217305
1760635030902,-0.0030543262,0.09315695,-0.008552114
1760635030904,-0.012980887,0.08827003,-0.008552114
1760635030906,-0.02031127,0.08231409,-0.009773844
1760635030908,-0.027794369,0.07391469,-0.008399397
1760635030911,-0.029168816,0.06291912,-0.0071776668
1760635030913,-0.03176499,0.05681047,-0.010842858
1760635030916,-0.0355829,0.04841107,-0.011911872
1760635030918,-0.036957346,0.034972034,-0.0106901415
1760635030920,-0.033292156,0.027641652,-0.013133603
1760635030922,-0.029626964,0.019089539,-0.014202617
1760635030924,-0.02733622,0.009315695,-0.016646078
1760635030927,-0.021227567,0.001985312,-0.019089539
1760635030929,-0.018784106,-4.5814895E-4,-0.019089539
1760635030931,-0.016340645,-0.0053450707,-0.022602014
1760635030934,-0.009010263,-0.010231993,-0.025045475
1760635030936,-0.0016798794,-0.01038471,-0.025045475
1760635030938,0.0021380284,-0.0067195175,-0.027641652
1760635030940,0.0070249503,-0.0067195175,-0.030085113
1760635030942,0.0106901415,-0.0032070426,-0.031306844
1760635030945,0.013286319,-0.001985312,-0.031306844
1760635030947,0.01695151,0.0016798794,-0.032528576
1760635030950,0.023060163,0.0027488936,-0.033750303
1760635030952,0.02687807,0.005192355,-0.033750303
1760635030954,0.02687807,0.008857546,-0.032528576
1760635030956,0.028099801,0.0125227375,-0.033750303
1760635030958,0.029474247,0.013744468,-0.030085113
1760635030961,0.03313944,0.016035212,-0.03023783
1760635030963,0.03313944,0.014813482,-0.027794369
1760635030965,0.030695979,0.016035212,-0.022907447
1760635030968,0.030695979,0.016035212,-0.019242255
1760635030970,0.028252518,0.016035212,-0.0143553335
1760635030972,0.027030786,0.016035212,-0.009315695
1760635030974,0.027030786,0.013591751,-0.0056505036
1760635030977,0.024587326,0.012370021,-0.001985312
1760635030979,0.022143865,0.011148291,0.0053450707
1760635030981,0.020922136,0.007483099,0.011453724
1760635030983,0.015882496,0.0027488936,0.015118915
1760635030986,0.015882496,-0.0021380284,0.020005837
1760635030988,0.013439035,-0.00580322,0.026267206
1760635030990,0.012064588,-0.0106901415,0.029932396
1760635030993,0.0096211275,-0.013133603,0.032375857
1760635030995,0.013286319,-0.019242255,0.03726278
1760635030997,0.009468411,-0.025350908,0.03604105
1760635031000,0.009468411,-0.030085113,0.03481932
1760635031002,0.009468411,-0.033750303,0.03863723
1760635031004,0.010537425,-0.03863723,0.037415497
1760635031006,0.012980887,-0.041080687,0.036193766
1760635031009,0.010537425,-0.04230242,0.036193766
1760635031011,0.010537425,-0.044745877,0.033750303
1760635031013,0.014202617,-0.04230242,0.031306844
1760635031015,0.011759156,-0.041080687,0.030085113
1760635031017,0.006872234,-0.039858956,0.028863383
1760635031021,0.009315695,-0.033750303,0.026419923
1760635031022,0.009468411,-0.031306844,0.022602014
1760635031024,0.0106901415,-0.02397646,0.018936822
1760635031027,0.0070249503,-0.019089539,0.015271631
1760635031029,0.00580322,-0.0154243475,0.01160644
1760635031031,0.0071776668,-0.0056505036,0.009162978
1760635031033,0.0071776668,-7.6358154E-4,0.0065668016
1760635031035,0.0071776668,0.0041233404,0.00290161
1760635031038,0.008552114,0.010231993,-7.6358154E-4
1760635031040,0.013439035,0.011301007,-0.001985312
1760635031042,0.017256944,0.014966198,-0.0032070426
1760635031045,0.020922136,0.016187929,-0.006872234
1760635031047,0.027030786,0.014813482,-0.008093964
1760635031049,0.029474247,0.014813482,-0.006872234
1760635031052,0.036957346,0.016035212,-0.0070249503
1760635031054,0.04184427,0.010995574,-0.006872234
1760635031056,0.050396383,0.013439035,-0.0070249503
1760635031058,0.052839845,0.012217305,-0.00580322
1760635031060,0.060322944,0.010842858,-0.0070249503
1760635031063,0.0664316,0.0071776668,-0.008093964
1760635031065,0.06887506,0.0047342055,-0.006872234
1760635031067,0.07376198,0.008246681,-0.0056505036
1760635031070,0.07742717,0.004581489,-0.006872234
1760635031072,0.08124508,0.0070249503,-0.0070249503
1760635031074,0.086132,0.00580322,-0.008093964
1760635031076,0.09101892,0.004428773,-0.008093964
1760635031079,0.092240654,0.004428773,-0.009315695
1760635031081,0.09101892,0.001985312,-0.010537425
1760635031083,0.092240654,7.6358154E-4,-0.011759156
1760635031086,0.09590584,-4.5814895E-4,-0.012980887
1760635031088,0.09590584,7.6358154E-4,-0.014202617
1760635031090,0.09590584,-0.0041233404,-0.016646078
1760635031092,0.093462385,-0.00290161,-0.019089539
1760635031095,0.09101892,-0.0015271631,-0.021533
1760635031097,0.08979719,0.0021380284,-0.02031127
1760635031099,0.08368854,0.0070249503,-0.022907447
1760635031101,0.079870634,0.008246681,-0.024129177
1760635031104,0.07498371,0.0071776668,-0.025350908
1760635031106,0.071318515,0.0096211275,-0.026572637
1760635031108,0.061391957,0.010842858,-0.027794369
1760635031110,0.054061573,0.010995574,-0.027794369
1760635031112,0.050396383,0.010995574,-0.0290161
1760635031115,0.04046982,0.007483099,-0.030085113
1760635031118,0.032986723,0.0027488936,-0.032528576
1760635031120,0.029321533,-0.0021380284,-0.034972034
1760635031122,0.024281893,-0.011759156,-0.036193766
1760635031124,0.018020526,-0.01786781,-0.03481932
1760635031126,0.0154243475,-0.026267206,-0.03604105
1760635031128,0.01160644,-0.03481932,-0.03726278
1760635031131,0.007788532,-0.047036625,-0.0346666
1760635031133,0.0065668016,-0.05421429,-0.0346666
1760635031135,0.006414085,-0.0627664,-0.031001411
1760635031138,0.0025961774,-0.07376198,-0.027183503
1760635031140,0.0025961774,-0.08475755,-0.024740042
1760635031142,0.0,-0.09193522,-0.020922136
1760635031145,-0.0036651916,-0.098043874,-0.016035212
1760635031147,-0.0050396384,-0.10415252,-0.011148291
1760635031149,-0.0062613687,-0.10781772,-0.00870483
1760635031151,-0.007483099,-0.11026118,-0.0050396384
1760635031154,-0.011148291,-0.11148291,-1.5271631E-4
1760635031156,-0.01740966,-0.11010846,0.0047342055
1760635031158,-0.01985312,-0.107665,0.005955936
1760635031160,-0.022143865,-0.10522154,0.010842858
1760635031163,-0.025809057,-0.10277808,0.01450805
1760635031165,-0.030695979,-0.09789115,0.01817324
1760635031167,-0.03191771,-0.0917825,0.021838432
1760635031169,-0.03313944,-0.08689558,0.021838432
1760635031172,-0.032986723,-0.08078693,0.024281893
1760635031174,-0.035430185,-0.0759,0.026572637
1760635031176,-0.036651913,-0.069791354,0.0290161
1760635031178,-0.035277467,-0.058948494,0.0290161
1760635031180,-0.03756821,-0.050396383,0.030085113
1760635031184,-0.040011674,-0.04184427,0.031306844
1760635031185,-0.044745877,-0.024740042,0.032528576
1760635031187,-0.04718934,-0.014966198,0.031154128
1760635031189,-0.048258353,-3.0543262E-4,0.03359759
1760635031192,-0.046883907,0.008246681,0.0346666
1760635031194,-0.050549097,0.019242255,0.032223143
1760635031196,-0.052839845,0.03145956,0.031001411
1760635031199,-0.051618114,0.037415497,0.028405234
1760635031201,-0.05390886,0.04352415,0.029626964
1760635031203,-0.056352317,0.04841107,0.027183503
1760635031206,-0.05390886,0.053297993,0.024740042
1760635031208,-0.05390886,0.055741455,0.025961773
1760635031210,-0.047647487,0.055741455,0.025961773
1760635031212,-0.04642576,0.056963183,0.023518313
1760635031215,-0.04520403,0.054519724,0.022296581
1760635031217,-0.04153884,0.055588737,0.023518313
1760635031219,-0.036651913,0.051923547,0.01985312
1760635031221,-0.032986723,0.048258353,0.016187929
1760635031224,-0.02443461,0.044593163,0.014966198
1760635031226,-0.019547688,0.040775254,0.010079277
1760635031228,-0.013439035,0.031001411,0.008857546
1760635031230,-0.007330383,0.024892759,0.005192355
1760635031233,-0.0012217305,0.018784106,0.00290161
1760635031235,0.0035124752,0.009010263,-7.6358154E-4
1760635031237,0.0096211275,0.00290161,-0.004428773
1760635031240,0.01817324,-0.00580322,-0.008093964
1760635031242,0.025503624,-0.008246681,-0.012980887
1760635031244,0.029168816,-0.019242255,-0.016493361
1760635031247,0.03268129,-0.027794369,-0.020158553
1760635031249,0.035124753,-0.03390302,-0.025045475
1760635031251,0.040011674,-0.042455133,-0.02733622
1760635031254,0.04352415,-0.04734206,-0.033444874
1760635031256,0.04596761,-0.05589417,-0.037110064
1760635031258,0.044593163,-0.063224554,-0.041996986
1760635031260,0.048258353,-0.06811147,-0.045662176
1760635031262,0.046883907,-0.075289145,-0.050396383
1760635031265,0.045662176,-0.0777326,-0.057726767
1760635031267,0.046883907,-0.07895433,-0.061391957
1760635031269,0.045662176,-0.081397794,-0.06627888
1760635031271,0.04062254,-0.08735373,-0.06994407
1760635031274,0.038179077,-0.08979719,-0.07360926
1760635031276,0.03680463,-0.08979719,-0.07849618
1760635031279,0.03313944,-0.08964448,-0.07971791
1760635031281,0.030695979,-0.09330966,-0.082161374
1760635031283,0.029474247,-0.09330966,-0.08460484
1760635031285,0.029321533,-0.094531395,-0.0870483
1760635031287,0.028252518,-0.088422745,-0.0870483
1760635031289,0.025809057,-0.088422745,-0.0870483
1760635031292,0.024587326,-0.087201014,-0.0870483
1760635031294,0.023365596,-0.08353582,-0.08582657
1760635031296,0.020922136,-0.08109236,-0.08460484
1760635031298,0.02107485,-0.071318515,-0.08093964
1760635031301,0.01985312,-0.060322944,-0.079870634
1760635031304,0.018784106,-0.05177083,-0.07620544
1760635031306,0.016340645,-0.04444045,-0.07376198
1760635031307,0.016493361,-0.03848451,-0.070249505
1760635031310,0.016493361,-0.026267206,-0.069027774
1760635031312,0.012980887,-0.022602014,-0.06536258
1760635031315,0.009315695,-0.01282817,-0.06047566
1760635031317,0.0143553335,-0.007941248,-0.060628377
1760635031319,0.0143553335,-0.0067195175,-0.059406646
1760635031321,0.015577064,-0.0032070426,-0.060628377
1760635031324,0.0143553335,4.5814895E-4,-0.059406646
1760635031326,0.019394971,0.00290161,-0.059406646
1760635031328,0.01695151,0.0053450707,-0.061850104
1760635031331,0.01817324,0.009010263,-0.06307184
1760635031333,0.019394971,0.011453724,-0.06429356
1760635031335,0.01817324,0.017562376,-0.06688975
1760635031337,0.02076942,0.020005837,-0.06811147
1760635031339,0.02443461,0.024740042,-0.070554934
1760635031342,0.02443461,0.027183503,-0.07422013
1760635031344,0.028099801,0.024740042,-0.079107046
1760635031346,0.02443461,0.024892759,-0.08032878
1760635031348,0.028099801,0.028405234,-0.08399397
1760635031351,0.03176499,0.025961773,-0.087659165
1760635031353,0.035430185,0.023518313,-0.0888809
1760635031355,0.036651913,0.022296581,-0.093767814
1760635031357,0.036651913,0.02107485,-0.09865474
1760635031360,0.039095376,0.01985312,-0.101098195
1760635031363,0.039095376,0.014966198,-0.102319926
1760635031364,0.039095376,0.0125227375,-0.10476339
1760635031367,0.04153884,0.010079277,-0.10720685
1760635031369,0.04138612,0.0065668016,-0.10842858
1760635031371,0.04138612,0.00290161,-0.11071932
1760635031374,0.04016439,4.5814895E-4,-0.111941054
1760635031376,0.04260785,-0.0032070426,-0.11071932
1760635031378,0.041233405,-0.008093964,-0.11438452
1760635031381,0.038789943,-0.0154243475,-0.11560625
1760635031383,0.044898596,-0.02275473,-0.11438452
1760635031385,0.04596761,-0.030085113,-0.1142318
1760635031387,0.05085453,-0.036193766,-0.115453534
1760635031390,0.05085453,-0.039858956,-0.116675265
1760635031392,0.053297993,-0.04596761,-0.1142318
1760635031394,0.051923547,-0.05207626,-0.11178834
1760635031396,0.05681047,-0.053297993,-0.11285736
1760635031398,0.05681047,-0.054519724,-0.11407909
1760635031401,0.05681047,-0.055741455,-0.111635625
1760635031403,0.055588737,-0.054519724,-0.110413894
1760635031405,0.054367006,-0.05085453,-0.11056661
1760635031407,0.053297993,-0.04596761,-0.10934488
1760635031410,0.05085453,-0.04352415,-0.108123146
1760635031412,0.044745877,-0.034972034,-0.106901415
1760635031414,0.041080687,-0.030085113,-0.10445796
1760635031417,0.039858956,-0.02397646,-0.10323623
1760635031419,0.03756821,-0.019089539,-0.10216721
1760635031422,0.03268129,-0.0154243475,-0.10338894
1760635031424,0.03023783,-0.01160644,-0.10216721
1760635031426,0.026572637,-0.005497787,-0.09728029
1760635031428,0.025350908,-0.001985312,-0.0936151
1760635031430,0.025503624,0.0053450707,-0.09239337
1760635031433,0.023060163,0.010231993,-0.09010262
1760635031435,0.021838432,0.015118915,-0.086437434
1760635031437,0.021991149,0.020005837,-0.0852157
1760635031439,0.019547688,0.024892759,-0.08155051
1760635031442,0.021991149,0.031001411,-0.07422013
1760635031444,0.023365596,0.034513887,-0.070554934
1760635031446,0.017256944,0.037110064,-0.06566802
1760635031448,0.019700404,0.03940081,-0.062002823
1760635031450,0.023518313,0.04184427,-0.05971208
1760635031453,0.020922136,0.03940081,-0.05467244
1760635031455,0.023518313,0.04062254,-0.052381694
1760635031458,0.024740042,0.038179077,-0.04734206
1760635031459,0.025961773,0.04184427,-0.04505131
1760635031463,0.022296581,0.03940081,-0.040011674
1760635031465,0.02107485,0.04184427,-0.03756821
1760635031467,0.022296581,0.04062254,-0.03390302
1760635031469,0.01863139,0.043066,-0.03023783
1760635031471,0.016187929,0.04062254,-0.025350908
1760635031474,0.010079277,0.04550946,-0.022907447
1760635031476,0.006414085,0.04550946,-0.018020526
1760635031478,0.0013744468,0.046731193,-0.0143553335
1760635031480,-0.0033597588,0.050549097,-0.0096211275
1760635031482,-0.012064588,0.05299256,-0.0071776668
1760635031485,-0.019242255,0.0627664,1.5271631E-4
1760635031487,-0.027794369,0.06780604,0.00870483
1760635031489,-0.034055736,0.07269296,0.00870483
1760635031491,-0.043676864,0.08368854,0.013591751
1760635031494,-0.05222898,0.093462385,0.017104227
1760635031496,-0.05955936,0.10094548,0.02076942
1760635031498,-0.0693332,0.10949759,0.02565634
1760635031501,-0.074067414,0.11927144,0.029321533
1760635031503,-0.079107046,0.120493166,0.03176499
1760635031505,-0.08506299,0.12797627,0.034055736
1760635031507,-0.089949906,0.13408493,0.03894266
1760635031510,-0.09117164,0.13897185,0.04016439
1760635031512,-0.089949906,0.14248432,0.043829583
1760635031514,-0.08979719,0.14492778,0.047494773
1760635031516,-0.08735373,0.14370605,0.047494773
1760635031519,-0.08368854,0.14248432,0.049938235
1760635031521,-0.077579886,0.1423316,0.053603426
1760635031523,-0.06765333,0.14477506,0.054825157
1760635031526,-0.059101213,0.14095716,0.057268616
1760635031528,-0.05177083,0.13362677,0.05971208
1760635031530,-0.043218717,0.12492194,0.062155537
1760635031532,-0.031001411,0.1151481,0.061086524
1760635031534,-0.014966198,0.10399981,0.06352998
1760635031537,-0.0053450707,0.089186326,0.064751714
1760635031539,0.0056505036,0.07452556,0.06734789
1760635031541,0.019089539,0.056046885,0.06856962
1760635031544,0.029932396,0.04138612,0.06505715
1760635031546,0.03970624,0.020616703,0.0664316
1760635031548,0.050549097,0.0071776668,0.059101213
1760635031551,0.056505036,-0.012370021,0.0580322
1760635031553,0.06261369,-0.023365596,0.053145275
1760635031561,0.063682705,-0.03436117,0.047036625
1760635031562,0.06963864,-0.047800206,0.041080687
1760635031562,0.06963864,-0.056352317,0.034972034
1760635031563,0.07315111,-0.06856962,0.02397646
1760635031565,0.071776666,-0.07941248,0.016798794
1760635031568,0.071776666,-0.0842994,0.0070249503
1760635031568,0.06658431,-0.09514226,-3.0543262E-4
1760635031571,0.063988134,-0.10369437,-0.011148291
1760635031573,0.060170226,-0.11575896,-0.019700404
1760635031575,0.05513059,-0.120493166,-0.027030786
1760635031578,0.05009095,-0.12904528,-0.03176499
1760635031580,0.047647487,-0.13255776,-0.04153884
1760635031582,0.04016439,-0.13500121,-0.04520403
1760635031585,0.03390302,-0.14095716,-0.05497787
1760635031587,0.026419923,-0.14569137,-0.058643065
1760635031589,0.016646078,-0.14553864,-0.062308256
1760635031591,0.009162978,-0.14431691,-0.065973446
1760635031594,0.0018325958,-0.1441642,-0.06963864
1760635031596,-0.0030543262,-0.14538592,-0.06841691
1760635031598,-0.012980887,-0.14156802,-0.07086037
1760635031600,-0.016646078,-0.13423763,-0.06963864
1760635031602,-0.021380283,-0.12690726,-0.07086037
1760635031605,-0.026267206,-0.11957687,-0.06719518
1760635031607,-0.031154128,-0.11224649,-0.06246097
1760635031609,-0.0346666,-0.10247265,-0.056352317
1760635031611,-0.035888333,-0.09636399,-0.05024367
1760635031614,-0.036957346,-0.0842994,-0.04184427
1760635031616,-0.0355829,-0.07452556,-0.03573562
1760635031618,-0.03436117,-0.06963864,-0.029626964
1760635031621,-0.03176499,-0.061239243,-0.01985312
1760635031624,-0.027947085,-0.05390886,-0.011453724
1760635031625,-0.025350908,-0.046731193,-0.00290161
1760635031627,-0.02031127,-0.041996986,0.004428773
1760635031630,-0.0154243475,-0.039553523,0.010537425
1760635031632,-0.009162978,-0.03481932,0.016646078
1760635031634,-0.0041233404,-0.029932396,0.02397646
1760635031636,7.6358154E-4,-0.027641652,0.027488936
1760635031639,0.009468411,-0.028863383,0.03359759
1760635031641,0.015577064,-0.0290161,0.03604105
1760635031643,0.020616703,-0.027794369,0.03848451
1760635031645,0.030390546,-0.031612277,0.03726278
1760635031648,0.035430185,-0.030390546,0.03848451
1760635031650,0.042760566,-0.030543262,0.03848451
1760635031652,0.047647487,-0.032986723,0.03359759
1760635031654,0.05375614,-0.034208454,0.031154128
1760635031657,0.056199603,-0.034208454,0.028710667
1760635031659,0.061239243,-0.03313944,0.027488936
1760635031661,0.06612616,-0.03313944,0.023823744
1760635031664,0.06612616,-0.03313944,0.020158553
1760635031666,0.069791354,-0.03313944,0.016493361
1760635031668,0.069791354,-0.03436117,0.014049901
1760635031671,0.07345655,-0.03436117,0.01160644
1760635031673,0.07467828,-0.038026363,0.007941248
1760635031674,0.077121735,-0.038026363,0.004276057
1760635031677,0.078343466,-0.03924809,0.0018325958
1760635031679,0.08200866,-0.042913284,-6.1086525E-4
1760635031681,0.08307768,-0.049021937,-0.0041233404
1760635031684,0.08307768,-0.051465396,-0.0065668016
1760635031686,0.08674286,-0.056352317,-0.009010263
1760635031689,0.08781188,-0.063682705,-0.011453724
1760635031691,0.09162979,-0.06001751,-0.012675454
1760635031693,0.09025534,-0.06612616,-0.011453724
1760635031695,0.08903361,-0.06734789,-0.012675454
1760635031697,0.08781188,-0.071013086,-0.011453724
1760635031699,0.0926988,-0.069791354,-0.009010263
1760635031702,0.08659015,-0.07223482,-0.0053450707
1760635031704,0.082924955,-0.07345655,-0.00290161
1760635031707,0.08536842,-0.07345655,7.6358154E-4
1760635031709,0.07803804,-0.073303826,0.004428773
1760635031711,0.071776666,-0.073303826,0.009468411
1760635031713,0.06811147,-0.073303826,0.011911872
1760635031715,0.062002823,-0.073303826,0.016798794
1760635031718,0.05467244,-0.07070765,0.020463986
1760635031720,0.04841107,-0.07437284,0.024129177
1760635031723,0.04230242,-0.07315111,0.027794369
1760635031725,0.03604105,-0.07666359,0.03145956
1760635031727,0.029932396,-0.07544186,0.035124753
1760635031729,0.025045475,-0.07544186,0.03756821
1760635031732,0.018936822,-0.07162395,0.042455133
1760635031734,0.011453724,-0.07284568,0.04734206
1760635031736,0.0065668016,-0.06918049,0.048563786
1760635031738,0.004276057,-0.065515295,0.049785517
1760635031741,0.0018325958,-0.060628377,0.053450707
1760635031743,6.1086525E-4,-0.059406646,0.05467244
1760635031745,-0.005497787,-0.053145275,0.055741455
1760635031748,-0.004276057,-0.050701816,0.056963183
1760635031750,-0.0067195175,-0.049480084,0.058184914
1760635031752,-0.0030543262,-0.04841107,0.056963183
1760635031754,7.6358154E-4,-0.049632803,0.059406646
1760635031756,0.006872234,-0.049632803,0.055741455
1760635031759,0.014202617,-0.05222898,0.055741455
1760635031761,0.01786781,-0.05589417,0.053297993
1760635031764,0.025198191,-0.058337633,0.04596761
1760635031766,0.035124753,-0.06093381,0.044745877
1760635031768,0.042455133,-0.06704246,0.042455133
1760635031770,0.053450707,-0.06841691,0.038789943
1760635031773,0.05955936,-0.06719518,0.034972034
1760635031775,0.064446285,-0.06963864,0.03023783
1760635031777,0.07192938,-0.06734789,0.028863383
1760635031779,0.07315111,-0.06490443,0.026419923
1760635031782,0.07819075,-0.06246097,0.02275473
1760635031784,0.07941248,-0.061239243,0.02031127
1760635031786,0.081855945,-0.05879578,0.019089539
1760635031788,0.07819075,-0.05390886,0.016646078
1760635031791,0.07696902,-0.047800206,0.011759156
1760635031793,0.073303826,-0.041691553,0.009162978
1760635031795,0.06719518,-0.03436117,0.0067195175
1760635031797,0.06246097,-0.029321533,0.0067195175
1760635031799,0.04886922,-0.021991149,0.005497787
1760635031802,0.039095376,-0.008399397,0.0053450707
1760635031804,0.029321533,1.5271631E-4,0.0065668016
1760635031807,0.018325957,0.0076358155,0.0065668016
1760635031809,0.007330383,0.016187929,0.009010263
1760635031811,-0.0012217305,0.016340645,0.011453724
1760635031813,-0.009773844,0.022449298,0.016340645
1760635031816,-0.019700404,0.025045475,0.017562376
1760635031818,-0.025809057,0.026267206,0.020005837
1760635031820,-0.03436117,0.028710667,0.024892759
1760635031822,-0.04046982,0.031306844,0.02977968
1760635031824,-0.04428773,0.027641652,0.0346666
1760635031827,-0.04795292,0.02397646,0.037110064
1760635031829,-0.05421429,0.020463986,0.040775254
1760635031831,-0.050549097,0.016646078,0.043218717
1760635031834,-0.050549097,0.0106901415,0.043218717
1760635031836,-0.04932737,0.00580322,0.047036625
1760635031838,-0.046883907,0.0032070426,0.047036625
1760635031841,-0.043218717,-0.0016798794,0.048258353
1760635031843,-0.038331795,-0.0065668016,0.048258353
1760635031845,-0.032223143,-0.011453724,0.047036625
1760635031847,-0.02855795,-0.013897184,0.044593163
1760635031850,-0.02367103,-0.015271631,0.044593163
1760635031853,-0.016340645,-0.014049901,0.03970624
1760635031855,-0.010079277,-0.014202617,0.03848451
1760635031857,-0.0076358155,-0.012980887,0.03604105
1760635031860,-0.0015271631,-0.010537425,0.032375857
1760635031861,-1.5271631E-4,-0.0056505036,0.029932396
1760635031864,-0.0025961774,-0.004428773,0.027488936
1760635031866,-0.0025961774,0.00290161,0.021227567
1760635031868,0.0,0.009010263,0.021227567
1760635031870,-0.0012217305,0.018784106,0.018784106
1760635031872,-0.0022907446,0.029626964,0.01740966
1760635031875,-0.0047342055,0.036957346,0.01863139
1760635031877,-0.004581489,0.04917465,0.01863139
1760635031879,-0.008246681,0.055283304,0.018478673
1760635031881,-0.009315695,0.06383542,0.020922136
1760635031883,-0.011759156,0.06994407,0.023365596
1760635031886,-0.011759156,0.07727446,0.025809057
1760635031888,-0.016493361,0.0870483,0.030543262
1760635031890,-0.017562376,0.098043874,0.036651913
1760635031893,-0.018784106,0.10522154,0.042760566
1760635031896,-0.022449298,0.11133019,0.047647487
1760635031898,-0.027183503,0.11866058,0.054825157
1760635031900,-0.029626964,0.12232576,0.062155537
1760635031902,-0.033292156,0.12843442,0.064599
1760635031904,-0.038179077,0.12980886,0.069485925
1760635031906,-0.043066,0.12858713,0.07437284
1760635031909,-0.04428773,0.12858713,0.075594574
1760635031911,-0.050549097,0.12492194,0.07803804
1760635031913,-0.05299256,0.12018774,0.07941248
1760635031915,-0.0580322,0.11652254,0.080634214
1760635031918,-0.06414085,0.111635625,0.0842994
1760635031920,-0.07162395,0.11056661,0.08552113
1760635031922,-0.07162395,0.10567969,0.087964594
1760635031925,-0.07544186,0.099571034,0.089186326
1760635031926,-0.079107046,0.09972375,0.09040806
1760635031929,-0.08155051,0.09483683,0.094225965
1760635031931,-0.08659015,0.088728175,0.0954477
1760635031934,-0.08536842,0.08750644,0.100334615
1760635031936,-0.08155051,0.088728175,0.10399981
1760635031938,-0.08170322,0.08628472,0.10888673
1760635031940,-0.0804815,0.08384126,0.11255192
1760635031943,-0.07422013,0.08246681,0.117438845
1760635031945,-0.06811147,0.08368854,0.12232576
1760635031947,-0.06307184,0.08353582,0.12721269
1760635031950,-0.054519724,0.08109236,0.12843442
1760635031952,-0.04337143,0.08582657,0.13332134
1760635031954,-0.02977968,0.08811731,0.13576481
1760635031956,-0.01985312,0.09162979,0.13942999
1760635031958,-0.007483099,0.09758572,0.13683382
1760635031961,0.009773844,0.101098195,0.13439035
1760635031964,0.020922136,0.105832405,0.13194689
1760635031966,0.032070424,0.11301007,0.12935072
1760635031967,0.04337143,0.12018774,0.123242065
1760635031970,0.051923547,0.12751812,0.11835514
1760635031972,0.060628377,0.13469578,0.11209377
1760635031975,0.071776666,0.14309518,0.10354166
1760635031978,0.076816306,0.14676037,0.09621128
1760635031979,0.082924955,0.14920384,0.0888809
1760635031981,0.08674286,0.15775596,0.08017606
1760635031984,0.089186326,0.15882497,0.07162395
1760635031986,0.09040806,0.16126843,0.065515295
1760635031989,0.096516706,0.16249016,0.056963183
1760635031991,0.096516706,0.16493362,0.049632803
1760635031992,0.1001819,0.15882497,0.04230242
1760635031995,0.09758572,0.15653422,0.036193766
1760635031997,0.09392053,0.15286903,0.031306844
1760635031999,0.09254608,0.14676037,0.02397646
1760635032002,0.089949906,0.13713925,0.020463986
1760635032004,0.08384126,0.13591751,0.013133603
1760635032006,0.077579886,0.12751812,0.011911872
1760635032008,0.06765333,0.12034045,0.0070249503
1760635032011,0.06261369,0.10827587,0.0035124752
1760635032013,0.05375614,0.09743301,-1.5271631E-4
1760635032015,0.04260785,0.08781188,-0.004886922
1760635032018,0.03634648,0.075594574,-0.008552114
1760635032020,0.027641652,0.06963864,-0.013286319
1760635032022,0.022602014,0.06246097,-0.013286319
1760635032024,0.012675454,0.054061573,-0.01450805
1760635032027,1.5271631E-4,0.046883907,-0.015577064
1760635032029,-0.005955936,0.04444045,-0.019242255
1760635032031,-0.013439035,0.03970624,-0.019242255
1760635032033,-0.025809057,0.034972034,-0.019242255
1760635032035,-0.03573562,0.030085113,-0.016798794
1760635032038,-0.043066,0.0290161,-0.013133603
1760635032040,-0.05299256,0.021838432,-0.009315695
1760635032042,-0.06047566,0.01695151,-0.008093964
1760635032045,-0.07040222,0.013439035,-0.001985312
1760635032047,-0.07651087,0.009773844,4.5814895E-4
1760635032049,-0.08155051,0.004886922,0.0067195175
1760635032051,-0.0888809,0.0025961774,0.01160644
1760635032054,-0.0926988,-0.0047342055,0.017715093
1760635032056,-0.09514226,-0.008399397,0.021380283
1760635032058,-0.1001819,-0.0143553335,0.027641652
1760635032061,-0.1001819,-0.015577064,0.031306844
1760635032064,-0.1001819,-0.025350908,0.036193766
1760635032067,-0.10277808,-0.03023783,0.04230242
1760635032068,-0.100334615,-0.03756821,0.04352415
1760635032070,-0.10415252,-0.042455133,0.046120327
1760635032072,-0.10415252,-0.049785517,0.05100725
1760635032074,-0.10293079,-0.05467244,0.05589417
1760635032076,-0.10293079,-0.058337633,0.053450707
1760635032079,-0.10308351,-0.063224554,0.053450707
1760635032081,-0.10308351,-0.06795876,0.054825157
1760635032083,-0.10186178,-0.07040222,0.054825157
1760635032085,-0.10308351,-0.07162395,0.053603426
1760635032088,-0.10064005,-0.075289145,0.051159963
1760635032090,-0.10064005,-0.07284568,0.049938235
1760635032092,-0.09697486,-0.071776666,0.04627304
1760635032094,-0.094531395,-0.071776666,0.04016439
1760635032097,-0.09330966,-0.070554934,0.0364992
1760635032099,-0.09086621,-0.0693332,0.034055736
1760635032101,-0.088422745,-0.06811147,0.0290161
1760635032104,-0.07971791,-0.06566802,0.025350908
1760635032106,-0.076052725,-0.06704246,0.021685716
1760635032108,-0.0711658,-0.06704246,0.020463986
1760635032110,-0.06612616,-0.064599,0.015577064
1760635032112,-0.061239243,-0.058643065,0.0143553335
1760635032115,-0.056199603,-0.05375614,0.0106901415
1760635032117,-0.05375614,-0.04642576,0.008093964
1760635032120,-0.049938235,-0.044135015,0.0032070426
1760635032122,-0.04505131,-0.041691553,0.0032070426
1760635032124,-0.04260785,-0.041691553,-4.5814895E-4
1760635032126,-0.040011674,-0.03924809,-0.0016798794
1760635032128,-0.03756821,-0.03680463,-0.0016798794
1760635032131,-0.035124753,-0.033292156,-0.0041233404
1760635032133,-0.032528576,-0.029626964,-0.0041233404
1760635032135,-0.031306844,-0.030848695,-0.0065668016
1760635032138,-0.030085113,-0.029626964,-0.007788532
1760635032140,-0.027641652,-0.027183503,-0.01038471
1760635032143,-0.027641652,-0.024740042,-0.01160644
1760635032145,-0.025198191,-0.023518313,-0.01282817
1760635032146,-0.027641652,-0.024740042,-0.014049901
1760635032149,-0.026419923,-0.025961773,-0.014049901
1760635032151,-0.026419923,-0.022296581,-0.015271631
1760635032154,-0.028863383,-0.023518313,-0.018936822
1760635032156,-0.033750303,-0.023518313,-0.022602014
1760635032158,-0.036193766,-0.022143865,-0.020158553
1760635032160,-0.03863723,-0.018478673,-0.020158553
1760635032162,-0.04352415,-0.011148291,-0.018936822
1760635032165,-0.04841107,-0.007483099,-0.015271631
1760635032167,-0.054519724,-0.0038179078,-0.01160644
1760635032169,-0.055741455,-0.0013744468,-0.0067195175
1760635032173,-0.060628377,0.0022907446,-0.0018325958
1760635032175,-0.061850104,0.0071776668,-7.6358154E-4
1760635032177,-0.06795876,0.008552114,0.0016798794
1760635032178,-0.07040222,0.010995574,0.007788532
1760635032181,-0.07284568,0.010995574,0.012675454
1760635032183,-0.07284568,0.010995574,0.016340645
1760635032185,-0.075289145,0.012217305,0.018784106
1760635032187,-0.075289145,0.010995574,0.02367103
1760635032189,-0.075289145,0.0061086523,0.028710667
1760635032191,-0.075289145,0.008552114,0.027488936
1760635032194,-0.07284568,0.0036651916,0.028710667
1760635032196,-0.075289145,0.0061086523,0.031154128
1760635032198,-0.07284568,0.0047342055,0.029932396
1760635032200,-0.07040222,0.0010690142,0.027488936
1760635032203,-0.06918049,-0.0025961774,0.027488936
1760635032205,-0.06795876,-0.0050396384,0.023823744
1760635032207,-0.06307184,-0.00992656,0.018936822
1760635032209,-0.062002823,-0.014813482,0.01282817
1760635032212,-0.058337633,-0.022143865,0.009315695
1760635032214,-0.054825157,-0.03176499,0.0056505036
1760635032216,-0.052381694,-0.037873644,-0.0016798794
1760635032219,-0.04505131,-0.044135015,-0.010231993
1760635032221,-0.042760566,-0.04886922,-0.016340645
1760635032223,-0.039095376,-0.057421334,-0.02107485
1760635032226,-0.030543262,-0.061239243,-0.028405234
1760635032228,-0.028099801,-0.06612616,-0.036957346
1760635032230,-0.02687807,-0.069791354,-0.04428773
1760635032233,-0.020922136,-0.07467828,-0.04795292
1760635032235,-0.017104227,-0.0759,-0.054061573
1760635032237,-0.010995574,-0.077121735,-0.057726767
1760635032239,-0.009773844,-0.0795652,-0.061391957
1760635032241,-0.0061086523,-0.078343466,-0.06383542
1760635032244,-0.004886922,-0.077121735,-0.06627888
1760635032246,-0.004886922,-0.07360926,-0.06627888
1760635032248,-0.0047342055,-0.06505715,-0.06765333
1760635032251,-0.0047342055,-0.060170226,-0.06765333
1760635032253,-0.0047342055,-0.054061573,-0.063988134
1760635032255,-0.0106901415,-0.046731193,-0.0627664
1760635032258,-0.013133603,-0.043066,-0.06154467
1760635032260,-0.0143553335,-0.033292156,-0.0580322
1760635032262,-0.019089539,-0.024740042,-0.054367006
1760635032265,-0.02031127,-0.016187929,-0.050701816
1760635032267,-0.025045475,-0.010079277,-0.045814894
1760635032270,-0.026267206,-0.005192355,-0.04337143
1760635032271,-0.028710667,9.162979E-4,-0.039858956
1760635032273,-0.031001411,0.009468411,-0.034972034
1760635032276,-0.031001411,0.009468411,-0.030085113
1760635032278,-0.031001411,0.016646078,-0.02397646
1760635032281,-0.0346666,0.018020526,-0.019089539
1760635032283,-0.035888333,0.018020526,-0.014202617
1760635032285,-0.032070424,0.019089539,-0.009315695
1760635032287,-0.030848695,0.02031127,-0.006872234
1760635032289,-0.029626964,0.016646078,-7.6358154E-4
1760635032292,-0.027183503,0.0154243475,0.00290161
1760635032294,-0.023518313,0.01038471,0.007788532
1760635032296,-0.02107485,0.0018325958,0.011453724
1760635032298,-0.016187929,-0.0030543262,0.014049901
1760635032301,-0.013744468,-0.0067195175,0.014049901
1760635032303,-0.011453724,-0.015271631,0.014049901
1760635032305,-0.0065668016,-0.020158553,0.017715093
1760635032307,-0.0053450707,-0.025045475,0.018936822
1760635032310,-0.00290161,-0.026267206,0.020158553
1760635032312,0.001985312,-0.028863383,0.021380283
1760635032314,0.0032070426,-0.033750303,0.02275473
1760635032316,0.008093964,-0.031306844,0.023823744
1760635032319,0.004428773,-0.031306844,0.02397646
1760635032321,0.0032070426,-0.033750303,0.025198191
1760635032323,7.6358154E-4,-0.030085113,0.028710667
1760635032325,7.6358154E-4,-0.030085113,0.030085113
1760635032327,0.001985312,-0.030085113,0.034972034
1760635032330,-0.0015271631,-0.025198191,0.03848451
1760635032332,-0.0027488936,-0.025198191,0.0421497
1760635032335,-3.0543262E-4,-0.02275473,0.045814894
1760635032337,-0.0015271631,-0.02031127,0.049480084
1760635032339,-0.0015271631,-0.02275473,0.05681047
1760635032342,-0.0015271631,-0.021533,0.06414085
1760635032344,0.0010690142,-0.020463986,0.070249505
1760635032346,0.0047342055,-0.021685716,0.077579886
1760635032348,0.0047342055,-0.020463986,0.086132
1760635032351,0.0022907446,-0.019242255,0.093462385
1760635032353,0.004886922,-0.01695151,0.10323623
1760635032355,0.007330383,-0.020616703,0.11056661
1760635032358,0.009773844,-0.023060163,0.12156218
1760635032360,0.010995574,-0.026725354,0.13148874
1760635032362,0.010995574,-0.034055736,0.14004086
1760635032364,0.013439035,-0.042760566,0.14737125
1760635032366,0.013286319,-0.04642576,0.15347989
1760635032369,0.01450805,-0.05375614,0.1572978
1760635032371,0.010842858,-0.05971208,0.16340645
1760635032373,0.009468411,-0.06704246,0.16829337
1760635032376,0.008093964,-0.075594574,0.1684461
1760635032378,0.004428773,-0.082924955,0.1684461
1760635032380,0.0018325958,-0.0888809,0.17088956
1760635032382,-0.0032070426,-0.09743301,0.17211129
1760635032385,-0.008093964,-0.09972375,0.17104226
1760635032387,-0.0143553335,-0.104610674,0.16982053
1760635032389,-0.020463986,-0.10567969,0.16982053
1760635032391,-0.024281893,-0.108123146,0.16615535
1760635032394,-0.031612277,-0.110413894,0.16371189
1760635032396,-0.0364992,-0.1067487,0.16126843
1760635032398,-0.04016439,-0.10186178,0.15882497
1760635032400,-0.04642576,-0.09941832,0.15760323
1760635032403,-0.052534413,-0.09437868,0.1563815
1760635032405,-0.058490347,-0.08582657,0.15622878
1760635032407,-0.064599,-0.076052725,0.15500705
1760635032410,-0.068264194,-0.06627888,0.15378532
1760635032412,-0.070554934,-0.055283304,0.15363261
1760635032414,-0.071776666,-0.046731193,0.15363261
1760635032416,-0.07284568,-0.034513887,0.15118915
1760635032418,-0.07147124,-0.023518313,0.14859296
1760635032421,-0.06780604,-0.016340645,0.14859296
1760635032423,-0.0627664,-0.009010263,0.14492778
1760635032425,-0.055283304,6.1086525E-4,0.14355333
1760635032427,-0.047800206,0.011453724,0.1386664
1760635032430,-0.037873644,0.020005837,0.13607024
1760635032432,-0.03283401,0.028405234,0.13118331
1760635032435,-0.022907447,0.034513887,0.12996158
1760635032437,-0.010537425,0.044135015,0.12370021
1760635032439,-0.004276057,0.05131268,0.122478485
1760635032441,0.006872234,0.056046885,0.11759156
1760635032443,0.019242255,0.062002823,0.11499538
1760635032446,0.029168816,0.06566802,0.11133019
1760635032448,0.040317107,0.07040222,0.10888673
1760635032450,0.05131268,0.070249505,0.101556346
1760635032452,0.056352317,0.07269296,0.09789115
1760635032454,0.063682705,0.07513642,0.09285152
1760635032457,0.07360926,0.07620544,0.09040806
1760635032459,0.082161374,0.074830994,0.08674286
1760635032461,0.0870483,0.074830994,0.081855945
1760635032463,0.08582657,0.076052725,0.07819075
1760635032466,0.090713486,0.07360926,0.07452556
1760635032468,0.09315695,0.0711658,0.06963864
1760635032470,0.09315695,0.07238753,0.065973446
1760635032473,0.09193522,0.06872234,0.062308256
1760635032475,0.0870483,0.06887506,0.058643065
1760635032477,0.08200866,0.072540246,0.056199603
1760635032479,0.07467828,0.07391469,0.05375614
1760635032482,0.063682705,0.077579886,0.05131268
1760635032484,0.05375614,0.074067414,0.04886922
1760635032487,0.04260785,0.07544186,0.04520403
1760635032490,0.0290161,0.07437284,0.041691553
1760635032491,0.019089539,0.073303826,0.041691553
1760635032494,0.0056505036,0.07467828,0.04046982
1760635032496,-0.009315695,0.067500606,0.038026363
1760635032498,-0.020463986,0.0664316,0.0355829
1760635032501,-0.03283401,0.063988134,0.03436117
1760635032503,-0.04642576,0.05681047,0.03573562
1760635032505,-0.05879578,0.053297993,0.036957346
1760635032507,-0.06627888,0.04734206,0.038179077
1760635032510,-0.08109236,0.043829583,0.04062254
1760635032512,-0.088422745,0.0364992,0.046883907
1760635032514,-0.09712757,0.028099801,0.04932737
1760635032516,-0.10216721,0.019700404,0.05421429
1760635032518,-0.10476339,0.00870483,0.06047566
1760635032521,-0.10980303,-0.0010690142,0.06414085
1760635032523,-0.11484267,-0.008246681,0.06918049
1760635032525,-0.11362094,-0.021685716,0.074067414
1760635032527,-0.11377365,-0.03268129,0.07788532
1760635032530,-0.11255192,-0.038789943,0.08399397
1760635032531,-0.11026118,-0.049785517,0.0852157
1760635032534,-0.105374254,-0.053450707,0.0852157
1760635032536,-0.10048734,-0.062002823,0.08903361
1760635032539,-0.09560041,-0.06704246,0.09025534
1760635032541,-0.08827003,-0.07192938,0.08781188
1760635032543,-0.08200866,-0.07315111,0.08659015
1760635032545,-0.078343466,-0.07452556,0.08536842
1760635032547,-0.069791354,-0.073303826,0.08659015
1760635032550,-0.064751714,-0.069791354,0.08536842
1760635032552,-0.058643065,-0.06612616,0.08155051
1760635032554,-0.054825157,-0.061239243,0.08032878
1760635032556,-0.049938235,-0.057726767,0.07788532
1760635032559,-0.042455133,-0.050396383,0.07422013
1760635032562,-0.04230242,-0.04428773,0.07284568
1760635032564,-0.037415497,-0.0346666,0.07040222
1760635032566,-0.03481932,-0.022449298,0.06795876
1760635032568,-0.031001411,-0.01282817,0.06536258
1760635032570,-0.029626964,-0.0018325958,0.06658431
1760635032573,-0.028252518,0.007941248,0.063988134
1760635032575,-0.02565634,0.018784106,0.063988134
1760635032577,-0.02565634,0.031001411,0.06154467
1760635032580,-0.020616703,0.039553523,0.061391957
1760635032583,-0.018020526,0.046731193,0.060170226
1760635032584,-0.011759156,0.052839845,0.06261369
1760635032586,-0.006872234,0.05513059,0.061391957
1760635032588,-0.0018325958,0.06246097,0.061239243
1760635032590,0.0030543262,0.062308256,0.063682705
1760635032593,0.005497787,0.064751714,0.06734789
1760635032595,0.011759156,0.064751714,0.06856962
1760635032597,0.019089539,0.058490347,0.069791354
1760635032600,0.02275473,0.054825157,0.071013086
1760635032602,0.025198191,0.052381694,0.07223482
1760635032604,0.030085113,0.043829583,0.07238753
1760635032606,0.036193766,0.03894266,0.0711658
1760635032618,0.03726278,0.031612277,0.07360926
1760635032618,0.0421497,0.024281893,0.0711658
1760635032618,0.044593163,0.01572978,0.0664316
1760635032618,0.04932737,0.0071776668,0.0664316
1760635032618,0.046731193,-0.0062613687,0.063988134
1760635032625,0.04795292,-0.014813482,0.06047566
1760635032625,0.049021937,-0.022143865,0.055588737
1760635032625,0.04642576,-0.030543262,0.051923547
1760635032633,0.043982297,-0.039095376,0.05085453
1760635032633,0.04505131,-0.04642576,0.04718934
1760635032633,0.04260785,-0.051159963,0.04352415
1760635032634,0.03634648,-0.054825157,0.04230242
1760635032636,0.03268129,-0.0571159,0.039858956
1760635032638,0.028863383,-0.0571159,0.037415497
1760635032640,0.02275473,-0.06078109,0.03634648
1760635032642,0.01786781,-0.058184914,0.034972034
1760635032645,0.015271631,-0.058184914,0.036193766
1760635032647,0.0067195175,-0.054519724,0.033750303
1760635032649,0.0030543262,-0.04841107,0.031306844
1760635032651,0.0018325958,-0.047036625,0.032528576
1760635032654,-0.0018325958,-0.0421497,0.028863383
1760635032656,-0.0018325958,-0.04337143,0.031306844
1760635032658,-0.0018325958,-0.0421497,0.030085113
1760635032661,-0.00290161,-0.03726278,0.031306844
1760635032663,7.6358154E-4,-0.032528576,0.030085113
1760635032665,9.162979E-4,-0.026419923,0.032375857
1760635032667,0.0033597588,-0.025198191,0.03604105
1760635032670,0.005955936,-0.018020526,0.03970624
1760635032672,0.0096211275,-0.015577064,0.04337143
1760635032674,0.012064588,-0.0106901415,0.044593163
1760635032677,0.017104227,-0.0071776668,0.047036625
1760635032679,0.023365596,-0.0047342055,0.051923547
1760635032682,0.028252518,-0.002443461,0.055436023
1760635032683,0.033292156,-0.0012217305,0.059101213
1760635032686,0.038179077,0.0012217305,0.060322944
1760635032688,0.043218717,0.0071776668,0.0627664
1760635032690,0.04810564,0.0047342055,0.0664316
1760635032693,0.04932737,0.0047342055,0.065209866
1760635032695,0.05177083,0.00580322,0.0664316
1760635032697,0.050549097,0.004581489,0.0664316
1760635032699,0.05299256,0.004581489,0.0664316
1760635032702,0.05177083,0.0070249503,0.0664316
1760635032704,0.05421429,0.0033597588,0.063988134
1760635032706,0.05299256,0.0033597588,0.0627664
1760635032708,0.050549097,0.0022907446,0.0627664
1760635032712,0.050549097,-0.0013744468,0.0627664
1760635032713,0.04810564,-1.5271631E-4,0.05787948
1760635032715,0.04428773,-0.0013744468,0.059101213
1760635032717,0.038179077,-0.002443461,0.05665775
1760635032720,0.03313944,-0.007330383,0.05681047
1760635032722,0.027030786,-0.010842858,0.05681047
1760635032724,0.02321288,-0.010842858,0.055588737
1760635032726,0.02076942,-0.0096211275,0.055588737
1760635032729,0.017104227,-0.012064588,0.055588737
1760635032731,0.012217305,-0.0096211275,0.06047566
1760635032734,0.0022907446,-0.011911872,0.06047566
1760635032736,-0.0025961774,-0.014202617,0.06047566
1760635032738,-0.0050396384,-0.014202617,0.06414085
1760635032741,-0.0062613687,-0.012980887,0.06658431
1760635032742,-0.0125227375,-0.014202617,0.069027774
1760635032745,-0.016187929,-0.011759156,0.07513642
1760635032747,-0.01863139,-0.01786781,0.077579886
1760635032749,-0.02107485,-0.020158553,0.07880162
1760635032752,-0.01863139,-0.02031127,0.08124508
1760635032754,-0.016187929,-0.025198191,0.082619525
1760635032756,-0.018784106,-0.029932396,0.081397794
1760635032758,-0.017562376,-0.03359759,0.081397794
1760635032761,-0.013897184,-0.033750303,0.08384126
1760635032763,-0.010231993,-0.033750303,0.08384126
1760635032765,-0.0065668016,-0.037415497,0.081397794
1760635032768,-0.005192355,-0.034972034,0.081397794
1760635032770,9.162979E-4,-0.03390302,0.081397794
1760635032772,0.0033597588,-0.03390302,0.08017606
1760635032774,0.00580322,-0.035124753,0.07651087
1760635032776,0.008246681,-0.03268129,0.074067414
1760635032779,0.010842858,-0.03023783,0.07040222
1760635032781,0.01695151,-0.027947085,0.069027774
1760635032783,0.020616703,-0.026725354,0.06658431
1760635032786,0.021991149,-0.025503624,0.06536258
1760635032788,0.02565634,-0.021838432,0.06169739
1760635032790,0.029321533,-0.023060163,0.059253927
1760635032792,0.030543262,-0.023060163,0.06047566
1760635032795,0.029321533,-0.020616703,0.05681047
1760635032797,0.030543262,-0.020616703,0.053145275
1760635032799,0.030543262,-0.01572978,0.053145275
1760635032802,0.03191771,-0.014660766,0.051923547
1760635032804,0.03191771,-0.013439035,0.051923547
1760635032806,0.028099801,-0.019394971,0.049480084
1760635032808,0.02443461,-0.019394971,0.049480084
1760635032811,0.019547688,-0.01450805,0.048258353
1760635032813,0.017104227,-0.01450805,0.049480084
1760635032815,0.012064588,-0.0143553335,0.048258353
1760635032817,0.010842858,-0.019242255,0.045814894
1760635032820,0.0071776668,-0.020463986,0.044593163
1760635032822,0.0021380284,-0.021533,0.04337143
1760635032824,-3.0543262E-4,-0.02397646,0.03970624
1760635032827,-0.0041233404,-0.032528576,0.03863723
1760635032829,-0.0065668016,-0.032375857,0.032528576
1760635032831,-0.01282817,-0.0421497,0.030085113
1760635032834,-0.012980887,-0.045662176,0.027641652
1760635032835,-0.014202617,-0.050549097,0.02275473
1760635032838,-0.011759156,-0.05665775,0.019242255
1760635032840,-0.0143553335,-0.0627664,0.015577064
1760635032842,-0.012064588,-0.07009678,0.0106901415
1760635032844,-0.008399397,-0.07498371,0.0106901415
1760635032847,-0.0071776668,-0.07620544,0.0070249503
1760635032849,-0.0047342055,-0.079870634,0.00580322
1760635032851,-0.0035124752,-0.08109236,0.00580322
1760635032854,-0.0022907446,-0.08475755,0.004581489
1760635032856,-0.0010690142,-0.08475755,0.0070249503
1760635032858,1.5271631E-4,-0.08353582,0.004581489
1760635032860,1.5271631E-4,-0.08353582,0.00580322
1760635032863,-9.162979E-4,-0.0786489,0.0070249503
1760635032865,-0.0035124752,-0.07742717,0.008246681
1760635032867,-0.008246681,-0.06765333,0.009468411
1760635032870,-0.0106901415,-0.059101213,0.013133603
1760635032872,-0.014202617,-0.050549097,0.016646078
1760635032874,-0.01786781,-0.043218717,0.02031127
1760635032876,-0.025198191,-0.035888333,0.021533
1760635032878,-0.027488936,-0.02611449,0.02275473
1760635032881,-0.029932396,-0.015118915,0.027488936
1760635032883,-0.0346666,-0.007788532,0.031154128
1760635032885,-0.037110064,0.001985312,0.03359759
1760635032888,-0.035888333,0.004428773,0.033444874
1760635032890,-0.036957346,0.009315695,0.035888333
1760635032892,-0.036957346,0.008093964,0.038331795
1760635032894,-0.03573562,0.011759156,0.040775254
1760635032897,-0.032070424,0.01038471,0.038331795
1760635032899,-0.024740042,0.009162978,0.037110064
1760635032901,-0.019700404,0.007941248,0.037110064
1760635032904,-0.013591751,0.0041233404,0.032223143
1760635032906,-0.007483099,4.5814895E-4,0.02855795
1760635032908,0.0022907446,-0.0056505036,0.025045475
1760635032910,0.008399397,-0.0106901415,0.022602014
1760635032912,0.01572978,-0.016798794,0.016493361
1760635032915,0.024281893,-0.022907447,0.01282817
1760635032917,0.0364992,-0.029168816,0.005497787
1760635032919,0.04260785,-0.0364992,-6.1086525E-4
1760635032922,0.048716504,-0.043829583,-0.0041233404
1760635032924,0.053450707,-0.047494773,-0.011453724
1760635032926,0.06078109,-0.052381694,-0.017562376
1760635032929,0.063224554,-0.056046885,-0.02367103
1760635032931,0.063224554,-0.056046885,-0.02367103
1760635032933,0.063224554,-0.057268616,-0.02855795
1760635032935,0.05955936,-0.056046885,-0.033444874
1760635032937,0.055741455,-0.056046885,-0.038331795
1760635032940,0.05467244,-0.05100725,-0.040775254
1760635032942,0.049785517,-0.044898596,-0.0421497
1760635032944,0.042455133,-0.035124753,-0.0421497
1760635032946,0.035124753,-0.026572637,-0.0421497
1760635032949,0.03023783,-0.020463986,-0.040927973
1760635032951,0.024281893,-0.011759156,-0.037415497
1760635032953,0.01695151,-0.004428773,-0.034972034
1760635032955,0.013286319,0.0016798794,-0.028863383
1760635032958,0.012064588,0.0065668016,-0.02397646
1760635032960,0.008552114,0.012675454,-0.019089539
1760635032962,0.0036651916,0.018784106,-0.010537425
1760635032965,0.0036651916,0.02367103,-0.004581489
1760635032967,0.0050396384,0.027183503,0.003970624
1760635032970,0.0038179078,0.032070424,0.011301007
1760635032971,0.0013744468,0.033292156,0.01985312
1760635032974,0.0027488936,0.03940081,0.024740042
1760635032976,0.003970624,0.041691553,0.032070424
1760635032979,0.005192355,0.041691553,0.036957346
1760635032981,0.0065668016,0.041691553,0.04428773
1760635032983,0.010231993,0.044135015,0.051618114
1760635032985,0.011453724,0.042760566,0.055283304
1760635032987,0.009010263,0.04046982,0.058948494
1760635032990,0.010231993,0.038026363,0.061391957
1760635032992,0.011453724,0.03313944,0.06383542
1760635032994,0.016340645,0.028099801,0.06627888
1760635032996,0.013744468,0.024587326,0.065209866
1760635032999,0.014966198,0.022143865,0.063988134
1760635033001,0.016187929,0.017256944,0.0627664
1760635033003,0.013744468,0.013591751,0.06154467
1760635033006,0.014813482,0.00992656,0.059101213
1760635033008,0.014813482,0.0038179078,0.059101213
1760635033010,0.014660766,-0.0047342055,0.054367006
1760635033012,0.012217305,-0.008246681,0.051923547
1760635033015,0.010995574,-0.008246681,0.047036625
1760635033017,0.0096211275,-0.013133603,0.044593163
1760635033019,0.0035124752,-0.0106901415,0.0421497
1760635033021,0.0047342055,-0.008246681,0.03848451
1760635033024,0.0047342055,-0.009468411,0.03604105
1760635033026,0.0022907446,-0.009315695,0.03726278
1760635033029,0.0010690142,-0.008093964,0.03604105
1760635033030,0.0022907446,-0.009315695,0.03726278
1760635033033,0.0010690142,-0.008093964,0.03726278
1760635033035,0.0047342055,-0.00580322,0.040927973
1760635033037,0.0061086523,-0.0033597588,0.044593163
1760635033039,0.009773844,-0.004581489,0.050701816
1760635033042,0.016035212,-0.0010690142,0.05787948
1760635033044,0.020922136,-0.0010690142,0.065209866
1760635033046,0.027183503,-0.0012217305,0.072540246
1760635033049,0.033292156,-1.5271631E-4,0.08231409
1760635033051,0.037110064,0.0022907446,0.09208794
1760635033054,0.047036625,0.00580322,0.09941832
1760635033055,0.055741455,0.010537425,0.1067487
1760635033058,0.064446285,0.01282817,0.11530081
1760635033060,0.07192938,0.017715093,0.12385293
1760635033062,0.07941248,0.02367103,0.13103059
1760635033064,0.08811731,0.030848695,0.13836098
1760635033067,0.10048734,0.03191771,0.1469131
1760635033069,0.11407909,0.035430185,0.15424347
1760635033071,0.12767084,0.035277467,0.16035213
1760635033074,0.14248432,0.03390302,0.16157386
1760635033077,0.1572978,0.041080687,0.16142114
1760635033079,0.17211129,0.044593163,0.16142114
1760635033081,0.18936823,0.04444045,0.15897769
1760635033082,0.2041817,0.04795292,0.1553125
1760635033085,0.21899518,0.047800206,0.15042557
1760635033087,0.23136522,0.047647487,0.14431691
1760635033089,0.24724771,0.047494773,0.13439035
1760635033092,0.25717425,0.049938235,0.12461651
1760635033094,0.2657264,0.04734206,0.11362094
1760635033096,0.2742785,0.048563786,0.1001819
1760635033098,0.28038713,0.04734206,0.087964594
1760635033101,0.28038713,0.04734206,0.0720821
1760635033104,0.27916542,0.04734206,0.059864793
1760635033106,0.27290404,0.047494773,0.04642576
1760635033108,0.2678644,0.04642576,0.030543262
1760635033110,0.2593123,0.049021937,0.018325957
1760635033112,0.24694228,0.046731193,0.0061086523
1760635033115,0.23319781,0.045662176,-0.008552114
1760635033117,0.22342396,0.047036625,-0.021991149
1760635033119,0.20845777,0.04230242,-0.030543262
1760635033122,0.19242255,0.042455133,-0.040317107
1760635033124,0.18127427,0.04016439,-0.052534413
1760635033126,0.16646078,0.038026363,-0.06093381
1760635033128,0.15286903,0.03573562,-0.069485925
1760635033131,0.13927728,0.032223143,-0.07437284
1760635033132,0.12675454,0.026267206,-0.0804815
1760635033135,0.113162786,0.02031127,-0.0852157
1760635033137,0.10445796,0.013133603,-0.09010262
1760635033140,0.095753126,0.0047342055,-0.09254608
1760635033142,0.08827003,0.0035124752,-0.093767814
1760635033144,0.083383106,-0.002443461,-0.09483683
1760635033146,0.07574729,-0.010995574,-0.09850202
1760635033148,0.073303826,-0.01695151,-0.09605856
1760635033151,0.0720821,-0.019394971,-0.09728029
1760635033153,0.068264194,-0.019394971,-0.09850202
1760635033155,0.06582073,-0.020616703,-0.09850202
1760635033157,0.06704246,-0.021838432,-0.09728029
1760635033160,0.068264194,-0.023060163,-0.09728029
1760635033162,0.06719518,-0.01695151,-0.09605856
1760635033164,0.06841691,-0.01695151,-0.09483683
1760635033166,0.065973446,-0.01695151,-0.09483683
1760635033169,0.06719518,-0.01450805,-0.09483683
1760635033171,0.06963864,-0.008399397,-0.0936151
1760635033174,0.0759,-0.0061086523,-0.09117164
1760635033176,0.078343466,-0.0012217305,-0.089949906
1760635033178,0.08460484,0.0071776668,-0.0888809
1760635033180,0.08353582,0.01572978,-0.087659165
1760635033183,0.08597928,0.01817324,-0.08399397
1760635033185,0.08857546,0.027794369,-0.08170322
1760635033187,0.089949906,0.03390302,-0.076816306
1760635033190,0.089949906,0.040011674,-0.07437284
1760635033191,0.087659165,0.04734206,-0.069485925
1760635033194,0.0852157,0.05222898,-0.06582073
1760635033196,0.08277224,0.05589417,-0.05971208
1760635033198,0.08155051,0.05955936,-0.056199603
1760635033201,0.07788532,0.06078109,-0.052534413
1760635033203,0.070554934,0.064446285,-0.04886922
1760635033205,0.06811147,0.06688975,-0.042760566
1760635033207,0.05955936,0.07070765,-0.042760566
1760635033210,0.05589417,0.07070765,-0.04153884
1760635033212,0.049632803,0.07070765,-0.036651913
1760635033214,0.044745877,0.068264194,-0.034208454
1760635033216,0.037415497,0.06719518,-0.030390546
1760635033219,0.029932396,0.06352998,-0.029168816
1760635033221,0.032375857,0.056199603,-0.029168816
1760635033223,0.02611449,0.05513059,-0.029168816
1760635033225,0.02611449,0.046578474,-0.029168816
1760635033228,0.024740042,0.042913284,-0.029168816
1760635033230,0.022143865,0.033292156,-0.03145956
1760635033232,0.022143865,0.028405234,-0.03268129
1760635033234,0.024587326,0.023518313,-0.035124753
1760635033237,0.02076942,0.01863139,-0.035124753
1760635033239,0.02443461,0.016187929,-0.03634648
1760635033241,0.02443461,0.010079277,-0.03863723
1760635033243,0.023060163,0.003970624,-0.041080687
1760635033246,0.024281893,3.0543262E-4,-0.04230242
1760635033248,0.020616703,-0.0056505036,-0.041080687
1760635033251,0.018020526,-0.010537425,-0.04230242
1760635033253,0.0154243475,-0.019089539,-0.0421497
1760635033255,0.014202617,-0.023823744,-0.045814894
1760635033258,0.01038471,-0.032375857,-0.047036625
1760635033260,0.0053450707,-0.038331795,-0.04810564
1760635033262,-0.001985312,-0.04444045,-0.04932737
1760635033264,-0.0106901415,-0.04550946,-0.05177083
1760635033266,-0.013133603,-0.04795292,-0.050549097
1760635033269,-0.021838432,-0.049021937,-0.05177083
1760635033271,-0.029168816,-0.047800206,-0.04932737
1760635033274,-0.036651913,-0.047647487,-0.04932737
1760635033275,-0.04520403,-0.047647487,-0.046883907
1760635033278,-0.05513059,-0.047494773,-0.046883907
1760635033280,-0.061239243,-0.04627304,-0.045662176
1760635033282,-0.07360926,-0.043676864,-0.045662176
1760635033285,-0.07849618,-0.044898596,-0.043218717
1760635033287,-0.08827003,-0.044745877,-0.038331795
1760635033289,-0.09315695,-0.039858956,-0.037110064
1760635033291,-0.09941832,-0.037415497,-0.0346666
1760635033294,-0.10293079,-0.030085113,-0.031001411
1760635033296,-0.10415252,-0.031306844,-0.02611449
1760635033298,-0.10781772,-0.028710667,-0.022449298
1760635033300,-0.10781772,-0.025198191,-0.017562376
1760635033303,-0.105374254,-0.025198191,-0.011453724
1760635033305,-0.10415252,-0.026419923,-0.0065668016
1760635033307,-0.10277808,-0.026419923,-0.00290161
1760635033310,-0.09789115,-0.026572637,7.6358154E-4
1760635033312,-0.09056077,-0.027794369,0.0056505036
1760635033314,-0.08552113,-0.031612277,0.010537425
1760635033316,-0.07452556,-0.03772093,0.012980887
1760635033319,-0.0720821,-0.04138612,0.01786781
1760635033321,-0.06352998,-0.04520403,0.02031127
1760635033323,-0.056199603,-0.05131268,0.020463986
1760635033325,-0.05375614,-0.056199603,0.021685716
1760635033328,-0.05009095,-0.065973446,0.021685716
1760635033330,-0.042913284,-0.07467828,0.020463986
1760635033332,-0.038026363,-0.08200866,0.01572978
1760635033334,-0.03680463,-0.0917825,0.01572978
1760635033337,-0.032070424,-0.101556346,0.012064588
1760635033339,-0.030848695,-0.10873401,0.008552114
1760635033342,-0.031001411,-0.11484267,0.002443461
1760635033343,-0.02977968,-0.12461651,-0.0012217305
1760635033346,-0.031154128,-0.13194689,-0.0036651916
1760635033348,-0.031306844,-0.13790283,-0.0096211275
1760635033350,-0.032528576,-0.14645495,-0.01450805
1760635033352,-0.035124753,-0.14889841,-0.01695151
1760635033355,-0.035124753,-0.1525636,-0.019394971
1760635033357,-0.03390302,-0.15378532,-0.023060163
1760635033360,-0.035124753,-0.1572978,-0.025503624
1760635033362,-0.0364992,-0.15974127,-0.026725354
1760635033364,-0.034055736,-0.16218472,-0.029168816
1760635033366,-0.030390546,-0.16233744,-0.031612277
1760635033368,-0.026572637,-0.15989397,-0.03283401
1760635033371,-0.022907447,-0.16233744,-0.030390546
1760635033373,-0.020463986,-0.15745051,-0.030390546
1760635033375,-0.01786781,-0.15760323,-0.029168816
1760635033378,-0.011759156,-0.15149458,-0.030390546
1760635033380,-0.007941248,-0.14905111,-0.027947085
1760635033382,-0.0067195175,-0.14431691,-0.025503624
1760635033384,-0.0016798794,-0.13820826,-0.02565634
1760635033387,0.0021380284,-0.13103059,-0.02565634
1760635033389,0.0047342055,-0.11759156,-0.019547688
1760635033391,0.008552114,-0.10430524,-0.018478673
1760635033394,0.014813482,-0.09086621,-0.01863139
1760635033396,0.01985312,-0.08002335,-0.01740966
1760635033398,0.02733622,-0.07040222,-0.014966198
1760635033400,0.029932396,-0.060628377,-0.013897184
1760635033403,0.036193766,-0.049785517,-0.012675454
1760635033405,0.043676864,-0.049785517,-0.012675454
1760635033407,0.049938235,-0.03894266,-0.009162978
1760635033409,0.054825157,-0.034055736,-0.009162978
1760635033412,0.061086524,-0.030543262,-0.009162978
1760635033414,0.06856962,-0.024587326,-0.007941248
1760635033416,0.07467828,-0.027030786,-0.0067195175
1760635033418,0.08200866,-0.028252518,-0.009162978
1760635033421,0.089491755,-0.027183503,-0.01038471
1760635033424,0.098043874,-0.029626964,-0.014049901
1760635033425,0.105374254,-0.037110064,-0.018936822
1760635033428,0.113926366,-0.04444045,-0.022602014
1760635033430,0.12003502,-0.055436023,-0.028710667
1760635033432,0.12858713,-0.0627664,-0.032223143
1760635033434,0.13576481,-0.07620544,-0.035888333
1760635033437,0.14172074,-0.08964448,-0.04428773
1760635033439,0.15027285,-0.10445796,-0.04795292
1760635033442,0.15622878,-0.11911872,-0.055283304
1760635033444,0.16600263,-0.1337795,-0.06246097
1760635033446,0.1731803,-0.14721853,-0.071013086
1760635033448,0.17913623,-0.16187929,-0.07819075
1760635033450,0.1863139,-0.17898351,-0.08674286
1760635033452,0.19364429,-0.19364429,-0.09392053
1760635033455,0.19960022,-0.21059579,-0.10247265
1760635033457,0.20555615,-0.22770002,-0.110872045
1760635033459,0.21395555,-0.24236079,-0.12186762
1760635033462,0.21991149,-0.26068676,-0.12904528
1760635033464,0.22831088,-0.27656925,-0.13881913
1760635033466,0.23808473,-0.29245174,-0.14844026
1760635033468,0.2452624,-0.3036,-0.15454891
1760635033470,0.25137106,-0.3145956,-0.16294831
1760635033473,0.25870144,-0.3231477,-0.17027868
1760635033475,0.2658791,-0.32925636,-0.1788308
1760635033478,0.2695443,-0.33414328,-0.182496
1760635033480,0.2733622,-0.33169982,-0.18493946
1760635033482,0.2770274,-0.32574388,-0.1873829
1760635033484,0.27962357,-0.31597003,-0.18875736
1760635033487,0.2771801,-0.31108314,-0.18875736
1760635033489,0.27855456,-0.29886582,-0.18509217
1760635033491,0.2750421,-0.28787026,-0.1815797
1760635033493,0.27275133,-0.26847526,-0.1779145
1760635033495,0.27290404,-0.25503623,-0.17440203
1760635033498,0.27183503,-0.23808473,-0.16584991
1760635033500,0.2695443,-0.21609358,-0.16233744
1760635033502,0.26374108,-0.19410244,-0.15149458
1760635033505,0.2602286,-0.17348573,-0.13942999
1760635033507,0.2556471,-0.14905111,-0.12965615
1760635033509,0.25213462,-0.12721269,-0.11881329
1760635033511,0.2499966,-0.10522154,-0.10430524
1760635033514,0.2452624,-0.08445212,-0.092240654
1760635033516,0.24174993,-0.06383542,-0.077579886
1760635033518,0.2396119,-0.04428773,-0.065515295
1760635033520,0.23854288,-0.031001411,-0.053297993
1760635033523,0.23747386,-0.014049901,-0.03756821
1760635033525,0.23640485,-6.1086525E-4,-0.025350908
1760635033527,0.23044892,0.016493361,-0.012064588
1760635033529,0.22815818,0.032223143,1.5271631E-4
1760635033532,0.22342396,0.045662176,0.010995574
1760635033534,0.21624629,0.05665775,0.02443461
1760635033536,0.20769419,0.07009678,0.035277467
1760635033539,0.20173825,0.07742717,0.043829583
1760635033541,0.19318613,0.087201014,0.054825157
1760635033543,0.18219055,0.09590584,0.064599
1760635033546,0.16997325,0.09590584,0.075594574
1760635033548,0.1563815,0.09972375,0.08170322
1760635033551,0.1441642,0.09987647,0.091477074
1760635033552,0.12812899,0.098807454,0.098807454
1760635033555,0.109650314,0.096516706,0.106137834
1760635033557,0.092240654,0.0917825,0.11362094
1760635033559,0.07376198,0.08827003,0.12217305
1760635033561,0.058948494,0.08109236,0.1282817
1760635033564,0.04153884,0.07269296,0.13454308
1760635033566,0.026725354,0.060628377,0.13942999
1760635033569,0.010537425,0.052381694,0.1432479
1760635033571,-0.009315695,0.039095376,0.1469131
1760635033573,-0.021685716,0.029474247,0.15317446
1760635033575,-0.037873644,0.013744468,0.15699236
1760635033577,-0.046578474,4.5814895E-4,0.16065755
1760635033579,-0.059101213,-0.015271631,0.16081028
1760635033582,-0.06780604,-0.02977968,0.16447547
1760635033583,-0.07788532,-0.04428773,0.16462818
1760635033587,-0.08781188,-0.056352317,0.16340645
1760635033589,-0.094225965,-0.07086037,0.1611157
1760635033591,-0.098043874,-0.08307768,0.15882497
1760635033593,-0.10308351,-0.09392053,0.1563815
1760635033595,-0.10323623,-0.107359566,0.15149458
1760635033598,-0.104610674,-0.116980694,0.14676037
1760635033600,-0.10216721,-0.129198,0.14309518
1760635033602,-0.09865474,-0.1414153,0.13713925
1760635033604,-0.094989546,-0.14996742,0.13103059
1760635033607,-0.08903361,-0.16218472,0.121256754
1760635033608,-0.08170322,-0.17195857,0.11285736
1760635033611,-0.07452556,-0.17928895,0.10308351
1760635033614,-0.065973446,-0.18173242,0.09208794
1760635033616,-0.056046885,-0.18432859,0.079870634
1760635033618,-0.048716504,-0.18432859,0.0664316
1760635033621,-0.03894266,-0.18188512,0.054061573
1760635033623,-0.0290161,-0.17837265,0.04062254
1760635033625,-0.016646078,-0.172264,0.027183503
1760635033627,-0.004276057,-0.1638646,0.014813482
1760635033629,0.006872234,-0.15668693,0.0025961774
1760635033632,0.0143553335,-0.14446963,-0.009773844
1760635033634,0.024281893,-0.13607024,-0.021991149
1760635033636,0.036651913,-0.124005646,-0.03436117
1760635033638,0.047800206,-0.10949759,-0.044135015
1760635033640,0.055436023,-0.09483683,-0.051618114
1760635033642,0.06414085,-0.08277224,-0.057726767
1760635033645,0.07544186,-0.06337727,-0.06154467
1760635033647,0.082924955,-0.04642576,-0.06658431
1760635033649,0.09040806,-0.0355829,-0.069027774
1760635033652,0.098043874,-0.022296581,-0.06429356
1760635033654,0.10552697,-0.008857546,-0.06429356
1760635033656,0.11178834,0.0032070426,-0.062002823
1760635033658,0.11682798,0.01038471,-0.0571159
1760635033661,0.11942416,0.021380283,-0.049785517
1760635033663,0.1207986,0.02977968,-0.04260785
1760635033665,0.12095132,0.040775254,-0.03283401
1760635033668,0.119729586,0.045662176,-0.024281893
1760635033670,0.116217114,0.05177083,-0.01695151
1760635033672,0.10888673,0.05787948,-0.004886922
1760635033674,0.10277808,0.0627664,0.004886922
1760635033678,0.0954477,0.071318515,0.017104227
1760635033679,0.08689558,0.071318515,0.028099801
1760635033681,0.06963864,0.07513642,0.039095376
1760635033683,0.057421334,0.07651087,0.047647487
1760635033685,0.043982297,0.07895433,0.058643065
1760635033688,0.026725354,0.07544186,0.071013086
1760635033690,0.0106901415,0.075594574,0.0795652
1760635033693,-0.0065668016,0.0720821,0.08811731
1760635033695,-0.018936822,0.06612616,0.094225965
1760635033697,-0.034972034,0.06627888,0.10399981
1760635033699,-0.053450707,0.063988134,0.11026118
1760635033701,-0.07070765,0.06047566,0.11636983
1760635033704,-0.08811731,0.05467244,0.121256754
1760635033706,-0.105374254,0.052381694,0.12751812
1760635033709,-0.118966006,0.04642576,0.13118331
1760635033710,-0.13500121,0.045356743,0.13607024
1760635033713,-0.14859296,0.03940081,0.1385137
1760635033715,-0.15974127,0.032070424,0.14110987
1760635033717,-0.16600263,0.022449298,0.13988814
1760635033719,-0.17104226,0.01160644,0.1423316
1760635033722,-0.17486018,0.0030543262,0.14370605
1760635033724,-0.17623462,-0.0067195175,0.14370605
1760635033727,-0.17623462,-0.013897184,0.14126259
1760635033729,-0.17516561,-0.02733622,0.1414153
1760635033731,-0.17027868,-0.032223143,0.13897185
1760635033733,-0.16417004,-0.0421497,0.13775012
1760635033735,-0.15821409,-0.048258353,0.13423763
1760635033737,-0.150731,-0.054367006,0.1330159
1760635033740,-0.14095716,-0.061850104,0.13423763
1760635033742,-0.12996158,-0.065515295,0.12935072
1760635033744,-0.12385293,-0.07040222,0.12690726
1760635033747,-0.1151481,-0.06811147,0.12568553
1760635033749,-0.105374254,-0.07070765,0.123242065
1760635033752,-0.10170906,-0.06582073,0.11835514
1760635033754,-0.0917825,-0.06704246,0.11591168
1760635033756,-0.081855945,-0.062308256,0.11591168
1760635033758,-0.07696902,-0.05513059,0.109650314
1760635033760,-0.069485925,-0.049021937,0.10598512
1760635033763,-0.064446285,-0.04428773,0.10354166
1760635033765,-0.063224554,-0.03573562,0.09972375
1760635033767,-0.058184914,-0.027183503,0.09850202
1760635033770,-0.055588737,-0.016340645,0.09728029
1760635033772,-0.05421429,-0.0016798794,0.09590584
1760635033774,-0.060170226,0.012980887,0.09590584
1760635033776,-0.063682705,0.028863383,0.09697486
1760635033778,-0.065973446,0.04596761,0.099265605
1760635033781,-0.06719518,0.059406646,0.10048734
1760635033783,-0.07070765,0.07513642,0.10277808
1760635033785,-0.07422013,0.08735373,0.10277808
1760635033788,-0.07651087,0.10323623,0.103847094
1760635033790,-0.07391469,0.12140947,0.10751228
1760635033792,-0.071318515,0.13118331,0.107359566
1760635033794,-0.067500606,0.1470658,0.106137834
1760635033797,-0.06612616,0.16279559,0.10598512
1760635033799,-0.056046885,0.17730364,0.10720685
1760635033801,-0.046120327,0.1881465,0.10827587
1760635033804,-0.03970624,0.20265454,0.10705414
1760635033806,-0.031001411,0.21365012,0.11056661
1760635033808,-0.018478673,0.22678372,0.11056661
1760635033811,-0.0061086523,0.23518312,0.11407909
1760635033813,0.0025961774,0.23884831,0.11652254
1760635033815,0.014966198,0.24358252,0.12018774
1760635033817,0.02107485,0.24465153,0.12385293
1760635033820,0.02855795,0.24587326,0.12629639
1760635033822,0.03848451,0.24572055,0.12736541
1760635033824,0.045662176,0.23716843,0.12873985
1760635033826,0.04932737,0.23090707,0.12873985
1760635033829,0.05421429,0.22602014,0.12996158
1760635033831,0.055436023,0.21746802,0.12751812
1760635033833,0.057726767,0.20662516,0.124005646
1760635033836,0.05879578,0.19685133,0.12156218
1760635033838,0.056352317,0.18585575,0.11804971
1760635033840,0.048716504,0.17012598,0.11804971
1760635033842,0.042455133,0.15806139,0.1133155
1760635033845,0.03726278,0.14355333,0.110872045
1760635033847,0.02855795,0.13133603,0.107359566
1760635033849,0.02107485,0.11560625,0.107359566
1760635033851,0.012217305,0.102319926,0.10629055
1760635033854,0.0033597588,0.08659015,0.10262536
1760635033856,-0.009010263,0.07696902,0.10399981
1760635033858,-0.018936822,0.06734789,0.10522154
1760635033860,-0.03145956,0.04917465,0.105374254
1760635033863,-0.043829583,0.04444045,0.105374254
1760635033865,-0.05375614,0.031154128,0.10797043
1760635033867,-0.06627888,0.02275473,0.10919216
1760635033870,-0.07238753,0.018020526,0.11301007
1760635033872,-0.08246681,0.009468411,0.1142318
1760635033874,-0.08857546,0.0071776668,0.116675265
1760635033876,-0.09605856,0.0035124752,0.116675265
1760635033878,-0.10338894,0.0036651916,0.11911872
1760635033881,-0.10827587,0.0036651916,0.12034045
1760635033883,-0.10949759,0.0036651916,0.12034045
1760635033885,-0.11071932,0.004886922,0.124005646
1760635033887,-0.10949759,0.0036651916,0.124005646
1760635033890,-0.10827587,0.008552114,0.124005646
1760635033892,-0.10705414,0.013439035,0.124005646
1760635033894,-0.10445796,0.01572978,0.124005646
1760635033896,-0.099571034,0.023060163,0.12156218
1760635033899,-0.09819659,0.03283401,0.12140947
1760635033901,-0.09193522,0.040011674,0.12140947
1760635033903,-0.085673854,0.042455133,0.12018774
1760635033905,-0.08200866,0.05085453,0.11881329
1760635033908,-0.07941248,0.056963183,0.11636983
1760635033910,-0.07070765,0.06047566,0.11636983
1760635033912,-0.064599,0.06658431,0.11148291
1760635033914,-0.06078109,0.069027774,0.10781772
1760635033917,-0.05467244,0.06765333,0.10415252
1760635033919,-0.046120327,0.06765333,0.101556346
1760635033921,-0.03863723,0.0664316,0.09789115
1760635033923,-0.031306844,0.06383542,0.094225965
1760635033926,-0.021533,0.061391957,0.09315695
1760635033928,-0.014202617,0.05879578,0.090713486
1760635033931,-0.006872234,0.052687127,0.0870483
1760635033933,0.00290161,0.04520403,0.083383106
1760635033935,0.011453724,0.037873644,0.08093964
1760635033937,0.020005837,0.02687807,0.07971791
1760635033939,0.031001411,0.019394971,0.07620544
1760635033942,0.041996986,0.008399397,0.07498371
1760635033944,0.050549097,-3.0543262E-4,0.072540246
1760635033947,0.05787948,-0.010079277,0.069027774
1760635033949,0.0664316,-0.01985312,0.06658431
1760635033951,0.07238753,-0.030848695,0.06047566
1760635033954,0.07971791,-0.04062254,0.05681047
1760635033956,0.0870483,-0.051618114,0.054519724
1760635033958,0.08933904,-0.057726767,0.049632803
1760635033960,0.0954477,-0.065209866,0.044745877
1760635033963,0.100334615,-0.07009678,0.041080687
1760635033965,0.10277808,-0.07498371,0.036193766
1760635033967,0.103847094,-0.08109236,0.03023783
1760635033969,0.103847094,-0.083383106,0.025350908
1760635033972,0.10629055,-0.082161374,0.019242255
1760635033974,0.105068825,-0.083383106,0.018020526
1760635033976,0.10140363,-0.08093964,0.013133603
1760635033978,0.1001819,-0.07849618,0.011911872
1760635033980,0.09773844,-0.074830994,0.010537425
1760635033982,0.09162979,-0.067500606,0.010537425
1760635033985,0.08674286,-0.056505036,0.010537425
1760635033987,0.08445212,-0.046731193,0.011759156
1760635033989,0.07467828,-0.03924809,0.01282817
1760635033991,0.071013086,-0.030695979,0.015271631
1760635033994,0.067500606,-0.019700404,0.016493361
1760635033996,0.060170226,-0.0062613687,0.020005837
1760635033999,0.05665775,0.0047342055,0.024892759
1760635034001,0.05177083,0.01572978,0.029626964
1760635034003,0.045814894,0.024281893,0.033292156
1760635034005,0.044593163,0.034055736,0.036957346
1760635034008,0.04596761,0.03772093,0.04184427
1760635034010,0.044745877,0.04138612,0.043066
1760635034012,0.04352415,0.049785517,0.047800206
1760635034014,0.044898596,0.05100725,0.052687127
1760635034016,0.046120327,0.049785517,0.056352317
1760635034019,0.048563786,0.05100725,0.06001751
1760635034021,0.05222898,0.05085453,0.06246097
1760635034023,0.05100725,0.049632803,0.06612616
1760635034026,0.049785517,0.046120327,0.06872234
1760635034028,0.05222898,0.04352415,0.07238753
1760635034030,0.053450707,0.037415497,0.074830994
1760635034032,0.05589417,0.031306844,0.076052725
1760635034035,0.055741455,0.025198191,0.07849618
1760635034037,0.055741455,0.019242255,0.079870634
1760635034039,0.05681047,0.0143553335,0.0786489
1760635034042,0.05681047,0.009468411,0.0786489
1760635034044,0.053145275,0.004581489,0.07742717
1760635034046,0.05299256,9.162979E-4,0.07498371
1760635034048,0.05299256,9.162979E-4,0.07376198
1760635034051,0.055436023,-0.003970624,0.072540246
1760635034053,0.04932737,-0.0038179078,0.07009678
1760635034056,0.04810564,-0.0025961774,0.0664316
1760635034058,0.046883907,-1.5271631E-4,0.063988134
1760635034060,0.03940081,0.0022907446,0.06154467
1760635034062,0.035888333,0.008399397,0.0627664
1760635034064,0.032223143,0.017104227,0.05787948
1760635034066,0.02367103,0.02321288,0.057726767
1760635034069,0.020005837,0.02565634,0.057726767
1760635034071,0.011301007,0.03191771,0.055283304
1760635034073,0.006414085,0.03436117,0.056505036
1760635034076,0.0015271631,0.03924809,0.056505036
1760635034078,-0.0033597588,0.042913284,0.054061573
1760635034080,-0.008246681,0.046731193,0.054061573
1760635034082,-0.0143553335,0.04550946,0.055283304
1760635034084,-0.016798794,0.04550946,0.056505036
1760635034087,-0.019242255,0.04795292,0.054061573
1760635034089,-0.019394971,0.043218717,0.052839845
1760635034091,-0.01695151,0.043066,0.054061573
1760635034094,-0.01572978,0.038179077,0.052839845
1760635034096,-0.01450805,0.032070424,0.054061573
1760635034098,-0.008399397,0.032070424,0.056505036
1760635034101,-0.0071776668,0.027183503,0.05665775
1760635034103,-0.0010690142,0.022296581,0.05787948
1760635034105,0.00870483,0.017256944,0.055436023
1760635034107,0.011148291,0.011148291,0.055436023
1760635034109,0.017256944,0.0038179078,0.05787948
1760635034112,0.025809057,-0.0,0.05421429
1760635034114,0.03436117,-0.010995574,0.051923547
1760635034116,0.03924809,-0.015882496,0.048258353
1760635034118,0.045356743,-0.021991149,0.04337143
1760635034121,0.051465396,-0.029321533,0.03970624
1760635034123,0.061239243,-0.03436117,0.03481932
1760635034125,0.064751714,-0.03924809,0.028710667
1760635034128,0.0720821,-0.046578474,0.02275473
1760635034130,0.080634214,-0.056352317,0.016646078
1760635034132,0.0842994,-0.05879578,0.010537425
1760635034135,0.09040806,-0.061391957,0.0032070426
1760635034137,0.095294975,-0.06872234,7.6358154E-4
1760635034139,0.10140363,-0.067500606,-0.0053450707
1760635034142,0.10629055,-0.06994407,-0.012675454
1760635034144,0.10873401,-0.06994407,-0.016340645
1760635034146,0.11377365,-0.06872234,-0.020005837
1760635034148,0.116217114,-0.0664316,-0.02367103
1760635034151,0.116217114,-0.0627664,-0.02611449
1760635034153,0.11988231,-0.06154467,-0.02977968
1760635034155,0.117438845,-0.05665775,-0.02977968
1760635034157,0.11759156,-0.04810564,-0.031154128
1760635034160,0.11636983,-0.041996986,-0.031154128
1760635034162,0.117744274,-0.037110064,-0.031154128
1760635034164,0.11407909,-0.031001411,-0.029932396
1760635034167,0.10919216,-0.022449298,-0.027641652
1760635034169,0.1067487,-0.018784106,-0.025198191
1760635034171,0.10552697,-0.016340645,-0.02275473
1760635034174,0.10323623,-0.011453724,-0.02031127
1760635034176,0.100792766,-0.007788532,-0.016646078
1760635034178,0.099571034,-0.0053450707,-0.010537425
1760635034181,0.09712757,-0.00290161,-0.010537425
1760635034182,0.093462385,-4.5814895E-4,-0.0056505036
1760635034184,0.09101892,0.001985312,0.0016798794
1760635034187,0.086132,0.0056505036,0.0053450707
1760635034189,0.08002335,0.009315695,0.011301007
1760635034191,0.08002335,0.010537425,0.016187929
1760635034193,0.07269296,0.009468411,0.022449298
1760635034196,0.069027774,0.008246681,0.02855795
1760635034198,0.06154467,0.008246681,0.02977968
1760635034200,0.060322944,0.0033597588,0.035888333
1760635034202,0.055436023,-1.5271631E-4,0.039553523
1760635034205,0.04917465,-0.0025961774,0.043218717
1760635034207,0.04428773,-0.004886922,0.04444045
1760635034209,0.03924809,-0.008552114,0.047036625
1760635034211,0.0355829,-0.014660766,0.048258353
1760635034214,0.034208454,-0.018325957,0.049480084
1760635034216,0.02565634,-0.021838432,0.050701816
1760635034218,0.01817324,-0.025350908,0.051923547
1760635034220,0.011911872,-0.03023783,0.05207626
1760635034224,0.00580322,-0.036193766,0.049632803
1760635034225,0.0032070426,-0.039858956,0.04841107
1760635034227,-0.004276057,-0.044593163,0.04841107
1760635034230,-0.011759156,-0.054367006,0.048563786
1760635034232,-0.015577064,-0.06154467,0.044898596
1760635034234,-0.018020526,-0.0627664,0.041233405
1760635034237,-0.021685716,-0.0627664,0.03756821
1760635034239,-0.022907447,-0.06505715,0.03145956
1760635034241,-0.026725354,-0.067500606,0.027794369
1760635034243,-0.027947085,-0.067500606,0.024129177
1760635034246,-0.029168816,-0.067500606,0.016798794
1760635034248,-0.03176499,-0.06734789,0.011911872
1760635034250,-0.030543262,-0.06612616,0.00580322
1760635034252,-0.026725354,-0.06383542,9.162979E-4
1760635034255,-0.024281893,-0.060170226,-0.005192355
1760635034257,-0.019394971,-0.056505036,-0.010231993
1760635034259,-0.015577064,-0.055283304,-0.016340645
1760635034261,-0.009468411,-0.05177083,-0.021227567
1760635034264,-0.006872234,-0.046883907,-0.02733622
1760635034266,0.00290161,-0.045662176,-0.032223143
1760635034268,0.007941248,-0.0421497,-0.037110064
1760635034271,0.016493361,-0.03970624,-0.04444045
1760635034273,0.025198191,-0.033750303,-0.047036625
1760635034275,0.030085113,-0.032528576,-0.050701816
1760635034278,0.03634648,-0.030085113,-0.054367006
1760635034280,0.044898596,-0.027794369,-0.059253927
1760635034282,0.048716504,-0.026572637,-0.06047566
1760635034285,0.052381694,-0.024281893,-0.06047566
1760635034287,0.054825157,-0.023060163,-0.06169739
1760635034289,0.057268616,-0.023060163,-0.06169739
1760635034291,0.061086524,-0.023060163,-0.06169739
1760635034294,0.058490347,-0.024281893,-0.06047566
1760635034296,0.058490347,-0.021838432,-0.06291912
1760635034298,0.056046885,-0.019394971,-0.060628377
1760635034300,0.05497787,-0.01695151,-0.061850104
1760635034302,0.047494773,-0.018020526,-0.059406646
1760635034305,0.043829583,-0.013133603,-0.055741455
1760635034307,0.0364992,-0.013133603,-0.054519724
1760635034309,0.030390546,-0.009468411,-0.053297993
1760635034311,0.026725354,-0.008093964,-0.05207626
1760635034314,0.019242255,-0.008093964,-0.049632803
1760635034316,0.011911872,-0.0067195175,-0.04718934
1760635034318,0.00580322,-0.005497787,-0.04596761
1760635034321,-4.5814895E-4,-0.005497787,-0.04596761
1760635034323,-0.0065668016,-0.0041233404,-0.04352415
1760635034325,-0.011453724,-0.0016798794,-0.044745877
1760635034327,-0.012675454,-0.0041233404,-0.044745877
1760635034330,-0.012675454,-0.0053450707,-0.04230242
1760635034332,-0.018936822,-0.006414085,-0.045814894
1760635034334,-0.014049901,-0.009010263,-0.045814894
1760635034337,-0.01160644,-0.010231993,-0.048258353
1760635034339,-0.009162978,-0.010231993,-0.049480084
1760635034342,-0.00290161,-0.012675454,-0.050701816
1760635034344,0.004428773,-0.01282817,-0.049480084
1760635034345,0.008093964,-0.014049901,-0.053145275
1760635034348,0.013133603,-0.01160644,-0.053297993
1760635034350,0.018020526,-0.009315695,-0.053297993
1760635034352,0.022907447,-0.008093964,-0.05085453
1760635034354,0.026725354,-0.004428773,-0.053297993
1760635034357,0.031612277,-0.0033597588,-0.05085453
1760635034359,0.035430185,-9.162979E-4,-0.05207626
1760635034361,0.037873644,0.0027488936,-0.053297993
1760635034364,0.036651913,0.006414085,-0.053297993
1760635034366,0.042913284,0.0062613687,-0.053297993
1760635034368,0.039095376,0.0076358155,-0.055741455
1760635034370,0.040317107,0.00870483,-0.054519724
1760635034373,0.041691553,0.00870483,-0.056963183
1760635034375,0.036651913,0.010079277,-0.059406646
1760635034377,0.03176499,0.010079277,-0.059406646
1760635034380,0.030543262,0.011301007,-0.06078109
1760635034382,0.02565634,0.009010263,-0.059406646
1760635034384,0.023060163,0.011453724,-0.061850104
1760635034386,0.01450805,0.010231993,-0.061850104
1760635034389,0.009468411,0.007941248,-0.06307184
1760635034391,9.162979E-4,0.0067195175,-0.06429356
1760635034393,-0.0041233404,0.0032070426,-0.06307184
1760635034395,-0.009010263,7.6358154E-4,-0.059406646
1760635034397,-0.014049901,-0.0027488936,-0.06307184
1760635034400,-0.021380283,-0.0076358155,-0.06047566
1760635034402,-0.021533,-0.010079277,-0.05681047
1760635034404,-0.02275473,-0.016187929,-0.05681047
1760635034406,-0.025198191,-0.01985312,-0.054367006
1760635034410,-0.027641652,-0.01985312,-0.048258353
1760635034411,-0.027794369,-0.023365596,-0.045814894
1760635034414,-0.0290161,-0.024740042,-0.03970624
1760635034416,-0.0290161,-0.025809057,-0.03848451
1760635034418,-0.027641652,-0.024740042,-0.032375857
1760635034421,-0.027641652,-0.02107485,-0.028710667
1760635034423,-0.02397646,-0.023518313,-0.027488936
1760635034425,-0.021380283,-0.01740966,-0.022602014
1760635034427,-0.016493361,-0.015118915,-0.021380283
1760635034430,-0.015271631,-0.013897184,-0.020158553
1760635034432,-0.012675454,-0.012675454,-0.020158553
1760635034434,-0.010231993,-0.012675454,-0.017715093
1760635034436,-0.0065668016,-0.007941248,-0.018936822
1760635034438,0.0021380284,-0.004276057,-0.021533
1760635034441,0.0021380284,-6.1086525E-4,-0.025198191
1760635034443,0.0070249503,-0.001985312,-0.027641652
1760635034445,0.0096211275,0.0016798794,-0.028863383
1760635034448,0.012064588,0.0065668016,-0.033750303
1760635034451,0.01572978,0.010231993,-0.037415497
1760635034452,0.017104227,0.011453724,-0.041080687
1760635034455,0.021991149,0.0125227375,-0.04352415
1760635034457,0.02076942,0.013744468,-0.04596761
1760635034459,0.021991149,0.01863139,-0.048563786
1760635034462,0.02076942,0.02107485,-0.05467244
1760635034464,0.02076942,0.021227567,-0.05589417
1760635034465,0.02076942,0.022449298,-0.05955936
1760635034468,0.02076942,0.02367103,-0.063224554
1760635034470,0.019547688,0.02367103,-0.06688975
1760635034472,0.017104227,0.02367103,-0.0693332
1760635034475,0.01450805,0.022449298,-0.0729984
1760635034477,0.012217305,0.02611449,-0.07422013
1760635034480,0.0096211275,0.027488936,-0.07666359
1760635034482,0.008399397,0.027488936,-0.07788532
1760635034484,0.0035124752,0.032375857,-0.079107046
1760635034486,-1.5271631E-4,0.03848451,-0.08032878
1760635034488,-0.0038179078,0.03848451,-0.08032878
1760635034490,-0.0062613687,0.03970624,-0.08032878
1760635034493,-0.0062613687,0.04337143,-0.08170322
1760635034496,-0.016035212,0.04596761,-0.082924955
1760635034497,-0.016035212,0.053297993,-0.082924955
1760635034499,-0.020922136,0.055741455,-0.08536842
1760635034502,-0.02565634,0.065515295,-0.084146686
1760635034504,-0.029321533,0.06918049,-0.08536842
1760635034506,-0.034208454,0.07666359,-0.08674286
1760635034509,-0.036651913,0.08628472,-0.0842994
1760635034511,-0.04138612,0.09743301,-0.0842994
1760635034514,-0.04627304,0.101098195,-0.08307768
1760635034516,-0.04505131,0.10949759,-0.0795652
1760635034518,-0.046120327,0.11804971,-0.077121735
1760635034520,-0.049785517,0.12293663,-0.07345655
1760635034523,-0.04841107,0.13148874,-0.06856962
1760635034525,-0.045814894,0.1375974,-0.06383542
1760635034527,-0.04337143,0.14355333,-0.058948494
1760635034529,-0.041996986,0.14844026,-0.055283304
1760635034531,-0.039553523,0.14721853,-0.04795292
1760635034534,-0.037110064,0.1470658,-0.04428773
1760635034536,-0.033444874,0.14340061,-0.04062254
1760635034538,-0.02977968,0.1421789,-0.034513887
1760635034541,-0.02855795,0.14095716,-0.033292156
1760635034543,-0.02977968,0.13607024,-0.030848695
1760635034545,-0.02733622,0.13118331,-0.027030786
1760635034547,-0.02611449,0.12751812,-0.027030786
1760635034550,-0.024892759,0.12507465,-0.025809057
1760635034552,-0.027488936,0.12140947,-0.027030786
1760635034554,-0.029932396,0.11407909,-0.027030786
1760635034556,-0.032528576,0.108123146,-0.028252518
1760635034559,-0.036193766,0.10445796,-0.030543262
1760635034561,-0.043676864,0.09850202,-0.03176499
1760635034563,-0.049938235,0.09117164,-0.034208454
1760635034566,-0.05497787,0.08277224,-0.0364992
1760635034568,-0.05879578,0.07544186,-0.03772093
1760635034570,-0.06505715,0.06582073,-0.04016439
1760635034572,-0.065209866,0.054825157,-0.044898596
1760635034574,-0.06887506,0.04886922,-0.04734206
1760635034577,-0.07147124,0.04153884,-0.05100725
1760635034579,-0.075289145,0.03313944,-0.049785517
1760635034581,-0.07651087,0.028252518,-0.05207626
1760635034583,-0.079107046,0.022143865,-0.05207626
1760635034586,-0.079107046,0.018478673,-0.05207626
1760635034588,-0.08032878,0.017256944,-0.049632803
1760635034591,-0.07788532,0.017256944,-0.04718934
1760635034593,-0.079107046,0.018478673,-0.04596761
1760635034595,-0.079107046,0.017256944,-0.04352415
1760635034598,-0.07544186,0.018478673,-0.041080687
1760635034600,-0.07422013,0.017256944,-0.03863723
1760635034602,-0.07284568,0.018325957,-0.034972034
1760635034604,-0.07162395,0.018325957,-0.031306844
1760635034607,-0.07284568,0.018325957,-0.030085113
1760635034610,-0.07162395,0.02076942,-0.028863383
1760635034620,-0.06795876,0.02321288,-0.025198191
1760635034620,-0.06780604,0.02687807,-0.019089539
1760635034620,-0.06658431,0.03283401,-0.020463986
1760635034620,-0.06536258,0.03283401,-0.018020526
1760635034620,-0.0664316,0.04016439,-0.0143553335
1760635034621,-0.0664316,0.043829583,-0.013133603
1760635034624,-0.06505715,0.048716504,-0.0106901415
1760635034626,-0.06627888,0.049938235,-0.0106901415
1760635034629,-0.06872234,0.051159963,-0.008246681
1760635034631,-0.06872234,0.054825157,-0.0070249503
1760635034633,-0.067500606,0.058490347,-0.00580322
1760635034635,-0.06872234,0.057268616,-0.0070249503
1760635034638,-0.0711658,0.062155537,-0.0071776668
1760635034640,-0.0711658,0.06093381,-0.0070249503
1760635034642,-0.07238753,0.064599,-0.008399397
1760635034644,-0.074830994,0.06704246,-0.005955936
1760635034647,-0.07360926,0.062155537,-0.0033597588
1760635034649,-0.07238753,0.06093381,-0.0070249503
1760635034651,-0.074830994,0.062155537,-0.008399397
1760635034654,-0.0711658,0.05971208,-0.00580322
1760635034656,-0.06872234,0.056046885,-0.00580322
1760635034658,-0.06383542,0.051159963,-0.00580322
1760635034660,-0.06261369,0.047494773,-0.00580322
1760635034662,-0.056505036,0.044898596,-0.0033597588
1760635034665,-0.055283304,0.03756821,-0.004581489
1760635034668,-0.05177083,0.03145956,-0.0021380284
1760635034670,-0.046883907,0.026572637,-0.001985312
1760635034672,-0.043218717,0.021685716,-0.001985312
1760635034674,-0.039553523,0.0143553335,-0.001985312
1760635034676,-0.033444874,0.0056505036,-0.004428773
1760635034680,-0.02611449,-0.0016798794,-0.005497787
1760635034680,-0.022449298,-0.0053450707,-0.007941248
1760635034683,-0.018936822,-0.012675454,-0.01160644
1760635034685,-0.01282817,-0.018784106,-0.014049901
1760635034688,-0.009162978,-0.022449298,-0.018936822
1760635034690,-0.0067195175,-0.02733622,-0.018936822
1760635034692,-0.0030543262,-0.032223143,-0.025045475
1760635034694,-0.0030543262,-0.0346666,-0.02611449
1760635034696,6.1086525E-4,-0.0346666,-0.029932396
1760635034699,0.0030543262,-0.035888333,-0.03481932
1760635034701,0.0067195175,-0.03970624,-0.037110064
1760635034703,0.0041233404,-0.039553523,-0.039553523
1760635034706,0.01038471,-0.0421497,-0.039553523
1760635034708,0.009162978,-0.0421497,-0.039553523
1760635034710,0.009162978,-0.040927973,-0.041996986
1760635034713,0.01038471,-0.03848451,-0.044593163
1760635034715,0.01160644,-0.03970624,-0.043218717
1760635034717,0.014049901,-0.03604105,-0.0421497
1760635034719,0.01282817,-0.03726278,-0.03970624
1760635034721,0.014049901,-0.03359759,-0.03970624
1760635034724,0.012980887,-0.031154128,-0.03726278
1760635034726,0.01282817,-0.03359759,-0.03604105
1760635034728,0.011759156,-0.031154128,-0.03481932
1760635034731,0.007941248,-0.028710667,-0.03359759
1760635034733,0.01038471,-0.032375857,-0.03359759
1760635034735,0.012980887,-0.031154128,-0.03481932
1760635034738,0.016646078,-0.032375857,-0.03604105
1760635034740,0.016646078,-0.032375857,-0.03726278
1760635034742,0.019089539,-0.03604105,-0.03726278
1760635034744,0.02275473,-0.03863723,-0.03848451
1760635034747,0.025198191,-0.03863723,-0.040927973
1760635034749,0.027641652,-0.04230242,-0.040775254
1760635034751,0.032528576,-0.044745877,-0.041996986
1760635034753,0.033750303,-0.04841107,-0.045662176
1760635034756,0.036193766,-0.04841107,-0.046883907
1760635034758,0.037415497,-0.04841107,-0.04810564
1760635034760,0.037415497,-0.049632803,-0.050549097
1760635034762,0.039858956,-0.049632803,-0.050549097
1760635034765,0.041080687,-0.053297993,-0.04932737
1760635034767,0.03726278,-0.05085453,-0.050549097
1760635034770,0.037415497,-0.04841107,-0.050549097
1760635034772,0.03863723,-0.049632803,-0.04810564
1760635034774,0.041080687,-0.05207626,-0.04810564
1760635034776,0.03848451,-0.054519724,-0.04810564
1760635034778,0.041080687,-0.054519724,-0.045662176
1760635034781,0.03970624,-0.054519724,-0.046883907
1760635034783,0.03726278,-0.053297993,-0.045662176
1760635034785,0.03604105,-0.05207626,-0.043218717
1760635034787,0.03481932,-0.053297993,-0.043218717
1760635034789,0.03481932,-0.05207626,-0.04444045
1760635034792,0.036193766,-0.05085453,-0.041996986
1760635034794,0.034972034,-0.05085453,-0.040775254
1760635034797,0.034972034,-0.04841107,-0.040775254
1760635034799,0.031306844,-0.044745877,-0.040775254
1760635034801,0.028863383,-0.04352415,-0.039553523
1760635034804,0.028863383,-0.03863723,-0.040927973
1760635034805,0.026419923,-0.037415497,-0.0421497
1760635034808,0.025198191,-0.033750303,-0.040927973
1760635034810,0.02275473,-0.030085113,-0.040927973
1760635034813,0.019089539,-0.030085113,-0.040927973
1760635034815,0.02031127,-0.02397646,-0.040927973
1760635034818,0.014202617,-0.021380283,-0.0421497
1760635034819,0.014202617,-0.017715093,-0.04337143
1760635034822,0.009468411,-0.007941248,-0.04230242
1760635034824,0.0033597588,-6.1086525E-4,-0.04352415
1760635034826,0.0021380284,0.0018325958,-0.04230242
1760635034828,-3.0543262E-4,0.007941248,-0.04352415
1760635034831,-1.5271631E-4,0.015271631,-0.04596761
1760635034833,-1.5271631E-4,0.022602014,-0.044898596
1760635034835,-0.0038179078,0.027488936,-0.043676864
1760635034837,-0.0036651916,0.03359759,-0.046120327
1760635034839,-0.0036651916,0.040927973,-0.049785517
1760635034842,-0.004886922,0.048258353,-0.052381694
1760635034844,-0.005955936,0.059101213,-0.053603426
1760635034846,-0.005955936,0.065209866,-0.056046885
1760635034848,-0.0021380284,0.07376198,-0.059864793
1760635034851,-0.0021380284,0.08109236,-0.06352998
1760635034853,0.0016798794,0.089491755,-0.064751714
1760635034855,6.1086525E-4,0.09560041,-0.06719518
1760635034858,0.004276057,0.099265605,-0.06856962
1760635034860,0.0067195175,0.10293079,-0.071013086
1760635034862,0.012980887,0.10888673,-0.07345655
1760635034864,0.016646078,0.11010846,-0.07345655
1760635034867,0.018020526,0.11499538,-0.07345655
1760635034869,0.020463986,0.11499538,-0.0759
1760635034871,0.024129177,0.11133019,-0.0759
1760635034873,0.026572637,0.11255192,-0.07467828
1760635034876,0.027794369,0.10888673,-0.07467828
1760635034878,0.026572637,0.10644327,-0.07345655
1760635034880,0.0290161,0.10644327,-0.07467828
1760635034883,0.026419923,0.101556346,-0.071013086
1760635034885,0.02397646,0.09789115,-0.071013086
1760635034887,0.018936822,0.093004234,-0.06963864
1760635034890,0.016493361,0.089491755,-0.0720821
1760635034892,0.010231993,0.08582657,-0.06963864
1760635034894,0.0065668016,0.082161374,-0.06841691
1760635034896,-0.0021380284,0.07620544,-0.064751714
1760635034899,-0.008246681,0.07498371,-0.06352998
1760635034901,-0.012064588,0.069027774,-0.062155537
1760635034903,-0.021991149,0.06429356,-0.05971208
1760635034905,-0.028252518,0.056963183,-0.058490347
1760635034908,-0.03191771,0.05085453,-0.06093381
1760635034910,-0.03573562,0.044898596,-0.0571159
1760635034912,-0.04444045,0.040011674,-0.0571159
1760635034914,-0.045662176,0.035277467,-0.05467244
1760635034917,-0.050701816,0.030390546,-0.053450707
1760635034919,-0.051923547,0.026725354,-0.05467244
1760635034921,-0.055588737,0.025503624,-0.053297993
1760635034924,-0.0580322,0.02565634,-0.04841107
1760635034926,-0.059253927,0.02321288,-0.04718934
1760635034928,-0.058184914,0.02076942,-0.04596761
1760635034930,-0.056963183,0.015882496,-0.041080687
1760635034933,-0.054367006,0.01817324,-0.039858956
1760635034935,-0.051923547,0.020616703,-0.036193766
1760635034937,-0.051923547,0.020616703,-0.032528576
1760635034939,-0.045814894,0.01817324,-0.031306844
1760635034942,-0.04337143,0.015577064,-0.030085113
1760635034944,-0.035888333,0.013133603,-0.028863383
1760635034946,-0.02855795,0.011911872,-0.031306844
1760635034948,-0.02733622,0.009315695,-0.030085113
1760635034951,-0.021227567,0.009315695,-0.031306844
1760635034953,-0.013744468,0.008093964,-0.031306844
1760635034955,-0.005192355,0.004276057,-0.031306844
1760635034957,9.162979E-4,0.004276057,-0.032528576
1760635034960,0.0071776668,0.0041233404,-0.031306844
1760635034962,0.013286319,0.00290161,-0.033750303
1760635034964,0.021838432,-0.0032070426,-0.033750303
1760635034966,0.025503624,-0.004581489,-0.031306844
1760635034969,0.030390546,-0.011911872,-0.031306844
1760635034971,0.035277467,-0.011911872,-0.031306844
1760635034973,0.03772093,-0.013133603,-0.030085113
1760635034975,0.04260785,-0.01695151,-0.029932396
1760635034978,0.04520403,-0.01695151,-0.029932396
1760635034980,0.04260785,-0.021838432,-0.028710667
1760635034982,0.04505131,-0.023060163,-0.028710667
1760635034985,0.04627304,-0.021838432,-0.028710667
1760635034987,0.04138612,-0.027794369,-0.027488936
1760635034989,0.0364992,-0.024129177,-0.026267206
1760635034991,0.0364992,-0.026572637,-0.022602014
1760635034994,0.03268129,-0.027794369,-0.020158553
1760635034996,0.03145956,-0.025350908,-0.017715093
1760635034998,0.0290161,-0.025350908,-0.014049901
1760635035001,0.027794369,-0.025350908,-0.0067195175
1760635035003,0.020463986,-0.024129177,-0.0018325958
1760635035005,0.012980887,-0.028863383,0.0030543262
1760635035007,0.009315695,-0.030085113,0.01160644
1760635035010,0.00580322,-0.02397646,0.017715093
1760635035012,-4.5814895E-4,-0.027641652,0.026267206
1760635035014,-0.0041233404,-0.031154128,0.031306844
1760635035017,-0.009010263,-0.029932396,0.037415497
1760635035019,-0.014049901,-0.032375857,0.04352415
1760635035021,-0.018936822,-0.03481932,0.04841107
1760635035023,-0.021380283,-0.03604105,0.054519724
1760635035025,-0.023823744,-0.040775254,0.056963183
1760635035028,-0.026419923,-0.043218717,0.054519724
1760635035030,-0.031306844,-0.043218717,0.058184914
1760635035033,-0.032528576,-0.045662176,0.055741455
1760635035034,-0.036193766,-0.04444045,0.056963183
1760635035037,-0.036193766,-0.041996986,0.055741455
1760635035039,-0.040011674,-0.04428773,0.053297993
1760635035041,-0.036193766,-0.039553523,0.05207626
1760635035043,-0.037415497,-0.038179077,0.04718934
1760635035046,-0.03863723,-0.036957346,0.044745877
1760635035048,-0.036193766,-0.03573562,0.039858956
1760635035051,-0.03756821,-0.036957346,0.033750303
1760635035053,-0.035124753,-0.04184427,0.030085113
1760635035055,-0.03023783,-0.046731193,0.021533
1760635035058,-0.0290161,-0.04795292,0.0154243475
1760635035060,-0.022907447,-0.052839845,0.006872234
1760635035062,-0.018020526,-0.056505036,7.6358154E-4
1760635035064,-0.013133603,-0.058948494,-0.005192355
1760635035066,-0.00580322,-0.05787948,-0.009010263
1760635035068,-9.162979E-4,-0.06154467,-0.010079277
1760635035071,0.0015271631,-0.0627664,-0.013744468
1760635035073,0.0027488936,-0.06154467,-0.012675454
1760635035075,0.003970624,-0.0627664,-0.013744468
1760635035078,0.005192355,-0.065209866,-0.013744468
1760635035080,0.0041233404,-0.060322944,-0.011453724
1760635035082,4.5814895E-4,-0.05421429,-0.009010263
1760635035085,4.5814895E-4,-0.051923547,-0.007788532
1760635035087,-0.004428773,-0.05177083,-0.0041233404
1760635035089,-0.0106901415,-0.05177083,-0.0016798794
1760635035091,-0.012980887,-0.04932737,7.6358154E-4
1760635035094,-0.01786781,-0.04444045,0.004428773
1760635035096,-0.02275473,-0.04184427,0.004428773
1760635035098,-0.027641652,-0.03573562,0.006872234
1760635035101,-0.036193766,-0.029626964,0.009315695
1760635035103,-0.041080687,-0.024740042,0.012980887
1760635035105,-0.044745877,-0.01985312,0.015271631
1760635035107,-0.05085453,-0.014813482,0.018936822
1760635035110,-0.056963183,-0.011148291,0.021380283
1760635035112,-0.061850104,-0.007483099,0.020158553
1760635035114,-0.06795876,-0.0062613687,0.025045475
1760635035116,-0.06918049,-1.5271631E-4,0.025045475
1760635035118,-0.066737026,-0.0038179078,0.026267206
1760635035120,-0.065515295,-0.0025961774,0.023823744
1760635035123,-0.06429356,-0.0025961774,0.021380283
1760635035125,-0.061850104,-0.007483099,0.021380283
1760635035127,-0.058184914,-0.00870483,0.020158553
1760635035130,-0.049632803,-0.014813482,0.016493361
1760635035132,-0.04352415,-0.01863139,0.01282817
1760635035134,-0.037415497,-0.023518313,0.005497787
1760635035137,-0.026419923,-0.027183503,0.0018325958
1760635035139,-0.016646078,-0.033444874,-0.00290161
1760635035142,-0.010537425,-0.037110064,-0.007788532
1760635035144,-0.0032070426,-0.040775254,-0.013897184
1760635035146,0.004276057,-0.040927973,-0.018784106
1760635035148,0.014049901,-0.04337143,-0.02367103
1760635035150,0.017715093,-0.0421497,-0.02855795
1760635035152,0.02275473,-0.037415497,-0.03481932
1760635035155,0.026419923,-0.032528576,-0.03726278
1760635035157,0.03023783,-0.030085113,-0.040927973
1760635035160,0.03268129,-0.025350908,-0.044593163
1760635035162,0.0364992,-0.015577064,-0.049632803
1760635035164,0.03772093,-0.009468411,-0.05085453
1760635035166,0.037873644,-0.0033597588,-0.05207626
1760635035169,0.037873644,0.003970624,-0.05085453
1760635035171,0.039095376,0.006414085,-0.053297993
1760635035173,0.03680463,0.013744468,-0.053450707
1760635035175,0.03680463,0.018478673,-0.05222898
1760635035178,0.03680463,0.025809057,-0.049785517
1760635035179,0.034513887,0.029474247,-0.046120327
1760635035181,0.030848695,0.03436117,-0.042455133
1760635035184,0.027183503,0.04046982,-0.035124753
1760635035186,0.023518313,0.045356743,-0.029168816
1760635035189,0.021227567,0.049021937,-0.023060163
1760635035191,0.015118915,0.05390886,-0.019394971
1760635035193,0.012675454,0.05513059,-0.0096211275
1760635035196,0.0065668016,0.057726767,1.5271631E-4
1760635035197,0.0027488936,0.055283304,0.00870483
1760635035201,-0.0021380284,0.051618114,0.016035212
1760635035202,-0.0033597588,0.04917465,0.025961773
1760635035204,-0.009468411,0.04550946,0.032070424
1760635035207,-0.012064588,0.04184427,0.03940081
1760635035209,-0.012064588,0.038179077,0.04550946
1760635035211,-0.012064588,0.029626964,0.050396383
1760635035214,-0.015882496,0.021227567,0.05421429
1760635035216,-0.017256944,0.012675454,0.05787948
1760635035218,-0.018478673,0.0041233404,0.06154467
1760635035220,-0.016035212,-0.004428773,0.06414085
1760635035223,-0.016187929,-0.014202617,0.06536258
1760635035225,-0.015118915,-0.025045475,0.06429356
1760635035227,-0.011453724,-0.03481932,0.061850104
1760635035229,-0.01038471,-0.04337143,0.060628377
1760635035232,-0.007941248,-0.049480084,0.055741455
1760635035234,-0.004276057,-0.054367006,0.05467244
1760635035236,6.1086525E-4,-0.058184914,0.05100725
1760635035238,0.005497787,-0.060628377,0.04734206
1760635035241,0.01160644,-0.059406646,0.041233405
1760635035243,0.020158553,-0.066737026,0.03756821
1760635035245,0.023823744,-0.06811147,0.03390302
1760635035247,0.028710667,-0.06811147,0.03023783
1760635035250,0.032528576,-0.063224554,0.027641652
1760635035252,0.037415497,-0.0571159,0.02031127
1760635035254,0.041233405,-0.049938235,0.01786781
1760635035256,0.04627304,-0.04016439,0.01786781
1760635035259,0.04886922,-0.03176499,0.017715093
1760635035261,0.04886922,-0.02321288,0.016493361
1760635035263,0.052687127,-0.012217305,0.016340645
1760635035266,0.052839845,-0.0050396384,0.017562376
1760635035268,0.05421429,0.005955936,0.018784106
1760635035270,0.05299256,0.01572978,0.01863139
1760635035273,0.055588737,0.027947085,0.02107485
1760635035275,0.053145275,0.031612277,0.024740042
1760635035277,0.050701816,0.035277467,0.027183503
1760635035280,0.04841107,0.043676864,0.03191771
1760635035281,0.04841107,0.04734206,0.038026363
1760635035284,0.04734206,0.05100725,0.042913284
1760635035286,0.044898596,0.05100725,0.047800206
1760635035289,0.042455133,0.053450707,0.05390886
1760635035291,0.039858956,0.05100725,0.06001751
1760635035293,0.037415497,0.05100725,0.061239243
1760635035295,0.032528576,0.043829583,0.06627888
1760635035298,0.031154128,0.03772093,0.06994407
1760635035300,0.027488936,0.03283401,0.07238753
1760635035302,0.02733622,0.025503624,0.07360926
1760635035304,0.023518313,0.014660766,0.07376198
1760635035306,0.018478673,0.0038179078,0.072540246
1760635035309,0.018478673,-0.0047342055,0.069027774
1760635035311,0.017104227,-0.010842858,0.06658431
1760635035313,0.01450805,-0.024129177,0.06291912
1760635035315,0.011911872,-0.03390302,0.059406646
1760635035318,0.011911872,-0.041233405,0.056963183
1760635035320,0.009315695,-0.04352415,0.05207626
1760635035323,0.006872234,-0.05085453,0.04841107
1760635035325,0.0030543262,-0.056963183,0.043676864
1760635035327,6.1086525E-4,-0.0580322,0.040011674
1760635035329,-0.001985312,-0.059253927,0.03634648
1760635035331,-0.004428773,-0.06169739,0.03390302
1760635035334,-0.0056505036,-0.06291912,0.03023783
1760635035336,-0.006872234,-0.06047566,0.027794369
1760635035339,-0.009315695,-0.05787948,0.024129177
1760635035341,-0.0143553335,-0.05787948,0.022907447
1760635035343,-0.019242255,-0.05177083,0.019089539
1760635035345,-0.021533,-0.046883907,0.01786781
1760635035348,-0.0290161,-0.04062254,0.011759156
1760635035350,-0.030085113,-0.036957346,0.011759156
1760635035352,-0.034972034,-0.029626964,0.008093964
1760635035354,-0.03863723,-0.023518313,0.004276057
1760635035357,-0.041080687,-0.01863139,0.0018325958
1760635035359,-0.04230242,-0.013744468,-0.0018325958
1760635035361,-0.04230242,-0.008857546,-0.005497787
1760635035363,-0.044745877,-0.005192355,-0.005497787
1760635035366,-0.0421497,-0.0015271631,-0.009162978
1760635035368,-0.044593163,-0.0015271631,-0.01038471
1760635035370,-0.04841107,-1.5271631E-4,-0.01160644
1760635035372,-0.04596761,-0.0013744468,-0.014049901
1760635035375,-0.044745877,-0.0050396384,-0.016493361
1760635035377,-0.04596761,-0.0050396384,-0.015271631
1760635035379,-0.04596761,-0.00992656,-0.017715093
1760635035381,-0.04718934,-0.007483099,-0.018936822
1760635035383,-0.04718934,-0.00870483,-0.018936822
1760635035386,-0.046120327,-0.013591751,-0.018936822
1760635035388,-0.043676864,-0.018478673,-0.021380283
1760635035390,-0.041233405,-0.020922136,-0.022602014
1760635035392,-0.03634648,-0.023365596,-0.025045475
1760635035395,-0.03756821,-0.028252518,-0.02367103
1760635035397,-0.03145956,-0.03191771,-0.024892759
1760635035399,-0.025350908,-0.034513887,-0.02855795
1760635035402,-0.019242255,-0.036957346,-0.031001411
1760635035404,-0.011759156,-0.039553523,-0.02977968
1760635035406,-0.006872234,-0.039553523,-0.02977968
1760635035409,-0.004428773,-0.040775254,-0.02977968
1760635035411,0.0030543262,-0.03970624,-0.02977968
1760635035413,0.009162978,-0.03848451,-0.02977968
1760635035416,0.01160644,-0.03481932,-0.028710667
1760635035418,0.0154243475,-0.031306844,-0.028710667
1760635035420,0.019089539,-0.028863383,-0.028710667
1760635035422,0.01786781,-0.026419923,-0.026267206
1760635035425,0.018020526,-0.02275473,-0.026267206
1760635035427,0.018020526,-0.02397646,-0.025045475
1760635035429,0.018020526,-0.019089539,-0.022602014
1760635035432,0.016798794,-0.02031127,-0.021380283
1760635035433,0.011911872,-0.019089539,-0.017715093
1760635035436,0.0106901415,-0.021533,-0.01282817
1760635035438,0.009468411,-0.02031127,-0.009162978
1760635035440,0.0032070426,-0.017715093,-0.005497787
1760635035443,-4.5814895E-4,-0.015271631,-0.0018325958
1760635035445,-0.0027488936,-0.014049901,0.004276057
1760635035447,-0.0065668016,-0.015271631,0.01038471
1760635035450,-0.011453724,-0.017715093,0.015271631
1760635035452,-0.013897184,-0.017715093,0.020158553
1760635035454,-0.020005837,-0.020005837,0.025045475
1760635035456,-0.020158553,-0.02733622,0.031306844
1760635035458,-0.025045475,-0.02977968,0.034972034
1760635035461,-0.030085113,-0.032223143,0.039858956
1760635035463,-0.028863383,-0.0346666,0.04352415
1760635035466,-0.030085113,-0.038331795,0.044745877
1760635035468,-0.033750303,-0.040775254,0.04718934
1760635035470,-0.036193766,-0.04184427,0.04841107
1760635035472,-0.040011674,-0.043066,0.049632803
1760635035475,-0.040011674,-0.043066,0.05085453
1760635035477,-0.042455133,-0.04062254,0.05207626
1760635035479,-0.04230242,-0.036957346,0.05085453
1760635035482,-0.04734206,-0.03573562,0.05085453
1760635035484,-0.044745877,-0.032070424,0.05085453
1760635035486,-0.04230242,-0.032070424,0.049632803
1760635035488,-0.04352415,-0.025961773,0.04718934
1760635035491,-0.03848451,-0.021227567,0.045814894
1760635035492,-0.03848451,-0.012675454,0.040927973
1760635035495,-0.0346666,-0.0041233404,0.03970624
1760635035497,-0.030848695,0.004276057,0.039553523
1760635035499,-0.029626964,0.014049901,0.035888333
1760635035502,-0.023365596,0.022602014,0.032223143
1760635035504,-0.019547688,0.032223143,0.029626964
1760635035506,-0.01572978,0.039553523,0.032070424
1760635035508,-0.011911872,0.04917465,0.030848695
1760635035510,-0.0056505036,0.058948494,0.03313944
1760635035513,-0.001985312,0.06612616,0.03313944
1760635035515,6.1086525E-4,0.069791354,0.03313944
1760635035518,0.005497787,0.07345655,0.03313944
1760635035520,0.011759156,0.07574729,0.0355829
1760635035522,0.014202617,0.07696902,0.038026363
1760635035524,0.016646078,0.07452556,0.03680463
1760635035526,0.02031127,0.0720821,0.04046982
1760635035529,0.026419923,0.06582073,0.041691553
1760635035531,0.026419923,0.062155537,0.041691553
1760635035533,0.027641652,0.056046885,0.042913284
1760635035535,0.029932396,0.048716504,0.041691553
1760635035538,0.031154128,0.04138612,0.043066
1760635035540,0.02611449,0.03176499,0.04428773
1760635035542,0.025961773,0.02321288,0.043066
1760635035544,0.022296581,0.013591751,0.041996986
1760635035547,0.020922136,0.0062613687,0.039553523
1760635035549,0.018325957,-0.0022907446,0.037110064
1760635035551,0.014660766,-0.008246681,0.03604105
1760635035554,0.0096211275,-0.011911872,0.03359759
1760635035556,0.004581489,-0.01786781,0.029932396
1760635035558,0.001985312,-0.026419923,0.027488936
1760635035561,7.6358154E-4,-0.032528576,0.026419923
1760635035563,-0.0030543262,-0.03604105,0.02275473
1760635035565,-0.004276057,-0.03970624,0.02031127
1760635035568,-0.007941248,-0.0421497,0.01786781
1760635035570,-0.009162978,-0.0421497,0.016646078
1760635035572,-0.009162978,-0.040927973,0.012980887
1760635035574,-0.011759156,-0.041996986,0.011759156
1760635035577,-0.014049901,-0.035888333,0.009315695
1760635035579,-0.014049901,-0.02733622,0.0067195175
1760635035581,-0.012675454,-0.021380283,0.007941248
1760635035583,-0.012675454,-0.014049901,0.007941248
1760635035586,-0.013897184,-0.0067195175,0.009162978
1760635035588,-0.011301007,-0.004276057,0.009162978
1760635035590,-0.0125227375,0.0030543262,0.009010263
1760635035593,-0.00992656,0.005497787,0.011453724
1760635035595,-0.007483099,0.011453724,0.010231993
1760635035597,-0.0036651916,0.015118915,0.011453724
1760635035599,0.0012217305,0.012675454,0.011453724
1760635035602,0.0061086523,0.014966198,0.011453724
1760635035604,0.012217305,0.014966198,0.009010263
1760635035606,0.018478673,0.0125227375,0.010231993
1760635035608,0.029474247,0.011148291,0.011453724
1760635035610,0.03436117,0.00870483,0.011453724
1760635035613,0.04550946,0.008552114,0.012675454
1760635035615,0.051618114,0.005955936,0.012675454
1760635035617,0.059101213,0.005955936,0.011453724
1760635035619,0.0664316,0.00580322,0.011453724
1760635035622,0.072540246,0.0033597588,0.011453724
1760635035624,0.0786489,-3.0543262E-4,0.011453724
1760635035626,0.08246681,-0.0015271631,0.009010263
1760635035628,0.08857546,-4.5814895E-4,0.0065668016
1760635035631,0.09101892,-0.0016798794,0.0065668016
1760635035633,0.09468412,-0.00290161,0.0053450707
1760635035635,0.09101892,-0.0065668016,0.0016798794
1760635035638,0.09101892,-0.0041233404,-0.001985312
1760635035640,0.092240654,-0.00290161,-0.001985312
1760635035642,0.09101892,-0.0041233404,-7.6358154E-4
1760635035645,0.08475755,-0.006414085,-0.0032070426
1760635035647,0.08231409,-0.005192355,-0.0056505036
1760635035649,0.0786489,-0.0076358155,-0.001985312
1760635035651,0.06994407,-0.00870483,-0.0032070426
1760635035654,0.06383542,-0.0062613687,-0.004428773
1760635035655,0.056505036,-0.0012217305,-7.6358154E-4
1760635035658,0.050396383,-0.0,-7.6358154E-4
1760635035660,0.046578474,0.0012217305,0.0016798794
1760635035663,0.03680463,0.008552114,0.0053450707
1760635035665,0.025809057,0.014813482,0.010231993
1760635035667,0.022143865,0.018478673,0.013897184
1760635035669,0.017256944,0.020922136,0.01863139
1760635035671,0.00992656,0.023518313,0.024740042
1760635035674,0.00870483,0.027030786,0.030848695
1760635035676,0.007483099,0.025809057,0.03940081
1760635035678,0.0013744468,0.025961773,0.04810564
1760635035681,1.5271631E-4,0.023518313,0.05177083
1760635035683,-0.0022907446,0.02107485,0.060322944
1760635035685,0.0013744468,0.017256944,0.0664316
1760635035687,-0.0022907446,0.016187929,0.07376198
1760635035690,-0.0010690142,0.0125227375,0.07742717
1760635035692,1.5271631E-4,0.00870483,0.08231409
1760635035695,0.0012217305,0.0025961774,0.087201014
1760635035696,0.004886922,-0.0047342055,0.09101892
1760635035698,0.007330383,-0.0096211275,0.09101892
1760635035701,0.009773844,-0.01695151,0.09101892
1760635035703,0.013286319,-0.025503624,0.08979719
1760635035705,0.018325957,-0.026725354,0.08735373
1760635035708,0.019394971,-0.03283401,0.08506299
1760635035710,0.026725354,-0.03894266,0.081397794
1760635035712,0.027947085,-0.04016439,0.074067414
1760635035715,0.030390546,-0.04260785,0.06795876
1760635035717,0.03283401,-0.043829583,0.06429356
1760635035719,0.03772093,-0.04505131,0.055741455
1760635035721,0.03772093,-0.043829583,0.049632803
1760635035723,0.03772093,-0.04260785,0.04352415
1760635035726,0.04016439,-0.04016439,0.037415497
1760635035728,0.04153884,-0.031612277,0.032375857
1760635035730,0.043982297,-0.028099801,0.027488936
1760635035733,0.040317107,-0.025503624,0.023823744
1760635035735,0.040317107,-0.01817324,0.017715093
1760635035737,0.037873644,-0.0096211275,0.013897184
1760635035740,0.04046982,-0.0,0.010231993
1760635035742,0.043066,0.004886922,0.007788532
1760635035744,0.03940081,0.012217305,0.007788532
1760635035746,0.03940081,0.015882496,0.0076358155
1760635035748,0.040775254,0.021991149,0.0076358155
1760635035751,0.041996986,0.028099801,0.0076358155
1760635035754,0.04444045,0.030390546,0.008857546
1760635035756,0.045814894,0.035277467,0.011301007
1760635035758,0.04337143,0.03772093,0.013744468
1760635035760,0.045814894,0.04016439,0.014966198
1760635035762,0.044593163,0.04260785,0.02107485
1760635035765,0.045814894,0.04138612,0.023518313
1760635035767,0.045814894,0.03894266,0.024740042
1760635035769,0.045814894,0.03894266,0.028405234
1760635035771,0.049632803,0.038789943,0.030848695
1760635035774,0.04718934,0.03894266,0.034513887
1760635035776,0.044593163,0.0364992,0.034513887
1760635035778,0.047036625,0.035277467,0.034513887
1760635035780,0.047036625,0.034055736,0.034513887
1760635035783,0.048258353,0.030390546,0.036957346
1760635035785,0.047036625,0.027947085,0.036957346
1760635035787,0.045814894,0.024281893,0.03573562
1760635035789,0.043218717,0.021838432,0.034513887
1760635035792,0.041996986,0.020616703,0.032070424
1760635035794,0.040775254,0.014660766,0.02977968
1760635035796,0.04184427,0.013439035,0.02855795
1760635035798,0.03940081,0.014660766,0.024892759
1760635035801,0.03940081,0.013439035,0.021227567
1760635035803,0.04184427,0.014660766,0.018784106
1760635035806,0.03940081,0.019547688,0.013744468
1760635035808,0.038179077,0.021991149,0.010079277
1760635035810,0.040775254,0.028099801,0.0076358155
1760635035812,0.039553523,0.03176499,0.005192355
1760635035815,0.03970624,0.039095376,0.0027488936
1760635035816,0.03970624,0.04642576,-0.0010690142
1760635035819,0.03726278,0.05009095,-0.0035124752
1760635035821,0.03604105,0.05375614,-0.0035124752
1760635035823,0.041080687,0.058490347,-0.0047342055
1760635035826,0.041080687,0.06337727,-0.0035124752
1760635035828,0.042455133,0.07070765,-0.002443461
1760635035830,0.040011674,0.076816306,-0.0
1760635035833,0.04016439,0.084146686,0.004886922
1760635035835,0.04016439,0.08781188,0.008552114
1760635035837,0.03772093,0.08659015,0.015882496
1760635035840,0.0364992,0.08659015,0.02076942
1760635035841,0.035277467,0.09132435,0.02565634
1760635035844,0.0364992,0.09010262,0.030543262
1760635035846,0.03283401,0.08536842,0.035430185
1760635035849,0.030390546,0.08536842,0.037873644
1760635035851,0.0290161,0.0804815,0.04153884
1760635035853,0.027794369,0.076816306,0.043982297
1760635035856,0.025350908,0.07070765,0.045356743
1760635035857,0.021533,0.069485925,0.045356743
1760635035860,0.016646078,0.065973446,0.046578474
1760635035862,0.014049901,0.062308256,0.046578474
1760635035865,0.007941248,0.063682705,0.041691553
1760635035867,0.004276057,0.06246097,0.03924809
1760635035869,-7.6358154E-4,0.063682705,0.038026363
1760635035871,-0.006872234,0.06383542,0.03436117
1760635035873,-0.008093964,0.06505715,0.030695979
1760635035875,-0.008093964,0.06627888,0.028252518
1760635035878,-0.011759156,0.06505715,0.022143865
1760635035880,-0.009315695,0.06627888,0.018478673
1760635035882,-0.008093964,0.07238753,0.013591751
1760635035885,-0.004428773,0.074830994,0.011148291
1760635035887,0.0018325958,0.078343466,0.004886922
1760635035890,0.009162978,0.077121735,0.002443461
1760635035892,0.016493361,0.07452556,0.0012217305
1760635035894,0.025198191,0.0720821,-0.0012217305
1760635035896,0.031306844,0.06841691,-0.0047342055
1760635035899,0.044745877,0.064599,-0.0022907446
1760635035901,0.053450707,0.062002823,-0.0022907446
1760635035903,0.062002823,0.06078109,-0.0047342055
1760635035905,0.075594574,0.059406646,-0.0022907446
1760635035908,0.0804815,0.056963183,-0.0022907446
1760635035910,0.08674286,0.06047566,-0.0010690142
1760635035912,0.089186326,0.059253927,0.0013744468
1760635035914,0.09162979,0.0580322,-0.0010690142
1760635035916,0.09040806,0.0580322,1.5271631E-4
1760635035919,0.09040806,0.06169739,0.0012217305
1760635035921,0.09040806,0.06047566,0.0013744468
1760635035924,0.089186326,0.059253927,-0.0010690142
1760635035925,0.08170322,0.058184914,-0.0010690142
1760635035928,0.0804815,0.056963183,-0.0022907446
1760635035930,0.07925977,0.056963183,-0.0022907446
1760635035932,0.07422013,0.053297993,-0.0035124752
1760635035934,0.0693332,0.055741455,-0.0047342055
1760635035937,0.06811147,0.058337633,-0.0047342055
1760635035939,0.062002823,0.06078109,-0.0035124752
1760635035941,0.05955936,0.062002823,-0.005955936
1760635035944,0.05100725,0.06688975,-0.0022907446
1760635035946,0.043676864,0.069485925,-0.0012217305
1760635035948,0.03756821,0.075594574,0.002443461
1760635035951,0.03145956,0.076816306,0.0061086523
1760635035953,0.026419923,0.07574729,0.013439035
1760635035955,0.021533,0.07696902,0.015882496
1760635035958,0.016646078,0.07819075,0.02076942
1760635035959,0.009315695,0.0759,0.023365596
1760635035962,0.0067195175,0.0759,0.027030786
1760635035964,6.1086525E-4,0.071013086,0.029474247
1760635035967,4.5814895E-4,0.06490443,0.030695979
1760635035969,-0.0032070426,0.061391957,0.030695979
1760635035971,-0.004428773,0.057726767,0.030695979
1760635035974,-0.0070249503,0.052839845,0.030848695
1760635035976,-0.00580322,0.04917465,0.030848695
1760635035978,-0.0096211275,0.043066,0.030848695
1760635035980,-0.0071776668,0.034513887,0.032070424
1760635035982,-0.008399397,0.031001411,0.030848695
1760635035984,-0.007330383,0.02733622,0.030848695
1760635035987,-0.007330383,0.016340645,0.032223143
1760635035989,-0.0062613687,0.009010263,0.031001411
1760635035992,-0.00870483,-7.6358154E-4,0.02855795
1760635035994,-0.005192355,-0.010537425,0.026267206
1760635035996,-0.005192355,-0.016493361,0.021380283
1760635035998,-0.0016798794,-0.02275473,0.018936822
1760635036000,7.6358154E-4,-0.03359759,0.016646078
1760635036003,0.004276057,-0.040927973,0.011759156
1760635036006,0.007941248,-0.048258353,0.009315695
1760635036008,0.014049901,-0.05085453,0.0056505036
1760635036010,0.017715093,-0.055741455,0.0032070426
1760635036012,0.022602014,-0.060628377,-4.5814895E-4
1760635036014,0.029932396,-0.06307184,7.6358154E-4
1760635036016,0.03863723,-0.064446285,-0.0016798794
1760635036018,0.04718934,-0.064599,-4.5814895E-4
1760635036021,0.05589417,-0.06582073,0.001985312
1760635036023,0.063224554,-0.06719518,0.001985312
1760635036026,0.06688975,-0.064751714,0.004428773
1760635036028,0.07437284,-0.064751714,0.0056505036
1760635036030,0.08170322,-0.06734789,0.009315695
1760635036032,0.08536842,-0.069791354,0.011759156
1760635036035,0.08674286,-0.06612616,0.012980887
1760635036036,0.09285152,-0.06261369,0.0154243475
1760635036039,0.094225965,-0.056505036,0.016646078
1760635036042,0.093004234,-0.051618114,0.01786781
1760635036043,0.0954477,-0.046731193,0.015271631
1760635036046,0.09437868,-0.039553523,0.018936822
1760635036048,0.09193522,-0.033444874,0.018936822
1760635036050,0.08827003,-0.02733622,0.021380283
1760635036053,0.08597928,-0.024740042,0.023823744
1760635036055,0.08597928,-0.020005837,0.025045475
1760635036057,0.08353582,-0.016340645,0.02611449
1760635036059,0.08231409,-0.01740966,0.02611449
1760635036062,0.08353582,-0.022296581,0.028710667
1760635036064,0.08093964,-0.024740042,0.032375857
1760635036066,0.083383106,-0.030848695,0.029932396
1760635036068,0.083383106,-0.03573562,0.03359759
1760635036071,0.082161374,-0.038179077,0.032375857
1760635036073,0.08200866,-0.046731193,0.032528576
1760635036076,0.0795652,-0.04917465,0.031306844
1760635036078,0.07574729,-0.051465396,0.030085113
1760635036079,0.07574729,-0.056352317,0.028863383
1760635036082,0.07696902,-0.06001751,0.026419923
1760635036084,0.075594574,-0.06612616,0.02397646
1760635036086,0.07315111,-0.06856962,0.021533
1760635036089,0.07315111,-0.0720821,0.020463986
1760635036091,0.0729984,-0.080634214,0.018020526
1760635036093,0.071776666,-0.0842994,0.015577064
1760635036096,0.07162395,-0.089186326,0.013133603
1760635036098,0.07162395,-0.09162979,0.013133603
1760635036101,0.066737026,-0.09514226,0.011911872
1760635036103,0.06169739,-0.09514226,0.008246681
1760635036106,0.05681047,-0.0926988,0.009468411
1760635036108,0.051923547,-0.087659165,0.00580322
1760635036110,0.045814894,-0.08155051,0.0033597588
1760635036111,0.040927973,-0.07544186,0.004581489
1760635036114,0.03726278,-0.06811147,0.0033597588
1760635036116,0.032528576,-0.06078109,0.001985312
1760635036119,0.027488936,-0.055741455,-0.0016798794
1760635036121,0.027641652,-0.04841107,-0.0041233404
1760635036123,0.025198191,-0.042455133,-0.0016798794
1760635036125,0.019089539,-0.037415497,-0.00290161
1760635036127,0.01786781,-0.031306844,-0.0030543262
1760635036130,0.019242255,-0.028863383,-0.004276057
1760635036132,0.018020526,-0.026419923,-0.007941248
1760635036134,0.018020526,-0.02397646,-0.009162978
1760635036137,0.018020526,-0.02031127,-0.009162978
1760635036139,0.016798794,-0.0154243475,-0.014049901
1760635036141,0.018020526,-0.014202617,-0.016493361
1760635036143,0.019394971,-0.009315695,-0.019089539
1760635036146,0.020616703,-0.00580322,-0.021533
1760635036147,0.024281893,-0.00580322,-0.027641652
1760635036150,0.03176499,-0.0021380284,-0.032528576
1760635036152,0.03176499,-0.0021380284,-0.034972034
1760635036154,0.03283401,-0.00580322,-0.037415497
1760635036157,0.03283401,-0.009468411,-0.041080687
1760635036159,0.03283401,-0.013133603,-0.044745877
1760635036162,0.03023783,-0.016646078,-0.048258353
1760635036163,0.027794369,-0.01786781,-0.050701816
1760635036166,0.026419923,-0.027641652,-0.053145275
1760635036168,0.021533,-0.031154128,-0.05681047
1760635036170,0.016493361,-0.03481932,-0.06169739
1760635036172,0.010231993,-0.038331795,-0.06536258
1760635036175,0.009010263,-0.039553523,-0.06780604
1760635036178,0.0016798794,-0.039553523,-0.07009678
1760635036181,-9.162979E-4,-0.04062254,-0.071318515
1760635036182,-0.004581489,-0.04062254,-0.071318515
1760635036184,-0.0070249503,-0.03940081,-0.07009678
1760635036186,-0.0106901415,-0.03940081,-0.07009678
1760635036188,-0.013133603,-0.038179077,-0.06765333
1760635036190,-0.016798794,-0.034513887,-0.06780604
1760635036193,-0.019242255,-0.030848695,-0.06291912
1760635036196,-0.021685716,-0.025961773,-0.06291912
1760635036198,-0.024129177,-0.023365596,-0.059253927
1760635036200,-0.025198191,-0.016187929,-0.05681047
1760635036202,-0.028863383,-0.011301007,-0.051923547
1760635036204,-0.027488936,-0.005192355,-0.048258353
1760635036206,-0.029932396,0.0021380284,-0.04596761
1760635036208,-0.03359759,0.008246681,-0.039858956
1760635036211,-0.03481932,0.008246681,-0.037415497
1760635036213,-0.037110064,0.015577064,-0.033750303
1760635036215,-0.040775254,0.021685716,-0.030085113
1760635036217,-0.045662176,0.020463986,-0.02397646
1760635036220,-0.04932737,0.021685716,-0.021533
1760635036222,-0.051923547,0.020616703,-0.016646078
1760635036224,-0.055588737,0.021838432,-0.014202617
1760635036227,-0.0580322,0.021838432,-0.011759156
1760635036229,-0.06291912,0.023060163,-0.009315695
1760635036231,-0.069027774,0.024281893,-0.004428773
1760635036234,-0.07147124,0.02076942,-7.6358154E-4
1760635036236,-0.075289145,0.018325957,0.0041233404
1760635036238,-0.081397794,0.015882496,0.0065668016
1760635036241,-0.086437434,0.012370021,0.010231993
1760635036243,-0.09254608,0.00870483,0.015271631
1760635036245,-0.098807454,0.0038179078,0.018936822
1760635036247,-0.106137834,3.0543262E-4,0.022602014
1760635036250,-0.1160644,-0.0032070426,0.023823744
1760635036251,-0.12232576,-0.006872234,0.026267206
1760635036254,-0.13103059,-0.01282817,0.028863383
1760635036256,-0.14080444,-0.016493361,0.032528576
1760635036259,-0.14828753,-0.018784106,0.032528576
1760635036261,-0.15577064,-0.020005837,0.032528576
1760635036263,-0.16798794,-0.023518313,0.036193766
1760635036265,-0.17547104,-0.028252518,0.035124753
1760635036268,-0.18295415,-0.03191771,0.03634648
1760635036270,-0.19410244,-0.034208454,0.03756821
1760635036272,-0.20265454,-0.034055736,0.040011674
1760635036275,-0.20769419,-0.03772093,0.042455133
1760635036277,-0.21502456,-0.03390302,0.041233405
1760635036279,-0.21868975,-0.03023783,0.044898596
1760635036282,-0.21991149,-0.03145956,0.048563786
1760635036284,-0.22235495,-0.03023783,0.05222898
1760635036286,-0.22479841,-0.0290161,0.053450707
1760635036288,-0.22724187,-0.03145956,0.05955936
1760635036291,-0.22113322,-0.030390546,0.05955936
1760635036293,-0.22235495,-0.03634648,0.06078109
1760635036295,-0.21624629,-0.03894266,0.064446285
1760635036298,-0.21013765,-0.04260785,0.064446285
1760635036299,-0.20525073,-0.047494773,0.068264194
1760635036302,-0.20143281,-0.04642576,0.068264194
1760635036304,-0.19898935,-0.047647487,0.069485925
1760635036306,-0.18799378,-0.05375614,0.07070765
1760635036309,-0.18310685,-0.05879578,0.068264194
1760635036312,-0.1731803,-0.05757405,0.06704246
1760635036313,-0.16462818,-0.058948494,0.06582073
1760635036315,-0.15851954,-0.06261369,0.06337727
1760635036318,-0.14614952,-0.0627664,0.06337727
1760635036320,-0.13881913,-0.0627664,0.06093381
1760635036322,-0.1301143,-0.06169739,0.058490347
1760635036325,-0.122783914,-0.06047566,0.054825157
1760635036327,-0.111635625,-0.06307184,0.052381694
1760635036329,-0.10186178,-0.062002823,0.05100725
1760635036331,-0.09437868,-0.062002823,0.049785517
1760635036334,-0.08827003,-0.063224554,0.048563786
1760635036336,-0.08078693,-0.05971208,0.049785517
1760635036338,-0.06963864,-0.05375614,0.046120327
1760635036341,-0.064751714,-0.05131268,0.05100725
1760635036343,-0.062155537,-0.045356743,0.049785517
1760635036346,-0.05589417,-0.03924809,0.05207626
1760635036347,-0.05222898,-0.032070424,0.053297993
1760635036349,-0.04718934,-0.028405234,0.054519724
1760635036352,-0.040927973,-0.02367103,0.059406646
1760635036354,-0.03848451,-0.017562376,0.06047566
1760635036356,-0.033444874,-0.012675454,0.06291912
1760635036358,-0.028405234,-0.007941248,0.06780604
1760635036361,-0.024740042,-0.004276057,0.07147124
1760635036363,-0.020922136,0.00290161,0.07391469
1760635036365,-0.017256944,0.0041233404,0.08002335
1760635036367,-0.013439035,0.010079277,0.08353582
1760635036370,-0.013286319,0.01740966,0.08597928
1760635036372,-0.005955936,0.018478673,0.088422745
1760635036374,-0.0035124752,0.019700404,0.09330966
1760635036377,3.0543262E-4,0.018478673,0.09330966
1760635036379,0.0027488936,0.017256944,0.095753126
1760635036381,0.006414085,0.013591751,0.09819659
1760635036384,0.010079277,0.009773844,0.09819659
1760635036386,0.014813482,-0.0,0.0983493
1760635036388,0.013591751,-0.004886922,0.0983493
1760635036390,0.014660766,-0.012064588,0.09590584
1760635036393,0.013439035,-0.019394971,0.09590584
1760635036395,0.014660766,-0.024281893,0.09590584
1760635036397,0.012064588,-0.029168816,0.09239337
1760635036399,0.0070249503,-0.03634648,0.09117164
1760635036402,0.0033597588,-0.03634648,0.088728175
1760635036404,-0.0027488936,-0.037415497,0.08628472
1760635036406,-0.010231993,-0.03863723,0.08750644
1760635036408,-0.012675454,-0.039858956,0.082619525
1760635036411,-0.020158553,-0.03848451,0.08384126
1760635036413,-0.026267206,-0.03848451,0.08017606
1760635036415,-0.032375857,-0.035888333,0.08017606
1760635036418,-0.036193766,-0.035888333,0.07651087
1760635036420,-0.039858956,-0.037110064,0.0777326
1760635036422,-0.04230242,-0.033444874,0.07895433
1760635036424,-0.04230242,-0.033444874,0.07651087
1760635036426,-0.04230242,-0.033444874,0.074067414
1760635036429,-0.04230242,-0.035888333,0.07284568
1760635036431,-0.04352415,-0.0346666,0.07162395
1760635036434,-0.04230242,-0.033444874,0.07040222
1760635036436,-0.041080687,-0.02977968,0.06918049
1760635036438,-0.040927973,-0.02733622,0.065515295
1760635036440,-0.03604105,-0.024892759,0.065515295
1760635036443,-0.03848451,-0.02367103,0.066737026
1760635036445,-0.03726278,-0.020005837,0.06291912
1760635036447,-0.031001411,-0.017715093,0.06169739
1760635036449,-0.0346666,-0.011453724,0.06169739
1760635036452,-0.031001411,-0.007941248,0.059253927
1760635036454,-0.030848695,-0.0018325958,0.05681047
1760635036456,-0.030848695,0.004276057,0.054367006
1760635036458,-0.034513887,0.005497787,0.05177083
1760635036460,-0.036957346,0.01282817,0.050549097
1760635036462,-0.03680463,0.020158553,0.046883907
1760635036466,-0.03680463,0.028710667,0.04444045
1760635036468,-0.04046982,0.03481932,0.04428773
1760635036469,-0.042760566,0.04337143,0.043066
1760635036472,-0.04520403,0.049480084,0.04428773
1760635036474,-0.04886922,0.053297993,0.04184427
1760635036477,-0.05009095,0.055741455,0.04184427
1760635036479,-0.04886922,0.06047566,0.04062254
1760635036481,-0.05009095,0.06047566,0.04184427
1760635036483,-0.04886922,0.0580322,0.04428773
1760635036486,-0.05131268,0.053297993,0.04550946
1760635036488,-0.05009095,0.050701816,0.050396383
1760635036490,-0.05024367,0.04230242,0.052839845
1760635036492,-0.05024367,0.036193766,0.051618114
1760635036495,-0.051618114,0.028863383,0.05299256
1760635036497,-0.054061573,0.01786781,0.05665775
1760635036499,-0.05787948,0.013133603,0.055436023
1760635036501,-0.06169739,0.004581489,0.055588737
1760635036503,-0.06291912,9.162979E-4,0.053145275
1760635036506,-0.066737026,-0.0062613687,0.048258353
1760635036508,-0.071776666,-0.00992656,0.048258353
1760635036511,-0.07544186,-0.013439035,0.04337143
1760635036513,-0.07925977,-0.015882496,0.03863723
1760635036515,-0.08536842,-0.019394971,0.032528576
1760635036517,-0.08659015,-0.01817324,0.027641652
1760635036520,-0.08781188,-0.01572978,0.02275473
1760635036522,-0.09162979,-0.01450805,0.020158553
1760635036524,-0.09162979,-0.01695151,0.0154243475
1760635036526,-0.09162979,-0.013286319,0.01038471
1760635036529,-0.089186326,-0.01450805,0.009162978
1760635036531,-0.08659015,-0.013286319,0.0067195175
1760635036533,-0.084146686,-0.010842858,0.0030543262
1760635036535,-0.07925977,-0.008399397,6.1086525E-4
1760635036538,-0.07315111,-0.009773844,6.1086525E-4
1760635036540,-0.06566802,-0.008552114,6.1086525E-4
1760635036542,-0.06078109,-0.009773844,-0.0018325958
1760635036545,-0.05589417,-0.00992656,-0.0030543262
1760635036547,-0.04841107,-0.00870483,-0.0018325958
1760635036549,-0.04352415,-0.006414085,-0.004276057
1760635036551,-0.03970624,-0.003970624,-0.005497787
1760635036554,-0.03481932,-0.0015271631,-0.007941248
1760635036556,-0.02611449,0.0032070426,-0.009315695
1760635036558,-0.022449298,0.0032070426,-0.011759156
1760635036560,-0.01740966,0.01282817,-0.012980887
1760635036563,-0.011301007,0.014049901,-0.014202617
1760635036565,-0.0062613687,0.018936822,-0.0154243475
1760635036567,-0.0036651916,0.024892759,-0.018020526
1760635036569,-0.0012217305,0.031001411,-0.020463986
1760635036572,0.0038179078,0.037110064,-0.021685716
1760635036574,0.0025961774,0.04795292,-0.019394971
1760635036576,0.0027488936,0.054061573,-0.01817324
1760635036578,0.003970624,0.061391957,-0.01572978
1760635036581,0.00290161,0.06627888,-0.01695151
1760635036583,0.0016798794,0.0711658,-0.012064588
1760635036586,0.0016798794,0.076052725,-0.008552114
1760635036588,0.0018325958,0.08093964,-0.007330383
1760635036590,0.0030543262,0.08200866,-0.0012217305
1760635036592,-6.1086525E-4,0.07849618,0.002443461
1760635036594,-0.0030543262,0.07849618,0.007330383
1760635036596,-0.008093964,0.07360926,0.011148291
1760635036598,-0.011759156,0.0711658,0.014813482
1760635036601,-0.015577064,0.067500606,0.018478673
1760635036604,-0.016798794,0.0627664,0.023365596
1760635036606,-0.020616703,0.05421429,0.025961773
1760635036608,-0.027947085,0.04932737,0.027183503
1760635036611,-0.029321533,0.0421497,0.032070424
1760635036614,-0.032986723,0.03726278,0.03573562
1760635036615,-0.0355829,0.031154128,0.037110064
1760635036617,-0.04046982,0.026419923,0.040775254
1760635036619,-0.03940081,0.019089539,0.041996986
1760635036622,-0.038179077,0.011759156,0.045662176
1760635036624,-0.037110064,0.004428773,0.047036625
1760635036626,-0.039553523,7.6358154E-4,0.048258353
1760635036628,-0.040775254,-0.00290161,0.050701816
1760635036630,-0.040775254,-0.0065668016,0.053145275
1760635036633,-0.040775254,-0.0065668016,0.053145275
1760635036635,-0.039553523,-0.007788532,0.051923547
1760635036637,-0.041996986,-0.007788532,0.053145275
1760635036639,-0.041996986,-0.007788532,0.054367006
1760635036642,-0.040775254,-0.007788532,0.053145275
1760635036644,-0.040775254,-0.0065668016,0.050701816
1760635036646,-0.043218717,-0.0053450707,0.048258353
1760635036649,-0.04444045,0.0032070426,0.045814894
1760635036651,-0.04444045,0.004428773,0.040927973
1760635036653,-0.046883907,0.010537425,0.039553523
1760635036656,-0.04810564,0.0154243475,0.038331795
1760635036658,-0.04917465,0.02397646,0.0346666
1760635036660,-0.04917465,0.031306844,0.032223143
1760635036662,-0.04795292,0.033750303,0.029626964
1760635036665,-0.045356743,0.037415497,0.028405234
1760635036667,-0.041691553,0.041080687,0.024740042
1760635036669,-0.04046982,0.04352415,0.023518313
1760635036671,-0.037873644,0.045814894,0.022296581
1760635036674,-0.035430185,0.050701816,0.02107485
1760635036676,-0.03176499,0.050701816,0.02107485
1760635036678,-0.030390546,0.053145275,0.01985312
1760635036680,-0.027947085,0.05787948,0.020922136
1760635036683,-0.025503624,0.06154467,0.022143865
1760635036685,-0.023060163,0.05665775,0.025809057
1760635036687,-0.021685716,0.059101213,0.028252518
1760635036689,-0.020463986,0.05787948,0.029474247
1760635036691,-0.019242255,0.05787948,0.030695979
1760635036693,-0.018020526,0.05787948,0.03313944
1760635036696,-0.01817324,0.050549097,0.036957346
1760635036698,-0.019394971,0.04444045,0.03573562
1760635036700,-0.021838432,0.040775254,0.03940081
1760635036703,-0.02443461,0.0346666,0.03573562
1760635036705,-0.028252518,0.029932396,0.0346666
1760635036707,-0.029474247,0.025045475,0.032223143
1760635036710,-0.033292156,0.020158553,0.02977968
1760635036712,-0.036957346,0.012980887,0.02367103
1760635036714,-0.040775254,0.009315695,0.020005837
1760635036716,-0.041996986,0.008246681,0.016340645
1760635036719,-0.0421497,-3.0543262E-4,0.01038471
1760635036721,-0.0421497,-0.0015271631,0.004276057
1760635036723,-0.03848451,-0.0076358155,-6.1086525E-4
1760635036725,-0.037415497,-0.013744468,-0.005497787
1760635036727,-0.031306844,-0.01985312,-0.01160644
1760635036730,-0.025198191,-0.025961773,-0.016493361
1760635036732,-0.01786781,-0.02977968,-0.022602014
1760635036734,-0.009315695,-0.0346666,-0.02855795
1760635036737,4.5814895E-4,-0.038331795,-0.033444874
1760635036739,0.009162978,-0.040927973,-0.0346666
1760635036741,0.018936822,-0.040927973,-0.037110064
1760635036743,0.027641652,-0.039858956,-0.0421497
1760635036746,0.032528576,-0.03863723,-0.044593163
1760635036748,0.042455133,-0.040011674,-0.045814894
1760635036750,0.049785517,-0.03634648,-0.049480084
1760635036753,0.056046885,-0.031612277,-0.050701816
1760635036755,0.058490347,-0.031612277,-0.051923547
1760635036757,0.062155537,-0.030390546,-0.054367006
1760635036759,0.06719518,-0.02321288,-0.0580322
1760635036761,0.069791354,-0.014660766,-0.059406646
1760635036764,0.06856962,-0.008552114,-0.06429356
1760635036766,0.06734789,-0.0012217305,-0.06429356
1760635036768,0.06872234,0.009773844,-0.0693332
1760635036771,0.06505715,0.018325957,-0.070554934
1760635036774,0.065209866,0.02687807,-0.071776666
1760635036775,0.065209866,0.037873644,-0.075594574
1760635036778,0.060322944,0.043982297,-0.076816306
1760635036780,0.054367006,0.05497787,-0.07437284
1760635036782,0.051923547,0.061086524,-0.07452556
1760635036784,0.05085453,0.06841691,-0.07452556
1760635036786,0.04718934,0.07086037,-0.0720821
1760635036789,0.04841107,0.07696902,-0.0720821
1760635036791,0.04230242,0.080634214,-0.06841691
1760635036793,0.03863723,0.0842994,-0.06719518
1760635036796,0.041080687,0.087964594,-0.06352998
1760635036798,0.040011674,0.09407325,-0.061239243
1760635036800,0.043676864,0.09636399,-0.056352317
1760635036802,0.042455133,0.09514226,-0.049021937
1760635036805,0.042455133,0.09514226,-0.042913284
1760635036807,0.043829583,0.09392053,-0.0355829
1760635036809,0.04260785,0.091477074,-0.028099801
1760635036811,0.04138612,0.09025534,-0.018325957
1760635036814,0.042455133,0.082924955,-0.009773844
1760635036816,0.042455133,0.0804815,0.002443461
1760635036818,0.040011674,0.075594574,0.008552114
1760635036820,0.040011674,0.07070765,0.017256944
1760635036823,0.036193766,0.064599,0.025809057
1760635036825,0.033750303,0.057268616,0.03191771
1760635036828,0.034972034,0.049938235,0.04046982
1760635036830,0.032375857,0.04016439,0.046731193
1760635036832,0.031001411,0.031612277,0.050396383
1760635036834,0.02977968,0.02687807,0.052839845
1760635036836,0.025961773,0.018325957,0.05665775
1760635036839,0.023518313,0.012217305,0.05787948
1760635036841,0.020922136,0.0050396384,0.060322944
1760635036843,0.017256944,-0.0010690142,0.063988134
1760635036846,0.010995574,-0.0047342055,0.06536258
1760635036848,0.010995574,-0.005955936,0.06658431
1760635036850,0.007330383,-0.009468411,0.06780604
1760635036852,0.005955936,-0.0143553335,0.06780604
1760635036855,0.0047342055,-0.0143553335,0.06536258
1760635036857,0.005955936,-0.015577064,0.06658431
1760635036859,0.0047342055,-0.020463986,0.06536258
1760635036862,0.005955936,-0.020463986,0.06414085
1760635036864,0.0071776668,-0.020463986,0.06536258
1760635036867,0.004581489,-0.024129177,0.06169739
1760635036868,0.0096211275,-0.024129177,0.06047566
1760635036870,0.010842858,-0.024129177,0.059253927
1760635036873,0.010842858,-0.021685716,0.054367006
1760635036876,0.01695151,-0.020616703,0.054367006
1760635036878,0.02321288,-0.020616703,0.048258353
1760635036880,0.02565634,-0.019394971,0.049480084
1760635036882,0.028099801,-0.013286319,0.049480084
1760635036884,0.030543262,-0.013286319,0.048258353
1760635036887,0.03191771,-0.009773844,0.047036625
1760635036889,0.03436117,-0.004886922,0.04444045
1760635036891,0.0355829,-0.002443461,0.04444045
1760635036893,0.03573562,0.0012217305,0.04444045
1760635036895,0.036957346,0.004886922,0.045662176
1760635036898,0.03940081,0.0061086523,0.041996986
1760635036900,0.038179077,0.009773844,0.045662176
1760635036903,0.03573562,0.010995574,0.04444045
1760635036905,0.03573562,0.009773844,0.041996986
1760635036907,0.036957346,0.009773844,0.039553523
1760635036909,0.03573562,0.008552114,0.040775254
1760635036911,0.03573562,0.004886922,0.040775254
1760635036914,0.0355829,0.0012217305,0.035888333
1760635036916,0.03313944,-0.002443461,0.035888333
1760635036918,0.03680463,-0.007330383,0.032223143
1760635036920,0.032986723,-0.013286319,0.027488936
1760635036922,0.03176499,-0.019394971,0.026267206
1760635036925,0.029168816,-0.025503624,0.021380283
1760635036927,0.029168816,-0.03023783,0.018936822
1760635036929,0.026572637,-0.035124753,0.014049901
1760635036932,0.02275473,-0.040011674,0.010537425
1760635036934,0.02275473,-0.04841107,0.006872234
1760635036936,0.021380283,-0.053297993,0.0032070426
1760635036939,0.021380283,-0.054519724,7.6358154E-4
1760635036941,0.022602014,-0.059406646,-0.0016798794
1760635036943,0.025045475,-0.06307184,-0.0065668016
1760635036945,0.02367103,-0.06795876,-0.006414085
1760635036948,0.022449298,-0.066737026,-0.0076358155
1760635036950,0.02367103,-0.066737026,-0.008857546
1760635036952,0.022449298,-0.065515295,-0.008857546
1760635036954,0.022602014,-0.060628377,-0.010231993
1760635036957,0.025045475,-0.059406646,-0.010231993
1760635036959,0.026267206,-0.060628377,-0.009010263
1760635036961,0.028710667,-0.058184914,-0.009010263
1760635036963,0.026267206,-0.056963183,-0.007788532
1760635036966,0.026267206,-0.058184914,-0.009010263
1760635036968,0.026267206,-0.055741455,-0.009010263
1760635036970,0.027641652,-0.05207626,-0.011453724
1760635036973,0.028863383,-0.05207626,-0.010231993
1760635036975,0.027641652,-0.05085453,-0.010231993
1760635036978,0.027641652,-0.05085453,-0.010231993
1760635036980,0.028863383,-0.046120327,-0.007788532
1760635036982,0.025198191,-0.044745877,-0.009010263
1760635036984,0.026419923,-0.044745877,-0.007788532
1760635036986,0.02275473,-0.041080687,-0.009010263
1760635036989,0.021533,-0.039858956,-0.007788532
1760635036991,0.01786781,-0.03863723,-0.007788532
1760635036993,0.014202617,-0.037415497,-0.0065668016
1760635036995,0.009315695,-0.03604105,-0.007788532
1760635036998,0.005497787,-0.03359759,-0.0067195175
1760635037000,6.1086525E-4,-0.031154128,-0.0067195175
1760635037002,-0.004276057,-0.032375857,-0.005497787
1760635037004,-0.009162978,-0.031001411,-0.0067195175
1760635037007,-0.014049901,-0.02611449,-0.004276057
1760635037009,-0.016493361,-0.02611449,-0.005497787
1760635037011,-0.025045475,-0.022449298,6.1086525E-4
1760635037014,-0.030085113,-0.02107485,-6.1086525E-4
1760635037016,-0.032528576,-0.024740042,0.0018325958
1760635037018,-0.039858956,-0.022296581,0.004276057
1760635037020,-0.044898596,-0.023365596,0.005497787
1760635037023,-0.05222898,-0.027030786,0.006872234
1760635037025,-0.05467244,-0.025809057,0.006872234
1760635037027,-0.05971208,-0.02565634,0.0056505036
1760635037029,-0.062155537,-0.02565634,0.004428773
1760635037032,-0.064599,-0.028099801,0.0056505036
1760635037034,-0.07086037,-0.030390546,0.004428773
1760635037036,-0.06963864,-0.03283401,0.0032070426
1760635037039,-0.073303826,-0.031612277,0.004428773
1760635037041,-0.07452556,-0.029168816,0.001985312
1760635037044,-0.07452556,-0.030390546,0.001985312
1760635037045,-0.07574729,-0.027947085,0.0032070426
1760635037048,-0.07452556,-0.027947085,0.001985312
1760635037050,-0.06963864,-0.029168816,-4.5814895E-4
1760635037052,-0.06963864,-0.029168816,-0.0016798794
1760635037055,-0.06704246,-0.028099801,-0.0041233404
1760635037057,-0.06582073,-0.02443461,-0.00290161
1760635037059,-0.06093381,-0.02321288,-0.0053450707
1760635037061,-0.05971208,-0.019547688,-0.0067195175
1760635037063,-0.058337633,-0.018325957,-0.0067195175
1760635037066,-0.0571159,-0.015882496,-0.01038471
1760635037068,-0.058337633,-0.013439035,-0.01282817
1760635037070,-0.05589417,-0.0062613687,-0.014049901
1760635037073,-0.055741455,-0.0038179078,-0.015271631
1760635037075,-0.056963183,0.0022907446,-0.017715093
1760635037077,-0.054519724,0.0071776668,-0.019089539
1760635037080,-0.053145275,0.010842858,-0.01786781
1760635037082,-0.055588737,0.01695151,-0.021533
1760635037084,-0.053145275,0.01817324,-0.02275473
1760635037086,-0.054367006,0.021838432,-0.02275473
1760635037089,-0.0580322,0.021838432,-0.02397646
1760635037091,-0.05681047,0.020616703,-0.021533
1760635037093,-0.055588737,0.020616703,-0.021533
1760635037095,-0.06169739,0.021838432,-0.021533
1760635037098,-0.06047566,0.01817324,-0.021533
1760635037100,-0.058184914,0.013286319,-0.02031127
1760635037102,-0.060628377,0.012064588,-0.02031127
1760635037104,-0.058184914,0.0096211275,-0.019089539
1760635037106,-0.056963183,0.0096211275,-0.019089539
1760635037109,-0.056963183,0.005955936,-0.02031127
1760635037111,-0.054519724,0.0035124752,-0.02031127
1760635037114,-0.04718934,0.0035124752,-0.021533
1760635037116,-0.044745877,0.0010690142,-0.02397646
1760635037118,-0.040927973,9.162979E-4,-0.026419923
1760635037120,-0.03604105,-3.0543262E-4,-0.028863383
1760635037123,-0.03726278,-3.0543262E-4,-0.030085113
1760635037125,-0.032375857,-0.0027488936,-0.033750303
1760635037127,-0.028710667,-0.0027488936,-0.034972034
1760635037130,-0.026267206,-0.0027488936,-0.037415497
1760635037132,-0.027488936,-0.0027488936,-0.039858956
1760635037134,-0.022602014,-0.003970624,-0.04352415
1760635037136,-0.023823744,-0.0015271631,-0.04596761
1760635037138,-0.023823744,9.162979E-4,-0.049632803
1760635037141,-0.022602014,0.00580322,-0.05085453
1760635037143,-0.022449298,0.008246681,-0.053297993
1760635037145,-0.024892759,0.0106901415,-0.054519724
1760635037148,-0.024892759,0.0143553335,-0.056963183
1760635037150,-0.02855795,0.020463986,-0.059406646
1760635037152,-0.032223143,0.025350908,-0.05955936
1760635037155,-0.035888333,0.03268129,-0.06078109
1760635037157,-0.040775254,0.035124753,-0.05955936
1760635037159,-0.043218717,0.03634648,-0.06078109
1760635037161,-0.04810564,0.04016439,-0.06078109
1760635037163,-0.05177083,0.043829583,-0.05955936
1760635037166,-0.059101213,0.04505131,-0.05955936
1760635037168,-0.063988134,0.04642576,-0.058337633
1760635037170,-0.06536258,0.043982297,-0.05589417
1760635037173,-0.06887506,0.05009095,-0.05467244
1760635037176,-0.07391469,0.04886922,-0.053450707
1760635037177,-0.07391469,0.047647487,-0.05222898
1760635037179,-0.07269296,0.047647487,-0.05100725
1760635037184,-0.07269296,0.04642576,-0.048563786
1760635037184,-0.07269296,0.042760566,-0.043676864
1760635037186,-0.07513642,0.04153884,-0.044898596
1760635037188,-0.07391469,0.040317107,-0.042455133
1760635037191,-0.070249505,0.034208454,-0.040011674
1760635037193,-0.069027774,0.03176499,-0.038789943
1760635037195,-0.06536258,0.030543262,-0.03634648
1760635037197,-0.059253927,0.030390546,-0.03634648
1760635037199,-0.055588737,0.027947085,-0.039858956
1760635037201,-0.054367006,0.030390546,-0.03756821
1760635037204,-0.04932737,0.026725354,-0.037415497
1760635037207,-0.039553523,0.03023783,-0.041233405
1760635037208,-0.035888333,0.03023783,-0.041233405
1760635037210,-0.030848695,0.031306844,-0.041233405
1760635037213,-0.029626964,0.032528576,-0.043676864
1760635037215,-0.028405234,0.03863723,-0.042455133
1760635037217,-0.027030786,0.044745877,-0.044898596
1760635037220,-0.025809057,0.049632803,-0.042455133
1760635037222,-0.021991149,0.054367006,-0.04260785
1760635037224,-0.02565634,0.059253927,-0.04260785
1760635037226,-0.02565634,0.06414085,-0.043829583
1760635037229,-0.028099801,0.06429356,-0.043829583
1760635037231,-0.029321533,0.066737026,-0.04627304
1760635037233,-0.030543262,0.06429356,-0.04627304
1760635037236,-0.034208454,0.066737026,-0.047494773
1760635037238,-0.03680463,0.061850104,-0.048716504
1760635037240,-0.03924809,0.0571159,-0.051159963
1760635037242,-0.03924809,0.053450707,-0.051159963
1760635037245,-0.04184427,0.044898596,-0.049785517
1760635037247,-0.04062254,0.038789943,-0.05100725
1760635037249,-0.038331795,0.03390302,-0.049785517
1760635037251,-0.038331795,0.025350908,-0.048563786
1760635037254,-0.03726278,0.016798794,-0.049632803
1760635037256,-0.03604105,0.0070249503,-0.04718934
1760635037258,-0.03359759,9.162979E-4,-0.04718934
1760635037261,-0.030085113,-0.013744468,-0.049480084
1760635037263,-0.027641652,-0.016187929,-0.048258353
1760635037265,-0.025350908,-0.025961773,-0.047036625
1760635037268,-0.020463986,-0.030848695,-0.049480084
1760635037270,-0.021685716,-0.033292156,-0.050701816
1760635037272,-0.021685716,-0.03924809,-0.05177083
1760635037274,-0.018020526,-0.04062254,-0.05299256
1760635037276,-0.021838432,-0.041691553,-0.055436023
1760635037279,-0.024281893,-0.041691553,-0.05665775
1760635037281,-0.023060163,-0.03924809,-0.055436023
1760635037283,-0.020463986,-0.03924809,-0.055436023
1760635037285,-0.018020526,-0.038179077,-0.05665775
1760635037288,-0.019242255,-0.03573562,-0.059101213
1760635037290,-0.018020526,-0.03573562,-0.059101213
1760635037292,-0.013133603,-0.030848695,-0.059253927
1760635037294,-0.009315695,-0.027183503,-0.06291912
1760635037297,-0.004428773,-0.02367103,-0.06169739
1760635037299,-0.0030543262,-0.022449298,-0.06291912
1760635037301,0.0018325958,-0.020005837,-0.06047566
1760635037304,0.006872234,-0.017715093,-0.06047566
1760635037307,0.011759156,-0.015271631,-0.06169739
1760635037308,0.01786781,-0.014049901,-0.06307184
1760635037310,0.024129177,-0.012980887,-0.061850104
1760635037313,0.0290161,-0.010537425,-0.061850104
1760635037315,0.034055736,-0.009468411,-0.060628377
1760635037317,0.03894266,-0.013133603,-0.060628377
1760635037319,0.04138612,-0.015577064,-0.059406646
1760635037322,0.04505131,-0.015577064,-0.058184914
1760635037324,0.048716504,-0.01817324,-0.056963183
1760635037326,0.049938235,-0.019394971,-0.056963183
1760635037329,0.052381694,-0.024281893,-0.055588737
1760635037331,0.052381694,-0.025503624,-0.053145275
1760635037333,0.05222898,-0.034055736,-0.050701816
1760635037335,0.05222898,-0.03283401,-0.050701816
1760635037338,0.054825157,-0.035277467,-0.048258353
1760635037340,0.05222898,-0.041233405,-0.047036625
1760635037342,0.04841107,-0.046120327,-0.04810564
1760635037344,0.044745877,-0.048563786,-0.045662176
1760635037347,0.039858956,-0.04734206,-0.043218717
1760635037349,0.037415497,-0.04718934,-0.043218717
1760635037351,0.028863383,-0.04352415,-0.041996986
1760635037354,0.027641652,-0.04230242,-0.041996986
1760635037356,0.021380283,-0.041080687,-0.040775254
1760635037358,0.01282817,-0.03970624,-0.037110064
1760635037361,0.009162978,-0.03848451,-0.038331795
1760635037363,0.004276057,-0.03359759,-0.03604105
1760635037365,-0.0018325958,-0.033444874,-0.03359759
1760635037367,-0.0056505036,-0.033444874,-0.032375857
1760635037370,-0.009315695,-0.031001411,-0.029932396
1760635037372,-0.01038471,-0.02733622,-0.027488936
1760635037374,-0.014049901,-0.02367103,-0.026267206
1760635037376,-0.016493361,-0.018784106,-0.023823744
1760635037378,-0.018936822,-0.013897184,-0.018936822
1760635037381,-0.018936822,-0.011453724,-0.016493361
1760635037383,-0.021380283,-0.0065668016,-0.01282817
1760635037385,-0.025045475,-0.0041233404,-0.01282817
1760635037387,-0.02611449,-0.00290161,-0.007941248
1760635037390,-0.02611449,-4.5814895E-4,-0.0056505036
1760635037392,-0.02733622,-4.5814895E-4,-0.0056505036
1760635037395,-0.02855795,-4.5814895E-4,-0.001985312
1760635037396,-0.026267206,-0.0065668016,-0.004276057
1760635037399,-0.029932396,-0.0065668016,-0.0018325958
1760635037401,-0.028710667,-0.007788532,-0.0030543262
1760635037403,-0.027488936,-0.009010263,-0.0030543262
1760635037406,-0.029932396,-0.010079277,-0.004276057
1760635037408,-0.033750303,-0.016187929,-0.0067195175
1760635037411,-0.031154128,-0.013744468,-0.007941248
1760635037412,-0.030085113,-0.016187929,-0.01160644
1760635037415,-0.027641652,-0.01740966,-0.015271631
1760635037417,-0.027641652,-0.022296581,-0.017715093
1760635037419,-0.03023783,-0.027183503,-0.018936822
1760635037422,-0.02397646,-0.027183503,-0.021380283
1760635037424,-0.021533,-0.027183503,-0.025045475
1760635037426,-0.021533,-0.028405234,-0.026267206
1760635037428,-0.0154243475,-0.02733622,-0.027488936
1760635037430,-0.014202617,-0.02855795,-0.029932396
1760635037433,-0.011759156,-0.02855795,-0.032375857
1760635037435,-0.007941248,-0.024892759,-0.03359759
1760635037437,-0.005497787,-0.022449298,-0.03481932
1760635037440,-0.004276057,-0.022449298,-0.03481932
1760635037442,-0.0018325958,-0.017715093,-0.03604105
1760635037444,0.004428773,-0.015271631,-0.03604105
1760635037447,0.004428773,-0.009162978,-0.034972034
1760635037449,0.00580322,-0.005497787,-0.034972034
1760635037451,0.00580322,-0.0018325958,-0.036193766
1760635037453,0.0033597588,0.004276057,-0.033750303
1760635037455,0.0035124752,0.013897184,-0.033750303
1760635037458,0.0010690142,0.018784106,-0.03145956
1760635037460,-0.0062613687,0.027488936,-0.03023783
1760635037462,-0.007330383,0.032375857,-0.027794369
1760635037464,-0.009773844,0.03970624,-0.026572637
1760635037467,-0.014660766,0.04337143,-0.025350908
1760635037470,-0.015882496,0.044593163,-0.024129177
1760635037472,-0.019547688,0.044593163,-0.022907447
1760635037474,-0.024587326,0.0421497,-0.024129177
1760635037476,-0.023365596,0.03848451,-0.020463986
1760635037478,-0.023365596,0.03604105,-0.022907447
1760635037481,-0.025809057,0.033750303,-0.022907447
1760635037483,-0.027183503,0.027641652,-0.021685716
1760635037485,-0.025961773,0.021533,-0.02275473
1760635037488,-0.024740042,0.0154243475,-0.021533
1760635037490,-0.022449298,0.0056505036,-0.02275473
1760635037492,-0.020005837,-0.00290161,-0.02275473
1760635037494,-0.017715093,-0.0065668016,-0.025045475
1760635037497,-0.018936822,-0.015118915,-0.025045475
1760635037499,-0.014049901,-0.022449298,-0.026267206
1760635037501,-0.009315695,-0.031001411,-0.026267206
1760635037503,-0.010537425,-0.0346666,-0.02855795
1760635037506,-0.009315695,-0.040775254,-0.02611449
1760635037508,-0.008093964,-0.04444045,-0.02855795
1760635037510,-0.0070249503,-0.04810564,-0.02855795
1760635037512,-0.0032070426,-0.04444045,-0.02855795
1760635037515,-0.0056505036,-0.041996986,-0.02977968
1760635037517,-0.006872234,-0.040775254,-0.02855795
1760635037519,-0.006872234,-0.0346666,-0.032223143
1760635037522,-0.004276057,-0.031001411,-0.03359759
1760635037524,-0.006872234,-0.02977968,-0.032375857
1760635037526,-0.005497787,-0.022449298,-0.032375857
1760635037528,-0.004276057,-0.017562376,-0.032375857
1760635037531,-0.0053450707,-0.01038471,-0.032375857
1760635037533,-0.007788532,-0.007788532,-0.032375857
1760635037535,-0.006414085,0.0067195175,-0.032528576
1760635037538,-0.008857546,0.014049901,-0.032528576
1760635037539,-0.011148291,0.029932396,-0.03023783
1760635037542,-0.014813482,0.03726278,-0.0290161
1760635037544,-0.019547688,0.051923547,-0.029168816
1760635037546,-0.020616703,0.059253927,-0.026725354
1760635037549,-0.023060163,0.06780604,-0.025503624
1760635037551,-0.026725354,0.07513642,-0.025503624
1760635037553,-0.03145956,0.08368854,-0.02443461
1760635037556,-0.03145956,0.086132,-0.02565634
1760635037558,-0.03390302,0.08735373,-0.02443461
1760635037560,-0.03756821,0.08979719,-0.02321288
1760635037562,-0.035124753,0.093462385,-0.02443461
1760635037565,-0.035124753,0.09101892,-0.021991149
1760635037566,-0.035124753,0.09101892,-0.021991149
1760635037569,-0.035124753,0.08979719,-0.02321288
1760635037571,-0.035124753,0.08857546,-0.019547688
1760635037573,-0.03145956,0.084910266,-0.015882496
1760635037576,-0.03268129,0.08124508,-0.013439035
1760635037578,-0.030390546,0.07513642,-0.0096211275
1760635037580,-0.030390546,0.06658431,-0.0035124752
1760635037583,-0.025503624,0.06169739,0.0025961774
1760635037585,-0.02443461,0.049480084,0.005192355
1760635037587,-0.02321288,0.0421497,0.010079277
1760635037590,-0.025809057,0.029932396,0.013744468
1760635037592,-0.027030786,0.021380283,0.018784106
1760635037594,-0.028405234,0.016493361,0.022449298
1760635037596,-0.034513887,0.012980887,0.02733622
1760635037598,-0.039553523,0.008093964,0.032223143
1760635037601,-0.045662176,0.006872234,0.033444874
1760635037603,-0.054367006,0.00580322,0.03604105
1760635037605,-0.06047566,0.009468411,0.038331795
1760635037608,-0.07284568,0.008399397,0.0421497
1760635037610,-0.082619525,0.013439035,0.045814894
1760635037612,-0.09483683,0.018325957,0.04932737
1760635037615,-0.105832405,0.024587326,0.05299256
1760635037617,-0.116980694,0.028252518,0.059101213
1760635037619,-0.12797627,0.03573562,0.0627664
1760635037621,-0.13775012,0.03940081,0.065209866
1760635037624,-0.14385876,0.04795292,0.06887506
1760635037626,-0.14996742,0.050549097,0.07376198
1760635037628,-0.15347989,0.05787948,0.076052725
1760635037630,-0.15347989,0.0627664,0.07727446
1760635037633,-0.15347989,0.06505715,0.08093964
1760635037635,-0.1498147,0.06383542,0.083383106
1760635037637,-0.14492778,0.060170226,0.090713486
1760635037639,-0.1386664,0.05879578,0.09193522
1760635037641,-0.13500121,0.05390886,0.09697486
1760635037644,-0.12767084,0.052687127,0.09819659
1760635037646,-0.122783914,0.05009095,0.09941832
1760635037648,-0.11407909,0.04886922,0.09941832
1760635037651,-0.110413894,0.047647487,0.09819659
1760635037653,-0.10919216,0.04642576,0.095753126
1760635037655,-0.10186178,0.04505131,0.08964448
1760635037657,-0.09819659,0.04627304,0.08597928
1760635037660,-0.09697486,0.04016439,0.079870634
1760635037663,-0.095753126,0.04016439,0.06887506
1760635037664,-0.0983493,0.037873644,0.05787948
1760635037667,-0.093462385,0.035430185,0.04810564
1760635037669,-0.09101892,0.037873644,0.038331795
1760635037671,-0.08735373,0.035430185,0.02855795
1760635037673,-0.084910266,0.039095376,0.01740966
1760635037676,-0.08246681,0.040317107,0.005192355
1760635037677,-0.08246681,0.04153884,-0.004581489
1760635037680,-0.07880162,0.042760566,-0.013133603
1760635037682,-0.07513642,0.042760566,-0.020463986
1760635037685,-0.07269296,0.04520403,-0.0290161
1760635037687,-0.06887506,0.04642576,-0.040011674
1760635037689,-0.0664316,0.047647487,-0.046120327
1760635037692,-0.06154467,0.049938235,-0.053450707
1760635037693,-0.05787948,0.056046885,-0.05971208
1760635037696,-0.055283304,0.058490347,-0.06337727
1760635037698,-0.04917465,0.063224554,-0.069485925
1760635037700,-0.046578474,0.0693332,-0.07070765
1760635037702,-0.044135015,0.0729984,-0.07437284
1760635037705,-0.039095376,0.08277224,-0.07574729
1760635037707,-0.0364992,0.089949906,-0.07574729
1760635037710,-0.03283401,0.09728029,-0.07574729
1760635037711,-0.027794369,0.10567969,-0.07345655
1760635037714,-0.027641652,0.11301007,-0.071013086
1760635037716,-0.022602014,0.12018774,-0.06856962
1760635037718,-0.020158553,0.12751812,-0.06246097
1760635037721,-0.016340645,0.12873985,-0.061391957
1760635037723,-0.012675454,0.13225232,-0.054061573
1760635037725,-0.011301007,0.13469578,-0.04795292
1760635037727,-0.006414085,0.13347405,-0.043066
1760635037730,-0.003970624,0.13087788,-0.03573562
1760635037732,-0.0027488936,0.13087788,-0.029626964
1760635037734,-0.0015271631,0.12965615,-0.02107485
1760635037736,0.0010690142,0.12721269,-0.014813482
1760635037739,0.0033597588,0.12110403,-0.00992656
1760635037741,0.0021380284,0.11988231,-0.0025961774
1760635037743,0.00580322,0.112399206,0.0022907446
1760635037746,0.009468411,0.10629055,0.005955936
1760635037748,0.0106901415,0.10140363,0.010995574
1760635037750,0.011911872,0.095294975,0.015882496
1760635037752,0.011759156,0.08674286,0.017104227
1760635037755,0.014202617,0.07696902,0.02076942
1760635037757,0.014049901,0.07086037,0.020922136
1760635037759,0.016493361,0.059864793,0.022143865
1760635037762,0.017562376,0.05024367,0.020922136
1760635037764,0.018784106,0.03924809,0.01740966
1760635037766,0.01863139,0.030695979,0.011301007
1760635037768,0.017256944,0.019700404,0.010079277
1760635037771,0.019700404,0.013744468,0.00290161
1760635037773,0.018325957,0.005192355,-0.0032070426
1760635037775,0.02076942,3.0543262E-4,-0.008093964
1760635037777,0.01817324,-0.0033597588,-0.012980887
1760635037780,0.01695151,-0.006872234,-0.016646078
1760635037782,0.016798794,-0.009315695,-0.02031127
1760635037785,0.015577064,-0.011759156,-0.026267206
1760635037787,0.013133603,-0.014202617,-0.027488936
1760635037789,0.011911872,-0.009315695,-0.031306844
1760635037791,0.0070249503,-0.0067195175,-0.032528576
1760635037793,0.009468411,-0.004428773,-0.032528576
1760635037796,0.009468411,-0.0032070426,-0.030085113
1760635037798,0.009468411,-0.006872234,-0.030085113
1760635037800,0.011911872,-0.004428773,-0.027641652
1760635037803,0.01572978,-0.0032070426,-0.02397646
1760635037805,0.01695151,-7.6358154E-4,-0.021533
1760635037807,0.019394971,0.0015271631,-0.02031127
1760635037809,0.02443461,-9.162979E-4,-0.016646078
1760635037812,0.028099801,0.0027488936,-0.014202617
1760635037814,0.030543262,-0.0010690142,-0.011759156
1760635037816,0.038026363,0.0025961774,-0.010537425
1760635037819,0.044135015,-0.0012217305,-0.009315695
1760635037820,0.042913284,-0.0022907446,-0.008093964
1760635037823,0.047800206,-0.007330383,-0.0056505036
1760635037825,0.051465396,-0.013439035,-0.0056505036
1760635037827,0.05390886,-0.013439035,-0.0056505036
1760635037830,0.05879578,-0.018325957,-0.0067195175
1760635037832,0.061239243,-0.02076942,-0.007941248
1760635037834,0.063682705,-0.02443461,-0.01038471
1760635037837,0.06352998,-0.028099801,-0.01282817
1760635037839,0.065973446,-0.035430185,-0.017715093
1760635037841,0.06719518,-0.037873644,-0.021380283
1760635037843,0.06582073,-0.040317107,-0.025045475
1760635037846,0.064599,-0.043982297,-0.027488936
1760635037848,0.06337727,-0.04505131,-0.031154128
1760635037850,0.06078109,-0.047494773,-0.0346666
1760635037852,0.05955936,-0.051159963,-0.037110064
1760635037854,0.058337633,-0.051159963,-0.040775254
1760635037857,0.0571159,-0.052381694,-0.043218717
1760635037859,0.054519724,-0.05589417,-0.04810564
1760635037861,0.05207626,-0.058337633,-0.050549097
1760635037864,0.05085453,-0.05955936,-0.05177083
1760635037866,0.05207626,-0.062002823,-0.05299256
1760635037868,0.05207626,-0.05955936,-0.055436023
1760635037870,0.050701816,-0.06078109,-0.059101213
1760635037873,0.047036625,-0.059406646,-0.059101213
1760635037875,0.047036625,-0.058337633,-0.059101213
1760635037878,0.049632803,-0.049785517,-0.060322944
1760635037880,0.04718934,-0.048563786,-0.059101213
1760635037882,0.04352415,-0.04734206,-0.059101213
1760635037884,0.04596761,-0.044898596,-0.0580322
1760635037887,0.04841107,-0.043676864,-0.054367006
1760635037889,0.04596761,-0.042455133,-0.055588737
1760635037891,0.046120327,-0.040011674,-0.054367006
1760635037894,0.04734206,-0.03756821,-0.053145275
1760635037895,0.04734206,-0.03756821,-0.051923547
1760635037898,0.05100725,-0.035124753,-0.049480084
1760635037900,0.052381694,-0.03283401,-0.047036625
1760635037902,0.054825157,-0.030390546,-0.044593163
1760635037905,0.054825157,-0.027947085,-0.04337143
1760635037907,0.053603426,-0.025503624,-0.03970624
1760635037909,0.056199603,-0.021838432,-0.03848451
1760635037912,0.057421334,-0.019394971,-0.03726278
1760635037914,0.05375614,-0.01817324,-0.033750303
1760635037916,0.05375614,-0.012064588,-0.034972034
1760635037918,0.05131268,-0.013286319,-0.032528576
1760635037921,0.05009095,-0.01450805,-0.030085113
1760635037923,0.04886922,-0.013286319,-0.027641652
1760635037925,0.04642576,-0.01450805,-0.027641652
1760635037927,0.04520403,-0.013286319,-0.026419923
1760635037930,0.040317107,-0.012064588,-0.025198191
1760635037932,0.03772093,-0.01450805,-0.025198191
1760635037934,0.03772093,-0.018020526,-0.023823744
1760635037937,0.034055736,-0.015577064,-0.025045475
1760635037939,0.031612277,-0.016798794,-0.025045475
1760635037941,0.026572637,-0.018020526,-0.022602014
1760635037943,0.022907447,-0.015577064,-0.022602014
1760635037946,0.016798794,-0.014202617,-0.020158553
1760635037948,0.0106901415,-0.012980887,-0.020158553
1760635037950,0.0056505036,-0.014202617,-0.018936822
1760635037952,0.001985312,-0.01282817,-0.017715093
1760635037955,-0.00290161,-0.009162978,-0.015271631
1760635037957,-0.010231993,-0.01038471,-0.01282817
1760635037959,-0.013897184,-0.012675454,-0.01160644
1760635037962,-0.017715093,-0.011453724,-0.01038471
1760635037963,-0.025045475,-0.0053450707,-0.0067195175
1760635037966,-0.029932396,-0.007788532,-0.0030543262
1760635037968,-0.03481932,-0.005192355,-0.0018325958
1760635037970,-0.03604105,-0.0015271631,-0.0018325958
1760635037973,-0.03604105,-0.0027488936,0.0018325958
1760635037975,-0.035888333,0.001985312,0.0053450707
1760635037977,-0.03848451,-3.0543262E-4,0.005497787
1760635037979,-0.03848451,-0.0015271631,0.007941248
1760635037982,-0.03848451,9.162979E-4,0.01038471
1760635037984,-0.03848451,-4.5814895E-4,0.014049901
1760635037986,-0.040927973,0.0033597588,0.012675454
1760635037989,-0.040927973,-3.0543262E-4,0.015271631
1760635037991,-0.03970624,-3.0543262E-4,0.015271631
1760635037993,-0.03726278,-0.006414085,0.015271631
1760635037995,-0.03604105,-0.009010263,0.016493361
1760635037998,-0.03359759,-0.013897184,0.015271631
1760635038000,-0.031154128,-0.015118915,0.01282817
1760635038002,-0.032375857,-0.01863139,0.01282817
1760635038004,-0.032528576,-0.024740042,0.01160644
1760635038007,-0.031306844,-0.030848695,0.009315695
1760635038009,-0.026419923,-0.03573562,0.008093964
1760635038011,-0.025350908,-0.04062254,0.004428773
1760635038014,-0.024129177,-0.04428773,-4.5814895E-4
1760635038016,-0.021685716,-0.04550946,-0.00290161
1760635038018,-0.019242255,-0.04795292,-0.0053450707
1760635038020,-0.020463986,-0.04795292,-0.007788532
1760635038023,-0.018020526,-0.04795292,-0.009010263
1760635038025,-0.018020526,-0.04795292,-0.011453724
1760635038027,-0.016798794,-0.046731193,-0.012675454
1760635038030,-0.015577064,-0.04428773,-0.018784106
1760635038032,-0.0143553335,-0.04550946,-0.018784106
1760635038034,-0.0143553335,-0.046731193,-0.021227567
1760635038036,-0.015577064,-0.046731193,-0.024892759
1760635038039,-0.0143553335,-0.043066,-0.02733622
1760635038041,-0.012980887,-0.039553523,-0.02855795
1760635038043,-0.011759156,-0.035888333,-0.02977968
1760635038046,-0.007941248,-0.02855795,-0.029932396
1760635038048,-0.004276057,-0.02733622,-0.032375857
1760635038050,-0.005497787,-0.024892759,-0.032375857
1760635038052,-0.0030543262,-0.018936822,-0.03359759
1760635038054,7.6358154E-4,-0.016493361,-0.03604105
1760635038056,0.001985312,-0.01160644,-0.03359759
1760635038059,0.004428773,-0.01038471,-0.03604105
1760635038061,0.0070249503,-0.0067195175,-0.036193766
1760635038063,0.009468411,-0.004428773,-0.034972034
1760635038066,0.011911872,-0.006872234,-0.037415497
1760635038068,0.015577064,-0.006872234,-0.037415497
1760635038070,0.019242255,-0.006872234,-0.036193766
1760635038072,0.019242255,-0.006872234,-0.034972034
1760635038075,0.021685716,-0.009315695,-0.037415497
1760635038077,0.024129177,-0.010537425,-0.03863723
1760635038079,0.025503624,-0.008246681,-0.03863723
1760635038081,0.027947085,-0.009468411,-0.037415497
1760635038084,0.034055736,-0.008246681,-0.036193766
1760635038086,0.037873644,-0.0070249503,-0.036193766
1760635038088,0.040317107,-0.0071776668,-0.036193766
1760635038091,0.04153884,-0.008399397,-0.037415497
1760635038093,0.04520403,-0.0071776668,-0.036193766
1760635038095,0.04642576,-0.0071776668,-0.03863723
1760635038097,0.05131268,-0.005955936,-0.036193766
1760635038099,0.051465396,-0.0047342055,-0.037415497
1760635038102,0.051465396,-0.0047342055,-0.033750303
1760635038104,0.05513059,-0.0036651916,-0.034972034
1760635038106,0.05024367,-0.0022907446,-0.033750303
1760635038109,0.05024367,-0.0012217305,-0.031306844
1760635038111,0.05024367,-0.002443461,-0.028863383
1760635038113,0.05024367,-0.0,-0.027641652
1760635038116,0.047800206,0.002443461,-0.02397646
1760635038118,0.046578474,0.0061086523,-0.02031127
1760635038120,0.042913284,0.010995574,-0.0154243475
1760635038122,0.04062254,0.012217305,-0.009315695
1760635038125,0.03940081,0.018325957,-0.00580322
1760635038127,0.032070424,0.020922136,-9.162979E-4
1760635038129,0.028405234,0.027030786,0.005192355
1760635038131,0.027183503,0.03191771,0.008857546
1760635038134,0.02107485,0.0355829,0.0125227375
1760635038136,0.016187929,0.04046982,0.01740966
1760635038138,0.013744468,0.041691553,0.01740966
1760635038140,0.011301007,0.04046982,0.02107485
1760635038143,0.008857546,0.04046982,0.025961773
1760635038145,0.005192355,0.04046982,0.029626964
1760635038147,0.005192355,0.04046982,0.029626964
1760635038150,0.003970624,0.03573562,0.032070424
1760635038152,0.0027488936,0.034513887,0.030848695
1760635038154,0.0027488936,0.03573562,0.029626964
1760635038156,0.0038179078,0.029626964,0.033292156
1760635038159,0.0025961774,0.023518313,0.032223143
1760635038161,0.0038179078,0.01863139,0.033444874
1760635038164,0.0036651916,0.011301007,0.031001411
1760635038166,0.004886922,0.0076358155,0.031001411
1760635038167,0.0047342055,0.0015271631,0.031001411
1760635038170,0.0071776668,-0.0033597588,0.02733622
1760635038172,0.0096211275,-0.008246681,0.025045475
1760635038174,0.012064588,-0.0143553335,0.022602014
1760635038176,0.0143553335,-0.019242255,0.020158553
1760635038179,0.015577064,-0.021685716,0.016493361
1760635038182,0.020616703,-0.022907447,0.016493361
1760635038184,0.021685716,-0.025350908,0.014049901
1760635038186,0.021685716,-0.024129177,0.01282817
1760635038189,0.024129177,-0.026572637,0.01038471
1760635038191,0.024281893,-0.021685716,0.007941248
1760635038192,0.027947085,-0.018020526,0.009162978
1760635038195,0.030543262,-0.01450805,0.009162978
1760635038197,0.032986723,-0.010842858,0.01038471
1760635038199,0.032986723,-0.010842858,0.01282817
1760635038202,0.036651913,-0.0071776668,0.013897184
1760635038203,0.04046982,-0.002443461,0.016340645
1760635038206,0.042913284,0.0012217305,0.015118915
1760635038208,0.04795292,0.0061086523,0.017562376
1760635038210,0.04917465,0.0096211275,0.018784106
1760635038212,0.05421429,0.013286319,0.021227567
1760635038215,0.05665775,0.01572978,0.023518313
1760635038217,0.06169739,0.019242255,0.024740042
1760635038219,0.06414085,0.020463986,0.025961773
1760635038222,0.06795876,0.021685716,0.027183503
1760635038224,0.06795876,0.021685716,0.028405234
1760635038226,0.06918049,0.021533,0.032070424
1760635038229,0.07284568,0.02397646,0.034513887
1760635038231,0.07162395,0.02031127,0.036957346
1760635038233,0.07284568,0.02031127,0.04062254
1760635038235,0.07284568,0.016646078,0.04184427
1760635038238,0.07147124,0.012980887,0.043066
1760635038240,0.07147124,0.008093964,0.04444045
1760635038243,0.07147124,0.004428773,0.043218717
1760635038244,0.070249505,9.162979E-4,0.04810564
1760635038247,0.06887506,-0.003970624,0.04932737
1760635038249,0.06765333,-0.011301007,0.050549097
1760635038251,0.06627888,-0.016187929,0.049480084
1760635038254,0.06383542,-0.01985312,0.048258353
1760635038256,0.05757405,-0.024587326,0.049480084
1760635038258,0.05757405,-0.030695979,0.050701816
1760635038261,0.056199603,-0.038026363,0.051923547
1760635038263,0.05375614,-0.041691553,0.05207626
1760635038265,0.047494773,-0.04642576,0.05207626
1760635038267,0.04505131,-0.05009095,0.053297993
1760635038270,0.04016439,-0.04886922,0.056963183
1760635038272,0.04016439,-0.051159963,0.055741455
1760635038274,0.035124753,-0.053603426,0.060628377
1760635038277,0.03390302,-0.051159963,0.059406646
1760635038279,0.027794369,-0.053603426,0.058184914
1760635038281,0.027794369,-0.051159963,0.056963183
1760635038283,0.026572637,-0.04627304,0.058184914
1760635038285,0.027794369,-0.04627304,0.058184914
1760635038288,0.024129177,-0.047494773,0.056963183
1760635038290,0.021685716,-0.044898596,0.056963183
1760635038292,0.020463986,-0.043676864,0.055741455
1760635038294,0.021685716,-0.042455133,0.054519724
1760635038297,0.022907447,-0.04138612,0.054519724
1760635038299,0.025350908,-0.04016439,0.053297993
1760635038301,0.024281893,-0.035277467,0.053297993
1760635038304,0.025503624,-0.031612277,0.053145275
1760635038306,0.023060163,-0.029168816,0.051923547
1760635038308,0.025503624,-0.024281893,0.051923547
1760635038311,0.02565634,-0.023060163,0.053145275
1760635038313,0.02565634,-0.01817324,0.054367006
1760635038315,0.02565634,-0.01450805,0.050701816
1760635038317,0.02565634,-0.013286319,0.049480084
1760635038319,0.028099801,-0.012064588,0.048258353
1760635038322,0.02565634,-0.008399397,0.044593163
1760635038324,0.02565634,-0.0071776668,0.04337143
1760635038327,0.02565634,-0.008399397,0.0421497
1760635038328,0.02565634,-0.01450805,0.03848451
1760635038331,0.02565634,-0.012064588,0.03726278
1760635038333,0.021991149,-0.012064588,0.03359759
1760635038335,0.020616703,-0.015577064,0.028710667
1760635038337,0.021838432,-0.018020526,0.027488936
1760635038340,0.021838432,-0.019242255,0.025045475
1760635038342,0.020616703,-0.020463986,0.023823744
1760635038345,0.016798794,-0.024129177,0.022602014
1760635038347,0.016798794,-0.024129177,0.021380283
1760635038349,0.013133603,-0.027641652,0.018936822
1760635038351,0.0143553335,-0.030085113,0.017715093
1760635038353,0.013133603,-0.031306844,0.016493361
1760635038359,0.011759156,-0.036193766,0.0154243475
1760635038359,0.010537425,-0.039858956,0.012980887
1760635038360,0.009162978,-0.04230242,0.010537425
1760635038362,0.01038471,-0.04352415,0.010537425
1760635038364,0.01038471,-0.04352415,0.010537425
1760635038367,0.01038471,-0.04352415,0.011759156
1760635038370,0.01160644,-0.044745877,0.009315695
1760635038372,0.012980887,-0.04352415,0.008093964
1760635038373,0.011759156,-0.041080687,0.009315695
1760635038376,0.010537425,-0.037415497,0.010537425
1760635038378,0.011759156,-0.036193766,0.009315695
1760635038380,0.010537425,-0.031306844,0.007941248
1760635038383,0.0106901415,-0.025198191,0.0067195175
1760635038385,0.013133603,-0.02275473,0.005497787
1760635038388,0.0143553335,-0.015577064,0.0067195175
1760635038389,0.01450805,-0.0106901415,0.005497787
1760635038392,0.010842858,-0.009315695,0.004276057
1760635038394,0.012064588,-0.006872234,0.0016798794
1760635038396,0.012064588,-9.162979E-4,0.00290161
1760635038398,0.012064588,0.0015271631,4.5814895E-4
1760635038401,0.0096211275,0.0016798794,4.5814895E-4
1760635038403,0.012064588,-9.162979E-4,-7.6358154E-4
1760635038405,0.012064588,0.0015271631,-0.001985312
1760635038407,0.0096211275,0.0016798794,-0.0056505036
1760635038410,0.010842858,-0.001985312,-0.006872234
1760635038412,0.0106901415,-0.006872234,-0.008093964
1760635038414,0.0106901415,-0.008093964,-0.009315695
1760635038417,0.009468411,-0.010537425,-0.01160644
1760635038419,0.0106901415,-0.012980887,-0.014049901
1760635038421,0.008246681,-0.011759156,-0.016493361
1760635038424,0.008093964,-0.01786781,-0.020158553
1760635038426,0.006872234,-0.017715093,-0.025045475
1760635038428,0.004428773,-0.017715093,-0.027488936
1760635038430,0.0032070426,-0.020158553,-0.031154128
1760635038433,0.0032070426,-0.022602014,-0.032375857
1760635038435,0.0032070426,-0.021380283,-0.03604105
1760635038437,0.0030543262,-0.021380283,-0.03848451
1760635038440,-6.1086525E-4,-0.018936822,-0.04337143
1760635038442,-0.0018325958,-0.016340645,-0.045814894
1760635038444,-0.004276057,-0.013897184,-0.045814894
1760635038446,-0.0065668016,-0.010231993,-0.044593163
1760635038448,-0.01160644,-0.0065668016,-0.04596761
1760635038451,-0.012675454,-0.00290161,-0.04596761
1760635038453,-0.016340645,7.6358154E-4,-0.04596761
1760635038455,-0.015118915,0.0032070426,-0.04352415
1760635038458,-0.018784106,0.006872234,-0.04230242
1760635038460,-0.021227567,0.014202617,-0.039858956
1760635038463,-0.02611449,0.019089539,-0.033750303
1760635038464,-0.028405234,0.02397646,-0.031306844
1760635038467,-0.033292156,0.030085113,-0.026572637
1760635038469,-0.03573562,0.033750303,-0.020463986
1760635038471,-0.04062254,0.037415497,-0.0143553335
1760635038474,-0.04550946,0.038789943,-0.0070249503
1760635038476,-0.052839845,0.040011674,-0.004581489
1760635038478,-0.0627664,0.03772093,0.0015271631
1760635038480,-0.07009678,0.03894266,0.005192355
1760635038483,-0.07376198,0.043829583,0.008857546
1760635038485,-0.08246681,0.04153884,0.013744468
1760635038487,-0.084910266,0.040317107,0.014966198
1760635038489,-0.09101892,0.040317107,0.01863139
1760635038492,-0.093462385,0.040317107,0.021227567
1760635038494,-0.09468412,0.039095376,0.020005837
1760635038496,-0.093462385,0.037873644,0.021227567
1760635038498,-0.09101892,0.034208454,0.021227567
1760635038501,-0.0936151,0.032986723,0.020005837
1760635038504,-0.086132,0.030543262,0.017562376
1760635038506,-0.08002335,0.029321533,0.015118915
1760635038508,-0.07147124,0.026725354,0.012675454
1760635038510,-0.06414085,0.025503624,0.007788532
1760635038512,-0.055436023,0.020463986,0.00290161
1760635038514,-0.045662176,0.021685716,4.5814895E-4
1760635038517,-0.034513887,0.019089539,-0.004428773
1760635038519,-0.027183503,0.01786781,-0.011759156
1760635038522,-0.016187929,0.015271631,-0.016646078
1760635038524,-0.00870483,0.016493361,-0.02031127
1760635038526,-1.5271631E-4,0.020005837,-0.025350908
1760635038528,0.007330383,0.020005837,-0.03145956
1760635038530,0.013439035,0.024740042,-0.03634648
1760635038533,0.017256944,0.027183503,-0.038789943
1760635038535,0.023365596,0.030848695,-0.042455133
1760635038537,0.029626964,0.038026363,-0.044898596
1760635038540,0.025961773,0.044135015,-0.04627304
1760635038542,0.025961773,0.05024367,-0.047494773
1760635038544,0.023518313,0.05390886,-0.04627304
1760635038546,0.020005837,0.06001751,-0.04627304
1760635038549,0.020005837,0.06856962,-0.04642576
1760635038551,0.012675454,0.07360926,-0.04153884
1760635038553,0.010231993,0.07727446,-0.037873644
1760635038555,0.0053450707,0.07971791,-0.034208454
1760635038558,-7.6358154E-4,0.082161374,-0.029321533
1760635038560,-0.004428773,0.082161374,-0.021991149
1760635038562,-0.010537425,0.08093964,-0.015882496
1760635038564,-0.0154243475,0.08109236,-0.008552114
1760635038567,-0.020463986,0.07742717,1.5271631E-4
1760635038569,-0.025350908,0.072540246,0.0062613687
1760635038571,-0.027947085,0.0664316,0.016035212
1760635038574,-0.031612277,0.059253927,0.020922136
1760635038576,-0.030390546,0.05177083,0.030848695
1760635038578,-0.034208454,0.03848451,0.036957346
1760635038580,-0.03191771,0.031154128,0.040775254
1760635038583,-0.033292156,0.017715093,0.04444045
1760635038585,-0.030848695,0.0030543262,0.048258353
1760635038587,-0.031001411,-0.005497787,0.049480084
1760635038589,-0.02855795,-0.015271631,0.051923547
1760635038592,-0.023823744,-0.027488936,0.05207626
1760635038594,-0.018936822,-0.03726278,0.04841107
1760635038596,-0.015271631,-0.04337143,0.04718934
1760635038598,-0.010537425,-0.051923547,0.04352415
1760635038601,-0.0056505036,-0.05681047,0.038789943
1760635038603,-7.6358154E-4,-0.06047566,0.03634648
1760635038606,0.0053450707,-0.06414085,0.03145956
1760635038608,0.010231993,-0.066737026,0.025350908
1760635038609,0.017715093,-0.066737026,0.022907447
1760635038612,0.025045475,-0.064446285,0.020463986
1760635038615,0.027641652,-0.058337633,0.0154243475
1760635038616,0.031306844,-0.05467244,0.0154243475
1760635038619,0.03756821,-0.05100725,0.014202617
1760635038621,0.041233405,-0.043829583,0.010537425
1760635038623,0.043829583,-0.0364992,0.01038471
1760635038625,0.047647487,-0.028099801,0.01160644
1760635038628,0.05131268,-0.02321288,0.01282817
1760635038630,0.05390886,-0.013439035,0.012675454
1760635038632,0.056505036,-0.007483099,0.015118915
1760635038634,0.057726767,-0.0038179078,0.016340645
1760635038637,0.060322944,0.005955936,0.020005837
1760635038639,0.0627664,0.00580322,0.022449298
1760635038641,0.06414085,0.013133603,0.024740042
1760635038644,0.06414085,0.015577064,0.027183503
1760635038646,0.070249505,0.015577064,0.029626964
1760635038648,0.07040222,0.019089539,0.032070424
1760635038650,0.07162395,0.021533,0.034513887
1760635038653,0.07162395,0.02031127,0.036957346
1760635038655,0.07040222,0.02031127,0.04062254
1760635038657,0.07040222,0.02031127,0.04550946
1760635038659,0.06918049,0.019089539,0.04917465
1760635038662,0.06795876,0.02031127,0.050396383
1760635038664,0.06307184,0.018020526,0.054061573
1760635038668,0.059253927,0.015577064,0.05665775
1760635038669,0.055588737,0.011911872,0.060322944
1760635038671,0.050549097,0.009468411,0.06154467
1760635038673,0.041996986,0.010842858,0.063988134
1760635038675,0.043218717,0.008399397,0.0664316
1760635038678,0.03573562,0.0047342055,0.06765333
1760635038680,0.032070424,-0.0,0.0664316
1760635038682,0.028252518,-0.0,0.0664316
1760635038685,0.022143865,-0.0012217305,0.06887506
1760635038688,0.015882496,-0.0047342055,0.069027774
1760635038690,0.012217305,-0.005955936,0.069027774
1760635038693,0.007330383,-0.0106901415,0.069027774
1760635038693,0.004886922,-0.008246681,0.069027774
1760635038696,0.0022907446,-0.0106901415,0.070249505
1760635038698,-0.0062613687,-0.013133603,0.07147124
1760635038700,-0.0062613687,-0.0106901415,0.07269296
1760635038702,-0.007483099,-0.008246681,0.07391469
1760635038704,-0.012370021,-0.009315695,0.07513642
1760635038707,-0.014966198,-0.009315695,0.07147124
1760635038709,-0.01985312,-0.009315695,0.07269296
1760635038711,-0.02107485,-0.011759156,0.07147124
1760635038713,-0.022296581,-0.01038471,0.070249505
1760635038716,-0.023518313,-0.009162978,0.070249505
1760635038718,-0.027183503,-0.007941248,0.069027774
1760635038720,-0.025961773,-0.009162978,0.06536258
1760635038723,-0.02855795,-0.007941248,0.06291912
1760635038725,-0.02977968,-0.01038471,0.06047566
1760635038727,-0.027183503,-0.0067195175,0.0580322
1760635038730,-0.025961773,-0.004276057,0.05681047
1760635038732,-0.024740042,-0.005497787,0.054367006
1760635038734,-0.022296581,-0.0018325958,0.051923547
1760635038737,-0.016187929,-0.0032070426,0.049480084
1760635038739,-0.0125227375,-0.0032070426,0.048258353
1760635038741,-0.010079277,-0.004428773,0.044593163
1760635038743,-0.0050396384,-0.0056505036,0.040927973
1760635038745,0.0022907446,-0.009315695,0.03604105
1760635038748,0.0071776668,-0.011911872,0.03481932
1760635038750,0.010842858,-0.0143553335,0.029932396
1760635038752,0.01817324,-0.016798794,0.025045475
1760635038755,0.024281893,-0.020463986,0.021380283
1760635038757,0.027947085,-0.020616703,0.016493361
1760635038759,0.034055736,-0.023060163,0.01282817
1760635038761,0.03772093,-0.026725354,0.009162978
1760635038764,0.04260785,-0.026725354,0.0067195175
1760635038766,0.04642576,-0.025503624,0.0018325958
1760635038768,0.04886922,-0.026725354,-0.0030543262
1760635038771,0.051159963,-0.029168816,-0.0067195175
1760635038773,0.05375614,-0.028099801,-0.014049901
1760635038775,0.057421334,-0.02565634,-0.015271631
1760635038778,0.057421334,-0.021991149,-0.020158553
1760635038780,0.056199603,-0.021991149,-0.023823744
1760635038782,0.056199603,-0.018325957,-0.026267206
1760635038784,0.05375614,-0.01817324,-0.032375857
1760635038786,0.05497787,-0.010995574,-0.033750303
1760635038788,0.052534413,-0.0096211275,-0.036193766
1760635038791,0.05131268,-0.008399397,-0.037415497
1760635038793,0.05009095,-0.0047342055,-0.036193766
1760635038795,0.04886922,-0.0047342055,-0.034972034
1760635038798,0.043982297,-0.0010690142,-0.033750303
1760635038800,0.040317107,0.0038179078,-0.032528576
1760635038802,0.03924809,0.0050396384,-0.030085113
1760635038805,0.03436117,0.007483099,-0.025198191
1760635038807,0.029474247,0.012370021,-0.021533
1760635038809,0.025809057,0.017256944,-0.016798794
1760635038812,0.020922136,0.024587326,-0.011911872
1760635038814,0.014813482,0.030848695,-0.008246681
1760635038816,0.012370021,0.03573562,-0.004581489
1760635038818,0.008857546,0.043066,-9.162979E-4
1760635038820,0.003970624,0.054061573,0.0013744468
1760635038823,0.0016798794,0.061391957,0.0062613687
1760635038825,-7.6358154E-4,0.06505715,0.00870483
1760635038827,-0.0032070426,0.0711658,0.011148291
1760635038829,6.1086525E-4,0.0759,0.016035212
1760635038832,0.0030543262,0.078343466,0.012217305
1760635038834,0.0018325958,0.08445212,0.009773844
1760635038836,0.004428773,0.08689558,0.008552114
1760635038839,0.006872234,0.094225965,0.0061086523
1760635038841,0.013133603,0.09896017,0.0036651916
1760635038843,0.01695151,0.10751228,0.0035124752
1760635038845,0.019394971,0.11591168,-0.0013744468
1760635038848,0.02076942,0.123242065,-0.0038179078
1760635038850,0.02565634,0.12935072,-0.003970624
1760635038852,0.030695979,0.13164146,-0.005192355
1760635038855,0.03191771,0.13652839,-0.006414085
1760635038857,0.034513887,0.14508049,-0.005192355
1760635038859,0.038331795,0.15225816,-0.0053450707
1760635038862,0.040775254,0.15836681,-0.0053450707
1760635038864,0.03970624,0.16447547,-0.0041233404
1760635038866,0.03970624,0.16814066,-0.00290161
1760635038868,0.03726278,0.1742493,-4.5814895E-4
1760635038871,0.03848451,0.17302758,0.0032070426
1760635038873,0.03848451,0.17302758,0.006872234
1760635038876,0.03604105,0.17180584,0.009315695
1760635038877,0.03359759,0.17180584,0.011759156
1760635038880,0.02977968,0.16325374,0.014202617
1760635038882,0.02611449,0.15607607,0.02031127
1760635038884,0.023518313,0.15118915,0.020463986
1760635038886,0.01863139,0.14508049,0.021685716
1760635038889,0.010995574,0.1330159,0.025350908
1760635038891,0.005955936,0.12217305,0.029168816
1760635038893,-0.0027488936,0.112399206,0.031612277
1760635038896,-0.009010263,0.09789115,0.030543262
1760635038898,-0.016493361,0.083383106,0.034208454
1760635038900,-0.027794369,0.06765333,0.03436117
1760635038903,-0.031612277,0.05177083,0.038179077
1760635038905,-0.04046982,0.03481932,0.04062254
1760635038907,-0.04795292,0.02031127,0.04444045
1760635038909,-0.053145275,0.0033597588,0.048258353
1760635038911,-0.058184914,-0.016187929,0.049480084
1760635038915,-0.06704246,-0.03680463,0.05085453
1760635038916,-0.07345655,-0.057421334,0.05100725
1760635038919,-0.07849618,-0.07315111,0.051159963
1760635038920,-0.08353582,-0.086437434,0.047494773
1760635038923,-0.08735373,-0.09865474,0.04886922
1760635038925,-0.09117164,-0.10949759,0.043982297
1760635038927,-0.09254608,-0.11804971,0.04153884
1760635038929,-0.091477074,-0.1253801,0.03680463
1760635038932,-0.091477074,-0.13271047,0.03436117
1760635038934,-0.08781188,-0.13881913,0.030695979
1760635038936,-0.082924955,-0.14248432,0.024587326
1760635038938,-0.076816306,-0.14614952,0.018478673
1760635038941,-0.07192938,-0.14859296,0.011148291
1760635038944,-0.064599,-0.15103643,0.007483099
1760635038945,-0.056046885,-0.14996742,-0.0010690142
1760635038948,-0.049785517,-0.14874569,-0.0047342055
1760635038950,-0.042455133,-0.14889841,-0.010842858
1760635038952,-0.032528576,-0.14156802,-0.013286319
1760635038954,-0.026419923,-0.13805555,-0.018325957
1760635038956,-0.016493361,-0.13072516,-0.02321288
1760635038959,-0.005192355,-0.12110403,-0.02565634
1760635038961,-1.5271631E-4,-0.11026118,-0.027030786
1760635038963,0.0061086523,-0.10048734,-0.030695979
1760635038966,0.00992656,-0.087201014,-0.032070424
1760635038968,0.016187929,-0.07513642,-0.030848695
1760635038970,0.020005837,-0.06658431,-0.032223143
1760635038973,0.020005837,-0.054367006,-0.032223143
1760635038975,0.021380283,-0.041080687,-0.032223143
1760635038977,0.021533,-0.028863383,-0.031154128
1760635038980,0.019242255,-0.019089539,-0.027488936
1760635038982,0.019242255,-0.008093964,-0.028863383
1760635038984,0.019394971,0.0027488936,-0.026419923
1760635038986,0.019547688,0.008857546,-0.025198191
1760635038988,0.02076942,0.014966198,-0.021533
1760635038990,0.019700404,0.02107485,-0.019242255
1760635038992,0.018478673,0.024740042,-0.015577064
1760635038995,0.019700404,0.025961773,-0.015577064
1760635038997,0.02107485,0.03191771,-0.0106901415
1760635038999,0.02107485,0.03313944,-0.0070249503
1760635039002,0.01863139,0.03313944,-0.0033597588
1760635039004,0.01740966,0.03191771,-9.162979E-4
1760635039007,0.017256944,0.028252518,0.003970624
1760635039009,0.018478673,0.027030786,0.003970624
1760635039011,0.019700404,0.023365596,0.006414085
1760635039013,0.018478673,0.017256944,0.007788532
1760635039016,0.017104227,0.011301007,0.007788532
1760635039018,0.017104227,0.003970624,0.007788532
1760635039020,0.01450805,-0.0021380284,0.0041233404
1760635039022,0.013286319,-0.0106901415,0.0030543262
1760635039024,0.009468411,-0.012980887,0.0018325958
1760635039026,0.0070249503,-0.019089539,-0.0018325958
1760635039029,0.0032070426,-0.027488936,-6.1086525E-4
1760635039031,-0.0018325958,-0.029932396,-0.004276057
1760635039034,-0.0067195175,-0.0346666,-0.0065668016
1760635039036,-0.012980887,-0.040775254,-0.007788532
1760635039038,-0.018020526,-0.04428773,-0.012675454
1760635039041,-0.020463986,-0.04917465,-0.012675454
1760635039043,-0.025503624,-0.050396383,-0.015118915
1760635039045,-0.031612277,-0.05024367,-0.017562376
1760635039047,-0.03772093,-0.049021937,-0.016340645
1760635039050,-0.04260785,-0.042913284,-0.015118915
1760635039052,-0.04627304,-0.038026363,-0.013897184
1760635039054,-0.051159963,-0.036651913,-0.013897184
1760635039056,-0.054825157,-0.030543262,-0.011453724
1760635039059,-0.057268616,-0.028099801,-0.007788532
1760635039061,-0.06093381,-0.021991149,-0.005497787
1760635039063,-0.06078109,-0.017104227,-0.0018325958
1760635039065,-0.06078109,-0.011148291,0.004276057
1760635039068,-0.06078109,-0.007483099,0.0067195175
1760635039070,-0.058184914,-0.0038179078,0.01038471
1760635039072,-0.056963183,-1.5271631E-4,0.015271631
1760635039074,-0.050701816,0.0021380284,0.018936822
1760635039077,-0.048258353,0.00580322,0.021227567
1760635039079,-0.045662176,0.012980887,0.02611449
1760635039081,-0.040775254,0.011759156,0.02855795
1760635039083,-0.03573562,0.012980887,0.031001411
1760635039086,-0.033292156,0.014202617,0.02977968
1760635039088,-0.028405234,0.014049901,0.031001411
1760635039090,-0.024740042,0.014049901,0.02977968
1760635039092,-0.019700404,0.014049901,0.02977968
1760635039095,-0.017256944,0.014049901,0.02611449
1760635039097,-0.016035212,0.011453724,0.02611449
1760635039100,-0.013591751,0.012675454,0.02367103
1760635039102,-0.011148291,0.010231993,0.021227567
1760635039104,-0.00870483,0.0065668016,0.016340645
1760635039106,-0.00870483,0.010231993,0.013897184
1760635039108,-0.0062613687,0.007788532,0.011453724
1760635039111,-0.006414085,0.0041233404,0.007788532
1760635039113,-0.003970624,0.0016798794,0.0041233404
1760635039115,-0.005192355,-0.0018325958,0.00290161
1760635039118,-0.005192355,-0.0067195175,-6.1086525E-4
1760635039119,-0.003970624,-0.0067195175,-0.005497787
1760635039122,-0.0053450707,-0.009162978,-0.0067195175
1760635039124,-0.0053450707,-0.01160644,-0.007941248
1760635039127,-0.0041233404,-0.015271631,-0.01038471
1760635039129,-0.007788532,-0.015271631,-0.01160644
1760635039131,-0.0067195175,-0.023823744,-0.01282817
1760635039134,-0.0067195175,-0.023823744,-0.01282817
1760635039136,-0.007941248,-0.02611449,-0.014049901
1760635039138,-0.007941248,-0.031001411,-0.01282817
1760635039140,-0.009315695,-0.0346666,-0.013897184
1760635039143,-0.009315695,-0.038331795,-0.015118915
1760635039145,-0.009315695,-0.043218717,-0.013897184
1760635039147,-0.009315695,-0.04444045,-0.015118915
1760635039150,-0.0106901415,-0.04810564,-0.015118915
1760635039151,-0.009468411,-0.04810564,-0.016340645
1760635039154,-0.0106901415,-0.050549097,-0.016340645
1760635039156,-0.008246681,-0.04932737,-0.017562376
1760635039159,-0.00580322,-0.05177083,-0.017562376
1760635039161,4.5814895E-4,-0.05177083,-0.020005837
1760635039163,0.0053450707,-0.054367006,-0.021227567
1760635039166,0.010231993,-0.048258353,-0.021227567
1760635039168,0.014049901,-0.049480084,-0.021227567
1760635039169,0.016493361,-0.047036625,-0.02367103
1760635039172,0.022602014,-0.049632803,-0.02367103
1760635039174,0.028863383,-0.04596761,-0.024892759
1760635039177,0.034972034,-0.043676864,-0.024892759
1760635039179,0.038789943,-0.041233405,-0.025045475
1760635039181,0.041233405,-0.03634648,-0.027488936
1760635039184,0.044898596,-0.03634648,-0.027488936
1760635039186,0.044898596,-0.03283401,-0.025045475
1760635039188,0.048716504,-0.025503624,-0.026267206
1760635039190,0.05009095,-0.020616703,-0.026267206
1760635039193,0.04520403,-0.01572978,-0.02275473
1760635039195,0.043982297,-0.0071776668,-0.02275473
1760635039197,0.042913284,1.5271631E-4,-0.019089539
1760635039199,0.04046982,0.0038179078,-0.0154243475
1760635039202,0.03680463,0.012370021,-0.010537425
1760635039203,0.033292156,0.020922136,-0.0070249503
1760635039206,0.023518313,0.028252518,-0.0033597588
1760635039208,0.02107485,0.03680463,0.0027488936
1760635039211,0.021227567,0.041691553,0.0076358155
1760635039212,0.017562376,0.046578474,0.013744468
1760635039215,0.007788532,0.05024367,0.018478673
1760635039217,0.0041233404,0.051465396,0.025809057
1760635039219,-7.6358154E-4,0.05390886,0.03313944
1760635039221,-0.0056505036,0.057726767,0.03924809
1760635039224,-0.009468411,0.055283304,0.045356743
1760635039226,-0.0143553335,0.056505036,0.051465396
1760635039228,-0.015577064,0.052839845,0.057726767
1760635039230,-0.018020526,0.04550946,0.061391957
1760635039233,-0.020616703,0.043066,0.06505715
1760635039235,-0.020616703,0.03940081,0.06994407
1760635039237,-0.02687807,0.032223143,0.06887506
1760635039240,-0.02687807,0.02733622,0.072540246
1760635039242,-0.028252518,0.020005837,0.072540246
1760635039244,-0.03313944,0.01160644,0.071318515
1760635039247,-0.034513887,0.009162978,0.07009678
1760635039249,-0.03573562,0.0030543262,0.069027774
1760635039251,-0.035888333,-0.0067195175,0.06658431
1760635039253,-0.038331795,-0.009010263,0.06291912
1760635039256,-0.03970624,-0.016340645,0.05681047
1760635039258,-0.040927973,-0.017562376,0.053145275
1760635039260,-0.04230242,-0.023518313,0.04718934
1760635039262,-0.039858956,-0.027183503,0.044745877
1760635039265,-0.03863723,-0.028405234,0.041080687
1760635039267,-0.037415497,-0.028405234,0.037415497
1760635039269,-0.037415497,-0.029626964,0.032528576
1760635039271,-0.036193766,-0.027183503,0.030085113
1760635039274,-0.033750303,-0.024892759,0.027641652
1760635039276,-0.032528576,-0.02367103,0.027488936
1760635039278,-0.026267206,-0.022449298,0.022602014
1760635039281,-0.027488936,-0.017562376,0.022602014
1760635039283,-0.025045475,-0.013897184,0.021380283
1760635039285,-0.021227567,-0.007941248,0.021380283
1760635039288,-0.018784106,-0.0067195175,0.021380283
1760635039290,-0.016187929,-0.004276057,0.022602014
1760635039292,-0.008857546,4.5814895E-4,0.02367103
1760635039294,-0.0050396384,4.5814895E-4,0.024892759
1760635039297,-0.0025961774,-7.6358154E-4,0.024892759
1760635039299,0.0022907446,3.0543262E-4,0.02733622
1760635039301,0.005955936,0.0015271631,0.02855795
1760635039304,0.009773844,3.0543262E-4,0.032223143
1760635039306,0.014660766,1.5271631E-4,0.035888333
1760635039308,0.017104227,0.0013744468,0.0346666
1760635039310,0.019547688,1.5271631E-4,0.037110064
1760635039313,0.021991149,-0.005955936,0.038331795
1760635039315,0.02321288,-0.008399397,0.03726278
1760635039317,0.02687807,-0.008399397,0.03726278
1760635039319,0.02687807,-0.012064588,0.03481932
1760635039321,0.03176499,-0.01817324,0.03359759
1760635039324,0.035430185,-0.023060163,0.032375857
1760635039326,0.0364992,-0.031612277,0.027488936
1760635039329,0.0364992,-0.0364992,0.023823744
1760635039331,0.03894266,-0.04138612,0.02275473
1760635039333,0.03634648,-0.04627304,0.019089539
1760635039335,0.03634648,-0.04505131,0.012980887
1760635039337,0.038789943,-0.043829583,0.0056505036
1760635039339,0.034972034,-0.04734206,0.001985312
1760635039342,0.033750303,-0.048563786,-0.0016798794
1760635039344,0.032528576,-0.043676864,-0.009010263
1760635039346,0.030085113,-0.038789943,-0.014049901
1760635039349,0.03023783,-0.035124753,-0.015271631
1760635039351,0.027794369,-0.03268129,-0.018936822
1760635039354,0.025198191,-0.031306844,-0.022602014
1760635039355,0.025350908,-0.027641652,-0.025045475
1760635039358,0.024129177,-0.021533,-0.028710667
1760635039360,0.020463986,-0.02031127,-0.028710667
1760635039362,0.018020526,-0.01786781,-0.031154128
1760635039365,0.019242255,-0.014202617,-0.031154128
1760635039367,0.015577064,-0.010537425,-0.031306844
1760635039369,0.013133603,-0.010537425,-0.028863383
1760635039371,0.011911872,-0.011759156,-0.025045475
1760635039374,0.013133603,-0.008093964,-0.021533
1760635039376,0.012064588,-0.001985312,-0.019089539
1760635039378,0.0106901415,-0.0056505036,-0.014202617
1760635039380,0.008399397,-0.0032070426,-0.008093964
1760635039383,0.0047342055,-7.6358154E-4,4.5814895E-4
1760635039385,0.0010690142,-7.6358154E-4,0.0065668016
1760635039387,-0.0015271631,-0.001985312,0.015118915
1760635039390,-0.0050396384,0.00290161,0.022449298
1760635039392,-0.00992656,0.00290161,0.02855795
1760635039394,-0.016035212,0.007788532,0.038331795
1760635039396,-0.019700404,0.010231993,0.041996986
1760635039398,-0.024587326,0.015271631,0.04810564
1760635039401,-0.03191771,0.020158553,0.05177083
1760635039403,-0.03436117,0.022602014,0.05665775
1760635039406,-0.04046982,0.028710667,0.06154467
1760635039408,-0.042913284,0.03359759,0.0627664
1760635039410,-0.049021937,0.03604105,0.065209866
1760635039412,-0.052687127,0.037415497,0.06383542
1760635039415,-0.05513059,0.03863723,0.06261369
1760635039417,-0.05879578,0.037415497,0.059101213
1760635039419,-0.057726767,0.034972034,0.059101213
1760635039421,-0.056505036,0.033750303,0.05299256
1760635039424,-0.052839845,0.033750303,0.046883907
1760635039426,-0.050396383,0.027641652,0.041996986
1760635039428,-0.04550946,0.025198191,0.0346666
1760635039430,-0.043066,0.02031127,0.02855795
1760635039433,-0.032070424,0.01786781,0.021227567
1760635039435,-0.027183503,0.01160644,0.016340645
1760635039437,-0.01740966,0.004276057,0.011453724
1760635039440,-0.011301007,6.1086525E-4,0.0053450707
1760635039442,-0.005192355,-0.005497787,6.1086525E-4
1760635039444,0.0033597588,-0.006872234,-0.0018325958
1760635039446,0.011911872,-0.011759156,-0.0067195175
1760635039449,0.016798794,-0.011759156,-0.01160644
1760635039450,0.020463986,-0.015577064,-0.014049901
1760635039454,0.021685716,-0.0143553335,-0.016493361
1760635039455,0.025503624,-0.0143553335,-0.017715093
1760635039458,0.029168816,-0.011911872,-0.01786781
1760635039460,0.030390546,-0.008246681,-0.01786781
1760635039462,0.032986723,-0.0047342055,-0.019089539
1760635039465,0.029321533,3.0543262E-4,-0.01786781
1760635039467,0.028099801,0.0015271631,-0.016646078
1760635039469,0.028099801,3.0543262E-4,-0.014202617
1760635039471,0.030543262,0.0062613687,-0.012980887
1760635039474,0.030695979,0.00870483,-0.011759156
1760635039476,0.028252518,0.011148291,-0.010537425
1760635039478,0.025809057,0.011148291,-0.008093964
1760635039480,0.028252518,0.011148291,-0.006872234
1760635039483,0.029474247,0.013591751,-0.0032070426
1760635039485,0.03191771,0.014813482,-7.6358154E-4
1760635039488,0.032070424,0.018478673,-9.162979E-4
1760635039489,0.033292156,0.018478673,3.0543262E-4
1760635039492,0.033292156,0.017256944,0.0015271631
1760635039494,0.03573562,0.018325957,0.0027488936
1760635039496,0.038179077,0.021991149,0.0015271631
1760635039498,0.03940081,0.02443461,0.0015271631
1760635039501,0.043218717,0.02565634,3.0543262E-4
1760635039503,0.04444045,0.02565634,3.0543262E-4
1760635039508,0.045662176,0.030390546,-9.162979E-4
1760635039508,0.04810564,0.03283401,3.0543262E-4
1760635039510,0.048258353,0.035277467,-9.162979E-4
1760635039513,0.054367006,0.035277467,-0.0021380284
1760635039515,0.0580322,0.030390546,-0.004581489
1760635039518,0.06169739,0.021838432,-0.0021380284
1760635039519,0.0664316,0.015577064,-0.0033597588
1760635039521,0.06887506,0.008246681,-7.6358154E-4
1760635039524,0.07376198,0.004581489,4.5814895E-4
1760635039526,0.07376198,-0.0027488936,0.00290161
1760635039528,0.07742717,-0.0076358155,0.0065668016
1760635039530,0.076052725,-0.014966198,0.013897184
1760635039532,0.076052725,-0.01740966,0.018784106
1760635039535,0.0711658,-0.022296581,0.026267206
1760635039537,0.07360926,-0.027183503,0.031154128
1760635039539,0.0711658,-0.028405234,0.03970624
1760635039541,0.06612616,-0.03680463,0.048258353
1760635039544,0.061239243,-0.038026363,0.0580322
1760635039546,0.056199603,-0.041691553,0.06795876
1760635039548,0.05009095,-0.045356743,0.0777326
1760635039551,0.043829583,-0.05009095,0.08628472
1760635039552,0.035277467,-0.05497787,0.09239337
1760635039555,0.03023783,-0.06337727,0.09743301
1760635039557,0.02275473,-0.07315111,0.10720685
1760635039560,0.014049901,-0.08032878,0.11224649
1760635039562,0.0065668016,-0.086437434,0.11713341
1760635039564,-0.004581489,-0.09483683,0.1207986
1760635039567,-0.009468411,-0.099571034,0.123242065
1760635039570,-0.01695151,-0.10567969,0.12339478
1760635039571,-0.02076942,-0.11530081,0.12705997
1760635039573,-0.029474247,-0.1226312,0.12583824
1760635039576,-0.03573562,-0.12980886,0.123547494
1760635039577,-0.041996986,-0.13698652,0.12232576
1760635039580,-0.04444045,-0.14553864,0.12110403
1760635039582,-0.048258353,-0.15042557,0.11881329
1760635039585,-0.048258353,-0.1563815,0.1151481
1760635039587,-0.04718934,-0.15760323,0.112704635
1760635039589,-0.04596761,-0.16249016,0.11026118
1760635039591,-0.04352415,-0.16493362,0.10781772
1760635039594,-0.041080687,-0.16264287,0.105374254
1760635039596,-0.03604105,-0.15775596,0.098043874
1760635039598,-0.032375857,-0.15286903,0.093004234
1760635039600,-0.02855795,-0.1479821,0.08689558
1760635039603,-0.024892759,-0.13958271,0.0795652
1760635039605,-0.01863139,-0.13225232,0.07467828
1760635039607,-0.013591751,-0.1226312,0.07086037
1760635039610,-0.004886922,-0.11407909,0.064751714
1760635039611,0.0013744468,-0.10567969,0.06093381
1760635039614,0.0076358155,-0.09712757,0.054825157
1760635039616,0.014966198,-0.09117164,0.049938235
1760635039618,0.021380283,-0.07788532,0.048563786
1760635039622,0.030085113,-0.0693332,0.042455133
1760635039623,0.038789943,-0.05971208,0.039858956
1760635039625,0.04260785,-0.04627304,0.03863723
1760635039627,0.047647487,-0.036651913,0.03726278
1760635039629,0.05375614,-0.029474247,0.03726278
1760635039632,0.05390886,-0.017256944,0.040927973
1760635039634,0.060170226,-0.011148291,0.041996986
1760635039636,0.0627664,-0.0076358155,0.04444045
1760635039638,0.063988134,-0.0027488936,0.045662176
1760635039641,0.063988134,0.0021380284,0.04932737
1760635039643,0.06154467,0.0033597588,0.05299256
1760635039645,0.06169739,0.00580322,0.05665775
1760635039647,0.059101213,0.0033597588,0.060322944
1760635039650,0.055436023,0.0021380284,0.060322944
1760635039652,0.050549097,-0.0013744468,0.0627664
1760635039654,0.046731193,-0.0013744468,0.0627664
1760635039657,0.03940081,-0.0062613687,0.06154467
1760635039659,0.03680463,-0.010995574,0.06169739
1760635039661,0.029321533,-0.018325957,0.06169739
1760635039663,0.023060163,-0.023060163,0.059253927
1760635039665,0.015577064,-0.03145956,0.059406646
1760635039668,0.008246681,-0.035124753,0.055741455
1760635039670,-6.1086525E-4,-0.04596761,0.05085453
1760635039673,-0.006872234,-0.053145275,0.044745877
1760635039675,-0.011759156,-0.0580322,0.042455133
1760635039677,-0.020463986,-0.060322944,0.038789943
1760635039679,-0.022907447,-0.0627664,0.03268129
1760635039681,-0.026725354,-0.06261369,0.026572637
1760635039684,-0.030390546,-0.06627888,0.021685716
1760635039686,-0.029168816,-0.067500606,0.015577064
1760635039688,-0.026725354,-0.067500606,0.0106901415
1760635039691,-0.02687807,-0.06872234,0.0070249503
1760635039693,-0.020616703,-0.06627888,0.0021380284
1760635039695,-0.01817324,-0.06505715,-0.003970624
1760635039697,-0.012064588,-0.06505715,-0.010079277
1760635039700,-0.0021380284,-0.0627664,-0.0125227375
1760635039702,3.0543262E-4,-0.060322944,-0.017562376
1760635039704,0.005192355,-0.059253927,-0.020005837
1760635039707,0.011453724,-0.055588737,-0.021227567
1760635039709,0.020158553,-0.05207626,-0.024892759
1760635039711,0.022602014,-0.04841107,-0.02855795
1760635039713,0.027488936,-0.04718934,-0.02733622
1760635039715,0.030085113,-0.04230242,-0.02977968
1760635039718,0.034972034,-0.038789943,-0.031154128
1760635039720,0.038789943,-0.035124753,-0.032375857
1760635039722,0.03756821,-0.0290161,-0.032375857
1760635039724,0.04016439,-0.021685716,-0.031154128
1760635039727,0.04260785,-0.019394971,-0.03481932
1760635039729,0.04016439,-0.012064588,-0.036193766
1760635039731,0.042760566,-0.0071776668,-0.036193766
1760635039734,0.042760566,-0.0047342055,-0.037415497
1760635039736,0.039095376,-0.0010690142,-0.039858956
1760635039738,0.040317107,0.0038179078,-0.041080687
1760635039740,0.04046982,0.00870483,-0.041080687
1760635039743,0.037873644,0.00992656,-0.044745877
1760635039745,0.038026363,0.013591751,-0.044898596
1760635039747,0.038026363,0.017256944,-0.044898596
1760635039749,0.03680463,0.019700404,-0.046120327
1760635039752,0.0355829,0.022143865,-0.04734206
1760635039754,0.0355829,0.023365596,-0.046120327
1760635039756,0.0355829,0.023365596,-0.05100725
1760635039759,0.03313944,0.027030786,-0.049785517
1760635039761,0.03436117,0.025809057,-0.05222898
1760635039763,0.03313944,0.024587326,-0.05222898
1760635039765,0.030695979,0.024740042,-0.05222898
1760635039767,0.0355829,0.022143865,-0.05222898
1760635039770,0.0355829,0.017256944,-0.05100725
1760635039772,0.03313944,0.01740966,-0.049785517
1760635039774,0.034208454,0.014966198,-0.049785517
1760635039777,0.03176499,0.010079277,-0.04718934
1760635039779,0.03176499,0.008857546,-0.04841107
1760635039781,0.029321533,0.006414085,-0.044745877
1760635039783,0.021838432,0.0027488936,-0.041080687
1760635039786,0.023060163,-0.0033597588,-0.037415497
1760635039788,0.018020526,-0.0056505036,-0.034972034
1760635039790,0.011911872,-0.008093964,-0.032528576
1760635039793,0.006872234,-0.014049901,-0.031154128
1760635039795,-4.5814895E-4,-0.014049901,-0.029932396
1760635039797,-0.0067195175,-0.020005837,-0.027488936
1760635039799,-0.015271631,-0.021227567,-0.026267206
1760635039802,-0.02397646,-0.023518313,-0.026267206
1760635039804,-0.03023783,-0.024740042,-0.025045475
1760635039806,-0.038789943,-0.028252518,-0.026267206
1760635039809,-0.04627304,-0.03191771,-0.02367103
1760635039811,-0.051159963,-0.029321533,-0.024892759
1760635039813,-0.058643065,-0.030543262,-0.024892759
1760635039815,-0.06352998,-0.03283401,-0.02733622
1760635039818,-0.065973446,-0.034055736,-0.02733622
1760635039820,-0.07223482,-0.03772093,-0.02611449
1760635039822,-0.078343466,-0.035124753,-0.02611449
1760635039824,-0.08093964,-0.03756821,-0.031001411
1760635039827,-0.078343466,-0.038789943,-0.02855795
1760635039829,-0.083383106,-0.040011674,-0.02855795
1760635039831,-0.08460484,-0.038789943,-0.02855795
1760635039834,-0.08200866,-0.03634648,-0.02855795
1760635039836,-0.0795652,-0.03390302,-0.02855795
1760635039838,-0.08200866,-0.03145956,-0.02977968
1760635039840,-0.078343466,-0.03268129,-0.02977968
1760635039843,-0.07345655,-0.030390546,-0.02855795
1760635039845,-0.07086037,-0.029168816,-0.02977968
1760635039848,-0.065973446,-0.021838432,-0.027488936
1760635039850,-0.062155537,-0.021991149,-0.025045475
1760635039852,-0.05971208,-0.017104227,-0.021380283
1760635039854,-0.05100725,-0.017256944,-0.023823744
1760635039856,-0.04734206,-0.013591751,-0.022602014
1760635039859,-0.041080687,-0.013591751,-0.020158553
1760635039861,-0.033750303,-0.008857546,-0.018936822
1760635039863,-0.031306844,-0.011301007,-0.017715093
1760635039865,-0.027488936,-0.007788532,-0.015271631
1760635039868,-0.020158553,-0.0065668016,-0.014049901
1760635039870,-0.016340645,-0.0065668016,-0.01282817
1760635039872,-0.012675454,-0.007941248,-0.01282817
1760635039874,-0.007788532,-0.007941248,-0.01038471
1760635039877,-0.0016798794,-0.01160644,-0.009162978
1760635039879,-4.5814895E-4,-0.017715093,-0.009162978
1760635039882,0.0032070426,-0.025045475,-0.007941248
1760635039883,0.0018325958,-0.031154128,-0.0067195175
1760635039886,0.0018325958,-0.03970624,-0.0053450707
1760635039888,-0.001985312,-0.045814894,-0.00290161
1760635039890,-0.001985312,-0.050701816,-0.0053450707
1760635039893,-0.004581489,-0.05665775,-0.0053450707
1760635039895,-0.008246681,-0.060322944,-0.005192355
1760635039897,-0.012064588,-0.065209866,-0.005192355
1760635039900,-0.017104227,-0.07849618,-0.003970624
1760635039902,-0.024587326,-0.08689558,-0.0038179078
1760635039904,-0.024587326,-0.093004234,-0.0050396384
1760635039906,-0.028405234,-0.10399981,-0.0038179078
1760635039908,-0.032223143,-0.111177474,-0.007330383
1760635039911,-0.032375857,-0.12217305,-0.009773844
1760635039913,-0.03863723,-0.13057245,-0.012217305
1760635039915,-0.039858956,-0.13790283,-0.01572978
1760635039918,-0.038789943,-0.14645495,-0.01817324
1760635039920,-0.04016439,-0.15363261,-0.021838432
1760635039922,-0.04138612,-0.15363261,-0.026725354
1760635039925,-0.04260785,-0.1572978,-0.030390546
1760635039927,-0.04138612,-0.160963,-0.034055736
1760635039929,-0.03772093,-0.15974127,-0.034055736
1760635039931,-0.04016439,-0.15851954,-0.0364992
1760635039933,-0.0364992,-0.15363261,-0.03772093
1760635039935,-0.03268129,-0.15012014,-0.03894266
1760635039938,-0.027641652,-0.14156802,-0.04016439
1760635039940,-0.02397646,-0.13439035,-0.04153884
1760635039942,-0.017715093,-0.12705997,-0.042760566
1760635039945,-0.010231993,-0.12110403,-0.040317107
1760635039947,-0.003970624,-0.11133019,-0.03924809
1760635039949,0.0022907446,-0.10781772,-0.038026363
1760635039951,0.009773844,-0.09697486,-0.038026363
1760635039954,0.020922136,-0.09101892,-0.03940081
1760635039956,0.027183503,-0.07880162,-0.038179077
1760635039958,0.031001411,-0.06918049,-0.037110064
1760635039960,0.03970624,-0.061850104,-0.035888333
1760635039963,0.049632803,-0.05100725,-0.0346666
1760635039965,0.056046885,-0.035277467,-0.03359759
1760635039967,0.062308256,-0.028099801,-0.03604105
1760635039970,0.06841691,-0.019547688,-0.03863723
1760635039972,0.069791354,-0.013439035,-0.03863723
1760635039974,0.074830994,-0.0050396384,-0.037415497
1760635039976,0.079870634,0.004581489,-0.038789943
1760635039979,0.08353582,0.013133603,-0.041233405
1760635039981,0.08735373,0.020463986,-0.042455133
1760635039983,0.09117164,0.027641652,-0.044898596
1760635039985,0.0936151,0.033750303,-0.047494773
1760635039988,0.09621128,0.04352415,-0.049938235
1760635039990,0.09758572,0.049632803,-0.051159963
1760635039992,0.09758572,0.055588737,-0.05375614
1760635039995,0.103847094,0.06047566,-0.056199603
1760635039997,0.10262536,0.06658431,-0.057421334
1760635039999,0.10262536,0.069027774,-0.058643065
1760635040001,0.10262536,0.07147124,-0.058643065
1760635040004,0.10262536,0.07391469,-0.058643065
1760635040006,0.10522154,0.076358154,-0.058643065
1760635040008,0.10644327,0.076358154,-0.057421334
1760635040011,0.10522154,0.077579886,-0.058643065
1760635040013,0.10399981,0.077579886,-0.056199603
1760635040015,0.09896017,0.076358154,-0.052534413
1760635040017,0.09773844,0.07391469,-0.05131268
1760635040020,0.095294975,0.07513642,-0.047647487
1760635040022,0.087964594,0.075289145,-0.04520403
1760635040024,0.082924955,0.07162395,-0.04153884
1760635040027,0.076816306,0.07284568,-0.037873644
1760635040028,0.070554934,0.06811147,-0.032986723
1760635040031,0.063224554,0.06566802,-0.030543262
1760635040033,0.055741455,0.06093381,-0.027947085
1760635040036,0.05085453,0.057268616,-0.023060163
1760635040038,0.040927973,0.05131268,-0.01817324
1760635040040,0.032223143,0.04642576,-0.01572978
1760635040042,0.024740042,0.04046982,-0.011911872
1760635040045,0.01863139,0.03436117,-0.009468411
1760635040047,0.00992656,0.032070424,-0.00580322
1760635040049,0.0012217305,0.02733622,-0.0033597588
1760635040052,-0.004886922,0.024892759,-9.162979E-4
1760635040054,-0.012370021,0.018936822,0.00290161
1760635040056,-0.016035212,0.016493361,0.007788532
1760635040058,-0.01985312,0.014049901,0.009010263
1760635040061,-0.02107485,0.01160644,0.011453724
1760635040063,-0.02107485,0.0030543262,0.013897184
1760635040065,-0.022296581,0.0030543262,0.016340645
1760635040067,-0.02367103,-0.0030543262,0.018936822
1760635040069,-0.017562376,-0.007941248,0.020158553
1760635040072,-0.015118915,-0.01160644,0.023823744
1760635040074,-0.011453724,-0.01282817,0.023823744
1760635040077,-0.006414085,-0.012980887,0.026267206
1760635040078,-0.00290161,-0.02031127,0.028710667
1760635040081,0.0021380284,-0.02031127,0.031154128
1760635040083,0.00580322,-0.02397646,0.032375857
1760635040085,0.0070249503,-0.026419923,0.032375857
1760635040087,0.011911872,-0.03268129,0.033750303
1760635040090,0.016646078,-0.040011674,0.033750303
1760635040092,0.02031127,-0.048563786,0.036193766
1760635040095,0.026419923,-0.0571159,0.036193766
1760635040096,0.028863383,-0.06566802,0.03634648
1760635040099,0.03359759,-0.07666359,0.03756821
1760635040101,0.03481932,-0.0852157,0.03634648
1760635040103,0.035888333,-0.09254608,0.0364992
1760635040106,0.037110064,-0.09865474,0.034055736
1760635040108,0.036957346,-0.10476339,0.035277467
1760635040110,0.036957346,-0.10720685,0.035277467
1760635040113,0.03573562,-0.11209377,0.035277467
1760635040115,0.033292156,-0.11560625,0.0364992
1760635040117,0.029474247,-0.12293663,0.036651913
1760635040119,0.02687807,-0.12904528,0.032986723
1760635040121,0.02443461,-0.1337795,0.032986723
1760635040124,0.024281893,-0.13744467,0.03176499
1760635040126,0.019394971,-0.14355333,0.028252518
1760635040128,0.0143553335,-0.14828753,0.025809057
1760635040131,0.012980887,-0.15561792,0.024587326
1760635040133,0.010537425,-0.15806139,0.020922136
1760635040136,0.009315695,-0.16157386,0.019700404
1760635040138,0.009315695,-0.16279559,0.018478673
1760635040140,0.0067195175,-0.16768251,0.014813482
1760635040142,0.004276057,-0.16890424,0.012370021
1760635040144,0.0018325958,-0.17134771,0.013744468
1760635040147,0.0016798794,-0.17256944,0.013744468
1760635040149,0.0016798794,-0.17256944,0.014966198
1760635040151,4.5814895E-4,-0.17363845,0.013744468
1760635040154,-0.001985312,-0.17363845,0.01863139
1760635040156,-0.0032070426,-0.16997325,0.02107485
1760635040158,-0.0030543262,-0.16875152,0.023518313
1760635040160,-0.005497787,-0.16630806,0.025961773
1760635040163,-0.0067195175,-0.1591304,0.028252518
1760635040165,-0.0065668016,-0.1518,0.03436117
1760635040167,-0.010231993,-0.1469131,0.03924809
1760635040169,-0.013897184,-0.14080444,0.045356743
1760635040172,-0.013897184,-0.14080444,0.051465396
1760635040175,-0.014966198,-0.13591751,0.05390886
1760635040177,-0.01863139,-0.13103059,0.061086524
1760635040178,-0.01985312,-0.12858713,0.065973446
1760635040182,-0.020922136,-0.121256754,0.0720821
1760635040183,-0.022143865,-0.11759156,0.07696902
1760635040185,-0.027030786,-0.11026118,0.08307768
1760635040187,-0.030695979,-0.10293079,0.08552113
1760635040190,-0.035430185,-0.09315695,0.09025534
1760635040192,-0.040317107,-0.089491755,0.0926988
1760635040194,-0.042760566,-0.07971791,0.09514226
1760635040197,-0.047494773,-0.07360926,0.09636399
1760635040199,-0.052381694,-0.067500606,0.094989546
1760635040201,-0.054825157,-0.058948494,0.093767814
1760635040203,-0.058490347,-0.04917465,0.09254608
1760635040205,-0.06704246,-0.041691553,0.09254608
1760635040207,-0.06688975,-0.03680463,0.09117164
1760635040210,-0.06811147,-0.023365596,0.08506299
1760635040212,-0.070554934,-0.019700404,0.081397794
1760635040214,-0.07040222,-0.013591751,0.0777326
1760635040216,-0.069027774,-0.0015271631,0.07269296
1760635040219,-0.070249505,0.004581489,0.06658431
1760635040221,-0.06658431,0.011911872,0.06154467
1760635040223,-0.0627664,0.021685716,0.055436023
1760635040226,-0.058948494,0.030085113,0.04810564
1760635040228,-0.051618114,0.032528576,0.041996986
1760635040230,-0.046578474,0.03863723,0.03573562
1760635040232,-0.036651913,0.044593163,0.029626964
1760635040235,-0.028099801,0.04932737,0.023518313
1760635040237,-0.020616703,0.055436023,0.016035212
1760635040239,-0.0106901415,0.061391957,0.011148291
1760635040241,-7.6358154E-4,0.067500606,0.00992656
1760635040244,0.005497787,0.07345655,0.0038179078
1760635040246,0.015271631,0.07819075,-0.0
1760635040248,0.02275473,0.08307768,-0.0036651916
1760635040250,0.03145956,0.08659015,-0.004886922
1760635040253,0.03634648,0.09025534,-0.0061086523
1760635040255,0.04505131,0.09132435,-0.008552114
1760635040257,0.047494773,0.09621128,-0.00992656
1760635040260,0.05131268,0.09987647,-0.012370021
1760635040262,0.05497787,0.104610674,-0.012370021
1760635040264,0.052534413,0.10842858,-0.012370021
1760635040266,0.052687127,0.111941054,-0.012370021
1760635040269,0.044135015,0.116980694,-0.00870483
1760635040271,0.037873644,0.11575896,-0.0062613687
1760635040273,0.030543262,0.11835514,-0.0025961774
1760635040275,0.01695151,0.1207986,-0.0038179078
1760635040278,0.0035124752,0.12217305,0.0022907446
1760635040280,-0.015118915,0.11866058,0.005955936
1760635040282,-0.03481932,0.11285736,0.0096211275
1760635040284,-0.05589417,0.10567969,0.013439035
1760635040287,-0.07819075,0.094989546,0.017104227
1760635040289,-0.099265605,0.08307768,0.019700404
1760635040291,-0.12156218,0.069791354,0.022296581
1760635040294,-0.14263703,0.05421429,0.025961773
1760635040296,-0.16126843,0.037415497,0.02977968
1760635040298,-0.17989981,0.025350908,0.032375857
1760635040300,-0.19975294,0.01450805,0.03481932
1760635040303,-0.21960606,-0.0022907446,0.036193766
1760635040305,-0.2321288,-0.016798794,0.040011674
1760635040307,-0.2434298,-0.032528576,0.041233405
1760635040310,-0.25579983,-0.0421497,0.04505131
1760635040312,-0.2657264,-0.05177083,0.047494773
1760635040314,-0.27198774,-0.06505715,0.05131268
1760635040317,-0.27580565,-0.06994407,0.05131268
1760635040319,-0.27580565,-0.08093964,0.05375614
1760635040321,-0.2759584,-0.089491755,0.05390886
1760635040323,-0.27473664,-0.09315695,0.051465396
1760635040325,-0.27488935,-0.09666943,0.049021937
1760635040328,-0.26984972,-0.09682214,0.044135015
1760635040330,-0.26251933,-0.09315695,0.041691553
1760635040332,-0.25503623,-0.087201014,0.037873644
1760635040334,-0.2499966,-0.08231409,0.035430185
1760635040337,-0.24129178,-0.07513642,0.032986723
1760635040339,-0.2302962,-0.07162395,0.029321533
1760635040341,-0.2191479,-0.06429356,0.025503624
1760635040343,-0.20540343,-0.0571159,0.020616703
1760635040346,-0.19058995,-0.049938235,0.018020526
1760635040348,-0.1769982,-0.040317107,0.0143553335
1760635040350,-0.15958855,-0.034513887,0.011911872
1760635040353,-0.1421789,-0.021227567,0.010537425
1760635040356,-0.12492194,-0.01038471,0.004428773
1760635040357,-0.10751228,-0.0033597588,0.0018325958
1760635040359,-0.08903361,0.0062613687,0.0030543262
1760635040362,-0.06918049,0.012064588,4.5814895E-4
1760635040364,-0.050549097,0.021685716,4.5814895E-4
1760635040366,-0.029626964,0.026419923,-0.001985312
1760635040368,-0.012217305,0.0346666,-0.0021380284
1760635040371,0.0038179078,0.043066,-0.0021380284
1760635040373,0.018784106,0.05513059,-0.005955936
1760635040375,0.032375857,0.062308256,-0.008399397
1760635040377,0.046120327,0.069485925,-0.009773844
1760635040380,0.058490347,0.07788532,-0.012217305
1760635040382,0.06719518,0.088728175,-0.013439035
1760635040385,0.0759,0.09590584,-0.016035212
1760635040387,0.08093964,0.1020145,-0.020922136
1760635040389,0.08827003,0.10552697,-0.023365596
1760635040391,0.09193522,0.10308351,-0.025809057
1760635040393,0.09819659,0.1067487,-0.027030786
1760635040396,0.10186178,0.1067487,-0.029474247
1760635040399,0.10430524,0.1067487,-0.03191771
1760635040401,0.1067487,0.106595986,-0.03436117
1760635040403,0.10919216,0.10415252,-0.0355829
1760635040405,0.10919216,0.098043874,-0.0355829
1760635040407,0.10797043,0.09697486,-0.03436117
1760635040409,0.10781772,0.09086621,-0.0355829
1760635040412,0.105374254,0.08964448,-0.0355829
1760635040414,0.10170906,0.087201014,-0.03313944
1760635040416,0.100334615,0.08231409,-0.032986723
1760635040418,0.100334615,0.07376198,-0.029321533
1760635040420,0.096516706,0.07269296,-0.029321533
1760635040423,0.09162979,0.07147124,-0.02565634
1760635040425,0.089186326,0.06780604,-0.02321288
1760635040427,0.08659015,0.06536258,-0.02076942
1760635040430,0.08170322,0.059406646,-0.01695151
1760635040432,0.075594574,0.059406646,-0.01695151
1760635040434,0.07544186,0.05207626,-0.013286319
1760635040437,0.06918049,0.042455133,-0.010842858
1760635040439,0.066737026,0.038789943,-0.008399397
1760635040441,0.06291912,0.03634648,-0.00580322
1760635040443,0.06047566,0.030390546,-0.0033597588
1760635040446,0.055588737,0.027947085,-0.0021380284
1760635040448,0.05299256,0.024281893,3.0543262E-4
1760635040450,0.05177083,0.023060163,0.003970624
1760635040453,0.050549097,0.019394971,0.006414085
1760635040455,0.045662176,0.019547688,0.008857546
1760635040457,0.041996986,0.02321288,0.011301007
1760635040459,0.039553523,0.02443461,0.014966198
1760635040461,0.034513887,0.02321288,0.014966198
1760635040464,0.032070424,0.021991149,0.01863139
1760635040466,0.029626964,0.018325957,0.022296581
1760635040468,0.025809057,0.013591751,0.02733622
1760635040471,0.019700404,0.00992656,0.02611449
1760635040473,0.014660766,0.00870483,0.02611449
1760635040476,0.013439035,0.0027488936,0.02733622
1760635040478,0.010842858,-0.0033597588,0.02733622
1760635040480,0.005955936,-0.009468411,0.025045475
1760635040482,0.004581489,-0.014202617,0.022602014
1760635040484,0.004581489,-0.021533,0.021380283
1760635040486,0.001985312,-0.027641652,0.018936822
1760635040489,-4.5814895E-4,-0.031154128,0.017715093
1760635040491,0.0018325958,-0.03604105,0.012980887
1760635040493,-6.1086525E-4,-0.03848451,0.009315695
1760635040495,-0.0018325958,-0.04337143,0.008093964
1760635040498,-0.001985312,-0.045814894,0.0056505036
1760635040500,-7.6358154E-4,-0.047036625,0.0032070426
1760635040502,4.5814895E-4,-0.049480084,7.6358154E-4
1760635040504,0.00290161,-0.050701816,-4.5814895E-4
1760635040507,4.5814895E-4,-0.048258353,-0.0016798794
1760635040509,0.0018325958,-0.04337143,-0.00290161
1760635040511,0.004276057,-0.040927973,-0.0041233404
1760635040514,0.0030543262,-0.03726278,-0.0041233404
1760635040516,0.0056505036,-0.029932396,-0.005497787
1760635040518,0.006872234,-0.025198191,-0.0067195175
1760635040520,0.0070249503,-0.0154243475,-0.005497787
1760635040523,0.009468411,-0.006872234,-0.0056505036
1760635040526,0.010842858,-7.6358154E-4,-0.0056505036
1760635040528,0.008399397,0.0065668016,-0.006872234
1760635040530,0.010995574,0.011301007,-0.006872234
1760635040532,0.012217305,0.01863139,-0.0056505036
1760635040534,0.011148291,0.024740042,-0.0033597588
1760635040537,0.00992656,0.030848695,-0.0021380284
1760635040539,0.011301007,0.03940081,-0.0021380284
1760635040541,0.013744468,0.041691553,-0.0033597588
1760635040543,0.014966198,0.044135015,-9.162979E-4
1760635040546,0.016340645,0.05024367,-0.0010690142
1760635040548,0.0125227375,0.049021937,-0.0022907446
1760635040550,0.015118915,0.05513059,-0.0022907446
1760635040553,0.016340645,0.06001751,-0.0010690142
1760635040555,0.015118915,0.05879578,1.5271631E-4
1760635040557,0.015118915,0.061239243,1.5271631E-4
1760635040559,0.016340645,0.06246097,-0.0010690142
1760635040561,0.017562376,0.06001751,-0.0010690142
1760635040563,0.023823744,0.06352998,-0.0047342055
1760635040566,0.025045475,0.061086524,-0.0035124752
1760635040569,0.028710667,0.057421334,-0.005955936
1760635040571,0.032375857,0.05375614,-0.0071776668
1760635040573,0.03481932,0.05497787,-0.010842858
1760635040575,0.03604105,0.05131268,-0.0096211275
1760635040577,0.03970624,0.05131268,-0.010842858
1760635040580,0.040927973,0.05131268,-0.010842858
1760635040582,0.040927973,0.052534413,-0.012064588
1760635040584,0.04337143,0.054825157,-0.012064588
1760635040587,0.044593163,0.054825157,-0.012064588
1760635040589,0.044745877,0.057268616,-0.013286319
1760635040591,0.03970624,0.057421334,-0.013286319
1760635040593,0.03726278,0.059864793,-0.013286319
1760635040596,0.03359759,0.065973446,-0.013286319
1760635040598,0.028710667,0.06963864,-0.012064588
1760635040600,0.023823744,0.0720821,-0.009773844
1760635040602,0.015271631,0.078343466,-0.008552114
1760635040605,0.01160644,0.08200866,-0.0061086523
1760635040607,0.007941248,0.08200866,-0.0061086523
1760635040609,-0.0032070426,0.07971791,-0.0012217305
1760635040611,-0.009315695,0.07971791,-0.0
1760635040614,-0.016646078,0.07742717,0.0025961774
1760635040616,-0.024129177,0.071318515,0.0062613687
1760635040618,-0.030390546,0.06658431,0.011148291
1760635040621,-0.039095376,0.06047566,0.013591751
1760635040623,-0.04520403,0.058184914,0.016187929
1760635040625,-0.05390886,0.05085453,0.01863139
1760635040627,-0.056505036,0.042455133,0.023518313
1760635040630,-0.063988134,0.035124753,0.02611449
1760635040632,-0.0664316,0.0290161,0.031001411
1760635040634,-0.07269296,0.025503624,0.033444874
1760635040636,-0.07391469,0.01695151,0.0346666
1760635040639,-0.07895433,0.012064588,0.037110064
1760635040641,-0.07895433,0.0036651916,0.03481932
1760635040643,-0.079107046,-0.004886922,0.03604105
1760635040645,-0.082924955,-0.009773844,0.03604105
1760635040648,-0.08170322,-0.014660766,0.03481932
1760635040650,-0.08170322,-0.02321288,0.032528576
1760635040652,-0.08307768,-0.029168816,0.028863383
1760635040654,-0.0842994,-0.027947085,0.02397646
1760635040656,-0.08307768,-0.034055736,0.02275473
1760635040659,-0.07819075,-0.03772093,0.019089539
1760635040661,-0.07574729,-0.03772093,0.019089539
1760635040664,-0.07574729,-0.03894266,0.0154243475
1760635040666,-0.07086037,-0.039095376,0.011759156
1760635040668,-0.06841691,-0.039095376,0.006872234
1760635040670,-0.065973446,-0.037873644,0.0056505036
1760635040673,-0.065973446,-0.039095376,0.0032070426
1760635040675,-0.061086524,-0.035430185,7.6358154E-4
1760635040677,-0.056046885,-0.032986723,-0.0016798794
1760635040679,-0.048716504,-0.03191771,-0.00290161
1760635040682,-0.043676864,-0.028252518,-0.0041233404
1760635040684,-0.03863723,-0.02107485,-0.005497787
1760635040686,-0.032528576,-0.016187929,-0.004276057
1760635040688,-0.026267206,-0.015118915,-0.005497787
1760635040691,-0.020005837,-0.0065668016,-0.004276057
1760635040694,-0.011453724,-0.005497787,-0.004276057
1760635040696,-0.005192355,-0.004276057,-0.0032070426
1760635040698,-0.0015271631,4.5814895E-4,-0.001985312
1760635040700,0.0047342055,0.0053450707,-7.6358154E-4
1760635040702,0.012217305,0.008857546,-7.6358154E-4
1760635040705,0.017104227,0.011301007,4.5814895E-4
1760635040707,0.022143865,0.017256944,0.0016798794
1760635040709,0.023365596,0.023365596,3.0543262E-4
1760635040711,0.028405234,0.028252518,0.0015271631
1760635040713,0.030848695,0.03176499,3.0543262E-4
1760635040715,0.032223143,0.039095376,0.0015271631
1760635040718,0.0346666,0.042760566,0.0015271631
1760635040721,0.035888333,0.043982297,1.5271631E-4
1760635040723,0.03726278,0.047647487,0.0013744468
1760635040724,0.03848451,0.054825157,0.0025961774
1760635040727,0.03604105,0.05375614,0.0025961774
1760635040729,0.03604105,0.05497787,0.0025961774
1760635040731,0.036193766,0.062155537,0.0038179078
1760635040733,0.03481932,0.058490347,0.0062613687
1760635040736,0.033750303,0.06093381,0.007483099
1760635040738,0.03359759,0.05971208,0.007483099
1760635040741,0.032375857,0.056199603,0.00870483
1760635040742,0.03481932,0.053603426,0.00992656
1760635040745,0.03481932,0.051159963,0.012370021
1760635040747,0.03604105,0.047494773,0.012370021
1760635040749,0.033444874,0.043982297,0.00992656
1760635040752,0.032223143,0.04520403,0.00992656
1760635040754,0.032223143,0.042760566,0.011301007
1760635040756,0.033444874,0.039095376,0.010079277
1760635040758,0.032223143,0.037873644,0.0125227375
1760635040761,0.02977968,0.034208454,0.011301007
1760635040763,0.027183503,0.028252518,0.011301007
1760635040765,0.022296581,0.025809057,0.010079277
1760635040768,0.017256944,0.022143865,0.011301007
1760635040770,0.014813482,0.01985312,0.010231993
1760635040772,0.009773844,0.014966198,0.009010263
1760635040775,0.0036651916,0.01740966,0.0065668016
1760635040777,-0.0013744468,0.016340645,0.0053450707
1760635040779,-0.0062613687,0.018784106,0.0041233404
1760635040781,-0.013591751,0.020158553,0.0041233404
1760635040783,-0.022296581,0.021380283,0.0016798794
1760635040786,-0.025961773,0.022602014,0.0041233404
1760635040788,-0.028405234,0.023823744,0.00290161
1760635040791,-0.03573562,0.02031127,0.0065668016
1760635040793,-0.036957346,0.021533,0.0041233404
1760635040795,-0.038331795,0.019089539,0.00290161
1760635040797,-0.039553523,0.0154243475,0.0041233404
1760635040799,-0.038331795,0.012980887,4.5814895E-4
1760635040802,-0.035888333,0.010537425,4.5814895E-4
1760635040804,-0.0346666,0.004428773,4.5814895E-4
1760635040806,-0.0346666,0.0032070426,0.0016798794
1760635040808,-0.02733622,-0.00290161,6.1086525E-4
1760635040811,-0.022449298,-0.0065668016,0.0018325958
1760635040813,-0.018936822,-0.012675454,-0.0018325958
1760635040815,-0.016493361,-0.013897184,-6.1086525E-4
1760635040818,-0.014049901,-0.016340645,-0.0030543262
1760635040820,-0.009162978,-0.020158553,-0.0030543262
1760635040822,-0.007941248,-0.028710667,-0.0018325958
1760635040825,-0.0018325958,-0.029932396,-0.005497787
1760635040827,0.0018325958,-0.03359759,-0.007941248
1760635040829,0.005497787,-0.03481932,-0.01038471
1760635040831,0.007941248,-0.03970624,-0.012675454
1760635040834,0.009162978,-0.03970624,-0.015118915
1760635040836,0.01160644,-0.040927973,-0.018784106
1760635040838,0.01038471,-0.03848451,-0.022449298
1760635040841,0.01160644,-0.03726278,-0.025045475
1760635040843,0.016493361,-0.03863723,-0.02733622
1760635040846,0.016646078,-0.033750303,-0.027488936
1760635040847,0.019089539,-0.034972034,-0.031154128
1760635040850,0.0154243475,-0.032375857,-0.03481932
1760635040851,0.014202617,-0.027488936,-0.03726278
1760635040854,0.016646078,-0.026419923,-0.03604105
1760635040856,0.019089539,-0.02275473,-0.03726278
1760635040858,0.020463986,-0.02031127,-0.03848451
1760635040861,0.019242255,-0.014202617,-0.03726278
1760635040863,0.020463986,-0.012980887,-0.03848451
1760635040866,0.019242255,-0.010537425,-0.036193766
1760635040868,0.019242255,-0.006872234,-0.033750303
1760635040870,0.019394971,-0.004428773,-0.030085113
1760635040872,0.020616703,3.0543262E-4,-0.026419923
1760635040874,0.020616703,0.005192355,-0.02275473
1760635040877,0.02076942,0.006414085,-0.021533
1760635040880,0.02321288,0.011301007,-0.01786781
1760635040881,0.025809057,0.014813482,-0.012980887
1760635040884,0.027030786,0.017256944,-0.008246681
1760635040885,0.028252518,0.020922136,-0.00580322
1760635040888,0.024587326,0.023365596,-0.0021380284
1760635040890,0.025809057,0.022143865,0.0015271631
1760635040892,0.025809057,0.022143865,0.0027488936
1760635040895,0.027030786,0.020922136,0.006414085
1760635040897,0.027183503,0.024587326,0.006414085
1760635040900,0.028405234,0.023365596,0.010079277
1760635040902,0.025961773,0.022143865,0.010079277
1760635040904,0.022143865,0.023365596,0.011301007
1760635040906,0.016035212,0.023365596,0.014966198
1760635040909,0.01740966,0.027030786,0.01740966
1760635040911,0.011148291,0.030695979,0.01740966
1760635040913,0.0050396384,0.032070424,0.01863139
1760635040915,-0.0010690142,0.032070424,0.02107485
1760635040918,-0.0071776668,0.033444874,0.01985312
1760635040920,-0.017104227,0.032223143,0.02107485
1760635040923,-0.02443461,0.03726278,0.02107485
1760635040924,-0.03191771,0.03359759,0.02107485
1760635040926,-0.03680463,0.03848451,0.023518313
1760635040929,-0.045356743,0.039858956,0.02107485
1760635040931,-0.051618114,0.04230242,0.02107485
1760635040934,-0.057726767,0.042455133,0.01985312
1760635040935,-0.06383542,0.046120327,0.022296581
1760635040938,-0.06872234,0.04734206,0.02107485
1760635040940,-0.07238753,0.049785517,0.024740042
1760635040943,-0.076052725,0.053603426,0.023518313
1760635040945,-0.08093964,0.054825157,0.024740042
1760635040947,-0.08597928,0.054825157,0.027183503
1760635040949,-0.08460484,0.057268616,0.028405234
1760635040952,-0.09330966,0.05497787,0.034513887
1760635040954,-0.094531395,0.056199603,0.034513887
1760635040956,-0.095753126,0.056199603,0.032070424
1760635040958,-0.09697486,0.056199603,0.034513887
1760635040961,-0.095753126,0.05375614,0.033292156
1760635040963,-0.09697486,0.052534413,0.030848695
1760635040965,-0.09590584,0.047647487,0.029626964
1760635040968,-0.09468412,0.05009095,0.025961773
1760635040970,-0.093462385,0.042760566,0.023518313
1760635040972,-0.093462385,0.04153884,0.01863139
1760635040974,-0.092240654,0.037873644,0.015118915
1760635040977,-0.08735373,0.037873644,0.010231993
1760635040979,-0.086132,0.037873644,0.003970624
1760635040981,-0.08246681,0.035430185,-0.004428773
1760635040983,-0.07895433,0.029321533,-0.006872234
1760635040986,-0.07391469,0.029321533,-0.014202617
1760635040988,-0.07284568,0.02565634,-0.02275473
1760635040990,-0.06795876,0.02321288,-0.030085113
1760635040992,-0.060628377,0.021838432,-0.034972034
1760635040995,-0.054367006,0.023060163,-0.041080687
1760635040997,-0.049480084,0.023060163,-0.04841107
1760635040999,-0.0421497,0.020616703,-0.053297993
1760635041001,-0.033444874,0.020463986,-0.056963183
1760635041004,-0.02611449,0.021685716,-0.062002823
1760635041006,-0.020005837,0.019089539,-0.06566802
1760635041008,-0.011301007,0.02397646,-0.06811147
1760635041011,-0.003970624,0.022602014,-0.070554934
1760635041013,0.0035124752,0.022602014,-0.0729984
1760635041015,0.010842858,0.02367103,-0.071776666
1760635041018,0.017104227,0.02733622,-0.071776666
1760635041020,0.02076942,0.02611449,-0.070554934
1760635041022,0.02565634,0.028405234,-0.0693332
1760635041024,0.030695979,0.030848695,-0.06811147
1760635041027,0.034513887,0.0355829,-0.064446285
1760635041029,0.038179077,0.0355829,-0.063224554
1760635041031,0.03573562,0.0355829,-0.05955936
1760635041034,0.038179077,0.03924809,-0.05971208
1760635041036,0.03573562,0.03924809,-0.056046885
1760635041038,0.036957346,0.04046982,-0.052381694
1760635041040,0.03573562,0.04046982,-0.048716504
1760635041043,0.034513887,0.038026363,-0.04734206
1760635041045,0.034513887,0.03436117,-0.043676864
1760635041046,0.03436117,0.028252518,-0.042455133
1760635041049,0.03313944,0.023365596,-0.038789943
1760635041051,0.028252518,0.01985312,-0.03756821
1760635041054,0.02687807,0.013744468,-0.03634648
1760635041056,0.020616703,0.0076358155,-0.033750303
1760635041058,0.01817324,0.003970624,-0.031306844
1760635041060,0.01572978,-0.0032070426,-0.028863383
1760635041063,0.011911872,-0.010537425,-0.026267206
1760635041065,0.010537425,-0.01786781,-0.026267206
1760635041067,0.0056505036,-0.021380283,-0.023823744
1760635041069,0.005497787,-0.028710667,-0.021380283
1760635041072,0.004276057,-0.03481932,-0.021380283
1760635041074,0.0018325958,-0.03726278,-0.018784106
1760635041076,-7.6358154E-4,-0.0421497,-0.018784106
1760635041078,-0.0032070426,-0.046883907,-0.018784106
1760635041081,-0.0032070426,-0.050549097,-0.016340645
1760635041083,-0.0032070426,-0.050549097,-0.012675454
1760635041085,-0.004581489,-0.05299256,-0.011453724
1760635041088,-0.004428773,-0.046883907,-0.009010263
1760635041090,-0.0056505036,-0.046883907,-0.0065668016
1760635041092,-0.0032070426,-0.044593163,-0.00290161
1760635041094,-0.009315695,-0.041996986,7.6358154E-4
1760635041096,-0.009315695,-0.03726278,0.0032070426
1760635041099,-0.007941248,-0.028710667,0.0067195175
1760635041101,-0.009162978,-0.027488936,0.01160644
1760635041104,-0.007788532,-0.023823744,0.018936822
1760635041106,-0.009010263,-0.020158553,0.020158553
1760635041108,-0.007788532,-0.014049901,0.020158553
1760635041111,-0.006414085,-0.010537425,0.022602014
1760635041113,-0.008857546,-0.0056505036,0.023823744
1760635041114,-0.0025961774,4.5814895E-4,0.02611449
1760635041117,-0.0050396384,4.5814895E-4,0.031001411
1760635041119,-0.0050396384,0.007788532,0.032223143
1760635041122,-0.002443461,0.010079277,0.0346666
1760635041124,-0.0012217305,0.011301007,0.0346666
1760635041126,-0.002443461,0.0125227375,0.035888333
1760635041128,-0.0012217305,0.013744468,0.038331795
1760635041131,0.0012217305,0.016187929,0.039553523
1760635041133,0.002443461,0.01740966,0.039553523
1760635041135,0.0012217305,0.016187929,0.040775254
1760635041138,0.0050396384,0.01863139,0.039553523
1760635041140,0.0038179078,0.01740966,0.039553523
1760635041142,0.0062613687,0.016187929,0.040775254
1760635041144,0.004886922,0.016187929,0.035888333
1760635041147,0.007483099,0.01985312,0.035888333
1760635041149,0.00870483,0.022143865,0.035888333
1760635041151,0.0062613687,0.027030786,0.034513887
1760635041153,0.0062613687,0.028252518,0.033292156
1760635041156,0.007483099,0.027030786,0.032070424
1760635041158,0.006414085,0.03313944,0.030848695
1760635041160,0.0076358155,0.038026363,0.029626964
1760635041163,0.0076358155,0.042913284,0.030848695
1760635041165,0.009010263,0.047800206,0.029626964
1760635041167,0.009010263,0.049021937,0.028405234
1760635041169,0.009010263,0.051465396,0.025809057
1760635041171,0.010231993,0.052687127,0.027030786
1760635041174,0.011453724,0.056352317,0.027030786
1760635041176,0.012675454,0.056352317,0.027030786
1760635041178,0.010231993,0.06001751,0.028252518
1760635041180,0.01038471,0.06246097,0.029474247
1760635041183,0.01160644,0.064751714,0.029474247
1760635041186,0.01160644,0.062308256,0.03191771
1760635041187,0.01282817,0.06352998,0.03436117
1760635041190,0.01282817,0.059864793,0.03924809
1760635041193,0.014049901,0.057421334,0.041691553
1760635041195,0.01160644,0.05497787,0.044135015
1760635041197,0.01282817,0.052534413,0.047800206
1760635041198,0.011453724,0.04520403,0.051618114
1760635041200,0.011453724,0.04153884,0.055283304
1760635041203,0.0065668016,0.04046982,0.057726767
1760635041205,0.005192355,0.038026363,0.060170226
1760635041207,0.0015271631,0.03191771,0.06383542
1760635041210,-9.162979E-4,0.030695979,0.060170226
1760635041212,-0.0022907446,0.028252518,0.06505715
1760635041214,-0.0035124752,0.024740042,0.065209866
1760635041216,-0.0096211275,0.024740042,0.065209866
1760635041219,-0.012217305,0.02107485,0.06154467
1760635041221,-0.012217305,0.01740966,0.060322944
1760635041223,-0.015882496,0.015118915,0.05787948
1760635041225,-0.016035212,0.015118915,0.05421429
1760635041228,-0.013591751,0.011453724,0.050549097
1760635041230,-0.00992656,0.007788532,0.046883907
1760635041232,-0.0062613687,0.0041233404,0.04444045
1760635041235,-0.0050396384,4.5814895E-4,0.037110064
1760635041237,-1.5271631E-4,4.5814895E-4,0.032223143
1760635041239,0.005955936,-9.162979E-4,0.02733622
1760635041241,0.0096211275,-0.0070249503,0.022602014
1760635041244,0.01450805,-0.013133603,0.017715093
1760635041246,0.021838432,-0.013133603,0.014049901
1760635041248,0.026725354,-0.0143553335,0.007941248
1760635041251,0.031612277,-0.01817324,0.005497787
1760635041253,0.035277467,-0.01817324,6.1086525E-4
1760635041255,0.043982297,-0.019394971,-0.0030543262
1760635041258,0.04642576,-0.020616703,-0.004276057
1760635041259,0.04520403,-0.01572978,-0.0067195175
1760635041262,0.04886922,-0.015882496,-0.004276057
1760635041264,0.05009095,-0.012217305,-0.0056505036
1760635041266,0.052687127,-0.0061086523,-0.004428773
1760635041269,0.05024367,0.0012217305,-0.001985312
1760635041271,0.04917465,0.0061086523,-7.6358154E-4
1760635041273,0.04795292,0.012217305,0.0016798794
1760635041275,0.043066,0.018325957,0.0076358155
1760635041278,0.040775254,0.02443461,0.010079277
1760635041280,0.037110064,0.030543262,0.014966198
1760635041282,0.031001411,0.036651913,0.01863139
1760635041284,0.02611449,0.042760566,0.022296581
1760635041287,0.018784106,0.05131268,0.027030786
1760635041289,0.015271631,0.059864793,0.029474247
1760635041291,0.007941248,0.06719518,0.0355829
1760635041294,-6.1086525E-4,0.07467828,0.04046982
1760635041296,-0.0067195175,0.08200866,0.043982297
1760635041298,-0.013897184,0.093004234,0.04642576
1760635041301,-0.021227567,0.09789115,0.05131268
1760635041303,-0.02977968,0.10903945,0.052534413
1760635041305,-0.031001411,0.1151481,0.054825157
1760635041307,-0.0346666,0.11636983,0.056046885
1760635041310,-0.040775254,0.12370021,0.057268616
1760635041312,-0.045662176,0.12736541,0.058490347
1760635041314,-0.046883907,0.12980886,0.056046885
1760635041316,-0.04428773,0.13713925,0.056046885
1760635041319,-0.04550946,0.14202617,0.054825157
1760635041321,-0.046731193,0.14569137,0.05467244
1760635041323,-0.046578474,0.1518,0.05467244
1760635041325,-0.04046982,0.15775596,0.05222898
1760635041327,-0.036651913,0.1638646,0.04734206
1760635041330,-0.032986723,0.16508633,0.046120327
1760635041332,-0.026725354,0.16982053,0.04352415
1760635041335,-0.021838432,0.172264,0.041080687
1760635041337,-0.011911872,0.17104226,0.036193766
1760635041339,-0.004581489,0.17333302,0.033750303
1760635041341,0.0053450707,0.17928895,0.028863383
1760635041344,0.017715093,0.18280143,0.026419923
1760635041346,0.028863383,0.18891008,0.022602014
1760635041348,0.040011674,0.18997909,0.018936822
1760635041351,0.053603426,0.19226983,0.017715093
1760635041353,0.06582073,0.1957823,0.015271631
1760635041355,0.07941248,0.1956296,0.015271631
1760635041358,0.09666943,0.19181168,0.015271631
1760635041361,0.10903945,0.18936823,0.014049901
1760635041362,0.12492194,0.1853976,0.015271631
1760635041364,0.13973543,0.18051068,0.01282817
1760635041366,0.15332718,0.1779145,0.014049901
1760635041369,0.16554448,0.17287487,0.016493361
1760635041371,0.1777618,0.16783522,0.017715093
1760635041374,0.18768835,0.16294831,0.017715093
1760635041375,0.19746219,0.1591304,0.021380283
1760635041378,0.20616703,0.1591304,0.021380283
1760635041380,0.2098322,0.15653422,0.022602014
1760635041382,0.21471913,0.15653422,0.022602014
1760635041385,0.2171626,0.1553125,0.022602014
1760635041386,0.2171626,0.15042557,0.022602014
1760635041389,0.21960606,0.1479821,0.021533
1760635041392,0.2182316,0.14309518,0.02031127
1760635041394,0.21945333,0.14309518,0.019089539
1760635041395,0.22067507,0.14065172,0.019089539
1760635041398,0.21700987,0.13698652,0.016646078
1760635041400,0.2144137,0.13347405,0.012980887
1760635041402,0.21319197,0.12980886,0.012980887
1760635041405,0.2144137,0.12614368,0.010537425
1760635041407,0.2144137,0.12492194,0.008093964
1760635041410,0.21181752,0.122478485,0.004428773
1760635041412,0.20937407,0.117744274,0.0021380284
1760635041414,0.20937407,0.11530081,0.0021380284
1760635041416,0.20922135,0.11407909,9.162979E-4
1760635041419,0.21166481,0.110413894,-0.0015271631
1760635041421,0.21166481,0.1067487,-0.005192355
1760635041423,0.21044308,0.10308351,-0.006414085
1760635041426,0.21288654,0.09941832,-0.0076358155
1760635041428,0.21639901,0.095753126,-0.011301007
1760635041430,0.22266038,0.09208794,-0.013744468
1760635041432,0.22495113,0.08827003,-0.012370021
1760635041434,0.22861631,0.08582657,-0.016035212
1760635041436,0.23243423,0.0870483,-0.018478673
1760635041439,0.23487769,0.08460484,-0.019700404
1760635041441,0.23609942,0.0870483,-0.02107485
1760635041443,0.23854288,0.0870483,-0.02107485
1760635041446,0.24098633,0.08460484,-0.024587326
1760635041448,0.24220806,0.08582657,-0.022296581
1760635041450,0.23854288,0.089491755,-0.023518313
1760635041453,0.23854288,0.090713486,-0.025961773
1760635041455,0.23732115,0.09315695,-0.024740042
1760635041457,0.23854288,0.09193522,-0.025961773
1760635041459,0.23732115,0.09437868,-0.025961773
1760635041462,0.23365596,0.09437868,-0.025961773
1760635041464,0.22999077,0.09560041,-0.025961773
1760635041466,0.2275473,0.09560041,-0.027183503
1760635041469,0.22388211,0.09819659,-0.027183503
1760635041471,0.21762075,0.09697486,-0.023518313
1760635041473,0.21517728,0.095753126,-0.023518313
1760635041475,0.21151209,0.095753126,-0.023518313
1760635041478,0.2041817,0.09590584,-0.022296581
1760635041480,0.1966986,0.08979719,-0.019700404
1760635041482,0.19547687,0.08750644,-0.017256944
1760635041484,0.19532417,0.08384126,-0.016035212
1760635041486,0.19043724,0.08017606,-0.013591751
1760635041489,0.18784106,0.07651087,-0.011148291
1760635041491,0.18295415,0.071776666,-0.00992656
1760635041493,0.18035796,0.06688975,-0.008552114
1760635041495,0.17547104,0.06078109,-0.004886922
1760635041498,0.17302758,0.058337633,-0.002443461
1760635041500,0.16920967,0.052381694,0.002443461
1760635041502,0.16798794,0.04505131,0.0062613687
1760635041504,0.16539176,0.04138612,0.007483099
1760635041507,0.15806139,0.037873644,0.011148291
1760635041509,0.1518,0.029321533,0.017256944
1760635041512,0.1479821,0.028099801,0.018478673
1760635041514,0.14065172,0.027030786,0.022143865
1760635041516,0.12950343,0.02107485,0.024740042
1760635041518,0.12339478,0.01985312,0.027183503
1760635041520,0.11713341,0.013744468,0.030848695
1760635041523,0.1085813,0.015118915,0.032070424
1760635041525,0.09743301,0.014049901,0.034513887
1760635041527,0.08750644,0.01160644,0.036957346
1760635041530,0.07651087,0.012980887,0.038179077
1760635041532,0.069027774,0.00580322,0.038331795
1760635041534,0.060322944,0.00580322,0.038331795
1760635041537,0.055436023,0.0047342055,0.038331795
1760635041539,0.046731193,-0.0013744468,0.037110064
1760635041541,0.043066,-0.0012217305,0.035888333
1760635041543,0.03436117,-0.002443461,0.0346666
1760635041546,0.028252518,-0.0035124752,0.035888333
1760635041548,0.021991149,-0.0047342055,0.032223143
1760635041550,0.01450805,-0.0070249503,0.032375857
1760635041552,0.010842858,-0.0106901415,0.032375857
1760635041554,0.008399397,-0.0070249503,0.029932396
1760635041557,0.0021380284,-0.010537425,0.028710667
1760635041559,-3.0543262E-4,-0.011759156,0.027488936
1760635041562,-3.0543262E-4,-0.012980887,0.026267206
1760635041564,-0.005192355,-0.014202617,0.025045475
1760635041566,-0.009010263,-0.017715093,0.026267206
1760635041568,-0.011453724,-0.018936822,0.022602014
1760635041570,-0.013897184,-0.014049901,0.022602014
1760635041573,-0.015118915,-0.015271631,0.023823744
1760635041575,-0.017562376,-0.01282817,0.020158553
1760635041577,-0.018784106,-0.01282817,0.020158553
1760635041580,-0.021227567,-0.009162978,0.018936822
1760635041582,-0.022449298,-0.004276057,0.017715093
1760635041584,-0.022449298,-6.1086525E-4,0.017715093
1760635041586,-0.023518313,0.007941248,0.017562376
1760635041589,-0.025961773,0.014049901,0.016340645
1760635041591,-0.025961773,0.017715093,0.013897184
1760635041593,-0.024587326,0.025045475,0.012675454
1760635041595,-0.022143865,0.031154128,0.013744468
1760635041598,-0.02443461,0.03970624,0.0125227375
1760635041600,-0.02687807,0.044593163,0.010079277
1760635041602,-0.02565634,0.050701816,0.0125227375
1760635041605,-0.021838432,0.05787948,0.012370021
1760635041607,-0.016798794,0.063988134,0.00992656
1760635041609,-0.015577064,0.07360926,0.011148291
1760635041611,-0.014202617,0.08093964,0.013439035
1760635041613,-0.009162978,0.08827003,0.013439035
1760635041616,-0.009010263,0.09789115,0.015882496
1760635041618,-0.0065668016,0.10644327,0.01572978
1760635041620,-0.005192355,0.11866058,0.01695151
1760635041623,-0.0025961774,0.12950343,0.01817324
1760635041625,0.002443461,0.13805555,0.019242255
1760635041628,0.0050396384,0.14889841,0.019242255
1760635041630,0.006414085,0.15867224,0.019242255
1760635041631,0.010079277,0.1647809,0.02031127
1760635041634,0.011453724,0.17195857,0.02031127
1760635041636,0.010231993,0.17684549,0.02031127
1760635041638,0.014049901,0.18295415,0.019089539
1760635041641,0.01160644,0.18661933,0.017715093
1760635041643,0.014049901,0.18661933,0.014049901
1760635041645,0.016493361,0.18417588,0.014049901
1760635041647,0.012675454,0.18417588,0.011759156
1760635041650,0.011453724,0.17684549,0.009315695
1760635041652,0.0076358155,0.17088956,0.0056505036
1760635041655,0.0027488936,0.16600263,0.004428773
1760635041656,-0.0035124752,0.16126843,-4.5814895E-4
1760635041659,-0.012370021,0.1516473,-0.006414085
1760635041661,-0.02107485,0.14202617,-0.008857546
1760635041663,-0.02855795,0.13469578,-0.011148291
1760635041666,-0.03481932,0.12751812,-0.013591751
1760635041668,-0.039858956,0.115453534,-0.016035212
1760635041670,-0.053450707,0.10827587,-0.017104227
1760635041672,-0.06093381,0.09972375,-0.019547688
1760635041675,-0.07086037,0.09132435,-0.02443461
1760635041677,-0.082161374,0.08170322,-0.025503624
1760635041679,-0.09208794,0.0720821,-0.025503624
1760635041682,-0.09590584,0.06734789,-0.025503624
1760635041684,-0.10338894,0.05757405,-0.027794369
1760635041686,-0.110872045,0.051618114,-0.03023783
1760635041688,-0.11453723,0.04184427,-0.027794369
1760635041690,-0.11835514,0.038331795,-0.030085113
1760635041692,-0.11957687,0.0346666,-0.031306844
1760635041695,-0.12461651,0.02977968,-0.031306844
1760635041697,-0.12339478,0.02733622,-0.031306844
1760635041699,-0.12339478,0.02855795,-0.032528576
1760635041701,-0.12705997,0.03359759,-0.034972034
1760635041704,-0.12568553,0.039553523,-0.033750303
1760635041706,-0.12935072,0.046883907,-0.03023783
1760635041708,-0.12812899,0.05177083,-0.027794369
1760635041711,-0.12797627,0.059101213,-0.027794369
1760635041713,-0.12660182,0.06887506,-0.026572637
1760635041715,-0.1253801,0.07727446,-0.023060163
1760635041718,-0.12767084,0.08582657,-0.023060163
1760635041720,-0.12522738,0.090713486,-0.019394971
1760635041722,-0.12018774,0.09666943,-0.018325957
1760635041724,-0.118966006,0.100334615,-0.017104227
1760635041727,-0.11636983,0.10644327,-0.013439035
1760635041729,-0.11010846,0.10751228,-0.009773844
1760635041731,-0.10888673,0.10873401,-0.007330383
1760635041733,-0.101556346,0.10995574,-0.0061086523
1760635041736,-0.095294975,0.11224649,-0.0
1760635041738,-0.09040806,0.11102476,0.002443461
1760635041740,-0.087964594,0.107359566,0.007330383
1760635041743,-0.07803804,0.10354166,0.012217305
1760635041745,-0.07070765,0.09728029,0.018325957
1760635041747,-0.06337727,0.09239337,0.02321288
1760635041749,-0.056046885,0.086132,0.029474247
1760635041751,-0.043829583,0.076358154,0.03191771
1760635041754,-0.03894266,0.06291912,0.0355829
1760635041756,-0.029168816,0.055436023,0.038179077
1760635041758,-0.019394971,0.043218717,0.03940081
1760635041761,-0.01572978,0.0346666,0.04184427
1760635041763,-0.0071776668,0.028405234,0.04062254
1760635041765,0.0,0.016187929,0.041996986
1760635041767,0.0061086523,0.005192355,0.041996986
1760635041770,0.012217305,-0.0033597588,0.041996986
1760635041772,0.017104227,-0.0096211275,0.040927973
1760635041774,0.020616703,-0.01695151,0.040927973
1760635041777,0.021838432,-0.026725354,0.03970624
1760635041779,0.024129177,-0.034055736,0.039858956
1760635041781,0.0290161,-0.04138612,0.03863723
1760635041783,0.03023783,-0.047494773,0.039858956
1760635041786,0.03145956,-0.051159963,0.03863723
1760635041788,0.027641652,-0.05222898,0.036193766
1760635041790,0.031306844,-0.05589417,0.037415497
1760635041792,0.028863383,-0.05467244,0.036193766
1760635041795,0.025198191,-0.049785517,0.036193766
1760635041797,0.024129177,-0.043676864,0.037415497
1760635041799,0.018020526,-0.040011674,0.03863723
1760635041802,0.016798794,-0.035124753,0.03863723
1760635041804,0.011911872,-0.0290161,0.03848451
1760635041806,0.0070249503,-0.021685716,0.03848451
1760635041809,0.0047342055,-0.013133603,0.03848451
1760635041811,0.0022907446,-0.009468411,0.03848451
1760635041813,-1.5271631E-4,-0.006872234,0.03970624
1760635041815,0.0010690142,-0.004581489,0.03970624
1760635041818,-1.5271631E-4,-0.0033597588,0.03848451
1760635041819,-1.5271631E-4,-0.0033597588,0.03726278
1760635041822,-1.5271631E-4,-0.004581489,0.03726278
1760635041824,-0.0038179078,-0.0032070426,0.03481932
1760635041827,-0.006414085,-0.006872234,0.032375857
1760635041829,-0.008857546,-0.010537425,0.032375857
1760635041831,-0.010231993,-0.017715093,0.027488936
1760635041834,-0.013897184,-0.021380283,0.025045475
1760635041836,-0.015271631,-0.028710667,0.02031127
1760635041838,-0.019089539,-0.035888333,0.01786781
1760635041840,-0.02275473,-0.040775254,0.011759156
1760635041843,-0.030390546,-0.051618114,0.0056505036
1760635041845,-0.034055736,-0.056352317,-0.0015271631
1760635041847,-0.037873644,-0.06490443,-0.0076358155
1760635041849,-0.042913284,-0.0720821,-0.016187929
1760635041852,-0.04795292,-0.07803804,-0.025961773
1760635041854,-0.055436023,-0.08170322,-0.03313944
1760635041856,-0.0580322,-0.086437434,-0.042913284
1760635041858,-0.06047566,-0.09010262,-0.051465396
1760635041861,-0.066737026,-0.09239337,-0.05879578
1760635041863,-0.066737026,-0.09239337,-0.06856962
1760635041865,-0.06429356,-0.09483683,-0.077121735
1760635041867,-0.06429356,-0.09239337,-0.08323039
1760635041870,-0.059406646,-0.0936151,-0.0917825
1760635041872,-0.054519724,-0.09117164,-0.09911288
1760635041874,-0.05085453,-0.086437434,-0.106595986
1760635041876,-0.045814894,-0.08277224,-0.113926366
1760635041879,-0.037110064,-0.07666359,-0.11881329
1760635041881,-0.027183503,-0.07192938,-0.12492194
1760635041883,-0.01985312,-0.06352998,-0.12996158
1760635041885,-0.00992656,-0.059864793,-0.13729197
1760635041887,0.0,-0.05513059,-0.14340061
1760635041890,0.008552114,-0.052687127,-0.14828753
1760635041892,0.016035212,-0.04917465,-0.15577064
1760635041894,0.025961773,-0.04795292,-0.15699236
1760635041897,0.033292156,-0.05177083,-0.16065755
1760635041899,0.043066,-0.05665775,-0.16050485
1760635041902,0.04917465,-0.06414085,-0.16294831
1760635041904,0.060322944,-0.06536258,-0.16050485
1760635041906,0.06887506,-0.066737026,-0.16294831
1760635041908,0.07498371,-0.066737026,-0.16172658
1760635041910,0.08246681,-0.064446285,-0.16294831
1760635041913,0.086132,-0.062002823,-0.16187929
1760635041915,0.09239337,-0.06093381,-0.16065755
1760635041917,0.09605856,-0.056046885,-0.15943582
1760635041920,0.09865474,-0.051159963,-0.15699236
1760635041923,0.10354166,-0.047647487,-0.15332718
1760635041924,0.106137834,-0.04886922,-0.15210545
1760635041926,0.11102476,-0.040317107,-0.14844026
1760635041928,0.11362094,-0.0355829,-0.14492778
1760635041931,0.11484267,-0.03191771,-0.14370605
1760635041933,0.12110403,-0.028405234,-0.14248432
1760635041935,0.11988231,-0.024740042,-0.14004086
1760635041937,0.121256754,-0.013744468,-0.13881913
1760635041940,0.12385293,-0.008857546,-0.13652839
1760635041942,0.12751812,7.6358154E-4,-0.13530666
1760635041944,0.1337795,0.010537425,-0.13408493
1760635041946,0.13515393,0.017715093,-0.1330159
1760635041949,0.13897185,0.027488936,-0.13423763
1760635041951,0.1414153,0.03359759,-0.13423763
1760635041954,0.14889841,0.038331795,-0.13561209
1760635041956,0.15760323,0.04550946,-0.13561209
1760635041958,0.1600467,0.04550946,-0.13561209
1760635041960,0.16630806,0.04917465,-0.13561209
1760635041962,0.17363845,0.05024367,-0.13561209
1760635041964,0.17867808,0.05024367,-0.13439035
1760635041967,0.18112154,0.046578474,-0.13316862
1760635041969,0.18234327,0.049021937,-0.13316862
1760635041972,0.18478674,0.042760566,-0.13316862
1760635041974,0.1872302,0.039095376,-0.13194689
1760635041976,0.18585575,0.03436117,-0.13316862
1760635041979,0.18463401,0.03313944,-0.13316862
1760635041981,0.1797471,0.03191771,-0.13194689
1760635041983,0.17592919,0.024587326,-0.13545936
1760635041985,0.17470746,0.01985312,-0.13179417
1760635041988,0.16966783,0.014966198,-0.1330159
1760635041990,0.16340645,0.007788532,-0.13179417
1760635041992,0.15974127,0.00290161,-0.12797627
1760635041994,0.15225816,-0.0030543262,-0.12797627
1760635041997,0.14477506,-0.015271631,-0.1255328
1760635041999,0.13591751,-0.024892759,-0.12293663
1760635042001,0.13225232,-0.033444874,-0.11927144
1760635042004,0.123547494,-0.043066,-0.115453534
1760635042006,0.11346822,-0.052687127,-0.11301007
1760635042008,0.107359566,-0.061239243,-0.108123146
1760635042010,0.101098195,-0.06352998,-0.10430524
1760635042013,0.0936151,-0.07086037,-0.10064005
1760635042015,0.088728175,-0.07437284,-0.094531395
1760635042017,0.08124508,-0.076816306,-0.09208794
1760635042019,0.077579886,-0.08170322,-0.08964448
1760635042022,0.072540246,-0.0852157,-0.08460484
1760635042024,0.07009678,-0.09010262,-0.082161374
1760635042026,0.06765333,-0.09254608,-0.08093964
1760635042028,0.063988134,-0.09132435,-0.07849618
1760635042031,0.058948494,-0.09239337,-0.07849618
1760635042033,0.06154467,-0.09254608,-0.07360926
1760635042035,0.0627664,-0.09254608,-0.07238753
1760635042038,0.060322944,-0.09010262,-0.0711658
1760635042039,0.05787948,-0.089949906,-0.0711658
1760635042042,0.05787948,-0.0852157,-0.06994407
1760635042044,0.05787948,-0.08277224,-0.06872234
1760635042047,0.05787948,-0.079107046,-0.067500606
1760635042049,0.055436023,-0.07544186,-0.06765333
1760635042051,0.053145275,-0.06811147,-0.06765333
1760635042053,0.054367006,-0.063224554,-0.065209866
1760635042056,0.05085453,-0.053450707,-0.060322944
1760635042058,0.049632803,-0.043676864,-0.059253927
1760635042060,0.048563786,-0.035124753,-0.0580322
1760635042063,0.044898596,-0.0290161,-0.051923547
1760635042064,0.04138612,-0.019242255,-0.047036625
1760635042067,0.03772093,-0.009468411,-0.041080687
1760635042069,0.035277467,-0.0070249503,-0.032528576
1760635042071,0.03176499,3.0543262E-4,-0.030085113
1760635042073,0.030543262,0.0062613687,-0.02397646
1760635042076,0.028099801,0.00992656,-0.01786781
1760635042078,0.027030786,0.016035212,-0.011911872
1760635042081,0.025809057,0.022143865,-0.004581489
1760635042083,0.023365596,0.022143865,0.0015271631
1760635042085,0.023365596,0.023365596,0.0076358155
1760635042087,0.025809057,0.019700404,0.0125227375
1760635042090,0.025809057,0.016035212,0.017562376
1760635042092,0.027030786,0.016035212,0.021227567
1760635042094,0.027030786,0.00870483,0.02367103
1760635042096,0.03313944,0.0061086523,0.02855795
1760635042099,0.03436117,0.0012217305,0.02977968
1760635042101,0.038026363,-0.004886922,0.031001411
1760635042103,0.03924809,-0.010995574,0.03359759
1760635042106,0.04046982,-0.014660766,0.03481932
1760635042108,0.042760566,-0.019547688,0.03604105
1760635042110,0.042760566,-0.02321288,0.03604105
1760635042112,0.04153884,-0.030543262,0.03359759
1760635042115,0.04016439,-0.03283401,0.031154128
1760635042116,0.04260785,-0.03176499,0.029932396
1760635042119,0.03894266,-0.03283401,0.026267206
1760635042121,0.035277467,-0.030390546,0.026267206
1760635042124,0.035277467,-0.03283401,0.022602014
1760635042126,0.031612277,-0.031612277,0.018936822
1760635042128,0.025350908,-0.027794369,0.017715093
1760635042130,0.021685716,-0.026572637,0.01282817
1760635042133,0.021685716,-0.024129177,0.01160644
1760635042135,0.018020526,-0.022907447,0.0067195175
1760635042137,0.009468411,-0.01786781,0.005497787
1760635042140,0.008246681,-0.014202617,0.004276057
1760635042142,9.162979E-4,-0.011759156,0.0018325958
1760635042144,-0.003970624,-0.007941248,6.1086525E-4
1760635042146,-0.010079277,-0.0030543262,-7.6358154E-4
1760635042149,-0.016187929,0.004276057,-0.001985312
1760635042151,-0.01863139,0.009162978,-0.001985312
1760635042153,-0.024740042,0.018936822,0.0016798794
1760635042155,-0.033292156,0.02397646,0.0041233404
1760635042158,-0.03573562,0.030085113,0.005192355
1760635042160,-0.04184427,0.032528576,0.008857546
1760635042162,-0.046731193,0.03863723,0.010079277
1760635042164,-0.049021937,0.044745877,0.011301007
1760635042167,-0.05390886,0.05207626,0.01740966
1760635042169,-0.05879578,0.059406646,0.02107485
1760635042171,-0.059864793,0.065515295,0.023365596
1760635042174,-0.061086524,0.06918049,0.029474247
1760635042176,-0.062308256,0.07284568,0.030695979
1760635042178,-0.065973446,0.07040222,0.03436117
1760635042180,-0.065973446,0.07284568,0.0355829
1760635042182,-0.065973446,0.074067414,0.038026363
1760635042185,-0.064751714,0.0777326,0.038026363
1760635042187,-0.064751714,0.074067414,0.03924809
1760635042190,-0.06352998,0.07162395,0.03924809
1760635042192,-0.061086524,0.06795876,0.03924809
1760635042194,-0.061086524,0.061850104,0.04184427
1760635042196,-0.056199603,0.060628377,0.03940081
1760635042199,-0.05375614,0.055741455,0.038179077
1760635042201,-0.04886922,0.055588737,0.036957346
1760635042203,-0.05024367,0.05207626,0.038179077
1760635042205,-0.047800206,0.049632803,0.03573562
1760635042207,-0.049021937,0.04596761,0.034513887
1760635042209,-0.05024367,0.04596761,0.033292156
1760635042212,-0.052687127,0.04718934,0.034513887
1760635042214,-0.05513059,0.04352415,0.034513887
1760635042216,-0.056352317,0.04352415,0.03573562
1760635042218,-0.061391957,0.044898596,0.036957346
1760635042221,-0.06383542,0.041233405,0.03940081
1760635042223,-0.06994407,0.040011674,0.043066
1760635042226,-0.07742717,0.03894266,0.04810564
1760635042227,-0.08475755,0.04016439,0.050549097
1760635042230,-0.088422745,0.03772093,0.05177083
1760635042232,-0.09468412,0.032986723,0.055436023
1760635042234,-0.0983493,0.029321533,0.059101213
1760635042236,-0.104610674,0.02321288,0.060322944
1760635042239,-0.109650314,0.019700404,0.05787948
1760635042241,-0.109650314,0.017256944,0.055588737
1760635042243,-0.11224649,0.012370021,0.055588737
1760635042246,-0.114689946,0.0076358155,0.055588737
1760635042248,-0.11346822,0.0015271631,0.051923547
1760635042251,-0.111177474,-0.00580322,0.047036625
1760635042253,-0.10751228,-0.0106901415,0.04230242
1760635042255,-0.10262536,-0.015577064,0.036193766
1760635042257,-0.09896017,-0.019242255,0.032528576
1760635042260,-0.09162979,-0.023060163,0.027641652
1760635042261,-0.08552113,-0.023060163,0.019089539
1760635042264,-0.07696902,-0.02443461,0.016646078
1760635042266,-0.068264194,-0.02443461,0.011759156
1760635042269,-0.05971208,-0.022143865,0.008093964
1760635042271,-0.046120327,-0.017256944,0.0030543262
1760635042273,-0.03863723,-0.011301007,6.1086525E-4
1760635042275,-0.029932396,-0.0053450707,-0.0030543262
1760635042278,-0.016340645,0.0030543262,-0.006872234
1760635042280,-0.0050396384,0.012675454,-0.009315695
1760635042282,0.0036651916,0.021227567,-0.008246681
1760635042284,0.014813482,0.025961773,-0.009468411
1760635042287,0.022296581,0.038026363,-0.009468411
1760635042289,0.032223143,0.05009095,-0.010842858
1760635042291,0.03604105,0.058643065,-0.010842858
1760635042294,0.04230242,0.06704246,-0.010842858
1760635042296,0.048563786,0.07422013,-0.010995574
1760635042299,0.048563786,0.079107046,-0.010995574
1760635042301,0.049938235,0.086437434,-0.010995574
1760635042302,0.052381694,0.09254608,-0.007330383
1760635042305,0.05375614,0.09621128,-0.007483099
1760635042307,0.05497787,0.09728029,-0.0025961774
1760635042309,0.05131268,0.09987647,-0.0025961774
1760635042311,0.04886922,0.101098195,-1.5271631E-4
1760635042314,0.04520403,0.09987647,0.0035124752
1760635042316,0.04642576,0.09865474,0.0071776668
1760635042318,0.043829583,0.094989546,0.013439035
1760635042320,0.03894266,0.09254608,0.017104227
1760635042323,0.035277467,0.08536842,0.021991149
1760635042325,0.03390302,0.07925977,0.028099801
1760635042327,0.028863383,0.07192938,0.029474247
1760635042329,0.02397646,0.069485925,0.0355829
1760635042332,0.016493361,0.062308256,0.03924809
1760635042335,0.01160644,0.056199603,0.044135015
1760635042336,0.0016798794,0.049021937,0.04917465
1760635042339,-0.0070249503,0.04184427,0.054061573
1760635042341,-0.012064588,0.032070424,0.056505036
1760635042343,-0.018325957,0.022449298,0.060322944
1760635042345,-0.024587326,0.012675454,0.06154467
1760635042348,-0.032070424,0.0067195175,0.063988134
1760635042350,-0.037110064,-0.004276057,0.06658431
1760635042352,-0.044593163,-0.020005837,0.06429356
1760635042355,-0.04718934,-0.029626964,0.061850104
1760635042357,-0.05100725,-0.04062254,0.060628377
1760635042359,-0.056046885,-0.052687127,0.05955936
1760635042361,-0.056199603,-0.061239243,0.05467244
1760635042364,-0.06001751,-0.07086037,0.05222898
1760635042366,-0.060170226,-0.07941248,0.048716504
1760635042368,-0.058948494,-0.08552113,0.04627304
1760635042371,-0.058948494,-0.089186326,0.04505131
1760635042373,-0.057726767,-0.09162979,0.04016439
1760635042375,-0.054061573,-0.09285152,0.03894266
1760635042378,-0.052839845,-0.09040806,0.035277467
1760635042379,-0.054061573,-0.087964594,0.03283401
1760635042382,-0.04917465,-0.08552113,0.031612277
1760635042384,-0.044135015,-0.08323039,0.030390546
1760635042386,-0.04046982,-0.0795652,0.026725354
1760635042390,-0.036651913,-0.07345655,0.025350908
1760635042391,-0.029321533,-0.0711658,0.024129177
1760635042394,-0.024281893,-0.07238753,0.025350908
1760635042395,-0.019394971,-0.06887506,0.024129177
1760635042398,-0.011911872,-0.06765333,0.020463986
1760635042400,-0.0070249503,-0.06887506,0.021685716
1760635042403,-0.008246681,-0.065209866,0.021685716
1760635042405,-7.6358154E-4,-0.0580322,0.02031127
1760635042407,0.0016798794,-0.053145275,0.019089539
1760635042409,0.0067195175,-0.04718934,0.0154243475
1760635042411,0.007941248,-0.044745877,0.01786781
1760635042414,0.010537425,-0.037415497,0.014202617
1760635042416,0.012980887,-0.031306844,0.01160644
1760635042418,0.010537425,-0.028863383,0.01038471
1760635042420,0.013133603,-0.021533,0.009162978
1760635042423,0.0143553335,-0.018020526,0.007941248
1760635042425,0.01572978,-0.013133603,0.004276057
1760635042427,0.01695151,-0.00580322,4.5814895E-4
1760635042430,0.01817324,-9.162979E-4,-0.001985312
1760635042432,0.018325957,0.008857546,-0.004428773
1760635042434,0.017104227,0.01740966,-0.008093964
1760635042437,0.018478673,0.02107485,-0.008246681
1760635042439,0.017256944,0.025961773,-0.009468411
1760635042441,0.017256944,0.03436117,-0.013133603
1760635042443,0.013591751,0.036957346,-0.013133603
1760635042446,0.007483099,0.04184427,-0.0143553335
1760635042448,0.0062613687,0.04184427,-0.015577064
1760635042450,0.0025961774,0.043066,-0.019242255
1760635042452,-0.0047342055,0.045662176,-0.021685716
1760635042455,-0.012217305,0.04810564,-0.022907447
1760635042456,-0.017104227,0.050701816,-0.026725354
1760635042459,-0.02076942,0.055588737,-0.030390546
1760635042461,-0.02565634,0.053145275,-0.031612277
1760635042464,-0.028252518,0.05207626,-0.03283401
1760635042466,-0.03191771,0.053297993,-0.03283401
1760635042468,-0.03436117,0.049632803,-0.03145956
1760635042470,-0.036957346,0.04352415,-0.03268129
1760635042473,-0.03940081,0.03634648,-0.0290161
1760635042475,-0.041996986,0.027794369,-0.026572637
1760635042477,-0.043218717,0.019242255,-0.02275473
1760635042479,-0.049480084,0.01450805,-0.02031127
1760635042482,-0.047036625,0.011911872,-0.01786781
1760635042484,-0.05085453,0.005955936,-0.012980887
1760635042486,-0.054519724,0.005955936,-0.009315695
1760635042489,-0.055741455,0.005955936,-0.009315695
1760635042491,-0.055741455,0.0035124752,-0.0067195175
1760635042493,-0.058184914,0.0022907446,-0.0067195175
1760635042495,-0.059406646,0.0022907446,-0.0067195175
1760635042498,-0.058184914,0.0010690142,-0.0067195175
1760635042500,-0.055741455,0.0010690142,-0.007941248
1760635042502,-0.055741455,0.0022907446,-0.007941248
1760635042504,-0.05207626,0.005955936,-0.010537425
1760635042507,-0.047036625,0.00580322,-0.011759156
1760635042509,-0.044593163,0.0106901415,-0.012980887
1760635042511,-0.04337143,0.0143553335,-0.0154243475
1760635042514,-0.037110064,0.019242255,-0.01786781
1760635042516,-0.028405234,0.025198191,-0.018020526
1760635042518,-0.022143865,0.028710667,-0.019242255
1760635042520,-0.016035212,0.032375857,-0.020463986
1760635042523,-0.012370021,0.03481932,-0.024129177
1760635042525,-0.004886922,0.035888333,-0.026572637
1760635042527,0.0036651916,0.037110064,-0.026572637
1760635042530,0.012370021,0.036957346,-0.027794369
1760635042532,0.019700404,0.038179077,-0.03023783
1760635042534,0.030848695,0.03924809,-0.03145956
1760635042536,0.037110064,0.040317107,-0.034055736
1760635042538,0.040775254,0.04153884,-0.03772093
1760635042541,0.04810564,0.04153884,-0.04138612
1760635042543,0.05299256,0.04153884,-0.043829583
1760635042545,0.0580322,0.03894266,-0.04627304
1760635042547,0.06658431,0.0364992,-0.051159963
1760635042550,0.070249505,0.034055736,-0.057268616
1760635042552,0.07391469,0.035277467,-0.06093381
1760635042554,0.077579886,0.031612277,-0.06582073
1760635042556,0.08246681,0.0290161,-0.068264194
1760635042559,0.086132,0.024129177,-0.070554934
1760635042561,0.08857546,0.020463986,-0.07422013
1760635042564,0.09086621,0.016798794,-0.07544186
1760635042566,0.09208794,0.0143553335,-0.07788532
1760635042568,0.08964448,0.011911872,-0.07788532
1760635042571,0.09086621,0.0070249503,-0.08032878
1760635042573,0.09086621,0.0070249503,-0.07788532
1760635042575,0.0870483,0.005955936,-0.07666359
1760635042577,0.082161374,0.005955936,-0.07422013
1760635042579,0.076052725,0.0071776668,-0.07422013
1760635042582,0.07238753,0.0061086523,-0.0729984
1760635042584,0.06734789,-0.0,-0.07040222
1760635042587,0.06246097,-0.0036651916,-0.06795876
1760635042588,0.057421334,-0.0047342055,-0.06307184
1760635042591,0.047647487,-0.008399397,-0.059406646
1760635042593,0.04138612,-0.0143553335,-0.055741455
1760635042595,0.035124753,-0.018020526,-0.053145275
1760635042598,0.03023783,-0.025198191,-0.048258353
1760635042600,0.026419923,-0.028863383,-0.044593163
1760635042602,0.02031127,-0.034972034,-0.03726278
1760635042604,0.014049901,-0.040927973,-0.031001411
1760635042607,0.010231993,-0.048258353,-0.02611449
1760635042609,0.00290161,-0.054367006,-0.020005837
1760635042611,-0.0033597588,-0.05665775,-0.015118915
1760635042613,-0.0106901415,-0.060322944,-0.011301007
1760635042615,-0.019394971,-0.06505715,-0.006414085
1760635042618,-0.023060163,-0.06383542,-0.0015271631
1760635042620,-0.02687807,-0.067500606,0.0033597588
1760635042622,-0.03176499,-0.069791354,0.004581489
1760635042624,-0.036651913,-0.07223482,0.009468411
1760635042627,-0.03924809,-0.07467828,0.009468411
1760635042629,-0.044135015,-0.078343466,0.0143553335
1760635042631,-0.04795292,-0.080634214,0.01572978
1760635042634,-0.051618114,-0.081855945,0.01695151
1760635042636,-0.052839845,-0.080634214,0.01695151
1760635042638,-0.056505036,-0.081855945,0.020616703
1760635042640,-0.055283304,-0.080634214,0.019394971
1760635042643,-0.057726767,-0.07941248,0.020616703
1760635042645,-0.06261369,-0.08170322,0.020616703
1760635042647,-0.06383542,-0.08170322,0.024281893
1760635042650,-0.06887506,-0.082924955,0.025503624
1760635042651,-0.071318515,-0.084146686,0.027947085
1760635042654,-0.072540246,-0.08903361,0.031612277
1760635042656,-0.07498371,-0.08781188,0.031612277
1760635042659,-0.07620544,-0.08781188,0.0364992
1760635042661,-0.079870634,-0.08399397,0.0364992
1760635042663,-0.08597928,-0.08155051,0.03894266
1760635042665,-0.087201014,-0.07544186,0.04138612
1760635042667,-0.08964448,-0.070554934,0.04138612
1760635042670,-0.09208794,-0.064446285,0.043676864
1760635042673,-0.09437868,-0.058337633,0.043676864
1760635042674,-0.09560041,-0.05222898,0.043676864
1760635042677,-0.098043874,-0.048563786,0.044898596
1760635042679,-0.10293079,-0.044898596,0.046120327
1760635042681,-0.10293079,-0.041233405,0.044898596
1760635042683,-0.10277808,-0.035124753,0.04352415
1760635042686,-0.100334615,-0.035124753,0.04230242
1760635042688,-0.100334615,-0.035124753,0.041080687
1760635042691,-0.101556346,-0.035124753,0.039858956
1760635042693,-0.09911288,-0.03023783,0.036193766
1760635042694,-0.09911288,-0.03023783,0.033750303
1760635042698,-0.094225965,-0.03268129,0.030085113
1760635042700,-0.09407325,-0.025503624,0.026419923
1760635042702,-0.0954477,-0.024129177,0.02275473
1760635042703,-0.09162979,-0.025503624,0.019089539
1760635042706,-0.09040806,-0.024281893,0.0154243475
1760635042708,-0.09040806,-0.023060163,0.010537425
1760635042710,-0.08674286,-0.021838432,0.0056505036
1760635042713,-0.081855945,-0.01817324,6.1086525E-4
1760635042715,-0.07819075,-0.01817324,-0.0018325958
1760635042717,-0.07315111,-0.01695151,-0.0067195175
1760635042720,-0.068264194,-0.019547688,-0.01282817
1760635042722,-0.06582073,-0.017104227,-0.016493361
1760635042724,-0.06093381,-0.02076942,-0.021380283
1760635042726,-0.054825157,-0.019547688,-0.026267206
1760635042728,-0.048716504,-0.02321288,-0.032375857
1760635042731,-0.04505131,-0.025809057,-0.03604105
1760635042734,-0.04138612,-0.027030786,-0.03970624
1760635042735,-0.03772093,-0.030695979,-0.043218717
1760635042738,-0.03268129,-0.029474247,-0.047036625
1760635042740,-0.026572637,-0.03313944,-0.04810564
1760635042742,-0.025350908,-0.03436117,-0.05177083
1760635042744,-0.022907447,-0.03680463,-0.05299256
1760635042747,-0.018020526,-0.03573562,-0.05421429
1760635042749,-0.015577064,-0.034513887,-0.05681047
1760635042751,-0.015577064,-0.03573562,-0.055436023
1760635042754,-0.011911872,-0.036957346,-0.05421429
1760635042756,-0.0143553335,-0.033292156,-0.053145275
1760635042758,-0.013133603,-0.034513887,-0.051923547
1760635042761,-0.0143553335,-0.034513887,-0.049480084
1760635042763,-0.013133603,-0.034513887,-0.048258353
1760635042765,-0.0143553335,-0.033292156,-0.045814894
1760635042767,-0.011759156,-0.033292156,-0.044593163
1760635042769,-0.010537425,-0.035888333,-0.041996986
1760635042771,-0.011911872,-0.03940081,-0.038331795
1760635042774,-0.008246681,-0.040775254,-0.035888333
1760635042777,-0.013133603,-0.04062254,-0.0346666
1760635042779,-0.011911872,-0.046731193,-0.031001411
1760635042781,-0.013133603,-0.04795292,-0.02855795
1760635042783,-0.013133603,-0.04917465,-0.02855795
1760635042786,-0.01450805,-0.052839845,-0.02611449
1760635042788,-0.0143553335,-0.051618114,-0.024892759
1760635042790,-0.013133603,-0.052839845,-0.022449298
1760635042792,-0.013133603,-0.052839845,-0.021227567
1760635042795,-0.01817324,-0.054061573,-0.020005837
1760635042796,-0.01817324,-0.055283304,-0.018784106
1760635042799,-0.01817324,-0.052839845,-0.020005837
1760635042802,-0.019394971,-0.055283304,-0.018784106
1760635042804,-0.01817324,-0.054061573,-0.020005837
1760635042806,-0.01695151,-0.054061573,-0.020005837
1760635042808,-0.01695151,-0.054061573,-0.020005837
1760635042810,-0.01695151,-0.052839845,-0.018784106
1760635042813,-0.01817324,-0.054061573,-0.020005837
1760635042815,-0.016798794,-0.050396383,-0.021227567
1760635042817,-0.01572978,-0.054061573,-0.02367103
1760635042820,-0.01817324,-0.052839845,-0.024892759
1760635042822,-0.019394971,-0.050396383,-0.02611449
1760635042824,-0.019394971,-0.054061573,-0.02855795
1760635042826,-0.019394971,-0.050396383,-0.031001411
1760635042829,-0.020463986,-0.04428773,-0.02977968
1760635042831,-0.020463986,-0.04428773,-0.031001411
1760635042833,-0.022907447,-0.04062254,-0.02977968
1760635042836,-0.025350908,-0.034513887,-0.02977968
1760635042837,-0.0290161,-0.030848695,-0.02855795
1760635042840,-0.03023783,-0.024740042,-0.027488936
1760635042842,-0.035124753,-0.022296581,-0.026267206
1760635042844,-0.035124753,-0.02107485,-0.023823744
1760635042846,-0.038789943,-0.017256944,-0.021380283
1760635042849,-0.043676864,-0.016035212,-0.020158553
1760635042851,-0.04230242,-0.013591751,-0.018936822
1760635042854,-0.044898596,-0.017256944,-0.017715093
1760635042856,-0.046120327,-0.017256944,-0.015271631
1760635042858,-0.048563786,-0.014813482,-0.014049901
1760635042860,-0.049785517,-0.016035212,-0.016493361
1760635042863,-0.049785517,-0.013591751,-0.016493361
1760635042880,-0.05100725,-0.012370021,-0.017715093
1760635042880,-0.05100725,-0.011148291,-0.018936822
1760635042880,-0.05100725,-0.011148291,-0.020158553
1760635042880,-0.05222898,-0.012370021,-0.025045475
1760635042880,-0.049785517,-0.00992656,-0.026267206
1760635042880,-0.049785517,-0.00870483,-0.028710667
1760635042881,-0.044898596,-0.00870483,-0.029932396
1760635042881,-0.041080687,-0.00870483,-0.032375857
1760635042884,-0.039858956,-0.0062613687,-0.032375857
1760635042886,-0.036193766,-0.005192355,-0.03359759
1760635042887,-0.036193766,-0.0027488936,-0.03604105
1760635042890,-0.028710667,-0.003970624,-0.03863723
1760635042892,-0.026267206,-0.003970624,-0.039858956
1760635042894,-0.023823744,-0.0015271631,-0.039858956
1760635042896,-0.018936822,7.6358154E-4,-0.04230242
1760635042899,-0.016493361,7.6358154E-4,-0.04596761
1760635042901,-0.012675454,0.0056505036,-0.04596761
1760635042903,-0.0053450707,0.005497787,-0.04718934
1760635042905,-0.0041233404,0.004276057,-0.049632803
1760635042908,-3.0543262E-4,0.005497787,-0.05085453
1760635042910,0.0021380284,0.005497787,-0.05207626
1760635042912,0.00580322,0.0067195175,-0.05207626
1760635042915,0.008246681,0.0065668016,-0.053297993
1760635042918,0.009468411,0.0065668016,-0.054519724
1760635042919,0.0106901415,0.0041233404,-0.053297993
1760635042921,0.01450805,0.0053450707,-0.053297993
1760635042924,0.01695151,0.0041233404,-0.05207626
1760635042926,0.015577064,0.0041233404,-0.053297993
1760635042928,0.01817324,0.0016798794,-0.05207626
1760635042930,0.019394971,4.5814895E-4,-0.04841107
1760635042933,0.015577064,4.5814895E-4,-0.044745877
1760635042935,0.0143553335,-7.6358154E-4,-0.04230242
1760635042937,0.015577064,-0.001985312,-0.039858956
1760635042939,0.0106901415,-0.0032070426,-0.033750303
1760635042942,0.0106901415,-0.006872234,-0.032528576
1760635042944,0.011911872,-0.0056505036,-0.031306844
1760635042946,0.011911872,-0.006872234,-0.028863383
1760635042948,0.0143553335,-0.010537425,-0.025198191
1760635042951,0.0143553335,-0.012980887,-0.022602014
1760635042953,0.018020526,-0.016646078,-0.020158553
1760635042955,0.018020526,-0.01786781,-0.017715093
1760635042958,0.019242255,-0.02397646,-0.016493361
1760635042960,0.022907447,-0.0290161,-0.01282817
1760635042962,0.026572637,-0.03268129,-0.014049901
1760635042964,0.03023783,-0.03634648,-0.01282817
1760635042967,0.03268129,-0.03756821,-0.01160644
1760635042970,0.031306844,-0.043676864,-0.012675454
1760635042972,0.03863723,-0.044898596,-0.012675454
1760635042973,0.043676864,-0.04505131,-0.011453724
1760635042976,0.046120327,-0.04627304,-0.011453724
1760635042978,0.049785517,-0.04505131,-0.010231993
1760635042981,0.05467244,-0.04627304,-0.010231993
1760635042983,0.05467244,-0.048716504,-0.012675454
1760635042985,0.05971208,-0.04642576,-0.011453724
1760635042987,0.064599,-0.04153884,-0.01282817
1760635042990,0.06582073,-0.042760566,-0.01282817
1760635042992,0.065973446,-0.035430185,-0.01282817
1760635042994,0.06719518,-0.03176499,-0.014049901
1760635042996,0.065973446,-0.024587326,-0.01282817
1760635042999,0.06856962,-0.017256944,-0.011759156
1760635043001,0.06612616,-0.00992656,-0.011759156
1760635043003,0.06383542,-0.0025961774,-0.012980887
1760635043006,0.061391957,0.0035124752,-0.011759156
1760635043007,0.057726767,0.0071776668,-0.011759156
1760635043010,0.055283304,0.0096211275,-0.011759156
1760635043012,0.050396383,0.015882496,-0.0143553335
1760635043015,0.04795292,0.019547688,-0.013133603
1760635043017,0.04428773,0.018325957,-0.015577064
1760635043019,0.04062254,0.02076942,-0.0143553335
1760635043021,0.038179077,0.02076942,-0.013133603
1760635043023,0.03313944,0.016035212,-0.015577064
1760635043026,0.028252518,0.014813482,-0.016646078
1760635043028,0.02443461,0.010079277,-0.016646078
1760635043030,0.021991149,0.003970624,-0.02031127
1760635043032,0.01695151,0.0015271631,-0.021533
1760635043035,0.01695151,-0.0033597588,-0.021533
1760635043037,0.013133603,-0.006872234,-0.019089539
1760635043039,0.011911872,-0.011759156,-0.022602014
1760635043041,0.011759156,-0.021533,-0.022602014
1760635043044,0.008093964,-0.025045475,-0.022602014
1760635043046,0.0067195175,-0.029932396,-0.022602014
1760635043048,0.0067195175,-0.03604105,-0.022602014
1760635043051,0.0067195175,-0.03970624,-0.022449298
1760635043053,0.0053450707,-0.04337143,-0.022449298
1760635043055,0.0053450707,-0.047036625,-0.021227567
1760635043058,0.0041233404,-0.050701816,-0.021227567
1760635043060,0.0027488936,-0.055436023,-0.022449298
1760635043063,0.005192355,-0.060322944,-0.024892759
1760635043064,0.0076358155,-0.06169739,-0.02367103
1760635043067,0.0076358155,-0.06169739,-0.02367103
1760635043069,0.006414085,-0.063988134,-0.024740042
1760635043071,0.011301007,-0.069027774,-0.028405234
1760635043073,0.016187929,-0.07147124,-0.028405234
1760635043076,0.01985312,-0.07147124,-0.029626964
1760635043078,0.01985312,-0.069027774,-0.032070424
1760635043080,0.024892759,-0.07147124,-0.030848695
1760635043082,0.02611449,-0.06918049,-0.030848695
1760635043085,0.02977968,-0.06429356,-0.033444874
1760635043087,0.032375857,-0.058184914,-0.032223143
1760635043089,0.031154128,-0.055741455,-0.032223143
1760635043092,0.03359759,-0.05207626,-0.02977968
1760635043094,0.036193766,-0.04734206,-0.02855795
1760635043096,0.03863723,-0.042455133,-0.028710667
1760635043099,0.042455133,-0.042455133,-0.028710667
1760635043101,0.041233405,-0.03268129,-0.026267206
1760635043103,0.040011674,-0.03023783,-0.022602014
1760635043106,0.04016439,-0.026725354,-0.023823744
1760635043109,0.04260785,-0.020616703,-0.023823744
1760635043110,0.04016439,-0.019394971,-0.022602014
1760635043112,0.042760566,-0.01450805,-0.02275473
1760635043115,0.04016439,-0.012064588,-0.02397646
1760635043116,0.040317107,-0.008399397,-0.02397646
1760635043118,0.037873644,-0.008399397,-0.021533
1760635043121,0.035430185,-0.0071776668,-0.02275473
1760635043123,0.03176499,-0.0033597588,-0.02275473
1760635043126,0.031612277,-0.004581489,-0.02275473
1760635043128,0.027947085,-0.0033597588,-0.02031127
1760635043130,0.024281893,-0.0070249503,-0.021533
1760635043132,0.021838432,-0.0070249503,-0.02275473
1760635043134,0.01817324,-0.0070249503,-0.021533
1760635043137,0.015577064,-0.008093964,-0.02397646
1760635043139,0.013133603,-0.009315695,-0.027641652
1760635043143,0.009468411,-0.011759156,-0.027488936
1760635043145,0.0056505036,-0.014049901,-0.031154128
1760635043146,0.004428773,-0.016493361,-0.03359759
1760635043148,0.0032070426,-0.014049901,-0.03604105
1760635043150,-4.5814895E-4,-0.015271631,-0.03970624
1760635043153,-0.005497787,-0.010231993,-0.04337143
1760635043155,-0.009162978,-0.009010263,-0.044593163
1760635043158,-0.009010263,-0.0053450707,-0.044745877
1760635043159,-0.007788532,-0.0053450707,-0.044745877
1760635043162,-0.007788532,-0.0016798794,-0.044745877
1760635043164,-0.007788532,-6.1086525E-4,-0.04352415
1760635043166,-0.0065668016,0.0018325958,-0.04230242
1760635043169,-0.0053450707,0.004276057,-0.041080687
1760635043171,-0.0053450707,0.0018325958,-0.034972034
1760635043173,0.0021380284,-6.1086525E-4,-0.034972034
1760635043175,0.0021380284,-0.0018325958,-0.028863383
1760635043178,0.0033597588,-0.0067195175,-0.025198191
1760635043180,0.00580322,-0.009315695,-0.017715093
1760635043182,0.00580322,-0.014202617,-0.009162978
1760635043184,0.009315695,-0.02031127,-0.004276057
1760635043187,0.0056505036,-0.030085113,6.1086525E-4
1760635043189,0.0030543262,-0.03604105,0.006872234
1760635043191,6.1086525E-4,-0.03726278,0.0154243475
1760635043194,-0.0018325958,-0.045814894,0.02031127
1760635043196,-0.0032070426,-0.053145275,0.02275473
1760635043199,-0.006872234,-0.0580322,0.026572637
1760635043202,-0.009315695,-0.05681047,0.03023783
1760635043204,-0.018020526,-0.060322944,0.03145956
1760635043205,-0.022907447,-0.06154467,0.03268129
1760635043207,-0.029168816,-0.06383542,0.035124753
1760635043209,-0.03283401,-0.06505715,0.035124753
1760635043212,-0.0364992,-0.06505715,0.03634648
1760635043214,-0.042760566,-0.06490443,0.03756821
1760635043216,-0.047647487,-0.063682705,0.035124753
1760635043218,-0.05009095,-0.063682705,0.035124753
1760635043220,-0.05497787,-0.06001751,0.03268129
1760635043223,-0.059864793,-0.056199603,0.0290161
1760635043225,-0.057421334,-0.047800206,0.026419923
1760635043227,-0.056046885,-0.04046982,0.02397646
1760635043230,-0.054825157,-0.038026363,0.02031127
1760635043232,-0.053603426,-0.03680463,0.019089539
1760635043234,-0.051159963,-0.0355829,0.016646078
1760635043236,-0.04627304,-0.03680463,0.012980887
1760635043239,-0.038789943,-0.034513887,0.010537425
1760635043241,-0.03268129,-0.034513887,0.0056505036
1760635043243,-0.02275473,-0.033444874,7.6358154E-4
1760635043245,-0.016646078,-0.0346666,-4.5814895E-4
1760635043248,-0.009315695,-0.037110064,-0.0041233404
1760635043250,-0.0018325958,-0.03604105,-0.007788532
1760635043252,0.0067195175,-0.03359759,-0.01160644
1760635043254,0.01160644,-0.036193766,-0.017715093
1760635043257,0.019089539,-0.031306844,-0.018936822
1760635043259,0.02031127,-0.027641652,-0.022602014
1760635043261,0.0290161,-0.025350908,-0.026267206
1760635043264,0.03390302,-0.022907447,-0.029932396
1760635043266,0.03756821,-0.021685716,-0.03604105
1760635043268,0.04138612,-0.022907447,-0.03970624
1760635043270,0.04505131,-0.021838432,-0.0421497
1760635043273,0.049938235,-0.025503624,-0.0421497
1760635043275,0.049938235,-0.025503624,-0.048258353
1760635043277,0.051159963,-0.025503624,-0.049480084
1760635043279,0.053603426,-0.026725354,-0.050701816
1760635043282,0.053450707,-0.031612277,-0.054367006
1760635043284,0.04734206,-0.03756821,-0.053145275
1760635043286,0.04718934,-0.044898596,-0.054367006
1760635043289,0.04352415,-0.04734206,-0.05177083
1760635043291,0.03604105,-0.04596761,-0.05177083
1760635043293,0.031154128,-0.04596761,-0.05177083
1760635043295,0.028710667,-0.04718934,-0.04810564
1760635043298,0.022602014,-0.048258353,-0.043218717
1760635043300,0.018936822,-0.045814894,-0.038331795
1760635043302,0.011453724,-0.044593163,-0.0346666
1760635043305,0.0053450707,-0.044593163,-0.033444874
1760635043307,4.5814895E-4,-0.043218717,-0.02977968
1760635043309,-0.0032070426,-0.045662176,-0.02733622
1760635043311,-0.0106901415,-0.045662176,-0.022449298
1760635043314,-0.013133603,-0.04444045,-0.017562376
1760635043316,-0.018020526,-0.040775254,-0.013897184
1760635043318,-0.019242255,-0.039553523,-0.011453724
1760635043321,-0.025350908,-0.038179077,-0.007788532
1760635043323,-0.027794369,-0.032070424,-0.00290161
1760635043325,-0.027641652,-0.030848695,0.001985312
1760635043327,-0.027641652,-0.02977968,0.006872234
1760635043329,-0.026419923,-0.031001411,0.011759156
1760635043332,-0.027641652,-0.02977968,0.0154243475
1760635043334,-0.031306844,-0.030848695,0.0154243475
1760635043336,-0.030085113,-0.02977968,0.01786781
1760635043339,-0.028863383,-0.02733622,0.02031127
1760635043340,-0.026419923,-0.02855795,0.021533
1760635043344,-0.023823744,-0.02611449,0.020158553
1760635043346,-0.025045475,-0.02367103,0.017715093
1760635043348,-0.022602014,-0.022449298,0.017715093
1760635043350,-0.021380283,-0.021227567,0.016493361
1760635043352,-0.017715093,-0.018936822,0.016493361
1760635043355,-0.012675454,-0.017715093,0.01160644
1760635043357,-0.011453724,-0.015271631,0.01038471
1760635043359,-0.009010263,-0.015271631,0.0067195175
1760635043361,-0.00290161,-0.015271631,0.005497787
1760635043364,7.6358154E-4,-0.016646078,0.004276057
1760635043366,0.0032070426,-0.019089539,6.1086525E-4
1760635043369,0.009468411,-0.016646078,-0.004276057
1760635043370,0.018020526,-0.019089539,-0.009162978
1760635043373,0.024129177,-0.019242255,-0.01038471
1760635043375,0.030390546,-0.020463986,-0.014049901
1760635043377,0.0364992,-0.022907447,-0.017715093
1760635043379,0.04138612,-0.024281893,-0.021380283
1760635043382,0.04260785,-0.025503624,-0.023823744
1760635043384,0.051159963,-0.029168816,-0.026267206
1760635043386,0.057268616,-0.029168816,-0.029932396
1760635043389,0.062155537,-0.030543262,-0.03359759
1760635043391,0.06582073,-0.034208454,-0.03604105
1760635043393,0.06963864,-0.032986723,-0.03970624
1760635043395,0.07086037,-0.034208454,-0.0421497
1760635043398,0.07452556,-0.034208454,-0.044593163
1760635043400,0.07696902,-0.034208454,-0.048258353
1760635043402,0.07696902,-0.032986723,-0.048258353
1760635043405,0.07819075,-0.032986723,-0.048258353
1760635043407,0.07696902,-0.028099801,-0.049480084
1760635043409,0.073303826,-0.029321533,-0.050701816
1760635043411,0.07452556,-0.032986723,-0.051923547
1760635043414,0.07192938,-0.034208454,-0.049480084
1760635043416,0.07315111,-0.036651913,-0.045814894
1760635043418,0.07192938,-0.037873644,-0.048258353
1760635043421,0.07070765,-0.04153884,-0.049480084
1760635043423,0.06704246,-0.039095376,-0.047036625
1760635043425,0.06704246,-0.04153884,-0.047036625
1760635043427,0.06582073,-0.04016439,-0.047036625
1760635043430,0.058337633,-0.043829583,-0.044593163
1760635043432,0.05467244,-0.04260785,-0.04337143
1760635043434,0.05467244,-0.04138612,-0.0421497
1760635043436,0.049785517,-0.043676864,-0.044593163
1760635043439,0.04596761,-0.042455133,-0.04337143
1760635043441,0.04352415,-0.04734206,-0.043218717
1760635043443,0.041080687,-0.048563786,-0.041996986
1760635043445,0.03726278,-0.049632803,-0.041996986
1760635043447,0.032375857,-0.05085453,-0.043218717
1760635043450,0.031154128,-0.056963183,-0.04444045
1760635043452,0.024892759,-0.05681047,-0.04444045
1760635043454,0.02367103,-0.054367006,-0.046883907
1760635043457,0.017562376,-0.051923547,-0.045662176
1760635043459,0.013897184,-0.049480084,-0.04810564
1760635043461,0.009010263,-0.044593163,-0.050549097
1760635043463,0.00290161,-0.040775254,-0.050549097
1760635043465,0.0041233404,-0.035888333,-0.050701816
1760635043467,-0.0018325958,-0.02367103,-0.051923547
1760635043470,-0.0030543262,-0.018784106,-0.050701816
1760635043472,-0.005497787,-0.011453724,-0.051923547
1760635043474,-0.010231993,-4.5814895E-4,-0.05085453
1760635043477,-0.010231993,0.001985312,-0.05207626
1760635043479,-0.011453724,0.008093964,-0.04841107
1760635043481,-0.0125227375,0.017715093,-0.04596761
1760635043483,-0.0125227375,0.022602014,-0.044898596
1760635043486,-0.012370021,0.027488936,-0.041233405
1760635043488,-0.012370021,0.032375857,-0.038789943
1760635043490,-0.012217305,0.03970624,-0.035124753
1760635043492,-0.009773844,0.040775254,-0.0290161
1760635043495,-0.0047342055,0.046883907,-0.025350908
1760635043497,-0.0010690142,0.046883907,-0.020463986
1760635043499,0.0013744468,0.04795292,-0.019394971
1760635043502,0.0050396384,0.046731193,-0.01572978
1760635043504,0.008857546,0.046731193,-0.013286319
1760635043506,0.0125227375,0.045356743,-0.008246681
1760635043509,0.013744468,0.04046982,-0.00580322
1760635043511,0.01863139,0.038026363,-0.004581489
1760635043513,0.01985312,0.03313944,-0.004581489
1760635043515,0.020922136,0.029474247,-0.00580322
1760635043518,0.022143865,0.027030786,-0.004581489
1760635043520,0.022143865,0.023365596,-0.00580322
1760635043522,0.020922136,0.019700404,-0.0070249503
1760635043525,0.02321288,0.013591751,-0.010537425
1760635043527,0.018325957,0.010079277,-0.014202617
1760635043529,0.01695151,0.005192355,-0.0154243475
1760635043531,0.01572978,0.0015271631,-0.019089539
1760635043534,0.01572978,-0.0032070426,-0.019089539
1760635043535,0.0106901415,-0.004428773,-0.02031127
1760635043538,0.009468411,-0.009315695,-0.021533
1760635043541,0.0056505036,-0.011759156,-0.021380283
1760635043542,7.6358154E-4,-0.014049901,-0.026267206
1760635043545,-4.5814895E-4,-0.014049901,-0.027488936
1760635043547,0.001985312,-0.015271631,-0.025045475
1760635043549,-4.5814895E-4,-0.01038471,-0.023823744
1760635043552,-0.00290161,-0.007941248,-0.023823744
1760635043554,-0.0065668016,-0.0018325958,-0.02275473
1760635043556,-0.0065668016,-6.1086525E-4,-0.02031127
1760635043558,-0.006414085,0.0018325958,-0.019089539
1760635043561,-0.006414085,0.0067195175,-0.016646078
1760635043563,-0.005192355,0.01038471,-0.014202617
1760635043565,-0.011301007,0.014049901,-0.010537425
1760635043567,-0.011148291,0.016493361,-0.009315695
1760635043570,-0.011148291,0.02367103,-0.0070249503
1760635043572,-0.014813482,0.027488936,-0.00580322
1760635043575,-0.010995574,0.032223143,-0.0021380284
1760635043577,-0.007330383,0.035888333,-0.0021380284
1760635043579,-0.009773844,0.038331795,3.0543262E-4
1760635043581,-0.0071776668,0.041996986,-9.162979E-4
1760635043584,-0.0047342055,0.04428773,3.0543262E-4
1760635043586,1.5271631E-4,0.046731193,3.0543262E-4
1760635043588,0.005192355,0.04550946,3.0543262E-4
1760635043590,0.0076358155,0.046731193,-0.0021380284
1760635043592,0.011301007,0.044135015,3.0543262E-4
1760635043595,0.01740966,0.03436117,3.0543262E-4
1760635043597,0.022296581,0.0355829,0.0015271631
1760635043599,0.029626964,0.029321533,3.0543262E-4
1760635043602,0.033292156,0.02687807,-9.162979E-4
1760635043604,0.03940081,0.021991149,0.0015271631
1760635043606,0.043066,0.02076942,-0.0021380284
1760635043609,0.046731193,0.018325957,-0.0021380284
1760635043611,0.05665775,0.01450805,-0.0033597588
1760635043613,0.06154467,0.01572978,-0.0033597588
1760635043615,0.065209866,0.015577064,-0.0021380284
1760635043618,0.06887506,0.013133603,-9.162979E-4
1760635043620,0.07391469,0.011911872,-0.0021380284
1760635043622,0.077579886,0.008246681,3.0543262E-4
1760635043624,0.08002335,0.00580322,0.0016798794
1760635043626,0.079870634,0.004581489,0.00290161
1760635043629,0.084910266,0.001985312,0.00290161
1760635043631,0.08231409,-3.0543262E-4,0.00290161
1760635043633,0.079870634,-3.0543262E-4,0.0053450707
1760635043635,0.07742717,9.162979E-4,0.00290161
1760635043638,0.07620544,0.0021380284,0.00290161
1760635043640,0.07009678,9.162979E-4,0.0053450707
1760635043642,0.06505715,0.0022907446,0.0041233404
1760635043645,0.058948494,0.0022907446,0.0016798794
1760635043647,0.054061573,0.0071776668,0.00290161
1760635043649,0.04917465,0.007330383,0.0016798794
1760635043651,0.042913284,0.004886922,0.0016798794
1760635043654,0.03436117,0.0038179078,0.0016798794
1760635043656,0.028099801,0.0013744468,0.00290161
1760635043658,0.02443461,-0.0022907446,0.0016798794
1760635043660,0.01817324,-0.00580322,0.0016798794
1760635043663,0.013286319,-0.008246681,4.5814895E-4
1760635043665,0.0106901415,-0.010537425,-0.0018325958
1760635043667,0.0056505036,-0.01786781,-0.0018325958
1760635043669,0.0032070426,-0.02397646,-0.0018325958
1760635043672,0.0030543262,-0.031154128,-0.0030543262
1760635043674,6.1086525E-4,-0.03726278,-0.00290161
1760635043676,4.5814895E-4,-0.04337143,-0.0065668016
1760635043678,-7.6358154E-4,-0.050701816,-0.009010263
1760635043681,4.5814895E-4,-0.051923547,-0.009010263
1760635043683,3.0543262E-4,-0.06154467,-0.010079277
1760635043685,0.0015271631,-0.065209866,-0.013744468
1760635043688,0.006414085,-0.06780604,-0.016187929
1760635043690,0.010079277,-0.069027774,-0.01863139
1760635043692,0.013744468,-0.07269296,-0.02107485
1760635043694,0.01985312,-0.076358154,-0.022296581
1760635043696,0.024740042,-0.077579886,-0.025961773
1760635043699,0.028405234,-0.07651087,-0.027183503
1760635043701,0.031001411,-0.07284568,-0.029626964
1760635043703,0.035888333,-0.06795876,-0.02977968
1760635043706,0.04337143,-0.06078109,-0.031001411
1760635043708,0.044745877,-0.05955936,-0.02977968
1760635043710,0.049632803,-0.0571159,-0.031001411
1760635043712,0.053450707,-0.049938235,-0.031001411
1760635043715,0.06078109,-0.048716504,-0.032223143
1760635043718,0.064599,-0.04520403,-0.029932396
1760635043719,0.068264194,-0.04153884,-0.029932396
1760635043722,0.07086037,-0.034208454,-0.027488936
1760635043723,0.0720821,-0.029474247,-0.023823744
1760635043726,0.077121735,-0.025809057,-0.023823744
1760635043728,0.0795652,-0.019700404,-0.021533
1760635043731,0.08093964,-0.013744468,-0.02031127
1760635043733,0.08093964,-0.010079277,-0.019089539
1760635043735,0.08109236,-0.005192355,-0.016646078
1760635043737,0.08353582,-0.003970624,-0.0154243475
1760635043740,0.08475755,0.0021380284,-0.012980887
1760635043742,0.08368854,0.00580322,-0.0106901415
1760635043744,0.08246681,0.008246681,-0.009468411
1760635043746,0.08124508,0.009468411,-0.008246681
1760635043749,0.08124508,0.008246681,-0.00580322
1760635043751,0.079870634,0.0033597588,-0.0032070426
1760635043753,0.08109236,-0.0015271631,-0.001985312
1760635043756,0.079870634,-0.003970624,-7.6358154E-4
1760635043758,0.08231409,-0.003970624,4.5814895E-4
1760635043760,0.076052725,-0.0125227375,0.00290161
1760635043763,0.074830994,-0.016187929,0.0065668016
1760635043765,0.07360926,-0.016187929,0.0053450707
1760635043767,0.07360926,-0.020922136,0.007941248
1760635043769,0.06856962,-0.023365596,0.007941248
1760635043771,0.06734789,-0.025809057,0.009162978
1760635043774,0.06612616,-0.030695979,0.01038471
1760635043776,0.06352998,-0.03436117,0.01038471
1760635043778,0.06352998,-0.03924809,0.01160644
1760635043781,0.06093381,-0.04886922,0.011759156
1760635043783,0.056046885,-0.052534413,0.012980887
1760635043785,0.05467244,-0.058643065,0.012980887
1760635043787,0.054519724,-0.06704246,0.012980887
1760635043790,0.054519724,-0.075594574,0.013133603
1760635043792,0.053297993,-0.07925977,0.0143553335
1760635043794,0.051923547,-0.084146686,0.016798794
1760635043796,0.050701816,-0.08781188,0.021685716
1760635043799,0.053145275,-0.091477074,0.022907447
1760635043801,0.053145275,-0.09392053,0.025350908
1760635043803,0.050701816,-0.09514226,0.027947085
1760635043805,0.053145275,-0.100029185,0.031612277
1760635043808,0.055436023,-0.107359566,0.0364992
1760635043810,0.05787948,-0.11102476,0.043829583
1760635043812,0.06154467,-0.11591168,0.04505131
1760635043814,0.065209866,-0.119729586,0.049938235
1760635043817,0.069027774,-0.119729586,0.053603426
1760635043819,0.07269296,-0.11728613,0.056046885
1760635043821,0.07895433,-0.117438845,0.058490347
1760635043824,0.082619525,-0.11133019,0.05971208
1760635043826,0.0852157,-0.105374254,0.062155537
1760635043828,0.086437434,-0.09560041,0.06078109
1760635043830,0.08781188,-0.082161374,0.05955936
1760635043832,0.08552113,-0.0711658,0.058337633
1760635043835,0.08307768,-0.060170226,0.054519724
1760635043837,0.08689558,-0.05177083,0.05207626
1760635043839,0.08445212,-0.04428773,0.04718934
1760635043841,0.081855945,-0.056505036,0.04352415
1760635043844,0.075594574,-0.07467828,0.040011674
1760635043846,0.061850104,-0.09285152,0.03390302
1760635043848,0.04932737,-0.098807454,0.029168816
1760635043851,0.035888333,-0.09132435,0.021685716
1760635043853,0.020005837,-0.074067414,0.0143553335
1760635043855,0.004276057,-0.048258353,0.006872234
1760635043857,-0.014049901,-0.02367103,6.1086525E-4
1760635043860,-0.032375857,-0.0065668016,-0.0030543262
1760635043862,-0.04841107,9.162979E-4,-0.0067195175
1760635043864,-0.064446285,0.0012217305,-0.009162978
1760635043867,-0.07422013,-0.002443461,-0.009162978
1760635043869,-0.081855945,-0.012064588,-0.0067195175
1760635043871,-0.08674286,-0.019394971,-0.0053450707
1760635043873,-0.09315695,-0.03390302,-4.5814895E-4
1760635043875,-0.09437868,-0.041233405,0.004428773
1760635043878,-0.09560041,-0.048563786,0.013133603
1760635043880,-0.09560041,-0.04734206,0.019242255
1760635043883,-0.09560041,-0.044898596,0.026572637
1760635043884,-0.093004234,-0.041233405,0.035124753
1760635043887,-0.08811731,-0.03772093,0.04230242
1760635043889,-0.080634214,-0.040317107,0.049632803
1760635043891,-0.068264194,-0.04046982,0.056963183
1760635043893,-0.05971208,-0.046578474,0.06078109
1760635043896,-0.049938235,-0.04795292,0.064446285
1760635043898,-0.035124753,-0.05421429,0.070554934
1760635043900,-0.02031127,-0.05681047,0.071776666
1760635043903,-0.0056505036,-0.060628377,0.071776666
1760635043905,0.01038471,-0.063224554,0.06811147
1760635043907,0.025045475,-0.0729984,0.064446285
1760635043909,0.041080687,-0.07925977,0.06078109
1760635043912,0.054519724,-0.08552113,0.05222898
1760635043914,0.071776666,-0.0917825,0.044898596
1760635043916,0.086437434,-0.100334615,0.03772093
1760635043919,0.09743301,-0.105374254,0.031612277
1760635043921,0.11224649,-0.10308351,0.024129177
1760635043923,0.123242065,-0.10430524,0.016798794
1760635043925,0.13057245,-0.1067487,0.009468411
1760635043928,0.14172074,-0.10567969,0.0021380284
1760635043930,0.14905111,-0.115453534,-0.0038179078
1760635043933,0.15271631,-0.11789699,-0.00992656
1760635043934,0.15134187,-0.122783914,-0.018478673
1760635043937,0.15134187,-0.124005646,-0.024587326
1760635043939,0.14523321,-0.12018774,-0.030695979
1760635043941,0.14156802,-0.111635625,-0.038179077
