1760635837696,-0.18341228,-0.18600847,0.025961773
1760635837698,-0.172264,-0.18142697,0.025961773
1760635837700,-0.1647809,-0.17058411,0.028405234
1760635837703,-0.15225816,-0.15867224,0.029626964
1760635837705,-0.13744467,-0.15149458,0.028405234
1760635837707,-0.12492194,-0.13958271,0.02977968
1760635837710,-0.10995574,-0.13255776,0.031001411
1760635837712,-0.094989546,-0.11942416,0.02733622
1760635837714,-0.081397794,-0.10980303,0.02611449
1760635837716,-0.065209866,-0.101556346,0.02367103
1760635837718,-0.04917465,-0.09208794,0.016340645
1760635837720,-0.034208454,-0.08017606,0.015118915
1760635837723,-0.020463986,-0.069485925,0.01160644
1760635837725,-0.005497787,-0.05879578,0.0067195175
1760635837727,0.008246681,-0.043218717,0.004276057
1760635837730,0.01817324,-0.03481932,-6.1086525E-4
1760635837732,0.027030786,-0.02031127,-0.0067195175
1760635837734,0.038331795,-0.0071776668,-0.007941248
1760635837736,0.049480084,0.0036651916,-0.01282817
1760635837739,0.053450707,0.01817324,-0.017562376
1760635837741,0.06352998,0.032528576,-0.018784106
1760635837744,0.069791354,0.047036625,-0.018784106
1760635837746,0.07620544,0.05665775,-0.022449298
1760635837748,0.08124508,0.06872234,-0.022449298
1760635837750,0.08384126,0.07971791,-0.022449298
1760635837753,0.0888809,0.08811731,-0.020005837
1760635837754,0.08903361,0.0954477,-0.01863139
1760635837757,0.0926988,0.09773844,-0.01740966
1760635837759,0.096516706,0.10140363,-0.016187929
1760635837762,0.100334615,0.1049161,-0.014966198
1760635837764,0.101556346,0.1049161,-0.0125227375
1760635837766,0.100334615,0.1049161,-0.010079277
1760635837769,0.101556346,0.107359566,-0.006414085
1760635837770,0.09666943,0.1085813,-0.003970624
1760635837772,0.0954477,0.107359566,-0.0015271631
1760635837775,0.08933904,0.10873401,0.0033597588
1760635837777,0.08552113,0.10629055,0.004581489
1760635837779,0.08307768,0.10399981,0.008246681
1760635837782,0.07437284,0.10170906,0.009468411
1760635837784,0.064446285,0.09697486,0.0070249503
1760635837786,0.06078109,0.08964448,0.011911872
1760635837789,0.05085453,0.08506299,0.012980887
1760635837791,0.040775254,0.07544186,0.012980887
1760635837793,0.037110064,0.07070765,0.014202617
1760635837795,0.028252518,0.06352998,0.012980887
1760635837798,0.021991149,0.05513059,0.0154243475
1760635837800,0.01450805,0.04550946,0.014202617
1760635837802,-3.0543262E-4,0.039553523,0.01786781
1760635837804,-0.007788532,0.031154128,0.014202617
1760635837806,-0.01282817,0.02397646,0.012980887
1760635837809,-0.024129177,0.01572978,0.01160644
1760635837811,-0.029168816,0.004886922,0.01282817
1760635837813,-0.034208454,-0.0012217305,0.01282817
1760635837816,-0.044135015,-0.009468411,0.01282817
1760635837818,-0.046731193,-0.0143553335,0.015271631
1760635837820,-0.05299256,-0.026419923,0.014049901
1760635837822,-0.055588737,-0.031306844,0.01282817
1760635837825,-0.059253927,-0.03359759,0.01038471
1760635837827,-0.061850104,-0.040927973,0.01038471
1760635837830,-0.06429356,-0.041996986,0.01282817
1760635837832,-0.061850104,-0.043218717,0.01282817
1760635837834,-0.063224554,-0.046883907,0.014049901
1760635837836,-0.062002823,-0.05177083,0.014049901
1760635837839,-0.06078109,-0.05299256,0.015271631
1760635837840,-0.05955936,-0.05299256,0.016493361
1760635837843,-0.058337633,-0.054367006,0.018936822
1760635837845,-0.05222898,-0.053145275,0.017715093
1760635837847,-0.04718934,-0.05085453,0.018936822
1760635837850,-0.04352415,-0.04841107,0.018936822
1760635837852,-0.03863723,-0.046120327,0.018936822
1760635837854,-0.03481932,-0.046120327,0.021380283
1760635837856,-0.028710667,-0.04138612,0.023823744
1760635837858,-0.021227567,-0.040317107,0.027488936
1760635837861,-0.01740966,-0.03313944,0.026267206
1760635837863,-0.010079277,-0.03191771,0.029932396
1760635837866,-0.007483099,-0.027183503,0.03359759
1760635837868,-0.0012217305,-0.022449298,0.031154128
1760635837870,0.004886922,-0.018936822,0.03604105
1760635837872,0.012370021,-0.016493361,0.03726278
1760635837874,0.016187929,-0.012980887,0.03604105
1760635837877,0.022296581,-0.013133603,0.039858956
1760635837879,0.024892759,-0.0070249503,0.041080687
1760635837881,0.02611449,-0.0033597588,0.04352415
1760635837884,0.029932396,1.5271631E-4,0.04352415
1760635837887,0.03481932,0.0038179078,0.04352415
1760635837887,0.03481932,0.0050396384,0.04352415
1760635837890,0.037415497,0.010995574,0.04596761
1760635837892,0.037415497,0.012217305,0.044745877
1760635837895,0.040011674,0.015882496,0.04718934
1760635837897,0.038789943,0.017104227,0.049632803
1760635837899,0.038789943,0.015882496,0.05085453
1760635837901,0.040011674,0.015882496,0.05207626
1760635837905,0.039858956,0.010995574,0.053297993
1760635837906,0.037415497,0.008552114,0.05085453
1760635837908,0.036193766,0.008552114,0.05207626
1760635837910,0.036193766,0.0061086523,0.05207626
1760635837912,0.03359759,0.0050396384,0.049632803
1760635837914,0.031154128,0.0038179078,0.04718934
1760635837917,0.028710667,0.0025961774,0.04841107
1760635837919,0.022449298,-0.0021380284,0.04841107
1760635837922,0.018784106,-0.004428773,0.04596761
1760635837924,0.020005837,-0.00580322,0.044745877
1760635837926,0.01740966,-0.0056505036,0.04230242
1760635837928,0.011301007,-0.009315695,0.04230242
1760635837930,0.0062613687,-0.01038471,0.040927973
1760635837933,1.5271631E-4,-0.012675454,0.040927973
1760635837935,-0.0022907446,-0.011453724,0.03726278
1760635837937,-0.005955936,-0.009010263,0.03481932
1760635837939,-0.005955936,-0.011453724,0.03359759
1760635837941,-0.007330383,-0.0125227375,0.03359759
1760635837944,-0.010995574,-0.011301007,0.032375857
1760635837946,-0.013286319,-0.008857546,0.029932396
1760635837948,-0.01450805,-0.0027488936,0.031154128
1760635837950,-0.01695151,-0.006414085,0.028710667
1760635837953,-0.01817324,-0.0038179078,0.027488936
1760635837955,-0.020616703,0.0035124752,0.027488936
1760635837957,-0.021685716,0.005955936,0.027488936
1760635837959,-0.025503624,0.005955936,0.029932396
1760635837962,-0.024129177,0.005955936,0.032375857
1760635837964,-0.022907447,0.0071776668,0.036193766
1760635837966,-0.024129177,0.0071776668,0.036193766
1760635837969,-0.022907447,0.005955936,0.039858956
1760635837971,-0.020463986,0.004581489,0.041080687
1760635837973,-0.019242255,0.0070249503,0.04352415
1760635837976,-0.013133603,0.006872234,0.04596761
1760635837978,-0.006872234,0.010537425,0.04841107
1760635837980,-0.0032070426,0.01160644,0.04718934
1760635837982,-6.1086525E-4,0.016493361,0.04841107
1760635837985,0.0032070426,0.022449298,0.05085453
1760635837987,0.009315695,0.027183503,0.04841107
1760635837989,0.0106901415,0.033292156,0.04718934
1760635837991,0.01450805,0.03940081,0.04596761
1760635837994,0.02076942,0.042913284,0.04718934
1760635837996,0.021991149,0.046578474,0.04596761
1760635837998,0.021991149,0.046578474,0.044745877
1760635838000,0.021991149,0.046578474,0.04352415
1760635838002,0.02443461,0.043982297,0.04230242
1760635838005,0.029321533,0.040317107,0.04230242
1760635838008,0.030390546,0.039095376,0.03863723
1760635838010,0.031612277,0.034208454,0.036193766
1760635838012,0.034055736,0.03176499,0.036193766
1760635838014,0.03772093,0.028099801,0.032528576
1760635838016,0.038789943,0.02565634,0.031306844
1760635838019,0.043676864,0.021838432,0.028863383
1760635838021,0.041233405,0.024281893,0.025198191
1760635838023,0.041233405,0.02076942,0.02397646
1760635838025,0.043676864,0.021838432,0.02031127
1760635838028,0.041233405,0.02076942,0.019089539
1760635838030,0.03863723,0.017104227,0.0154243475
1760635838032,0.032528576,0.018478673,0.012980887
1760635838034,0.033750303,0.013591751,0.012980887
1760635838036,0.028710667,0.012370021,0.011759156
1760635838039,0.022602014,0.010079277,0.010537425
1760635838041,0.017562376,0.009010263,0.006872234
1760635838043,0.012675454,0.0065668016,0.0067195175
1760635838046,0.008857546,0.0018325958,0.009162978
1760635838048,0.003970624,6.1086525E-4,0.0067195175
1760635838050,-0.0021380284,-4.5814895E-4,0.009162978
1760635838052,-0.005955936,-0.00290161,0.01038471
1760635838055,-0.008399397,-0.003970624,0.01160644
1760635838057,-0.013286319,-0.006414085,0.014049901
1760635838059,-0.01695151,-0.0038179078,0.015271631
1760635838061,-0.019394971,-0.0038179078,0.016493361
1760635838064,-0.021991149,-0.0038179078,0.017715093
1760635838066,-0.02321288,-0.007483099,0.017715093
1760635838068,-0.02443461,-0.007483099,0.018936822
1760635838070,-0.02443461,-0.007483099,0.016493361
1760635838072,-0.02565634,-0.008552114,0.018936822
1760635838075,-0.028099801,-0.008552114,0.017715093
1760635838077,-0.02565634,-0.009773844,0.018936822
1760635838080,-0.02687807,-0.009773844,0.020158553
1760635838082,-0.028099801,-0.0036651916,0.016493361
1760635838083,-0.030543262,-0.0036651916,0.016493361
1760635838086,-0.02687807,-0.004886922,0.016493361
1760635838088,-0.02687807,-0.002443461,0.017715093
1760635838091,-0.025503624,-0.0013744468,0.015271631
1760635838093,-0.026725354,0.0035124752,0.015271631
1760635838096,-0.020616703,0.0010690142,0.01282817
1760635838098,-0.019394971,0.0035124752,0.01160644
1760635838100,-0.015577064,0.004581489,0.01038471
1760635838102,-0.013133603,0.004581489,0.01160644
1760635838104,-0.00580322,0.006872234,0.009162978
1760635838107,-9.162979E-4,0.0032070426,0.007941248
1760635838108,0.0027488936,0.0018325958,0.0067195175
1760635838111,0.009010263,0.004276057,0.005497787
1760635838113,0.011453724,0.0041233404,0.0030543262
1760635838115,0.020005837,0.0041233404,0.0018325958
1760635838117,0.022449298,0.003970624,6.1086525E-4
1760635838120,0.026267206,0.008857546,-4.5814895E-4
1760635838122,0.026267206,0.010079277,7.6358154E-4
1760635838124,0.031154128,0.012370021,7.6358154E-4
1760635838126,0.03481932,0.00992656,7.6358154E-4
1760635838129,0.037415497,0.012217305,0.001985312
1760635838131,0.03863723,0.013439035,0.0032070426
1760635838133,0.039858956,0.012217305,0.0056505036
1760635838135,0.04230242,0.009773844,0.004428773
1760635838138,0.04596761,0.010995574,0.0056505036
1760635838140,0.04596761,0.007330383,0.008093964
1760635838142,0.04841107,0.005955936,0.008093964
1760635838144,0.047036625,0.0061086523,0.008093964
1760635838146,0.04718934,0.0071776668,0.009315695
1760635838149,0.049632803,0.0047342055,0.011759156
1760635838152,0.047036625,0.002443461,0.008093964
1760635838154,0.048258353,0.0035124752,0.010537425
1760635838156,0.048258353,0.0012217305,0.012980887
1760635838158,0.04444045,-0.004886922,0.012980887
1760635838160,0.040775254,-0.005955936,0.014202617
1760635838163,0.040775254,-0.0096211275,0.01282817
1760635838165,0.036957346,-0.013286319,0.014049901
1760635838167,0.03191771,-0.019242255,0.014049901
1760635838169,0.027030786,-0.02397646,0.015271631
1760635838171,0.027030786,-0.025198191,0.014049901
1760635838174,0.021991149,-0.031306844,0.014049901
1760635838176,0.01450805,-0.03359759,0.01282817
1760635838178,0.0096211275,-0.033444874,0.01160644
1760635838180,0.00580322,-0.035888333,0.014049901
1760635838183,-3.0543262E-4,-0.034513887,0.01160644
1760635838186,-0.0076358155,-0.03680463,0.009162978
1760635838187,-0.009010263,-0.042913284,0.01160644
1760635838190,-0.017562376,-0.043982297,0.01038471
1760635838192,-0.021380283,-0.04642576,0.009162978
1760635838194,-0.025045475,-0.04627304,0.007941248
1760635838196,-0.026419923,-0.049938235,0.0067195175
1760635838199,-0.032528576,-0.049785517,0.005497787
1760635838201,-0.03604105,-0.044898596,0.004276057
1760635838203,-0.037415497,-0.046120327,0.004276057
1760635838205,-0.03726278,-0.042455133,0.0030543262
1760635838208,-0.03848451,-0.035124753,0.0018325958
1760635838210,-0.038331795,-0.03023783,6.1086525E-4
1760635838212,-0.039553523,-0.026572637,0.0018325958
1760635838215,-0.04062254,-0.019242255,-6.1086525E-4
1760635838216,-0.04062254,-0.013286319,-6.1086525E-4
1760635838219,-0.038026363,-0.008399397,6.1086525E-4
1760635838221,-0.035430185,-0.0022907446,-6.1086525E-4
1760635838223,-0.03283401,0.004886922,-6.1086525E-4
1760635838225,-0.031612277,0.008552114,-6.1086525E-4
1760635838228,-0.0290161,0.013286319,-0.0018325958
1760635838230,-0.024129177,0.019394971,-0.0030543262
1760635838232,-0.019089539,0.026572637,-0.0018325958
1760635838235,-0.015271631,0.032528576,7.6358154E-4
1760635838237,-0.009010263,0.036193766,0.001985312
1760635838239,-0.003970624,0.04337143,7.6358154E-4
1760635838241,0.0022907446,0.050549097,0.001985312
1760635838244,0.0071776668,0.054061573,-0.00290161
1760635838247,0.012217305,0.057726767,-0.0016798794
1760635838248,0.019700404,0.06490443,-4.5814895E-4
1760635838251,0.02107485,0.073303826,-0.00290161
1760635838252,0.024892759,0.07941248,-0.0016798794
1760635838255,0.02977968,0.08170322,0.001985312
1760635838257,0.031154128,0.08659015,0.001985312
1760635838259,0.03359759,0.08659015,0.001985312
1760635838261,0.03604105,0.08399397,7.6358154E-4
1760635838264,0.03359759,0.09254608,-4.5814895E-4
1760635838266,0.036193766,0.09254608,-0.0016798794
1760635838268,0.033750303,0.09621128,-0.0016798794
1760635838271,0.033750303,0.101098195,-0.0016798794
1760635838273,0.036193766,0.09987647,0.004581489
1760635838275,0.036193766,0.094989546,0.004428773
1760635838277,0.032528576,0.093767814,0.004428773
1760635838280,0.031154128,0.09025534,0.006872234
1760635838282,0.02855795,0.0804815,0.004428773
1760635838285,0.027183503,0.07452556,0.0032070426
1760635838287,0.02107485,0.07086037,-4.5814895E-4
1760635838289,0.016035212,0.071013086,-0.00290161
1760635838291,0.013591751,0.069791354,-0.0053450707
1760635838294,0.00870483,0.06872234,-0.007788532
1760635838296,0.002443461,0.067500606,-0.0053450707
1760635838298,-0.0061086523,0.063988134,-0.0041233404
1760635838301,-0.00992656,0.059253927,-0.00290161
1760635838302,-0.01740966,0.049632803,-0.00290161
1760635838304,-0.022602014,0.038789943,-0.0053450707
1760635838307,-0.022602014,0.03145956,-0.0065668016
1760635838310,-0.021533,0.025350908,-0.009162978
1760635838312,-0.024129177,0.01450805,-0.01160644
1760635838313,-0.025503624,0.0071776668,-0.009162978
1760635838316,-0.024281893,0.0022907446,-0.009162978
1760635838318,-0.028099801,0.0012217305,-0.009162978
1760635838320,-0.029474247,-0.008552114,-0.007941248
1760635838323,-0.029474247,-0.008552114,-0.007941248
1760635838325,-0.028252518,-0.009773844,-0.009162978
1760635838327,-0.025809057,-0.009773844,-0.01282817
1760635838329,-0.027030786,-0.009773844,-0.01282817
1760635838332,-0.024587326,-0.008552114,-0.014049901
1760635838334,-0.02443461,-0.0061086523,-0.015271631
1760635838337,-0.02321288,-1.5271631E-4,-0.016493361
1760635838339,-0.02565634,0.0012217305,-0.014049901
1760635838341,-0.021838432,0.0010690142,-0.01282817
1760635838343,-0.018325957,-0.0038179078,-0.01282817
1760635838345,-0.014660766,-0.00870483,-0.01282817
1760635838348,-0.010995574,-0.008857546,-0.015271631
1760635838350,-0.010995574,-0.011301007,-0.016493361
1760635838352,-0.010995574,-0.0076358155,-0.017715093
1760635838354,-0.009773844,-0.005192355,-0.015271631
1760635838356,-0.007330383,-0.006414085,-0.015271631
1760635838359,-0.008552114,-0.0076358155,-0.01160644
1760635838361,-0.009773844,-0.008857546,-0.01160644
1760635838363,-0.007330383,-0.0125227375,-0.007941248
1760635838365,-0.008552114,-0.014966198,-0.0067195175
1760635838368,-0.011148291,-0.018478673,-0.005497787
1760635838370,-0.00992656,-0.024587326,-0.0067195175
1760635838372,-0.007483099,-0.025961773,-0.004276057
1760635838375,-0.007483099,-0.025961773,-0.0018325958
1760635838377,-0.0050396384,-0.024740042,0.0018325958
1760635838379,-0.0025961774,-0.027183503,6.1086525E-4
1760635838381,-1.5271631E-4,-0.025961773,0.0018325958
1760635838384,0.0035124752,-0.024892759,-6.1086525E-4
1760635838386,0.0047342055,-0.024892759,-0.0030543262
1760635838388,0.0036651916,-0.018784106,-0.0018325958
1760635838390,0.0061086523,-0.020005837,-6.1086525E-4
1760635838393,0.002443461,-0.020005837,-6.1086525E-4
1760635838396,-1.5271631E-4,-0.025961773,-0.0030543262
1760635838398,0.0035124752,-0.024892759,-0.005497787
1760635838399,0.005955936,-0.02733622,-0.0067195175
1760635838402,0.0022907446,-0.02855795,-0.0067195175
1760635838404,0.0010690142,-0.028405234,-0.007941248
1760635838406,0.0033597588,-0.032223143,-0.0067195175
1760635838409,0.0033597588,-0.033292156,-0.0067195175
1760635838410,0.004581489,-0.037110064,-0.005497787
1760635838413,0.0021380284,-0.036957346,-0.0067195175
1760635838415,0.0033597588,-0.04062254,-0.0067195175
1760635838417,0.0070249503,-0.040775254,-0.007941248
1760635838420,0.0056505036,-0.04428773,-0.009162978
1760635838422,0.001985312,-0.04428773,-0.009162978
1760635838424,7.6358154E-4,-0.043066,-0.01038471
1760635838427,0.001985312,-0.043066,-0.01160644
1760635838429,7.6358154E-4,-0.04550946,-0.01038471
1760635838431,-0.0016798794,-0.043066,-0.01038471
1760635838433,-0.0016798794,-0.04062254,-0.01282817
1760635838436,-0.0016798794,-0.03940081,-0.01282817
1760635838438,-0.0016798794,-0.043066,-0.01282817
1760635838440,-0.00290161,-0.03940081,-0.014049901
1760635838442,-0.003970624,-0.036957346,-0.01160644
1760635838445,-0.003970624,-0.036957346,-0.014049901
1760635838447,-0.003970624,-0.032070424,-0.01282817
1760635838449,-0.005192355,-0.029626964,-0.01160644
1760635838452,-0.008857546,-0.028252518,-0.009162978
1760635838454,-0.010079277,-0.025809057,-0.009162978
1760635838456,-0.011148291,-0.020922136,-0.0067195175
1760635838458,-0.012370021,-0.016035212,-0.0067195175
1760635838460,-0.009773844,-0.0125227375,-0.0067195175
1760635838463,-0.013439035,-0.011148291,-0.004276057
1760635838465,-0.013439035,-0.006414085,-0.0030543262
1760635838467,-0.01817324,-0.0013744468,-6.1086525E-4
1760635838469,-0.01695151,-1.5271631E-4,6.1086525E-4
1760635838472,-0.01572978,-3.0543262E-4,0.0030543262
1760635838474,-0.01572978,9.162979E-4,0.004276057
1760635838477,-0.0143553335,0.004581489,0.007941248
1760635838479,-0.0143553335,0.0070249503,0.01038471
1760635838481,-0.0143553335,0.013133603,0.014049901
1760635838483,-0.012980887,0.0143553335,0.01282817
1760635838485,-0.012980887,0.021533,0.012980887
1760635838487,-0.01282817,0.026419923,0.016646078
1760635838490,-0.012675454,0.032528576,0.02031127
1760635838492,-0.010231993,0.033750303,0.021533
1760635838494,-0.012675454,0.036193766,0.021533
1760635838496,-0.010079277,0.03970624,0.025198191
1760635838499,-0.003970624,0.03970624,0.02397646
1760635838500,-0.005192355,0.040927973,0.026419923
1760635838503,-0.0015271631,0.040775254,0.025198191
1760635838505,-1.5271631E-4,0.045662176,0.026419923
1760635838508,-1.5271631E-4,0.04810564,0.030085113
1760635838510,-1.5271631E-4,0.04932737,0.028863383
1760635838512,0.0035124752,0.04932737,0.030085113
1760635838515,0.005955936,0.050396383,0.030085113
1760635838517,0.0061086523,0.052839845,0.030085113
1760635838520,0.007330383,0.051618114,0.032528576
1760635838522,0.0061086523,0.052839845,0.031306844
1760635838525,0.0071776668,0.050396383,0.031306844
1760635838525,0.0071776668,0.046731193,0.031306844
1760635838528,0.0071776668,0.04428773,0.032528576
1760635838531,0.00580322,0.039553523,0.031306844
1760635838533,0.0070249503,0.038331795,0.031306844
1760635838535,0.008246681,0.033444874,0.032528576
1760635838537,0.006872234,0.031001411,0.031306844
1760635838538,0.007941248,0.020005837,0.031306844
1760635838541,0.009162978,0.016340645,0.030085113
1760635838544,0.007941248,0.013897184,0.028863383
1760635838546,0.0041233404,0.007941248,0.030085113
1760635838548,3.0543262E-4,6.1086525E-4,0.030085113
1760635838550,0.0015271631,0.0030543262,0.030085113
1760635838553,-0.00580322,-4.5814895E-4,0.028710667
1760635838555,-0.005955936,-0.0053450707,0.027488936
1760635838557,-0.012064588,-0.008857546,0.026267206
1760635838560,-0.013439035,-0.011301007,0.028710667
1760635838562,-0.014660766,-0.0125227375,0.029932396
1760635838565,-0.017104227,-0.016035212,0.031154128
1760635838566,-0.022143865,-0.018478673,0.03359759
1760635838568,-0.020922136,-0.019700404,0.03359759
1760635838570,-0.025961773,-0.02443461,0.03604105
1760635838573,-0.028405234,-0.02687807,0.03481932
1760635838575,-0.027183503,-0.03176499,0.03604105
1760635838577,-0.030848695,-0.027947085,0.03604105
1760635838579,-0.033292156,-0.027947085,0.03604105
1760635838582,-0.035888333,-0.031612277,0.03726278
1760635838584,-0.038331795,-0.030390546,0.03726278
1760635838586,-0.038331795,-0.031612277,0.040927973
1760635838589,-0.040775254,-0.03023783,0.03970624
1760635838592,-0.039553523,-0.03023783,0.03848451
1760635838593,-0.038179077,-0.025503624,0.03970624
1760635838596,-0.04184427,-0.026572637,0.03970624
1760635838598,-0.04428773,-0.025350908,0.03848451
1760635838600,-0.04062254,-0.024281893,0.03848451
1760635838603,-0.043066,-0.022907447,0.03604105
1760635838605,-0.03940081,-0.019394971,0.03481932
1760635838607,-0.034513887,-0.020616703,0.03481932
1760635838610,-0.03436117,-0.019394971,0.03604105
1760635838612,-0.03191771,-0.018325957,0.03481932
1760635838614,-0.027030786,-0.019547688,0.032375857
1760635838616,-0.025809057,-0.017104227,0.032375857
1760635838618,-0.02076942,-0.013591751,0.031154128
1760635838621,-0.015882496,-0.00992656,0.026267206
1760635838624,-0.012064588,-0.006414085,0.022602014
1760635838625,-0.008399397,-0.0027488936,0.018936822
1760635838627,-0.004581489,0.001985312,0.018936822
1760635838629,3.0543262E-4,0.0030543262,0.015271631
1760635838632,0.0041233404,0.005497787,0.014049901
1760635838634,0.0041233404,0.01038471,0.0154243475
1760635838636,0.0065668016,0.01160644,0.014202617
1760635838639,0.012675454,0.009010263,0.011759156
1760635838640,0.014049901,0.011453724,0.006872234
1760635838643,0.016493361,0.015118915,0.006872234
1760635838646,0.017715093,0.01985312,0.0032070426
1760635838647,0.02031127,0.01985312,0.004428773
1760635838650,0.02031127,0.02107485,0.004428773
1760635838652,0.021533,0.024740042,0.006872234
1760635838654,0.02031127,0.025961773,0.006872234
1760635838656,0.021533,0.024740042,0.006872234
1760635838659,0.021533,0.02107485,0.0056505036
1760635838661,0.02031127,0.02107485,0.0032070426
1760635838663,0.02031127,0.024740042,7.6358154E-4
1760635838665,0.019089539,0.023518313,7.6358154E-4
1760635838668,0.01786781,0.023518313,-4.5814895E-4
1760635838671,0.0154243475,0.024740042,-4.5814895E-4
1760635838672,0.014202617,0.022449298,7.6358154E-4
1760635838674,0.014202617,0.024892759,-4.5814895E-4
1760635838676,0.0056505036,0.02733622,-0.0016798794
1760635838679,0.0056505036,0.02855795,-0.0041233404
1760635838681,0.006872234,0.031001411,-0.0065668016
1760635838683,7.6358154E-4,0.029932396,-0.0053450707
1760635838686,-0.0016798794,0.032375857,-0.0041233404
1760635838688,-0.0041233404,0.031154128,-0.0041233404
1760635838690,-0.009010263,0.033750303,-0.007788532
1760635838692,-0.0067195175,0.030085113,-0.010231993
1760635838695,-0.01038471,0.030085113,-0.011453724
1760635838696,-0.009162978,0.028863383,-0.015271631
1760635838699,-0.009162978,0.027641652,-0.015271631
1760635838701,-0.0067195175,0.026419923,-0.016493361
1760635838704,-0.008093964,0.02397646,-0.016493361
1760635838706,-0.006872234,0.02275473,-0.016493361
1760635838708,-0.004428773,0.02031127,-0.016493361
1760635838711,-0.0032070426,0.016646078,-0.017715093
1760635838713,-0.001985312,0.016646078,-0.018936822
1760635838715,4.5814895E-4,0.014049901,-0.022602014
1760635838717,0.00290161,0.015271631,-0.025045475
1760635838719,0.0041233404,0.01160644,-0.026267206
1760635838721,0.0041233404,0.01282817,-0.026267206
1760635838723,0.0041233404,0.01282817,-0.027488936
1760635838725,0.010231993,0.01038471,-0.026267206
1760635838728,0.011453724,0.011453724,-0.027488936
1760635838730,0.015118915,0.010231993,-0.025045475
1760635838732,0.020005837,0.0053450707,-0.028710667
1760635838734,0.021227567,0.00290161,-0.028710667
1760635838737,0.023518313,-0.001985312,-0.028710667
1760635838739,0.028405234,-0.004581489,-0.031154128
1760635838741,0.034513887,-0.0106901415,-0.031154128
1760635838743,0.03573562,-0.0106901415,-0.031154128
1760635838746,0.03436117,-0.015577064,-0.032375857
1760635838748,0.038026363,-0.0143553335,-0.03604105
1760635838750,0.03924809,-0.018020526,-0.03481932
1760635838753,0.04184427,-0.01572978,-0.03359759
1760635838755,0.04062254,-0.0096211275,-0.03604105
1760635838757,0.04062254,-0.010842858,-0.03726278
1760635838760,0.036957346,-0.0106901415,-0.03848451
1760635838762,0.036957346,-0.0106901415,-0.03726278
1760635838764,0.036957346,-0.013133603,-0.03481932
1760635838766,0.03680463,-0.016798794,-0.03481932
1760635838769,0.03313944,-0.018020526,-0.03481932
1760635838770,0.0355829,-0.019242255,-0.03604105
1760635838773,0.03176499,-0.024129177,-0.032375857
1760635838775,0.03176499,-0.024129177,-0.029932396
1760635838778,0.030543262,-0.025198191,-0.029932396
1760635838780,0.030543262,-0.027641652,-0.029932396
1760635838782,0.029321533,-0.028863383,-0.026267206
1760635838784,0.030543262,-0.028863383,-0.027488936
1760635838787,0.028099801,-0.027641652,-0.025045475
1760635838789,0.026725354,-0.030085113,-0.025045475
1760635838791,0.02565634,-0.026419923,-0.025045475
1760635838793,0.02321288,-0.025198191,-0.025045475
1760635838796,0.02565634,-0.021533,-0.026267206
1760635838799,0.021991149,-0.02397646,-0.025045475
1760635838801,0.02076942,-0.026267206,-0.023823744
1760635838802,0.019547688,-0.023823744,-0.022602014
1760635838804,0.014660766,-0.020158553,-0.023823744
1760635838807,0.017104227,-0.020158553,-0.025045475
1760635838809,0.012217305,-0.017715093,-0.022602014
1760635838811,0.012217305,-0.017715093,-0.022602014
1760635838813,0.012217305,-0.016493361,-0.023823744
1760635838816,0.013439035,-0.017715093,-0.023823744
1760635838818,0.011148291,-0.01160644,-0.022602014
1760635838821,0.012370021,-0.01160644,-0.022602014
1760635838823,0.012370021,-0.01038471,-0.021380283
1760635838825,0.011148291,-0.005497787,-0.021380283
1760635838827,0.0062613687,-0.0067195175,-0.018936822
1760635838829,0.00992656,-0.009162978,-0.018936822
1760635838832,0.00870483,-0.0067195175,-0.017715093
1760635838834,0.00992656,-0.009162978,-0.015271631
1760635838836,0.010995574,-0.015271631,-0.01282817
1760635838839,0.012217305,-0.016493361,-0.01160644
1760635838841,0.014660766,-0.017715093,-0.007941248
1760635838843,0.013439035,-0.018936822,-0.0067195175
1760635838845,0.014660766,-0.017715093,-0.005497787
1760635838848,0.016035212,-0.017715093,-0.0030543262
1760635838849,0.017104227,-0.020158553,-0.0018325958
1760635838852,0.013439035,-0.022602014,-0.0018325958
1760635838854,0.010995574,-0.023823744,6.1086525E-4
1760635838857,0.010995574,-0.021380283,0.0018325958
1760635838859,0.010995574,-0.018936822,0.0018325958
1760635838861,0.009773844,-0.025045475,0.0030543262
1760635838863,0.008399397,-0.02977968,0.005497787
1760635838866,0.008399397,-0.031001411,0.0067195175
1760635838868,0.0021380284,-0.034513887,0.007941248
1760635838870,0.0021380284,-0.03940081,0.0067195175
1760635838872,-0.0015271631,-0.03940081,0.007941248
1760635838875,-0.005192355,-0.038179077,0.0067195175
1760635838877,-0.010231993,-0.03924809,0.004276057
1760635838879,-0.011453724,-0.04046982,0.0030543262
1760635838881,-0.015118915,-0.037873644,0.0030543262
1760635838884,-0.020005837,-0.037873644,0.0018325958
1760635838886,-0.023823744,-0.04016439,-6.1086525E-4
1760635838888,-0.02733622,-0.0364992,-0.004276057
1760635838890,-0.032223143,-0.031612277,-0.004276057
1760635838893,-0.038331795,-0.0290161,-0.005497787
1760635838895,-0.041996986,-0.025350908,-0.005497787
1760635838897,-0.046883907,-0.020463986,-0.005497787
1760635838899,-0.050549097,-0.019089539,-0.0067195175
1760635838902,-0.05177083,-0.02031127,-0.009162978
1760635838904,-0.05177083,-0.021533,-0.005497787
1760635838906,-0.05421429,-0.021533,-0.005497787
1760635838908,-0.04932737,-0.02397646,-0.005497787
1760635838911,-0.04444045,-0.022907447,-0.004276057
1760635838913,-0.04184427,-0.019242255,-0.005497787
1760635838915,-0.036957346,-0.01695151,-0.0030543262
1760635838917,-0.03191771,-0.010995574,-0.0018325958
1760635838920,-0.02565634,-0.002443461,-0.0018325958
1760635838922,-0.021838432,0.005955936,-6.1086525E-4
1760635838924,-0.018020526,0.0143553335,6.1086525E-4
1760635838926,-0.014202617,0.022907447,0.0030543262
1760635838929,-0.01160644,0.030085113,0.0056505036
1760635838931,-0.0065668016,0.03481932,0.006872234
1760635838933,-0.003970624,0.040927973,0.010537425
1760635838935,-3.0543262E-4,0.043218717,0.012980887
1760635838938,0.0010690142,0.046883907,0.014202617
1760635838940,0.0047342055,0.046883907,0.019089539
1760635838942,0.0071776668,0.04795292,0.02031127
1760635838944,0.008399397,0.04428773,0.025198191
1760635838947,0.012064588,0.046731193,0.026419923
1760635838949,0.013286319,0.04795292,0.027641652
1760635838951,0.01450805,0.04428773,0.031306844
1760635838953,0.01572978,0.044135015,0.030085113
1760635838956,0.013286319,0.04428773,0.030085113
1760635838958,0.01450805,0.04550946,0.031306844
1760635838960,0.013286319,0.04184427,0.031306844
1760635838963,0.013133603,0.038179077,0.032528576
1760635838965,0.013133603,0.033292156,0.032528576
1760635838967,0.011911872,0.033292156,0.031306844
1760635838969,0.008246681,0.032223143,0.028863383
1760635838971,0.0056505036,0.024892759,0.028863383
1760635838974,0.0018325958,0.017715093,0.026419923
1760635838976,4.5814895E-4,0.01160644,0.025198191
1760635838977,-0.00580322,0.008093964,0.021533
1760635838980,-0.00580322,0.004428773,0.018936822
1760635838983,-0.0106901415,0.0021380284,0.017715093
1760635838985,-0.0096211275,-3.0543262E-4,0.016493361
1760635838987,-0.01450805,-0.006414085,0.014049901
1760635838989,-0.015882496,-0.011148291,0.014049901
1760635838992,-0.019700404,-0.016035212,0.01160644
1760635838993,-0.019700404,-0.018478673,0.01160644
1760635838996,-0.01985312,-0.02687807,0.01160644
1760635838998,-0.01863139,-0.028099801,0.01038471
1760635839001,-0.02107485,-0.029321533,0.009162978
1760635839003,-0.02107485,-0.03176499,0.01038471
1760635839005,-0.02367103,-0.036651913,0.01160644
1760635839008,-0.020005837,-0.04153884,0.01282817
1760635839010,-0.021380283,-0.043982297,0.014049901
1760635839012,-0.016340645,-0.042760566,0.014049901
1760635839014,-0.016493361,-0.04642576,0.015271631
1760635839016,-0.017715093,-0.04886922,0.017715093
1760635839018,-0.020158553,-0.04520403,0.017715093
1760635839022,-0.017562376,-0.043982297,0.020158553
1760635839024,-0.017562376,-0.04153884,0.020158553
1760635839026,-0.021227567,-0.040317107,0.021380283
1760635839027,-0.022449298,-0.037873644,0.021380283
1760635839030,-0.022449298,-0.036651913,0.023823744
1760635839033,-0.022296581,-0.032986723,0.023823744
1760635839034,-0.024892759,-0.034208454,0.022602014
1760635839037,-0.02733622,-0.032986723,0.026267206
1760635839039,-0.02855795,-0.03283401,0.025045475
1760635839041,-0.02733622,-0.035277467,0.022602014
1760635839043,-0.02733622,-0.0364992,0.021380283
1760635839045,-0.02733622,-0.034055736,0.018936822
1760635839047,-0.025961773,-0.029321533,0.016493361
1760635839051,-0.023518313,-0.028099801,0.018936822
1760635839053,-0.023518313,-0.02565634,0.015271631
1760635839054,-0.019700404,-0.022143865,0.018936822
1760635839057,-0.018478673,-0.022143865,0.018936822
1760635839059,-0.014966198,-0.027030786,0.018936822
1760635839061,-0.014813482,-0.023365596,0.015271631
1760635839063,-0.012370021,-0.020922136,0.009162978
1760635839066,-0.008552114,-0.016187929,0.0067195175
1760635839068,-0.0036651916,-0.013744468,0.005497787
1760635839072,1.5271631E-4,-0.0041233404,0.0030543262
1760635839074,0.005192355,-6.1086525E-4,0.004276057
1760635839075,0.009010263,0.005497787,0.005497787
1760635839078,0.012675454,0.0053450707,0.0030543262
1760635839080,0.018784106,0.0065668016,0.004276057
1760635839082,0.024892759,0.006414085,0.0056505036
1760635839084,0.031154128,0.012370021,0.001985312
1760635839087,0.034972034,0.013591751,-4.5814895E-4
1760635839089,0.041080687,0.015882496,7.6358154E-4
1760635839091,0.04596761,0.01695151,0.004428773
1760635839094,0.048563786,0.01695151,0.004428773
1760635839096,0.05222898,0.01695151,0.0032070426
1760635839098,0.053450707,0.020463986,0.0056505036
1760635839101,0.05589417,0.021685716,0.0056505036
1760635839103,0.058490347,0.025350908,0.006872234
1760635839105,0.061086524,0.031306844,0.004428773
1760635839108,0.061086524,0.034972034,0.0056505036
1760635839110,0.059864793,0.037415497,0.0056505036
1760635839111,0.056199603,0.03634648,0.0056505036
1760635839114,0.056199603,0.038789943,0.009315695
1760635839116,0.052534413,0.03634648,0.012980887
1760635839118,0.04642576,0.03772093,0.011759156
1760635839121,0.043829583,0.035277467,0.012980887
1760635839123,0.03894266,0.030543262,0.011759156
1760635839125,0.035124753,0.028099801,0.012980887
1760635839127,0.0290161,0.028252518,0.014202617
1760635839129,0.024129177,0.028252518,0.014202617
1760635839132,0.019242255,0.029626964,0.014202617
1760635839135,0.012980887,0.028405234,0.0154243475
1760635839137,0.004428773,0.02611449,0.014202617
1760635839139,7.6358154E-4,0.028710667,0.0154243475
1760635839140,-0.004276057,0.026267206,0.016646078
1760635839144,-0.01282817,0.02397646,0.01786781
1760635839145,-0.016646078,0.021685716,0.021533
1760635839147,-0.02031127,0.016798794,0.02031127
1760635839150,-0.024129177,0.012064588,0.020158553
1760635839153,-0.026572637,0.010842858,0.020158553
1760635839155,-0.03023783,0.013286319,0.020158553
1760635839156,-0.03772093,0.009773844,0.018936822
1760635839159,-0.04016439,0.0062613687,0.018936822
1760635839161,-0.043829583,0.0062613687,0.020158553
1760635839164,-0.043829583,0.007483099,0.017715093
1760635839166,-0.04520403,0.0062613687,0.020158553
1760635839168,-0.048716504,0.00870483,0.017715093
1760635839170,-0.051159963,0.010079277,0.016493361
1760635839173,-0.048716504,0.013591751,0.01282817
1760635839175,-0.05009095,0.006414085,0.01160644
1760635839176,-0.047647487,0.007483099,0.01282817
1760635839179,-0.05009095,0.0015271631,0.01038471
1760635839182,-0.04520403,-0.0010690142,0.009162978
1760635839184,-0.043982297,-0.0022907446,0.007941248
1760635839186,-0.04046982,-0.008399397,0.0067195175
1760635839188,-0.03680463,-0.012064588,0.0067195175
1760635839190,-0.030695979,-0.012217305,0.0030543262
1760635839193,-0.027030786,-0.015882496,0.004276057
1760635839195,-0.017256944,-0.020922136,0.0018325958
1760635839196,-0.013591751,-0.023365596,6.1086525E-4
1760635839200,-0.0062613687,-0.023518313,0.0018325958
1760635839202,0.0022907446,-0.02855795,-0.0030543262
1760635839204,0.0047342055,-0.031001411,-0.005497787
1760635839206,0.0096211275,-0.032223143,-0.0067195175
1760635839209,0.01817324,-0.031154128,-0.01038471
1760635839212,0.023060163,-0.032528576,-0.01160644
1760635839213,0.029168816,-0.034972034,-0.014049901
1760635839215,0.031612277,-0.034972034,-0.014049901
1760635839216,0.035277467,-0.03634648,-0.015271631
1760635839219,0.03894266,-0.038789943,-0.017715093
1760635839221,0.04016439,-0.03756821,-0.018936822
1760635839224,0.04138612,-0.038789943,-0.020158553
1760635839226,0.04260785,-0.038789943,-0.023823744
1760635839228,0.042760566,-0.03634648,-0.025045475
1760635839230,0.04138612,-0.03756821,-0.023823744
1760635839232,0.039095376,-0.035124753,-0.026267206
1760635839235,0.036651913,-0.03390302,-0.027488936
1760635839237,0.034055736,-0.03390302,-0.026267206
1760635839240,0.027947085,-0.031306844,-0.027488936
1760635839241,0.026725354,-0.030085113,-0.029932396
1760635839244,0.021838432,-0.03359759,-0.031154128
1760635839246,0.016798794,-0.03481932,-0.031154128
1760635839248,0.0143553335,-0.035888333,-0.031154128
1760635839251,0.011911872,-0.0346666,-0.032375857
1760635839253,0.008246681,-0.038331795,-0.03359759
1760635839255,0.0056505036,-0.04062254,-0.032375857
1760635839257,0.001985312,-0.04550946,-0.032375857
1760635839260,-4.5814895E-4,-0.044135015,-0.03359759
1760635839262,-0.0041233404,-0.044135015,-0.03604105
1760635839264,-0.007941248,-0.044135015,-0.040927973
1760635839266,-0.015271631,-0.04153884,-0.040927973
1760635839269,-0.018936822,-0.039095376,-0.04337143
1760635839271,-0.020158553,-0.036651913,-0.045814894
1760635839273,-0.026267206,-0.0364992,-0.047036625
1760635839275,-0.02611449,-0.03283401,-0.047036625
1760635839278,-0.028710667,-0.03283401,-0.049480084
1760635839280,-0.03359759,-0.03145956,-0.049480084
1760635839282,-0.03359759,-0.0290161,-0.054367006
1760635839284,-0.03726278,-0.027794369,-0.054367006
1760635839286,-0.04337143,-0.02397646,-0.059253927
1760635839289,-0.04444045,-0.02275473,-0.06169739
1760635839292,-0.05177083,-0.0154243475,-0.06291912
1760635839293,-0.056505036,-0.0032070426,-0.06536258
1760635839296,-0.06246097,0.0067195175,-0.069027774
1760635839298,-0.07223482,0.018936822,-0.07391469
1760635839300,-0.080634214,0.026419923,-0.077579886
1760635839303,-0.08781188,0.041080687,-0.077579886
1760635839304,-0.09636399,0.05100725,-0.07880162
1760635839307,-0.10720685,0.05971208,-0.07880162
1760635839309,-0.116980694,0.065973446,-0.08246681
1760635839312,-0.124311075,0.07574729,-0.086132
1760635839314,-0.1253801,0.08307768,-0.08735373
1760635839317,-0.1301143,0.08933904,-0.08979719
1760635839319,-0.13622294,0.09666943,-0.08735373
1760635839321,-0.13973543,0.10277808,-0.084910266
1760635839323,-0.14095716,0.107665,-0.08246681
1760635839326,-0.14080444,0.116217114,-0.08002335
1760635839328,-0.13958271,0.116217114,-0.08002335
1760635839330,-0.13942999,0.12217305,-0.08002335
1760635839332,-0.13942999,0.12705997,-0.084910266
1760635839334,-0.13927728,0.13805555,-0.087201014
1760635839336,-0.1366811,0.14889841,-0.08597928
1760635839339,-0.13652839,0.15989397,-0.08353582
1760635839341,-0.1301143,0.17073683,-0.08109236
1760635839343,-0.12767084,0.17547104,-0.0786489
1760635839345,-0.12018774,0.18035796,-0.08231409
1760635839348,-0.11881329,0.18387043,-0.08231409
1760635839351,-0.11026118,0.18616119,-0.08353582
1760635839352,-0.10277808,0.18860464,-0.08597928
1760635839356,-0.09666943,0.18967366,-0.08475755
1760635839357,-0.09040806,0.1919644,-0.08597928
1760635839359,-0.087964594,0.19807306,-0.087201014
1760635839361,-0.08170322,0.20158553,-0.08475755
1760635839363,-0.07788532,0.205098,-0.08582657
1760635839365,-0.07666359,0.21120666,-0.090713486
1760635839367,-0.07422013,0.21120666,-0.09193522
1760635839370,-0.074067414,0.21487185,-0.09560041
1760635839373,-0.07040222,0.21471913,-0.09682214
1760635839375,-0.066737026,0.21594086,-0.10048734
1760635839377,-0.06307184,0.2134974,-0.10048734
1760635839379,-0.059406646,0.20723604,-0.098043874
1760635839382,-0.053450707,0.19624045,-0.094531395
1760635839384,-0.047494773,0.18280143,-0.09330966
1760635839386,-0.039095376,0.16920967,-0.09208794
1760635839388,-0.036957346,0.15592335,-0.08964448
1760635839392,-0.031001411,0.13515393,-0.08597928
1760635839394,-0.023823744,0.12156218,-0.08475755
1760635839395,-0.019089539,0.11056661,-0.08475755
1760635839397,-0.018020526,0.1020145,-0.08353582
1760635839400,-0.013133603,0.09590584,-0.08109236
1760635839401,-0.013286319,0.092240654,-0.08109236
1760635839404,-0.012064588,0.086132,-0.07742717
1760635839406,-0.014660766,0.08124508,-0.071318515
1760635839408,-0.013439035,0.08002335,-0.0664316
1760635839412,-0.013591751,0.07162395,-0.060322944
1760635839415,-0.016187929,0.061850104,-0.055436023
1760635839415,-0.011301007,0.05207626,-0.048258353
1760635839418,-0.007788532,0.03863723,-0.0421497
1760635839420,-0.004428773,0.016646078,-0.03604105
1760635839422,-0.0012217305,-0.007788532,-0.028710667
1760635839425,0.0035124752,-0.02733622,-0.025045475
1760635839427,0.006872234,-0.04917465,-0.017715093
1760635839429,0.009010263,-0.0711658,-0.01038471
1760635839432,0.00870483,-0.085673854,-0.008093964
1760635839433,0.012217305,-0.10277808,-0.004428773
1760635839436,0.013133603,-0.12232576,4.5814895E-4
1760635839438,0.0154243475,-0.13332134,0.0053450707
1760635839440,0.018936822,-0.14431691,0.007788532
1760635839443,0.016340645,-0.15515977,0.012675454
1760635839445,0.016187929,-0.16737708,0.012675454
1760635839447,0.012370021,-0.1769982,0.016340645
1760635839449,0.015882496,-0.18799378,0.016340645
1760635839452,0.0143553335,-0.19898935,0.014966198
1760635839454,0.014202617,-0.20861048,0.016187929
1760635839456,0.01160644,-0.21838433,0.01740966
1760635839458,0.01282817,-0.22449298,0.01985312
1760635839461,0.012675454,-0.23060162,0.022296581
1760635839463,0.014966198,-0.24037547,0.025961773
1760635839465,0.016187929,-0.2499966,0.029626964
1760635839467,0.018478673,-0.25610524,0.029626964
1760635839469,0.02076942,-0.26465738,0.032070424
1760635839472,0.02321288,-0.26847526,0.030848695
1760635839474,0.02565634,-0.27091873,0.032070424
1760635839476,0.029321533,-0.27214047,0.034513887
1760635839479,0.034208454,-0.27229318,0.036957346
1760635839480,0.036651913,-0.27229318,0.03940081
1760635839483,0.03924809,-0.26984972,0.04184427
1760635839485,0.044135015,-0.2724459,0.04428773
1760635839488,0.051465396,-0.27137688,0.046731193
1760635839490,0.055283304,-0.2640465,0.04917465
1760635839492,0.0627664,-0.26419923,0.051618114
1760635839494,0.065209866,-0.2582433,0.054061573
1760635839497,0.06780604,-0.25457808,0.052839845
1760635839499,0.07284568,-0.24740042,0.054061573
1760635839501,0.074067414,-0.24495697,0.056505036
1760635839503,0.07666359,-0.23411411,0.059101213
1760635839506,0.07696902,-0.2218968,0.06154467
1760635839508,0.07696902,-0.2133447,0.0627664
1760635839510,0.076052725,-0.2012801,0.065209866
1760635839512,0.07360926,-0.19272798,0.065209866
1760635839515,0.07269296,-0.17684549,0.0664316
1760635839517,0.07040222,-0.1695151,0.065209866
1760635839519,0.06795876,-0.160963,0.0664316
1760635839521,0.064599,-0.14630222,0.06658431
1760635839524,0.05971208,-0.13897185,0.06780604
1760635839526,0.056199603,-0.1328632,0.06780604
1760635839528,0.05009095,-0.12415836,0.069027774
1760635839531,0.046578474,-0.11560625,0.070249505
1760635839533,0.04046982,-0.113162786,0.06658431
1760635839534,0.0355829,-0.108123146,0.06780604
1760635839537,0.027183503,-0.0983493,0.06780604
1760635839539,0.022296581,-0.09330966,0.06169739
1760635839542,0.014966198,-0.087201014,0.06169739
1760635839544,0.011453724,-0.07742717,0.06047566
1760635839546,0.004276057,-0.067500606,0.0580322
1760635839548,-0.004276057,-0.05879578,0.05681047
1760635839550,-0.010231993,-0.049021937,0.053145275
1760635839554,-0.01740966,-0.03924809,0.048258353
1760635839556,-0.024740042,-0.028099801,0.04337143
1760635839557,-0.028252518,-0.015882496,0.03970624
1760635839560,-0.034208454,-0.004886922,0.03604105
1760635839562,-0.03894266,0.007330383,0.029932396
1760635839564,-0.044898596,0.023365596,0.026419923
1760635839566,-0.04718934,0.035430185,0.021533
1760635839569,-0.050701816,0.04886922,0.016646078
1760635839570,-0.05299256,0.059864793,0.014202617
1760635839573,-0.055283304,0.065973446,0.011759156
1760635839576,-0.05513059,0.07574729,0.006872234
1760635839577,-0.05390886,0.081855945,0.004428773
1760635839580,-0.052534413,0.091477074,0.001985312
1760635839583,-0.051159963,0.09758572,-4.5814895E-4
1760635839584,-0.04734206,0.10476339,-0.0016798794
1760635839586,-0.044745877,0.109650314,-0.00290161
1760635839590,-0.04230242,0.11575896,-0.0016798794
1760635839591,-0.03970624,0.120493166,-0.00290161
1760635839594,-0.037110064,0.1253801,-0.0041233404
1760635839596,-0.037110064,0.1339322,-0.007788532
1760635839598,-0.033292156,0.14110987,-0.008857546
1760635839600,-0.030695979,0.14355333,-0.0076358155
1760635839602,-0.03191771,0.150731,-0.006414085
1760635839604,-0.028252518,0.150731,-0.006414085
1760635839608,-0.028099801,0.15195273,-0.005192355
1760635839609,-0.028099801,0.15439619,-0.005192355
1760635839612,-0.02687807,0.15683965,-0.0076358155
1760635839614,-0.02687807,0.15806139,-0.0076358155
1760635839616,-0.025503624,0.16050485,-0.006414085
1760635839619,-0.024281893,0.1591304,-0.003970624
1760635839630,-0.025503624,0.16035213,-0.005192355
1760635839630,-0.02687807,0.15561792,-0.005192355
1760635839630,-0.02443461,0.14950927,-0.003970624
1760635839630,-0.023365596,0.14340061,-0.003970624
1760635839630,-0.02107485,0.13118331,-0.003970624
1760635839639,-0.02367103,0.12034045,-0.0041233404
1760635839639,-0.022602014,0.11178834,-0.0053450707
1760635839639,-0.02275473,0.100792766,-0.010231993
1760635839639,-0.026725354,0.09117164,-0.010231993
1760635839640,-0.027947085,0.08628472,-0.012675454
1760635839646,-0.032986723,0.08399397,-0.013897184
1760635839646,-0.035430185,0.079107046,-0.013897184
1760635839647,-0.04046982,0.07315111,-0.017562376
1760635839649,-0.04428773,0.069485925,-0.022449298
1760635839651,-0.046731193,0.064751714,-0.02611449
1760635839653,-0.05177083,0.05757405,-0.024892759
1760635839656,-0.054367006,0.047800206,-0.029932396
1760635839658,-0.054519724,0.04062254,-0.031154128
1760635839660,-0.058337633,0.029626964,-0.03359759
1760635839662,-0.06093381,0.022449298,-0.03726278
1760635839665,-0.063682705,0.011453724,-0.040927973
1760635839667,-0.06612616,0.005497787,-0.0421497
1760635839669,-0.06994407,7.6358154E-4,-0.04337143
1760635839672,-0.0711658,-4.5814895E-4,-0.044593163
1760635839674,-0.07238753,-0.0016798794,-0.047036625
1760635839676,-0.072540246,-0.007788532,-0.048258353
1760635839678,-0.07620544,-0.0076358155,-0.049480084
1760635839680,-0.074830994,-4.5814895E-4,-0.049480084
1760635839683,-0.07742717,-0.0016798794,-0.050701816
1760635839686,-0.07742717,-0.0016798794,-0.049480084
1760635839687,-0.074830994,0.0032070426,-0.050701816
1760635839689,-0.07238753,0.0056505036,-0.049480084
1760635839692,-0.07238753,0.006872234,-0.048258353
1760635839695,-0.06490443,0.01282817,-0.048258353
1760635839696,-0.061086524,0.016340645,-0.045814894
1760635839699,-0.059864793,0.021227567,-0.045814894
1760635839701,-0.052381694,0.023518313,-0.0421497
1760635839703,-0.04734206,0.030695979,-0.0421497
1760635839705,-0.04230242,0.03436117,-0.0421497
1760635839708,-0.032375857,0.03894266,-0.03970624
1760635839710,-0.02733622,0.04627304,-0.03848451
1760635839712,-0.021227567,0.048563786,-0.03848451
1760635839714,-0.013744468,0.055741455,-0.039553523
1760635839716,-0.0050396384,0.06291912,-0.037110064
1760635839719,0.0012217305,0.06887506,-0.033444874
1760635839721,0.00992656,0.074830994,-0.035888333
1760635839723,0.01740966,0.08445212,-0.0346666
1760635839725,0.02367103,0.089186326,-0.033444874
1760635839728,0.027488936,0.091477074,-0.035888333
1760635839730,0.03359759,0.09636399,-0.035888333
1760635839733,0.03863723,0.09865474,-0.035888333
1760635839734,0.044745877,0.10216721,-0.035888333
1760635839737,0.05222898,0.10323623,-0.035888333
1760635839739,0.054825157,0.108123146,-0.037110064
1760635839741,0.05971208,0.10797043,-0.035888333
1760635839744,0.05971208,0.10797043,-0.033444874
1760635839746,0.06093381,0.1067487,-0.032223143
1760635839748,0.062155537,0.10797043,-0.031001411
1760635839750,0.06078109,0.10308351,-0.031001411
1760635839753,0.062002823,0.10308351,-0.02855795
1760635839755,0.063224554,0.10064005,-0.02611449
1760635839757,0.064446285,0.095753126,-0.02367103
1760635839760,0.063224554,0.09208794,-0.020005837
1760635839762,0.061850104,0.08857546,-0.018784106
1760635839764,0.06169739,0.08002335,-0.017562376
1760635839766,0.0580322,0.07513642,-0.013897184
1760635839769,0.05665775,0.066737026,-0.007788532
1760635839771,0.054061573,0.06307184,-0.0041233404
1760635839773,0.04917465,0.0571159,-0.0016798794
1760635839775,0.046578474,0.049785517,0.001985312
1760635839777,0.039095376,0.04627304,0.009315695
1760635839780,0.03176499,0.04520403,0.014202617
1760635839782,0.026725354,0.03680463,0.016646078
1760635839785,0.019242255,0.03436117,0.02275473
1760635839787,0.012980887,0.027183503,0.026419923
1760635839789,0.007941248,0.020005837,0.031306844
1760635839791,-7.6358154E-4,0.01160644,0.033750303
1760635839793,-0.00580322,0.004428773,0.04230242
1760635839795,-0.013286319,-0.003970624,0.04596761
1760635839798,-0.02076942,-0.016035212,0.048258353
1760635839800,-0.023365596,-0.02565634,0.054367006
1760635839803,-0.031001411,-0.03894266,0.05681047
1760635839804,-0.037415497,-0.05222898,0.06047566
1760635839807,-0.041233405,-0.062002823,0.06291912
1760635839809,-0.04260785,-0.07162395,0.06291912
1760635839813,-0.047647487,-0.07880162,0.06780604
1760635839814,-0.05024367,-0.08857546,0.069027774
1760635839816,-0.052839845,-0.09819659,0.069027774
1760635839819,-0.05421429,-0.110413894,0.07009678
1760635839820,-0.0580322,-0.12003502,0.06765333
1760635839823,-0.06307184,-0.12721269,0.07009678
1760635839826,-0.060628377,-0.12965615,0.06887506
1760635839827,-0.06688975,-0.13820826,0.06765333
1760635839829,-0.07070765,-0.13683382,0.0627664
1760635839832,-0.07070765,-0.13927728,0.06154467
1760635839834,-0.073303826,-0.14538592,0.060322944
1760635839836,-0.07574729,-0.14767668,0.05787948
1760635839838,-0.07574729,-0.14523321,0.05665775
1760635839841,-0.07696902,-0.15012014,0.055436023
1760635839843,-0.073303826,-0.1525636,0.05299256
1760635839845,-0.07345655,-0.15378532,0.050549097
1760635839847,-0.07086037,-0.15027285,0.04932737
1760635839850,-0.06841691,-0.15271631,0.04810564
1760635839852,-0.064751714,-0.15027285,0.04444045
1760635839854,-0.065973446,-0.14660765,0.041996986
1760635839857,-0.064751714,-0.14660765,0.038331795
1760635839859,-0.062155537,-0.13942999,0.038331795
1760635839861,-0.063224554,-0.13332134,0.037110064
1760635839864,-0.058184914,-0.12843442,0.037110064
1760635839866,-0.054519724,-0.12492194,0.037110064
1760635839868,-0.051923547,-0.12003502,0.035888333
1760635839870,-0.047036625,-0.11530081,0.033444874
1760635839872,-0.046883907,-0.10919216,0.032223143
1760635839875,-0.04444045,-0.106901415,0.032223143
1760635839877,-0.03940081,-0.099571034,0.02855795
1760635839879,-0.03436117,-0.0936151,0.02611449
1760635839881,-0.028099801,-0.086437434,0.02733622
1760635839884,-0.026725354,-0.07788532,0.025045475
1760635839886,-0.021685716,-0.07315111,0.022602014
1760635839888,-0.016646078,-0.062308256,0.021380283
1760635839890,-0.014049901,-0.056199603,0.018936822
1760635839893,-0.010231993,-0.045356743,0.017715093
1760635839895,-0.003970624,-0.03573562,0.01282817
1760635839897,0.0010690142,-0.02855795,0.01160644
1760635839899,0.0036651916,-0.021227567,0.007941248
1760635839902,0.007483099,-0.014049901,0.005497787
1760635839904,0.007483099,-0.007941248,0.0018325958
1760635839906,0.011301007,-0.0018325958,-0.0030543262
1760635839908,0.016340645,0.0065668016,-0.004276057
1760635839910,0.016340645,0.010231993,-0.0067195175
1760635839913,0.020158553,0.01740966,-0.009010263
1760635839915,0.025198191,0.02107485,-0.013897184
1760635839917,0.027641652,0.025809057,-0.016340645
1760635839920,0.03390302,0.028099801,-0.016340645
1760635839922,0.035124753,0.03176499,-0.020005837
1760635839924,0.03894266,0.037873644,-0.02367103
1760635839926,0.04260785,0.03894266,-0.02733622
1760635839929,0.04627304,0.03894266,-0.02855795
1760635839931,0.04505131,0.04016439,-0.033444874
1760635839933,0.048716504,0.035277467,-0.035888333
1760635839936,0.052381694,0.035124753,-0.035888333
1760635839938,0.053603426,0.03634648,-0.035888333
1760635839940,0.049938235,0.03772093,-0.040775254
1760635839942,0.048716504,0.0364992,-0.041996986
1760635839944,0.051159963,0.035277467,-0.041996986
1760635839947,0.051159963,0.0364992,-0.04444045
1760635839949,0.049938235,0.03894266,-0.04444045
1760635839951,0.049938235,0.03772093,-0.04444045
1760635839953,0.047494773,0.0364992,-0.045662176
1760635839956,0.04627304,0.034055736,-0.04932737
1760635839958,0.042455133,0.03176499,-0.04810564
1760635839961,0.038789943,0.028099801,-0.049480084
1760635839962,0.036193766,0.024587326,-0.051923547
1760635839965,0.034972034,0.019700404,-0.050701816
1760635839967,0.031154128,0.0125227375,-0.050701816
1760635839969,0.02977968,0.010079277,-0.054367006
1760635839971,0.028405234,3.0543262E-4,-0.053145275
1760635839974,0.027183503,-0.0056505036,-0.050701816
1760635839976,0.023365596,-0.014202617,-0.049480084
1760635839978,0.021991149,-0.017715093,-0.053145275
1760635839981,0.020616703,-0.026267206,-0.053145275
1760635839983,0.0143553335,-0.032223143,-0.053145275
1760635839985,0.011911872,-0.0346666,-0.053145275
1760635839987,0.0106901415,-0.035888333,-0.053145275
1760635839990,0.008093964,-0.03940081,-0.05681047
1760635839991,0.006872234,-0.04184427,-0.05681047
1760635839994,0.001985312,-0.043066,-0.05681047
1760635839997,-0.0018325958,-0.046578474,-0.056963183
1760635839999,-0.0030543262,-0.051465396,-0.058184914
1760635840001,-0.004428773,-0.052687127,-0.055741455
1760635840004,-0.0056505036,-0.05497787,-0.058184914
1760635840005,-0.0056505036,-0.058643065,-0.055741455
1760635840008,-0.00580322,-0.061086524,-0.058184914
1760635840010,-0.00580322,-0.064751714,-0.058184914
1760635840012,-0.004581489,-0.065973446,-0.056963183
1760635840015,-0.004428773,-0.061086524,-0.058184914
1760635840017,-0.0056505036,-0.059864793,-0.060628377
1760635840019,-0.004428773,-0.059864793,-0.059406646
1760635840021,-0.0032070426,-0.056352317,-0.060628377
1760635840024,-0.0032070426,-0.056352317,-0.060628377
1760635840026,-0.0032070426,-0.052687127,-0.059406646
1760635840028,-0.0030543262,-0.045356743,-0.059406646
1760635840030,0.0018325958,-0.044135015,-0.059253927
1760635840032,7.6358154E-4,-0.03940081,-0.059253927
1760635840034,7.6358154E-4,-0.036957346,-0.055588737
1760635840037,0.001985312,-0.034513887,-0.059253927
1760635840039,0.00580322,-0.030848695,-0.0580322
1760635840041,0.004581489,-0.027183503,-0.059253927
1760635840044,0.005955936,-0.022449298,-0.0580322
1760635840046,0.0036651916,-0.012675454,-0.0580322
1760635840049,0.004886922,-0.010231993,-0.059253927
1760635840050,0.00992656,-0.0030543262,-0.059253927
1760635840053,0.007483099,0.0018325958,-0.06047566
1760635840055,0.008857546,0.009162978,-0.0580322
1760635840057,0.010231993,0.018936822,-0.0580322
1760635840059,0.01160644,0.02367103,-0.05681047
1760635840061,0.01160644,0.02977968,-0.054367006
1760635840064,0.0154243475,0.036957346,-0.053145275
1760635840066,0.018020526,0.04550946,-0.05299256
1760635840068,0.019394971,0.050396383,-0.04932737
1760635840071,0.026725354,0.051465396,-0.04810564
1760635840073,0.030543262,0.057421334,-0.04444045
1760635840075,0.03313944,0.062308256,-0.040775254
1760635840078,0.03924809,0.062155537,-0.039553523
1760635840080,0.04428773,0.06566802,-0.040775254
1760635840082,0.04917465,0.070554934,-0.037110064
1760635840084,0.05421429,0.07284568,-0.031001411
1760635840086,0.059101213,0.07284568,-0.02977968
1760635840089,0.06154467,0.07269296,-0.024892759
1760635840091,0.06291912,0.07269296,-0.022449298
1760635840094,0.06414085,0.076358154,-0.020005837
1760635840095,0.06658431,0.07513642,-0.018784106
1760635840098,0.066737026,0.079870634,-0.016340645
1760635840100,0.06536258,0.07880162,-0.015118915
1760635840102,0.06536258,0.077579886,-0.015118915
1760635840104,0.06291912,0.076358154,-0.016340645
1760635840107,0.06047566,0.07391469,-0.012675454
1760635840109,0.055436023,0.06918049,-0.010231993
1760635840111,0.055283304,0.06429356,-0.010231993
1760635840113,0.050396383,0.06078109,-0.012675454
1760635840116,0.045356743,0.05100725,-0.010231993
1760635840118,0.043982297,0.04016439,-0.009010263
1760635840120,0.03772093,0.032986723,-0.0065668016
1760635840122,0.030085113,0.024587326,-0.007788532
1760635840124,0.027488936,0.013744468,-0.009010263
1760635840128,0.021227567,0.006414085,-0.0067195175
1760635840130,0.0125227375,4.5814895E-4,-0.0067195175
1760635840133,0.007483099,-0.009162978,-0.0067195175
1760635840134,0.0012217305,-0.015118915,-0.004276057
1760635840136,-0.0050396384,-0.01863139,-0.0030543262
1760635840139,-0.011148291,-0.024587326,-0.005497787
1760635840141,-0.01863139,-0.02687807,-0.0018325958
1760635840143,-0.02367103,-0.030543262,-0.0018325958
1760635840145,-0.02977968,-0.0364992,-0.0018325958
1760635840147,-0.03481932,-0.040011674,6.1086525E-4
1760635840149,-0.03481932,-0.042455133,0.0030543262
1760635840152,-0.037415497,-0.04734206,0.0067195175
1760635840154,-0.04230242,-0.05207626,0.007941248
1760635840157,-0.043676864,-0.055741455,0.009162978
1760635840158,-0.043676864,-0.053297993,0.014049901
1760635840161,-0.043676864,-0.058184914,0.016493361
1760635840163,-0.044898596,-0.056963183,0.021380283
1760635840166,-0.043676864,-0.056963183,0.025045475
1760635840168,-0.043676864,-0.059406646,0.026267206
1760635840170,-0.041233405,-0.061850104,0.028710667
1760635840172,-0.041233405,-0.059406646,0.029932396
1760635840175,-0.035124753,-0.05955936,0.032375857
1760635840177,-0.034972034,-0.058337633,0.03359759
1760635840180,-0.032528576,-0.05955936,0.03604105
1760635840181,-0.030085113,-0.058490347,0.03848451
1760635840184,-0.027488936,-0.051159963,0.03726278
1760635840185,-0.023823744,-0.053603426,0.03726278
1760635840188,-0.022602014,-0.05375614,0.03848451
1760635840190,-0.021380283,-0.05009095,0.03970624
1760635840192,-0.017562376,-0.047647487,0.03726278
1760635840194,-0.014049901,-0.05024367,0.03481932
1760635840196,-0.01038471,-0.051465396,0.032375857
1760635840199,-0.01038471,-0.05024367,0.029932396
1760635840202,-0.0065668016,-0.046578474,0.027488936
1760635840204,-0.0041233404,-0.04428773,0.025045475
1760635840205,-0.0027488936,-0.04062254,0.023823744
1760635840208,9.162979E-4,-0.036957346,0.020158553
1760635840211,0.0033597588,-0.038331795,0.018936822
1760635840212,0.0047342055,-0.0346666,0.01282817
1760635840214,0.0071776668,-0.031001411,0.01038471
1760635840217,0.008399397,-0.02733622,0.009162978
1760635840219,0.010995574,-0.022602014,0.004276057
1760635840221,0.012217305,-0.017715093,6.1086525E-4
1760635840224,0.012370021,-0.014049901,-0.0030543262
1760635840226,0.012370021,-0.01038471,-0.0067195175
1760635840228,0.014966198,-0.006872234,-0.007941248
1760635840231,0.01985312,-0.0032070426,-0.01160644
1760635840233,0.017562376,0.0041233404,-0.01282817
1760635840235,0.016340645,0.011453724,-0.014049901
1760635840237,0.016493361,0.017562376,-0.01282817
1760635840240,0.020158553,0.016187929,-0.010231993
1760635840242,0.02275473,0.01985312,-0.011453724
1760635840244,0.021533,0.025961773,-0.012675454
1760635840248,0.021533,0.027183503,-0.012675454
1760635840249,0.022907447,0.030695979,-0.010231993
1760635840251,0.022907447,0.03191771,-0.011453724
1760635840253,0.024129177,0.03436117,-0.012675454
1760635840255,0.019242255,0.038179077,-0.012675454
1760635840257,0.018020526,0.04062254,-0.010231993
1760635840260,0.019394971,0.04184427,-0.011453724
1760635840262,0.01817324,0.04428773,-0.009010263
1760635840264,0.01572978,0.04550946,-0.010231993
1760635840267,0.01817324,0.046578474,-0.007788532
1760635840268,0.013286319,0.04795292,-0.007788532
1760635840271,0.012064588,0.04795292,-0.007788532
1760635840273,0.012064588,0.04428773,-0.009010263
1760635840275,0.00580322,0.04444045,-0.0065668016
1760635840277,0.005955936,0.046883907,-0.0065668016
1760635840280,0.004581489,0.046883907,-0.0065668016
1760635840283,0.0021380284,0.043218717,-0.0065668016
1760635840284,-3.0543262E-4,0.0421497,-0.007788532
1760635840287,-0.0015271631,0.040927973,-0.007788532
1760635840289,-3.0543262E-4,0.040927973,-0.007788532
1760635840291,-0.0041233404,0.03726278,-0.0053450707
1760635840293,-0.0065668016,0.03726278,-0.0053450707
1760635840296,-0.007788532,0.032528576,-0.0041233404
1760635840298,-0.007941248,0.032528576,-0.0053450707
1760635840301,-0.01160644,0.026419923,-0.004276057
1760635840302,-0.012980887,0.020463986,-0.0067195175
1760635840305,-0.012980887,0.015577064,-0.007941248
1760635840307,-0.015577064,0.013133603,-0.005497787
1760635840310,-0.0143553335,0.0106901415,-0.0067195175
1760635840312,-0.015577064,0.008246681,-0.0067195175
1760635840315,-0.01817324,0.005955936,-0.007941248
1760635840317,-0.019394971,0.0035124752,-0.005497787
1760635840319,-0.019394971,0.0035124752,-0.007941248
1760635840321,-0.023060163,0.0010690142,-0.009162978
1760635840323,-0.02443461,-1.5271631E-4,-0.0067195175
1760635840326,-0.02565634,-0.0012217305,-0.0067195175
1760635840328,-0.029321533,-0.0012217305,-0.01038471
1760635840330,-0.03191771,-0.007330383,-0.01282817
1760635840332,-0.029474247,-0.007330383,-0.01282817
1760635840334,-0.032070424,-0.01572978,-0.015271631
1760635840336,-0.029626964,-0.01572978,-0.016493361
1760635840339,-0.032070424,-0.019394971,-0.018936822
1760635840341,-0.030848695,-0.021838432,-0.020158553
1760635840344,-0.029626964,-0.023060163,-0.023823744
1760635840346,-0.033444874,-0.026725354,-0.025045475
1760635840348,-0.031001411,-0.029168816,-0.028710667
1760635840350,-0.032375857,-0.03283401,-0.028710667
1760635840353,-0.031001411,-0.03283401,-0.029932396
1760635840354,-0.032223143,-0.031612277,-0.031154128
1760635840357,-0.032223143,-0.031612277,-0.03481932
1760635840359,-0.031001411,-0.030390546,-0.03604105
1760635840361,-0.031001411,-0.030390546,-0.03970624
1760635840364,-0.02855795,-0.03283401,-0.040927973
1760635840365,-0.02733622,-0.03283401,-0.044593163
1760635840368,-0.022449298,-0.03283401,-0.045814894
1760635840371,-0.018784106,-0.03176499,-0.044593163
1760635840373,-0.011453724,-0.03313944,-0.047036625
1760635840375,-0.011301007,-0.029474247,-0.048258353
1760635840377,-0.010079277,-0.025809057,-0.049480084
1760635840380,-0.007483099,-0.020922136,-0.050701816
1760635840382,-0.0038179078,-0.01985312,-0.050701816
1760635840384,0.0,-0.013744468,-0.050701816
1760635840387,0.0,-0.010079277,-0.050701816
1760635840388,0.0025961774,-0.0016798794,-0.049480084
1760635840392,0.0050396384,-0.0016798794,-0.049480084
1760635840393,0.00992656,-0.0030543262,-0.047036625
1760635840396,0.00992656,-0.0030543262,-0.048258353
1760635840398,0.01740966,-0.001985312,-0.044593163
1760635840400,0.01863139,-0.0032070426,-0.0421497
1760635840403,0.01985312,-7.6358154E-4,-0.03970624
1760635840404,0.023518313,-0.001985312,-0.03970624
1760635840407,0.027183503,-9.162979E-4,-0.03726278
1760635840409,0.02611449,0.003970624,-0.03481932
1760635840411,0.031001411,0.005192355,-0.03359759
1760635840413,0.031154128,0.010079277,-0.03481932
1760635840416,0.028710667,0.016187929,-0.03481932
1760635840418,0.030085113,0.019700404,-0.031154128
1760635840420,0.027641652,0.022143865,-0.029932396
1760635840422,0.026419923,0.024587326,-0.02733622
1760635840425,0.027641652,0.028252518,-0.024892759
1760635840427,0.028863383,0.025809057,-0.02367103
1760635840429,0.026419923,0.022296581,-0.022449298
1760635840432,0.026267206,0.016187929,-0.022602014
1760635840434,0.025045475,0.016187929,-0.021380283
1760635840436,0.027488936,0.0125227375,-0.020158553
1760635840438,0.027488936,0.010079277,-0.018936822
1760635840440,0.022449298,0.006414085,-0.020158553
1760635840443,0.022449298,0.008857546,-0.020158553
1760635840446,0.021227567,0.0065668016,-0.018936822
1760635840448,0.017562376,0.007788532,-0.018936822
1760635840450,0.013897184,0.009010263,-0.020158553
1760635840453,0.009010263,0.01282817,-0.020158553
1760635840454,0.0053450707,0.01160644,-0.022602014
1760635840456,0.003970624,0.007941248,-0.020158553
1760635840459,-9.162979E-4,0.0056505036,-0.020158553
1760635840461,-0.0035124752,0.001985312,-0.021380283
1760635840463,-0.0047342055,-4.5814895E-4,-0.021380283
1760635840466,-0.0036651916,-0.0076358155,-0.021380283
1760635840468,-0.009773844,-0.008857546,-0.022602014
1760635840470,-0.010995574,-0.010079277,-0.023823744
1760635840472,-0.012217305,-0.00992656,-0.021380283
1760635840474,-0.017104227,-0.00992656,-0.022602014
1760635840477,-0.017104227,-0.00870483,-0.021380283
1760635840479,-0.017256944,-0.012370021,-0.022602014
1760635840481,-0.019700404,-0.011148291,-0.022602014
1760635840483,-0.022143865,-0.008552114,-0.021380283
1760635840486,-0.019547688,-0.007483099,-0.021380283
1760635840488,-0.022143865,-0.009773844,-0.018936822
1760635840491,-0.018325957,-0.00992656,-0.018936822
1760635840493,-0.017104227,-0.00992656,-0.016493361
1760635840494,-0.017256944,-0.012370021,-0.014049901
1760635840497,-0.014813482,-0.013591751,-0.01160644
1760635840499,-0.012217305,-0.013591751,-0.009162978
1760635840501,-0.009773844,-0.014966198,-0.009162978
1760635840503,-0.008552114,-0.011301007,-0.0067195175
1760635840506,-0.0061086523,-0.013744468,-0.005497787
1760635840507,-0.0061086523,-0.011301007,-0.005497787
1760635840510,-0.004886922,-0.010079277,-0.005497787
1760635840513,-0.004886922,-0.010079277,-0.0030543262
1760635840515,-0.0035124752,-0.007788532,-6.1086525E-4
1760635840517,-0.002443461,-0.010231993,-6.1086525E-4
1760635840519,-0.002443461,-0.012675454,0.0018325958
1760635840521,0.0012217305,-0.012675454,0.0018325958
1760635840524,0.0012217305,-0.016340645,0.0018325958
1760635840526,0.0012217305,-0.012675454,0.0018325958
1760635840528,0.0012217305,-0.015118915,-6.1086525E-4
1760635840530,0.0012217305,-0.016340645,6.1086525E-4
1760635840533,0.0012217305,-0.017562376,6.1086525E-4
1760635840535,0.002443461,-0.018784106,-6.1086525E-4
1760635840537,-0.0012217305,-0.017562376,6.1086525E-4
1760635840540,-0.0038179078,-0.01985312,-6.1086525E-4
1760635840542,-0.0038179078,-0.02107485,-0.0030543262
1760635840545,-0.0050396384,-0.02107485,-0.0030543262
1760635840546,-0.0062613687,-0.02107485,-0.004276057
1760635840549,-0.0062613687,-0.01985312,-0.0030543262
1760635840551,-0.007483099,-0.01985312,-0.004276057
1760635840553,-0.013591751,-0.019700404,-0.007941248
1760635840555,-0.011148291,-0.018478673,-0.009162978
1760635840558,-0.011148291,-0.017256944,-0.007941248
1760635840560,-0.012370021,-0.017256944,-0.007941248
1760635840562,-0.00992656,-0.01740966,-0.007941248
1760635840564,-0.014813482,-0.014813482,-0.007941248
1760635840567,-0.011148291,-0.016035212,-0.009162978
1760635840569,-0.007330383,-0.013744468,-0.007941248
1760635840572,-0.008552114,-0.013744468,-0.0067195175
1760635840573,-0.007330383,-0.0125227375,-0.0067195175
1760635840576,-0.0036651916,-0.0125227375,-0.004276057
1760635840578,-0.0035124752,-0.007788532,-0.0018325958
1760635840580,-0.004886922,-0.010079277,-0.004276057
1760635840583,1.5271631E-4,-0.0053450707,-0.0030543262
1760635840585,0.0013744468,-0.0041233404,-6.1086525E-4
1760635840587,0.0025961774,-0.00290161,0.0018325958
1760635840590,0.003970624,-6.1086525E-4,0.004276057
1760635840592,0.005192355,0.004276057,0.005497787
1760635840593,0.003970624,0.004276057,0.009162978
1760635840596,0.0053450707,0.0067195175,0.009162978
1760635840598,0.005192355,0.004276057,0.01160644
1760635840600,0.007788532,0.0067195175,0.01282817
1760635840603,0.007788532,0.004276057,0.01282817
1760635840605,0.005192355,0.0030543262,0.015271631
1760635840607,0.0027488936,0.0018325958,0.016493361
1760635840610,0.0027488936,6.1086525E-4,0.014049901
1760635840612,0.0015271631,0.0030543262,0.014049901
1760635840614,-9.162979E-4,7.6358154E-4,0.01282817
1760635840617,-0.0033597588,-4.5814895E-4,0.014049901
1760635840618,-0.0071776668,-0.00290161,0.015271631
1760635840620,-0.0096211275,-0.0015271631,0.01282817
1760635840623,-0.013286319,-0.0027488936,0.01038471
1760635840624,-0.01695151,-0.0025961774,0.01038471
1760635840627,-0.02076942,-0.007483099,0.009162978
1760635840629,-0.02076942,-0.00870483,0.005497787
1760635840631,-0.020922136,-0.014813482,0.0018325958
1760635840634,-0.022143865,-0.015882496,-6.1086525E-4
1760635840636,-0.024587326,-0.018325957,-0.0018325958
1760635840639,-0.024740042,-0.019547688,-0.004276057
1760635840640,-0.024587326,-0.015882496,-0.009162978
1760635840643,-0.024587326,-0.017104227,-0.01038471
1760635840646,-0.024587326,-0.017104227,-0.01282817
1760635840647,-0.024587326,-0.014660766,-0.015271631
1760635840650,-0.024587326,-0.010995574,-0.016493361
1760635840653,-0.022143865,-0.009773844,-0.018936822
1760635840655,-0.019547688,-0.0062613687,-0.018936822
1760635840657,-0.019547688,-0.0050396384,-0.018936822
1760635840659,-0.01450805,-3.0543262E-4,-0.017715093
1760635840662,-0.014660766,-0.0025961774,-0.015271631
1760635840663,-0.012064588,-0.0015271631,-0.014049901
1760635840665,-0.005955936,-3.0543262E-4,-0.01282817
1760635840668,-0.0035124752,-0.0041233404,-0.01282817
1760635840671,0.0013744468,-0.0016798794,-0.009162978
1760635840673,0.0050396384,-0.004276057,-0.007941248
1760635840675,0.010079277,-6.1086525E-4,-0.005497787
1760635840677,0.010079277,0.0018325958,-6.1086525E-4
1760635840680,0.013897184,0.0041233404,6.1086525E-4
1760635840681,0.015118915,0.0041233404,0.0018325958
1760635840683,0.015118915,0.0041233404,0.0018325958
1760635840687,0.013897184,0.0041233404,0.004276057
1760635840688,0.013744468,4.5814895E-4,0.0067195175
1760635840690,0.0125227375,0.0016798794,0.005497787
1760635840692,0.011453724,0.00290161,0.005497787
1760635840696,0.0125227375,-0.001985312,0.007941248
1760635840698,0.011301007,-0.0030543262,0.005497787
1760635840699,0.007483099,-0.005497787,0.004276057
1760635840703,0.006414085,-0.0030543262,0.0030543262
1760635840704,0.003970624,-0.0030543262,6.1086525E-4
1760635840706,0.0038179078,-0.007788532,-0.0018325958
1760635840708,0.0038179078,-0.007788532,-0.0030543262
1760635840711,-0.0022907446,-0.007788532,-0.007941248
1760635840713,1.5271631E-4,-0.0065668016,-0.01038471
1760635840715,-0.0010690142,-0.009010263,-0.01282817
1760635840717,-0.0036651916,-0.010079277,-0.015271631
1760635840720,-0.0012217305,-0.013744468,-0.021380283
1760635840722,-0.0012217305,-0.016187929,-0.022602014
1760635840725,-0.0012217305,-0.016187929,-0.026267206
1760635840726,0.0,-0.01740966,-0.027488936
1760635840728,0.0012217305,-0.016340645,-0.029932396
1760635840730,0.0010690142,-0.01863139,-0.029932396
1760635840733,0.0,-0.016187929,-0.029932396
1760635840735,0.002443461,-0.015118915,-0.032375857
1760635840737,0.007330383,-0.015118915,-0.031154128
1760635840739,0.008552114,-0.016340645,-0.031154128
1760635840742,0.010995574,-0.01282817,-0.031154128
1760635840745,0.016035212,-0.009162978,-0.029932396
1760635840747,0.017256944,-0.006872234,-0.027488936
1760635840749,0.01863139,-0.001985312,-0.026267206
1760635840751,0.01985312,-7.6358154E-4,-0.020158553
1760635840753,0.023518313,-9.162979E-4,-0.017715093
1760635840755,0.02611449,0.0027488936,-0.015271631
1760635840758,0.02733622,0.0015271631,-0.01160644
1760635840760,0.02977968,-0.0021380284,-0.0067195175
1760635840763,0.033444874,1.5271631E-4,-0.005497787
1760635840764,0.031001411,0.0013744468,-0.0018325958
1760635840767,0.031001411,-9.162979E-4,0.0018325958
1760635840769,0.031001411,0.0025961774,0.005497787
1760635840771,0.028710667,0.005192355,0.008093964
1760635840773,0.024892759,0.0015271631,0.01160644
1760635840776,0.020005837,0.0015271631,0.01282817
1760635840778,0.017562376,0.0016798794,0.01038471
1760635840780,0.013744468,-7.6358154E-4,0.01282817
1760635840782,0.008857546,-6.1086525E-4,0.014049901
1760635840785,0.006414085,-0.0030543262,0.014049901
1760635840787,0.0050396384,-0.007941248,0.015271631
1760635840789,0.0013744468,-0.011453724,0.014049901
1760635840792,-0.002443461,-0.013897184,0.014049901
1760635840794,-0.0036651916,-0.01740966,0.01282817
1760635840796,-0.007483099,-0.01985312,0.01282817
1760635840798,-0.007483099,-0.02107485,0.01160644
1760635840801,-0.011148291,-0.01985312,0.01038471
1760635840803,-0.011148291,-0.020922136,0.01038471
1760635840805,-0.012370021,-0.020922136,0.0067195175
1760635840808,-0.012370021,-0.022143865,0.007941248
1760635840810,-0.012370021,-0.025809057,0.0067195175
1760635840812,-0.011148291,-0.024587326,0.0067195175
1760635840814,-0.012370021,-0.024587326,0.007941248
1760635840816,-0.011148291,-0.023365596,0.01038471
1760635840819,-0.00992656,-0.022296581,0.01038471
1760635840821,-0.007483099,-0.022296581,0.009162978
1760635840824,-0.00870483,-0.024740042,0.009162978
1760635840826,-0.00870483,-0.024740042,0.01038471
1760635840828,-0.0050396384,-0.023518313,0.01282817
1760635840831,-0.0038179078,-0.02107485,0.01160644
1760635840832,-0.0036651916,-0.02107485,0.01282817
1760635840834,-0.004886922,-0.01740966,0.01282817
1760635840837,-0.002443461,-0.016340645,0.01282817
1760635840839,-0.0036651916,-0.01863139,0.014049901
1760635840841,-0.0012217305,-0.017562376,0.014049901
1760635840844,-0.002443461,-0.016340645,0.014049901
1760635840846,-0.0036651916,-0.012675454,0.014049901
1760635840848,0.0,-0.017562376,0.01160644
1760635840850,0.0,-0.017562376,0.01160644
1760635840854,-0.0012217305,-0.017562376,0.01038471
1760635840855,0.0012217305,-0.020005837,0.01038471
1760635840857,0.0,-0.018784106,0.01038471
1760635840860,0.0012217305,-0.018784106,0.005497787
1760635840862,0.0,-0.020005837,0.0030543262
1760635840864,0.0012217305,-0.016340645,0.0030543262
1760635840866,0.002443461,-0.016340645,6.1086525E-4
1760635840869,0.0036651916,-0.017562376,-0.0018325958
1760635840871,0.0,-0.013897184,-0.0030543262
1760635840873,0.0025961774,-0.009010263,-0.0067195175
1760635840875,0.0025961774,-0.010231993,-0.0067195175
1760635840878,0.0013744468,-0.009010263,-0.007941248
1760635840880,0.0038179078,-0.0041233404,-0.0067195175
1760635840882,-0.0010690142,-0.0016798794,-0.0067195175
1760635840884,3.0543262E-4,0.001985312,-0.005497787
1760635840887,-9.162979E-4,0.0032070426,-0.0067195175
1760635840889,-0.0021380284,0.0056505036,-0.0067195175
1760635840892,-0.004581489,0.009315695,-0.0018325958
1760635840893,-0.0032070426,0.010537425,-6.1086525E-4
1760635840895,-0.004428773,0.011759156,-0.0018325958
1760635840897,-0.006872234,0.016646078,-0.0018325958
1760635840899,-0.006872234,0.016646078,-6.1086525E-4
1760635840902,-0.009315695,0.016646078,6.1086525E-4
1760635840904,-0.008093964,0.01786781,0.0018325958
1760635840907,-0.009315695,0.019089539,0.0018325958
1760635840908,-0.010537425,0.01786781,0.0030543262
1760635840911,-0.011759156,0.016646078,0.004276057
1760635840913,-0.010537425,0.012980887,0.004276057
1760635840915,-0.013133603,0.011911872,0.0067195175
1760635840918,-0.011911872,0.013133603,0.004276057
1760635840920,-0.010537425,0.014202617,0.005497787
1760635840923,-0.011759156,0.016646078,0.0018325958
1760635840925,-0.010537425,0.012980887,0.0030543262
1760635840927,-0.010537425,0.014202617,0.0030543262
1760635840929,-0.008093964,0.014202617,6.1086525E-4
1760635840932,-0.006872234,0.014202617,0.0030543262
1760635840933,-0.0056505036,0.012980887,0.0018325958
1760635840936,-0.0032070426,0.012980887,-6.1086525E-4
1760635840938,4.5814895E-4,0.01038471,-6.1086525E-4
1760635840941,4.5814895E-4,0.01038471,-0.0030543262
1760635840943,0.0016798794,0.01038471,-0.004276057
1760635840945,0.0027488936,0.005497787,-0.0030543262
1760635840947,0.005192355,0.004276057,-0.0018325958
1760635840949,0.007788532,0.005497787,6.1086525E-4
1760635840952,0.011453724,0.0053450707,-6.1086525E-4
1760635840954,0.008857546,0.004276057,-6.1086525E-4
1760635840956,0.0076358155,0.0018325958,6.1086525E-4
1760635840959,0.008857546,0.0030543262,-6.1086525E-4
1760635840961,0.011453724,0.0065668016,-6.1086525E-4
1760635840963,0.011453724,0.0053450707,0.0018325958
1760635840965,0.011301007,0.00290161,0.0018325958
1760635840968,0.015118915,0.00290161,0.004276057
1760635840970,0.013744468,0.0016798794,0.004276057
1760635840972,0.013744468,4.5814895E-4,0.0067195175
1760635840974,0.013744468,-0.001985312,0.004276057
1760635840977,0.014966198,-0.008093964,0.007941248
1760635840979,0.014813482,-0.01282817,0.0067195175
1760635840981,0.017256944,-0.014202617,0.004276057
1760635840983,0.018478673,-0.016646078,0.0067195175
1760635840986,0.018478673,-0.014202617,0.0067195175
1760635840988,0.019700404,-0.014202617,0.004276057
1760635840990,0.017256944,-0.014202617,0.0030543262
1760635840992,0.017256944,-0.012980887,0.0018325958
1760635840995,0.016035212,-0.012980887,-6.1086525E-4
1760635840997,0.016035212,-0.012980887,-6.1086525E-4
1760635840999,0.017256944,-0.011759156,-0.0018325958
1760635841001,0.018478673,-0.011759156,-6.1086525E-4
1760635841004,0.017256944,-0.0154243475,-6.1086525E-4
1760635841006,0.018478673,-0.0154243475,-6.1086525E-4
1760635841008,0.024587326,-0.014202617,-6.1086525E-4
1760635841011,0.023365596,-0.01786781,-0.0018325958
1760635841013,0.022143865,-0.019089539,6.1086525E-4
1760635841015,0.023365596,-0.019089539,-6.1086525E-4
1760635841017,0.028252518,-0.022907447,0.0030543262
1760635841019,0.025809057,-0.021533,6.1086525E-4
1760635841022,0.024587326,-0.019089539,6.1086525E-4
1760635841024,0.025809057,-0.01786781,6.1086525E-4
1760635841026,0.023365596,-0.014202617,0.0030543262
1760635841028,0.019700404,-0.011759156,0.0030543262
1760635841031,0.016035212,-0.009315695,0.0018325958
1760635841033,0.013744468,-0.001985312,0.0030543262
1760635841035,0.008857546,-6.1086525E-4,0.004276057
1760635841037,0.008857546,6.1086525E-4,0.004276057
1760635841040,0.008857546,0.0018325958,0.005497787
1760635841042,0.005192355,-0.0018325958,0.0067195175
1760635841044,0.0038179078,-0.004276057,0.005497787
1760635841047,0.0038179078,-0.007788532,0.007941248
1760635841049,0.0050396384,-0.0067195175,0.009162978
1760635841051,0.0038179078,-0.009010263,0.009162978
1760635841053,0.0038179078,-0.011453724,0.01160644
1760635841055,0.0050396384,-0.007941248,0.01160644
1760635841058,0.0013744468,-0.0041233404,0.01160644
1760635841060,0.0013744468,-0.0053450707,0.01282817
1760635841062,-0.0010690142,-0.0053450707,0.015271631
1760635841064,3.0543262E-4,-0.00290161,0.01282817
1760635841067,-9.162979E-4,-0.0016798794,0.014049901
1760635841069,-9.162979E-4,0.001985312,0.015271631
1760635841073,-9.162979E-4,0.0032070426,0.015271631
1760635841074,-9.162979E-4,0.0067195175,0.015271631
1760635841076,-0.004428773,0.009315695,0.0154243475
1760635841078,-0.0033597588,0.0032070426,0.015271631
1760635841080,-0.00580322,7.6358154E-4,0.016493361
1760635841083,-0.008246681,0.001985312,0.017715093
1760635841086,-0.0106901415,0.0033597588,0.015271631
1760635841087,-0.011911872,0.0033597588,0.016493361
1760635841089,-0.012064588,9.162979E-4,0.017715093
1760635841092,-0.01450805,9.162979E-4,0.016493361
1760635841094,-0.01817324,-1.5271631E-4,0.016493361
1760635841096,-0.020616703,0.0022907446,0.01282817
1760635841099,-0.025503624,0.0022907446,0.01038471
1760635841100,-0.027947085,0.002443461,0.01160644
1760635841103,-0.029321533,0.0,0.01038471
1760635841105,-0.03176499,-0.0012217305,0.01160644
1760635841107,-0.030390546,0.0036651916,0.009162978
1760635841110,-0.030543262,-0.0036651916,0.0067195175
1760635841112,-0.029321533,-0.0036651916,0.005497787
1760635841115,-0.028099801,0.0,0.007941248
1760635841116,-0.02565634,-0.0013744468,0.004276057
1760635841119,-0.02565634,-0.002443461,6.1086525E-4
1760635841121,-0.024281893,-1.5271631E-4,0.0030543262
1760635841123,-0.024281893,0.005955936,0.0030543262
1760635841125,-0.023060163,0.0071776668,6.1086525E-4
1760635841128,-0.022907447,0.0096211275,-6.1086525E-4
1760635841131,-0.021685716,0.012064588,0.0018325958
1760635841132,-0.019242255,0.016798794,0.0030543262
1760635841134,-0.016646078,0.018020526,0.0030543262
1760635841137,-0.019089539,0.024129177,0.004428773
1760635841139,-0.01786781,0.024129177,0.006872234
1760635841141,-0.015271631,0.027641652,0.010537425
1760635841144,-0.01038471,0.028863383,0.011759156
1760635841146,-0.0065668016,0.031154128,0.014202617
1760635841148,-0.0065668016,0.031154128,0.016646078
1760635841151,-0.00290161,0.032375857,0.019089539
1760635841153,7.6358154E-4,0.028710667,0.021533
1760635841155,0.0032070426,0.031001411,0.02275473
1760635841157,0.0056505036,0.031001411,0.021533
1760635841159,0.006872234,0.02733622,0.02275473
1760635841161,0.008093964,0.02611449,0.02397646
1760635841164,0.008093964,0.02855795,0.02397646
1760635841166,0.004428773,0.02977968,0.025198191
1760635841169,0.009315695,0.02855795,0.02397646
1760635841170,0.0056505036,0.02855795,0.02275473
1760635841173,0.006872234,0.02611449,0.02275473
1760635841175,0.0067195175,0.017562376,0.021533
1760635841177,0.01038471,0.018784106,0.019089539
1760635841179,0.007788532,0.012675454,0.016646078
1760635841183,0.007788532,0.010231993,0.014202617
1760635841185,0.009010263,0.007788532,0.012980887
1760635841186,0.013897184,0.0041233404,0.012980887
1760635841189,0.013744468,-7.6358154E-4,0.01038471
1760635841190,0.016187929,-0.004428773,0.01160644
1760635841193,0.016035212,-0.010537425,0.01160644
1760635841195,0.02107485,-0.010537425,0.01160644
1760635841197,0.019700404,-0.012980887,0.01038471
1760635841200,0.018478673,-0.0154243475,0.007941248
1760635841202,0.019700404,-0.014202617,0.005497787
1760635841204,0.017256944,-0.0154243475,0.0067195175
1760635841207,0.017104227,-0.021380283,0.004276057
1760635841209,0.020922136,-0.02031127,0.0030543262
1760635841212,0.019700404,-0.019089539,0.0067195175
1760635841213,0.016035212,-0.018936822,0.005497787
1760635841216,0.015882496,-0.020158553,0.0067195175
1760635841218,0.017104227,-0.025045475,0.007941248
1760635841220,0.018325957,-0.028710667,0.007941248
1760635841222,0.01695151,-0.029932396,0.0067195175
1760635841224,0.017104227,-0.027488936,0.0067195175
1760635841226,0.01572978,-0.031154128,0.0067195175
1760635841228,0.01817324,-0.03359759,0.004276057
1760635841231,0.01695151,-0.03481932,0.004276057
1760635841233,0.01695151,-0.03359759,0.004276057
1760635841235,0.01695151,-0.032375857,0.004276057
1760635841238,0.01695151,-0.031154128,0.004276057
1760635841240,0.015882496,-0.028710667,0.005497787
1760635841242,0.014660766,-0.023823744,0.005497787
1760635841244,0.014660766,-0.020158553,0.0067195175
1760635841247,0.010995574,-0.017715093,0.0067195175
1760635841248,0.011148291,-0.015271631,0.009162978
1760635841251,0.013591751,-0.016493361,0.01038471
1760635841253,0.013591751,-0.015271631,0.009162978
1760635841256,0.014813482,-0.01282817,0.01038471
1760635841258,0.014966198,-0.009315695,0.01160644
1760635841260,0.014966198,-0.009315695,0.014049901
1760635841263,0.014966198,-0.008093964,0.014049901
1760635841265,0.013744468,-0.008093964,0.014049901
1760635841267,0.01985312,-0.011759156,0.014049901
1760635841270,0.019700404,-0.012980887,0.014049901
1760635841271,0.023518313,-0.010537425,0.01282817
1760635841274,0.022296581,-0.010537425,0.014049901
1760635841276,0.02107485,-0.010537425,0.015271631
1760635841279,0.020922136,-0.014202617,0.015271631
1760635841280,0.019700404,-0.0154243475,0.017715093
1760635841283,0.017256944,-0.02031127,0.017715093
1760635841285,0.013439035,-0.020158553,0.016493361
1760635841288,0.013591751,-0.017715093,0.017715093
1760635841289,0.009773844,-0.018936822,0.017715093
1760635841291,0.0036651916,-0.016340645,0.021380283
1760635841294,0.002443461,-0.017562376,0.021380283
1760635841296,-0.0012217305,-0.016340645,0.022602014
1760635841298,-0.002443461,-0.013897184,0.025045475
1760635841300,-0.004886922,-0.013897184,0.025045475
1760635841303,-0.0071776668,-0.010079277,0.027488936
1760635841305,-0.007330383,-0.0125227375,0.026267206
1760635841307,-0.012217305,-0.013744468,0.028710667
1760635841309,-0.012217305,-0.013744468,0.028710667
1760635841312,-0.014660766,-0.014966198,0.031154128
1760635841314,-0.013439035,-0.014966198,0.029932396
1760635841320,-0.014660766,-0.013744468,0.029932396
1760635841320,-0.018325957,-0.016035212,0.03359759
1760635841321,-0.019547688,-0.013591751,0.029932396
1760635841323,-0.021991149,-0.00992656,0.031154128
1760635841325,-0.021991149,-0.00870483,0.031154128
1760635841327,-0.020616703,-0.0025961774,0.031154128
1760635841329,-0.020616703,0.0035124752,0.028710667
1760635841332,-0.025503624,0.0022907446,0.029932396
1760635841334,-0.026725354,0.0035124752,0.029932396
1760635841336,-0.024129177,0.008399397,0.028710667
1760635841339,-0.020463986,0.011911872,0.030085113
1760635841341,-0.019089539,0.016798794,0.031306844
1760635841343,-0.01786781,0.018020526,0.028863383
1760635841345,-0.016493361,0.025198191,0.030085113
1760635841348,-0.016493361,0.028863383,0.027641652
1760635841350,-0.016493361,0.028863383,0.028863383
1760635841353,-0.013897184,0.034972034,0.027641652
1760635841355,-0.013897184,0.03863723,0.027641652
1760635841357,-0.0125227375,0.041080687,0.026419923
1760635841359,-0.011301007,0.044593163,0.026419923
1760635841362,-0.00992656,0.049480084,0.027641652
1760635841364,-0.005192355,0.044593163,0.026419923
1760635841366,-0.006414085,0.0421497,0.025198191
1760635841368,-0.0027488936,0.043218717,0.02397646
1760635841371,-3.0543262E-4,0.043218717,0.021533
1760635841373,0.0035124752,0.04444045,0.021533
1760635841375,0.0047342055,0.04810564,0.02275473
1760635841377,0.0071776668,0.04795292,0.02397646
1760635841380,0.005955936,0.050396383,0.02275473
1760635841382,0.008552114,0.052839845,0.025198191
1760635841384,0.010995574,0.054061573,0.02397646
1760635841386,0.011148291,0.061239243,0.021533
1760635841389,0.00992656,0.061391957,0.021533
1760635841391,0.00870483,0.06505715,0.021533
1760635841393,0.00870483,0.071013086,0.02031127
1760635841395,0.0125227375,0.07223482,0.02031127
1760635841398,0.016187929,0.07223482,0.02031127
1760635841400,0.013744468,0.071013086,0.021533
1760635841402,0.0125227375,0.069791354,0.021533
1760635841404,0.012370021,0.06734789,0.02397646
1760635841407,0.011148291,0.06856962,0.021533
1760635841409,0.014813482,0.063682705,0.02031127
1760635841411,0.012370021,0.06246097,0.019089539
1760635841414,0.009773844,0.061391957,0.01786781
1760635841416,0.009773844,0.061391957,0.016646078
1760635841418,0.0061086523,0.056505036,0.0154243475
1760635841420,0.002443461,0.05665775,0.014202617
1760635841423,-0.0013744468,0.05421429,0.014202617
1760635841425,-0.0013744468,0.050549097,0.011759156
1760635841427,-0.0038179078,0.050549097,0.010537425
1760635841429,-0.0076358155,0.047036625,0.009315695
1760635841432,-0.013744468,0.04596761,0.006872234
1760635841433,-0.0125227375,0.04352415,0.006872234
1760635841436,-0.013897184,0.03863723,0.004428773
1760635841438,-0.018936822,0.03634648,0.0032070426
1760635841442,-0.025198191,0.0290161,0.001985312
1760635841443,-0.026419923,0.030390546,7.6358154E-4
1760635841445,-0.025198191,0.027947085,-0.0030543262
1760635841447,-0.025198191,0.023060163,-0.0030543262
1760635841450,-0.025198191,0.020616703,-6.1086525E-4
1760635841453,-0.026572637,0.01572978,-0.0018325958
1760635841454,-0.024129177,0.013286319,-6.1086525E-4
1760635841457,-0.021685716,0.0096211275,-6.1086525E-4
1760635841458,-0.024281893,0.0047342055,-6.1086525E-4
1760635841461,-0.019394971,-0.0025961774,0.0018325958
1760635841463,-0.01817324,-0.0025961774,0.0018325958
1760635841465,-0.02076942,-0.0038179078,6.1086525E-4
1760635841467,-0.013286319,-0.003970624,6.1086525E-4
1760635841471,-0.013439035,-0.010079277,6.1086525E-4
1760635841472,-0.0061086523,-0.0125227375,6.1086525E-4
1760635841475,0.0012217305,-0.012675454,6.1086525E-4
1760635841477,0.0012217305,-0.012675454,-6.1086525E-4
1760635841479,0.004886922,-0.017562376,-6.1086525E-4
1760635841481,0.010995574,-0.017715093,-6.1086525E-4
1760635841484,0.012217305,-0.021380283,-0.0018325958
1760635841486,0.015882496,-0.021380283,-6.1086525E-4
1760635841488,0.013439035,-0.023823744,-0.0030543262
1760635841490,0.017104227,-0.022602014,-0.005497787
1760635841492,0.019547688,-0.021533,-0.005497787
1760635841495,0.02076942,-0.02397646,-0.007941248
1760635841497,0.02076942,-0.021533,-0.0067195175
1760635841499,0.018325957,-0.020158553,-0.007941248
1760635841502,0.021991149,-0.021533,-0.01038471
1760635841504,0.02443461,-0.021533,-0.01038471
1760635841506,0.021991149,-0.02397646,-0.009162978
1760635841508,0.02443461,-0.02275473,-0.009162978
1760635841511,0.02443461,-0.025198191,-0.01038471
1760635841513,0.021991149,-0.026419923,-0.009162978
1760635841515,0.02076942,-0.028710667,-0.01160644
1760635841517,0.020616703,-0.031154128,-0.01160644
1760635841520,0.020616703,-0.029932396,-0.009162978
1760635841522,0.021838432,-0.031154128,-0.01038471
1760635841524,0.023060163,-0.031306844,-0.01160644
1760635841526,0.02443461,-0.028863383,-0.01160644
1760635841529,0.021991149,-0.026419923,-0.01160644
1760635841531,0.021991149,-0.027641652,-0.009162978
1760635841533,0.021991149,-0.026419923,-0.009162978
1760635841536,0.015882496,-0.022602014,-0.009162978
1760635841537,0.019547688,-0.023823744,-0.009162978
1760635841540,0.018478673,-0.01786781,-0.007941248
1760635841543,0.018478673,-0.014202617,-0.005497787
1760635841546,0.016035212,-0.011759156,-0.0030543262
1760635841547,0.018478673,-0.010537425,-0.0018325958
1760635841548,0.014966198,-0.008093964,6.1086525E-4
1760635841551,0.016187929,-0.0056505036,0.0018325958
1760635841553,0.01740966,-0.006872234,0.0030543262
1760635841555,0.01863139,-0.008093964,0.004276057
1760635841558,0.01863139,-0.0056505036,0.005497787
1760635841560,0.01740966,-0.006872234,0.007941248
1760635841562,0.02107485,-0.006872234,0.007941248
1760635841564,0.01985312,-0.0056505036,0.009162978
1760635841567,0.01985312,-0.004428773,0.01160644
1760635841569,0.01985312,-0.006872234,0.01282817
1760635841571,0.01985312,-0.004428773,0.014049901
1760635841574,0.01985312,-0.006872234,0.01160644
1760635841576,0.02107485,-0.008093964,0.014049901
1760635841578,0.01985312,-0.009315695,0.015271631
1760635841581,0.016187929,-0.009315695,0.014049901
1760635841583,0.014966198,-0.009315695,0.014049901
1760635841585,0.013744468,-0.0056505036,0.014049901
1760635841587,0.00870483,-0.01038471,0.015271631
1760635841590,0.0062613687,-0.0067195175,0.014049901
1760635841593,0.0050396384,-0.009162978,0.014049901
1760635841594,1.5271631E-4,-0.009010263,0.014049901
1760635841596,-0.0035124752,-0.007788532,0.017715093
1760635841599,-0.005955936,-0.0053450707,0.015271631
1760635841601,-0.0096211275,-0.0076358155,0.015271631
1760635841603,-0.012217305,-0.011301007,0.017715093
1760635841605,-0.015882496,-0.00870483,0.016493361
1760635841607,-0.018325957,-0.007483099,0.017715093
1760635841610,-0.021991149,-0.00870483,0.018936822
1760635841612,-0.021991149,-0.00870483,0.020158553
1760635841614,-0.02321288,-0.00870483,0.022602014
1760635841617,-0.02565634,-0.009773844,0.020158553
1760635841619,-0.028099801,-0.010995574,0.022602014
1760635841621,-0.03680463,-0.008399397,0.023823744
1760635841633,-0.037873644,-0.0047342055,0.023823744
1760635841633,-0.039095376,-0.0047342055,0.025045475
1760635841633,-0.04153884,-0.0022907446,0.026267206
1760635841633,-0.04520403,1.5271631E-4,0.025045475
1760635841634,-0.042760566,1.5271631E-4,0.026267206
1760635841634,-0.04520403,0.0025961774,0.026267206
1760635841642,-0.04505131,0.007483099,0.025045475
1760635841642,-0.04505131,0.00992656,0.027488936
1760635841643,-0.04505131,0.007483099,0.026267206
1760635841643,-0.04260785,0.012370021,0.025045475
1760635841651,-0.043829583,0.014813482,0.023823744
1760635841651,-0.043829583,0.014813482,0.023823744
1760635841652,-0.044898596,0.019700404,0.023823744
1760635841652,-0.042455133,0.02076942,0.02397646
1760635841654,-0.038789943,0.019547688,0.021380283
1760635841656,-0.03756821,0.02076942,0.02031127
1760635841659,-0.034972034,0.021991149,0.02031127
1760635841661,-0.033750303,0.024281893,0.02031127
1760635841663,-0.033750303,0.027947085,0.016646078
1760635841665,-0.027488936,0.030390546,0.016646078
1760635841667,-0.025045475,0.03390302,0.016646078
1760635841670,-0.026267206,0.035124753,0.01786781
1760635841672,-0.02733622,0.038789943,0.016646078
1760635841675,-0.02611449,0.041233405,0.01786781
1760635841677,-0.02733622,0.046120327,0.02031127
1760635841679,-0.02733622,0.04734206,0.02031127
1760635841682,-0.025961773,0.05222898,0.01786781
1760635841683,-0.023518313,0.05207626,0.016646078
1760635841685,-0.022296581,0.053297993,0.016646078
1760635841688,-0.02107485,0.054519724,0.01786781
1760635841690,-0.02107485,0.055741455,0.0154243475
1760635841692,-0.02107485,0.055741455,0.0154243475
1760635841694,-0.016187929,0.05207626,0.012980887
1760635841697,-0.0125227375,0.050701816,0.012980887
1760635841700,-0.0125227375,0.051923547,0.012980887
1760635841702,-0.0125227375,0.04718934,0.012980887
1760635841704,-0.008857546,0.045814894,0.010537425
1760635841706,-0.008857546,0.048258353,0.010537425
1760635841708,-0.008857546,0.045814894,0.006872234
1760635841710,-0.006414085,0.047036625,0.006872234
1760635841713,-0.006414085,0.045814894,0.0056505036
1760635841715,-0.005192355,0.048258353,0.004428773
1760635841717,-0.0027488936,0.047036625,0.0032070426
1760635841719,-0.003970624,0.049480084,0.001985312
1760635841722,-3.0543262E-4,0.046883907,7.6358154E-4
1760635841724,0.0021380284,0.045662176,0.001985312
1760635841726,0.004581489,0.04444045,0.001985312
1760635841728,0.0070249503,0.039553523,7.6358154E-4
1760635841730,0.008246681,0.035888333,0.0032070426
1760635841733,0.0143553335,0.034513887,0.0032070426
1760635841735,0.014202617,0.028405234,0.004428773
1760635841737,0.014202617,0.022449298,0.004428773
1760635841739,0.016493361,0.016187929,0.0056505036
1760635841742,0.017562376,0.009010263,0.005497787
1760635841744,0.015118915,0.0065668016,0.005497787
1760635841747,0.016187929,-7.6358154E-4,0.0067195175
1760635841749,0.013744468,-0.0032070426,0.005497787
1760635841751,0.011301007,-0.004276057,0.005497787
1760635841754,0.007483099,-0.0067195175,0.004276057
1760635841756,0.0038179078,-0.0065668016,0.004276057
1760635841758,0.0025961774,-0.009010263,0.0030543262
1760635841760,0.0012217305,-0.015118915,0.005497787
1760635841763,0.0012217305,-0.017562376,0.005497787
1760635841764,-0.0025961774,-0.023518313,0.005497787
1760635841767,-0.0025961774,-0.027183503,0.005497787
1760635841769,-0.0062613687,-0.028405234,0.004276057
1760635841772,-0.006414085,-0.033292156,6.1086525E-4
1760635841774,-0.005192355,-0.032070424,6.1086525E-4
1760635841776,-0.0076358155,-0.03436117,6.1086525E-4
1760635841778,-0.010231993,-0.03680463,-6.1086525E-4
1760635841780,-0.012675454,-0.03680463,-0.0030543262
1760635841782,-0.011453724,-0.03680463,-0.0067195175
1760635841785,-0.015118915,-0.039095376,-0.004276057
1760635841789,-0.016340645,-0.040317107,-0.0067195175
1760635841790,-0.017562376,-0.036651913,-0.009162978
1760635841792,-0.017562376,-0.039095376,-0.009162978
1760635841794,-0.015118915,-0.036651913,-0.01160644
1760635841796,-0.012675454,-0.03924809,-0.01282817
1760635841799,-0.011453724,-0.03924809,-0.015271631
1760635841801,-0.009010263,-0.04046982,-0.015271631
1760635841803,-0.010231993,-0.03924809,-0.016493361
1760635841806,-0.0053450707,-0.03680463,-0.020158553
1760635841808,-0.0027488936,-0.034513887,-0.018936822
1760635841810,9.162979E-4,-0.034513887,-0.020158553
1760635841812,0.0035124752,-0.029626964,-0.021380283
1760635841815,0.0071776668,-0.02855795,-0.020158553
1760635841817,0.008552114,-0.021227567,-0.023823744
1760635841819,0.009773844,-0.018784106,-0.022602014
1760635841821,0.012217305,-0.016493361,-0.022602014
1760635841823,0.014813482,-0.0067195175,-0.026267206
1760635841826,0.01863139,-0.0032070426,-0.026267206
1760635841827,0.01740966,0.0016798794,-0.025045475
1760635841830,0.020005837,0.0041233404,-0.025045475
1760635841832,0.020005837,0.010231993,-0.025045475
1760635841835,0.022602014,0.01863139,-0.023823744
1760635841837,0.021380283,0.02107485,-0.023823744
1760635841839,0.02031127,0.022296581,-0.020005837
1760635841841,0.021533,0.025961773,-0.018784106
1760635841844,0.02031127,0.029626964,-0.015118915
1760635841846,0.022907447,0.03313944,-0.017562376
1760635841848,0.018020526,0.03573562,-0.016340645
1760635841851,0.020463986,0.032070424,-0.013897184
1760635841853,0.022907447,0.030848695,-0.012675454
1760635841855,0.02275473,0.029626964,-0.012675454
1760635841857,0.020463986,0.032070424,-0.011453724
1760635841859,0.016646078,0.030848695,-0.010231993
1760635841861,0.016798794,0.032070424,-0.009010263
1760635841864,0.0154243475,0.032070424,-0.010231993
1760635841866,0.009468411,0.035888333,-0.010231993
1760635841868,0.009315695,0.0346666,-0.007788532
1760635841871,0.0033597588,0.039553523,-0.010231993
1760635841873,-0.0016798794,0.03970624,-0.009010263
1760635841875,-0.0016798794,0.03604105,-0.007788532
1760635841877,-0.0053450707,0.03970624,-0.0053450707
1760635841880,-0.005192355,0.0421497,-0.0041233404
1760635841882,-0.007788532,0.040927973,-0.0016798794
1760635841884,-0.010231993,0.04230242,-0.00290161
1760635841887,-0.013897184,0.041080687,-0.0016798794
1760635841889,-0.015118915,0.039858956,7.6358154E-4
1760635841891,-0.013897184,0.037415497,0.001985312
1760635841893,-0.015118915,0.034972034,0.0056505036
1760635841896,-0.016493361,0.030085113,0.008093964
1760635841898,-0.014049901,0.028863383,0.009315695
1760635841900,-0.015271631,0.024129177,0.012980887
1760635841902,-0.0154243475,0.019242255,0.012980887
1760635841905,-0.0154243475,0.019242255,0.0154243475
1760635841907,-0.0154243475,0.016798794,0.0154243475
1760635841909,-0.016646078,0.019242255,0.016646078
1760635841912,-0.01786781,0.020463986,0.016646078
1760635841914,-0.019089539,0.016798794,0.016493361
1760635841916,-0.02031127,0.019242255,0.01786781
1760635841918,-0.02275473,0.016798794,0.017715093
1760635841921,-0.025350908,0.01695151,0.017715093
1760635841923,-0.027794369,0.01572978,0.018936822
1760635841925,-0.026572637,0.013286319,0.020158553
1760635841927,-0.027947085,0.008399397,0.020158553
1760635841929,-0.030390546,0.0061086523,0.020158553
1760635841931,-0.027947085,0.0022907446,0.020158553
1760635841933,-0.03283401,0.0036651916,0.017715093
1760635841936,-0.030390546,0.004886922,0.018936822
1760635841938,-0.030543262,0.0,0.017715093
1760635841941,-0.030543262,-0.0036651916,0.016493361
1760635841943,-0.029321533,-0.007330383,0.017715093
1760635841945,-0.028099801,-0.008552114,0.017715093
1760635841948,-0.02443461,-0.010995574,0.016493361
1760635841950,-0.02565634,-0.010995574,0.016493361
1760635841952,-0.021991149,-0.00992656,0.014049901
1760635841954,-0.02076942,-0.00992656,0.01282817
1760635841956,-0.02076942,-0.011148291,0.01282817
1760635841958,-0.02076942,-0.011148291,0.015271631
1760635841961,-0.018325957,-0.012370021,0.01282817
1760635841962,-0.019547688,-0.00870483,0.01160644
1760635841965,-0.02076942,-0.0050396384,0.01038471
1760635841967,-0.01695151,-0.0025961774,0.01282817
1760635841969,-0.01817324,-0.0013744468,0.01282817
1760635841972,-0.01450805,-0.003970624,0.01038471
1760635841974,-0.012064588,-0.0027488936,0.01160644
1760635841976,-0.010842858,-0.006414085,0.014049901
1760635841978,-0.005955936,-0.0065668016,0.01282817
1760635841981,-0.0035124752,-0.010231993,0.014049901
1760635841983,-0.0036651916,-0.016187929,0.01282817
1760635841986,0.002443461,-0.017562376,0.014049901
1760635841987,0.0036651916,-0.020005837,0.014049901
1760635841990,0.010995574,-0.022602014,0.01282817
1760635841992,0.013439035,-0.020158553,0.01282817
1760635841995,0.010995574,-0.018936822,0.01160644
1760635841996,0.00870483,-0.015271631,0.01038471
1760635841999,0.00870483,-0.014049901,0.01160644
1760635842001,0.007483099,-0.01282817,0.01038471
1760635842004,0.0062613687,-0.01282817,0.01038471
1760635842006,0.0062613687,-0.01160644,0.01160644
1760635842009,0.0050396384,-0.01160644,0.01038471
1760635842010,0.007483099,-0.014049901,0.01160644
1760635842013,0.00992656,-0.016493361,0.01282817
1760635842015,0.012217305,-0.018936822,0.01282817
1760635842017,0.009773844,-0.021380283,0.01038471
1760635842019,0.010995574,-0.026267206,0.01160644
1760635842022,0.010842858,-0.027488936,0.01038471
1760635842025,0.010842858,-0.028710667,0.01038471
1760635842026,0.0096211275,-0.02977968,0.007941248
1760635842028,0.0071776668,-0.032223143,0.007941248
1760635842030,0.004581489,-0.0346666,0.005497787
1760635842032,0.0035124752,-0.032223143,0.005497787
1760635842035,0.0010690142,-0.029626964,0.004276057
1760635842037,-0.0038179078,-0.025961773,0.005497787
1760635842040,-0.0062613687,-0.025961773,0.0030543262
1760635842042,-0.007483099,-0.025961773,6.1086525E-4
1760635842044,-0.011148291,-0.024587326,-6.1086525E-4
1760635842046,-0.013591751,-0.022143865,-0.0030543262
1760635842049,-0.012370021,-0.019700404,-6.1086525E-4
1760635842051,-0.013591751,-0.020922136,-6.1086525E-4
1760635842053,-0.011148291,-0.025809057,-6.1086525E-4
1760635842056,-0.010079277,-0.027030786,-0.0018325958
1760635842058,-0.010079277,-0.029474247,-0.0030543262
1760635842060,-0.006414085,-0.030848695,-0.004276057
1760635842062,-0.005192355,-0.029626964,-0.004276057
1760635842064,-0.0027488936,-0.030848695,-0.0030543262
1760635842067,-1.5271631E-4,-0.028405234,-0.0018325958
1760635842069,-0.0013744468,-0.024740042,-0.0067195175
1760635842071,0.0,-0.016340645,-0.007941248
1760635842074,-0.002443461,-0.012675454,-0.0067195175
1760635842076,-0.0022907446,-0.009010263,-0.0067195175
1760635842078,-0.0035124752,7.6358154E-4,-0.007941248
1760635842080,-0.0033597588,0.0032070426,-0.0067195175
1760635842083,-0.0035124752,7.6358154E-4,-0.004276057
1760635842085,-0.0021380284,0.0056505036,-0.0030543262
1760635842087,0.0027488936,0.0030543262,-0.004276057
1760635842089,0.003970624,6.1086525E-4,-0.0018325958
1760635842092,0.010079277,-0.0018325958,-0.0018325958
1760635842094,0.013744468,-0.005497787,-0.0018325958
1760635842096,0.01740966,-0.008093964,-0.0018325958
1760635842099,0.02107485,-0.008093964,-0.0018325958
1760635842101,0.022296581,-0.0056505036,-0.0018325958
1760635842103,0.022296581,-0.009315695,-6.1086525E-4
1760635842105,0.022296581,-0.0032070426,-0.0018325958
1760635842108,0.017562376,0.0041233404,6.1086525E-4
1760635842109,0.013897184,0.007788532,0.0018325958
1760635842112,0.012675454,0.007788532,0.0018325958
1760635842114,0.011453724,0.011453724,0.0056505036
1760635842117,0.010231993,0.007788532,0.004276057
1760635842119,0.0076358155,0.004276057,0.005497787
1760635842122,0.006414085,-0.0018325958,0.005497787
1760635842123,0.010079277,-0.004276057,0.0067195175
1760635842127,0.00992656,-0.007941248,0.0067195175
1760635842128,0.0050396384,-0.012675454,0.0067195175
1760635842130,0.0050396384,-0.013897184,0.009162978
1760635842132,0.004886922,-0.015118915,0.009162978
1760635842135,0.0061086523,-0.016340645,0.007941248
1760635842137,0.002443461,-0.016340645,0.0067195175
1760635842139,0.002443461,-0.015118915,0.01038471
1760635842142,0.002443461,-0.018784106,0.009162978
1760635842144,-0.0013744468,-0.022296581,0.009162978
1760635842145,-0.002443461,-0.02107485,0.009162978
1760635842148,-0.0038179078,-0.025961773,0.01038471
1760635842150,-0.0050396384,-0.027183503,0.01038471
1760635842153,-0.0062613687,-0.028405234,0.01160644
1760635842155,-0.008857546,-0.029474247,0.01038471
1760635842158,-0.006414085,-0.030848695,0.01038471
1760635842159,-0.0076358155,-0.029626964,0.009162978
1760635842162,-0.008857546,-0.03191771,0.01038471
1760635842164,-0.006414085,-0.030848695,0.007941248
1760635842166,-0.0027488936,-0.032070424,0.007941248
1760635842168,-0.0027488936,-0.034513887,0.0067195175
1760635842170,-0.003970624,-0.036957346,0.005497787
1760635842173,9.162979E-4,-0.036957346,0.004276057
1760635842175,0.004581489,-0.039553523,0.005497787
1760635842177,0.00580322,-0.035888333,0.0030543262
1760635842180,0.008246681,-0.037110064,0.0030543262
1760635842181,0.004581489,-0.037110064,0.0030543262
1760635842184,0.0033597588,-0.033444874,6.1086525E-4
1760635842186,0.005955936,-0.02611449,6.1086525E-4
1760635842189,0.004886922,-0.021227567,0.0030543262
1760635842191,0.004886922,-0.021227567,6.1086525E-4
1760635842193,0.004886922,-0.020005837,6.1086525E-4
1760635842195,0.0061086523,-0.015118915,6.1086525E-4
1760635842197,0.0061086523,-0.020005837,6.1086525E-4
1760635842200,0.007330383,-0.016493361,0.0018325958
1760635842202,0.012370021,-0.016493361,6.1086525E-4
1760635842204,0.017104227,-0.021380283,-6.1086525E-4
1760635842206,0.02076942,-0.021533,-6.1086525E-4
1760635842209,0.021991149,-0.02275473,-0.0018325958
1760635842211,0.02687807,-0.02397646,-0.0018325958
1760635842213,0.028099801,-0.025198191,-0.0018325958
1760635842216,0.028099801,-0.02397646,-0.0018325958
1760635842217,0.03313944,-0.022907447,-0.004276057
1760635842220,0.03191771,-0.022907447,-0.0018325958
1760635842222,0.03191771,-0.015577064,-0.0030543262
1760635842224,0.028405234,-0.0106901415,-0.004276057
1760635842226,0.028405234,-0.0070249503,-0.004276057
1760635842228,0.024740042,-0.004581489,-0.0030543262
1760635842231,0.024892759,-0.0021380284,-0.0030543262
1760635842233,0.02611449,0.005192355,-0.0030543262
1760635842235,0.02611449,0.005192355,-0.0018325958
1760635842238,0.02611449,0.005192355,-0.0018325958
1760635842240,0.02977968,0.0015271631,-0.0018325958
1760635842242,0.032223143,-0.0022907446,6.1086525E-4
1760635842245,0.0346666,-0.005955936,0.0018325958
1760635842247,0.032070424,-0.0070249503,0.0030543262
1760635842249,0.0346666,-0.0071776668,0.004276057
1760635842251,0.034513887,-0.008399397,0.005497787
1760635842253,0.032070424,-0.008246681,0.0067195175
1760635842256,0.032070424,-0.0106901415,0.009162978
1760635842258,0.027183503,-0.009468411,0.009162978
1760635842260,0.023518313,-0.00580322,0.009162978
1760635842262,0.02107485,-0.0032070426,0.007941248
1760635842265,0.016340645,0.0053450707,0.008093964
1760635842267,0.012675454,0.009010263,0.0056505036
1760635842269,0.011453724,0.009010263,0.0030543262
1760635842272,0.01038471,0.013897184,0.004428773
1760635842274,0.011453724,0.011453724,0.0056505036
1760635842276,0.01038471,0.013897184,0.0056505036
1760635842278,0.009010263,0.010231993,0.004428773
1760635842281,0.011453724,0.0041233404,0.0030543262
1760635842283,0.008857546,6.1086525E-4,6.1086525E-4
1760635842285,0.0076358155,-0.0030543262,0.0018325958
1760635842287,0.007483099,-0.005497787,-0.0018325958
1760635842290,0.007483099,-0.005497787,-0.0030543262
1760635842292,0.007483099,-0.0067195175,-0.0030543262
1760635842294,0.0062613687,-0.005497787,-0.0018325958
1760635842297,0.006414085,-0.0030543262,-0.0030543262
1760635842299,0.003970624,0.0030543262,-0.004276057
1760635842301,0.0027488936,0.0030543262,-0.005497787
1760635842303,0.0015271631,0.0032070426,-0.005497787
1760635842306,0.0015271631,0.005497787,-0.007941248
1760635842308,0.0015271631,0.0032070426,-0.005497787
1760635842310,0.005192355,0.0030543262,-0.0067195175
1760635842312,0.0076358155,0.0018325958,-0.0067195175
1760635842314,0.008857546,6.1086525E-4,-0.0067195175
1760635842320,0.008857546,-0.0030543262,-0.0067195175
1760635842321,0.011148291,-0.0067195175,-0.0067195175
1760635842321,0.00992656,-0.01038471,-0.0067195175
1760635842324,0.012370021,-0.01160644,-0.007941248
1760635842329,0.012370021,-0.014049901,-0.007941248
1760635842329,0.011148291,-0.015271631,-0.005497787
1760635842330,0.0062613687,-0.011453724,-0.004276057
1760635842333,0.0061086523,-0.016340645,-0.004276057
1760635842335,0.0036651916,-0.017562376,-0.0067195175
1760635842337,0.0012217305,-0.013897184,-0.004276057
1760635842340,1.5271631E-4,-0.010231993,-0.0018325958
1760635842342,-0.0012217305,-0.013897184,-0.0030543262
1760635842344,-0.002443461,-0.013897184,-0.004276057
1760635842346,-0.0061086523,-0.013744468,-6.1086525E-4
1760635842349,-0.004886922,-0.01863139,-6.1086525E-4
1760635842351,-0.0062613687,-0.01985312,-6.1086525E-4
1760635842353,-0.0038179078,-0.023518313,6.1086525E-4
1760635842355,-0.003970624,-0.030848695,0.0030543262
1760635842358,-0.0027488936,-0.033292156,0.0018325958
1760635842360,-0.005192355,-0.036957346,0.004276057
1760635842362,-0.005192355,-0.038179077,0.004276057
1760635842365,-0.0065668016,-0.041691553,0.004276057
1760635842367,-0.0053450707,-0.044135015,0.0067195175
1760635842369,-0.0065668016,-0.044135015,0.005497787
1760635842371,-0.009010263,-0.045356743,0.005497787
1760635842373,-0.011453724,-0.044135015,0.005497787
1760635842376,-0.012675454,-0.042913284,0.0067195175
1760635842378,-0.010231993,-0.042913284,0.005497787
1760635842380,-0.010231993,-0.04046982,0.004276057
1760635842382,-0.008857546,-0.03680463,0.005497787
1760635842385,-0.0076358155,-0.0355829,0.005497787
1760635842387,-0.006414085,-0.03573562,0.007941248
1760635842389,-0.005192355,-0.03573562,0.0067195175
1760635842391,-0.005192355,-0.03573562,0.005497787
1760635842394,-0.0015271631,-0.038179077,0.0067195175
1760635842396,9.162979E-4,-0.03940081,0.0067195175
1760635842398,0.0021380284,-0.03940081,0.004276057
1760635842400,0.0033597588,-0.038179077,0.004276057
1760635842403,0.004581489,-0.039553523,0.004276057
1760635842405,0.0070249503,-0.040775254,0.0067195175
1760635842406,0.008246681,-0.039553523,0.005497787
1760635842409,0.0096211275,-0.033444874,0.005497787
1760635842411,0.0096211275,-0.02977968,0.004276057
1760635842413,0.010842858,-0.02977968,0.0030543262
1760635842416,0.013286319,-0.029932396,0.0030543262
1760635842418,0.013286319,-0.029932396,0.0018325958
1760635842420,0.014660766,-0.027488936,0.0018325958
1760635842422,0.01572978,-0.028710667,0.0018325958
1760635842424,0.01572978,-0.029932396,-6.1086525E-4
1760635842427,0.01695151,-0.031154128,-6.1086525E-4
1760635842430,0.01695151,-0.032375857,-6.1086525E-4
1760635842432,0.019394971,-0.029932396,-0.0018325958
1760635842434,0.021991149,-0.028863383,-0.0030543262
1760635842436,0.019547688,-0.028710667,-0.0030543262
1760635842439,0.019547688,-0.026267206,-0.004276057
1760635842441,0.019547688,-0.025045475,-0.007941248
1760635842443,0.019547688,-0.026267206,-0.007941248
1760635842445,0.019547688,-0.02275473,-0.0067195175
1760635842448,0.019547688,-0.025045475,-0.009162978
1760635842450,0.015882496,-0.021380283,-0.01160644
1760635842452,0.017256944,-0.014202617,-0.01038471
1760635842454,0.017256944,-0.012980887,-0.01038471
1760635842457,0.012370021,-0.01160644,-0.01160644
1760635842459,0.012370021,-0.009162978,-0.01282817
1760635842461,0.011148291,-0.007941248,-0.01282817
1760635842463,0.011301007,-0.004276057,-0.01282817
1760635842466,0.010079277,-0.0018325958,-0.015271631
1760635842468,0.008857546,-6.1086525E-4,-0.014049901
1760635842470,0.0125227375,-0.0030543262,-0.014049901
1760635842473,0.013744468,-0.004276057,-0.01282817
1760635842475,0.0125227375,-6.1086525E-4,-0.014049901
1760635842477,0.01740966,4.5814895E-4,-0.016493361
1760635842479,0.02107485,-0.001985312,-0.016493361
1760635842481,0.016187929,-0.001985312,-0.015271631
1760635842484,0.01863139,-0.0032070426,-0.017715093
1760635842486,0.01740966,-7.6358154E-4,-0.014049901
1760635842488,0.014966198,-0.001985312,-0.015271631
1760635842490,0.01740966,-7.6358154E-4,-0.015271631
1760635842493,0.01740966,-7.6358154E-4,-0.016493361
1760635842495,0.013744468,0.0016798794,-0.017715093
1760635842497,0.012675454,0.009010263,-0.017715093
1760635842499,0.009010263,0.01160644,-0.017715093
1760635842502,0.007788532,0.01282817,-0.016493361
1760635842504,0.009010263,0.014049901,-0.020158553
1760635842506,0.0065668016,0.015271631,-0.020158553
1760635842508,0.0041233404,0.01282817,-0.022602014
1760635842511,0.0041233404,0.01160644,-0.021380283
1760635842513,0.003970624,0.005497787,-0.022602014
1760635842515,0.005192355,6.1086525E-4,-0.020158553
1760635842517,0.007483099,-0.005497787,-0.021380283
1760635842520,0.0061086523,-0.012675454,-0.021380283
1760635842522,0.004886922,-0.015118915,-0.021380283
1760635842524,0.004886922,-0.017562376,-0.025045475
1760635842526,-1.5271631E-4,-0.01985312,-0.025045475
1760635842528,0.0010690142,-0.022296581,-0.025045475
1760635842531,-0.0050396384,-0.01985312,-0.027488936
1760635842533,-0.004886922,-0.014966198,-0.029932396
1760635842535,-0.00870483,-0.014966198,-0.031154128
1760635842538,-0.011148291,-0.013591751,-0.032375857
1760635842540,-0.012370021,-0.011148291,-0.03481932
1760635842542,-0.013439035,-0.00992656,-0.03604105
1760635842544,-0.013439035,-0.0062613687,-0.03726278
1760635842547,-0.012370021,-0.011148291,-0.03604105
1760635842549,-0.00992656,-0.012370021,-0.03970624
1760635842552,-0.00992656,-0.014813482,-0.03848451
1760635842554,-0.007483099,-0.01740966,-0.040927973
1760635842556,-0.0050396384,-0.01863139,-0.040927973
1760635842558,-1.5271631E-4,-0.01985312,-0.04337143
1760635842560,-0.002443461,-0.013744468,-0.0421497
1760635842562,0.004886922,-0.010231993,-0.044593163
1760635842565,0.0025961774,-0.0053450707,-0.047036625
1760635842567,0.00870483,-0.0018325958,-0.045814894
1760635842570,0.0062613687,-0.0016798794,-0.044593163
1760635842572,0.0025961774,-0.00290161,-0.04337143
1760635842574,0.0012217305,-0.007788532,-0.0421497
1760635842576,-0.0025961774,-0.014966198,-0.040927973
1760635842578,-0.0025961774,-0.01985312,-0.03970624
1760635842581,-0.0025961774,-0.01863139,-0.03848451
1760635842583,-0.0025961774,-0.023518313,-0.03726278
1760635842585,-0.0015271631,-0.025961773,-0.03726278
1760635842588,0.0022907446,-0.025961773,-0.03604105
1760635842590,0.0035124752,-0.025961773,-0.03604105
1760635842592,0.0047342055,-0.024892759,-0.03604105
1760635842594,0.013286319,-0.023823744,-0.03726278
1760635842596,0.015882496,-0.021380283,-0.03726278
1760635842598,0.018325957,-0.016493361,-0.03848451
1760635842601,0.018478673,-0.01038471,-0.03970624
1760635842603,0.024740042,-0.0056505036,-0.040927973
1760635842605,0.022296581,-0.0032070426,-0.040927973
1760635842608,0.02107485,-7.6358154E-4,-0.040927973
1760635842610,0.02107485,4.5814895E-4,-0.040927973
1760635842612,0.022296581,4.5814895E-4,-0.03970624
1760635842615,0.022296581,-7.6358154E-4,-0.03726278
1760635842617,0.022296581,-0.001985312,-0.03604105
1760635842620,0.01985312,-0.004428773,-0.03726278
1760635842621,0.01863139,-0.004428773,-0.03604105
1760635842623,0.01863139,-0.0032070426,-0.03604105
1760635842626,0.01985312,-0.0032070426,-0.03604105
1760635842628,0.01740966,-7.6358154E-4,-0.03481932
1760635842630,0.01740966,4.5814895E-4,-0.032375857
1760635842632,0.01863139,0.0041233404,-0.032375857
1760635842635,0.018784106,0.0065668016,-0.031154128
1760635842637,0.021227567,0.007788532,-0.028710667
1760635842639,0.021227567,0.009010263,-0.028710667
1760635842641,0.022449298,0.008857546,-0.025045475
1760635842644,0.020005837,0.007788532,-0.023823744
1760635842646,0.021227567,0.011301007,-0.020158553
1760635842648,0.021380283,0.011301007,-0.017715093
1760635842651,0.020005837,0.010079277,-0.016493361
1760635842653,0.018936822,0.012675454,-0.014049901
1760635842655,0.017715093,0.013897184,-0.01282817
1760635842657,0.013897184,0.011453724,-0.009162978
1760635842660,0.013897184,0.010231993,-0.005497787
1760635842662,0.013897184,0.011453724,-0.005497787
1760635842664,0.011453724,0.012675454,-0.004276057
1760635842666,0.007788532,0.01038471,-6.1086525E-4
1760635842669,0.0065668016,0.01160644,6.1086525E-4
1760635842671,0.009010263,0.013897184,-6.1086525E-4
1760635842673,0.009010263,0.011453724,6.1086525E-4
1760635842675,0.010231993,0.012675454,6.1086525E-4
1760635842678,0.009162978,0.013897184,0.004428773
1760635842680,0.007941248,0.015118915,0.004428773
1760635842682,0.005497787,0.015271631,0.008093964
1760635842684,0.005497787,0.017715093,0.006872234
1760635842687,0.0016798794,0.015271631,0.0056505036
1760635842689,-7.6358154E-4,0.01282817,0.0067195175
1760635842691,-0.004428773,0.010537425,0.005497787
1760635842693,-0.0056505036,0.011759156,0.009162978
1760635842695,-0.008246681,0.010537425,0.0067195175
1760635842697,-0.013133603,0.008246681,0.007941248
1760635842700,-0.013133603,0.0070249503,0.007941248
1760635842702,-0.01817324,0.004581489,0.005497787
1760635842705,-0.019394971,0.005955936,0.007941248
1760635842708,-0.020616703,0.005955936,0.0067195175
1760635842709,-0.025503624,0.005955936,0.0067195175
1760635842712,-0.024281893,0.005955936,0.0030543262
1760635842713,-0.025503624,0.0022907446,0.0018325958
1760635842716,-0.02565634,-0.0061086523,6.1086525E-4
1760635842718,-0.02565634,-0.007330383,6.1086525E-4
1760635842720,-0.023365596,-0.013439035,6.1086525E-4
1760635842723,-0.024587326,-0.014660766,6.1086525E-4
1760635842725,-0.024587326,-0.014660766,6.1086525E-4
1760635842727,-0.024587326,-0.014660766,-0.0018325958
1760635842729,-0.028252518,-0.013439035,-0.0030543262
1760635842731,-0.027030786,-0.014660766,-0.0030543262
1760635842733,-0.027030786,-0.009773844,-0.004276057
1760635842735,-0.02565634,-0.002443461,-0.0030543262
1760635842737,-0.029321533,0.0012217305,-0.004276057
1760635842740,-0.029168816,0.004886922,-0.007941248
1760635842742,-0.027947085,0.008552114,-0.009162978
1760635842744,-0.022907447,0.010842858,-0.009162978
1760635842747,-0.020616703,0.0071776668,-0.007941248
1760635842749,-0.019394971,0.0047342055,-0.009162978
1760635842751,-0.01450805,9.162979E-4,-0.005497787
1760635842753,-0.008399397,-0.006414085,-0.0030543262
1760635842756,-0.0047342055,-0.0076358155,-0.004276057
1760635842759,-0.002443461,-0.010231993,-0.0030543262
1760635842760,-0.0010690142,-0.010231993,-0.004276057
1760635842763,-0.0036651916,-0.010079277,-0.004276057
1760635842765,-0.0047342055,-0.0065668016,-0.0018325958
1760635842767,-0.0047342055,-0.00290161,-0.0030543262
1760635842769,-0.00580322,0.001985312,-0.0030543262
1760635842771,-0.009468411,0.0070249503,-0.0030543262
1760635842774,-0.0106901415,0.009468411,-0.004276057
1760635842777,-0.009468411,0.010537425,-0.0067195175
1760635842779,-0.008093964,0.014202617,-0.009162978
1760635842781,-0.008246681,0.010537425,-0.01160644
1760635842783,-0.004581489,0.009315695,-0.014049901
1760635842785,-9.162979E-4,0.006872234,-0.015271631
1760635842788,-0.0010690142,-0.00290161,-0.015271631
1760635842790,1.5271631E-4,-0.0065668016,-0.015271631
1760635842792,1.5271631E-4,-0.009010263,-0.017715093
1760635842794,0.002443461,-0.012675454,-0.017715093
1760635842797,0.0,-0.015118915,-0.016493361
1760635842799,-0.0013744468,-0.01863139,-0.017715093
1760635842801,-0.0013744468,-0.02107485,-0.017715093
1760635842803,-0.0025961774,-0.01740966,-0.021380283
1760635842806,-0.004886922,-0.014966198,-0.023823744
1760635842808,-0.0061086523,-0.013744468,-0.023823744
1760635842810,-0.004886922,-0.0076358155,-0.025045475
1760635842813,1.5271631E-4,-0.007788532,-0.023823744
1760635842815,-0.0036651916,-0.0076358155,-0.028710667
1760635842817,-0.0012217305,-0.007788532,-0.029932396
1760635842819,0.0012217305,-0.009010263,-0.028710667
1760635842821,0.007330383,-0.017562376,-0.028710667
1760635842824,0.008399397,-0.02611449,-0.027488936
1760635842826,0.010842858,-0.02855795,-0.026267206
1760635842829,0.0106901415,-0.033444874,-0.028710667
1760635842831,0.008246681,-0.035888333,-0.029932396
1760635842834,0.008246681,-0.0346666,-0.028710667
1760635842835,0.00580322,-0.032223143,-0.028710667
1760635842837,0.0022907446,-0.024740042,-0.029932396
1760635842840,-0.0038179078,-0.023518313,-0.028710667
1760635842842,-0.011148291,-0.013591751,-0.028710667
1760635842844,-0.014660766,-0.0062613687,-0.031154128
1760635842846,-0.019547688,-1.5271631E-4,-0.03481932
1760635842849,-0.021991149,0.0022907446,-0.03726278
1760635842851,-0.023060163,0.0071776668,-0.03604105
1760635842853,-0.020616703,0.0035124752,-0.03726278
1760635842855,-0.02076942,0.0010690142,-0.03970624
1760635842857,-0.015882496,-1.5271631E-4,-0.03970624
1760635842861,-0.014660766,-0.0062613687,-0.03970624
1760635842862,-0.009773844,-0.008857546,-0.040927973
1760635842864,-0.00992656,-0.018478673,-0.03848451
1760635842866,-0.007483099,-0.020922136,-0.03848451
1760635842870,-0.0038179078,-0.01985312,-0.03848451
1760635842872,-0.0062613687,-0.014966198,-0.03848451
1760635842875,-0.010995574,-0.0062613687,-0.03970624
1760635842877,-0.0096211275,-3.0543262E-4,-0.0421497
1760635842878,-0.013286319,0.009468411,-0.04337143
1760635842880,-0.0143553335,0.019242255,-0.03970624
1760635842883,-0.011759156,0.026572637,-0.03970624
1760635842885,-0.01160644,0.028863383,-0.03970624
1760635842887,-0.007941248,0.036193766,-0.03481932
1760635842889,-0.0067195175,0.034972034,-0.03481932
1760635842891,-0.0030543262,0.031154128,-0.03481932
1760635842893,0.004276057,0.027488936,-0.031154128
1760635842896,0.01160644,0.020005837,-0.026267206
1760635842898,0.013897184,0.013897184,-0.025045475
1760635842901,0.018784106,0.007788532,-0.023823744
1760635842903,0.021227567,0.007788532,-0.022602014
1760635842905,0.022449298,0.00290161,-0.020158553
1760635842907,0.021227567,0.00290161,-0.015271631
1760635842909,0.020005837,0.0041233404,-0.017715093
1760635842912,0.017562376,0.0053450707,-0.015271631
1760635842914,0.016340645,0.0041233404,-0.015271631
1760635842916,0.012675454,0.013897184,-0.014049901
1760635842919,0.009010263,0.015118915,-0.014049901
1760635842921,0.0067195175,0.017715093,-0.015271631
1760635842923,0.0041233404,0.017715093,-0.017715093
1760635842926,4.5814895E-4,0.014049901,-0.018936822
1760635842929,-7.6358154E-4,0.014202617,-0.017715093
1760635842930,-0.00580322,0.009315695,-0.017715093
1760635842933,-0.00580322,0.0056505036,-0.018936822
1760635842934,-0.008399397,0.0021380284,-0.018936822
1760635842937,-0.013286319,-0.0015271631,-0.021380283
1760635842939,-0.015882496,-0.00870483,-0.020158553
1760635842941,-0.019700404,-0.012370021,-0.018936822
1760635842943,-0.019700404,-0.013591751,-0.020158553
1760635842946,-0.022143865,-0.018325957,-0.020158553
1760635842948,-0.025961773,-0.018325957,-0.017715093
1760635842950,-0.025809057,-0.017104227,-0.017715093
1760635842953,-0.028405234,-0.017104227,-0.016493361
1760635842955,-0.033292156,-0.019394971,-0.014049901
1760635842957,-0.030848695,-0.01695151,-0.01282817
1760635842960,-0.029474247,-0.015882496,-0.01160644
1760635842962,-0.025809057,-0.012217305,-0.01160644
1760635842964,-0.027030786,-0.010995574,-0.0067195175
1760635842965,-0.02321288,-0.0062613687,-0.004276057
1760635842968,-0.018325957,-0.00870483,-0.005497787
1760635842971,-0.014660766,-0.005192355,-0.0018325958
1760635842972,-0.0096211275,-0.005192355,0.0018325958
1760635842975,-0.008399397,-0.0015271631,0.005497787
1760635842977,-0.0033597588,0.0032070426,0.005497787
1760635842979,-0.0033597588,0.0056505036,0.007941248
1760635842982,-0.004581489,0.009315695,0.009162978
1760635842983,-7.6358154E-4,0.009162978,0.01282817
1760635842986,0.0016798794,0.01282817,0.0154243475
1760635842988,0.004276057,0.015271631,0.016646078
1760635842991,0.004276057,0.018936822,0.021533
1760635842992,0.0067195175,0.020005837,0.02275473
1760635842995,0.004276057,0.020005837,0.02397646
1760635842997,0.0067195175,0.018784106,0.02275473
1760635842999,0.004276057,0.022449298,0.026419923
1760635843002,0.004276057,0.021227567,0.026419923
1760635843004,0.0018325958,0.021380283,0.030085113
1760635843006,-6.1086525E-4,0.021380283,0.032528576
1760635843008,-4.5814895E-4,0.026267206,0.031306844
1760635843011,-0.004276057,0.026267206,0.028863383
1760635843013,-0.009162978,0.021533,0.031306844
1760635843015,-0.01038471,0.021533,0.032528576
1760635843018,-0.011759156,0.01786781,0.030085113
1760635843020,-0.011759156,0.010537425,0.031306844
1760635843022,-0.0143553335,0.0070249503,0.032528576
1760635843024,-0.015577064,0.00580322,0.031306844
1760635843027,-0.01695151,9.162979E-4,0.031154128
1760635843030,-0.01817324,-3.0543262E-4,0.032375857
1760635843032,-0.01817324,-0.0038179078,0.026267206
1760635843033,-0.021838432,-0.0013744468,0.027488936
1760635843036,-0.02443461,-0.0038179078,0.023823744
1760635843038,-0.02443461,-0.0050396384,0.025045475
1760635843040,-0.024281893,-0.0025961774,0.023823744
1760635843043,-0.021838432,-1.5271631E-4,0.022602014
1760635843045,-0.024281893,-0.0025961774,0.023823744
1760635843047,-0.023060163,-0.0013744468,0.022602014
1760635843050,-0.023060163,-0.0025961774,0.022602014
1760635843052,-0.019394971,-1.5271631E-4,0.020158553
1760635843054,-0.01695151,-3.0543262E-4,0.018936822
1760635843056,-0.01450805,-0.0015271631,0.016493361
1760635843058,-0.0096211275,-0.0027488936,0.015271631
1760635843061,-0.0071776668,-0.005192355,0.01282817
1760635843063,-0.0022907446,-0.00290161,0.01160644
1760635843065,1.5271631E-4,-0.00290161,0.01160644
1760635843067,0.0038179078,-0.005497787,0.009162978
1760635843070,0.003970624,-6.1086525E-4,0.007941248
1760635843072,0.0076358155,0.0018325958,0.007941248
1760635843074,0.003970624,0.005497787,0.005497787
1760635843076,0.0041233404,0.009162978,0.005497787
1760635843079,0.0053450707,0.014049901,0.0032070426
1760635843081,0.007941248,0.020005837,0.001985312
1760635843083,0.005497787,0.021380283,-0.0016798794
1760635843085,0.006872234,0.02855795,-0.0016798794
1760635843088,0.006872234,0.0346666,-0.0016798794
1760635843090,0.006872234,0.032223143,-0.0016798794
1760635843092,0.006872234,0.02977968,-4.5814895E-4
1760635843095,0.012980887,0.02611449,-4.5814895E-4
1760635843097,0.016646078,0.022296581,-0.0016798794
1760635843099,0.016493361,0.016340645,-4.5814895E-4
1760635843101,0.020158553,0.0125227375,7.6358154E-4
1760635843104,0.020158553,0.011301007,-0.00290161
1760635843106,0.023823744,0.013744468,-4.5814895E-4
1760635843108,0.023823744,0.008857546,-4.5814895E-4
1760635843111,0.023823744,0.0125227375,0.001985312
1760635843113,0.023823744,0.016187929,7.6358154E-4
1760635843115,0.022602014,0.01740966,0.001985312
1760635843117,0.021380283,0.01740966,7.6358154E-4
1760635843119,0.021533,0.01985312,7.6358154E-4
1760635843121,0.020158553,0.01863139,-4.5814895E-4
1760635843124,0.02275473,0.01863139,0.001985312
1760635843126,0.021533,0.02107485,0.001985312
1760635843128,0.02275473,0.01863139,0.0032070426
1760635843131,0.025045475,0.013744468,0.004428773
1760635843133,0.026267206,0.010079277,0.004428773
1760635843135,0.02977968,0.0025961774,0.004428773
1760635843137,0.032223143,-0.005955936,0.007941248
1760635843140,0.028405234,-0.009468411,0.009162978
1760635843142,0.028405234,-0.013133603,0.0067195175
1760635843144,0.027030786,-0.02275473,0.005497787
1760635843146,0.02321288,-0.026419923,0.0067195175
1760635843148,0.02321288,-0.027641652,0.005497787
1760635843151,0.02076942,-0.030085113,0.0067195175
1760635843153,0.01695151,-0.03359759,0.007941248
1760635843155,0.01695151,-0.031154128,0.005497787
1760635843158,0.013286319,-0.028710667,0.005497787
1760635843160,0.017104227,-0.028710667,0.005497787
1760635843162,0.01450805,-0.03481932,0.005497787
1760635843164,0.011911872,-0.038331795,0.005497787
1760635843167,0.0143553335,-0.03970624,0.004276057
1760635843169,0.018020526,-0.0421497,0.0067195175
1760635843171,0.021685716,-0.04337143,0.007941248
1760635843173,0.020463986,-0.049480084,0.0067195175
1760635843175,0.025350908,-0.04718934,0.007941248
1760635843177,0.025350908,-0.049480084,0.01038471
1760635843180,0.026572637,-0.04841107,0.01038471
1760635843182,0.025350908,-0.049480084,0.01038471
1760635843184,0.025350908,-0.04596761,0.009162978
1760635843186,0.026572637,-0.044745877,0.009162978
1760635843189,0.026725354,-0.041080687,0.009162978
1760635843192,0.024281893,-0.033750303,0.009162978
1760635843194,0.028099801,-0.031306844,0.007941248
1760635843196,0.028099801,-0.026419923,0.0067195175
1760635843198,0.02565634,-0.025198191,0.01038471
1760635843200,0.024587326,-0.02031127,0.01038471
1760635843203,0.029474247,-0.019242255,0.009162978
1760635843205,0.028252518,-0.019242255,0.009162978
1760635843207,0.029474247,-0.020463986,0.009162978
1760635843209,0.03191771,-0.019242255,0.0067195175
1760635843211,0.029474247,-0.020463986,0.0067195175
1760635843214,0.027030786,-0.02275473,0.01038471
1760635843216,0.028252518,-0.020463986,0.01160644
1760635843219,0.028252518,-0.021685716,0.01038471
1760635843221,0.027030786,-0.018020526,0.007941248
1760635843223,0.024587326,-0.016646078,0.0067195175
1760635843225,0.01985312,-0.009315695,0.004276057
1760635843227,0.023518313,-0.0070249503,0.005497787
1760635843229,0.01985312,-0.0032070426,0.004276057
1760635843231,0.016187929,-7.6358154E-4,0.005497787
1760635843234,0.015118915,0.0041233404,0.008093964
1760635843236,0.013897184,0.007788532,0.008093964
1760635843238,0.011453724,0.0041233404,0.0067195175
1760635843240,0.007788532,0.009162978,0.006872234
1760635843242,0.0053450707,0.009162978,0.008093964
1760635843245,0.00290161,0.009162978,0.010537425
1760635843247,4.5814895E-4,0.009162978,0.009315695
1760635843249,0.0016798794,0.01282817,0.010537425
1760635843251,-0.001985312,0.017715093,0.009315695
1760635843254,-0.001985312,0.016493361,0.010537425
1760635843256,-0.010537425,0.016646078,0.011759156
1760635843258,-0.011759156,0.02031127,0.010537425
1760635843260,-0.011759156,0.02031127,0.014202617
1760635843263,-0.014202617,0.020463986,0.011759156
1760635843265,-0.016646078,0.022907447,0.012980887
1760635843267,-0.019089539,0.022907447,0.012980887
1760635843270,-0.019089539,0.024129177,0.014202617
1760635843272,-0.02031127,0.021685716,0.014202617
1760635843274,-0.02031127,0.020463986,0.012980887
1760635843276,-0.021533,0.016798794,0.0154243475
1760635843278,-0.02275473,0.018020526,0.0154243475
1760635843281,-0.02397646,0.021685716,0.016646078
1760635843283,-0.027641652,0.021838432,0.0154243475
1760635843285,-0.03145956,0.01817324,0.0154243475
1760635843288,-0.030085113,0.021838432,0.016646078
1760635843289,-0.032528576,0.021838432,0.016646078
1760635843292,-0.034972034,0.02443461,0.01786781
1760635843294,-0.032528576,0.024281893,0.019089539
1760635843297,-0.032528576,0.024281893,0.01786781
1760635843299,-0.033750303,0.023060163,0.019089539
1760635843301,-0.031306844,0.020616703,0.02031127
1760635843304,-0.03023783,0.01817324,0.02031127
1760635843306,-0.026572637,0.01695151,0.019089539
1760635843308,-0.024129177,0.013286319,0.019089539
1760635843310,-0.020463986,0.0106901415,0.017715093
1760635843312,-0.019242255,0.008246681,0.018936822
1760635843314,-0.018020526,0.008246681,0.018936822
1760635843317,-0.018020526,0.008246681,0.017715093
1760635843319,-0.018020526,0.008246681,0.017715093
1760635843321,-0.019242255,0.009468411,0.015271631
1760635843324,-0.019242255,0.008246681,0.014049901
1760635843326,-0.019242255,0.011911872,0.014049901
1760635843328,-0.018020526,0.0106901415,0.01282817
1760635843331,-0.018020526,0.008246681,0.01282817
1760635843333,-0.0143553335,0.008246681,0.01160644
1760635843335,-0.011911872,0.004581489,0.01160644
1760635843337,-0.010842858,0.0021380284,0.01160644
1760635843340,-0.008399397,-0.0015271631,0.01160644
1760635843342,-0.0047342055,-0.0053450707,0.009162978
1760635843344,-0.0047342055,-0.0065668016,0.01160644
1760635843347,-0.0035124752,-0.009010263,0.01160644
1760635843349,-0.0022907446,-0.007788532,0.009162978
1760635843351,-0.0035124752,-0.007788532,0.007941248
1760635843354,-0.0035124752,-0.009010263,0.009162978
1760635843356,-0.0022907446,-0.0065668016,0.009162978
1760635843358,-0.0035124752,-0.0065668016,0.007941248
1760635843360,0.0013744468,-0.0065668016,0.007941248
1760635843362,0.0025961774,-0.007788532,0.007941248
1760635843365,0.0038179078,-0.009010263,0.0067195175
1760635843367,0.0062613687,-0.01160644,0.007941248
1760635843369,0.013591751,-0.016493361,0.0067195175
1760635843372,0.013591751,-0.01282817,0.007941248
1760635843374,0.019700404,-0.019089539,0.007941248
1760635843375,0.020922136,-0.021533,0.009162978
1760635843379,0.020922136,-0.02031127,0.0067195175
1760635843381,0.021991149,-0.02275473,0.0067195175
1760635843382,0.02321288,-0.02275473,0.004276057
1760635843385,0.022143865,-0.02031127,0.004276057
1760635843387,0.020922136,-0.01786781,0.005497787
1760635843390,0.018478673,-0.012980887,0.005497787
1760635843392,0.017256944,-0.014202617,0.0030543262
1760635843394,0.016035212,-0.012980887,0.005497787
1760635843397,0.014813482,-0.010537425,0.005497787
1760635843399,0.016035212,-0.010537425,0.0030543262
1760635843401,0.014813482,-0.014049901,0.004276057
1760635843403,0.016035212,-0.011759156,0.0018325958
1760635843405,0.016035212,-0.015271631,0.0018325958
1760635843407,0.017256944,-0.016646078,0.0018325958
1760635843410,0.018478673,-0.016646078,0.0018325958
1760635843412,0.019700404,-0.019089539,0.004276057
1760635843414,0.018325957,-0.021533,0.004276057
1760635843416,0.017104227,-0.023823744,0.0030543262
1760635843419,0.015882496,-0.021380283,0.0018325958
1760635843421,0.018325957,-0.022602014,0.0030543262
1760635843423,0.019547688,-0.02397646,0.0018325958
1760635843426,0.018478673,-0.01786781,6.1086525E-4
1760635843428,0.016035212,-0.016493361,0.0018325958
1760635843430,0.016035212,-0.011759156,0.0018325958
1760635843432,0.013591751,-0.01160644,-6.1086525E-4
1760635843435,0.013591751,-0.01038471,6.1086525E-4
1760635843437,0.013591751,-0.007941248,0.0018325958
1760635843439,0.01740966,-0.006872234,6.1086525E-4
1760635843441,0.016187929,-0.008093964,0.0018325958
1760635843444,0.01740966,-0.008093964,0.0018325958
1760635843447,0.022296581,-0.0056505036,0.0030543262
1760635843449,0.02107485,-0.0056505036,0.0030543262
1760635843450,0.024740042,-0.0070249503,0.0030543262
1760635843453,0.022296581,-0.0056505036,0.005497787
1760635843456,0.020005837,4.5814895E-4,0.005497787
1760635843457,0.020005837,0.0016798794,0.0067195175
1760635843460,0.017562376,0.007788532,0.0030543262
1760635843461,0.016493361,0.011453724,0.0032070426
1760635843464,0.014049901,0.012675454,0.001985312
1760635843466,0.01282817,0.015118915,-4.5814895E-4
1760635843469,0.01160644,0.016340645,7.6358154E-4
1760635843471,0.01160644,0.018784106,-4.5814895E-4
1760635843472,0.009162978,0.020005837,-4.5814895E-4
1760635843475,0.01160644,0.021227567,-4.5814895E-4
1760635843477,0.014049901,0.018784106,-0.0016798794
1760635843480,0.01160644,0.021227567,-0.0016798794
1760635843482,0.01282817,0.018784106,-0.0016798794
1760635843484,0.015271631,0.015118915,-0.00290161
1760635843486,0.017715093,0.01740966,-0.0041233404
1760635843489,0.018936822,0.014966198,-0.0016798794
1760635843490,0.021380283,0.014966198,-0.0041233404
1760635843493,0.020158553,0.013744468,-0.00290161
1760635843496,0.021380283,0.01863139,-0.0041233404
1760635843497,0.021533,0.022296581,-0.0053450707
1760635843499,0.02031127,0.025961773,-0.0041233404
1760635843501,0.021533,0.027183503,7.6358154E-4
1760635843504,0.01786781,0.029626964,-4.5814895E-4
1760635843507,0.015577064,0.036957346,7.6358154E-4
1760635843508,0.0106901415,0.04062254,7.6358154E-4
1760635843511,0.008399397,0.04550946,0.0032070426
1760635843513,0.0035124752,0.05177083,0.004428773
1760635843515,-1.5271631E-4,0.05299256,0.008093964
1760635843518,-0.0025961774,0.05787948,0.009315695
1760635843520,-0.007483099,0.059253927,0.010537425
1760635843522,-0.010995574,0.06291912,0.011759156
1760635843525,-0.016035212,0.06291912,0.0154243475
1760635843527,-0.016035212,0.06047566,0.01786781
1760635843530,-0.016035212,0.06169739,0.021533
1760635843532,-0.016035212,0.0580322,0.02397646
1760635843533,-0.013591751,0.054367006,0.026419923
1760635843536,-0.014966198,0.04841107,0.030085113
1760635843537,-0.006414085,0.045814894,0.031306844
1760635843540,-0.003970624,0.04337143,0.033750303
1760635843543,-0.0027488936,0.03848451,0.037415497
1760635843545,0.0021380284,0.035888333,0.037415497
1760635843547,0.0033597588,0.037110064,0.039858956
1760635843549,0.0070249503,0.03940081,0.039858956
1760635843552,0.012064588,0.04184427,0.041080687
1760635843554,0.010842858,0.04428773,0.04230242
1760635843556,0.010842858,0.04795292,0.041080687
1760635843558,0.009773844,0.04917465,0.04352415
1760635843561,0.013439035,0.049021937,0.04596761
1760635843562,0.014660766,0.05024367,0.04596761
1760635843565,0.015882496,0.047800206,0.04841107
1760635843568,0.018325957,0.045356743,0.04718934
1760635843569,0.021991149,0.042913284,0.04718934
1760635843572,0.021838432,0.03680463,0.049632803
1760635843575,0.023060163,0.03313944,0.05085453
1760635843576,0.024129177,0.030695979,0.05085453
1760635843579,0.022907447,0.024587326,0.049632803
1760635843581,0.02275473,0.014813482,0.05207626
1760635843583,0.020158553,0.010079277,0.05085453
1760635843586,0.018784106,0.0027488936,0.05207626
1760635843588,0.017562376,-9.162979E-4,0.05085453
1760635843590,0.0125227375,-0.0056505036,0.05085453
1760635843592,0.007483099,-0.01160644,0.05085453
1760635843595,0.0038179078,-0.01038471,0.05207626
1760635843597,1.5271631E-4,-0.011453724,0.049632803
1760635843599,-0.0047342055,-0.013897184,0.048258353
1760635843601,-0.007330383,-0.016187929,0.049480084
1760635843604,-0.010995574,-0.014966198,0.049480084
1760635843606,-0.014660766,-0.014966198,0.048258353
1760635843609,-0.018478673,-0.020922136,0.050701816
1760635843610,-0.018478673,-0.024587326,0.050701816
1760635843613,-0.02107485,-0.030695979,0.051923547
1760635843614,-0.022296581,-0.035430185,0.054367006
1760635843617,-0.024892759,-0.039095376,0.054367006
1760635843619,-0.02611449,-0.043982297,0.055588737
1760635843621,-0.02611449,-0.042760566,0.055588737
1760635843634,-0.02733622,-0.040317107,0.055588737
1760635843634,-0.02611449,-0.036651913,0.054367006
1760635843634,-0.027183503,-0.034208454,0.055588737
1760635843634,-0.027183503,-0.030543262,0.054367006
1760635843634,-0.025961773,-0.029321533,0.053145275
1760635843634,-0.025809057,-0.02565634,0.050701816
1760635843641,-0.023365596,-0.020922136,0.053145275
1760635843641,-0.022143865,-0.022143865,0.050701816
1760635843642,-0.018478673,-0.020922136,0.049480084
1760635843649,-0.012370021,-0.025961773,0.045814894
1760635843649,-0.007483099,-0.029626964,0.047036625
1760635843650,-0.0038179078,-0.032070424,0.044593163
1760635843650,0.0022907446,-0.0346666,0.044593163
1760635843652,0.0047342055,-0.038331795,0.040927973
1760635843654,0.004581489,-0.038331795,0.03726278
1760635843657,0.005955936,-0.035888333,0.03481932
1760635843659,0.0035124752,-0.0346666,0.032375857
1760635843661,-1.5271631E-4,-0.02733622,0.029932396
1760635843663,0.0,-0.02367103,0.027488936
1760635843666,0.0012217305,-0.017562376,0.025045475
1760635843668,0.0013744468,-0.012675454,0.023823744
1760635843670,0.0025961774,-0.011453724,0.022602014
1760635843672,0.0038179078,-0.011453724,0.022602014
1760635843675,0.0025961774,-0.010231993,0.017715093
1760635843677,0.0050396384,-0.01160644,0.017715093
1760635843679,0.0062613687,-0.014049901,0.020158553
1760635843681,0.011148291,-0.014049901,0.018936822
1760635843684,0.012370021,-0.015271631,0.017715093
1760635843686,0.013591751,-0.016493361,0.017715093
1760635843688,0.012370021,-0.017715093,0.017715093
1760635843690,0.013591751,-0.014049901,0.017715093
1760635843693,0.014813482,-0.012980887,0.018936822
1760635843695,0.0125227375,-0.006872234,0.018936822
1760635843697,0.015118915,-7.6358154E-4,0.020158553
1760635843700,0.017562376,-7.6358154E-4,0.02031127
1760635843702,0.013897184,0.0041233404,0.02031127
1760635843704,0.015271631,0.009010263,0.021533
1760635843706,0.015271631,0.012675454,0.025198191
1760635843708,0.015271631,0.014966198,0.025198191
1760635843711,0.015271631,0.01740966,0.02397646
1760635843713,0.01786781,0.01863139,0.025198191
1760635843715,0.02031127,0.01985312,0.027641652
1760635843717,0.02397646,0.018478673,0.026419923
1760635843720,0.02275473,0.016187929,0.026419923
1760635843723,0.026419923,0.016035212,0.027641652
1760635843724,0.026419923,0.013591751,0.026419923
1760635843727,0.025198191,0.016035212,0.02397646
1760635843729,0.02275473,0.01740966,0.02397646
1760635843731,0.022602014,0.014966198,0.025198191
1760635843733,0.023823744,0.013744468,0.02275473
1760635843735,0.022602014,0.0125227375,0.025198191
1760635843738,0.020158553,0.011301007,0.025198191
1760635843740,0.020158553,0.0076358155,0.02397646
1760635843742,0.017562376,0.0053450707,0.02275473
1760635843745,0.017715093,0.0076358155,0.02275473
1760635843747,0.022449298,0.0015271631,0.02397646
1760635843749,0.024892759,-0.0021380284,0.025198191
1760635843751,0.02107485,-0.004581489,0.025198191
1760635843754,0.02107485,-0.008093964,0.026267206
1760635843756,0.01985312,-0.011759156,0.026267206
1760635843758,0.01985312,-0.011759156,0.026267206
1760635843760,0.02107485,-0.011759156,0.027488936
1760635843763,0.01740966,-0.011759156,0.025045475
1760635843765,0.016187929,-0.008093964,0.021380283
1760635843767,0.0125227375,-0.004428773,0.021380283
1760635843769,0.008857546,-0.0030543262,0.020158553
1760635843772,0.008857546,-0.0030543262,0.022602014
1760635843774,0.010079277,-0.004276057,0.022602014
1760635843776,0.0076358155,-0.0030543262,0.025045475
1760635843779,0.007483099,-0.009162978,0.026267206
1760635843781,0.007483099,-0.015271631,0.026267206
1760635843783,0.009773844,-0.022602014,0.028710667
1760635843785,0.009773844,-0.025045475,0.028710667
1760635843788,0.0061086523,-0.02733622,0.029932396
1760635843790,0.0061086523,-0.02733622,0.031154128
1760635843792,0.0061086523,-0.02611449,0.029932396
1760635843794,0.0036651916,-0.021227567,0.03359759
1760635843796,0.0013744468,-0.013897184,0.032375857
1760635843799,1.5271631E-4,-0.010231993,0.03481932
1760635843801,-0.0010690142,-0.007788532,0.03604105
1760635843804,-0.0010690142,-0.010231993,0.03726278
1760635843806,-0.0010690142,-0.009010263,0.03970624
1760635843808,-0.0010690142,-0.011453724,0.03970624
1760635843810,0.0013744468,-0.015118915,0.03726278
1760635843813,0.0,-0.020005837,0.03726278
1760635843815,0.0,-0.018784106,0.03848451
1760635843817,0.0,-0.016340645,0.03726278
1760635843820,-0.0012217305,-0.016340645,0.03604105
1760635843822,1.5271631E-4,-0.013897184,0.03726278
1760635843823,1.5271631E-4,-0.011453724,0.03726278
1760635843826,-0.0010690142,-0.009010263,0.03604105
1760635843828,-0.0022907446,-0.0065668016,0.03604105
1760635843830,-0.005955936,-0.0053450707,0.03481932
1760635843833,-0.004581489,-4.5814895E-4,0.034972034
1760635843835,-0.00580322,7.6358154E-4,0.033750303
1760635843838,-0.004581489,7.6358154E-4,0.032528576
1760635843840,-0.00580322,0.001985312,0.033750303
1760635843842,-0.008246681,0.001985312,0.033750303
1760635843844,-0.00580322,0.004428773,0.032528576
1760635843846,-0.00580322,0.0056505036,0.032528576
1760635843848,-0.0070249503,0.004428773,0.033750303
1760635843851,-0.009468411,0.001985312,0.033750303
1760635843853,-0.008246681,0.001985312,0.033750303
1760635843855,-0.0070249503,0.001985312,0.034972034
1760635843857,-0.011911872,0.0021380284,0.03481932
1760635843859,-0.016798794,0.0033597588,0.037415497
1760635843862,-0.016798794,0.0070249503,0.036193766
1760635843864,-0.020463986,0.009468411,0.036193766
1760635843866,-0.024129177,0.013286319,0.03863723
1760635843869,-0.027641652,0.01695151,0.037415497
1760635843871,-0.03023783,0.01572978,0.037415497
1760635843873,-0.031306844,0.021838432,0.039858956
1760635843875,-0.031306844,0.024281893,0.041080687
1760635843878,-0.03145956,0.01695151,0.041080687
1760635843880,-0.03390302,0.01450805,0.04352415
1760635843882,-0.034055736,0.008552114,0.04230242
1760635843885,-0.035277467,0.002443461,0.0421497
1760635843887,-0.0364992,0.002443461,0.03970624
1760635843889,-0.03894266,0.002443461,0.03970624
1760635843892,-0.047647487,-0.0010690142,0.03970624
1760635843893,-0.052534413,-0.0021380284,0.03848451
1760635843895,-0.057421334,0.003970624,0.03848451
1760635843898,-0.061086524,0.007788532,0.040927973
1760635843900,-0.065973446,0.010231993,0.03970624
1760635843902,-0.0720821,0.009162978,0.03604105
1760635843905,-0.07452556,0.01038471,0.03481932
1760635843907,-0.07696902,0.01038471,0.029932396
1760635843909,-0.08323039,0.010537425,0.027488936
1760635843912,-0.08689558,0.012980887,0.026267206
1760635843914,-0.0842994,0.0154243475,0.025045475
1760635843916,-0.08307768,0.014202617,0.022602014
1760635843918,-0.08200866,0.010537425,0.022602014
1760635843921,-0.0795652,0.009315695,0.017715093
1760635843923,-0.0759,0.009162978,0.015271631
1760635843925,-0.07467828,0.01038471,0.01282817
1760635843927,-0.077121735,0.009315695,0.007941248
1760635843930,-0.071013086,0.007941248,0.005497787
1760635843932,-0.0720821,0.01282817,0.0067195175
1760635843934,-0.06841691,0.015118915,0.005497787
1760635843937,-0.06582073,0.020005837,0.004276057
1760635843939,-0.064599,0.02611449,0.0030543262
1760635843941,-0.06078109,0.032070424,0.0030543262
1760635843943,-0.058337633,0.033292156,0.0018325958
1760635843946,-0.05207626,0.0355829,6.1086525E-4
1760635843948,-0.044745877,0.035430185,-4.5814895E-4
1760635843950,-0.03604105,0.03894266,-4.5814895E-4
1760635843952,-0.027488936,0.035277467,-0.00290161
1760635843954,-0.020158553,0.035124753,-0.0041233404
1760635843956,-0.011453724,0.036193766,-0.0053450707
1760635843959,-0.0053450707,0.032375857,-0.0065668016
1760635843961,7.6358154E-4,0.031154128,-0.0065668016
1760635843963,0.0056505036,0.032223143,-0.0065668016
1760635843965,0.008093964,0.032223143,-0.010231993
1760635843968,0.009315695,0.032223143,-0.010231993
1760635843970,0.0143553335,0.03573562,-0.015118915
1760635843973,0.0143553335,0.038179077,-0.015118915
1760635843975,0.0143553335,0.038179077,-0.018784106
1760635843977,0.013133603,0.04062254,-0.017562376
1760635843980,0.011911872,0.04184427,-0.020005837
1760635843982,0.0143553335,0.036957346,-0.020005837
1760635843984,0.015577064,0.038179077,-0.021227567
1760635843987,0.0154243475,0.029626964,-0.021227567
1760635843989,0.016646078,0.029626964,-0.022449298
1760635843990,0.016493361,0.023518313,-0.022449298
1760635843993,0.016493361,0.016340645,-0.020158553
1760635843995,0.016340645,0.010231993,-0.017715093
1760635843998,0.017562376,0.0065668016,-0.018936822
1760635844000,0.016187929,0.00290161,-0.018936822
1760635844002,0.013744468,4.5814895E-4,-0.017715093
1760635844004,0.013744468,-0.004276057,-0.018936822
1760635844007,0.011148291,-0.004276057,-0.016493361
1760635844009,0.012370021,-0.0067195175,-0.015271631
1760635844011,0.00870483,-0.01160644,-0.01282817
1760635844013,0.004886922,-0.012675454,-0.01160644
1760635844016,0.0036651916,-0.012675454,-0.01160644
1760635844017,0.002443461,-0.011453724,-0.01038471
1760635844020,0.0,-0.012675454,-0.01038471
1760635844022,-0.002443461,-0.014966198,-0.007941248
1760635844024,-0.0061086523,-0.016187929,-0.0067195175
1760635844026,-0.004886922,-0.016187929,-0.005497787
1760635844029,-0.0062613687,-0.01985312,-0.004276057
1760635844031,-0.00992656,-0.01985312,-0.005497787
1760635844033,-0.012370021,-0.019700404,-0.007941248
1760635844036,-0.011148291,-0.020922136,-0.004276057
1760635844038,-0.012370021,-0.020922136,-0.004276057
1760635844041,-0.013591751,-0.019700404,-0.004276057
1760635844043,-0.013744468,-0.024587326,-0.004276057
1760635844045,-0.014966198,-0.027030786,-0.004276057
1760635844047,-0.013744468,-0.025809057,-0.0030543262
1760635844050,-0.016187929,-0.024587326,-0.0018325958
1760635844052,-0.01740966,-0.024587326,-0.0030543262
1760635844054,-0.01863139,-0.02687807,-0.0030543262
1760635844056,-0.01985312,-0.02443461,-0.0018325958
1760635844058,-0.01863139,-0.023365596,-0.0018325958
1760635844060,-0.01985312,-0.021991149,-0.0018325958
1760635844063,-0.018478673,-0.020922136,-6.1086525E-4
1760635844065,-0.017256944,-0.020922136,0.0018325958
1760635844068,-0.013591751,-0.016035212,0.0030543262
1760635844070,-0.013591751,-0.016035212,0.0018325958
1760635844072,-0.013591751,-0.017256944,0.004276057
1760635844075,-0.012370021,-0.018478673,0.0067195175
1760635844076,-0.004886922,-0.016187929,0.007941248
1760635844078,-0.0038179078,-0.02107485,0.0067195175
1760635844081,0.0,-0.018784106,0.004276057
1760635844083,0.004886922,-0.017562376,0.004276057
1760635844085,0.0050396384,-0.012675454,0.0030543262
1760635844087,0.007483099,-0.01038471,0.0018325958
1760635844089,0.00870483,-0.0067195175,0.005497787
1760635844093,0.010079277,-0.004276057,0.007941248
1760635844095,0.008857546,-0.004276057,0.007941248
1760635844096,0.00870483,-0.0067195175,0.0067195175
1760635844099,0.0125227375,-0.0067195175,0.005497787
1760635844101,0.008857546,-0.005497787,0.004276057
1760635844103,0.008857546,-0.004276057,0.0030543262
1760635844105,0.005192355,-6.1086525E-4,-0.0018325958
1760635844108,0.00290161,0.007941248,-0.0030543262
1760635844110,0.0016798794,0.01160644,-0.0030543262
1760635844112,0.0016798794,0.015271631,-0.0018325958
1760635844114,-0.001985312,0.016493361,-6.1086525E-4
1760635844117,-0.001985312,0.011759156,6.1086525E-4
1760635844119,-0.0070249503,0.0056505036,0.0018325958
1760635844122,-0.0071776668,7.6358154E-4,0.0018325958
1760635844124,-0.010842858,-0.0015271631,6.1086525E-4
1760635844126,-0.012064588,-0.0027488936,-6.1086525E-4
1760635844128,-0.013286319,-0.005192355,0.0018325958
1760635844130,-0.020616703,-1.5271631E-4,6.1086525E-4
1760635844133,-0.026725354,0.0047342055,6.1086525E-4
1760635844135,-0.03283401,0.009773844,0.004276057
1760635844137,-0.040011674,0.018325957,0.0030543262
1760635844139,-0.046120327,0.028252518,0.0030543262
1760635844141,-0.05085453,0.0355829,0.0056505036
1760635844144,-0.055741455,0.0355829,0.007941248
1760635844146,-0.061850104,0.036957346,0.01038471
1760635844149,-0.06307184,0.03940081,0.011759156
1760635844151,-0.070554934,0.037110064,0.015271631
1760635844152,-0.0729984,0.033444874,0.014049901
1760635844156,-0.07544186,0.037110064,0.01160644
1760635844157,-0.07651087,0.043218717,0.011759156
1760635844160,-0.08017606,0.048258353,0.012980887
1760635844161,-0.084910266,0.0580322,0.011759156
1760635844164,-0.08246681,0.059101213,0.012980887
1760635844167,-0.08368854,0.06154467,0.016646078
1760635844169,-0.08597928,0.06658431,0.014202617
1760635844171,-0.08597928,0.07376198,0.014202617
1760635844173,-0.087201014,0.07391469,0.014202617
1760635844176,-0.088422745,0.07391469,0.01786781
1760635844178,-0.082161374,0.07498371,0.019089539
1760635844180,-0.07849618,0.076052725,0.01786781
1760635844183,-0.077121735,0.082161374,0.016646078
1760635844185,-0.06963864,0.08811731,0.01786781
1760635844187,-0.06719518,0.09056077,0.016646078
1760635844189,-0.05971208,0.096516706,0.01786781
1760635844192,-0.053603426,0.098807454,0.01786781
1760635844193,-0.042455133,0.09987647,0.019089539
1760635844197,-0.035124753,0.09728029,0.019089539
1760635844198,-0.026572637,0.093462385,0.02031127
1760635844200,-0.019242255,0.08857546,0.021533
1760635844202,-0.009468411,0.08109236,0.025198191
1760635844204,0.0027488936,0.076052725,0.025198191
1760635844207,0.012370021,0.06490443,0.026419923
1760635844209,0.022143865,0.061086524,0.027641652
1760635844211,0.029474247,0.05375614,0.030085113
1760635844214,0.038026363,0.049938235,0.030085113
1760635844216,0.043982297,0.04016439,0.026419923
1760635844218,0.05009095,0.03756821,0.025198191
1760635844220,0.052534413,0.03390302,0.027641652
1760635844223,0.052381694,0.024129177,0.026419923
1760635844225,0.05467244,0.020463986,0.02397646
1760635844227,0.054519724,0.0071776668,0.021533
1760635844230,0.053145275,-0.0025961774,0.021533
1760635844233,0.04932737,-0.009773844,0.02031127
1760635844234,0.04046982,-0.023060163,0.017715093
1760635844235,0.034208454,-0.03634648,0.017715093
1760635844238,0.027794369,-0.04841107,0.016493361
1760635844241,0.02031127,-0.06169739,0.014049901
1760635844243,0.012675454,-0.07238753,0.01160644
1760635844245,0.003970624,-0.0795652,0.009162978
1760635844247,-0.008552114,-0.09285152,0.009010263
1760635844249,-0.019700404,-0.102319926,0.009010263
1760635844252,-0.02855795,-0.113162786,0.0065668016
1760635844254,-0.03848451,-0.11789699,0.007788532
1760635844256,-0.049632803,-0.12370021,0.0065668016
1760635844259,-0.0571159,-0.13087788,0.0053450707
1760635844261,-0.069485925,-0.13316862,0.0041233404
1760635844263,-0.07315111,-0.1366811,0.00290161
1760635844265,-0.08200866,-0.14385876,0.0016798794
1760635844268,-0.08933904,-0.14492778,0.0015271631
1760635844269,-0.098043874,-0.14721853,0.003970624
1760635844272,-0.10415252,-0.14721853,0.003970624
1760635844274,-0.112704635,-0.14340061,0.005192355
1760635844276,-0.11881329,-0.13958271,0.005192355
1760635844279,-0.12110403,-0.13469578,0.005192355
1760635844281,-0.12110403,-0.13469578,0.005192355
1760635844283,-0.12110403,-0.12751812,0.009010263
1760635844285,-0.11728613,-0.12140947,0.007788532
1760635844288,-0.11224649,-0.116675265,0.0065668016
1760635844290,-0.10842858,-0.11178834,0.0065668016
1760635844292,-0.09865474,-0.10720685,0.0065668016
1760635844294,-0.09239337,-0.101098195,0.0041233404
1760635844296,-0.08368854,-0.09636399,0.00290161
1760635844299,-0.071318515,-0.093004234,0.0016798794
1760635844301,-0.06383542,-0.082161374,-0.001985312
1760635844303,-0.05390886,-0.07742717,-0.006872234
1760635844305,-0.043829583,-0.06536258,-0.009315695
1760635844308,-0.035124753,-0.0571159,-0.01160644
1760635844311,-0.027641652,-0.048716504,-0.016493361
1760635844313,-0.02367103,-0.0364992,-0.020158553
1760635844315,-0.016187929,-0.028099801,-0.025045475
1760635844318,-0.00992656,-0.013591751,-0.029932396
1760635844320,-0.002443461,-0.0076358155,-0.03848451
1760635844322,1.5271631E-4,0.0032070426,-0.03848451
1760635844324,0.00290161,0.014049901,-0.0421497
1760635844327,0.009010263,0.017715093,-0.049480084
1760635844329,0.014049901,0.024892759,-0.054367006
1760635844332,0.014202617,0.0346666,-0.0580322
1760635844333,0.019242255,0.04184427,-0.06291912
1760635844335,0.020616703,0.050396383,-0.06658431
1760635844338,0.019394971,0.056505036,-0.0664316
1760635844340,0.02321288,0.06001751,-0.0664316
1760635844342,0.02687807,0.061239243,-0.065209866
1760635844344,0.027030786,0.065973446,-0.0664316
1760635844347,0.028252518,0.06841691,-0.06765333
1760635844349,0.03313944,0.06963864,-0.07009678
1760635844351,0.034513887,0.075594574,-0.07009678
1760635844353,0.0346666,0.082924955,-0.07009678
1760635844356,0.038331795,0.08781188,-0.07009678
1760635844358,0.03604105,0.09636399,-0.06765333
1760635844360,0.033750303,0.10125092,-0.0664316
1760635844364,0.036193766,0.10598512,-0.063988134
1760635844365,0.038789943,0.110872045,-0.060322944
1760635844367,0.03634648,0.1133155,-0.05787948
1760635844369,0.03756821,0.11209377,-0.05787948
1760635844371,0.03634648,0.11575896,-0.05421429
1760635844374,0.03634648,0.1133155,-0.05299256
1760635844376,0.03390302,0.11453723,-0.04932737
1760635844378,0.03145956,0.116980694,-0.046883907
1760635844381,0.027794369,0.11957687,-0.045662176
1760635844383,0.026725354,0.12308934,-0.039553523
1760635844385,0.024129177,0.1207986,-0.038331795
1760635844388,0.025350908,0.11591168,-0.037110064
1760635844390,0.025198191,0.10980303,-0.0346666
1760635844392,0.021380283,0.09896017,-0.032223143
1760635844394,0.022449298,0.087964594,-0.02977968
1760635844397,0.023518313,0.07452556,-0.02733622
1760635844399,0.021991149,0.06001751,-0.02611449
1760635844401,0.01695151,0.04550946,-0.02367103
1760635844403,0.012980887,0.033444874,-0.02367103
1760635844405,0.0067195175,0.025045475,-0.023823744
1760635844408,0.00290161,0.018936822,-0.026267206
1760635844411,-0.0070249503,0.010537425,-0.026267206
1760635844412,-0.016798794,0.013133603,-0.026267206
1760635844415,-0.026572637,0.01572978,-0.028710667
1760635844417,-0.03894266,0.016035212,-0.029932396
1760635844419,-0.05131268,0.013744468,-0.032375857
1760635844421,-0.059864793,0.016340645,-0.03359759
1760635844424,-0.07223482,0.01282817,-0.031154128
1760635844426,-0.07971791,0.004428773,-0.028710667
1760635844428,-0.088422745,-0.0027488936,-0.027488936
1760635844430,-0.09239337,-0.016035212,-0.025045475
1760635844433,-0.09987647,-0.031612277,-0.025198191
1760635844435,-0.103847094,-0.04627304,-0.02275473
1760635844437,-0.106595986,-0.06078109,-0.021533
1760635844439,-0.1067487,-0.071776666,-0.021533
1760635844441,-0.10567969,-0.08017606,-0.02031127
1760635844444,-0.108123146,-0.08506299,-0.02031127
1760635844446,-0.10827587,-0.089949906,-0.019089539
1760635844448,-0.10949759,-0.0936151,-0.01786781
1760635844451,-0.10705414,-0.09605856,-0.019089539
1760635844453,-0.10216721,-0.09239337,-0.02275473
1760635844455,-0.09712757,-0.0852157,-0.025198191
1760635844457,-0.094531395,-0.075594574,-0.031306844
1760635844460,-0.0954477,-0.057268616,-0.034972034
1760635844462,-0.09392053,-0.036651913,-0.041080687
1760635844464,-0.09972375,-0.015882496,-0.04718934
1760635844466,-0.095753126,-1.5271631E-4,-0.050701816
1760635844469,-0.09315695,0.013286319,-0.053145275
1760635844471,-0.085673854,0.020463986,-0.053145275
1760635844473,-0.07696902,0.02275473,-0.053145275
1760635844475,-0.064751714,0.016493361,-0.053145275
1760635844478,-0.04886922,0.010079277,-0.053145275
1760635844480,-0.03176499,0.0025961774,-0.050701816
1760635844482,-0.014660766,-0.0062613687,-0.048258353
1760635844484,0.004886922,-0.010231993,-0.048258353
1760635844487,0.025961773,-0.0056505036,-0.047036625
1760635844489,0.045662176,-0.002443461,-0.045814894
1760635844491,0.06291912,0.0033597588,-0.047036625
1760635844493,0.079107046,0.016493361,-0.04932737
1760635844496,0.095294975,0.025961773,-0.05177083
1760635844498,0.112704635,0.037873644,-0.05421429
1760635844500,0.12507465,0.04627304,-0.055436023
1760635844502,0.1375974,0.055741455,-0.05665775
1760635844504,0.14996742,0.06047566,-0.05787948
1760635844507,0.15974127,0.06154467,-0.059101213
1760635844510,0.16600263,0.06261369,-0.060322944
1760635844512,0.17088956,0.06246097,-0.06154467
1760635844513,0.17944166,0.06001751,-0.0627664
1760635844516,0.17806722,0.052687127,-0.06154467
1760635844518,0.18051068,0.046578474,-0.0627664
1760635844520,0.18035796,0.044135015,-0.065209866
1760635844523,0.1779145,0.042913284,-0.063988134
1760635844525,0.17547104,0.038179077,-0.065209866
1760635844527,0.17287487,0.033292156,-0.065209866
1760635844529,0.17027868,0.02733622,-0.065209866
1760635844532,0.16401732,0.022449298,-0.06765333
1760635844533,0.15775596,0.01038471,-0.06765333
1760635844536,0.15271631,-0.0016798794,-0.06765333
1760635844539,0.14630222,-0.014966198,-0.069027774
1760635844541,0.13622294,-0.029321533,-0.06780604
1760635844542,0.12614368,-0.04260785,-0.06780604
1760635844545,0.116217114,-0.049632803,-0.06658431
1760635844548,0.10751228,-0.06047566,-0.06658431
1760635844550,0.094989546,-0.0664316,-0.06536258
1760635844552,0.082619525,-0.071013086,-0.06658431
1760635844554,0.07269296,-0.07574729,-0.06795876
1760635844556,0.05787948,-0.079107046,-0.066737026
1760635844559,0.050549097,-0.081397794,-0.065515295
1760635844561,0.04444045,-0.08017606,-0.06307184
1760635844563,0.039553523,-0.08002335,-0.06307184
1760635844566,0.036957346,-0.08002335,-0.06307184
1760635844567,0.036957346,-0.08246681,-0.059406646
1760635844569,0.03940081,-0.084910266,-0.056963183
1760635844572,0.04184427,-0.08979719,-0.053297993
1760635844574,0.04046982,-0.09590584,-0.05085453
1760635844577,0.041691553,-0.099571034,-0.049632803
1760635844579,0.046578474,-0.09850202,-0.04718934
1760635844581,0.047800206,-0.09728029,-0.04596761
1760635844584,0.04917465,-0.09605856,-0.04352415
1760635844586,0.051618114,-0.09605856,-0.041080687
1760635844588,0.055436023,-0.087659165,-0.039858956
1760635844591,0.059253927,-0.08170322,-0.03359759
1760635844593,0.06047566,-0.07437284,-0.032375857
1760635844595,0.061850104,-0.07192938,-0.031154128
1760635844597,0.06795876,-0.06841691,-0.029932396
1760635844599,0.0693332,-0.064751714,-0.026267206
1760635844602,0.07803804,-0.06246097,-0.023823744
1760635844604,0.082924955,-0.06261369,-0.022602014
1760635844606,0.087964594,-0.057726767,-0.022602014
1760635844608,0.095294975,-0.05421429,-0.018936822
1760635844611,0.09773844,-0.054367006,-0.016493361
1760635844613,0.100334615,-0.053145275,-0.014049901
1760635844615,0.105374254,-0.04596761,-0.009162978
1760635844617,0.11026118,-0.04596761,-0.007941248
1760635844620,0.112704635,-0.046120327,-0.005497787
1760635844622,0.11636983,-0.046120327,-0.005497787
1760635844624,0.11652254,-0.041233405,-0.005497787
1760635844627,0.117744274,-0.043676864,-0.0030543262
1760635844629,0.121256754,-0.04627304,-6.1086525E-4
1760635844631,0.12018774,-0.044898596,6.1086525E-4
1760635844633,0.11881329,-0.046120327,0.0030543262
1760635844636,0.12140947,-0.04627304,0.004276057
1760635844638,0.117744274,-0.043676864,0.0030543262
1760635844640,0.11636983,-0.044898596,0.005497787
1760635844642,0.11285736,-0.041233405,0.004276057
1760635844644,0.106595986,-0.039858956,0.0018325958
1760635844647,0.10048734,-0.037415497,0.0030543262
1760635844649,0.09437868,-0.03726278,0.005497787
1760635844651,0.09315695,-0.040927973,0.007941248
1760635844653,0.08445212,-0.040775254,0.01038471
1760635844656,0.0795652,-0.04550946,0.01160644
1760635844658,0.07696902,-0.054061573,0.014049901
1760635844660,0.075594574,-0.06246097,0.017715093
1760635844663,0.06811147,-0.06963864,0.016493361
1760635844665,0.061850104,-0.07925977,0.017715093
1760635844667,0.06291912,-0.084146686,0.015271631
1760635844669,0.05421429,-0.0888809,0.018936822
1760635844671,0.04810564,-0.09010262,0.017715093
1760635844674,0.041996986,-0.089949906,0.016493361
1760635844676,0.035888333,-0.08857546,0.017715093
1760635844678,0.030848695,-0.08735373,0.016493361
1760635844680,0.023518313,-0.08597928,0.016493361
1760635844683,0.013744468,-0.083383106,0.016493361
1760635844685,0.0076358155,-0.08093964,0.014049901
1760635844687,0.0015271631,-0.0795652,0.015271631
1760635844689,-0.004581489,-0.07819075,0.015271631
1760635844691,-0.009468411,-0.07696902,0.016493361
1760635844694,-0.01695151,-0.075594574,0.015271631
1760635844697,-0.015577064,-0.07437284,0.015271631
1760635844699,-0.021685716,-0.07192938,0.016493361
1760635844701,-0.022907447,-0.068264194,0.015271631
1760635844703,-0.024129177,-0.06704246,0.015271631
1760635844705,-0.024129177,-0.062155537,0.01160644
1760635844707,-0.02031127,-0.062155537,0.01282817
1760635844710,-0.02031127,-0.056046885,0.01160644
1760635844712,-0.017715093,-0.052534413,0.01160644
1760635844714,-0.015271631,-0.05131268,0.01282817
1760635844716,-0.014049901,-0.047647487,0.01038471
1760635844719,-0.011453724,-0.041691553,0.009162978
1760635844721,-0.0125227375,-0.03313944,0.009162978
1760635844724,-0.011301007,-0.030695979,0.009162978
1760635844727,-0.00992656,-0.024587326,0.009162978
1760635844728,-0.008552114,-0.016187929,0.007941248
1760635844730,-0.0036651916,-0.011453724,0.005497787
1760635844732,0.0025961774,-0.0041233404,0.005497787
1760635844734,0.006414085,0.004276057,0.004276057
1760635844736,0.010231993,0.010231993,0.0056505036
1760635844738,0.016493361,0.011453724,0.004428773
1760635844741,0.025045475,0.014966198,0.001985312
1760635844743,0.028863383,0.019700404,-4.5814895E-4
1760635844745,0.033750303,0.020922136,-0.0016798794
1760635844747,0.038789943,0.029321533,-0.0016798794
1760635844750,0.04260785,0.03772093,-0.0016798794
1760635844752,0.043829583,0.03772093,-0.0041233404
1760635844754,0.042760566,0.04505131,-0.0053450707
1760635844756,0.044135015,0.052381694,-0.007788532
1760635844759,0.041691553,0.05971208,-0.007788532
1760635844761,0.04062254,0.06811147,-0.007788532
1760635844763,0.040775254,0.07544186,-0.007788532
1760635844765,0.038331795,0.079107046,-0.009010263
1760635844768,0.035888333,0.08170322,-0.007788532
1760635844770,0.03481932,0.086437434,-0.0053450707
1760635844772,0.03481932,0.08536842,-0.0065668016
1760635844775,0.03359759,0.08659015,-0.0053450707
1760635844777,0.02977968,0.084146686,-0.007788532
1760635844779,0.02855795,0.08536842,-0.009010263
1760635844781,0.02733622,0.08170322,-0.010231993
1760635844784,0.023518313,0.07696902,-0.010231993
1760635844786,0.01863139,0.080634214,-0.009010263
1760635844788,0.014966198,0.08078693,-0.0053450707
1760635844790,0.013744468,0.077121735,-0.00290161
1760635844792,0.011301007,0.077121735,-0.00290161
1760635844795,0.005192355,0.076052725,-4.5814895E-4
1760635844796,0.0013744468,0.07360926,0.001985312
1760635844799,-0.0010690142,0.072540246,0.001985312
1760635844802,-0.004886922,0.06887506,0.001985312
1760635844803,-0.004886922,0.065209866,0.004428773
1760635844806,-0.0061086523,0.063988134,0.001985312
1760635844808,-0.0061086523,0.0627664,0.004428773
1760635844810,-0.007483099,0.0580322,0.0056505036
1760635844813,-0.0050396384,0.055436023,0.006872234
1760635844815,-0.005192355,0.049480084,0.004428773
1760635844817,-0.005192355,0.044593163,0.0056505036
1760635844820,-0.0065668016,0.03848451,0.004428773
1760635844822,-0.0067195175,0.028863383,0.0056505036
1760635844824,-0.0030543262,0.021380283,0.004428773
1760635844826,-0.0032070426,0.011759156,0.004276057
1760635844829,3.0543262E-4,0.0032070426,0.0030543262
1760635844831,0.0015271631,-0.0016798794,0.0018325958
1760635844833,0.0025961774,-0.009010263,6.1086525E-4
1760635844835,0.0036651916,-0.017562376,-0.0018325958
1760635844838,0.004886922,-0.021227567,-0.004276057
1760635844840,0.0047342055,-0.024892759,-0.005497787
1760635844842,0.005955936,-0.02855795,-0.005497787
1760635844844,0.005955936,-0.032223143,-0.01038471
1760635844847,0.004581489,-0.035888333,-0.01038471
1760635844849,0.0033597588,-0.04062254,-0.01282817
1760635844851,-0.0016798794,-0.047800206,-0.015271631
1760635844853,-4.5814895E-4,-0.046731193,-0.017715093
1760635844856,6.1086525E-4,-0.050396383,-0.021380283
1760635844858,6.1086525E-4,-0.05513059,-0.022602014
1760635844860,-0.001985312,-0.05757405,-0.023823744
1760635844863,-7.6358154E-4,-0.05879578,-0.023823744
1760635844865,6.1086525E-4,-0.05757405,-0.025045475
1760635844867,-0.001985312,-0.05757405,-0.026267206
1760635844869,-7.6358154E-4,-0.05757405,-0.026267206
1760635844872,0.00290161,-0.06001751,-0.028710667
1760635844873,0.0018325958,-0.056352317,-0.028710667
1760635844875,-7.6358154E-4,-0.05879578,-0.028710667
1760635844879,6.1086525E-4,-0.056352317,-0.028710667
1760635844880,6.1086525E-4,-0.052687127,-0.029932396
1760635844883,6.1086525E-4,-0.04795292,-0.031154128
1760635844885,0.001985312,-0.04184427,-0.031154128
1760635844887,-4.5814895E-4,-0.038179077,-0.032375857
1760635844890,0.0033597588,-0.033292156,-0.032375857
1760635844892,0.004581489,-0.030848695,-0.032375857
1760635844894,0.0033597588,-0.029626964,-0.032375857
1760635844896,0.005955936,-0.02733622,-0.03359759
1760635844899,0.008399397,-0.021227567,-0.03604105
1760635844901,0.014660766,-0.017715093,-0.03726278
1760635844903,0.018325957,-0.016493361,-0.03604105
1760635844905,0.022143865,-0.011759156,-0.03848451
1760635844907,0.027030786,-0.011759156,-0.03970624
1760635844909,0.03191771,-0.0106901415,-0.0421497
1760635844912,0.036957346,-0.0106901415,-0.04337143
1760635844914,0.03940081,-0.013286319,-0.04337143
1760635844916,0.043066,-0.005955936,-0.048258353
1760635844919,0.045662176,-0.0047342055,-0.053145275
1760635844921,0.050549097,-0.0012217305,-0.055588737
1760635844923,0.050701816,0.004886922,-0.054367006
1760635844926,0.050701816,0.010995574,-0.05681047
1760635844928,0.05085453,0.013439035,-0.05681047
1760635844930,0.053297993,0.01450805,-0.059253927
1760635844932,0.054519724,0.01450805,-0.059253927
1760635844935,0.054519724,0.013286319,-0.06169739
1760635844937,0.054519724,0.013286319,-0.06780604
1760635844939,0.053297993,0.01695151,-0.07147124
1760635844941,0.054519724,0.01817324,-0.07513642
1760635844944,0.054519724,0.021838432,-0.07513642
1760635844946,0.053450707,0.024281893,-0.07391469
1760635844948,0.04718934,0.02565634,-0.07269296
1760635844950,0.044898596,0.029321533,-0.069027774
1760635844952,0.03863723,0.028099801,-0.069027774
1760635844954,0.033750303,0.029474247,-0.070249505
1760635844957,0.031306844,0.030695979,-0.069027774
1760635844959,0.02397646,0.028405234,-0.06536258
1760635844963,0.019089539,0.032070424,-0.06047566
1760635844964,0.01786781,0.033292156,-0.055588737
1760635844966,0.011759156,0.033444874,-0.053145275
1760635844968,0.007941248,0.031001411,-0.051923547
1760635844970,0.004276057,0.028710667,-0.049480084
1760635844972,0.004276057,0.029932396,-0.049480084
1760635844975,0.0018325958,0.028710667,-0.047036625
1760635844977,6.1086525E-4,0.025045475,-0.040927973
1760635844980,4.5814895E-4,0.016646078,-0.03848451
1760635844981,-9.162979E-4,0.011759156,-0.03604105
1760635844984,-9.162979E-4,0.004428773,-0.032375857
1760635844986,-0.0022907446,0.001985312,-0.031154128
1760635844988,-0.007330383,-0.0076358155,-0.03481932
1760635844990,-0.0061086523,-0.013744468,-0.032375857
1760635844993,-0.0050396384,-0.01863139,-0.032375857
1760635844995,-0.007483099,-0.020922136,-0.031154128
1760635844997,-0.013744468,-0.020922136,-0.03359759
1760635845000,-0.016035212,-0.018478673,-0.031154128
1760635845002,-0.018478673,-0.016035212,-0.029932396
1760635845004,-0.023365596,-0.012217305,-0.029932396
1760635845006,-0.029474247,-0.008552114,-0.03481932
1760635845009,-0.03313944,-0.0047342055,-0.03970624
1760635845011,-0.03680463,-0.0035124752,-0.04337143
1760635845013,-0.041691553,-9.162979E-4,-0.048258353
1760635845016,-0.046578474,0.0015271631,-0.048258353
1760635845018,-0.052687127,-7.6358154E-4,-0.045814894
1760635845020,-0.054061573,-0.010537425,-0.04337143
1760635845023,-0.055436023,-0.020158553,-0.03970624
1760635845025,-0.055741455,-0.03359759,-0.040927973
1760635845027,-0.053297993,-0.03604105,-0.041080687
1760635845029,-0.05222898,-0.04337143,-0.04352415
1760635845031,-0.053450707,-0.045814894,-0.044745877
1760635845034,-0.054519724,-0.03970624,-0.04596761
1760635845036,-0.053297993,-0.03481932,-0.04718934
1760635845038,-0.051923547,-0.025198191,-0.045814894
1760635845041,-0.05421429,-0.0154243475,-0.045814894
1760635845043,-0.04917465,-0.008093964,-0.045814894
1760635845044,-0.046578474,-0.0033597588,-0.048258353
1760635845047,-0.042913284,0.0015271631,-0.049480084
1760635845049,-0.039095376,0.007483099,-0.053145275
1760635845052,-0.034208454,0.011148291,-0.053145275
1760635845054,-0.025503624,0.013439035,-0.051923547
1760635845056,-0.01572978,0.012064588,-0.050701816
1760635845059,-0.010842858,0.008246681,-0.048258353
1760635845061,3.0543262E-4,0.006872234,-0.045814894
1760635845063,0.010079277,0.0067195175,-0.04337143
1760635845065,0.01863139,0.0041233404,-0.045814894
1760635845067,0.02733622,0.0027488936,-0.045814894
1760635845070,0.035888333,0.0062613687,-0.047036625
1760635845072,0.04337143,0.012217305,-0.045814894
1760635845074,0.049632803,0.01450805,-0.0421497
1760635845077,0.05467244,0.019394971,-0.040775254
1760635845079,0.06078109,0.016798794,-0.037110064
1760635845081,0.06811147,0.013133603,-0.038331795
1760635845084,0.07162395,0.010537425,-0.037110064
1760635845086,0.071776666,0.011759156,-0.037110064
1760635845087,0.074067414,0.009315695,-0.038331795
1760635845091,0.0777326,0.0056505036,-0.03970624
1760635845092,0.0777326,0.001985312,-0.0421497
1760635845095,0.075289145,7.6358154E-4,-0.044593163
1760635845096,0.07513642,-0.0016798794,-0.0421497
1760635845099,0.07147124,-0.003970624,-0.03848451
1760635845101,0.06887506,-0.008857546,-0.03604105
1760635845103,0.06261369,-0.016035212,-0.03726278
1760635845105,0.058948494,-0.02321288,-0.03481932
1760635845108,0.05009095,-0.03283401,-0.032375857
1760635845111,0.043829583,-0.040011674,-0.03359759
1760635845113,0.040011674,-0.046120327,-0.03481932
1760635845115,0.03023783,-0.04596761,-0.03726278
1760635845117,0.026419923,-0.049480084,-0.03726278
1760635845120,0.01786781,-0.050549097,-0.03481932
1760635845122,0.010537425,-0.04917465,-0.032375857
1760635845124,0.0032070426,-0.046731193,-0.028710667
1760635845127,-0.0018325958,-0.047800206,-0.026267206
1760635845128,-0.008093964,-0.05375614,-0.026267206
1760635845130,-0.012980887,-0.05375614,-0.026267206
1760635845133,-0.0154243475,-0.05375614,-0.023823744
1760635845135,-0.01786781,-0.057268616,-0.023823744
1760635845138,-0.021685716,-0.058490347,-0.020158553
1760635845140,-0.019242255,-0.06337727,-0.015271631
1760635845142,-0.020463986,-0.062155537,-0.01038471
1760635845145,-0.024129177,-0.062155537,-0.007941248
1760635845147,-0.025350908,-0.06093381,-0.005497787
1760635845150,-0.025198191,-0.057268616,-0.005497787
1760635845152,-0.02275473,-0.054825157,-6.1086525E-4
1760635845154,-0.023823744,-0.049938235,0.0018325958
1760635845156,-0.021380283,-0.04642576,0.0030543262
1760635845158,-0.020005837,-0.04153884,0.0067195175
1760635845160,-0.020005837,-0.034208454,0.007941248
1760635845162,-0.016187929,-0.027030786,0.01038471
1760635845165,-0.012370021,-0.027030786,0.015271631
1760635845167,-0.008857546,-0.029626964,0.01282817
1760635845170,-0.007483099,-0.025961773,0.009162978
1760635845173,-0.0013744468,-0.025961773,0.01160644
1760635845174,0.0010690142,-0.02611449,0.01038471
1760635845177,0.0047342055,-0.024892759,0.01038471
1760635845179,0.007330383,-0.018784106,0.007941248
1760635845181,0.012217305,-0.022602014,0.005497787
1760635845183,0.018325957,-0.023823744,0.005497787
1760635845186,0.02321288,-0.026419923,0.004276057
1760635845187,0.02687807,-0.025198191,0.004276057
1760635845190,0.02687807,-0.028863383,0.0018325958
1760635845192,0.032986723,-0.027794369,-6.1086525E-4
1760635845194,0.0355829,-0.026572637,-0.0030543262
1760635845197,0.030695979,-0.020463986,-0.0030543262
1760635845199,0.030695979,-0.021685716,-0.0067195175
1760635845201,0.03191771,-0.019242255,-0.0067195175
1760635845203,0.0355829,-0.019242255,-0.0067195175
1760635845205,0.03313944,-0.018020526,-0.01160644
1760635845208,0.0355829,-0.018020526,-0.01282817
1760635845209,0.0355829,-0.019242255,-0.015271631
1760635845211,0.03680463,-0.019242255,-0.017715093
1760635845215,0.038026363,-0.021685716,-0.018936822
1760635845217,0.04046982,-0.021838432,-0.021380283
1760635845219,0.041691553,-0.025503624,-0.022602014
1760635845221,0.037873644,-0.0290161,-0.023823744
1760635845224,0.039095376,-0.027794369,-0.022602014
1760635845226,0.034208454,-0.025350908,-0.022602014
1760635845228,0.029474247,-0.02031127,-0.022602014
1760635845230,0.025809057,-0.019089539,-0.020158553
1760635845232,0.019700404,-0.014202617,-0.018936822
1760635845234,0.013591751,-0.007941248,-0.017715093
1760635845237,0.0076358155,6.1086525E-4,-0.017715093
1760635845239,-9.162979E-4,0.006872234,-0.016493361
1760635845240,-0.0056505036,0.014202617,-0.01282817
1760635845243,-0.008093964,0.016646078,-0.01038471
1760635845245,-0.011759156,0.016798794,-0.009162978
1760635845247,-0.014202617,0.020463986,-0.0067195175
1760635845251,-0.0154243475,0.025350908,-0.005497787
1760635845252,-0.01160644,0.025198191,-0.0067195175
1760635845254,-0.016646078,0.025350908,-0.005497787
1760635845256,-0.02031127,0.024129177,-6.1086525E-4
1760635845259,-0.025198191,0.024281893,0.004276057
1760635845261,-0.028863383,0.026725354,0.009315695
1760635845263,-0.033750303,0.030390546,0.008093964
1760635845265,-0.036193766,0.03283401,0.008093964
1760635845267,-0.039858956,0.032986723,0.009315695
1760635845270,-0.0421497,0.040317107,0.009315695
1760635845272,-0.045814894,0.04520403,0.011759156
1760635845275,-0.045662176,0.04886922,0.011759156
1760635845277,-0.04444045,0.04886922,0.012980887
1760635845279,-0.039553523,0.051159963,0.012980887
1760635845282,-0.037110064,0.051159963,0.011759156
1760635845284,-0.032223143,0.048716504,0.010537425
1760635845286,-0.02733622,0.046120327,0.008093964
1760635845288,-0.02367103,0.04734206,0.0056505036
1760635845290,-0.020005837,0.04596761,0.0032070426
1760635845292,-0.016187929,0.04841107,7.6358154E-4
1760635845295,-0.016187929,0.05085453,-0.00290161
1760635845297,-0.017256944,0.056963183,-0.0041233404
1760635845299,-0.016035212,0.06414085,-0.0041233404
1760635845301,-0.019547688,0.06918049,-0.00290161
1760635845304,-0.017104227,0.076358154,-0.0041233404
1760635845306,-0.021838432,0.08017606,-0.0041233404
1760635845308,-0.020616703,0.08735373,-4.5814895E-4
1760635845311,-0.019242255,0.09101892,-4.5814895E-4
1760635845313,-0.016646078,0.09590584,0.001985312
1760635845315,-0.0154243475,0.09697486,0.004428773
1760635845317,-0.011759156,0.09697486,0.006872234
1760635845320,-0.012980887,0.094531395,0.008093964
1760635845322,-0.014202617,0.094531395,0.011759156
1760635845324,-0.0106901415,0.08964448,0.016646078
1760635845327,-0.011911872,0.08231409,0.02031127
1760635845329,-0.01450805,0.07513642,0.026419923
1760635845331,-0.013439035,0.06536258,0.028863383
1760635845333,-0.013591751,0.05681047,0.031306844
1760635845336,-0.014966198,0.049480084,0.032528576
1760635845338,-0.016187929,0.044745877,0.031306844
1760635845340,-0.01863139,0.04352415,0.031306844
1760635845342,-0.022449298,0.041233405,0.028863383
1760635845345,-0.02611449,0.042455133,0.028863383
1760635845347,-0.032070424,0.049785517,0.027641652
1760635845349,-0.036957346,0.054825157,0.026419923
1760635845352,-0.04428773,0.057268616,0.02397646
1760635845354,-0.04795292,0.061086524,0.02275473
1760635845356,-0.05421429,0.058643065,0.021533
1760635845358,-0.06169739,0.052687127,0.01786781
1760635845361,-0.06291912,0.046731193,0.0154243475
1760635845363,-0.065515295,0.036957346,0.012980887
1760635845365,-0.0693332,0.02977968,0.01038471
1760635845367,-0.06704246,0.021227567,0.01038471
1760635845369,-0.06719518,0.017562376,0.007941248
1760635845372,-0.065973446,0.010231993,0.009162978
1760635845374,-0.06612616,0.0065668016,0.009162978
1760635845376,-0.064751714,0.007788532,0.01038471
1760635845379,-0.06001751,0.0041233404,0.009162978
1760635845381,-0.052687127,3.0543262E-4,0.01038471
1760635845383,-0.045356743,-0.0021380284,0.01038471
1760635845386,-0.041691553,-0.008399397,0.01282817
1760635845388,-0.03191771,-0.01572978,0.01282817
1760635845390,-0.024587326,-0.013439035,0.01282817
1760635845392,-0.018325957,-0.013591751,0.014049901
1760635845394,-0.010995574,-0.01740966,0.016493361
1760635845396,-0.0096211275,-0.008857546,0.015271631
1760635845399,-0.0033597588,7.6358154E-4,0.017715093
1760635845401,4.5814895E-4,0.009162978,0.021533
1760635845403,0.0016798794,0.01282817,0.02275473
1760635845405,0.0018325958,0.016493361,0.02397646
1760635845408,0.005497787,0.020005837,0.026419923
1760635845410,0.01038471,0.018784106,0.026419923
1760635845412,0.01038471,0.020005837,0.025198191
1760635845415,0.015271631,0.016187929,0.028863383
1760635845417,0.02275473,0.01863139,0.028863383
1760635845419,0.021533,0.014966198,0.030085113
1760635845421,0.020158553,0.0125227375,0.028863383
1760635845424,0.025045475,0.012370021,0.031306844
1760635845426,0.022602014,0.010079277,0.030085113
1760635845428,0.020158553,0.006414085,0.031306844
1760635845431,0.020158553,0.006414085,0.031306844
1760635845432,0.016340645,4.5814895E-4,0.033750303
1760635845434,0.014966198,-0.0032070426,0.031306844
1760635845437,0.011301007,-0.007941248,0.032375857
1760635845439,0.0050396384,-0.01160644,0.03359759
1760635845442,0.0050396384,-0.01160644,0.03359759
1760635845444,0.0013744468,-0.015118915,0.03359759
1760635845446,0.0,-0.020005837,0.032375857
1760635845449,-0.002443461,-0.020005837,0.032375857
1760635845450,-0.0012217305,-0.020005837,0.031154128
1760635845453,-0.002443461,-0.021227567,0.032375857
1760635845455,-0.0036651916,-0.022296581,0.032375857
1760635845458,-0.0025961774,-0.024740042,0.029932396
1760635845460,-1.5271631E-4,-0.02611449,0.027488936
1760635845462,0.0010690142,-0.02855795,0.027488936
1760635845464,0.0010690142,-0.031001411,0.028710667
1760635845467,9.162979E-4,-0.03573562,0.025045475
1760635845468,-0.0025961774,-0.030848695,0.023823744
1760635845471,-0.0050396384,-0.028405234,0.023823744
1760635845473,-0.0050396384,-0.024740042,0.022602014
1760635845476,-0.007483099,-0.02107485,0.021380283
1760635845478,-0.007330383,-0.016187929,0.020158553
1760635845480,-0.0061086523,-0.016187929,0.016493361
1760635845483,-0.008552114,-0.016187929,0.01282817
1760635845484,-0.004886922,-0.01740966,0.01282817
1760635845487,0.0,-0.022449298,0.01038471
1760635845490,-1.5271631E-4,-0.028405234,0.007941248
1760635845492,0.0021380284,-0.03573562,0.0067195175
1760635845493,0.0021380284,-0.03940081,0.005497787
1760635845496,0.0021380284,-0.03940081,0.0018325958
1760635845498,0.0033597588,-0.04062254,6.1086525E-4
1760635845500,9.162979E-4,-0.038179077,6.1086525E-4
1760635845503,-0.0015271631,-0.034513887,-6.1086525E-4
1760635845505,-0.0025961774,-0.025961773,-0.004276057
1760635845507,-0.007330383,-0.013744468,-0.005497787
1760635845509,-0.014660766,-0.0050396384,-0.0067195175
1760635845511,-0.015577064,0.0070249503,-0.01038471
1760635845514,-0.0154243475,0.018020526,-0.01038471
1760635845516,-0.0154243475,0.024129177,-0.01038471
1760635845519,-0.01160644,0.027641652,-0.01160644
1760635845520,-0.009162978,0.028863383,-0.009010263
1760635845523,-0.0030543262,0.028710667,-0.009010263
1760635845525,-6.1086525E-4,0.023823744,-0.007788532
1760635845527,0.0018325958,0.018936822,-0.005497787
1760635845530,0.0053450707,0.01282817,-0.004276057
1760635845532,0.011453724,0.010231993,-0.0018325958
1760635845534,0.009010263,0.010231993,-6.1086525E-4
1760635845536,0.007941248,0.017562376,7.6358154E-4
1760635845539,0.0067195175,0.02367103,7.6358154E-4
1760635845541,0.0056505036,0.033444874,0.001985312
1760635845543,0.0033597588,0.041996986,0.0032070426
1760635845545,-0.0013744468,0.04932737,0.0032070426
1760635845548,-1.5271631E-4,0.055436023,0.008093964
1760635845550,0.0,0.063988134,0.006872234
1760635845553,0.0,0.060322944,0.006872234
1760635845554,0.0022907446,0.055436023,0.006872234
1760635845556,0.0035124752,0.04932737,0.008093964
1760635845559,0.008246681,0.039553523,0.008093964
1760635845561,0.011759156,0.02977968,0.0056505036
1760635845564,0.016646078,0.02107485,0.004428773
1760635845566,0.015271631,0.016340645,0.0056505036
1760635845568,0.017715093,0.010231993,0.004428773
1760635845570,0.016187929,4.5814895E-4,0.004276057
1760635845573,0.013744468,-0.001985312,0.0030543262
1760635845575,0.0076358155,6.1086525E-4,0.0018325958
1760635845577,0.0015271631,0.001985312,-6.1086525E-4
1760635845579,-0.004581489,0.008093964,-6.1086525E-4
1760635845581,-0.0056505036,0.012980887,-0.0018325958
1760635845583,-0.013133603,0.011911872,-0.0067195175
1760635845586,-0.0143553335,0.011911872,-0.007941248
1760635845588,-0.0143553335,0.009468411,-0.01160644
1760635845591,-0.0143553335,0.009468411,-0.014049901
1760635845593,-0.01572978,0.004581489,-0.01160644
1760635845595,-0.012064588,-0.0015271631,-0.01282817
1760635845597,-0.009773844,-0.011301007,-0.01282817
1760635845599,-0.0050396384,-0.022296581,-0.01282817
1760635845602,-0.005192355,-0.030848695,-0.01282817
1760635845604,-0.0065668016,-0.03680463,-0.01160644
1760635845606,-0.0015271631,-0.036957346,-0.01160644
1760635845608,-3.0543262E-4,-0.033292156,-0.01160644
1760635845611,-0.0015271631,-0.030848695,-0.01160644
1760635845613,-0.0038179078,-0.025961773,-0.01160644
1760635845615,-0.0062613687,-0.01740966,-0.01160644
1760635845618,-0.0061086523,-0.0076358155,-0.01282817
1760635845620,-0.0035124752,7.6358154E-4,-0.01038471
1760635845622,-0.00580322,0.008093964,-0.009162978
1760635845624,-0.001985312,0.012980887,-0.007941248
1760635845627,0.0041233404,0.014049901,-0.005497787
1760635845639,0.013897184,0.0065668016,-0.0018325958
1760635845639,0.02107485,-0.004428773,0.0018325958
1760635845639,0.029626964,-0.011911872,0.0067195175
1760635845639,0.04046982,-0.024281893,0.01160644
1760635845639,0.051465396,-0.034208454,0.01282817
1760635845639,0.059864793,-0.042760566,0.014049901
1760635845641,0.065973446,-0.045356743,0.01282817
1760635845644,0.07086037,-0.046578474,0.016493361
1760635845646,0.0759,-0.04428773,0.01282817
1760635845648,0.07345655,-0.038179077,0.01160644
1760635845651,0.07238753,-0.027183503,0.014049901
1760635845653,0.07498371,-0.020005837,0.012980887
1760635845655,0.07269296,-0.015118915,0.012980887
1760635845657,0.070249505,-0.013744468,0.012980887
1760635845659,0.069027774,-0.0076358155,0.012980887
1760635845662,0.070249505,-0.013744468,0.011759156
1760635845664,0.07009678,-0.016187929,0.010537425
1760635845666,0.067500606,-0.025961773,0.01038471
1760635845668,0.069791354,-0.034513887,0.009162978
1760635845671,0.06856962,-0.041691553,0.009162978
1760635845673,0.06582073,-0.05390886,0.0067195175
1760635845675,0.063224554,-0.062308256,0.005497787
1760635845678,0.0571159,-0.062155537,0.004276057
1760635845680,0.05222898,-0.064599,0.0018325958
1760635845682,0.04596761,-0.063224554,0.0030543262
1760635845684,0.039858956,-0.06429356,0.0030543262
1760635845686,0.034972034,-0.061850104,6.1086525E-4
1760635845689,0.027641652,-0.06047566,-0.0030543262
1760635845691,0.02275473,-0.055588737,-0.0018325958
1760635845693,0.016646078,-0.05787948,-6.1086525E-4
1760635845696,0.01160644,-0.059101213,6.1086525E-4
1760635845698,0.009162978,-0.057726767,6.1086525E-4
1760635845700,0.0067195175,-0.057726767,6.1086525E-4
1760635845702,0.0018325958,-0.056505036,-6.1086525E-4
1760635845705,6.1086525E-4,-0.055283304,6.1086525E-4
1760635845707,-0.0030543262,-0.05757405,0.004276057
1760635845709,-0.009162978,-0.051465396,0.005497787
1760635845712,-0.01282817,-0.046578474,0.009162978
1760635845713,-0.015118915,-0.03924809,0.01038471
1760635845716,-0.016187929,-0.03436117,0.015271631
1760635845718,-0.014966198,-0.028252518,0.016493361
1760635845721,-0.014813482,-0.022143865,0.020158553
1760635845722,-0.016035212,-0.019700404,0.021380283
1760635845725,-0.011148291,-0.01985312,0.026267206
1760635845727,-0.004886922,-0.01863139,0.025045475
1760635845730,0.0012217305,-0.017562376,0.027488936
1760635845732,0.007330383,-0.022602014,0.029932396
1760635845734,0.014660766,-0.028710667,0.03359759
1760635845737,0.017104227,-0.032375857,0.03726278
1760635845738,0.019547688,-0.032528576,0.03604105
1760635845740,0.02321288,-0.026419923,0.03604105
1760635845743,0.021991149,-0.026419923,0.03848451
1760635845746,0.020922136,-0.02275473,0.03970624
1760635845748,0.01863139,-0.011759156,0.037415497
1760635845751,0.01740966,-0.004428773,0.03863723
1760635845753,0.017715093,0.006414085,0.034972034
1760635845755,0.014049901,0.012675454,0.033750303
1760635845756,0.014202617,0.02107485,0.033750303
1760635845758,0.012980887,0.01985312,0.033750303
1760635845761,0.010537425,0.020005837,0.031306844
1760635845763,0.01160644,0.015118915,0.031306844
1760635845765,0.010231993,0.0041233404,0.028863383
1760635845768,0.011301007,-0.0056505036,0.027488936
1760635845770,0.011148291,-0.01160644,0.028710667
1760635845772,0.013591751,-0.015271631,0.026267206
1760635845774,0.012217305,-0.022602014,0.027488936
1760635845777,0.0061086523,-0.024892759,0.026267206
1760635845779,0.0061086523,-0.024892759,0.025045475
1760635845782,-0.0012217305,-0.022449298,0.022602014
1760635845785,-0.004886922,-0.01863139,0.020158553
1760635845786,-0.013439035,-0.0125227375,0.018936822
1760635845788,-0.014660766,-0.010079277,0.017715093
1760635845790,-0.019394971,-0.0038179078,0.015271631
1760635845793,-0.021838432,0.0010690142,0.014049901
1760635845795,-0.023060163,-0.0013744468,0.01282817
1760635845798,-0.023060163,-0.0013744468,0.009162978
1760635845800,-0.021991149,-0.0062613687,0.009162978
1760635845802,-0.018325957,-0.011148291,0.005497787
1760635845804,-0.019700404,-0.016035212,0.0067195175
1760635845806,-0.017256944,-0.019700404,0.005497787
1760635845808,-0.018478673,-0.016035212,0.005497787
1760635845810,-0.018478673,-0.019700404,0.0067195175
1760635845813,-0.018478673,-0.018478673,0.005497787
1760635845816,-0.024587326,-0.010995574,0.004276057
1760635845818,-0.02321288,-0.0025961774,0.007941248
1760635845820,-0.027947085,0.0036651916,0.005497787
1760635845822,-0.026725354,0.005955936,0.007941248
1760635845824,-0.025503624,0.008399397,0.007941248
1760635845827,-0.024129177,0.010842858,0.005497787
1760635845829,-0.023060163,0.008399397,0.005497787
1760635845831,-0.019394971,0.005955936,0.0067195175
1760635845833,-0.01695151,0.0021380284,0.005497787
1760635845835,-0.01572978,9.162979E-4,0.004276057
1760635845838,-0.01450805,0.0021380284,0.004276057
1760635845840,-0.011911872,0.004581489,0.0018325958
1760635845843,-0.0143553335,0.00580322,0.0018325958
1760635845845,-0.018020526,0.008246681,6.1086525E-4
1760635845847,-0.018020526,0.0106901415,-0.0018325958
1760635845849,-0.021685716,0.01572978,-0.0018325958
1760635845851,-0.02275473,0.021838432,-0.0030543262
1760635845854,-0.026419923,0.024281893,-0.004276057
1760635845856,-0.031306844,0.025503624,-0.004276057
1760635845858,-0.031306844,0.030390546,-0.005497787
1760635845860,-0.031154128,0.034055736,-0.007941248
1760635845863,-0.032375857,0.03772093,-0.007788532
1760635845865,-0.032375857,0.0364992,-0.007788532
1760635845867,-0.031154128,0.035277467,-0.0065668016
1760635845870,-0.029932396,0.0364992,-0.0065668016
1760635845872,-0.027488936,0.0364992,-0.009010263
1760635845873,-0.023823744,0.03390302,-0.009010263
1760635845876,-0.022602014,0.035124753,-0.007788532
1760635845878,-0.022602014,0.03634648,-0.009010263
1760635845880,-0.02397646,0.03023783,-0.009162978
1760635845883,-0.021533,0.0290161,-0.0067195175
1760635845886,-0.025045475,0.03390302,-0.0065668016
1760635845887,-0.025045475,0.03756821,-0.007788532
1760635845889,-0.029932396,0.04016439,-0.0065668016
1760635845892,-0.02977968,0.04505131,-0.00290161
1760635845894,-0.031001411,0.048716504,-4.5814895E-4
1760635845897,-0.033292156,0.056046885,-0.0016798794
1760635845898,-0.034513887,0.062002823,7.6358154E-4
1760635845901,-0.0355829,0.064446285,0.0032070426
1760635845903,-0.03191771,0.063224554,0.008093964
1760635845905,-0.03191771,0.062002823,0.009315695
1760635845907,-0.027183503,0.0571159,0.010537425
1760635845910,-0.022296581,0.053297993,0.010537425
1760635845912,-0.01863139,0.04718934,0.014202617
1760635845915,-0.012675454,0.03863723,0.016646078
1760635845917,-0.013897184,0.03863723,0.019089539
1760635845919,-0.009010263,0.03604105,0.021533
1760635845921,-0.009010263,0.03359759,0.02275473
1760635845924,-0.013897184,0.041080687,0.02275473
1760635845926,-0.011301007,0.047036625,0.021533
1760635845928,-0.016187929,0.05207626,0.02397646
1760635845930,-0.017256944,0.058184914,0.02397646
1760635845932,-0.019700404,0.06307184,0.025198191
1760635845935,-0.021991149,0.065515295,0.026419923
1760635845937,-0.019700404,0.06307184,0.030085113
1760635845939,-0.017256944,0.06047566,0.031306844
1760635845941,-0.012370021,0.0580322,0.031306844
1760635845944,-0.00992656,0.049480084,0.031306844
1760635845947,-0.006414085,0.045814894,0.032528576
1760635845949,-0.005192355,0.03970624,0.033750303
1760635845950,-0.0041233404,0.03481932,0.036193766
1760635845953,7.6358154E-4,0.02977968,0.03863723
1760635845955,6.1086525E-4,0.021380283,0.037415497
1760635845957,0.0018325958,0.017715093,0.039858956
1760635845960,0.0030543262,0.021227567,0.041080687
1760635845962,0.0030543262,0.020005837,0.044745877
1760635845964,-6.1086525E-4,0.021380283,0.04596761
1760635845966,-6.1086525E-4,0.021380283,0.044745877
1760635845969,0.001985312,0.024892759,0.04841107
1760635845971,0.0032070426,0.024892759,0.049632803
1760635845973,0.004428773,0.022449298,0.04841107
1760635845975,0.004276057,0.017562376,0.05207626
1760635845978,0.0018325958,0.014049901,0.053297993
1760635845980,0.0053450707,0.0065668016,0.056963183
1760635845982,0.008857546,-0.0032070426,0.055741455
1760635845984,0.006414085,-0.004276057,0.055741455
1760635845987,0.0062613687,-0.01160644,0.054519724
1760635845988,0.0062613687,-0.020158553,0.056963183
1760635845991,0.0061086523,-0.022602014,0.0580322
1760635845994,0.0036651916,-0.024892759,0.06047566
1760635845996,0.0010690142,-0.031001411,0.059253927
1760635845998,-0.0025961774,-0.034513887,0.06291912
1760635846000,-0.003970624,-0.038179077,0.059253927
1760635846003,-0.003970624,-0.043066,0.059253927
1760635846006,-0.0065668016,-0.04795292,0.05681047
1760635846007,-0.007788532,-0.052687127,0.055588737
1760635846009,-0.009162978,-0.05390886,0.053145275
1760635846012,-0.01038471,-0.05513059,0.051923547
1760635846014,-0.015271631,-0.059864793,0.051923547
1760635846015,-0.017715093,-0.056199603,0.054367006
1760635846018,-0.020158553,-0.05375614,0.053145275
1760635846021,-0.026267206,-0.054825157,0.051923547
1760635846022,-0.029932396,-0.051159963,0.053145275
1760635846024,-0.03481932,-0.048716504,0.051923547
1760635846027,-0.03726278,-0.046120327,0.049480084
1760635846029,-0.040927973,-0.046120327,0.050701816
1760635846031,-0.0421497,-0.046120327,0.050701816
1760635846033,-0.044593163,-0.043676864,0.051923547
1760635846036,-0.0421497,-0.044898596,0.053145275
1760635846038,-0.044593163,-0.041233405,0.053145275
1760635846041,-0.04337143,-0.042455133,0.055588737
1760635846043,-0.0421497,-0.040011674,0.054367006
1760635846045,-0.04444045,-0.035124753,0.055588737
1760635846047,-0.04444045,-0.03268129,0.053145275
1760635846050,-0.043218717,-0.0290161,0.051923547
1760635846052,-0.04428773,-0.021685716,0.054367006
1760635846054,-0.046731193,-0.019242255,0.055588737
1760635846056,-0.047800206,-0.013133603,0.055588737
1760635846059,-0.047800206,-0.008246681,0.054367006
1760635846061,-0.04642576,-0.0022907446,0.054367006
1760635846063,-0.04505131,0.0038179078,0.055741455
1760635846066,-0.04138612,0.008552114,0.055741455
1760635846068,-0.040011674,0.010995574,0.054519724
1760635846070,-0.03634648,0.012217305,0.055741455
1760635846072,-0.030085113,0.01695151,0.054519724
1760635846074,-0.02397646,0.021685716,0.054519724
1760635846076,-0.021380283,0.022907447,0.055741455
1760635846079,-0.016493361,0.021533,0.05207626
1760635846082,-0.01038471,0.02275473,0.053297993
1760635846084,-0.0067195175,0.023823744,0.054519724
1760635846085,-0.0018325958,0.022602014,0.053297993
1760635846088,0.001985312,0.021227567,0.053297993
1760635846091,0.004428773,0.022449298,0.05085453
1760635846092,0.009315695,0.024892759,0.04718934
1760635846095,0.010537425,0.027183503,0.04596761
1760635846097,0.015577064,0.032070424,0.04230242
1760635846099,0.015577064,0.034513887,0.039858956
1760635846102,0.019394971,0.03680463,0.034972034
1760635846104,0.01817324,0.03924809,0.034972034
1760635846107,0.020616703,0.038026363,0.028863383
1760635846108,0.025350908,0.03191771,0.027641652
1760635846111,0.026572637,0.028252518,0.025198191
1760635846112,0.0290161,0.024587326,0.021533
1760635846115,0.030085113,0.017256944,0.019089539
1760635846118,0.027488936,0.013591751,0.014202617
1760635846120,0.025045475,0.0076358155,0.014202617
1760635846121,0.02367103,0.003970624,0.012980887
1760635846124,0.022449298,0.0027488936,0.009315695
1760635846126,0.01740966,-7.6358154E-4,0.0067195175
1760635846128,0.017562376,0.0016798794,0.005497787
1760635846130,0.010231993,0.0053450707,0.0030543262
1760635846133,0.003970624,0.005497787,-0.0018325958
1760635846135,0.0015271631,0.005497787,-0.0018325958
1760635846137,3.0543262E-4,0.006872234,-0.0030543262
1760635846140,-0.0033597588,0.009315695,-0.004276057
1760635846141,-0.00580322,0.006872234,-0.007941248
1760635846145,-0.008246681,0.004581489,-0.0067195175
1760635846146,-0.0096211275,0.0021380284,-0.007941248
1760635846148,-0.010842858,-3.0543262E-4,-0.0067195175
1760635846151,-0.008399397,-0.0027488936,-0.0067195175
1760635846153,-0.0047342055,-0.0041233404,-0.007941248
1760635846155,-0.008552114,-0.0125227375,-0.005497787
1760635846157,-0.007330383,-0.011301007,-0.004276057
1760635846160,-0.0061086523,-0.0125227375,-0.004276057
1760635846162,-0.004886922,-0.010079277,-0.0030543262
1760635846164,-0.0047342055,-0.0041233404,-0.005497787
1760635846167,-0.005955936,-0.0027488936,-0.005497787
1760635846168,-0.00580322,0.004428773,-0.005497787
1760635846171,-0.004428773,0.011759156,-0.005497787
1760635846173,-0.004428773,0.016646078,-0.004276057
1760635846176,-0.0032070426,0.019089539,-0.0067195175
1760635846178,0.0030543262,0.022602014,-0.0053450707
1760635846180,0.007941248,0.017562376,-0.005497787
1760635846182,0.011453724,0.013897184,-0.005497787
1760635846185,0.017562376,0.007788532,-0.004276057
1760635846187,0.02367103,0.0015271631,-0.0018325958
1760635846189,0.02977968,-0.0021380284,-0.0018325958
1760635846192,0.032070424,-0.0070249503,-6.1086525E-4
1760635846193,0.036957346,-0.010842858,-0.004276057
1760635846196,0.036957346,-0.0096211275,-0.0067195175
1760635846198,0.0346666,-0.0047342055,-0.005497787
1760635846201,0.035888333,-0.0022907446,-0.0067195175
1760635846203,0.031001411,0.0050396384,-0.007941248
1760635846205,0.027488936,0.010079277,-0.007941248
1760635846207,0.025045475,0.013744468,-0.007788532
1760635846210,0.026267206,0.0125227375,-0.01038471
1760635846212,0.022602014,0.014966198,-0.010231993
1760635846214,0.020158553,0.0125227375,-0.007941248
1760635846216,0.022449298,0.008857546,-0.007941248
1760635846218,0.02367103,0.0027488936,-0.01038471
1760635846221,0.023518313,-0.004581489,-0.0067195175
1760635846223,0.027030786,-0.0143553335,-0.0067195175
1760635846225,0.02687807,-0.02397646,-0.004276057
1760635846227,0.028099801,-0.027641652,-0.004276057
1760635846229,0.025503624,-0.032528576,-0.004276057
1760635846231,0.025503624,-0.034972034,-0.0030543262
1760635846234,0.024281893,-0.036193766,-0.004276057
1760635846237,0.023060163,-0.033750303,-0.004276057
1760635846238,0.01695151,-0.03359759,-0.005497787
1760635846241,0.01572978,-0.028710667,-0.004276057
1760635846243,0.01450805,-0.027488936,-0.004276057
1760635846245,0.010995574,-0.023823744,-0.004276057
1760635846248,0.007330383,-0.022449298,-0.004276057
1760635846250,0.007330383,-0.021227567,-0.0018325958
1760635846252,0.0061086523,-0.020005837,-0.0018325958
1760635846254,0.002443461,-0.020005837,6.1086525E-4
1760635846257,0.0012217305,-0.021227567,0.0018325958
1760635846259,-0.0013744468,-0.022296581,0.0018325958
1760635846261,-0.0038179078,-0.024740042,0.005497787
1760635846264,-0.007483099,-0.023518313,0.005497787
1760635846266,-0.007483099,-0.022296581,0.0067195175
1760635846268,-0.007483099,-0.02107485,0.007941248
1760635846271,-0.010995574,-0.014966198,0.009162978
1760635846273,-0.010995574,-0.013744468,0.01160644
1760635846275,-0.013439035,-0.010079277,0.01160644
1760635846277,-0.014660766,-0.0076358155,0.01160644
1760635846280,-0.01572978,-0.003970624,0.01282817
1760635846282,-0.012064588,-0.003970624,0.01282817
1760635846284,-0.012064588,-0.0015271631,0.014049901
1760635846286,-0.010842858,-0.0027488936,0.015271631
1760635846289,-0.013286319,-3.0543262E-4,0.016493361
1760635846290,-0.0143553335,0.0033597588,0.015271631
1760635846293,-0.011911872,0.004581489,0.016493361
1760635846295,-0.0106901415,0.010537425,0.018936822
1760635846297,-0.011759156,0.014202617,0.016646078
1760635846300,-0.012980887,0.021533,0.0154243475
1760635846302,-0.01160644,0.025198191,0.016646078
1760635846304,-0.009162978,0.028863383,0.0154243475
1760635846307,-0.0065668016,0.029932396,0.016646078
1760635846310,-0.0016798794,0.029932396,0.016646078
1760635846312,-6.1086525E-4,0.026267206,0.01786781
1760635846313,0.0056505036,0.02611449,0.016646078
1760635846316,0.009162978,0.022449298,0.014202617
1760635846318,0.01160644,0.020005837,0.0154243475
1760635846321,0.01160644,0.015118915,0.014202617
1760635846322,0.007941248,0.016340645,0.014202617
1760635846324,0.01038471,0.018784106,0.014202617
1760635846327,0.007941248,0.022449298,0.012980887
1760635846329,0.0030543262,0.025045475,0.012980887
1760635846331,-0.00290161,0.028710667,0.010537425
1760635846334,-0.007788532,0.03604105,0.010537425
1760635846336,-0.011453724,0.041080687,0.011759156
1760635846338,-0.015118915,0.04352415,0.008093964
1760635846340,-0.017562376,0.044745877,0.008093964
1760635846343,-0.02367103,0.041233405,0.006872234
1760635846345,-0.025045475,0.038789943,0.006872234
1760635846347,-0.023823744,0.03390302,0.004428773
1760635846349,-0.02275473,0.027794369,0.004428773
1760635846352,-0.021533,0.024129177,0.004428773
1760635846354,-0.022907447,0.01572978,0.005497787
1760635846356,-0.021685716,0.008399397,0.0030543262
1760635846358,-0.023060163,0.0071776668,0.0030543262
1760635846361,-0.027947085,0.005955936,0.004276057
1760635846363,-0.030390546,0.012217305,6.1086525E-4
1760635846365,-0.03145956,0.013439035,6.1086525E-4
1760635846367,-0.03756821,0.019547688,0.0018325958
1760635846369,-0.039858956,0.028099801,0.0018325958
1760635846372,-0.040927973,0.037873644,-4.5814895E-4
1760635846375,-0.045814894,0.04886922,-0.0016798794
1760635846376,-0.046883907,0.05497787,-0.0016798794
1760635846379,-0.050396383,0.061086524,0.001985312
1760635846381,-0.04795292,0.061086524,0.001985312
1760635846383,-0.04795292,0.06352998,0.0032070426
1760635846385,-0.04810564,0.058643065,0.006872234
1760635846388,-0.04428773,0.057421334,0.009315695
1760635846390,-0.04184427,0.056046885,0.011759156
1760635846392,-0.03940081,0.054825157,0.0154243475
1760635846394,-0.040775254,0.053603426,0.019089539
1760635846396,-0.0346666,0.049938235,0.02275473
1760635846399,-0.033292156,0.05100725,0.02397646
1760635846401,-0.033292156,0.05222898,0.02275473
1760635846404,-0.032070424,0.049785517,0.026419923
1760635846405,-0.027183503,0.049785517,0.028863383
1760635846408,-0.025809057,0.056963183,0.030085113
1760635846411,-0.024587326,0.058184914,0.028863383
1760635846413,-0.024587326,0.058184914,0.027641652
1760635846415,-0.019700404,0.056963183,0.026419923
1760635846417,-0.018478673,0.055741455,0.027641652
1760635846419,-0.013744468,0.048258353,0.025198191
1760635846421,-0.0125227375,0.04352415,0.021533
1760635846424,-0.007788532,0.03604105,0.01786781
1760635846426,-0.0053450707,0.029932396,0.016646078
1760635846428,-0.0018325958,0.022602014,0.016646078
1760635846431,-0.0032070426,0.017715093,0.011759156
1760635846433,-0.006872234,0.012980887,0.01038471
1760635846435,-0.008093964,0.014202617,0.007941248
1760635846438,-0.006872234,0.014202617,0.0067195175
1760635846440,-0.008093964,0.012980887,0.004276057
1760635846442,-0.010537425,0.014202617,0.0030543262
1760635846443,-0.0143553335,0.011911872,-6.1086525E-4
1760635846446,-0.011911872,0.009468411,-0.0018325958
1760635846448,-0.011911872,0.008246681,-0.0018325958
1760635846451,-0.008246681,0.004581489,-0.0018325958
1760635846453,-0.005955936,-0.0027488936,-0.0018325958
1760635846456,-0.004886922,-0.010079277,-0.0030543262
1760635846457,-0.0012217305,-0.015118915,-0.0030543262
1760635846460,0.002443461,-0.021227567,-6.1086525E-4
1760635846462,0.005955936,-0.02733622,0.0018325958
1760635846465,0.005955936,-0.02611449,0.0018325958
1760635846467,0.0071776668,-0.02977968,0.004276057
1760635846470,0.008399397,-0.02855795,0.004276057
1760635846472,0.012064588,-0.028710667,0.004276057
1760635846473,0.014660766,-0.027488936,0.01160644
1760635846476,0.017104227,-0.022602014,0.01160644
1760635846478,0.017104227,-0.022602014,0.01160644
1760635846480,0.019700404,-0.021533,0.015271631
1760635846482,0.021991149,-0.02397646,0.017715093
1760635846485,0.025809057,-0.02397646,0.018936822
1760635846487,0.030543262,-0.0290161,0.022602014
1760635846490,0.034208454,-0.03145956,0.023823744
1760635846492,0.040317107,-0.0364992,0.025045475
1760635846493,0.04520403,-0.043829583,0.026267206
1760635846496,0.051159963,-0.051159963,0.028710667
1760635846498,0.054825157,-0.058490347,0.029932396
1760635846500,0.05589417,-0.064599,0.028710667
1760635846503,0.05589417,-0.069485925,0.029932396
1760635846505,0.058184914,-0.07437284,0.027488936
1760635846507,0.056963183,-0.07192938,0.027488936
1760635846509,0.055741455,-0.075594574,0.026267206
1760635846512,0.055741455,-0.076816306,0.025045475
1760635846514,0.05207626,-0.075594574,0.022602014
1760635846516,0.048258353,-0.07666359,0.020158553
1760635846519,0.04718934,-0.0729984,0.020158553
1760635846521,0.04337143,-0.07788532,0.017715093
1760635846523,0.040927973,-0.081397794,0.020158553
1760635846525,0.03726278,-0.07895433,0.017715093
1760635846527,0.033444874,-0.08368854,0.016493361
1760635846530,0.034513887,-0.08979719,0.017715093
1760635846532,0.029626964,-0.09101892,0.015271631
1760635846534,0.024740042,-0.09208794,0.017715093
1760635846537,0.019700404,-0.094531395,0.017715093
1760635846539,0.014813482,-0.089491755,0.014049901
1760635846541,0.011148291,-0.09315695,0.014049901
1760635846543,0.00992656,-0.08827003,0.014049901
1760635846546,0.0038179078,-0.08689558,0.014049901
1760635846548,0.0015271631,-0.08200866,0.016493361
1760635846550,3.0543262E-4,-0.078343466,0.014049901
1760635846552,3.0543262E-4,-0.0759,0.015271631
1760635846554,-0.0033597588,-0.077121735,0.015271631
1760635846557,-0.0021380284,-0.07345655,0.015271631
1760635846559,-7.6358154E-4,-0.071013086,0.017715093
1760635846561,-0.001985312,-0.063682705,0.015271631
1760635846564,-0.004276057,-0.05757405,0.016493361
1760635846565,-0.009010263,-0.049021937,0.018936822
1760635846568,-0.010231993,-0.041691553,0.017715093
1760635846570,-0.011301007,-0.030695979,0.018936822
1760635846573,-0.013591751,-0.020922136,0.015271631
1760635846575,-0.014660766,-0.008857546,0.015271631
1760635846577,-0.01450805,0.0021380284,0.015271631
1760635846580,-0.011911872,0.0070249503,0.015271631
1760635846582,-0.009315695,0.014202617,0.019089539
1760635846584,-0.004428773,0.016646078,0.01786781
1760635846586,-0.001985312,0.015271631,0.016646078
1760635846588,0.007941248,0.016340645,0.019089539
1760635846591,0.01282817,0.016340645,0.01786781
1760635846593,0.015271631,0.016187929,0.02031127
1760635846595,0.02031127,0.01740966,0.02031127
1760635846598,0.02397646,0.019700404,0.019089539
1760635846600,0.02275473,0.023365596,0.01786781
1760635846602,0.021685716,0.028252518,0.016646078
1760635846604,0.023060163,0.03680463,0.014202617
1760635846607,0.019394971,0.047800206,0.011759156
1760635846609,0.018325957,0.052687127,0.010537425
1760635846611,0.018325957,0.05879578,0.006872234
1760635846613,0.016035212,0.06490443,0.004428773
1760635846615,0.022143865,0.065973446,0.0032070426
1760635846617,0.020922136,0.06246097,-4.5814895E-4
1760635846620,0.023365596,0.05879578,-0.00290161
1760635846622,0.02565634,0.05375614,-0.0053450707
1760635846624,0.02687807,0.04886922,-0.0065668016
1760635846627,0.027947085,0.042913284,-0.0065668016
1760635846629,0.026572637,0.0355829,-0.010231993
1760635846631,0.022907447,0.03191771,-0.010231993
1760635846634,0.025350908,0.029474247,-0.015118915
1760635846636,0.01786781,0.029626964,-0.016340645
1760635846638,0.014202617,0.032070424,-0.017562376
1760635846640,0.009468411,0.037110064,-0.020005837
1760635846643,0.0021380284,0.041996986,-0.018784106
1760635846645,-0.0027488936,0.044593163,-0.022449298
1760635846647,-0.005192355,0.048258353,-0.02367103
1760635846649,-0.010079277,0.050701816,-0.02367103
1760635846652,-0.011301007,0.04841107,-0.02367103
1760635846654,-0.013897184,0.04352415,-0.02367103
1760635846656,-0.015118915,0.04230242,-0.02367103
1760635846659,-0.015271631,0.036193766,-0.021380283
1760635846660,-0.014202617,0.025350908,-0.018936822
1760635846663,-0.009315695,0.01786781,-0.017715093
1760635846665,-0.009468411,0.011911872,-0.015271631
1760635846667,-0.0106901415,0.0106901415,-0.014049901
1760635846670,-0.011911872,0.00580322,-0.01160644
1760635846672,-0.0143553335,0.008246681,-0.01038471
1760635846674,-0.016798794,0.0106901415,-0.007941248
1760635846677,-0.019242255,0.016798794,-0.007941248
1760635846680,-0.02275473,0.024281893,-0.009162978
1760635846680,-0.022602014,0.03268129,-0.009162978
1760635846683,-0.023823744,0.03268129,-0.007941248
1760635846685,-0.021380283,0.03268129,-0.0053450707
1760635846688,-0.017715093,0.03145956,-0.00290161
1760635846689,-0.01282817,0.026419923,-0.00290161
1760635846692,-0.006872234,0.019089539,-6.1086525E-4
1760635846694,-0.0033597588,0.008093964,6.1086525E-4
1760635846696,1.5271631E-4,-0.0041233404,0.0018325958
1760635846698,0.0036651916,-0.013897184,0.0030543262
1760635846701,0.009773844,-0.018936822,-6.1086525E-4
1760635846703,0.008552114,-0.016493361,-0.0018325958
1760635846705,0.00870483,-0.014049901,-0.0030543262
1760635846707,0.0062613687,-0.009162978,-0.0030543262
1760635846709,0.0050396384,-0.005497787,-0.005497787
1760635846712,0.003970624,0.0018325958,-0.0067195175
1760635846715,0.0015271631,0.0067195175,-0.0067195175
1760635846717,-0.0033597588,0.008093964,-0.009162978
1760635846718,-0.0021380284,0.010537425,-0.01038471
1760635846721,-0.0033597588,0.006872234,-0.009162978
1760635846723,-0.0022907446,-0.0016798794,-0.007941248
1760635846727,1.5271631E-4,-0.007788532,-0.01038471
1760635846729,0.0012217305,-0.011453724,-0.007941248
1760635846731,0.007330383,-0.020005837,-0.007941248
1760635846732,0.0096211275,-0.02733622,-0.009162978
1760635846735,0.0071776668,-0.02977968,-0.007941248
1760635846737,0.013286319,-0.0346666,-0.0067195175
1760635846740,0.013133603,-0.037110064,-0.005497787
1760635846742,0.012064588,-0.031001411,-0.0067195175
1760635846744,0.0096211275,-0.02855795,-0.007941248
1760635846745,0.009773844,-0.02367103,-0.0067195175
1760635846748,0.009773844,-0.018936822,-0.005497787
1760635846750,0.00992656,-0.01160644,-0.0067195175
1760635846753,0.00870483,-0.007941248,-0.0067195175
1760635846755,0.007483099,-0.004276057,-0.004276057
1760635846756,0.008857546,-0.004276057,-0.0018325958
1760635846759,0.011301007,-0.0030543262,-6.1086525E-4
1760635846762,0.014966198,-0.001985312,6.1086525E-4
1760635846764,0.014966198,-0.004428773,0.0018325958
1760635846766,0.016035212,-0.010537425,0.004276057
1760635846769,0.02107485,-0.010537425,0.0067195175
1760635846771,0.024587326,-0.014202617,0.009162978
1760635846772,0.025809057,-0.021533,0.009162978
1760635846775,0.023365596,-0.02275473,0.01038471
1760635846778,0.022143865,-0.019089539,0.01282817
1760635846779,0.022143865,-0.019089539,0.014049901
1760635846781,0.018478673,-0.012980887,0.015271631
1760635846783,0.016187929,-0.009315695,0.01282817
1760635846786,0.01740966,-0.006872234,0.01282817
1760635846788,0.01740966,-0.006872234,0.015271631
1760635846791,0.011301007,-0.005497787,0.016493361
1760635846793,0.013744468,-0.008093964,0.015271631
1760635846795,0.014813482,-0.011759156,0.014049901
1760635846798,0.017256944,-0.01786781,0.015271631
1760635846800,0.015882496,-0.021380283,0.017715093
1760635846802,0.012217305,-0.026267206,0.016493361
1760635846804,0.014660766,-0.029932396,0.017715093
1760635846807,0.013286319,-0.029932396,0.017715093
1760635846808,0.008399397,-0.02855795,0.015271631
1760635846811,0.008399397,-0.02855795,0.01282817
1760635846814,0.005955936,-0.02733622,0.009162978
1760635846816,0.0036651916,-0.021227567,0.009162978
1760635846818,0.002443461,-0.018784106,0.0067195175
1760635846821,0.0,-0.016340645,0.005497787
1760635846822,-0.0012217305,-0.015118915,0.005497787
1760635846825,0.0,-0.017562376,0.004276057
1760635846827,0.002443461,-0.021227567,0.0018325958
1760635846829,0.0035124752,-0.02733622,0.0018325958
1760635846831,0.0071776668,-0.02855795,0.004276057
1760635846834,0.0033597588,-0.033444874,0.004276057
1760635846836,0.00580322,-0.0346666,0.005497787
1760635846839,0.008246681,-0.035888333,0.005497787
1760635846841,0.005955936,-0.033444874,0.007941248
1760635846843,0.0035124752,-0.02977968,0.009162978
1760635846845,-1.5271631E-4,-0.022449298,0.009162978
1760635846848,0.0,-0.016340645,0.009162978
1760635846850,0.0013744468,-0.012675454,0.01038471
1760635846852,-0.0010690142,-0.0053450707,0.01038471
1760635846853,-0.0010690142,-0.0041233404,0.01282817
1760635846856,-0.0021380284,-0.0016798794,0.01282817
1760635846859,-9.162979E-4,-4.5814895E-4,0.015271631
1760635846861,1.5271631E-4,-0.0041233404,0.016493361
1760635846863,0.0013744468,-0.007788532,0.018936822
1760635846866,-0.0010690142,-0.0053450707,0.020158553
1760635846868,-0.0035124752,-0.010231993,0.022602014
1760635846870,-0.0035124752,-0.009010263,0.023823744
1760635846872,-0.0071776668,-0.0065668016,0.023823744
1760635846875,-0.010842858,-0.0027488936,0.025045475
1760635846877,-0.01450805,9.162979E-4,0.026267206
1760635846879,-0.019242255,0.0070249503,0.028863383
1760635846881,-0.021685716,0.009468411,0.028863383
1760635846884,-0.022907447,0.013286319,0.026419923
1760635846886,-0.024129177,0.01450805,0.025198191
1760635846888,-0.026572637,0.01450805,0.026419923
1760635846890,-0.02397646,0.01695151,0.025198191
1760635846893,-0.021685716,0.013133603,0.02397646
1760635846896,-0.021685716,0.008399397,0.021380283
1760635846897,-0.01572978,9.162979E-4,0.018936822
1760635846899,-0.014660766,-0.008857546,0.017715093
1760635846902,-0.009773844,-0.010079277,0.016493361
1760635846904,-0.0071776668,-0.0076358155,0.015271631
1760635846906,-0.008399397,-0.008857546,0.014049901
1760635846908,-0.005955936,-0.008857546,0.009162978
1760635846911,-0.010842858,-3.0543262E-4,0.005497787
1760635846913,-0.013286319,0.0033597588,0.0030543262
1760635846915,-0.016798794,0.013133603,-6.1086525E-4
1760635846917,-0.01786781,0.020463986,-0.004276057
1760635846920,-0.017715093,0.027794369,-0.007788532
1760635846922,-0.018936822,0.03145956,-0.0065668016
1760635846924,-0.01282817,0.033750303,-0.010231993
1760635846926,-0.009010263,0.034972034,-0.012675454
1760635846929,-0.004276057,0.028710667,-0.012675454
1760635846931,-6.1086525E-4,0.027488936,-0.012675454
1760635846933,6.1086525E-4,0.023823744,-0.013897184
1760635846936,0.0067195175,0.020158553,-0.011453724
1760635846938,0.01038471,0.021227567,-0.010231993
1760635846940,0.01038471,0.018784106,-0.0065668016
1760635846942,0.0154243475,0.023518313,-0.007788532
1760635846944,0.014202617,0.02611449,-0.010231993
1760635846947,0.012980887,0.032070424,-0.007788532
1760635846949,0.0106901415,0.03940081,-0.0065668016
1760635846950,0.010842858,0.046731193,-0.007788532
1760635846954,0.0071776668,0.055283304,-0.007788532
1760635846955,0.002443461,0.06154467,-0.009010263
1760635846958,0.0062613687,0.067500606,-0.009010263
1760635846960,0.0038179078,0.07238753,-0.007788532
1760635846962,0.00870483,0.0711658,-0.007788532
1760635846964,0.013591751,0.063682705,-0.007788532
1760635846967,0.014660766,0.05757405,-0.0053450707
1760635846969,0.02076942,0.05024367,-0.0053450707
1760635846971,0.025503624,0.042913284,-0.0041233404
1760635846974,0.027947085,0.038026363,-0.00290161
1760635846976,0.027794369,0.030695979,-0.0016798794
1760635846978,0.03268129,0.02687807,-4.5814895E-4
1760635846980,0.03268129,0.028099801,7.6358154E-4
1760635846983,0.03145956,0.030695979,-0.0016798794
1760635846984,0.024129177,0.03313944,-0.00290161
1760635846988,0.022907447,0.03680463,-0.0016798794
1760635846990,0.019394971,0.041691553,-0.0016798794
1760635846991,0.01817324,0.044135015,-0.0016798794
1760635846994,0.012064588,0.04428773,-0.0041233404
1760635846996,0.015577064,0.038179077,-0.00290161
1760635846998,0.018020526,0.033292156,-0.0053450707
1760635847001,0.014202617,0.027183503,-0.0053450707
1760635847003,0.016493361,0.01863139,-0.0041233404
1760635847005,0.017562376,0.010231993,-0.004276057
1760635847007,0.01863139,-0.001985312,-0.0030543262
1760635847009,0.018478673,-0.010537425,-0.0018325958
1760635847012,0.016035212,-0.016493361,-0.0018325958
1760635847014,0.012217305,-0.022602014,-0.0018325958
1760635847016,0.010995574,-0.023823744,-6.1086525E-4
1760635847019,0.0061086523,-0.021227567,-0.0018325958
1760635847021,0.0012217305,-0.018784106,-0.0018325958
1760635847023,-0.0036651916,-0.01863139,-6.1086525E-4
1760635847025,-0.0061086523,-0.016187929,-0.004276057
1760635847028,-0.010995574,-0.014966198,-0.004276057
1760635847030,-0.007330383,-0.016187929,-0.0030543262
1760635847032,-0.009773844,-0.014966198,-0.0018325958
1760635847034,-0.011148291,-0.023365596,-6.1086525E-4
1760635847037,-0.013591751,-0.023365596,0.0018325958
1760635847038,-0.010079277,-0.03191771,0.0030543262
1760635847041,-0.003970624,-0.036957346,0.005497787
1760635847043,-0.007788532,-0.04046982,0.005497787
1760635847046,-0.0065668016,-0.045356743,0.007941248
1760635847048,-0.0053450707,-0.045356743,0.007941248
1760635847050,-0.007788532,-0.047800206,0.009162978
1760635847052,-0.0041233404,-0.045356743,0.009162978
1760635847055,-0.00290161,-0.04184427,0.009162978
1760635847057,9.162979E-4,-0.04062254,0.009162978
1760635847059,0.00580322,-0.037110064,0.009162978
1760635847061,0.005955936,-0.0346666,0.01160644
1760635847063,0.0096211275,-0.033444874,0.01038471
1760635847065,0.01450805,-0.031154128,0.007941248
1760635847068,0.019394971,-0.032375857,0.009162978
1760635847071,0.021991149,-0.032528576,0.01160644
1760635847073,0.02443461,-0.033750303,0.01282817
1760635847075,0.029321533,-0.034972034,0.01160644
1760635847077,0.032986723,-0.035124753,0.01282817
1760635847080,0.035430185,-0.035124753,0.01282817
1760635847081,0.037873644,-0.035124753,0.01282817
1760635847083,0.04046982,-0.027947085,0.01038471
1760635847086,0.03924809,-0.026725354,0.007941248
1760635847088,0.03940081,-0.019394971,0.007941248
1760635847090,0.04184427,-0.01695151,0.005497787
1760635847093,0.043066,-0.013286319,0.004276057
1760635847095,0.045662176,-0.008552114,0.005497787
1760635847097,0.04932737,-0.008552114,0.004276057
1760635847099,0.050549097,-0.012217305,0.005497787
1760635847102,0.052839845,-0.017104227,0.004276057
1760635847104,0.055283304,-0.02076942,0.0067195175
1760635847106,0.057726767,-0.027030786,0.0067195175
1760635847109,0.05513059,-0.029321533,0.009162978
1760635847111,0.05390886,-0.03176499,0.009162978
1760635847113,0.05390886,-0.029321533,0.01038471
1760635847116,0.05024367,-0.030543262,0.009162978
1760635847118,0.046578474,-0.025503624,0.01038471
1760635847120,0.046731193,-0.021991149,0.01160644
1760635847123,0.04184427,-0.01450805,0.009162978
1760635847125,0.03940081,-0.013286319,0.009162978
1760635847127,0.038331795,-0.0047342055,0.009162978
1760635847129,0.031001411,-0.0033597588,0.009162978
1760635847131,0.02977968,1.5271631E-4,0.012980887
1760635847134,0.02855795,-0.0021380284,0.012980887
1760635847136,0.02733622,-0.0033597588,0.01038471
1760635847138,0.028405234,-0.008246681,0.014049901
1760635847141,0.027183503,-0.0143553335,0.014049901
1760635847143,0.024587326,-0.01786781,0.015271631
1760635847145,0.019547688,-0.027641652,0.015271631
1760635847147,0.017104227,-0.027488936,0.017715093
1760635847149,0.018325957,-0.026419923,0.017715093
1760635847152,0.014660766,-0.023823744,0.016493361
1760635847154,0.007330383,-0.017715093,0.016493361
1760635847156,0.0025961774,-0.011453724,0.017715093
1760635847159,-0.0010690142,-0.009010263,0.016493361
1760635847161,-0.0071776668,-0.0041233404,0.016493361
1760635847163,-0.009468411,0.0021380284,0.015271631
1760635847165,-0.012064588,0.0021380284,0.015271631
1760635847167,-0.01450805,0.0021380284,0.015271631
1760635847169,-0.01817324,0.0021380284,0.014049901
1760635847171,-0.01450805,-0.0027488936,0.015271631
1760635847175,-0.013439035,-0.008857546,0.016493361
1760635847176,-0.016035212,-0.016035212,0.017715093
1760635847178,-0.017256944,-0.016035212,0.017715093
1760635847182,-0.020922136,-0.017256944,0.018936822
1760635847183,-0.021991149,-0.012370021,0.018936822
1760635847186,-0.02565634,-0.0038179078,0.018936822
1760635847188,-0.031612277,0.0036651916,0.017715093
1760635847189,-0.04016439,0.013439035,0.017715093
1760635847192,-0.041233405,0.02443461,0.019089539
1760635847194,-0.04718934,0.03313944,0.019089539
1760635847196,-0.049480084,0.043982297,0.019089539
1760635847199,-0.048258353,0.04642576,0.021533
1760635847201,-0.048258353,0.04642576,0.02397646
1760635847203,-0.043218717,0.04642576,0.025198191
1760635847206,-0.040927973,0.04153884,0.027641652
1760635847208,-0.03726278,0.03772093,0.027641652
1760635847211,-0.032375857,0.034055736,0.031306844
1760635847212,-0.027488936,0.027947085,0.028863383
1760635847215,-0.026419923,0.021838432,0.032528576
1760635847217,-0.025198191,0.022907447,0.032528576
1760635847219,-0.022602014,0.027794369,0.033750303
1760635847221,-0.023823744,0.03390302,0.031306844
1760635847223,-0.02367103,0.038789943,0.027641652
1760635847226,-0.024892759,0.046120327,0.028863383
1760635847228,-0.022296581,0.053297993,0.026419923
1760635847230,-0.023365596,0.058184914,0.02397646
1760635847232,-0.022143865,0.061850104,0.021533
1760635847235,-0.019700404,0.061850104,0.021533
1760635847237,-0.016035212,0.05681047,0.021533
1760635847239,-0.012370021,0.054367006,0.019089539
1760635847241,-0.0076358155,0.044593163,0.019089539
1760635847244,-0.0053450707,0.03726278,0.016646078
1760635847245,7.6358154E-4,0.028710667,0.014202617
1760635847248,-6.1086525E-4,0.021380283,0.012980887
1760635847250,4.5814895E-4,0.016493361,0.011759156
1760635847252,0.0030543262,0.017715093,0.010537425
1760635847255,0.0018325958,0.017715093,0.010537425
1760635847257,-7.6358154E-4,0.016493361,0.008093964
1760635847259,-7.6358154E-4,0.016493361,0.004428773
1760635847261,-0.005497787,0.025198191,0.004428773
1760635847263,-0.0067195175,0.02397646,0.0056505036
1760635847266,-0.012980887,0.021533,0.0032070426
1760635847268,-0.011759156,0.021533,0.001985312
1760635847270,-0.009315695,0.014202617,0.0018325958
1760635847272,-0.008246681,0.011759156,0.0030543262
1760635847275,-0.009468411,0.00580322,0.0030543262
1760635847277,-0.004581489,7.6358154E-4,0.004276057
1760635847279,-0.0022907446,-0.0053450707,0.0067195175
1760635847282,-0.0036651916,-0.012675454,0.007941248
1760635847284,0.0,-0.017562376,0.01038471
1760635847286,-1.5271631E-4,-0.02367103,0.01160644
1760635847288,-0.0038179078,-0.027183503,0.01160644
1760635847291,-0.0025961774,-0.023518313,0.01160644
1760635847293,-0.0012217305,-0.021227567,0.01282817
1760635847295,-0.004886922,-0.014966198,0.01282817
1760635847298,-0.008552114,-0.010079277,0.01282817
1760635847300,-0.008399397,-0.006414085,0.014049901
1760635847302,-0.008399397,-0.0027488936,0.015271631
1760635847304,-0.010842858,-3.0543262E-4,0.014049901
1760635847307,-0.0071776668,-0.0016798794,0.014049901
1760635847308,-0.0033597588,-4.5814895E-4,0.014049901
1760635847311,1.5271631E-4,-0.0041233404,0.016493361
1760635847313,0.0025961774,-0.010231993,0.017715093
1760635847316,0.007330383,-0.018936822,0.016493361
1760635847318,0.009773844,-0.023823744,0.016493361
1760635847320,0.010995574,-0.027488936,0.016493361
1760635847322,0.010842858,-0.031154128,0.016493361
1760635847325,0.0096211275,-0.028710667,0.015271631
1760635847327,0.0071776668,-0.02611449,0.014049901
1760635847329,0.007330383,-0.02611449,0.015271631
1760635847332,0.004886922,-0.018784106,0.01160644
1760635847334,0.004886922,-0.018784106,0.01160644
1760635847337,0.0025961774,-0.012675454,0.01160644
1760635847339,0.0038179078,-0.009010263,0.009162978
1760635847341,0.0050396384,-0.01038471,0.01038471
1760635847343,0.0050396384,-0.012675454,0.01282817
1760635847345,0.007330383,-0.017715093,0.014049901
1760635847348,0.007330383,-0.02367103,0.014049901
1760635847349,0.008552114,-0.02611449,0.015271631
1760635847352,0.005955936,-0.033444874,0.015271631
1760635847354,0.0071776668,-0.031001411,0.015271631
1760635847356,0.0035124752,-0.031001411,0.015271631
1760635847359,0.0010690142,-0.02733622,0.014049901
1760635847362,-0.0013744468,-0.024740042,0.01160644
1760635847364,-0.0013744468,-0.022449298,0.01038471
1760635847365,-0.002443461,-0.017562376,0.01038471
1760635847368,-0.004886922,-0.014966198,0.01160644
1760635847369,-0.004886922,-0.016187929,0.009162978
1760635847372,-0.004886922,-0.016187929,0.01038471
1760635847374,-0.0012217305,-0.020005837,0.009162978
1760635847376,-0.0038179078,-0.023518313,0.01038471
1760635847378,-0.0050396384,-0.025961773,0.009162978
1760635847381,-1.5271631E-4,-0.027183503,0.007941248
1760635847383,-0.0013744468,-0.028405234,0.007941248
1760635847385,-0.0025961774,-0.025961773,0.009162978
1760635847388,-0.0050396384,-0.025961773,0.005497787
1760635847391,-0.0050396384,-0.025961773,0.007941248
1760635847392,-0.0062613687,-0.022296581,0.005497787
1760635847394,-0.00870483,-0.01863139,0.0030543262
1760635847397,-0.012217305,-0.011301007,0.0018325958
1760635847399,-0.010995574,-0.0076358155,0.0018325958
1760635847402,-0.008399397,-0.006414085,0.0030543262
1760635847404,-0.010842858,-0.003970624,6.1086525E-4
1760635847406,-0.010842858,-0.003970624,0.0018325958
1760635847408,-0.008399397,-0.003970624,0.0030543262
1760635847411,-0.010995574,-0.0076358155,0.005497787
1760635847412,-0.013439035,-0.010079277,0.0067195175
1760635847415,-0.008552114,-0.011301007,0.007941248
1760635847417,-0.008552114,-0.016187929,0.009162978
1760635847420,-0.008552114,-0.01740966,0.009162978
1760635847422,-0.00870483,-0.02107485,0.01160644
1760635847424,-0.004886922,-0.01985312,0.016493361
1760635847426,-0.007483099,-0.022296581,0.014049901
1760635847429,-0.011148291,-0.01985312,0.015271631
1760635847431,-0.012370021,-0.019700404,0.016493361
1760635847433,-0.009773844,-0.013744468,0.01282817
1760635847435,-0.012217305,-0.008857546,0.01282817
1760635847438,-0.012064588,-0.003970624,0.01038471
1760635847440,-0.013286319,-0.005192355,0.009162978
1760635847442,-0.012064588,-0.003970624,0.009162978
1760635847444,-0.012064588,-0.003970624,0.009162978
1760635847447,-0.013439035,-0.006414085,0.005497787
1760635847449,-0.010995574,-0.010079277,0.0030543262
1760635847451,-0.012217305,-0.014813482,6.1086525E-4
1760635847453,-0.016035212,-0.016035212,-0.0030543262
1760635847456,-0.016035212,-0.016035212,-0.0030543262
1760635847458,-0.014813482,-0.019700404,-0.005497787
1760635847460,-0.016035212,-0.018478673,-0.009162978
1760635847463,-0.017256944,-0.018478673,-0.01282817
1760635847465,-0.00992656,-0.014966198,-0.015271631
1760635847467,-0.007330383,-0.0125227375,-0.015271631
1760635847468,-0.007330383,-0.006414085,-0.021380283
1760635847471,-0.0047342055,-0.003970624,-0.021380283
1760635847473,0.0013744468,-4.5814895E-4,-0.021380283
1760635847475,0.0050396384,-0.0018325958,-0.022602014
1760635847478,0.012370021,-0.004276057,-0.023823744
1760635847480,0.01740966,-0.0056505036,-0.026267206
1760635847482,0.024740042,-0.009315695,-0.022602014
1760635847485,0.029626964,-0.0106901415,-0.025045475
1760635847487,0.03191771,-0.013133603,-0.025045475
1760635847489,0.03313944,-0.013133603,-0.026267206
1760635847491,0.029626964,-0.0070249503,-0.026267206
1760635847494,0.02977968,-9.162979E-4,-0.027488936
1760635847496,0.028710667,0.010079277,-0.028710667
1760635847498,0.027488936,0.01985312,-0.028710667
1760635847500,0.02275473,0.030848695,-0.02855795
1760635847503,0.020463986,0.03573562,-0.02855795
1760635847505,0.021685716,0.04046982,-0.02733622
1760635847507,0.023060163,0.045356743,-0.02611449
1760635847511,0.021838432,0.046578474,-0.02367103
1760635847513,0.024281893,0.045356743,-0.02611449
1760635847514,0.027794369,0.038026363,-0.022449298
1760635847517,0.0290161,0.030695979,-0.020005837
1760635847519,0.027794369,0.028252518,-0.015118915
1760635847521,0.030085113,0.020922136,-0.012675454
1760635847523,0.026267206,0.016187929,-0.012675454
1760635847525,0.026267206,0.013744468,-0.0065668016
1760635847528,0.025045475,0.013744468,-0.0065668016
1760635847530,0.020158553,0.014966198,-0.0053450707
1760635847532,0.015271631,0.015118915,-0.00290161
1760635847535,0.01160644,0.020005837,-0.0053450707
1760635847537,0.0067195175,0.02367103,-0.00290161
1760635847539,0.0032070426,0.028710667,-0.0016798794
1760635847541,7.6358154E-4,0.03359759,0.001985312
1760635847543,-0.0053450707,0.031154128,0.0032070426
1760635847546,-0.005497787,0.029932396,0.0032070426
1760635847547,-0.009162978,0.025198191,0.006872234
1760635847550,-0.009315695,0.02031127,0.008093964
1760635847552,-0.011759156,0.0154243475,0.009315695
1760635847555,-0.011911872,0.008246681,0.007941248
1760635847557,-0.01450805,0.0033597588,0.007941248
1760635847559,-0.017104227,-0.0050396384,0.0067195175
1760635847562,-0.02076942,-0.00870483,0.009162978
1760635847564,-0.02076942,-0.00992656,0.007941248
1760635847566,-0.022143865,-0.014813482,0.009162978
1760635847568,-0.024587326,-0.018325957,0.009162978
1760635847571,-0.027030786,-0.017104227,0.007941248
1760635847573,-0.029626964,-0.021991149,0.0067195175
1760635847575,-0.030848695,-0.024281893,0.0067195175
1760635847577,-0.032070424,-0.024281893,0.0067195175
1760635847580,-0.02855795,-0.030390546,0.004276057
1760635847582,-0.02733622,-0.029168816,-6.1086525E-4
1760635847584,-0.02611449,-0.0364992,-6.1086525E-4
1760635847586,-0.02733622,-0.0364992,-0.0018325958
1760635847589,-0.024892759,-0.035277467,-0.004276057
1760635847591,-0.02855795,-0.0364992,-0.0067195175
1760635847593,-0.031001411,-0.035277467,-0.005497787
1760635847596,-0.02733622,-0.0364992,-0.005497787
1760635847598,-0.02733622,-0.035277467,-0.0030543262
1760635847600,-0.02611449,-0.035277467,-0.005497787
1760635847602,-0.02367103,-0.036651913,-0.004276057
1760635847604,-0.021227567,-0.035430185,-0.005497787
1760635847607,-0.022449298,-0.036651913,-0.0030543262
1760635847610,-0.02367103,-0.030543262,-6.1086525E-4
1760635847612,-0.022296581,-0.029321533,-6.1086525E-4
1760635847614,-0.01985312,-0.02687807,0.004276057
1760635847616,-0.01863139,-0.025809057,0.005497787
1760635847618,-0.014813482,-0.024587326,0.01038471
1760635847620,-0.013591751,-0.024587326,0.01160644
1760635847623,-0.00992656,-0.023518313,0.015271631
1760635847625,-0.00870483,-0.024740042,0.020158553
1760635847627,-0.0062613687,-0.024740042,0.023823744
1760635847629,-0.004886922,-0.02107485,0.027488936
1760635847631,-0.007483099,-0.022296581,0.026267206
1760635847634,-0.0061086523,-0.02107485,0.032375857
1760635847636,-0.007330383,-0.02107485,0.031154128
1760635847638,-0.008552114,-0.013744468,0.031154128
1760635847641,-0.007330383,-0.016187929,0.032375857
1760635847644,-0.008552114,-0.016187929,0.031154128
1760635847645,-0.012217305,-0.011301007,0.032375857
1760635847647,-0.010995574,-0.014966198,0.031154128
1760635847649,-0.014660766,-0.016035212,0.031154128
1760635847653,-0.013591751,-0.019700404,0.029932396
1760635847654,-0.00992656,-0.02107485,0.027488936
1760635847656,-0.012370021,-0.02107485,0.026267206
1760635847659,-0.016035212,-0.019700404,0.026267206
1760635847661,-0.017104227,-0.016035212,0.025045475
1760635847663,-0.022143865,-0.016035212,0.022602014
1760635847665,-0.023365596,-0.014813482,0.020158553
1760635847667,-0.02565634,-0.010995574,0.018936822
1760635847670,-0.02687807,-0.0061086523,0.017715093
1760635847672,-0.02687807,-0.0036651916,0.016493361
1760635847675,-0.028099801,-0.002443461,0.014049901
1760635847677,-0.03176499,-0.0012217305,0.01160644
1760635847679,-0.025503624,-1.5271631E-4,0.01160644
1760635847681,-0.02565634,-0.0013744468,0.01160644
1760635847683,-0.02565634,-0.007330383,0.01038471
1760635847685,-0.021991149,-0.00992656,0.01038471
1760635847687,-0.02076942,-0.012370021,0.01038471
1760635847690,-0.014813482,-0.017256944,0.01038471
1760635847692,-0.017256944,-0.018478673,0.01038471
1760635847695,-0.014660766,-0.014813482,0.009162978
1760635847696,-0.013439035,-0.010079277,0.01160644
1760635847699,-0.014660766,-0.006414085,0.01160644
1760635847701,-0.013286319,-0.0015271631,0.007941248
1760635847703,-0.012064588,0.0021380284,0.007941248
1760635847706,-0.0106901415,0.0070249503,0.004276057
1760635847708,-0.0056505036,0.012980887,0.004276057
1760635847710,-0.006872234,0.01786781,0.0018325958
1760635847712,-0.001985312,0.017715093,-4.5814895E-4
1760635847715,-7.6358154E-4,0.017715093,-0.0016798794
1760635847717,0.0030543262,0.018936822,-0.0016798794
1760635847719,0.007788532,0.015271631,-0.004276057
1760635847721,0.009010263,0.015118915,-0.005497787
1760635847724,0.011453724,0.010231993,-0.007941248
1760635847726,0.012675454,0.009010263,-0.009162978
1760635847728,0.013897184,0.007788532,-0.01038471
1760635847730,0.012675454,0.0065668016,-0.01160644
1760635847732,0.012675454,0.009010263,-0.01160644
1760635847735,0.011453724,0.013897184,-0.01160644
1760635847736,0.01038471,0.017562376,-0.01160644
1760635847739,0.009162978,0.017562376,-0.01282817
1760635847741,0.00290161,0.018936822,-0.01282817
1760635847743,0.0030543262,0.023823744,-0.015271631
1760635847746,0.004276057,0.023823744,-0.016493361
1760635847748,0.007941248,0.017715093,-0.018936822
1760635847750,0.007788532,0.016493361,-0.017715093
1760635847752,0.012675454,0.013897184,-0.015271631
1760635847754,0.016340645,0.009010263,-0.01282817
1760635847757,0.010231993,0.009162978,-0.01160644
1760635847759,0.013744468,4.5814895E-4,-0.01282817
1760635847761,0.013744468,-7.6358154E-4,-0.01038471
1760635847764,0.011301007,0.0018325958,-0.01282817
1760635847766,0.008857546,6.1086525E-4,-0.0067195175
1760635847768,0.003970624,0.0030543262,-0.009162978
1760635847770,3.0543262E-4,0.004428773,-0.009162978
1760635847773,-0.004581489,0.0056505036,-0.009162978
1760635847775,-0.0021380284,0.009315695,-0.01038471
1760635847777,-0.0033597588,0.010537425,-0.007941248
1760635847779,-0.0070249503,0.008093964,-0.009162978
1760635847782,-0.008246681,0.012980887,-0.009162978
1760635847784,-0.00580322,0.006872234,-0.01038471
1760635847786,-0.008399397,-3.0543262E-4,-0.01038471
1760635847788,-0.0047342055,-0.0076358155,-0.007941248
1760635847791,-0.0036651916,-0.016187929,-0.0067195175
1760635847793,-0.0013744468,-0.023518313,-0.005497787
1760635847795,-3.0543262E-4,-0.030848695,-0.0030543262
1760635847797,0.0033597588,-0.036957346,-0.004276057
1760635847801,0.0032070426,-0.04184427,-0.004276057
1760635847802,0.004428773,-0.043066,-0.004276057
1760635847804,-3.0543262E-4,-0.038179077,-0.0067195175
1760635847806,-0.0015271631,-0.030848695,-0.01038471
1760635847809,-0.0025961774,-0.027183503,-0.01160644
1760635847811,-0.0062613687,-0.023518313,-0.01282817
1760635847813,-0.0062613687,-0.01985312,-0.014049901
1760635847816,-0.007483099,-0.01863139,-0.015271631
1760635847818,-0.0038179078,-0.023518313,-0.014049901
1760635847820,-0.0013744468,-0.023518313,-0.01282817
1760635847823,0.0022907446,-0.029626964,-0.014049901
1760635847825,0.004581489,-0.033444874,-0.014049901
1760635847827,0.0070249503,-0.035888333,-0.014049901
1760635847829,0.008246681,-0.039553523,-0.01282817
1760635847831,0.0056505036,-0.04550946,-0.01282817
1760635847834,0.008246681,-0.039553523,-0.01282817
1760635847836,0.008246681,-0.035888333,-0.01282817
1760635847839,0.0033597588,-0.031001411,-0.01282817
1760635847841,0.0010690142,-0.022449298,-0.014049901
1760635847843,0.0012217305,-0.015118915,-0.01282817
1760635847845,1.5271631E-4,-0.0065668016,-0.01282817
1760635847847,1.5271631E-4,-0.0053450707,-0.01038471
1760635847849,1.5271631E-4,-0.0053450707,-0.01038471
1760635847852,0.0025961774,-0.009010263,-0.01038471
1760635847854,0.009773844,-0.018936822,-0.0067195175
1760635847856,0.01695151,-0.028710667,-0.004276057
1760635847859,0.023060163,-0.03970624,-0.004276057
1760635847861,0.025198191,-0.051923547,-0.004276057
1760635847863,0.03268129,-0.054519724,-0.004276057
1760635847865,0.031306844,-0.056963183,-0.004276057
1760635847868,0.03145956,-0.05207626,-0.004276057
1760635847870,0.031612277,-0.04230242,-0.004276057
1760635847872,0.029321533,-0.032528576,-0.009162978
1760635847874,0.02565634,-0.02275473,-0.01038471
1760635847876,0.019700404,-0.016646078,-0.01282817
1760635847879,0.014813482,-0.009162978,-0.01038471
1760635847881,0.00992656,-0.0067195175,-0.007941248
1760635847884,0.007483099,-0.009162978,-0.009162978
1760635847886,0.0025961774,-0.010231993,-0.007941248
1760635847888,0.0012217305,-0.016340645,-0.007941248
1760635847891,-1.5271631E-4,-0.02107485,-0.01160644
1760635847892,-0.0025961774,-0.02107485,-0.009162978
1760635847895,-0.0025961774,-0.023518313,-0.005497787
1760635847897,-0.0076358155,-0.027183503,-0.004276057
1760635847899,-0.011301007,-0.027030786,-0.0018325958
1760635847901,-0.010079277,-0.027030786,-0.0030543262
1760635847904,-0.011301007,-0.025809057,-0.004276057
1760635847906,-0.013744468,-0.024587326,-0.0030543262
1760635847908,-0.016187929,-0.024587326,-0.0067195175
1760635847911,-0.016035212,-0.016035212,-0.0067195175
1760635847913,-0.017104227,-0.012370021,-0.0067195175
1760635847915,-0.015882496,-0.012370021,-0.0030543262
1760635847917,-0.014660766,-0.011148291,-0.004276057
1760635847920,-0.013439035,-0.006414085,-0.005497787
1760635847922,-0.014660766,-0.003970624,-0.005497787
1760635847924,-0.01450805,0.0021380284,-0.0018325958
1760635847927,-0.0106901415,0.004581489,-0.0018325958
1760635847929,-0.009468411,0.012980887,-0.007941248
1760635847931,-0.009315695,0.021533,-0.004276057
1760635847933,-0.009162978,0.030085113,-0.00290161
1760635847936,-0.0053450707,0.03726278,-0.0041233404
1760635847938,-0.005192355,0.04337143,-4.5814895E-4
1760635847940,-0.0025961774,0.050549097,-0.0016798794
1760635847942,0.0022907446,0.05665775,7.6358154E-4
1760635847945,0.0061086523,0.061391957,0.001985312
1760635847947,0.012370021,0.06612616,0.0032070426
1760635847950,0.02076942,0.056352317,0.0056505036
1760635847952,0.025809057,0.056199603,0.006872234
1760635847953,0.039095376,0.04627304,0.006872234
1760635847956,0.043982297,0.04138612,0.0032070426
1760635847958,0.05009095,0.03634648,0.001985312
1760635847960,0.05497787,0.03390302,0.001985312
1760635847963,0.062308256,0.032528576,7.6358154E-4
1760635847965,0.064751714,0.031306844,0.001985312
1760635847968,0.064751714,0.033750303,0.001985312
1760635847969,0.065973446,0.032528576,7.6358154E-4
1760635847971,0.06352998,0.037415497,-4.5814895E-4
1760635847974,0.05879578,0.04230242,-0.0016798794
1760635847976,0.05390886,0.046120327,-0.0065668016
1760635847978,0.04886922,0.046120327,-0.007788532
1760635847981,0.04153884,0.049938235,-0.011453724
1760635847983,0.039095376,0.051159963,-0.010231993
1760635847985,0.040317107,0.049938235,-0.012675454
1760635847987,0.039095376,0.043829583,-0.013897184
1760635847990,0.03894266,0.034208454,-0.012675454
1760635847992,0.040011674,0.02565634,-0.011453724
1760635847995,0.041080687,0.015882496,-0.011453724
1760635847996,0.04337143,0.004886922,-0.007788532
1760635847999,0.041996986,-0.005955936,-0.005497787
1760635848001,0.04428773,-0.01817324,-0.004276057
1760635848003,0.044135015,-0.023060163,-6.1086525E-4
1760635848005,0.044135015,-0.025503624,-6.1086525E-4
1760635848008,0.03924809,-0.021838432,-0.0018325958
1760635848009,0.036957346,-0.01572978,6.1086525E-4
1760635848011,0.030848695,-0.0070249503,0.0030543262
1760635848014,0.026267206,0.006414085,0.004428773
1760635848016,0.02397646,0.01740966,0.006872234
1760635848019,0.02275473,0.023518313,0.008093964
1760635848022,0.025350908,0.027030786,0.010537425
1760635848024,0.026572637,0.029474247,0.014202617
1760635848026,0.0290161,0.03191771,0.01786781
1760635848028,0.03390302,0.02687807,0.021533
1760635848030,0.037415497,0.014660766,0.026419923
1760635848032,0.041080687,0.009773844,0.030085113
1760635848035,0.04352415,0.004886922,0.034972034
1760635848037,0.047036625,-0.0036651916,0.036193766
1760635848039,0.047036625,-0.0061086523,0.03863723
1760635848041,0.045662176,-0.008552114,0.039858956
1760635848044,0.044593163,-0.0061086523,0.04230242
1760635848046,0.040927973,-0.004886922,0.044745877
1760635848049,0.03848451,-0.0036651916,0.04718934
1760635848050,0.03359759,0.0025961774,0.049632803
1760635848053,0.03359759,0.0038179078,0.04841107
1760635848055,0.031154128,-0.0010690142,0.04718934
1760635848058,0.031001411,-0.0022907446,0.04841107
1760635848059,0.02611449,-0.0033597588,0.044745877
1760635848062,0.02733622,-0.008246681,0.044745877
1760635848064,0.027183503,-0.015577064,0.044745877
1760635848066,0.025809057,-0.025350908,0.04337143
1760635848069,0.024587326,-0.027641652,0.04337143
1760635848071,0.02443461,-0.033750303,0.0421497
1760635848073,0.019547688,-0.034972034,0.0421497
1760635848075,0.01817324,-0.03970624,0.040927973
1760635848077,0.009468411,-0.040775254,0.040927973
1760635848080,0.008246681,-0.041996986,0.03848451
1760635848082,0.0021380284,-0.037110064,0.03848451
1760635848084,-1.5271631E-4,-0.032223143,0.03604105
1760635848087,-0.0013744468,-0.02733622,0.03726278
1760635848089,-0.0038179078,-0.024740042,0.03970624
1760635848091,-0.0036651916,-0.020005837,0.03848451
1760635848093,-0.0036651916,-0.018784106,0.040927973
1760635848096,-0.0012217305,-0.017562376,0.040927973
1760635848098,0.0012217305,-0.018784106,0.0421497
1760635848100,0.002443461,-0.018784106,0.044593163
1760635848103,0.0012217305,-0.021227567,0.045814894
1760635848105,0.002443461,-0.022449298,0.047036625
1760635848107,0.002443461,-0.022449298,0.048258353
1760635848109,0.0013744468,-0.015118915,0.047036625
1760635848111,-0.0047342055,-0.010231993,0.049632803
1760635848114,-0.0071776668,-0.0041233404,0.04718934
1760635848116,-0.008093964,0.009315695,0.04718934
1760635848119,-0.011759156,0.01786781,0.04718934
1760635848121,-0.014049901,0.027641652,0.04718934
1760635848123,-0.013897184,0.032528576,0.04718934
1760635848125,-0.009010263,0.03604105,0.04596761
1760635848127,-0.011453724,0.03726278,0.04596761
1760635848130,-0.009010263,0.03604105,0.044745877
1760635848132,-0.005192355,0.03970624,0.04596761
1760635848134,-0.005192355,0.0421497,0.044745877
1760635848136,-3.0543262E-4,0.039553523,0.04596761
1760635848139,0.0021380284,0.040775254,0.04352415
1760635848141,0.0033597588,0.040775254,0.044745877
1760635848143,0.005955936,0.04184427,0.04352415
1760635848145,0.0096211275,0.04550946,0.04230242
1760635848147,0.010995574,0.050396383,0.04230242
1760635848150,0.014660766,0.05513059,0.039858956
1760635848153,0.017256944,0.06001751,0.03863723
1760635848155,0.022296581,0.065973446,0.036193766
1760635848157,0.025961773,0.07192938,0.033750303
1760635848159,0.02977968,0.07315111,0.033750303
1760635848161,0.037110064,0.07544186,0.032528576
1760635848163,0.043218717,0.0693332,0.030085113
1760635848165,0.05299256,0.066737026,0.031306844
1760635848168,0.05787948,0.06291912,0.030085113
1760635848170,0.0627664,0.05681047,0.028863383
1760635848173,0.06994407,0.050701816,0.026419923
1760635848175,0.076052725,0.046883907,0.025198191
1760635848177,0.082161374,0.04550946,0.02275473
1760635848179,0.082161374,0.04550946,0.02031127
1760635848181,0.08582657,0.046731193,0.01786781
1760635848184,0.08460484,0.046731193,0.012980887
1760635848186,0.088422745,0.04917465,0.008093964
1760635848188,0.087201014,0.04917465,0.0056505036
1760635848190,0.08582657,0.046731193,7.6358154E-4
1760635848193,0.08827003,0.04184427,-4.5814895E-4
1760635848195,0.08933904,0.036957346,-0.00290161
1760635848197,0.087964594,0.02733622,-0.007788532
1760635848199,0.09025534,0.017562376,-0.009010263
1760635848202,0.087659165,0.0053450707,-0.011453724
1760635848204,0.08750644,-6.1086525E-4,-0.015118915
1760635848206,0.08368854,-0.009162978,-0.017715093
1760635848208,0.0786489,-0.016340645,-0.017715093
1760635848211,0.07620544,-0.015118915,-0.018936822
1760635848213,0.07498371,-0.014966198,-0.025045475
1760635848215,0.06765333,-0.01740966,-0.025045475
1760635848218,0.0627664,-0.012370021,-0.027488936
1760635848220,0.058948494,-0.014813482,-0.029932396
1760635848222,0.056505036,-0.014660766,-0.032375857
1760635848224,0.056505036,-0.015882496,-0.031154128
1760635848226,0.061391957,-0.022143865,-0.031154128
1760635848228,0.063682705,-0.028252518,-0.029932396
1760635848232,0.06612616,-0.0355829,-0.032375857
1760635848234,0.073303826,-0.042913284,-0.029932396
1760635848235,0.07452556,-0.049021937,-0.028710667
1760635848237,0.076816306,-0.056352317,-0.028710667
1760635848240,0.07925977,-0.06001751,-0.026267206
1760635848242,0.0804815,-0.060170226,-0.027488936
1760635848244,0.08170322,-0.061391957,-0.023823744
1760635848246,0.0842994,-0.055283304,-0.022602014
1760635848248,0.081855945,-0.054061573,-0.023823744
1760635848251,0.0842994,-0.046731193,-0.022602014
1760635848253,0.08445212,-0.039553523,-0.022602014
1760635848255,0.08689558,-0.038331795,-0.022602014
1760635848257,0.090713486,-0.03481932,-0.022602014
1760635848260,0.089491755,-0.033444874,-0.021380283
1760635848262,0.09437868,-0.03481932,-0.021380283
1760635848264,0.09682214,-0.03970624,-0.020158553
1760635848266,0.09789115,-0.048258353,-0.017715093
1760635848269,0.10140363,-0.055588737,-0.017715093
1760635848271,0.10629055,-0.06414085,-0.015271631
1760635848273,0.10369437,-0.07147124,-0.016493361
1760635848275,0.1049161,-0.07513642,-0.01282817
1760635848277,0.10354166,-0.08002335,-0.014049901
1760635848280,0.09865474,-0.08109236,-0.01282817
1760635848282,0.09010262,-0.074830994,-0.015271631
1760635848284,0.08399397,-0.0711658,-0.016493361
1760635848287,0.07803804,-0.063682705,-0.014049901
1760635848289,0.07315111,-0.05879578,-0.014049901
1760635848291,0.068264194,-0.05390886,-0.015271631
1760635848294,0.06093381,-0.05009095,-0.015271631
1760635848296,0.057268616,-0.05131268,-0.014049901
1760635848298,0.05222898,-0.056046885,-0.016493361
1760635848300,0.048563786,-0.0571159,-0.014049901
1760635848302,0.04718934,-0.06811147,-0.015271631
1760635848304,0.0421497,-0.07284568,-0.016493361
1760635848307,0.0346666,-0.076358154,-0.015271631
1760635848309,0.02855795,-0.08002335,-0.015271631
1760635848311,0.021227567,-0.07620544,-0.01038471
1760635848313,0.012675454,-0.07360926,-0.01038471
1760635848316,0.00290161,-0.06490443,-0.009162978
1760635848318,-0.004428773,-0.05879578,-0.0067195175
1760635848320,-0.011759156,-0.056199603,-0.0067195175
1760635848323,-0.018936822,-0.04642576,-0.0067195175
1760635848325,-0.022602014,-0.040317107,-0.0030543262
1760635848327,-0.028710667,-0.04138612,-0.004276057
1760635848329,-0.031154128,-0.03894266,-0.0030543262
1760635848331,-0.029932396,-0.03772093,-0.0018325958
1760635848334,-0.031154128,-0.04138612,-6.1086525E-4
1760635848336,-0.032528576,-0.04734206,-0.0030543262
1760635848338,-0.028710667,-0.047494773,-6.1086525E-4
1760635848340,-0.027641652,-0.051159963,6.1086525E-4
1760635848343,-0.028863383,-0.049938235,0.0018325958
1760635848345,-0.027641652,-0.049938235,0.005497787
1760635848347,-0.027488936,-0.047494773,0.0030543262
1760635848350,-0.029932396,-0.04016439,0.0030543262
1760635848352,-0.02977968,-0.031612277,-6.1086525E-4
1760635848354,-0.029626964,-0.023060163,6.1086525E-4
1760635848356,-0.03191771,-0.013286319,0.0018325958
1760635848360,-0.029321533,-0.0061086523,0.0018325958
1760635848361,-0.029321533,0.0012217305,0.0030543262
1760635848363,-0.029168816,0.007330383,0.0030543262
1760635848366,-0.026572637,0.010842858,0.0030543262
1760635848368,-0.021685716,0.01450805,0.0018325958
1760635848370,-0.020463986,0.016798794,6.1086525E-4
1760635848372,-0.01786781,0.016798794,6.1086525E-4
1760635848375,-0.014202617,0.018020526,0.0018325958
1760635848377,-0.011759156,0.021533,0.0032070426
1760635848379,-0.009162978,0.02275473,0.004428773
1760635848381,-0.007941248,0.02275473,0.0056505036
1760635848383,-0.009162978,0.02397646,0.006872234
1760635848386,-0.01282817,0.027641652,0.010537425
1760635848388,-0.015271631,0.033750303,0.010537425
1760635848390,-0.016340645,0.036193766,0.011759156
1760635848393,-0.021227567,0.040011674,0.014202617
1760635848395,-0.024892759,0.04734206,0.0154243475
1760635848397,-0.025961773,0.049785517,0.01786781
1760635848400,-0.028405234,0.05222898,0.01786781
1760635848402,-0.030848695,0.05589417,0.01786781
1760635848404,-0.03313944,0.06078109,0.021533
1760635848406,-0.030848695,0.05589417,0.021533
1760635848408,-0.033292156,0.05467244,0.02031127
1760635848411,-0.036957346,0.052381694,0.02397646
1760635848413,-0.035888333,0.049938235,0.02275473
1760635848415,-0.039553523,0.04627304,0.02031127
1760635848417,-0.045662176,0.04886922,0.02275473
1760635848420,-0.050701816,0.047647487,0.021533
1760635848422,-0.055588737,0.049021937,0.019089539
1760635848424,-0.06169739,0.05390886,0.016646078
1760635848427,-0.06658431,0.056505036,0.016646078
1760635848429,-0.07009678,0.058948494,0.014202617
1760635848431,-0.07376198,0.060322944,0.0154243475
1760635848433,-0.07376198,0.060322944,0.0154243475
1760635848435,-0.07391469,0.059101213,0.014202617
1760635848438,-0.07147124,0.057726767,0.01786781
1760635848440,-0.07269296,0.05299256,0.019089539
1760635848442,-0.07040222,0.04444045,0.019089539
1760635848444,-0.06918049,0.039553523,0.02031127
1760635848447,-0.0693332,0.0346666,0.021533
1760635848449,-0.06688975,0.0346666,0.021533
1760635848451,-0.06811147,0.0346666,0.021533
1760635848453,-0.066737026,0.038179077,0.02275473
1760635848456,-0.066737026,0.04062254,0.021533
1760635848458,-0.06429356,0.03940081,0.02031127
1760635848460,-0.06414085,0.046731193,0.021533
1760635848462,-0.06291912,0.046731193,0.021533
1760635848465,-0.06414085,0.04795292,0.019089539
1760635848467,-0.0580322,0.047800206,0.02031127
1760635848469,-0.06169739,0.04550946,0.021533
1760635848472,-0.059406646,0.041691553,0.02275473
1760635848475,-0.055741455,0.038026363,0.021533
1760635848476,-0.053297993,0.03436117,0.021533
1760635848478,-0.05085453,0.03191771,0.02031127
1760635848480,-0.05207626,0.030695979,0.02397646
1760635848483,-0.049785517,0.027030786,0.02275473
1760635848485,-0.05207626,0.03191771,0.021533
1760635848487,-0.053297993,0.03313944,0.02275473
1760635848489,-0.05207626,0.03191771,0.025198191
1760635848492,-0.05207626,0.030695979,0.025198191
1760635848494,-0.049632803,0.029474247,0.02397646
1760635848497,-0.05100725,0.028252518,0.025198191
1760635848499,-0.05100725,0.024587326,0.02275473
1760635848501,-0.049938235,0.017256944,0.020158553
1760635848503,-0.043829583,0.016035212,0.018936822
1760635848505,-0.04138612,0.013591751,0.016493361
1760635848508,-0.0364992,0.008552114,0.015271631
1760635848510,-0.034055736,0.0036651916,0.015271631
1760635848512,-0.036651913,-0.0022907446,0.016493361
1760635848514,-0.03191771,-0.010995574,0.017715093
1760635848516,-0.03191771,-0.017104227,0.018936822
1760635848519,-0.027183503,-0.02565634,0.018936822
1760635848521,-0.024740042,-0.03176499,0.017715093
1760635848523,-0.024892759,-0.035430185,0.014049901
1760635848525,-0.02367103,-0.037873644,0.009162978
1760635848528,-0.024892759,-0.036651913,0.0067195175
1760635848530,-0.021227567,-0.034208454,0.0067195175
1760635848532,-0.018784106,-0.037873644,0.004276057
1760635848535,-0.016340645,-0.040317107,0.004276057
1760635848537,-0.012675454,-0.04520403,0.0018325958
1760635848539,-0.01282817,-0.05009095,6.1086525E-4
1760635848541,-0.009315695,-0.057421334,-0.0067195175
1760635848544,-0.008093964,-0.058643065,-0.01160644
1760635848546,-0.0056505036,-0.06001751,-0.015271631
1760635848548,-0.004428773,-0.06246097,-0.017715093
1760635848551,-0.00580322,-0.06719518,-0.021380283
1760635848553,-0.0070249503,-0.06841691,-0.02397646
1760635848555,-0.0070249503,-0.06719518,-0.026419923
1760635848557,-0.013133603,-0.065973446,-0.030085113
1760635848559,-0.015577064,-0.062155537,-0.034972034
1760635848562,-0.019242255,-0.058490347,-0.039858956
1760635848564,-0.019089539,-0.054825157,-0.04352415
1760635848566,-0.019089539,-0.049938235,-0.049632803
1760635848568,-0.019089539,-0.051159963,-0.049632803
1760635848571,-0.017715093,-0.04505131,-0.050701816
1760635848573,-0.02031127,-0.048716504,-0.055741455
1760635848575,-0.016493361,-0.04520403,-0.054519724
1760635848577,-0.01282817,-0.04520403,-0.056963183
1760635848580,-0.01282817,-0.04520403,-0.060628377
1760635848582,-0.01282817,-0.04520403,-0.06429356
1760635848584,-0.01282817,-0.037873644,-0.06536258
1760635848586,-0.012675454,-0.03176499,-0.06536258
1760635848588,-0.0125227375,-0.02565634,-0.06536258
1760635848592,-0.013744468,-0.018478673,-0.06536258
1760635848593,-0.014966198,-0.016035212,-0.06536258
1760635848595,-0.017256944,-0.010995574,-0.06291912
1760635848598,-0.016035212,-0.007483099,-0.06047566
1760635848600,-0.013439035,-1.5271631E-4,-0.06047566
1760635848602,-0.010842858,0.0021380284,-0.059253927
1760635848604,-0.0071776668,0.00580322,-0.0580322
1760635848607,-0.0035124752,0.006872234,-0.055588737
1760635848609,0.0027488936,0.0056505036,-0.055588737
1760635848611,0.005192355,0.007941248,-0.053145275
1760635848613,0.008857546,0.007941248,-0.051923547
1760635848615,0.011301007,0.005497787,-0.050701816
1760635848618,0.0125227375,0.0067195175,-0.049480084
1760635848620,0.010079277,0.009162978,-0.050701816
1760635848623,0.010231993,0.01282817,-0.049480084
1760635848624,0.0076358155,0.01160644,-0.051923547
1760635848627,0.0027488936,0.009315695,-0.049480084
1760635848629,0.0015271631,0.012980887,-0.051923547
1760635848632,-0.0021380284,0.014202617,-0.054367006
1760635848634,-0.0021380284,0.012980887,-0.05681047
1760635848636,-0.004581489,0.010537425,-0.0580322
1760635848638,-0.004581489,0.009468411,-0.06291912
1760635848641,-0.0022907446,0.006872234,-0.06414085
1760635848643,-0.004886922,-3.0543262E-4,-0.069027774
1760635848645,-0.007330383,-0.0027488936,-0.07269296
1760635848648,-0.011148291,-0.0062613687,-0.076358154
1760635848650,-0.013591751,-0.012370021,-0.07880162
1760635848652,-0.01740966,-0.015882496,-0.08246681
1760635848654,-0.01985312,-0.015882496,-0.086132
1760635848657,-0.02611449,-0.020616703,-0.089949906
1760635848659,-0.032223143,-0.018020526,-0.09483683
1760635848661,-0.035888333,-0.021685716,-0.0936151
1760635848664,-0.041996986,-0.01786781,-0.09605856
1760635848666,-0.04337143,-0.021533,-0.09850202
1760635848668,-0.048258353,-0.02031127,-0.10094548
1760635848670,-0.051923547,-0.020158553,-0.09972375
1760635848672,-0.051923547,-0.020158553,-0.10216721
1760635848675,-0.053145275,-0.018936822,-0.10094548
1760635848677,-0.05177083,-0.014049901,-0.10094548
1760635848679,-0.05299256,-0.01038471,-0.09850202
1760635848681,-0.05421429,-0.01038471,-0.09483683
1760635848684,-0.050549097,-0.006872234,-0.089949906
1760635848686,-0.050396383,-0.0032070426,-0.08979719
1760635848688,-0.04795292,-7.6358154E-4,-0.086132
1760635848690,-0.045356743,3.0543262E-4,-0.08368854
1760635848692,-0.041691553,0.0027488936,-0.07880162
1760635848695,-0.036651913,0.0062613687,-0.076358154
1760635848697,-0.035430185,0.007483099,-0.07147124
1760635848700,-0.030543262,0.009773844,-0.069027774
1760635848702,-0.025503624,0.015882496,-0.06536258
1760635848704,-0.021685716,0.01817324,-0.06047566
1760635848706,-0.018020526,0.020616703,-0.055588737
1760635848708,-0.014202617,0.022907447,-0.049480084
1760635848711,-0.010537425,0.026419923,-0.047036625
1760635848713,-0.009315695,0.025198191,-0.0421497
1760635848715,-0.0056505036,0.019089539,-0.03970624
1760635848717,-7.6358154E-4,0.016646078,-0.03604105
1760635848719,0.00290161,0.01160644,-0.032375857
1760635848722,4.5814895E-4,0.012980887,-0.032375857
1760635848724,-7.6358154E-4,0.0154243475,-0.032375857
1760635848727,0.0016798794,0.015271631,-0.031154128
1760635848729,-0.0021380284,0.011759156,-0.031154128
1760635848731,-0.004581489,0.010537425,-0.03359759
1760635848734,-0.0070249503,0.009468411,-0.03359759
1760635848737,-0.012064588,0.008246681,-0.03481932
1760635848738,-0.01450805,0.0035124752,-0.03604105
1760635848740,-0.017104227,-0.0025961774,-0.03604105
1760635848741,-0.024587326,-0.012217305,-0.03604105
1760635848744,-0.025961773,-0.018325957,-0.03726278
1760635848746,-0.032070424,-0.019394971,-0.03970624
1760635848749,-0.037110064,-0.025350908,-0.040927973
1760635848750,-0.03848451,-0.03145956,-0.04337143
1760635848753,-0.04352415,-0.036193766,-0.04352415
1760635848755,-0.04841107,-0.0421497,-0.044745877
1760635848757,-0.05100725,-0.047036625,-0.044745877
1760635848760,-0.05222898,-0.048258353,-0.04230242
1760635848762,-0.053450707,-0.047036625,-0.04596761
1760635848764,-0.05222898,-0.050701816,-0.04718934
1760635848766,-0.053603426,-0.055436023,-0.04718934
1760635848768,-0.048716504,-0.059253927,-0.04230242
1760635848771,-0.047494773,-0.055588737,-0.039858956
1760635848773,-0.041233405,-0.05085453,-0.041080687
1760635848775,-0.039858956,-0.04596761,-0.03863723
1760635848777,-0.036193766,-0.043676864,-0.037415497
1760635848780,-0.032375857,-0.038789943,-0.03726278
1760635848782,-0.032375857,-0.03634648,-0.032375857
1760635848785,-0.02855795,-0.03283401,-0.029932396
1760635848787,-0.02367103,-0.029321533,-0.023823744
1760635848789,-0.014966198,-0.028252518,-0.017715093
1760635848791,-0.011301007,-0.030695979,-0.016493361
1760635848793,-0.0076358155,-0.03313944,-0.01160644
1760635848796,-0.0025961774,-0.027183503,-0.007941248
1760635848798,0.0022907446,-0.024892759,-0.004276057
1760635848800,0.007330383,-0.021227567,-6.1086525E-4
1760635848803,0.012217305,-0.021380283,0.0018325958
1760635848805,0.017256944,-0.016646078,0.0018325958
1760635848807,0.018478673,-0.016646078,6.1086525E-4
1760635848809,0.027030786,-0.021533,0.0030543262
1760635848812,0.028252518,-0.02397646,0.004276057
1760635848814,0.034208454,-0.0290161,0.0067195175
1760635848816,0.035430185,-0.03390302,0.005497787
1760635848818,0.0364992,-0.040011674,0.005497787
1760635848820,0.03772093,-0.043676864,0.004276057
1760635848822,0.038789943,-0.049785517,0.004276057
1760635848825,0.035124753,-0.05207626,-0.0030543262
1760635848827,0.026572637,-0.051923547,-0.004276057
1760635848830,0.019089539,-0.050701816,-0.007941248
1760635848832,0.0143553335,-0.045662176,-0.01160644
1760635848834,0.00580322,-0.04062254,-0.015271631
1760635848837,-4.5814895E-4,-0.03940081,-0.020158553
1760635848839,-0.007788532,-0.0355829,-0.023823744
1760635848841,-0.011453724,-0.0355829,-0.026267206
1760635848843,-0.016340645,-0.037873644,-0.028710667
1760635848846,-0.016493361,-0.04153884,-0.031154128
1760635848848,-0.014049901,-0.047647487,-0.03359759
1760635848850,-0.01786781,-0.054825157,-0.036193766
1760635848852,-0.019242255,-0.05971208,-0.03863723
1760635848855,-0.020463986,-0.06337727,-0.041080687
1760635848857,-0.018020526,-0.06704246,-0.039858956
1760635848859,-0.019242255,-0.06582073,-0.03863723
1760635848861,-0.021838432,-0.06582073,-0.03863723
1760635848864,-0.020463986,-0.058490347,-0.041080687
1760635848866,-0.02031127,-0.052381694,-0.041080687
1760635848868,-0.017715093,-0.04642576,-0.03970624
1760635848871,-0.018936822,-0.039095376,-0.0421497
1760635848872,-0.018784106,-0.03176499,-0.040927973
1760635848874,-0.013744468,-0.025809057,-0.040927973
1760635848877,-0.011148291,-0.018478673,-0.03970624
1760635848879,-0.00870483,-0.013744468,-0.03848451
1760635848881,-0.0061086523,-0.010079277,-0.03726278
1760635848884,-0.0010690142,0.001985312,-0.03726278
1760635848886,0.003970624,0.0032070426,-0.03848451
1760635848888,0.003970624,0.004428773,-0.03481932
1760635848890,0.011301007,0.004276057,-0.032375857
1760635848893,0.016340645,0.007788532,-0.029932396
1760635848895,0.017562376,0.007788532,-0.029932396
1760635848898,0.017715093,0.015118915,-0.028710667
1760635848900,0.020158553,0.02107485,-0.027488936
1760635848902,0.019089539,0.027183503,-0.02855795
1760635848904,0.01786781,0.032070424,-0.02855795
1760635848906,0.019242255,0.03940081,-0.02733622
1760635848909,0.020616703,0.042913284,-0.02611449
1760635848911,0.01817324,0.04428773,-0.02611449
1760635848914,0.020616703,0.044135015,-0.02733622
1760635848916,0.020616703,0.044135015,-0.02855795
1760635848918,0.020463986,0.03940081,-0.02733622
1760635848920,0.021685716,0.03940081,-0.02855795
1760635848923,0.021685716,0.034513887,-0.02977968
1760635848924,0.024129177,0.0355829,-0.031001411
1760635848927,0.024129177,0.033292156,-0.0346666
1760635848929,0.021685716,0.034513887,-0.033444874
1760635848932,0.019242255,0.036957346,-0.0346666
1760635848934,0.016798794,0.036957346,-0.037110064
1760635848936,0.0143553335,0.04062254,-0.039553523
1760635848938,0.0106901415,0.040775254,-0.040775254
1760635848940,0.006872234,0.039553523,-0.040775254
1760635848943,0.0032070426,0.040927973,-0.043218717
1760635848945,7.6358154E-4,0.03970624,-0.044593163
1760635848947,0.004428773,0.03726278,-0.04337143
1760635848949,0.0030543262,0.031154128,-0.0421497
1760635848951,-6.1086525E-4,0.026267206,-0.0421497
1760635848954,-7.6358154E-4,0.023823744,-0.0421497
1760635848956,-0.0032070426,0.01786781,-0.03970624
1760635848958,-9.162979E-4,0.011759156,-0.03970624
1760635848960,3.0543262E-4,0.006872234,-0.03726278
1760635848963,0.0013744468,-0.0016798794,-0.03481932
1760635848965,1.5271631E-4,-0.0053450707,-0.031154128
1760635848968,-0.002443461,-0.011301007,-0.027488936
1760635848969,-0.0012217305,-0.013744468,-0.026267206
1760635848972,-0.0013744468,-0.01863139,-0.023823744
1760635848974,-0.0038179078,-0.02107485,-0.020158553
1760635848976,-0.007483099,-0.024740042,-0.015271631
1760635848979,-0.013744468,-0.023365596,-0.014049901
1760635848981,-0.016035212,-0.022143865,-0.01038471
1760635848983,-0.020922136,-0.018325957,-0.009162978
1760635848985,-0.020922136,-0.018325957,-0.007941248
1760635848987,-0.028405234,-0.018325957,-0.005497787
1760635848989,-0.03191771,-0.010995574,-0.0030543262
1760635848991,-0.038026363,-0.010842858,-0.0018325958
1760635848994,-0.042913284,-0.009468411,6.1086525E-4
1760635848997,-0.046731193,-0.0106901415,0.0018325958
1760635848999,-0.050396383,-0.0106901415,0.004276057
1760635849001,-0.052839845,-0.012980887,0.005497787
1760635849003,-0.051618114,-0.016646078,0.0067195175
1760635849006,-0.04932737,-0.021533,0.007941248
1760635849008,-0.04932737,-0.025198191,0.007941248
1760635849010,-0.045662176,-0.03023783,0.005497787
1760635849012,-0.040775254,-0.03268129,0.005497787
1760635849015,-0.03848451,-0.035124753,0.0067195175
1760635849017,-0.038331795,-0.03145956,0.004276057
1760635849019,-0.039553523,-0.027794369,0.004276057
1760635849021,-0.03940081,-0.022907447,0.0030543262
1760635849024,-0.038026363,-0.012064588,6.1086525E-4
1760635849025,-0.037873644,-0.0022907446,6.1086525E-4
1760635849028,-0.03772093,0.009773844,6.1086525E-4
1760635849031,-0.03772093,0.014660766,-6.1086525E-4
1760635849032,-0.03634648,0.021991149,-6.1086525E-4
1760635849035,-0.034972034,0.02565634,-6.1086525E-4
1760635849037,-0.028863383,0.029168816,0.001985312
1760635849039,-0.025045475,0.03023783,7.6358154E-4
1760635849041,-0.017715093,0.0290161,0.004428773
1760635849043,-0.01038471,0.027641652,0.009315695
1760635849046,-0.005497787,0.025045475,0.012980887
1760635849048,0.004276057,0.021380283,0.011759156
1760635849050,0.007941248,0.021227567,0.012980887
1760635849052,0.014202617,0.02107485,0.0154243475
1760635849056,0.01786781,0.022296581,0.0154243475
1760635849058,0.02275473,0.023365596,0.019089539
1760635849059,0.025350908,0.027030786,0.02031127
1760635849061,0.021685716,0.029474247,0.019089539
1760635849064,0.022907447,0.03313944,0.02275473
1760635849066,0.022907447,0.03191771,0.02397646
1760635849068,0.022907447,0.03191771,0.02397646
1760635849071,0.020463986,0.03313944,0.02397646
1760635849074,0.019242255,0.03191771,0.026419923
1760635849075,0.015577064,0.030848695,0.027641652
1760635849077,0.016798794,0.028405234,0.030085113
1760635849080,0.0154243475,0.02107485,0.031306844
1760635849082,0.01038471,0.017562376,0.031306844
1760635849085,0.007941248,0.015118915,0.031306844
1760635849087,0.00290161,0.01038471,0.031306844
1760635849088,4.5814895E-4,0.007941248,0.030085113
1760635849091,-7.6358154E-4,0.005497787,0.027641652
1760635849093,-0.00580322,0.0032070426,0.027641652
1760635849095,-0.0096211275,-0.0027488936,0.027488936
1760635849098,-0.01450805,-0.006414085,0.028710667
1760635849100,-0.017104227,-0.011148291,0.029932396
1760635849102,-0.016035212,-0.018478673,0.031154128
1760635849104,-0.019700404,-0.025809057,0.029932396
1760635849107,-0.021227567,-0.036651913,0.029932396
1760635849109,-0.022449298,-0.043982297,0.029932396
1760635849111,-0.023823744,-0.048716504,0.027488936
1760635849113,-0.022602014,-0.052381694,0.023823744
1760635849115,-0.021380283,-0.052534413,0.020158553
1760635849118,-0.020158553,-0.05375614,0.018936822
1760635849121,-0.018936822,-0.05375614,0.016493361
1760635849122,-0.015271631,-0.05497787,0.01282817
1760635849125,-0.014202617,-0.057421334,0.01160644
1760635849127,-0.012980887,-0.058643065,0.0067195175
1760635849129,-0.01160644,-0.05497787,6.1086525E-4
1760635849132,-0.006872234,-0.05757405,-0.0018325958
1760635849134,-0.007941248,-0.056352317,-0.004276057
1760635849136,-0.0056505036,-0.05757405,-0.0067195175
1760635849139,-0.0067195175,-0.05390886,-0.005497787
1760635849140,-0.007941248,-0.051465396,-0.007941248
1760635849143,-0.0067195175,-0.05024367,-0.009162978
1760635849145,-0.005497787,-0.049021937,-0.007941248
1760635849147,-0.0016798794,-0.047800206,-0.009162978
1760635849149,0.0032070426,-0.04795292,-0.007941248
1760635849153,0.0056505036,-0.04550946,-0.01038471
1760635849154,0.010537425,-0.046883907,-0.01038471
1760635849156,0.011911872,-0.04444045,-0.01282817
1760635849159,0.0106901415,-0.041996986,-0.01282817
1760635849161,0.01450805,-0.03604105,-0.01038471
1760635849163,0.01572978,-0.03481932,-0.01160644
1760635849165,0.013286319,-0.029932396,-0.01160644
1760635849167,0.012064588,-0.027488936,-0.009162978
1760635849170,0.010995574,-0.022602014,-0.01038471
1760635849172,0.0061086523,-0.012675454,-0.01038471
1760635849175,1.5271631E-4,-0.0053450707,-0.005497787
1760635849178,-0.0021380284,0.001985312,-0.0067195175
1760635849180,-0.008246681,0.009315695,-0.007941248
1760635849182,-0.012980887,0.016798794,-0.0067195175
1760635849184,-0.0154243475,0.020463986,-0.007941248
1760635849186,-0.01786781,0.026572637,-0.00290161
1760635849188,-0.017715093,0.03023783,-0.0041233404
1760635849191,-0.018936822,0.0290161,-4.5814895E-4
1760635849192,-0.016493361,0.03023783,-0.0016798794
1760635849194,-0.016493361,0.03145956,-0.00290161
1760635849197,-0.016493361,0.03268129,-0.0016798794
1760635849199,-0.018936822,0.03634648,-0.0041233404
1760635849201,-0.020005837,0.038789943,-0.0041233404
1760635849204,-0.022449298,0.043676864,-0.0041233404
1760635849206,-0.023518313,0.049785517,-0.0016798794
1760635849208,-0.024740042,0.05589417,-0.0016798794
1760635849210,-0.027030786,0.062002823,-0.0041233404
1760635849212,-0.027030786,0.063224554,-0.0016798794
1760635849214,-0.028252518,0.0693332,-4.5814895E-4
1760635849217,-0.02687807,0.074067414,-0.00290161
1760635849219,-0.02443461,0.074067414,-0.0016798794
1760635849222,-0.021991149,0.06918049,-0.0016798794
1760635849225,-0.018325957,0.07040222,-0.0041233404
1760635849227,-0.014660766,0.069027774,-0.0041233404
1760635849229,-0.012370021,0.06414085,-0.0041233404
1760635849231,-0.00992656,0.06169739,-0.00290161
1760635849233,-0.007330383,0.0664316,-0.0016798794
1760635849236,-0.004886922,0.06887506,-0.0041233404
1760635849238,-0.008552114,0.06780604,-0.0053450707
1760635849240,-0.0061086523,0.06765333,-0.0065668016
1760635849242,-0.0047342055,0.071318515,-0.0065668016
1760635849244,-0.002443461,0.07009678,-0.0065668016
1760635849246,-0.004886922,0.0664316,-0.0053450707
1760635849248,-0.0050396384,0.0580322,-0.0053450707
1760635849251,-0.0013744468,0.05421429,-0.0053450707
1760635849253,0.0010690142,0.04932737,-0.0041233404
1760635849255,-3.0543262E-4,0.045662176,-0.0053450707
1760635849258,-0.0027488936,0.0421497,-0.00290161
1760635849259,7.6358154E-4,0.03481932,-0.00290161
1760635849262,-4.5814895E-4,0.032375857,-0.0016798794
1760635849264,-0.00290161,0.03726278,-0.00290161
1760635849267,-0.0065668016,0.03481932,-0.00290161
1760635849268,-0.009010263,0.036193766,-0.00290161
1760635849271,-0.013897184,0.03863723,-0.00290161
1760635849273,-0.018784106,0.038789943,-0.00290161
1760635849275,-0.020005837,0.040011674,-0.00290161
1760635849277,-0.023823744,0.035124753,-0.00290161
1760635849280,-0.027488936,0.03283401,-0.00290161
1760635849283,-0.025198191,0.0290161,7.6358154E-4
1760635849285,-0.026419923,0.024281893,6.1086525E-4
1760635849288,-0.027794369,0.01572978,0.004276057
1760635849289,-0.025503624,0.0047342055,0.004276057
1760635849291,-0.028099801,-0.0012217305,0.005497787
1760635849293,-0.02443461,-0.008552114,0.005497787
1760635849296,-0.025809057,-0.010995574,0.0067195175
1760635849298,-0.027030786,-0.012217305,0.0067195175
1760635849300,-0.028252518,-0.015882496,0.0067195175
1760635849302,-0.029474247,-0.010995574,0.007941248
1760635849304,-0.030695979,-0.008552114,0.007941248
1760635849307,-0.030543262,-0.007330383,0.0067195175
1760635849310,-0.028099801,-0.004886922,0.0067195175
1760635849312,-0.02565634,-0.0036651916,0.005497787
1760635849314,-0.02321288,-0.0025961774,0.005497787
1760635849316,-0.02076942,-0.00992656,0.005497787
1760635849318,-0.015882496,-0.007483099,0.004276057
1760635849321,-0.009773844,-0.010079277,0.005497787
1760635849323,-0.0061086523,-0.01740966,0.005497787
1760635849325,-1.5271631E-4,-0.022449298,0.0067195175
1760635849327,0.0022907446,-0.024892759,0.005497787
1760635849329,0.005955936,-0.02855795,0.0067195175
1760635849332,0.0096211275,-0.02977968,0.0067195175
1760635849334,0.013439035,-0.027488936,0.007941248
1760635849337,0.017104227,-0.028710667,0.0067195175
1760635849339,0.02076942,-0.025198191,0.007941248
1760635849341,0.022143865,-0.021533,0.009162978
1760635849343,0.024587326,-0.016646078,0.0067195175
1760635849345,0.027030786,-0.015577064,0.005497787
1760635849348,0.028252518,-0.015577064,0.005497787
1760635849350,0.027030786,-0.015577064,0.007941248
1760635849352,0.030848695,-0.0106901415,0.004276057
1760635849355,0.030848695,-0.0143553335,0.007941248
1760635849357,0.03191771,-0.020463986,0.0067195175
1760635849360,0.03191771,-0.022907447,0.005497787
1760635849362,0.03436117,-0.024129177,0.0030543262
1760635849364,0.030695979,-0.024129177,0.0018325958
1760635849366,0.025809057,-0.02275473,0.0030543262
1760635849368,0.023365596,-0.02031127,0.0030543262
1760635849370,0.022143865,-0.021533,0.0030543262
1760635849372,0.013591751,-0.017715093,0.0030543262
1760635849375,0.00870483,-0.014049901,0.004276057
1760635849378,0.0062613687,-0.01038471,0.0030543262
1760635849379,0.0025961774,-0.0053450707,0.004276057
1760635849381,-0.0010690142,-0.009010263,0.005497787
1760635849383,-0.0035124752,-0.010231993,0.0067195175
1760635849386,-0.0022907446,-0.010231993,0.005497787
1760635849389,0.0,-0.017562376,0.007941248
1760635849391,-0.0012217305,-0.020005837,0.01038471
1760635849393,-0.0013744468,-0.022296581,0.01038471
1760635849395,-1.5271631E-4,-0.028405234,0.01282817
1760635849397,-0.0013744468,-0.025961773,0.014049901
1760635849400,-0.0025961774,-0.024740042,0.01282817
1760635849401,-0.0012217305,-0.022449298,0.014049901
1760635849404,-0.0061086523,-0.01740966,0.014049901
1760635849406,-0.012217305,-0.014966198,0.01282817
1760635849409,-0.017104227,-0.007483099,0.014049901
1760635849411,-0.020616703,-0.0025961774,0.014049901
1760635849413,-0.025503624,0.0022907446,0.015271631
1760635849415,-0.030390546,0.0061086523,0.01282817
1760635849418,-0.031612277,0.008552114,0.014049901
1760635849420,-0.035277467,0.009773844,0.016493361
1760635849423,-0.034055736,0.009773844,0.016493361
1760635849425,-0.035277467,0.010995574,0.015271631
1760635849427,-0.034055736,0.002443461,0.016493361
1760635849429,-0.030390546,0.002443461,0.017715093
1760635849431,-0.02687807,-0.007330383,0.017715093
1760635849433,-0.024587326,-0.015882496,0.017715093
1760635849436,-0.025809057,-0.019547688,0.020158553
1760635849438,-0.023518313,-0.02321288,0.020158553
1760635849441,-0.022143865,-0.02076942,0.017715093
1760635849442,-0.024587326,-0.021991149,0.017715093
1760635849444,-0.027030786,-0.014660766,0.016493361
1760635849447,-0.03176499,-0.007330383,0.016493361
1760635849449,-0.035430185,0.0012217305,0.016493361
1760635849452,-0.03894266,0.008552114,0.01160644
1760635849454,-0.040011674,0.015882496,0.01282817
1760635849456,-0.041233405,0.02321288,0.009162978
1760635849458,-0.041233405,0.02565634,0.0067195175
1760635849461,-0.040011674,0.02321288,0.0067195175
1760635849462,-0.041233405,0.019547688,0.005497787
1760635849465,-0.035124753,0.019547688,0.004276057
1760635849467,-0.03145956,0.014660766,0.0030543262
1760635849469,-0.030390546,0.009773844,6.1086525E-4
1760635849471,-0.029168816,0.0036651916,0.0018325958
1760635849475,-0.026725354,0.0035124752,0.0018325958
1760635849476,-0.025503624,0.0047342055,-0.0018325958
1760635849478,-0.024281893,0.0071776668,-0.004276057
1760635849480,-0.026725354,0.010842858,-0.005497787
1760635849483,-0.026572637,0.019394971,-0.007941248
1760635849485,-0.03023783,0.023060163,-0.01160644
1760635849488,-0.032528576,0.030390546,-0.01282817
1760635849490,-0.032528576,0.034055736,-0.01282817
1760635849492,-0.03359759,0.04016439,-0.013897184
1760635849494,-0.03359759,0.03894266,-0.015271631
1760635849497,-0.031154128,0.0364992,-0.017715093
1760635849499,-0.030085113,0.03283401,-0.020158553
1760635849501,-0.02275473,0.027794369,-0.018936822
1760635849503,-0.01786781,0.022907447,-0.020158553
1760635849506,-0.010537425,0.01786781,-0.018936822
1760635849508,-0.004581489,0.011759156,-0.021380283
1760635849511,-0.0021380284,0.0056505036,-0.020158553
1760635849512,0.0015271631,0.0032070426,-0.021380283
1760635849515,0.003970624,0.001985312,-0.022602014
1760635849517,0.003970624,0.004276057,-0.022602014
1760635849519,0.0027488936,0.009162978,-0.026267206
1760635849521,0.0065668016,0.015271631,-0.026267206
1760635849523,0.0016798794,0.018936822,-0.026267206
1760635849526,0.0018325958,0.025045475,-0.026267206
1760635849528,0.0030543262,0.027488936,-0.023823744
1760635849531,0.0018325958,0.029932396,-0.023823744
1760635849532,0.0030543262,0.026267206,-0.021380283
1760635849534,0.004276057,0.023823744,-0.020158553
1760635849537,0.00290161,0.018936822,-0.018936822
1760635849539,0.0053450707,0.014049901,-0.016493361
1760635849541,0.0041233404,0.01038471,-0.014049901
1760635849544,0.006414085,0.0067195175,-0.015271631
1760635849546,0.0027488936,0.0030543262,-0.01282817
1760635849549,0.0025961774,-0.0016798794,-0.01282817
1760635849551,1.5271631E-4,-0.00290161,-0.01038471
1760635849553,0.0013744468,-0.00290161,-0.01038471
1760635849555,-0.0047342055,-0.0041233404,-0.007941248
1760635849557,-0.0035124752,-0.007788532,-0.005497787
1760635849559,-0.005955936,-0.005192355,-0.005497787
1760635849562,-0.008552114,-0.006414085,-0.007941248
1760635849564,-0.009773844,-0.010079277,-0.009162978
1760635849566,-0.010995574,-0.011301007,-0.01160644
1760635849568,-0.010995574,-0.014966198,-0.009162978
1760635849571,-0.016035212,-0.017256944,-0.007941248
1760635849573,-0.013591751,-0.018478673,-0.007941248
1760635849575,-0.014813482,-0.020922136,-0.009162978
1760635849577,-0.016187929,-0.023365596,-0.01038471
1760635849579,-0.013744468,-0.024587326,-0.01038471
1760635849582,-0.016187929,-0.025809057,-0.01282817
1760635849584,-0.013591751,-0.023365596,-0.01038471
1760635849586,-0.014966198,-0.024587326,-0.009162978
1760635849589,-0.013744468,-0.025809057,-0.01160644
1760635849592,-0.014813482,-0.022143865,-0.01160644
1760635849594,-0.00992656,-0.024587326,-0.01038471
1760635849595,-0.0076358155,-0.028252518,-0.009162978
1760635849597,-0.003970624,-0.028405234,-0.007941248
1760635849600,-0.003970624,-0.029626964,-0.0067195175
1760635849602,-3.0543262E-4,-0.033292156,-0.005497787
1760635849605,0.0033597588,-0.036957346,-0.0018325958
1760635849607,0.0033597588,-0.04062254,0.0018325958
1760635849609,0.004581489,-0.04062254,0.0018325958
1760635849611,0.004581489,-0.04184427,0.0018325958
1760635849613,0.009468411,-0.045662176,0.009162978
1760635849615,0.011911872,-0.04444045,0.01038471
1760635849618,0.011911872,-0.043218717,0.01282817
1760635849620,0.011911872,-0.043218717,0.01282817
1760635849622,0.011911872,-0.041996986,0.015271631
1760635849625,0.009468411,-0.040775254,0.017715093
1760635849628,0.0070249503,-0.039553523,0.020158553
1760635849629,0.009468411,-0.040775254,0.018936822
1760635849632,0.0021380284,-0.04062254,0.021380283
1760635849634,0.0021380284,-0.04184427,0.022602014
1760635849636,9.162979E-4,-0.04184427,0.022602014
1760635849638,-0.0016798794,-0.04428773,0.021380283
1760635849642,-0.0065668016,-0.047800206,0.021380283
1760635849643,-0.01282817,-0.05024367,0.023823744
1760635849645,-0.014049901,-0.05375614,0.021380283
1760635849647,-0.017715093,-0.05497787,0.018936822
1760635849650,-0.021533,-0.053603426,0.017715093
1760635849652,-0.02275473,-0.056046885,0.015271631
1760635849654,-0.027641652,-0.056046885,0.01038471
1760635849657,-0.032528576,-0.05467244,0.009162978
1760635849660,-0.032528576,-0.05589417,0.007941248
1760635849661,-0.035124753,-0.05589417,0.0018325958
1760635849663,-0.032528576,-0.05222898,-0.0018325958
1760635849666,-0.035124753,-0.05467244,-0.0030543262
1760635849667,-0.033750303,-0.053450707,-0.0067195175
1760635849670,-0.030085113,-0.05467244,-0.01038471
1760635849672,-0.028863383,-0.05100725,-0.01282817
1760635849675,-0.030085113,-0.04734206,-0.015271631
1760635849677,-0.027641652,-0.04627304,-0.018936822
1760635849679,-0.027488936,-0.04260785,-0.023823744
1760635849681,-0.024892759,-0.034055736,-0.026267206
1760635849683,-0.02367103,-0.028099801,-0.028710667
1760635849686,-0.024740042,-0.019547688,-0.027488936
1760635849688,-0.020922136,-0.012217305,-0.028710667
1760635849690,-0.018325957,-0.0038179078,-0.027488936
1760635849692,-0.01450805,0.0021380284,-0.028710667
1760635849695,-0.011911872,0.008246681,-0.029932396
1760635849697,-0.008246681,0.0154243475,-0.029932396
1760635849699,-0.0032070426,0.02031127,-0.029932396
1760635849701,0.0030543262,0.025045475,-0.027488936
1760635849704,0.0056505036,0.02977968,-0.025045475
1760635849706,0.011759156,0.02977968,-0.020005837
1760635849709,0.016646078,0.033292156,-0.022449298
1760635849711,0.022907447,0.03680463,-0.017562376
1760635849713,0.025503624,0.04046982,-0.013897184
1760635849715,0.027947085,0.044135015,-0.012675454
1760635849718,0.025503624,0.046578474,-0.011453724
1760635849720,0.029321533,0.047647487,-0.0065668016
1760635849723,0.03283401,0.042760566,-0.00290161
1760635849724,0.03894266,0.032986723,-4.5814895E-4
1760635849727,0.043676864,0.025503624,0.004428773
1760635849729,0.05222898,0.01450805,0.004428773
1760635849731,0.058184914,0.0035124752,0.004428773
1760635849733,0.06658431,-0.005192355,0.004428773
1760635849737,0.06780604,-0.0076358155,0.0032070426
1760635849738,0.07391469,-0.007788532,0.0032070426
1760635849740,0.077579886,-0.009010263,-4.5814895E-4
1760635849742,0.07284568,-0.00290161,-0.0053450707
1760635849745,0.06536258,-0.0015271631,-0.0053450707
1760635849746,0.059253927,-0.0013744468,-0.007941248
1760635849749,0.051923547,-0.0013744468,-0.01038471
1760635849751,0.045662176,-0.0061086523,-0.01160644
1760635849753,0.034513887,-0.011911872,-0.01160644
1760635849755,0.028252518,-0.016798794,-0.01282817
1760635849757,0.021991149,-0.027641652,-0.01160644
1760635849760,0.0143553335,-0.038331795,-0.01282817
1760635849762,0.011759156,-0.04932737,-0.014049901
1760635849765,0.0067195175,-0.058948494,-0.01160644
1760635849766,0.0041233404,-0.069791354,-0.009162978
1760635849769,-9.162979E-4,-0.07345655,-0.0067195175
1760635849771,-0.0035124752,-0.0842994,-0.009315695
1760635849773,-0.008552114,-0.08674286,-0.008093964
1760635849775,-0.009773844,-0.08781188,-0.008093964
1760635849778,-0.017256944,-0.09254608,-0.008093964
1760635849780,-0.021991149,-0.087659165,-0.008093964
1760635849782,-0.02687807,-0.086437434,-0.006872234
1760635849784,-0.030695979,-0.089949906,-0.004428773
1760635849787,-0.03436117,-0.08628472,-0.0032070426
1760635849789,-0.04046982,-0.084910266,-7.6358154E-4
1760635849791,-0.04520403,-0.077579886,0.0016798794
1760635849793,-0.04642576,-0.076358154,0.00290161
1760635849796,-0.04886922,-0.07513642,0.0041233404
1760635849798,-0.04642576,-0.07147124,0.0053450707
1760635849800,-0.04260785,-0.065515295,0.009162978
1760635849803,-0.04138612,-0.06918049,0.009162978
1760635849805,-0.03634648,-0.06429356,0.009162978
1760635849807,-0.03268129,-0.062002823,0.01282817
1760635849809,-0.027794369,-0.06093381,0.014049901
1760635849812,-0.02275473,-0.058490347,0.014049901
1760635849814,-0.018936822,-0.052534413,0.016493361
1760635849816,-0.015271631,-0.04886922,0.015271631
1760635849818,-0.009010263,-0.046578474,0.014049901
1760635849821,-0.0065668016,-0.044135015,0.014049901
1760635849823,-3.0543262E-4,-0.03940081,0.01282817
1760635849825,9.162979E-4,-0.034513887,0.01038471
1760635849827,0.008399397,-0.032223143,0.01160644
1760635849829,0.012064588,-0.031154128,0.007941248
1760635849832,0.013286319,-0.028710667,0.005497787
1760635849834,0.017104227,-0.025045475,0.0030543262
1760635849836,0.021991149,-0.02397646,0.0030543262
1760635849839,0.027030786,-0.02031127,6.1086525E-4
1760635849841,0.030695979,-0.018020526,-0.0018325958
1760635849843,0.030848695,-0.013133603,-0.005497787
1760635849845,0.034513887,-0.011911872,-0.007941248
1760635849848,0.03573562,-0.0096211275,-0.01038471
1760635849850,0.035888333,-0.0022907446,-0.01038471
1760635849852,0.035888333,-0.0022907446,-0.01282817
1760635849854,0.038331795,1.5271631E-4,-0.01282817
1760635849856,0.03726278,0.011148291,-0.015118915
1760635849859,0.03726278,0.011148291,-0.013897184
1760635849861,0.03848451,0.010995574,-0.013897184
1760635849863,0.03970624,0.008552114,-0.013897184
1760635849865,0.03970624,0.0061086523,-0.01160644
1760635849868,0.044593163,0.0012217305,-0.01282817
1760635849870,0.046883907,-0.0036651916,-0.014049901
1760635849872,0.04932737,-0.010995574,-0.01160644
1760635849875,0.055436023,-0.013591751,-0.01038471
1760635849877,0.05787948,-0.00992656,-0.01160644
1760635849879,0.06154467,-0.016035212,-0.014049901
1760635849882,0.05787948,-0.016035212,-0.01038471
1760635849883,0.060322944,-0.016035212,-0.01160644
1760635849886,0.056505036,-0.016035212,-0.014049901
1760635849888,0.050396383,-0.017104227,-0.015271631
1760635849890,0.051618114,-0.013439035,-0.015271631
1760635849893,0.04795292,-0.013439035,-0.018936822
1760635849895,0.04184427,-0.01450805,-0.020158553
1760635849898,0.03924809,-0.019394971,-0.016493361
1760635849899,0.038026363,-0.022907447,-0.015271631
1760635849902,0.035430185,-0.0290161,-0.014049901
1760635849904,0.03283401,-0.036193766,-0.015271631
1760635849906,0.031612277,-0.039858956,-0.020158553
1760635849909,0.0290161,-0.04230242,-0.021380283
1760635849911,0.026572637,-0.04230242,-0.020158553
1760635849913,0.021533,-0.048258353,-0.021380283
1760635849916,0.01786781,-0.04810564,-0.020158553
1760635849917,0.0154243475,-0.05421429,-0.017715093
1760635849920,0.01160644,-0.05665775,-0.020158553
1760635849922,0.009162978,-0.061391957,-0.018936822
1760635849924,0.0041233404,-0.061391957,-0.020158553
1760635849926,0.00290161,-0.06246097,-0.018936822
1760635849928,-0.001985312,-0.061239243,-0.016493361
1760635849932,-0.008093964,-0.061086524,-0.015271631
1760635849934,-0.009468411,-0.064751714,-0.01282817
1760635849936,-0.011911872,-0.06719518,-0.014049901
1760635849938,-0.013133603,-0.06963864,-0.014202617
1760635849940,-0.015577064,-0.069485925,-0.016646078
1760635849942,-0.015577064,-0.068264194,-0.016646078
1760635849944,-0.0106901415,-0.065973446,-0.01282817
1760635849947,-0.008246681,-0.07086037,-0.01160644
1760635849949,-0.008246681,-0.07086037,-0.009162978
1760635849951,-0.0070249503,-0.06963864,-0.009162978
1760635849953,-0.004581489,-0.07086037,-0.01038471
1760635849956,-0.0070249503,-0.06963864,-0.01160644
1760635849958,-0.006872234,-0.061086524,-0.01160644
1760635849961,-0.0067195175,-0.056352317,-0.01038471
1760635849963,-0.0067195175,-0.051465396,-0.01038471
1760635849965,-0.009162978,-0.045356743,-0.01160644
1760635849967,-0.010231993,-0.044135015,-0.01282817
1760635849969,-0.009010263,-0.03924809,-0.007941248
1760635849971,-0.010231993,-0.042913284,-0.007941248
1760635849974,-0.009010263,-0.044135015,-0.0067195175
1760635849976,-0.007788532,-0.045356743,-0.004276057
1760635849978,-0.0067195175,-0.05024367,-0.005497787
1760635849980,-0.005497787,-0.052687127,-0.0030543262
1760635849983,-0.0067195175,-0.05390886,-6.1086525E-4
1760635849985,-0.005497787,-0.05024367,6.1086525E-4
1760635849987,-0.009010263,-0.044135015,6.1086525E-4
1760635849989,-0.009010263,-0.04046982,6.1086525E-4
1760635849992,-0.0125227375,-0.03436117,0.0030543262
1760635849994,-0.013744468,-0.028252518,0.0018325958
1760635849996,-0.013591751,-0.023365596,0.0018325958
1760635849999,-0.013591751,-0.019700404,0.0030543262
1760635850001,-0.015882496,-0.013591751,0.0030543262
1760635850003,-0.015882496,-0.00870483,0.004276057
1760635850005,-0.019547688,-0.0038179078,0.004276057
1760635850008,-0.023060163,0.0022907446,0.004276057
1760635850010,-0.019394971,0.005955936,0.004276057
1760635850012,-0.019242255,0.009468411,0.004276057
1760635850015,-0.019242255,0.009468411,0.0067195175
1760635850017,-0.0143553335,0.0106901415,0.004276057
1760635850019,-0.010842858,0.0021380284,0.0030543262
1760635850021,-0.0047342055,-0.00290161,0.004276057
1760635850024,1.5271631E-4,-0.009010263,0.0030543262
1760635850025,0.0025961774,-0.010231993,0.0018325958
1760635850028,0.007330383,-0.018784106,6.1086525E-4
1760635850030,0.013439035,-0.018936822,6.1086525E-4
1760635850033,0.018478673,-0.019089539,-6.1086525E-4
1760635850035,0.018478673,-0.0154243475,-0.004276057
1760635850037,0.018478673,-0.011759156,-0.005497787
1760635850039,0.018478673,-0.009315695,-0.007941248
1760635850042,0.01985312,-0.001985312,-0.01282817
1760635850044,0.023518313,-9.162979E-4,-0.014049901
1760635850046,0.022296581,-0.001985312,-0.016493361
1760635850049,0.024740042,-0.0033597588,-0.017715093
1760635850052,0.028405234,-0.00580322,-0.018936822
1760635850053,0.027030786,-0.011911872,-0.017715093
1760635850055,0.03191771,-0.018020526,-0.016493361
1760635850058,0.030543262,-0.024129177,-0.018936822
1760635850060,0.032986723,-0.024129177,-0.018936822
1760635850062,0.032986723,-0.024129177,-0.018936822
1760635850064,0.02687807,-0.025198191,-0.020158553
1760635850067,0.02565634,-0.021533,-0.018936822
1760635850069,0.025809057,-0.02031127,-0.017715093
1760635850071,0.020922136,-0.016646078,-0.017715093
1760635850073,0.018478673,-0.012980887,-0.016493361
1760635850075,0.014813482,-0.015271631,-0.016493361
1760635850077,0.012370021,-0.009162978,-0.015271631
1760635850080,0.016035212,-0.008093964,-0.01282817
1760635850082,0.016035212,-0.014049901,-0.009162978
1760635850085,0.018325957,-0.019089539,-0.0067195175
1760635850087,0.021991149,-0.02397646,-0.004276057
1760635850089,0.023060163,-0.032528576,-6.1086525E-4
1760635850091,0.025503624,-0.033750303,0.004276057
1760635850093,0.024281893,-0.04230242,0.005497787
1760635850096,0.026725354,-0.041080687,0.004276057
1760635850098,0.026572637,-0.044745877,0.01038471
1760635850101,0.025503624,-0.04352415,0.01160644
1760635850103,0.020616703,-0.040927973,0.0067195175
1760635850105,0.020616703,-0.03481932,0.014049901
1760635850107,0.019394971,-0.032375857,0.015271631
1760635850110,0.017104227,-0.026267206,0.01282817
1760635850113,0.012217305,-0.025045475,0.014049901
1760635850114,0.010995574,-0.020158553,0.01160644
1760635850116,0.010995574,-0.023823744,0.015271631
1760635850119,0.008552114,-0.025045475,0.015271631
1760635850121,0.010995574,-0.026267206,0.014049901
1760635850123,0.010842858,-0.0346666,0.01282817
1760635850125,0.009468411,-0.037110064,0.014049901
1760635850128,0.0106901415,-0.045662176,0.01282817
1760635850130,0.010537425,-0.04932737,0.014049901
1760635850132,0.008093964,-0.055283304,0.01282817
1760635850134,0.01038471,-0.05787948,0.01160644
1760635850137,0.004276057,-0.058948494,0.01160644
1760635850139,6.1086525E-4,-0.054061573,0.01282817
1760635850141,-0.0018325958,-0.052839845,0.01160644
1760635850144,-0.0065668016,-0.046578474,0.01038471
1760635850146,-0.010231993,-0.04046982,0.009162978
1760635850149,-0.015118915,-0.0355829,0.007941248
1760635850150,-0.01985312,-0.030543262,0.005497787
1760635850152,-0.02107485,-0.02565634,0.0067195175
1760635850155,-0.022296581,-0.021991149,0.007941248
1760635850157,-0.020922136,-0.019700404,0.007941248
1760635850159,-0.018478673,-0.019700404,0.007941248
1760635850161,-0.013591751,-0.025809057,0.01160644
1760635850164,-0.0125227375,-0.029474247,0.01282817
1760635850166,-0.006414085,-0.032070424,0.01282817
1760635850168,-3.0543262E-4,-0.03573562,0.014049901
1760635850171,0.004581489,-0.039553523,0.015271631
1760635850173,0.0070249503,-0.038331795,0.015271631
1760635850175,0.008399397,-0.033444874,0.016493361
1760635850177,0.0071776668,-0.02733622,0.015271631
1760635850179,0.008552114,-0.018936822,0.015271631
1760635850182,0.0025961774,-0.011453724,0.015271631
1760635850184,0.0015271631,-0.00290161,0.014049901
1760635850186,3.0543262E-4,0.004276057,0.015271631
1760635850188,4.5814895E-4,0.01038471,0.0154243475
1760635850191,4.5814895E-4,0.01038471,0.0154243475
1760635850193,0.0016798794,0.007941248,0.014202617
1760635850195,3.0543262E-4,0.005497787,0.0154243475
1760635850197,0.0015271631,0.005497787,0.014202617
1760635850200,0.0015271631,0.0018325958,0.014049901
1760635850202,0.0027488936,-0.0030543262,0.01282817
1760635850204,-0.0022907446,-0.0053450707,0.01038471
1760635850207,-0.0022907446,-0.00290161,0.01038471
1760635850209,-0.0047342055,-0.00290161,0.007941248
1760635850211,-0.010842858,-0.0027488936,0.007941248
1760635850213,-0.013286319,-0.0027488936,0.009162978
1760635850216,-0.01817324,-1.5271631E-4,0.0067195175
1760635850218,-0.023060163,0.0022907446,0.005497787
1760635850220,-0.029168816,0.008552114,0.0018325958
1760635850222,-0.03023783,0.01450805,0.004276057
1760635850224,-0.03268129,0.019547688,0.0018325958
1760635850227,-0.03634648,0.019547688,0.0018325958
1760635850229,-0.03390302,0.02321288,0.0018325958
1760635850231,-0.0290161,0.020616703,0.0018325958
1760635850234,-0.03023783,0.021838432,-0.0030543262
1760635850235,-0.025350908,0.020616703,-0.004276057
1760635850238,-0.021533,0.019242255,-0.0018325958
1760635850241,-0.015577064,0.0143553335,-0.004276057
1760635850242,-0.011759156,0.016798794,-0.005497787
1760635850245,-0.006872234,0.0154243475,-0.0067195175
1760635850247,-0.0032070426,0.0154243475,-0.005497787
1760635850249,-0.0030543262,0.021380283,-0.0065668016
1760635850251,-0.0018325958,0.022602014,-0.0065668016
1760635850253,0.001985312,0.031154128,-0.007788532
1760635850255,7.6358154E-4,0.03481932,-0.012675454
1760635850257,7.6358154E-4,0.03970624,-0.013897184
1760635850260,9.162979E-4,0.04444045,-0.013897184
1760635850262,0.0070249503,0.045662176,-0.013897184
1760635850264,0.0071776668,0.05299256,-0.016340645
1760635850266,0.0096211275,0.050396383,-0.017562376
1760635850269,0.01572978,0.04917465,-0.020005837
1760635850271,0.021838432,0.044135015,-0.021227567
1760635850274,0.022907447,0.04046982,-0.02367103
1760635850276,0.026572637,0.0355829,-0.024892759
1760635850278,0.030085113,0.027030786,-0.02367103
1760635850281,0.027641652,0.022143865,-0.02611449
1760635850282,0.029932396,0.018478673,-0.029932396
1760635850284,0.029932396,0.018478673,-0.028710667
1760635850287,0.023823744,0.01863139,-0.03481932
1760635850289,0.022602014,0.02107485,-0.03726278
1760635850291,0.014202617,0.02855795,-0.03848451
1760635850294,0.010537425,0.031001411,-0.03604105
1760635850296,0.001985312,0.03604105,-0.03726278
1760635850298,0.0032070426,0.040775254,-0.037110064
1760635850300,-3.0543262E-4,0.045814894,-0.035888333
1760635850303,-0.0041233404,0.04337143,-0.0346666
1760635850305,-0.00290161,0.03848451,-0.0346666
1760635850307,-0.00290161,0.03604105,-0.033444874
1760635850310,-6.1086525E-4,0.028710667,-0.03359759
1760635850312,0.00290161,0.020158553,-0.028710667
1760635850314,0.0041233404,0.014049901,-0.027488936
1760635850316,0.0076358155,0.004276057,-0.025045475
1760635850318,0.008857546,-6.1086525E-4,-0.021380283
1760635850321,0.010079277,0.0018325958,-0.020158553
1760635850323,0.007483099,-0.004276057,-0.017715093
1760635850326,0.005192355,0.0018325958,-0.016493361
1760635850328,0.0015271631,0.007941248,-0.014049901
1760635850330,-7.6358154E-4,0.011759156,-0.01038471
1760635850332,-0.0056505036,0.019089539,-0.007941248
1760635850335,-0.0067195175,0.027641652,-0.0053450707
1760635850337,-0.01038471,0.032528576,-4.5814895E-4
1760635850339,-0.013897184,0.037415497,0.001985312
1760635850342,-0.011453724,0.039858956,0.004428773
1760635850344,-0.012675454,0.037415497,0.0056505036
1760635850346,-0.010231993,0.032528576,0.008093964
1760635850348,-0.01038471,0.027641652,0.011759156
1760635850350,-0.01038471,0.02397646,0.012980887
1760635850353,-0.011759156,0.019089539,0.016646078
1760635850355,-0.011759156,0.012980887,0.019089539
1760635850357,-0.013133603,0.0070249503,0.021533
1760635850359,-0.015577064,0.004581489,0.02397646
1760635850361,-0.019394971,0.0033597588,0.022602014
1760635850364,-0.022907447,0.0071776668,0.026419923
1760635850366,-0.031612277,0.007330383,0.027488936
1760635850368,-0.03390302,0.013439035,0.028863383
1760635850371,-0.041233405,0.017104227,0.031306844
1760635850373,-0.04734206,0.019700404,0.031306844
1760635850375,-0.053450707,0.024587326,0.032528576
1760635850377,-0.0571159,0.028405234,0.032528576
1760635850379,-0.05955936,0.028405234,0.031306844
1760635850381,-0.062002823,0.028405234,0.033750303
1760635850384,-0.06078109,0.028405234,0.032528576
1760635850386,-0.0571159,0.023518313,0.033750303
1760635850388,-0.0571159,0.022296581,0.033750303
1760635850390,-0.06093381,0.01985312,0.034972034
1760635850393,-0.057268616,0.013744468,0.037415497
1760635850395,-0.054825157,0.011301007,0.03604105
1760635850397,-0.056199603,0.0076358155,0.03848451
1760635850400,-0.054825157,0.011301007,0.03604105
1760635850402,-0.052534413,0.0076358155,0.03359759
1760635850404,-0.05497787,0.008857546,0.03604105
1760635850407,-0.054825157,0.011301007,0.03481932
1760635850409,-0.051159963,0.012370021,0.032375857
1760635850411,-0.048563786,0.017256944,0.036193766
1760635850414,-0.043676864,0.018325957,0.034972034
1760635850416,-0.043676864,0.02076942,0.034972034
1760635850418,-0.038789943,0.02076942,0.032528576
1760635850420,-0.035124753,0.019547688,0.031306844
1760635850423,-0.027641652,0.019394971,0.025198191
1760635850424,-0.02275473,0.021685716,0.026419923
1760635850426,-0.021533,0.018020526,0.02397646
1760635850429,-0.0154243475,0.016798794,0.021533
1760635850432,-0.0154243475,0.016798794,0.019089539
1760635850434,-0.010537425,0.016646078,0.0154243475
1760635850436,-0.006872234,0.01786781,0.011759156
1760635850438,-0.006872234,0.0154243475,0.009315695
1760635850440,-0.004428773,0.014202617,0.009315695
1760635850443,-0.0032070426,0.0154243475,0.006872234
1760635850445,-0.0032070426,0.014202617,0.0030543262
1760635850447,-0.001985312,0.012980887,-6.1086525E-4
1760635850449,-0.001985312,0.012980887,-0.0030543262
1760635850452,0.0016798794,0.01038471,-0.004276057
1760635850454,0.0027488936,0.0067195175,-0.0067195175
1760635850456,0.0016798794,0.01038471,-0.0067195175
1760635850458,0.0027488936,0.0067195175,-0.01038471
1760635850461,0.006414085,0.0067195175,-0.014049901
1760635850463,0.005192355,0.007941248,-0.015271631
1760635850465,0.007788532,0.007941248,-0.016493361
1760635850468,0.011453724,0.009010263,-0.015271631
1760635850469,0.012675454,0.011453724,-0.016493361
1760635850472,0.012675454,0.013897184,-0.017715093
1760635850474,0.011453724,0.012675454,-0.018936822
1760635850477,0.009162978,0.017562376,-0.018936822
1760635850479,0.01160644,0.017562376,-0.017715093
1760635850481,0.01038471,0.017562376,-0.017715093
1760635850483,0.01038471,0.020005837,-0.016493361
1760635850486,0.015271631,0.021227567,-0.015118915
1760635850487,0.01160644,0.021227567,-0.010231993
1760635850490,0.014049901,0.020005837,-0.009010263
1760635850492,0.01282817,0.020005837,-0.007788532
1760635850494,0.014049901,0.020005837,-0.0053450707
1760635850497,0.0154243475,0.023518313,-0.00290161
1760635850499,0.01786781,0.022296581,-4.5814895E-4
1760635850501,0.016646078,0.022296581,7.6358154E-4
1760635850503,0.01786781,0.023518313,0.001985312
1760635850505,0.019089539,0.02107485,0.004428773
1760635850507,0.01786781,0.022296581,0.0056505036
1760635850510,0.019089539,0.025961773,0.006872234
1760635850512,0.01786781,0.022296581,0.008093964
1760635850514,0.014202617,0.021227567,0.009315695
1760635850516,0.014049901,0.017562376,0.010537425
1760635850519,0.016493361,0.01863139,0.010537425
1760635850521,0.01282817,0.016340645,0.009315695
1760635850524,0.014049901,0.013897184,0.010537425
1760635850526,0.01282817,0.015118915,0.011759156
1760635850528,0.009162978,0.013897184,0.009315695
1760635850530,0.009010263,0.007788532,0.009315695
1760635850532,0.008857546,-0.0018325958,0.01160644
1760635850535,0.0125227375,-0.005497787,0.01038471
1760635850537,0.0125227375,-0.0067195175,0.007941248
1760635850539,0.011148291,-0.007941248,0.007941248
1760635850541,0.00992656,-0.01160644,0.007941248
1760635850544,0.013591751,-0.015271631,0.0067195175
1760635850546,0.011148291,-0.015271631,0.0067195175
1760635850548,0.008552114,-0.018936822,0.005497787
1760635850550,0.0061086523,-0.017562376,0.005497787
1760635850552,0.0036651916,-0.021227567,0.005497787
1760635850556,0.004886922,-0.021227567,0.0030543262
1760635850557,0.002443461,-0.020005837,0.0030543262
1760635850560,-0.0013744468,-0.024740042,0.0030543262
1760635850562,-0.0013744468,-0.027183503,0.004276057
1760635850565,-0.0025961774,-0.028405234,0.004276057
1760635850566,-0.006414085,-0.038026363,0.0067195175
1760635850569,-0.0076358155,-0.038026363,0.0067195175
1760635850571,-0.007788532,-0.042913284,0.007941248
1760635850573,-0.007941248,-0.05024367,0.009162978
1760635850576,-0.0067195175,-0.052687127,0.01038471
1760635850578,-0.009162978,-0.05024367,0.01038471
1760635850580,-0.009162978,-0.05390886,0.0067195175
1760635850582,-0.007941248,-0.052687127,0.007941248
1760635850585,-0.01038471,-0.05024367,0.009162978
1760635850587,-0.014049901,-0.05131268,0.009162978
1760635850589,-0.015271631,-0.04642576,0.007941248
1760635850592,-0.018936822,-0.04520403,0.007941248
1760635850594,-0.022602014,-0.04520403,0.0067195175
1760635850596,-0.022602014,-0.04153884,0.004276057
1760635850598,-0.02367103,-0.035430185,0.0030543262
1760635850600,-0.02733622,-0.030390546,0.0018325958
1760635850602,-0.02977968,-0.029168816,0.0030543262
1760635850605,-0.032070424,-0.023060163,0.0030543262
1760635850607,-0.033292156,-0.01817324,0.0018325958
1760635850610,-0.03573562,-0.01572978,6.1086525E-4
1760635850612,-0.03436117,-0.013286319,6.1086525E-4
1760635850614,-0.03436117,-0.012064588,6.1086525E-4
1760635850616,-0.029474247,-0.013439035,0.0018325958
1760635850619,-0.027030786,-0.014660766,6.1086525E-4
1760635850621,-0.023365596,-0.015882496,6.1086525E-4
1760635850623,-0.019700404,-0.014813482,-0.004276057
1760635850625,-0.018325957,-0.00992656,-0.005497787
1760635850628,-0.017104227,-0.00870483,-0.0067195175
1760635850630,-0.013286319,-0.003970624,-0.0067195175
1760635850632,-0.00580322,0.0032070426,-0.007941248
1760635850635,-0.004581489,0.009315695,-0.01038471
1760635850637,-0.004428773,0.01786781,-0.009162978
1760635850640,0.0018325958,0.022602014,-0.010231993
1760635850641,0.0030543262,0.026267206,-0.010231993
1760635850643,0.006872234,0.02733622,-0.011453724
1760635850645,0.010537425,0.02733622,-0.011453724
1760635850648,0.014202617,0.02611449,-0.011453724
1760635850650,0.0154243475,0.029626964,-0.011453724
1760635850652,0.021685716,0.030848695,-0.012675454
1760635850654,0.025350908,0.03191771,-0.013897184
1760635850656,0.026572637,0.03436117,-0.015118915
1760635850658,0.030390546,0.039095376,-0.016340645
1760635850661,0.031612277,0.040317107,-0.015118915
1760635850664,0.03283401,0.04520403,-0.015118915
1760635850665,0.034208454,0.047647487,-0.015118915
1760635850668,0.032986723,0.04520403,-0.012675454
1760635850670,0.031612277,0.04520403,-0.012675454
1760635850673,0.03283401,0.040317107,-0.011453724
1760635850674,0.030390546,0.03680463,-0.011453724
1760635850677,0.03268129,0.030543262,-0.012675454
1760635850679,0.031306844,0.024587326,-0.011453724
1760635850682,0.028863383,0.022143865,-0.010231993
1760635850684,0.028710667,0.016035212,-0.010231993
1760635850686,0.023823744,0.013744468,-0.011453724
1760635850689,0.022602014,0.016187929,-0.010231993
1760635850691,0.018936822,0.01863139,-0.010231993
1760635850693,0.014049901,0.017562376,-0.010231993
1760635850695,0.009162978,0.021227567,-0.010231993
1760635850698,4.5814895E-4,0.018936822,-0.009162978
1760635850700,-0.0056505036,0.02031127,-0.01038471
1760635850702,-0.011759156,0.018020526,-0.01160644
1760635850704,-0.0143553335,0.0143553335,-0.009162978
1760635850707,-0.020463986,0.013286319,-0.009162978
1760635850710,-0.024281893,0.005955936,-0.0067195175
1760635850711,-0.024281893,0.0071776668,-0.0067195175
1760635850713,-0.029321533,0.0012217305,-0.004276057
1760635850715,-0.029321533,-0.004886922,-6.1086525E-4
1760635850717,-0.029474247,-0.013439035,-0.0018325958
1760635850720,-0.030848695,-0.01817324,0.0030543262
1760635850722,-0.027183503,-0.02443461,0.0030543262
1760635850724,-0.023518313,-0.02687807,0.0030543262
1760635850727,-0.01985312,-0.029321533,0.0030543262
1760635850729,-0.01985312,-0.03176499,0.0067195175
1760635850731,-0.021227567,-0.032986723,0.0067195175
1760635850733,-0.024892759,-0.03176499,0.0067195175
1760635850736,-0.022296581,-0.02565634,0.005497787
1760635850740,-0.024740042,-0.02565634,0.005497787
1760635850741,-0.023365596,-0.02076942,0.005497787
1760635850743,-0.027030786,-0.013439035,0.004276057
1760635850745,-0.024587326,-0.010995574,0.005497787
1760635850747,-0.02443461,-0.008552114,0.0030543262
1760635850748,-0.025809057,-0.010995574,0.0030543262
1760635850751,-0.024587326,-0.010995574,0.0030543262
1760635850753,-0.028252518,-0.010995574,0.0030543262
1760635850755,-0.028252518,-0.012217305,6.1086525E-4
1760635850758,-0.029474247,-0.014660766,-6.1086525E-4
1760635850760,-0.030695979,-0.010995574,-6.1086525E-4
1760635850762,-0.028252518,-0.010995574,-0.0030543262
1760635850764,-0.029474247,-0.012217305,-0.004276057
1760635850767,-0.029474247,-0.008552114,-0.004276057
1760635850769,-0.027030786,-0.012217305,-0.007941248
1760635850771,-0.028252518,-0.007330383,-0.01038471
1760635850774,-0.029321533,-0.004886922,-0.01282817
1760635850776,-0.028099801,-0.0036651916,-0.014049901
1760635850778,-0.032986723,0.0012217305,-0.015271631
1760635850781,-0.030543262,0.0036651916,-0.016493361
1760635850782,-0.029168816,0.009773844,-0.016493361
1760635850786,-0.030390546,0.012217305,-0.015271631
1760635850788,-0.0290161,0.01572978,-0.017715093
1760635850789,-0.03145956,0.019547688,-0.017715093
1760635850792,-0.026572637,0.020616703,-0.018936822
1760635850794,-0.026419923,0.024281893,-0.018936822
1760635850796,-0.021380283,0.03145956,-0.018936822
1760635850799,-0.020158553,0.035124753,-0.017715093
1760635850801,-0.020158553,0.03634648,-0.016340645
1760635850803,-0.018784106,0.041233405,-0.015118915
1760635850806,-0.015118915,0.04718934,-0.015118915
1760635850808,-0.0125227375,0.04841107,-0.012675454
1760635850810,-0.010079277,0.050701816,-0.013897184
1760635850812,-0.006414085,0.053145275,-0.016340645
1760635850814,-0.0013744468,0.05421429,-0.012675454
1760635850817,0.0010690142,0.05787948,-0.010231993
1760635850819,0.005955936,0.056505036,-0.010231993
1760635850821,0.0096211275,0.054061573,-0.010231993
1760635850823,0.013286319,0.051618114,-0.007788532
1760635850826,0.01817324,0.049021937,-0.010231993
1760635850828,0.023060163,0.041691553,-0.009010263
1760635850830,0.027947085,0.04046982,-0.007788532
1760635850832,0.034055736,0.034208454,-0.0065668016
1760635850835,0.035124753,0.032986723,-0.0053450707
1760635850836,0.035124753,0.028099801,-0.00290161
1760635850839,0.038789943,0.02687807,-0.0065668016
1760635850841,0.040011674,0.021991149,-0.0041233404
1760635850843,0.03756821,0.02565634,-0.0053450707
1760635850846,0.036193766,0.021991149,-0.0053450707
1760635850848,0.031306844,0.019700404,-0.0065668016
1760635850851,0.027641652,0.019700404,-0.0065668016
1760635850853,0.026419923,0.018478673,-0.0065668016
1760635850855,0.020158553,0.016187929,-0.0053450707
1760635850858,0.017715093,0.012675454,-0.0053450707
1760635850860,0.013897184,0.0041233404,-0.005497787
1760635850861,0.0125227375,-0.004276057,-0.0067195175
1760635850864,0.011148291,-0.0067195175,-0.0067195175
1760635850866,0.007330383,-0.020005837,-0.0067195175
1760635850868,0.0071776668,-0.02855795,-0.007941248
1760635850870,0.00580322,-0.0346666,-0.005497787
1760635850873,0.00580322,-0.040775254,-0.005497787
1760635850875,0.0056505036,-0.04428773,-0.007941248
1760635850877,0.0032070426,-0.043066,-0.007941248
1760635850879,0.001985312,-0.04428773,-0.01038471
1760635850882,7.6358154E-4,-0.04184427,-0.009162978
1760635850884,-0.00290161,-0.04062254,-0.01038471
1760635850886,-0.0053450707,-0.038026363,-0.009162978
1760635850889,-0.007788532,-0.03680463,-0.007941248
1760635850891,-0.010079277,-0.030695979,-0.01038471
1760635850893,-0.010079277,-0.030695979,-0.007941248
1760635850896,-0.00992656,-0.024587326,-0.007941248
1760635850898,-0.00870483,-0.025809057,-0.004276057
1760635850900,-0.0062613687,-0.022296581,-0.004276057
1760635850902,-0.0062613687,-0.023518313,-0.004276057
1760635850904,-0.0062613687,-0.023518313,-0.0030543262
1760635850907,-1.5271631E-4,-0.024740042,-0.0018325958
1760635850909,0.0022907446,-0.024892759,-0.0018325958
1760635850911,0.0035124752,-0.02611449,-6.1086525E-4
1760635850913,0.005955936,-0.024892759,6.1086525E-4
1760635850916,0.008552114,-0.02367103,0.0018325958
1760635850918,0.008552114,-0.018936822,0.0018325958
1760635850920,0.013591751,-0.016493361,-6.1086525E-4
1760635850923,0.016035212,-0.017715093,-6.1086525E-4
1760635850925,0.014813482,-0.016493361,-6.1086525E-4
1760635850927,0.018478673,-0.01786781,-0.0030543262
1760635850929,0.020922136,-0.0154243475,-6.1086525E-4
1760635850932,0.019700404,-0.014202617,-6.1086525E-4
1760635850934,0.019700404,-0.012980887,-0.0018325958
1760635850936,0.02107485,-0.009315695,-0.0018325958
1760635850938,0.02107485,-0.0056505036,-0.0018325958
1760635850941,0.016187929,-0.0032070426,-0.0030543262
1760635850943,0.016340645,0.0016798794,-6.1086525E-4
1760635850945,0.011301007,0.0018325958,-6.1086525E-4
1760635850948,0.009010263,0.010231993,0.001985312
1760635850949,0.0065668016,0.01282817,0.001985312
1760635850953,0.0053450707,0.014049901,0.0032070426
1760635850954,0.00290161,0.015271631,0.0032070426
1760635850957,-7.6358154E-4,0.014049901,0.0056505036
1760635850960,-0.0032070426,0.017715093,0.0056505036
1760635850960,-0.0032070426,0.014202617,0.008093964
1760635850963,-0.006872234,0.011759156,0.011759156
1760635850967,-0.009315695,0.011759156,0.011759156
1760635850968,-0.008246681,0.008093964,0.015271631
1760635850970,-0.0070249503,0.0056505036,0.017715093
1760635850972,-0.0070249503,0.006872234,0.02031127
1760635850975,-0.0106901415,0.008093964,0.021533
1760635850977,-0.0106901415,0.009315695,0.02275473
1760635850979,-0.0143553335,0.008246681,0.02275473
1760635850981,-0.016798794,0.008246681,0.02275473
1760635850984,-0.018020526,0.013133603,0.02275473
1760635850986,-0.020463986,0.013133603,0.02275473
1760635850988,-0.02031127,0.018020526,0.02397646
1760635850990,-0.025198191,0.020616703,0.025198191
1760635850993,-0.028863383,0.024281893,0.02275473
1760635850995,-0.025045475,0.0290161,0.025198191
1760635850997,-0.027488936,0.03023783,0.025198191
1760635850999,-0.031306844,0.027947085,0.021533
1760635851002,-0.027641652,0.026725354,0.021533
1760635851004,-0.026419923,0.026725354,0.02031127
1760635851007,-0.027641652,0.027947085,0.01786781
1760635851008,-0.025198191,0.027794369,0.0154243475
1760635851011,-0.027641652,0.024281893,0.012980887
1760635851013,-0.027794369,0.019394971,0.012980887
1760635851015,-0.024129177,0.01695151,0.007941248
1760635851017,-0.021685716,0.016798794,0.005497787
1760635851020,-0.024129177,0.01817324,0.004276057
1760635851022,-0.020463986,0.015577064,-6.1086525E-4
1760635851024,-0.021685716,0.01450805,-0.0018325958
1760635851026,-0.019242255,0.018020526,-0.0067195175
1760635851029,-0.019242255,0.016798794,-0.01038471
1760635851031,-0.016798794,0.015577064,-0.01282817
1760635851033,-0.011759156,0.018020526,-0.015271631
1760635851035,-0.014202617,0.020463986,-0.016493361
1760635851038,-0.011759156,0.025198191,-0.020158553
1760635851040,-0.009162978,0.028863383,-0.022602014
1760635851042,-0.0067195175,0.032528576,-0.02367103
1760635851044,-0.0041233404,0.03726278,-0.02367103
1760635851047,-0.0041233404,0.0421497,-0.024892759
1760635851049,-0.006414085,0.044593163,-0.022449298
1760635851051,-0.0027488936,0.045814894,-0.020005837
1760635851054,-3.0543262E-4,0.04932737,-0.021227567
1760635851056,9.162979E-4,0.04932737,-0.018784106
1760635851057,9.162979E-4,0.04932737,-0.017562376
1760635851060,0.0010690142,0.05177083,-0.013897184
1760635851062,-1.5271631E-4,0.050549097,-0.011453724
1760635851064,-1.5271631E-4,0.05421429,-0.011453724
1760635851066,-0.0013744468,0.055436023,-0.010231993
1760635851069,-0.0038179078,0.05665775,-0.0065668016
1760635851071,-0.0050396384,0.059253927,-0.0065668016
1760635851073,-0.004886922,0.0627664,-0.0053450707
1760635851075,-0.00992656,0.06291912,-0.0053450707
1760635851078,-0.012370021,0.06291912,-0.0053450707
1760635851080,-0.012370021,0.06047566,-0.0041233404
1760635851082,-0.017256944,0.061850104,-0.0041233404
1760635851084,-0.016187929,0.055741455,-0.0041233404
1760635851087,-0.01740966,0.055741455,-0.0041233404
1760635851089,-0.016187929,0.05207626,-0.0065668016
1760635851092,-0.016187929,0.04718934,-0.007788532
1760635851094,-0.018784106,0.04352415,-0.0065668016
1760635851096,-0.020005837,0.041233405,-0.009010263
1760635851099,-0.021227567,0.040011674,-0.012675454
1760635851101,-0.022602014,0.03756821,-0.013897184
1760635851103,-0.020158553,0.03756821,-0.015118915
1760635851105,-0.022602014,0.03756821,-0.020005837
1760635851107,-0.022602014,0.03634648,-0.022602014
1760635851110,-0.021380283,0.03268129,-0.023823744
1760635851112,-0.02275473,0.0290161,-0.026267206
1760635851115,-0.02397646,0.024281893,-0.029932396
1760635851116,-0.02031127,0.024129177,-0.032375857
1760635851119,-0.015577064,0.015577064,-0.03604105
1760635851121,-0.0143553335,0.013133603,-0.03726278
1760635851123,-0.0106901415,0.011911872,-0.03970624
1760635851126,-0.0096211275,0.0070249503,-0.040927973
1760635851128,-0.005955936,0.0021380284,-0.04337143
1760635851130,-0.0047342055,-0.0027488936,-0.044593163
1760635851133,0.0012217305,-0.010231993,-0.044593163
1760635851135,0.002443461,-0.009010263,-0.048258353
1760635851137,0.0036651916,-0.013897184,-0.048258353
1760635851139,0.0035124752,-0.018784106,-0.049480084
1760635851141,0.0047342055,-0.017562376,-0.049480084
1760635851144,0.0047342055,-0.017562376,-0.053145275
1760635851146,0.0061086523,-0.016340645,-0.051923547
1760635851148,0.004886922,-0.016340645,-0.050701816
1760635851151,0.008552114,-0.012675454,-0.051923547
1760635851153,0.007330383,-0.011453724,-0.055588737
1760635851155,0.008552114,-0.011453724,-0.054367006
1760635851157,0.008552114,-0.012675454,-0.054367006
1760635851160,0.005955936,-0.018784106,-0.054367006
1760635851163,0.009773844,-0.017562376,-0.053145275
1760635851164,0.013439035,-0.017715093,-0.051923547
1760635851166,0.009773844,-0.017562376,-0.050701816
1760635851169,0.009773844,-0.017562376,-0.049480084
1760635851171,0.008552114,-0.017562376,-0.048258353
1760635851173,0.008552114,-0.017562376,-0.045814894
1760635851175,0.002443461,-0.013897184,-0.045814894
1760635851177,0.0036651916,-0.009010263,-0.0421497
1760635851179,-0.0010690142,-0.00290161,-0.03970624
1760635851182,-0.0022907446,-4.5814895E-4,-0.03848451
1760635851184,-0.0035124752,0.001985312,-0.03481932
1760635851187,-0.004581489,0.010537425,-0.029932396
1760635851189,-0.004581489,0.012980887,-0.028710667
1760635851191,-0.008246681,0.014202617,-0.027488936
1760635851193,-0.011911872,0.015577064,-0.025045475
1760635851196,-0.009315695,0.019089539,-0.021380283
1760635851198,-0.008093964,0.01786781,-0.017715093
1760635851200,-0.011911872,0.0143553335,-0.015271631
1760635851202,-0.009468411,0.009468411,-0.01282817
1760635851204,-0.008246681,0.010537425,-0.016493361
1760635851206,-0.0056505036,0.012980887,-0.01282817
1760635851209,-0.008093964,0.0154243475,-0.01160644
1760635851211,-0.009315695,0.01786781,-0.01160644
1760635851213,-0.006872234,0.01786781,-0.01160644
1760635851216,-0.005497787,0.02275473,-0.01160644
1760635851218,-0.0067195175,0.02397646,-0.014049901
1760635851220,-0.006872234,0.02275473,-0.015271631
1760635851222,-0.004276057,0.02397646,-0.01282817
1760635851225,6.1086525E-4,0.022602014,-0.014049901
1760635851227,6.1086525E-4,0.022602014,-0.01282817
1760635851230,6.1086525E-4,0.021380283,-0.01282817
1760635851232,0.005497787,0.018936822,-0.01282817
1760635851234,0.007788532,0.014049901,-0.01282817
1760635851236,0.012675454,0.011453724,-0.01160644
1760635851238,0.011453724,0.010231993,-0.014049901
1760635851241,0.015118915,0.0065668016,-0.015271631
1760635851243,0.016187929,0.0016798794,-0.01282817
1760635851245,0.018784106,0.00290161,-0.01282817
1760635851247,0.02107485,4.5814895E-4,-0.014049901
1760635851249,0.01985312,-0.006872234,-0.01282817
1760635851252,0.018478673,-0.008093964,-0.015271631
1760635851253,0.01740966,-0.006872234,-0.014049901
1760635851255,0.016035212,-0.009162978,-0.015271631
1760635851258,0.014813482,-0.01038471,-0.014049901
1760635851260,0.014813482,-0.014049901,-0.016493361
1760635851262,0.014660766,-0.017715093,-0.017715093
1760635851264,0.014660766,-0.017715093,-0.015271631
1760635851267,0.013439035,-0.020158553,-0.01282817
1760635851269,0.010995574,-0.022602014,-0.01282817
1760635851271,0.0071776668,-0.02733622,-0.01160644
1760635851273,0.008399397,-0.032223143,-0.01160644
1760635851276,0.0047342055,-0.031001411,-0.01160644
1760635851278,-3.0543262E-4,-0.030848695,-0.01038471
1760635851280,-0.0027488936,-0.029626964,-0.009162978
1760635851282,-0.0050396384,-0.025961773,-0.009162978
1760635851285,-0.008857546,-0.025809057,-0.009162978
1760635851287,-0.00992656,-0.023365596,-0.0067195175
1760635851289,-0.016035212,-0.016035212,-0.005497787
1760635851291,-0.019547688,-0.011148291,-0.005497787
1760635851294,-0.02076942,-0.00870483,-0.0018325958
1760635851296,-0.019547688,-0.007483099,6.1086525E-4
1760635851298,-0.02076942,-0.0062613687,6.1086525E-4
1760635851301,-0.02321288,-0.0038179078,0.005497787
1760635851303,-0.024281893,0.0035124752,0.007941248
1760635851305,-0.019394971,0.0022907446,0.01282817
1760635851308,-0.021685716,0.0071776668,0.01282817
1760635851310,-0.021685716,0.0096211275,0.015271631
1760635851312,-0.016646078,0.0143553335,0.01786781
1760635851314,-0.016646078,0.0143553335,0.021533
1760635851317,-0.016646078,0.021685716,0.025198191
1760635851319,-0.017715093,0.025350908,0.025198191
1760635851321,-0.016493361,0.027641652,0.027641652
1760635851323,-0.015271631,0.030085113,0.032528576
1760635851326,-0.016340645,0.034972034,0.034972034
1760635851328,-0.013897184,0.033750303,0.036193766
1760635851330,-0.013897184,0.037415497,0.039858956
1760635851332,-0.013897184,0.039858956,0.03863723
1760635851335,-0.013744468,0.039858956,0.041080687
1760635851337,-0.016340645,0.03863723,0.041080687
1760635851339,-0.0125227375,0.03970624,0.04230242
1760635851342,-0.013744468,0.04337143,0.04230242
1760635851343,-0.016187929,0.04352415,0.039858956
1760635851346,-0.016187929,0.04596761,0.039858956
1760635851348,-0.014813482,0.051923547,0.037415497
1760635851351,-0.01863139,0.049632803,0.033750303
1760635851352,-0.01740966,0.049632803,0.036193766
1760635851355,-0.016187929,0.05085453,0.033750303
1760635851357,-0.013744468,0.04230242,0.028863383
1760635851360,-0.013897184,0.03863723,0.027641652
1760635851362,-0.011453724,0.032528576,0.02397646
1760635851364,-0.01160644,0.027641652,0.021533
1760635851367,-0.01160644,0.02275473,0.016646078
1760635851368,-0.008093964,0.01786781,0.0154243475
1760635851371,-0.0056505036,0.016646078,0.011759156
1760635851373,-0.008093964,0.0154243475,0.010537425
1760635851375,-0.010537425,0.016646078,0.0056505036
1760635851378,-0.009315695,0.0154243475,0.004428773
1760635851380,-0.009315695,0.016646078,0.004428773
1760635851382,-0.010537425,0.016646078,0.001985312
1760635851384,-0.009315695,0.01786781,-4.5814895E-4
1760635851387,-0.010537425,0.0154243475,-6.1086525E-4
1760635851389,-0.008093964,0.012980887,6.1086525E-4
1760635851392,-0.008246681,0.010537425,0.0018325958
1760635851393,-0.0106901415,0.012980887,0.0018325958
1760635851396,-0.009468411,0.010537425,6.1086525E-4
1760635851397,-0.009468411,0.009315695,0.004276057
1760635851400,-0.011911872,0.0106901415,0.0067195175
1760635851403,-0.011911872,0.011911872,0.0067195175
1760635851404,-0.009315695,0.014202617,0.009315695
1760635851408,-0.013133603,0.013133603,0.009315695
1760635851409,-0.016798794,0.013133603,0.012980887
1760635851412,-0.01786781,0.016798794,0.014202617
1760635851414,-0.02031127,0.016798794,0.014202617
1760635851416,-0.021685716,0.013133603,0.016646078
1760635851418,-0.022907447,0.010842858,0.018936822
1760635851420,-0.024281893,0.005955936,0.017715093
1760635851423,-0.025503624,0.0071776668,0.020158553
1760635851425,-0.025503624,0.0047342055,0.020158553
1760635851427,-0.026725354,0.0035124752,0.018936822
1760635851430,-0.027947085,0.0022907446,0.018936822
1760635851432,-0.027947085,0.0,0.017715093
1760635851434,-0.02687807,-0.0013744468,0.016493361
1760635851436,-0.026725354,-1.5271631E-4,0.017715093
1760635851439,-0.02687807,-0.0013744468,0.015271631
1760635851441,-0.02565634,-0.0013744468,0.01160644
1760635851443,-0.024281893,-1.5271631E-4,0.009162978
1760635851446,-0.02321288,-0.0038179078,0.009162978
1760635851448,-0.020616703,-0.0025961774,0.009162978
1760635851451,-0.01450805,-0.003970624,0.009162978
1760635851452,-0.01450805,-3.0543262E-4,0.0067195175
1760635851454,-0.012064588,-0.0015271631,0.0030543262
1760635851457,-0.005955936,-0.0016798794,6.1086525E-4
1760635851459,-0.0010690142,-0.00290161,-0.0018325958
1760635851461,0.0025961774,-0.00290161,-6.1086525E-4
1760635851463,0.008857546,-0.0030543262,-0.0018325958
1760635851466,0.008857546,-0.0018325958,-0.0030543262
1760635851468,0.013744468,-7.6358154E-4,-0.0067195175
1760635851470,0.014966198,0.00290161,-0.007941248
1760635851473,0.018784106,0.00290161,-0.01038471
1760635851475,0.02367103,0.006414085,-0.01160644
1760635851477,0.02611449,0.0076358155,-0.014049901
1760635851479,0.027488936,0.010079277,-0.015271631
1760635851481,0.027488936,0.013744468,-0.015118915
1760635851484,0.027488936,0.014966198,-0.016340645
1760635851486,0.031154128,0.013591751,-0.018784106
1760635851488,0.031306844,0.019700404,-0.020005837
1760635851490,0.032528576,0.018478673,-0.016340645
1760635851493,0.032528576,0.022143865,-0.017562376
1760635851495,0.032528576,0.020922136,-0.018784106
1760635851497,0.032528576,0.023365596,-0.021227567
1760635851500,0.03390302,0.025809057,-0.018784106
1760635851502,0.031306844,0.023365596,-0.017562376
1760635851504,0.031306844,0.025809057,-0.017562376
1760635851506,0.027641652,0.022143865,-0.017562376
1760635851509,0.028863383,0.020922136,-0.017562376
1760635851511,0.026419923,0.022143865,-0.015118915
1760635851513,0.02031127,0.022296581,-0.013897184
1760635851515,0.021533,0.027183503,-0.015118915
1760635851517,0.021533,0.027183503,-0.013897184
1760635851520,0.01786781,0.025961773,-0.013897184
1760635851522,0.0154243475,0.028405234,-0.010231993
1760635851524,0.0154243475,0.028405234,-0.011453724
1760635851526,0.01038471,0.02367103,-0.009010263
1760635851528,0.007941248,0.02367103,-0.009010263
1760635851530,0.0067195175,0.024892759,-0.0053450707
1760635851533,0.004276057,0.023823744,-0.0053450707
1760635851535,0.0030543262,0.023823744,-0.0041233404
1760635851538,-6.1086525E-4,0.021380283,-0.00290161
1760635851540,-0.004276057,0.021533,-0.0041233404
1760635851542,-0.0056505036,0.019089539,-0.00290161
1760635851545,-0.009315695,0.019089539,-0.004276057
1760635851547,-0.010537425,0.021533,-0.00290161
1760635851550,-0.012980887,0.018020526,-0.0018325958
1760635851552,-0.0143553335,0.0143553335,-6.1086525E-4
1760635851553,-0.018020526,0.016798794,-6.1086525E-4
1760635851556,-0.019242255,0.0143553335,-0.0018325958
1760635851558,-0.020463986,0.013286319,-6.1086525E-4
1760635851560,-0.021685716,0.012064588,-6.1086525E-4
1760635851563,-0.025350908,0.012064588,-6.1086525E-4
1760635851564,-0.026572637,0.010842858,0.0018325958
1760635851567,-0.0290161,0.012064588,0.0018325958
1760635851569,-0.029168816,0.008552114,6.1086525E-4
1760635851571,-0.027947085,0.008399397,0.004276057
1760635851574,-0.027947085,0.0047342055,0.0067195175
1760635851576,-0.026725354,0.0010690142,0.007941248
1760635851578,-0.021838432,-1.5271631E-4,0.007941248
1760635851580,-0.017104227,-0.0050396384,0.01160644
1760635851583,-0.014660766,-0.008857546,0.01038471
1760635851585,-0.015882496,-0.00870483,0.01038471
1760635851587,-0.0096211275,-0.0076358155,0.01282817
1760635851589,-0.005955936,-0.007788532,0.015271631
1760635851592,1.5271631E-4,-0.0065668016,0.015271631
1760635851594,0.0013744468,-0.007788532,0.014049901
1760635851596,0.0038179078,-0.009010263,0.014049901
1760635851599,0.007483099,-0.007941248,0.015271631
1760635851601,0.007483099,-0.007941248,0.015271631
1760635851603,0.007483099,-0.009162978,0.014049901
1760635851606,0.011148291,-0.009162978,0.014049901
1760635851608,0.014813482,-0.010537425,0.014049901
1760635851610,0.014966198,-0.009315695,0.01282817
1760635851612,0.013591751,-0.014049901,0.01038471
1760635851615,0.016035212,-0.0154243475,0.009162978
1760635851617,0.017256944,-0.01786781,0.007941248
1760635851619,0.019700404,-0.019089539,0.005497787
1760635851621,0.017104227,-0.020158553,0.004276057
1760635851623,0.015882496,-0.021380283,0.005497787
1760635851626,0.013439035,-0.020158553,0.0030543262
1760635851628,0.010995574,-0.022602014,6.1086525E-4
1760635851630,0.010995574,-0.021380283,0.0018325958
1760635851633,0.007330383,-0.022449298,-0.0018325958
1760635851635,0.004886922,-0.020005837,-0.0030543262
1760635851637,0.0036651916,-0.020005837,-0.0030543262
1760635851639,0.0012217305,-0.018784106,-0.0030543262
1760635851642,-0.0012217305,-0.017562376,-0.0030543262
1760635851644,-0.0036651916,-0.014966198,-0.004276057
1760635851646,-0.007330383,-0.014966198,-0.005497787
1760635851648,-0.00992656,-0.016187929,-0.005497787
1760635851651,-0.009773844,-0.013744468,-0.005497787
1760635851653,-0.014660766,-0.012370021,-0.004276057
1760635851655,-0.013591751,-0.016035212,-0.0030543262
1760635851657,-0.013439035,-0.013591751,-0.0030543262
1760635851659,-0.017104227,-0.00870483,-0.0030543262
1760635851662,-0.015882496,-0.0062613687,-6.1086525E-4
1760635851664,-0.01695151,-0.0013744468,-6.1086525E-4
1760635851667,-0.01572978,9.162979E-4,0.0030543262
1760635851668,-0.019394971,0.0071776668,0.0030543262
1760635851671,-0.022907447,0.01450805,0.005497787
1760635851673,-0.021533,0.018020526,0.005497787
1760635851675,-0.020463986,0.016798794,0.0067195175
1760635851678,-0.019089539,0.021685716,0.006872234
1760635851680,-0.021533,0.024129177,0.009315695
1760635851682,-0.021533,0.024129177,0.010537425
1760635851684,-0.02031127,0.022907447,0.0154243475
1760635851687,-0.016493361,0.025350908,0.0154243475
1760635851689,-0.014049901,0.027641652,0.014202617
1760635851690,-0.016493361,0.025350908,0.01786781
1760635851693,-0.01160644,0.02397646,0.019089539
1760635851695,-0.01038471,0.025198191,0.019089539
1760635851697,-0.007941248,0.02397646,0.01786781
1760635851700,-0.0053450707,0.029932396,0.01786781
1760635851702,-0.0053450707,0.029932396,0.01786781
1760635851704,-0.0041233404,0.031154128,0.019089539
1760635851708,-0.00290161,0.032375857,0.016646078
1760635851710,-0.0041233404,0.032375857,0.0154243475
1760635851712,-0.0041233404,0.03481932,0.016646078
1760635851713,-0.00290161,0.03481932,0.016646078
1760635851716,-0.0041233404,0.03726278,0.0154243475
1760635851718,-0.0053450707,0.03481932,0.0154243475
1760635851720,-0.007788532,0.03970624,0.0154243475
1760635851723,-0.010231993,0.03970624,0.012980887
1760635851725,-0.011453724,0.037415497,0.011759156
1760635851727,-0.013897184,0.036193766,0.011759156
1760635851730,-0.015118915,0.037415497,0.0154243475
1760635851732,-0.016340645,0.034972034,0.014202617
1760635851734,-0.018936822,0.03390302,0.012980887
1760635851736,-0.023823744,0.03390302,0.014202617
1760635851738,-0.022602014,0.035124753,0.011759156
1760635851740,-0.025045475,0.03023783,0.014202617
1760635851743,-0.026419923,0.027947085,0.012980887
1760635851746,-0.028863383,0.025503624,0.014202617
1760635851747,-0.028863383,0.026725354,0.0154243475
1760635851749,-0.031306844,0.025503624,0.016646078
1760635851751,-0.032528576,0.024281893,0.016646078
1760635851753,-0.034972034,0.024281893,0.019089539
1760635851756,-0.035124753,0.019547688,0.02031127
1760635851758,-0.03390302,0.013439035,0.021380283
1760635851760,-0.03390302,0.012217305,0.022602014
1760635851762,-0.034055736,0.008552114,0.022602014
1760635851765,-0.031612277,0.009773844,0.022602014
1760635851767,-0.029168816,0.005955936,0.022602014
1760635851770,-0.031612277,0.004886922,0.023823744
1760635851772,-0.026725354,0.0022907446,0.025045475
1760635851773,-0.025503624,-1.5271631E-4,0.025045475
1760635851776,-0.024281893,-1.5271631E-4,0.023823744
1760635851778,-0.02565634,-0.0038179078,0.023823744
1760635851780,-0.021991149,-0.0062613687,0.022602014
1760635851783,-0.019547688,-0.00870483,0.018936822
1760635851785,-0.015882496,-0.00870483,0.017715093
1760635851788,-0.016035212,-0.016035212,0.016493361
1760635851790,-0.016035212,-0.016035212,0.014049901
1760635851791,-0.011148291,-0.02107485,0.01282817
1760635851794,-0.013591751,-0.024587326,0.01038471
1760635851796,-0.012370021,-0.023365596,0.01160644
1760635851799,-0.00870483,-0.025961773,0.01038471
1760635851801,-0.00992656,-0.027030786,0.0067195175
1760635851804,-0.00870483,-0.025961773,0.004276057
1760635851806,-0.0076358155,-0.029626964,0.0018325958
1760635851808,-0.005192355,-0.029626964,-6.1086525E-4
1760635851810,-0.0038179078,-0.028405234,-0.0018325958
1760635851812,-0.005192355,-0.028405234,-0.0030543262
1760635851815,-0.0038179078,-0.027183503,-0.0067195175
1760635851817,-0.0050396384,-0.024740042,-0.005497787
1760635851818,-0.0062613687,-0.025961773,-0.007941248
1760635851821,0.0010690142,-0.027183503,-0.005497787
1760635851823,-0.0025961774,-0.027183503,-0.005497787
1760635851826,-0.0025961774,-0.023518313,-0.009162978
1760635851828,0.0012217305,-0.020005837,-0.0067195175
1760635851831,0.0012217305,-0.018784106,-0.007941248
1760635851832,0.002443461,-0.016340645,-0.0067195175
1760635851835,0.0061086523,-0.013897184,-0.007941248
1760635851837,0.007483099,-0.004276057,-0.005497787
1760635851839,0.008857546,-0.004276057,-0.005497787
1760635851841,0.010079277,-0.0030543262,-0.005497787
1760635851844,0.013744468,-0.0032070426,-0.0030543262
1760635851846,0.015118915,0.00290161,-0.0030543262
1760635851849,0.01740966,4.5814895E-4,-0.0018325958
1760635851851,0.021227567,4.5814895E-4,-6.1086525E-4
1760635851852,0.022449298,3.0543262E-4,-6.1086525E-4
1760635851855,0.02977968,0.003970624,-0.0030543262
1760635851857,0.032375857,0.0062613687,-0.00290161
1760635851860,0.032375857,0.00870483,-0.00290161
1760635851862,0.032375857,0.013591751,-0.00290161
1760635851864,0.032375857,0.013591751,-0.0041233404
1760635851866,0.030085113,0.018478673,-0.0065668016
1760635851870,0.030085113,0.022143865,-0.007788532
1760635851871,0.027641652,0.019700404,-0.007788532
1760635851873,0.028863383,0.023365596,-0.011453724
1760635851876,0.02397646,0.025961773,-0.012675454
1760635851878,0.021533,0.028405234,-0.013897184
1760635851879,0.02031127,0.030848695,-0.012675454
1760635851882,0.0154243475,0.028405234,-0.011453724
1760635851884,0.014202617,0.029626964,-0.013897184
1760635851886,0.010537425,0.02855795,-0.013897184
1760635851890,0.008093964,0.02733622,-0.015118915
1760635851891,0.004276057,0.026267206,-0.013897184
1760635851893,0.0067195175,0.018936822,-0.010231993
1760635851895,0.0053450707,0.014049901,-0.0067195175
1760635851897,0.0041233404,0.01038471,-0.0067195175
1760635851900,3.0543262E-4,0.006872234,-0.005497787
1760635851902,0.0015271631,0.005497787,-0.004276057
1760635851904,0.003970624,0.004276057,-0.0030543262
1760635851907,0.0015271631,7.6358154E-4,6.1086525E-4
1760635851909,-9.162979E-4,0.001985312,0.0018325958
1760635851912,-9.162979E-4,0.0032070426,0.0030543262
1760635851914,-0.0021380284,0.001985312,0.0018325958
1760635851916,-9.162979E-4,-4.5814895E-4,0.005497787
1760635851918,-0.0021380284,7.6358154E-4,0.005497787
1760635851921,-0.00580322,0.001985312,0.007941248
1760635851923,-0.008399397,9.162979E-4,0.009162978
1760635851925,-0.008246681,0.004428773,0.007941248
1760635851927,-0.009468411,0.0021380284,0.01038471
1760635851929,-0.012064588,-0.0015271631,0.014049901
1760635851932,-0.010842858,-3.0543262E-4,0.014049901
1760635851934,-0.01450805,-0.0015271631,0.016493361
1760635851936,-0.01817324,-3.0543262E-4,0.018936822
1760635851938,-0.02076942,-0.0062613687,0.016493361
1760635851940,-0.02076942,-0.0062613687,0.018936822
1760635851943,-0.021991149,-0.0062613687,0.016493361
1760635851945,-0.02443461,-0.00870483,0.020158553
1760635851947,-0.02321288,-0.011148291,0.021380283
1760635851950,-0.021991149,-0.012370021,0.020158553
1760635851951,-0.02076942,-0.012370021,0.023823744
1760635851954,-0.02076942,-0.011148291,0.021380283
1760635851956,-0.021991149,-0.012370021,0.021380283
1760635851959,-0.02076942,-0.013591751,0.021380283
1760635851961,-0.019547688,-0.012370021,0.018936822
1760635851963,-0.019547688,-0.00992656,0.015271631
1760635851965,-0.018325957,-0.00870483,0.014049901
1760635851968,-0.015882496,-0.0062613687,0.01160644
1760635851970,-0.01450805,-0.0015271631,0.01160644
1760635851973,-0.012064588,0.0021380284,0.0067195175
1760635851975,-0.008246681,0.0032070426,0.0030543262
1760635851977,-0.0033597588,0.006872234,0.0030543262
1760635851978,0.0016798794,0.01038471,6.1086525E-4
1760635851982,0.0053450707,0.009162978,-6.1086525E-4
1760635851983,0.009010263,0.012675454,-4.5814895E-4
1760635851985,0.015271631,0.018784106,-0.0041233404
1760635851987,0.016493361,0.01863139,-0.0053450707
1760635851991,0.02275473,0.024740042,-0.007788532
1760635851992,0.025198191,0.027030786,-0.009010263
1760635851995,0.025350908,0.03191771,-0.009010263
1760635851997,0.027794369,0.03680463,-0.009010263
1760635851999,0.027794369,0.03680463,-0.010231993
1760635852001,0.029168816,0.038026363,-0.010231993
1760635852005,0.030390546,0.03680463,-0.013897184
1760635852006,0.027794369,0.03191771,-0.011453724
1760635852008,0.0290161,0.030695979,-0.012675454
1760635852011,0.0290161,0.03191771,-0.010231993
1760635852013,0.03023783,0.028252518,-0.007788532
1760635852015,0.0290161,0.028252518,-0.011453724
1760635852017,0.027641652,0.024587326,-0.009010263
1760635852020,0.025198191,0.022143865,-0.0053450707
1760635852022,0.023823744,0.01740966,-0.0053450707
1760635852024,0.021380283,0.01863139,-0.0016798794
1760635852026,0.022602014,0.01740966,-0.00290161
1760635852028,0.017715093,0.016187929,-0.00290161
1760635852031,0.014049901,0.016340645,-0.00290161
1760635852033,0.009162978,0.016340645,-0.00290161
1760635852036,0.0041233404,0.01282817,-0.0018325958
1760635852038,0.0041233404,0.014049901,-4.5814895E-4
1760635852040,4.5814895E-4,0.01160644,6.1086525E-4
1760635852042,-0.001985312,0.011759156,-0.0018325958
1760635852044,-0.0070249503,0.009315695,6.1086525E-4
1760635852047,-0.008246681,0.004428773,6.1086525E-4
1760635852049,-0.013286319,0.0033597588,6.1086525E-4
1760635852052,-0.012064588,9.162979E-4,6.1086525E-4
1760635852054,-0.010842858,-0.003970624,0.004276057
1760635852056,-0.012064588,-0.005192355,0.005497787
1760635852058,-0.012217305,-0.008857546,0.004276057
1760635852060,-0.013439035,-0.008857546,0.005497787
1760635852062,-0.013439035,-0.011301007,0.005497787
1760635852064,-0.010995574,-0.0125227375,0.007941248
1760635852066,-0.009773844,-0.0125227375,0.007941248
1760635852069,-0.009773844,-0.013744468,0.01038471
1760635852071,-0.009773844,-0.01740966,0.009162978
1760635852073,-0.0061086523,-0.0125227375,0.009162978
1760635852076,-0.007330383,-0.013744468,0.01282817
1760635852078,-0.0061086523,-0.013744468,0.014049901
1760635852081,-0.0061086523,-0.014966198,0.014049901
1760635852082,-0.0036651916,-0.01740966,0.016493361
1760635852084,-0.002443461,-0.013897184,0.015271631
1760635852087,-0.0035124752,-0.011453724,0.018936822
1760635852089,-0.0012217305,-0.015118915,0.021380283
1760635852092,-0.0010690142,-0.011453724,0.025045475
1760635852095,-0.0035124752,-0.010231993,0.023823744
1760635852097,-0.0022907446,-0.011453724,0.025045475
1760635852099,0.0,-0.015118915,0.028710667
1760635852101,1.5271631E-4,-0.011453724,0.028710667
1760635852103,0.0038179078,-0.01160644,0.028710667
1760635852106,1.5271631E-4,-0.011453724,0.031154128
1760635852108,1.5271631E-4,-0.009010263,0.03359759
1760635852110,0.0013744468,-0.012675454,0.03359759
1760635852112,-0.0022907446,-0.012675454,0.032375857
1760635852115,1.5271631E-4,-0.012675454,0.03359759
1760635852117,1.5271631E-4,-0.011453724,0.032375857
1760635852119,-0.0036651916,-0.015118915,0.031154128
1760635852121,-0.002443461,-0.016340645,0.032375857
1760635852124,-0.002443461,-0.020005837,0.032375857
1760635852126,-0.0012217305,-0.021227567,0.031154128
1760635852128,-0.004886922,-0.02107485,0.028710667
1760635852130,-0.004886922,-0.01985312,0.027488936
1760635852132,-0.004886922,-0.02107485,0.023823744
1760635852135,-0.007483099,-0.022296581,0.020158553
1760635852137,-0.0038179078,-0.023518313,0.018936822
1760635852139,-0.007483099,-0.023518313,0.017715093
1760635852141,-0.0050396384,-0.023518313,0.015271631
1760635852143,-0.0062613687,-0.02107485,0.01160644
1760635852146,-0.004886922,-0.01985312,0.009162978
1760635852148,-0.0062613687,-0.024740042,0.0067195175
1760635852150,-0.0062613687,-0.02107485,0.0030543262
1760635852152,-0.009773844,-0.014966198,0.0030543262
1760635852155,-0.010995574,-0.0125227375,-6.1086525E-4
1760635852157,-0.010995574,-0.008857546,-0.0018325958
1760635852160,-0.010995574,-0.008857546,-0.0018325958
1760635852162,-0.009773844,-0.0076358155,-0.005497787
1760635852164,-0.012064588,-0.003970624,-0.0030543262
1760635852166,-0.012064588,-0.0015271631,-0.004276057
1760635852169,-0.012064588,-3.0543262E-4,-0.005497787
1760635852171,-0.013286319,0.0033597588,-0.005497787
1760635852173,-0.0070249503,0.006872234,-0.005497787
1760635852176,-0.008246681,0.009315695,-0.005497787
1760635852178,-0.00580322,0.010537425,-0.004276057
1760635852179,-0.0056505036,0.011759156,-0.0030543262
1760635852182,-0.004428773,0.01786781,-0.0030543262
1760635852185,-0.006872234,0.021533,-0.00290161
1760635852187,-0.005497787,0.025198191,-0.0041233404
1760635852189,-0.005497787,0.026419923,-0.0016798794
1760635852191,-0.004276057,0.027488936,-0.0016798794
1760635852194,-0.004276057,0.029932396,-0.00290161
1760635852196,-0.0016798794,0.029932396,-0.0016798794
1760635852198,-0.00290161,0.03604105,-0.0016798794
1760635852200,-0.0016798794,0.03481932,-0.0016798794
1760635852203,-0.0016798794,0.03481932,-0.00290161
1760635852205,-4.5814895E-4,0.032375857,-0.00290161
1760635852207,0.001985312,0.032375857,-0.00290161
1760635852209,0.001985312,0.03359759,-0.00290161
1760635852211,0.001985312,0.03359759,-0.00290161
1760635852214,0.004428773,0.032223143,-0.0053450707
1760635852216,0.0056505036,0.02977968,-0.0041233404
1760635852218,0.008093964,0.02611449,-0.00290161
1760635852220,0.007941248,0.021227567,-0.0041233404
1760635852223,0.0067195175,0.021227567,-0.0053450707
1760635852225,0.005497787,0.020158553,-0.009010263
1760635852227,0.0030543262,0.018936822,-0.007788532
1760635852230,0.0016798794,0.015271631,-0.007941248
1760635852232,0.0016798794,0.016493361,-0.007941248
1760635852233,0.0030543262,0.018936822,-0.009162978
1760635852236,-7.6358154E-4,0.018936822,-0.009162978
1760635852238,-0.0056505036,0.01786781,-0.009162978
1760635852241,-0.006872234,0.01786781,-0.01038471
1760635852243,-0.0106901415,0.0143553335,-0.01282817
1760635852246,-0.013133603,0.011911872,-0.01160644
1760635852248,-0.011911872,0.0070249503,-0.01160644
1760635852250,-0.01817324,0.0022907446,-0.01160644
1760635852251,-0.01695151,0.0010690142,-0.009162978
1760635852255,-0.02076942,-0.0025961774,-0.01038471
1760635852256,-0.02076942,-0.0062613687,-0.009162978
1760635852258,-0.02321288,-0.008552114,-0.01038471
1760635852260,-0.022143865,-0.013439035,-0.009162978
1760635852263,-0.020922136,-0.013591751,-0.009162978
1760635852265,-0.022143865,-0.013439035,-0.007941248
1760635852267,-0.022143865,-0.017104227,-0.009162978
1760635852269,-0.023365596,-0.015882496,-0.007941248
1760635852272,-0.024587326,-0.014660766,-0.01038471
1760635852274,-0.023365596,-0.010995574,-0.01038471
1760635852276,-0.02076942,-0.00992656,-0.01038471
1760635852278,-0.020922136,-0.011148291,-0.007941248
1760635852280,-0.019547688,-0.00992656,-0.007941248
1760635852283,-0.015882496,-0.00992656,-0.009162978
1760635852285,-0.016035212,-0.013591751,-0.007941248
1760635852287,-0.012217305,-0.011301007,-0.007941248
1760635852290,-0.009773844,-0.010079277,-0.0067195175
1760635852292,-0.002443461,-0.011453724,-0.007941248
1760635852294,0.0,-0.015118915,-0.01038471
1760635852297,0.0012217305,-0.015118915,-0.01038471
1760635852299,0.004886922,-0.016340645,-0.009162978
1760635852301,0.007483099,-0.01160644,-0.009162978
1760635852304,0.00992656,-0.01038471,-0.01282817
1760635852306,0.012370021,-0.01038471,-0.01160644
1760635852308,0.012370021,-0.0067195175,-0.01282817
1760635852310,0.012370021,-0.007941248,-0.014049901
1760635852313,0.014813482,-0.007941248,-0.01282817
1760635852315,0.013744468,-0.004276057,-0.01160644
1760635852317,0.01740966,-0.004428773,-0.01282817
1760635852319,0.01863139,-0.001985312,-0.01282817
1760635852322,0.01985312,-7.6358154E-4,-0.015271631
1760635852324,0.022296581,-0.0032070426,-0.015271631
1760635852326,0.01985312,-0.001985312,-0.01282817
1760635852328,0.018784106,0.00290161,-0.015271631
1760635852331,0.01863139,-0.001985312,-0.017715093
1760635852333,0.01985312,-0.001985312,-0.016493361
1760635852335,0.02107485,-7.6358154E-4,-0.016493361
1760635852338,0.022296581,-7.6358154E-4,-0.017715093
1760635852340,0.02107485,-0.0032070426,-0.017715093
1760635852342,0.023518313,-0.0021380284,-0.016493361
1760635852344,0.02107485,-0.001985312,-0.017715093
1760635852347,0.01863139,-0.004428773,-0.017715093
1760635852349,0.02107485,-0.0056505036,-0.015271631
1760635852351,0.01863139,-0.0032070426,-0.015271631
1760635852353,0.016187929,-7.6358154E-4,-0.015271631
1760635852356,0.016187929,-7.6358154E-4,-0.016493361
1760635852358,0.01740966,0.00290161,-0.015271631
1760635852360,0.014966198,-0.001985312,-0.015271631
1760635852363,0.0125227375,6.1086525E-4,-0.014049901
1760635852365,0.014966198,4.5814895E-4,-0.014049901
1760635852366,0.013744468,-7.6358154E-4,-0.01160644
1760635852369,0.0125227375,0.0016798794,-0.01160644
1760635852372,0.0076358155,6.1086525E-4,-0.01038471
1760635852373,0.0076358155,-0.0018325958,-0.009162978
1760635852376,0.006414085,6.1086525E-4,-0.0067195175
1760635852378,0.0015271631,0.001985312,-0.005497787
1760635852381,0.0027488936,0.0018325958,-0.004276057
1760635852382,3.0543262E-4,0.001985312,-0.004276057
1760635852384,-9.162979E-4,7.6358154E-4,-0.004276057
1760635852388,-0.0021380284,7.6358154E-4,-0.0030543262
1760635852389,-0.0022907446,-4.5814895E-4,-0.0030543262
1760635852392,-0.0047342055,-4.5814895E-4,-6.1086525E-4
1760635852394,-0.008399397,-0.003970624,6.1086525E-4
1760635852396,-0.005955936,-0.006414085,0.0018325958
1760635852398,-0.008399397,-0.006414085,0.004276057
1760635852401,-0.0071776668,-0.006414085,0.004276057
1760635852403,-0.0071776668,-0.005192355,0.005497787
1760635852405,-0.008399397,-0.005192355,0.005497787
1760635852407,-0.008399397,-0.0076358155,0.009162978
1760635852410,-0.010995574,-0.008857546,0.007941248
1760635852412,-0.0096211275,-0.006414085,0.007941248
1760635852414,-0.0096211275,-0.003970624,0.009162978
1760635852416,-0.012064588,-3.0543262E-4,0.005497787
1760635852419,-0.010842858,-3.0543262E-4,0.007941248
1760635852421,-0.012064588,-3.0543262E-4,0.005497787
1760635852423,-0.012064588,-3.0543262E-4,0.005497787
1760635852425,-0.013286319,-3.0543262E-4,0.007941248
1760635852428,-0.012064588,-0.0027488936,0.0067195175
1760635852429,-0.010842858,-0.003970624,0.007941248
1760635852431,-0.013439035,-0.006414085,0.01038471
1760635852434,-0.010842858,-0.005192355,0.01160644
1760635852436,-0.010842858,-0.005192355,0.01160644
1760635852438,-0.010842858,-0.005192355,0.01038471
1760635852441,-0.010842858,-0.003970624,0.009162978
1760635852443,-0.010842858,-0.0015271631,0.01038471
1760635852446,-0.012064588,-0.005192355,0.007941248
1760635852448,-0.010842858,-0.0015271631,0.0067195175
1760635852450,-0.013286319,-0.0027488936,0.004276057
1760635852452,-0.01450805,-0.0015271631,0.005497787
1760635852455,-0.01572978,0.004581489,0.005497787
1760635852457,-0.01572978,0.0021380284,0.0018325958
1760635852459,-0.015577064,0.00580322,0.0018325958
1760635852461,-0.0143553335,0.00580322,-0.0018325958
1760635852464,-0.01695151,0.004581489,-0.0018325958
1760635852466,-0.01572978,0.00580322,-0.0018325958
1760635852468,-0.013133603,0.00580322,-0.0030543262
1760635852470,-0.015577064,0.008246681,-0.0030543262
1760635852473,-0.0143553335,0.009468411,-0.004276057
1760635852475,-0.011911872,0.0070249503,-0.0067195175
1760635852477,-0.016798794,0.009468411,-0.007941248
1760635852479,-0.0106901415,0.014202617,-0.007941248
1760635852482,-0.010537425,0.02031127,-0.01038471
1760635852484,-0.009315695,0.01786781,-0.009162978
1760635852486,-0.008093964,0.021533,-0.01038471
1760635852488,-0.0067195175,0.02397646,-0.012675454
1760635852491,-0.005497787,0.025198191,-0.011453724
1760635852493,-0.004276057,0.025198191,-0.011453724
1760635852495,-6.1086525E-4,0.029932396,-0.009010263
1760635852497,-0.0016798794,0.032375857,-0.009010263
1760635852500,-0.0030543262,0.031154128,-0.010231993
1760635852502,-4.5814895E-4,0.03359759,-0.010231993
1760635852504,0.001985312,0.038331795,-0.010231993
1760635852506,0.004581489,0.039553523,-0.007788532
1760635852509,0.001985312,0.037110064,-0.007788532
1760635852511,0.001985312,0.038331795,-0.010231993
1760635852513,-3.0543262E-4,0.0421497,-0.007788532
1760635852516,9.162979E-4,0.046883907,-0.007788532
1760635852518,9.162979E-4,0.04444045,-0.0016798794
1760635852520,0.0021380284,0.045662176,-0.0016798794
1760635852522,0.004581489,0.041996986,-4.5814895E-4
1760635852524,0.0021380284,0.039553523,7.6358154E-4
1760635852527,0.0021380284,0.038331795,0.004428773
1760635852530,0.001985312,0.035888333,0.0056505036
1760635852532,0.0056505036,0.02733622,0.008093964
1760635852534,0.0067195175,0.02367103,0.009315695
1760635852536,0.004276057,0.021380283,0.010537425
1760635852538,0.005497787,0.017715093,0.009315695
1760635852540,0.0018325958,0.018936822,0.010537425
1760635852543,-6.1086525E-4,0.017715093,0.010537425
1760635852545,-7.6358154E-4,0.014049901,0.009315695
1760635852547,-0.001985312,0.015271631,0.008093964
1760635852549,-0.004428773,0.012980887,0.009315695
1760635852552,-0.008093964,0.011759156,0.0067195175
1760635852554,-0.009468411,0.010537425,0.005497787
1760635852556,-0.015577064,0.0070249503,0.005497787
1760635852559,-0.01572978,0.0021380284,0.005497787
1760635852561,-0.01695151,-0.0013744468,0.004276057
1760635852563,-0.019547688,-0.007483099,0.0030543262
1760635852564,-0.017104227,-0.00992656,0.0018325958
1760635852567,-0.017104227,-0.012370021,-6.1086525E-4
1760635852570,-0.017256944,-0.017256944,-0.004276057
1760635852572,-0.01863139,-0.022143865,-0.004276057
1760635852574,-0.016035212,-0.019700404,-0.009162978
1760635852576,-0.013591751,-0.019700404,-0.01160644
1760635852579,-0.013591751,-0.018478673,-0.01282817
1760635852581,-0.013591751,-0.018478673,-0.016493361
1760635852583,-0.012370021,-0.017256944,-0.018936822
1760635852585,-0.011148291,-0.017256944,-0.018936822
1760635852588,-0.011148291,-0.019700404,-0.021380283
1760635852590,-0.0062613687,-0.01740966,-0.026267206
1760635852592,-0.0050396384,-0.02107485,-0.027488936
1760635852595,-0.0025961774,-0.024740042,-0.025045475
1760635852597,-0.0025961774,-0.02107485,-0.028710667
1760635852599,-1.5271631E-4,-0.022296581,-0.028710667
1760635852601,-1.5271631E-4,-0.01985312,-0.029932396
1760635852604,0.0010690142,-0.022296581,-0.032375857
1760635852606,0.0010690142,-0.01985312,-0.031154128
1760635852608,0.0035124752,-0.020005837,-0.03359759
1760635852610,0.0,-0.016187929,-0.03359759
1760635852613,0.0012217305,-0.013897184,-0.032375857
1760635852615,0.002443461,-0.013897184,-0.03359759
1760635852617,0.0,-0.013744468,-0.03359759
1760635852619,0.0,-0.010231993,-0.03481932
1760635852622,-0.004886922,-0.0076358155,-0.03604105
1760635852623,-0.007330383,-0.003970624,-0.03726278
1760635852626,-0.010842858,9.162979E-4,-0.03604105
1760635852628,-0.013439035,-0.0013744468,-0.03604105
1760635852631,-0.015882496,-0.0013744468,-0.03848451
1760635852634,-0.017104227,-1.5271631E-4,-0.03726278
1760635852636,-0.01817324,0.0022907446,-0.03848451
1760635852637,-0.015882496,-1.5271631E-4,-0.03848451
1760635852639,-0.018325957,0.0010690142,-0.03604105
1760635852641,-0.018325957,0.0010690142,-0.03481932
1760635852643,-0.017104227,0.0010690142,-0.03481932
1760635852647,-0.01572978,0.0035124752,-0.032375857
1760635852648,-0.01695151,0.0035124752,-0.032375857
1760635852650,-0.013286319,0.00580322,-0.032375857
1760635852653,-0.0096211275,0.0070249503,-0.032375857
1760635852655,-0.009468411,0.011911872,-0.031154128
1760635852657,-0.00580322,0.011759156,-0.032375857
1760635852659,-0.004581489,0.012980887,-0.031154128
1760635852661,-0.004428773,0.016646078,-0.029932396
1760635852664,-6.1086525E-4,0.023823744,-0.029932396
1760635852666,-7.6358154E-4,0.022602014,-0.031154128
1760635852669,0.0018325958,0.025045475,-0.028710667
1760635852671,0.0018325958,0.028710667,-0.029932396
1760635852673,0.0018325958,0.029932396,-0.028710667
1760635852675,6.1086525E-4,0.029932396,-0.027488936
1760635852677,6.1086525E-4,0.029932396,-0.026267206
1760635852680,0.001985312,0.032375857,-0.02367103
1760635852682,0.0018325958,0.029932396,-0.022449298
1760635852684,6.1086525E-4,0.027488936,-0.020005837
1760635852687,-0.0030543262,0.027488936,-0.018784106
1760635852689,-0.0018325958,0.025045475,-0.017715093
1760635852691,-6.1086525E-4,0.027488936,-0.016340645
1760635852693,-0.0067195175,0.026419923,-0.012675454
1760635852696,-0.009162978,0.025198191,-0.01282817
1760635852698,-0.008093964,0.02275473,-0.01038471
1760635852700,-0.009315695,0.02031127,-0.007941248
1760635852702,-0.011759156,0.019089539,-0.0067195175
1760635852705,-0.014202617,0.020463986,-0.0067195175
1760635852707,-0.01786781,0.024129177,-0.0067195175
1760635852709,-0.021533,0.020463986,-0.004276057
1760635852712,-0.02397646,0.023060163,-0.004276057
1760635852714,-0.026419923,0.023060163,-0.0030543262
1760635852716,-0.03145956,0.023060163,-0.0030543262
1760635852719,-0.03268129,0.021991149,-0.004276057
1760635852721,-0.03634648,0.02321288,-0.005497787
1760635852723,-0.038789943,0.021991149,-0.004276057
1760635852725,-0.042455133,0.024587326,-0.004276057
1760635852728,-0.044898596,0.019700404,-0.0030543262
1760635852730,-0.041233405,0.019700404,-0.0030543262
1760635852731,-0.04505131,0.018478673,-0.0018325958
1760635852734,-0.04505131,0.018478673,-0.0030543262
1760635852736,-0.03894266,0.013439035,-6.1086525E-4
1760635852739,-0.03772093,0.014660766,-6.1086525E-4
1760635852741,-0.034055736,0.009773844,-6.1086525E-4
1760635852743,-0.034055736,0.007330383,-6.1086525E-4
1760635852745,-0.03283401,0.004886922,-0.0018325958
1760635852747,-0.027947085,0.004886922,-0.0030543262
1760635852751,-0.024281893,0.0035124752,-6.1086525E-4
1760635852751,-0.021838432,0.005955936,6.1086525E-4
1760635852754,-0.019242255,0.008399397,0.0030543262
1760635852756,-0.020463986,0.010842858,0.0030543262
1760635852758,-0.016798794,0.009468411,0.0030543262
1760635852760,-0.015577064,0.009468411,0.0018325958
1760635852763,-0.011911872,0.013133603,0.0018325958
1760635852765,-0.009315695,0.0154243475,0.0030543262
1760635852768,-0.008093964,0.012980887,0.005497787
1760635852769,-0.006872234,0.011759156,0.007941248
1760635852771,-0.0056505036,0.012980887,0.009315695
1760635852774,-0.004428773,0.010537425,0.007941248
1760635852776,-7.6358154E-4,0.01160644,0.008093964
1760635852778,-0.001985312,0.009315695,0.007941248
1760635852780,-7.6358154E-4,0.009162978,0.007941248
1760635852783,0.0015271631,0.0067195175,0.009162978
1760635852785,0.0027488936,6.1086525E-4,0.0067195175
1760635852787,-9.162979E-4,0.001985312,0.0067195175
1760635852790,3.0543262E-4,7.6358154E-4,0.005497787
1760635852792,-0.0022907446,-0.0016798794,0.0067195175
1760635852794,-0.005955936,-0.00290161,0.0067195175
1760635852796,-0.008399397,-0.005192355,0.005497787
1760635852799,-0.0047342055,-0.007788532,0.004276057
1760635852801,-0.0061086523,-0.008857546,0.0030543262
1760635852804,-0.004886922,-0.010079277,0.005497787
1760635852805,-0.004886922,-0.013744468,0.0018325958
1760635852808,-0.009773844,-0.014966198,0.0030543262
1760635852810,-0.007330383,-0.014966198,0.0018325958
1760635852812,-0.007330383,-0.014966198,6.1086525E-4
1760635852814,-0.008552114,-0.011301007,6.1086525E-4
1760635852817,-0.008552114,-0.010079277,-6.1086525E-4
1760635852819,-0.009773844,-0.011301007,-6.1086525E-4
1760635852821,-0.009773844,-0.008857546,6.1086525E-4
1760635852824,-0.009773844,-0.0076358155,6.1086525E-4
1760635852826,-0.010995574,-0.0076358155,-0.0018325958
1760635852828,-0.008552114,-0.008857546,-0.0018325958
1760635852831,-0.008552114,-0.008857546,-0.0018325958
1760635852832,-0.004886922,-0.011301007,-0.0030543262
1760635852835,-0.0036651916,-0.014966198,-0.0030543262
1760635852837,-0.0061086523,-0.013744468,-0.004276057
1760635852840,-0.0036651916,-0.011301007,-0.0030543262
1760635852842,-0.002443461,-0.012675454,-0.004276057
1760635852844,0.0012217305,-0.011453724,-0.004276057
1760635852847,0.0012217305,-0.016340645,-0.004276057
1760635852849,0.002443461,-0.013897184,-0.005497787
1760635852851,0.002443461,-0.012675454,-0.0067195175
1760635852854,0.002443461,-0.012675454,-0.0067195175
1760635852856,0.0038179078,-0.010231993,-0.007941248
1760635852857,0.0038179078,-0.007788532,-0.007941248
1760635852860,0.0050396384,-0.007788532,-0.01038471
1760635852862,0.005192355,-6.1086525E-4,-0.01160644
1760635852864,0.0027488936,7.6358154E-4,-0.01160644
1760635852867,0.0015271631,0.0032070426,-0.01038471
1760635852868,0.0027488936,0.0067195175,-0.01282817
1760635852871,0.0015271631,0.0056505036,-0.01282817
1760635852874,3.0543262E-4,0.009315695,-0.01160644
1760635852876,4.5814895E-4,0.01282817,-0.01282817
1760635852878,-7.6358154E-4,0.012980887,-0.01038471
1760635852880,-7.6358154E-4,0.015271631,-0.01282817
1760635852883,-7.6358154E-4,0.015271631,-0.01038471
1760635852885,-0.0032070426,0.019089539,-0.009162978
1760635852888,-6.1086525E-4,0.020158553,-0.007788532
1760635852890,-0.0032070426,0.02031127,-0.007941248
1760635852892,-0.0030543262,0.026267206,-0.007788532
1760635852894,-0.009162978,0.030085113,-0.007788532
1760635852896,-0.009010263,0.034972034,-0.007788532
1760635852898,-0.007788532,0.03970624,-0.009010263
1760635852900,-0.010231993,0.04352415,-0.009010263
1760635852902,-0.0076358155,0.044593163,-0.009010263
1760635852904,-0.006414085,0.044593163,-0.011453724
1760635852908,-0.005192355,0.044593163,-0.011453724
1760635852909,-0.0016798794,0.040927973,-0.013897184
1760635852912,-3.0543262E-4,0.04337143,-0.012675454
1760635852914,9.162979E-4,0.040927973,-0.013897184
1760635852916,0.0033597588,0.040775254,-0.015118915
1760635852919,0.0070249503,0.039553523,-0.013897184
1760635852921,0.009468411,0.040775254,-0.016340645
1760635852923,0.0106901415,0.04428773,-0.017562376
1760635852925,0.013286319,0.04795292,-0.016340645
1760635852927,0.01572978,0.050396383,-0.017562376
1760635852930,0.01817324,0.05024367,-0.018784106
1760635852932,0.023060163,0.046578474,-0.018784106
1760635852934,0.024281893,0.042913284,-0.018784106
1760635852937,0.024281893,0.041691553,-0.017562376
1760635852939,0.025503624,0.03924809,-0.015118915
1760635852941,0.029168816,0.038026363,-0.015118915
1760635852943,0.03145956,0.03313944,-0.015118915
1760635852945,0.03023783,0.028252518,-0.013897184
1760635852948,0.031306844,0.025809057,-0.012675454
1760635852950,0.030085113,0.023365596,-0.011453724
1760635852952,0.028863383,0.020922136,-0.007788532
1760635852955,0.028710667,0.016035212,-0.0065668016
1760635852957,0.028710667,0.016035212,-0.0065668016
1760635852959,0.028710667,0.014813482,-0.00290161
1760635852961,0.02611449,0.006414085,-0.0041233404
1760635852964,0.022449298,0.0015271631,-0.0018325958
1760635852966,0.02107485,-0.001985312,-6.1086525E-4
1760635852968,0.01740966,-0.006872234,0.0030543262
1760635852971,0.016035212,-0.011759156,0.005497787
1760635852973,0.016035212,-0.016493361,0.0067195175
1760635852975,0.012370021,-0.017715093,0.009162978
1760635852977,0.008552114,-0.022602014,0.007941248
1760635852979,0.008399397,-0.02855795,0.01160644
1760635852981,0.008399397,-0.031001411,0.01038471
1760635852984,0.0071776668,-0.033444874,0.01038471
1760635852986,0.0021380284,-0.034513887,0.01038471
1760635852988,-3.0543262E-4,-0.036957346,0.01282817
1760635852991,-0.003970624,-0.036957346,0.01282817
1760635852993,-0.0076358155,-0.032070424,0.01160644
1760635852995,-0.0076358155,-0.03436117,0.01160644
1760635852998,-0.008857546,-0.03436117,0.01282817
1760635853000,-0.010079277,-0.03313944,0.015271631
1760635853002,-0.011301007,-0.03191771,0.015271631
1760635853004,-0.013744468,-0.0355829,0.016493361
1760635853007,-0.0125227375,-0.03313944,0.016493361
1760635853008,-0.012675454,-0.03924809,0.018936822
1760635853011,-0.013897184,-0.041691553,0.021380283
1760635853013,-0.012675454,-0.03924809,0.020158553
1760635853015,-0.010231993,-0.04046982,0.021380283
1760635853017,-0.006414085,-0.036957346,0.020158553
1760635853020,-0.005192355,-0.036957346,0.018936822
1760635853022,-0.0025961774,-0.032070424,0.021380283
1760635853025,-0.0038179078,-0.028405234,0.021380283
1760635853027,-0.0013744468,-0.02367103,0.021380283
1760635853029,0.0,-0.020005837,0.018936822
1760635853031,0.0025961774,-0.013897184,0.018936822
1760635853034,0.0013744468,-0.0065668016,0.018936822
1760635853036,0.0013744468,-0.0041233404,0.017715093
1760635853038,0.0076358155,-6.1086525E-4,0.017715093
1760635853040,0.011301007,-0.001985312,0.017715093
1760635853042,0.0125227375,-0.001985312,0.017715093
1760635853044,0.013897184,0.00290161,0.01786781
1760635853047,0.017562376,0.0016798794,0.016646078
1760635853049,0.018784106,4.5814895E-4,0.01786781
1760635853052,0.021227567,-0.0021380284,0.02031127
1760635853054,0.021227567,0.003970624,0.01786781
1760635853056,0.025045475,0.0076358155,0.02031127
1760635853058,0.02367103,0.003970624,0.02031127
1760635853060,0.024892759,0.003970624,0.01786781
1760635853063,0.024892759,0.0027488936,0.019089539
1760635853065,0.022602014,0.008857546,0.01786781
1760635853067,0.020158553,0.010079277,0.016646078
1760635853069,0.016493361,0.011453724,0.0154243475
1760635853071,0.01282817,0.012675454,0.0154243475
1760635853073,0.009162978,0.015118915,0.014202617
1760635853076,0.007941248,0.016340645,0.012980887
1760635853078,0.0018325958,0.016493361,0.012980887
1760635853080,4.5814895E-4,0.016493361,0.012980887
1760635853083,-0.0032070426,0.014202617,0.011759156
1760635853085,-0.006872234,0.012980887,0.010537425
1760635853087,-0.009468411,0.008093964,0.009162978
1760635853090,-0.008093964,0.011759156,0.009315695
1760635853092,-0.0106901415,0.008246681,0.009162978
1760635853094,-0.013133603,0.009468411,0.01038471
1760635853097,-0.015577064,0.013133603,0.009162978
1760635853099,-0.018020526,0.013133603,0.007941248
1760635853100,-0.020463986,0.015577064,0.009162978
1760635853103,-0.02275473,0.01817324,0.009315695
1760635853106,-0.02397646,0.020616703,0.006872234
1760635853108,-0.02275473,0.025350908,0.006872234
1760635853110,-0.02397646,0.027794369,0.0056505036
1760635853112,-0.02397646,0.026572637,0.004428773
1760635853114,-0.025198191,0.027794369,0.004428773
1760635853116,-0.025198191,0.026725354,0.0056505036
1760635853119,-0.02275473,0.027794369,0.004428773
1760635853121,-0.018936822,0.0290161,0.0056505036
1760635853123,-0.021533,0.027794369,0.004428773
1760635853126,-0.020158553,0.0290161,0.0032070426
1760635853128,-0.016646078,0.025350908,0.0056505036
1760635853130,-0.015271631,0.027641652,0.0032070426
1760635853133,-0.01282817,0.027641652,0.004428773
1760635853134,-0.01038471,0.026419923,0.0032070426
1760635853138,-0.014049901,0.027641652,0.004428773
1760635853140,-0.01282817,0.028863383,7.6358154E-4
1760635853142,-0.01160644,0.031306844,0.001985312
1760635853144,-0.01282817,0.031306844,0.001985312
1760635853146,-0.01160644,0.027641652,-4.5814895E-4
1760635853149,-0.015271631,0.031306844,-0.0016798794
1760635853151,-0.016493361,0.03023783,-0.0041233404
1760635853153,-0.017715093,0.03023783,-0.00290161
1760635853155,-0.016493361,0.03145956,-0.0016798794
1760635853159,-0.021380283,0.0290161,-0.00290161
1760635853160,-0.02031127,0.026572637,-0.0053450707
1760635853162,-0.021533,0.025350908,-0.0065668016
1760635853164,-0.02397646,0.025503624,-0.007941248
1760635853167,-0.021533,0.022907447,-0.007941248
1760635853170,-0.02031127,0.020463986,-0.007941248
1760635853171,-0.024129177,0.019394971,-0.007941248
1760635853173,-0.025198191,0.021838432,-0.01038471
1760635853176,-0.022907447,0.020616703,-0.01282817
1760635853178,-0.021533,0.021685716,-0.014049901
1760635853180,-0.02275473,0.021838432,-0.015271631
1760635853182,-0.02397646,0.023060163,-0.015271631
1760635853185,-0.021533,0.0290161,-0.016493361
1760635853187,-0.02397646,0.029168816,-0.021380283
1760635853189,-0.02275473,0.03145956,-0.020158553
1760635853191,-0.021380283,0.03756821,-0.018784106
1760635853194,-0.017715093,0.035124753,-0.020005837
1760635853196,-0.014049901,0.034972034,-0.020005837
1760635853198,-0.01282817,0.034972034,-0.020005837
1760635853200,-0.01282817,0.036193766,-0.020005837
1760635853203,-0.009010263,0.03863723,-0.016340645
1760635853205,-0.0053450707,0.03970624,-0.015118915
1760635853207,-0.00290161,0.040927973,-0.012675454
1760635853210,9.162979E-4,0.041996986,-0.013897184
1760635853212,0.004581489,0.041996986,-0.012675454
1760635853214,0.00580322,0.04444045,-0.012675454
1760635853216,0.004581489,0.045662176,-0.012675454
1760635853219,0.0070249503,0.045662176,-0.010231993
1760635853221,0.0106901415,0.04184427,-0.009010263
1760635853223,0.0143553335,0.04062254,-0.0065668016
1760635853225,0.011911872,0.036957346,-0.0065668016
1760635853227,0.012980887,0.033292156,-0.0065668016
1760635853229,0.014202617,0.028405234,-0.0053450707
1760635853232,0.0154243475,0.024740042,-0.0041233404
1760635853234,0.016493361,0.02107485,-0.0065668016
1760635853237,0.014049901,0.017562376,-0.0065668016
1760635853238,0.01038471,0.015118915,-0.0065668016
1760635853240,0.010231993,0.013897184,-0.0053450707
1760635853243,0.009010263,0.011453724,-0.0053450707
1760635853246,0.009010263,0.007941248,-0.0067195175
1760635853248,0.005192355,0.0067195175,-0.007941248
1760635853251,0.006414085,0.0018325958,-0.0067195175
1760635853253,0.0038179078,-0.0018325958,-0.007941248
1760635853253,0.0050396384,-0.005497787,-0.0067195175
1760635853256,0.0025961774,-0.007788532,-0.009162978
1760635853258,0.0013744468,-0.009010263,-0.009162978
1760635853260,1.5271631E-4,-0.009010263,-0.007941248
1760635853264,-0.0012217305,-0.012675454,-0.009162978
1760635853265,-0.0036651916,-0.0125227375,-0.007941248
1760635853267,-0.0036651916,-0.010079277,-0.0067195175
1760635853269,-0.0022907446,-0.009010263,-0.004276057
1760635853272,-0.0036651916,-0.009010263,-0.004276057
1760635853274,-0.0061086523,-0.008857546,-0.0030543262
1760635853276,-0.007330383,-0.008857546,-0.0030543262
1760635853278,-0.007330383,-0.011301007,-0.0030543262
1760635853281,-0.0022907446,-0.009010263,-6.1086525E-4
1760635853283,-0.0022907446,-0.009010263,6.1086525E-4
1760635853285,-0.002443461,-0.012675454,-6.1086525E-4
1760635853287,-0.002443461,-0.011453724,0.0030543262
1760635853290,0.0,-0.013897184,0.005497787
1760635853292,-0.002443461,-0.011453724,0.0067195175
1760635853294,-0.002443461,-0.011453724,0.007941248
1760635853296,-0.0035124752,-0.010231993,0.007941248
1760635853299,-0.0047342055,-0.0065668016,0.01160644
1760635853301,-0.0047342055,-0.0053450707,0.01038471
1760635853303,-0.0047342055,-0.0041233404,0.01282817
1760635853306,-0.005955936,-0.0053450707,0.016493361
1760635853308,-0.005955936,-0.00290161,0.020158553
1760635853310,-0.005955936,-0.00290161,0.021380283
1760635853313,-0.0047342055,-0.0041233404,0.022602014
1760635853315,-0.0047342055,-0.007788532,0.023823744
1760635853317,-0.0047342055,-0.007788532,0.026267206
1760635853319,-0.005955936,-0.0065668016,0.027488936
1760635853322,-0.0047342055,-0.009010263,0.027488936
1760635853324,-0.005955936,-0.010231993,0.031154128
1760635853326,-0.005955936,-0.009010263,0.032375857
1760635853328,-0.009773844,-0.011301007,0.028710667
1760635853331,-0.0096211275,-0.008857546,0.028710667
1760635853333,-0.010842858,-0.0076358155,0.031154128
1760635853335,-0.013439035,-0.010079277,0.029932396
1760635853337,-0.017104227,-0.00870483,0.028710667
1760635853340,-0.013439035,-0.011301007,0.025045475
1760635853342,-0.017104227,-0.011148291,0.026267206
1760635853344,-0.018325957,-0.011148291,0.025045475
1760635853346,-0.019547688,-0.011148291,0.021380283
1760635853350,-0.017256944,-0.016035212,0.020158553
1760635853351,-0.017256944,-0.017256944,0.018936822
1760635853353,-0.019700404,-0.019700404,0.018936822
1760635853356,-0.020922136,-0.021991149,0.015271631
1760635853358,-0.020922136,-0.020922136,0.014049901
1760635853360,-0.020922136,-0.019700404,0.01282817
1760635853363,-0.023518313,-0.02321288,0.01038471
1760635853365,-0.020922136,-0.02076942,0.007941248
1760635853368,-0.019700404,-0.022143865,0.0067195175
1760635853369,-0.022143865,-0.019547688,0.0067195175
1760635853371,-0.019700404,-0.018478673,0.0018325958
1760635853373,-0.018478673,-0.014813482,0.0018325958
1760635853376,-0.019700404,-0.016035212,-6.1086525E-4
1760635853379,-0.018478673,-0.013591751,6.1086525E-4
1760635853380,-0.017104227,-0.012370021,6.1086525E-4
1760635853382,-0.015882496,-0.012370021,-0.0018325958
1760635853384,-0.012217305,-0.008857546,-0.0030543262
1760635853388,-0.008552114,-0.0076358155,-6.1086525E-4
1760635853389,-0.010995574,-0.006414085,-0.0030543262
1760635853392,-0.010842858,-0.0027488936,-0.0018325958
1760635853394,-0.0071776668,9.162979E-4,-0.0030543262
1760635853396,-0.0033597588,0.001985312,-0.004276057
1760635853398,-0.005955936,0.001985312,-0.004276057
1760635853401,-0.004581489,0.006872234,-0.004276057
1760635853403,-0.004581489,0.009315695,-0.004276057
1760635853405,-0.0056505036,0.0154243475,-0.0067195175
1760635853408,-0.004428773,0.019089539,-0.007941248
1760635853409,-0.008093964,0.01786781,-0.0067195175
1760635853411,-0.007941248,0.026419923,-0.0065668016
1760635853414,-0.0067195175,0.030085113,-0.0065668016
1760635853416,-0.005497787,0.028863383,-0.007788532
1760635853419,-0.005497787,0.028863383,-0.009010263
1760635853421,-0.0053450707,0.03359759,-0.011453724
1760635853423,-0.0065668016,0.034972034,-0.015118915
1760635853425,-0.0053450707,0.03970624,-0.015118915
1760635853429,-0.00290161,0.040927973,-0.015118915
1760635853431,-0.009010263,0.04337143,-0.015118915
1760635853433,-0.006414085,0.045814894,-0.013897184
1760635853435,-0.003970624,0.047036625,-0.012675454
1760635853437,-0.003970624,0.050701816,-0.012675454
1760635853440,-0.0027488936,0.047036625,-0.013897184
1760635853441,-3.0543262E-4,0.046883907,-0.013897184
1760635853444,0.0021380284,0.046883907,-0.013897184
1760635853447,9.162979E-4,0.04810564,-0.013897184
1760635853449,0.0033597588,0.04444045,-0.012675454
1760635853450,0.0070249503,0.04444045,-0.011453724
1760635853453,0.0096211275,0.046731193,-0.011453724
1760635853455,0.008399397,0.046883907,-0.010231993
1760635853457,0.009468411,0.041996986,-0.011453724
1760635853459,0.009468411,0.04428773,-0.010231993
1760635853461,0.012064588,0.04550946,-0.010231993
1760635853464,0.013133603,0.03940081,-0.007788532
1760635853467,0.013133603,0.036957346,-0.009010263
1760635853469,0.013133603,0.034513887,-0.0065668016
1760635853471,0.018020526,0.033292156,-0.0053450707
1760635853473,0.019089539,0.023518313,-0.0065668016
1760635853475,0.017715093,0.01863139,-0.0016798794
1760635853477,0.018936822,0.014966198,-0.0053450707
1760635853480,0.020005837,0.008857546,-0.004276057
1760635853481,0.017562376,0.0065668016,-0.0018325958
1760635853484,0.022449298,0.005192355,-0.0018325958
1760635853486,0.01863139,4.5814895E-4,-0.0030543262
1760635853488,0.01863139,-0.0032070426,-0.0018325958
1760635853491,0.017256944,-0.010537425,-0.0018325958
1760635853493,0.016035212,-0.014049901,-0.0018325958
1760635853495,0.017256944,-0.017715093,-0.0018325958
1760635853498,0.018325957,-0.025045475,-0.0018325958
1760635853500,0.019394971,-0.031154128,-0.0018325958
1760635853502,0.020616703,-0.03604105,-6.1086525E-4
1760635853504,0.020463986,-0.0421497,6.1086525E-4
1760635853507,0.022907447,-0.045814894,0.0018325958
1760635853509,0.02397646,-0.053145275,0.004276057
1760635853511,0.026419923,-0.05681047,0.0030543262
1760635853513,0.030085113,-0.061850104,0.004276057
1760635853516,0.031306844,-0.06429356,0.004276057
1760635853518,0.032375857,-0.06918049,0.004276057
1760635853520,0.03726278,-0.07162395,0.005497787
1760635853522,0.03970624,-0.074067414,0.004276057
1760635853525,0.03970624,-0.0777326,0.004276057
1760635853527,0.0421497,-0.0777326,0.0018325958
1760635853530,0.04337143,-0.07651087,-6.1086525E-4
1760635853532,0.044593163,-0.07422013,0.0030543262
1760635853534,0.0421497,-0.07895433,0.0018325958
1760635853536,0.0421497,-0.07895433,6.1086525E-4
1760635853538,0.039553523,-0.08017606,6.1086525E-4
1760635853540,0.044593163,-0.0777326,-0.0030543262
1760635853543,0.03970624,-0.0777326,-0.0018325958
1760635853545,0.03604105,-0.07651087,-0.0018325958
1760635853547,0.03726278,-0.075289145,-0.004276057
1760635853549,0.03726278,-0.07284568,-0.005497787
1760635853551,0.032375857,-0.07269296,-0.005497787
1760635853554,0.027488936,-0.06658431,-0.0067195175
1760635853556,0.022602014,-0.06414085,-0.007941248
1760635853558,0.02275473,-0.059253927,-0.007941248
1760635853561,0.021533,-0.054367006,-0.0067195175
1760635853563,0.019242255,-0.048258353,-0.005497787
1760635853565,0.014202617,-0.046883907,-0.0067195175
1760635853568,0.0106901415,-0.040775254,-0.0067195175
1760635853570,0.009468411,-0.037110064,-0.005497787
1760635853572,0.0070249503,-0.033444874,-0.005497787
1760635853574,0.0047342055,-0.024892759,-0.0067195175
1760635853577,0.002443461,-0.018784106,-0.0067195175
1760635853579,0.0012217305,-0.011453724,-0.005497787
1760635853581,0.0013744468,-0.0053450707,-0.005497787
1760635853583,-9.162979E-4,0.004428773,-0.0018325958
1760635853586,-0.001985312,0.011759156,-0.0018325958
1760635853588,4.5814895E-4,0.018936822,-0.0041233404
1760635853590,-0.00290161,0.031154128,-0.00290161
1760635853592,-0.0016798794,0.03848451,-0.00290161
1760635853594,-0.0027488936,0.048258353,-0.00290161
1760635853597,-0.0038179078,0.055436023,-0.0041233404
1760635853599,-0.007330383,0.06414085,-0.0053450707
1760635853602,-0.009773844,0.07147124,-0.00290161
1760635853604,-0.010842858,0.079870634,-0.00290161
1760635853606,-0.015577064,0.08735373,-0.0041233404
1760635853608,-0.016798794,0.08979719,-0.0041233404
1760635853611,-0.016798794,0.09468412,-0.00290161
1760635853613,-0.019089539,0.0983493,-0.00290161
1760635853615,-0.021533,0.0983493,-0.00290161
1760635853617,-0.02397646,0.099571034,7.6358154E-4
1760635853620,-0.02397646,0.10323623,-4.5814895E-4
1760635853622,-0.026419923,0.10445796,-0.0016798794
1760635853624,-0.027488936,0.11178834,-0.0016798794
1760635853626,-0.031306844,0.11071932,-0.0016798794
1760635853628,-0.03481932,0.11438452,-0.00290161
1760635853631,-0.03604105,0.11682798,-0.0016798794
1760635853633,-0.03970624,0.12415836,-0.00290161
1760635853636,-0.047036625,0.124311075,-0.00290161
1760635853638,-0.045814894,0.124311075,-0.00290161
1760635853640,-0.048258353,0.124311075,-0.0016798794
1760635853642,-0.049480084,0.1255328,-4.5814895E-4
1760635853644,-0.047036625,0.12186762,0.001985312
1760635853647,-0.049632803,0.118202426,0.001985312
1760635853649,-0.04718934,0.1133155,0.004428773
1760635853651,-0.046120327,0.10354166,0.0056505036
1760635853653,-0.047494773,0.09514226,0.006872234
1760635853656,-0.04138612,0.087659165,0.008093964
1760635853658,-0.037873644,0.08032878,0.010537425
1760635853660,-0.035430185,0.07544186,0.011759156
1760635853663,-0.03313944,0.070554934,0.010537425
1760635853664,-0.03191771,0.06566802,0.010537425
1760635853667,-0.029626964,0.05955936,0.010537425
1760635853669,-0.027183503,0.05589417,0.011759156
1760635853671,-0.024740042,0.05100725,0.008093964
1760635853674,-0.021227567,0.044745877,0.009315695
1760635853675,-0.013897184,0.034972034,0.009315695
1760635853677,-0.014202617,0.02275473,0.0056505036
1760635853680,-0.0106901415,0.011759156,0.005497787
1760635853682,-0.0071776668,-4.5814895E-4,0.005497787
1760635853684,-0.0061086523,-0.008857546,0.0030543262
1760635853686,-0.00870483,-0.01740966,0.0018325958
1760635853689,-0.007483099,-0.024740042,0.0018325958
1760635853691,-0.005192355,-0.029626964,0.0018325958
1760635853693,-0.003970624,-0.038179077,6.1086525E-4
1760635853695,-0.0053450707,-0.04046982,-0.0018325958
1760635853697,-0.0053450707,-0.046578474,-0.0018325958
1760635853700,-0.005497787,-0.052687127,-0.0018325958
1760635853702,-0.001985312,-0.061239243,-0.0018325958
1760635853704,0.00290161,-0.06734789,-0.0030543262
1760635853706,0.0076358155,-0.076052725,-0.0030543262
1760635853709,0.010079277,-0.082161374,-0.0030543262
1760635853711,0.011148291,-0.0870483,-0.0056505036
1760635853713,0.012370021,-0.089491755,-0.006872234
1760635853715,0.011148291,-0.093004234,-0.004428773
1760635853718,0.014813482,-0.09437868,-0.004428773
1760635853720,0.017256944,-0.09315695,-0.0056505036
1760635853722,0.018478673,-0.090713486,-0.004428773
1760635853724,0.01985312,-0.087201014,-0.0067195175
1760635853727,0.022296581,-0.087201014,-0.0067195175
1760635853729,0.024740042,-0.08597928,-0.0030543262
1760635853731,0.024740042,-0.08231409,-0.004276057
1760635853734,0.02611449,-0.08109236,-0.0030543262
1760635853736,0.02855795,-0.08124508,-6.1086525E-4
1760635853738,0.031001411,-0.077579886,6.1086525E-4
1760635853740,0.032223143,-0.07513642,-6.1086525E-4
1760635853742,0.03359759,-0.07040222,0.0018325958
1760635853745,0.03604105,-0.06918049,0.0018325958
1760635853747,0.034972034,-0.06307184,0.0018325958
1760635853749,0.041080687,-0.06078109,0.0030543262
1760635853752,0.041233405,-0.05955936,0.004276057
1760635853754,0.043676864,-0.0571159,0.0030543262
1760635853756,0.04260785,-0.05100725,0.007941248
1760635853759,0.04138612,-0.042455133,0.007941248
1760635853761,0.04153884,-0.035277467,0.007941248
1760635853763,0.040317107,-0.030390546,0.005497787
1760635853765,0.04046982,-0.023060163,0.004276057
1760635853767,0.03573562,-0.01572978,0.007941248
1760635853769,0.034513887,-0.008399397,0.005497787
1760635853772,0.032223143,-0.0047342055,0.007941248
1760635853774,0.031001411,1.5271631E-4,0.0056505036
1760635853776,0.02977968,0.0015271631,0.006872234
1760635853778,0.027488936,0.006414085,0.010537425
1760635853781,0.02733622,0.003970624,0.008093964
1760635853784,0.024892759,0.005192355,0.006872234
1760635853785,0.02367103,0.006414085,0.006872234
1760635853787,0.021227567,0.0076358155,0.008093964
1760635853790,0.020158553,0.010079277,0.006872234
1760635853792,0.016340645,0.0065668016,0.006872234
1760635853795,0.017562376,0.009010263,0.004428773
1760635853796,0.013897184,0.010231993,0.004428773
1760635853799,0.013897184,0.007788532,0.004428773
1760635853801,0.013897184,0.0065668016,0.004428773
1760635853803,0.012675454,0.007788532,0.0032070426
1760635853806,0.011453724,0.009010263,0.0030543262
1760635853808,0.012675454,0.010231993,0.0032070426
1760635853810,0.007788532,0.01282817,0.0032070426
1760635853813,0.0016798794,0.014049901,0.004428773
1760635853815,-7.6358154E-4,0.016493361,0.0056505036
1760635853817,-0.001985312,0.016493361,0.004428773
1760635853819,-0.0032070426,0.016646078,0.0032070426
1760635853821,-0.004428773,0.012980887,0.004276057
1760635853824,-0.00580322,0.009315695,0.0067195175
1760635853826,-0.009468411,0.009315695,0.007941248
1760635853828,-0.0106901415,0.008246681,0.0067195175
1760635853831,-0.0143553335,0.0070249503,0.007941248
1760635853833,-0.013133603,0.004581489,0.01038471
1760635853835,-0.01817324,0.0033597588,0.01160644
1760635853837,-0.020616703,0.0035124752,0.009162978
1760635853839,-0.024281893,0.0047342055,0.009162978
1760635853842,-0.025503624,0.0047342055,0.007941248
1760635853844,-0.026725354,0.0071776668,0.01038471
1760635853846,-0.029168816,0.008399397,0.009162978
1760635853850,-0.03283401,0.007330383,0.009162978
1760635853851,-0.03283401,0.0061086523,0.0067195175
1760635853854,-0.0364992,0.008552114,0.01038471
1760635853856,-0.0364992,0.010995574,0.009162978
1760635853858,-0.03772093,0.012217305,0.009162978
1760635853860,-0.04138612,0.012370021,0.009162978
1760635853863,-0.04260785,0.013591751,0.007941248
1760635853865,-0.042455133,0.018478673,0.009162978
1760635853867,-0.041233405,0.02443461,0.007941248
1760635853869,-0.042455133,0.02321288,0.0067195175
1760635853871,-0.041080687,0.028099801,0.007941248
1760635853874,-0.036193766,0.02565634,0.007941248
1760635853876,-0.035124753,0.02321288,0.01038471
1760635853879,-0.031306844,0.024281893,0.009315695
1760635853880,-0.025198191,0.023060163,0.010537425
1760635853883,-0.02397646,0.026572637,0.009315695
1760635853884,-0.021380283,0.027794369,0.010537425
1760635853887,-0.016493361,0.030085113,0.009315695
1760635853891,-0.010231993,0.032528576,0.011759156
1760635853892,-0.009010263,0.03726278,0.010537425
1760635853894,-0.0065668016,0.03970624,0.009315695
1760635853896,-0.003970624,0.040927973,0.010537425
1760635853898,-0.0027488936,0.045814894,0.008093964
1760635853901,9.162979E-4,0.041996986,0.009315695
1760635853903,0.0033597588,0.043218717,0.009315695
1760635853905,0.0070249503,0.04444045,0.006872234
1760635853908,0.009468411,0.04184427,0.008093964
1760635853910,0.0106901415,0.03940081,0.006872234
1760635853912,0.0143553335,0.034513887,0.0056505036
1760635853915,0.014202617,0.029626964,0.0056505036
1760635853916,0.01786781,0.028405234,0.001985312
1760635853919,0.01786781,0.024740042,0.0056505036
1760635853921,0.014202617,0.022449298,0.004428773
1760635853923,0.016493361,0.01740966,0.004428773
1760635853925,0.014049901,0.015118915,0.0032070426
1760635853928,0.011453724,0.012675454,7.6358154E-4
1760635853930,0.010231993,0.010231993,7.6358154E-4
1760635853932,0.0065668016,0.0067195175,-0.0018325958
1760635853935,0.003970624,0.005497787,-0.0030543262
1760635853937,0.0015271631,7.6358154E-4,-0.0018325958
1760635853939,-0.0022907446,-4.5814895E-4,-0.0018325958
1760635853942,-0.0047342055,-0.0053450707,-0.004276057
1760635853944,-0.005955936,-0.005192355,-0.004276057
1760635853946,-0.008552114,-0.011301007,-0.004276057
1760635853948,-0.008552114,-0.013744468,-0.004276057
1760635853951,-0.00992656,-0.01863139,-0.004276057
1760635853953,-0.00870483,-0.01863139,-0.0030543262
1760635853955,-0.0050396384,-0.02107485,-0.0030543262
1760635853957,-0.007483099,-0.022296581,-0.004276057
1760635853960,-0.007483099,-0.02107485,-0.004276057
1760635853962,-0.0050396384,-0.024740042,-0.0030543262
1760635853964,-0.0038179078,-0.02107485,-6.1086525E-4
1760635853966,-0.0050396384,-0.02107485,-0.0030543262
1760635853969,-0.0012217305,-0.01863139,-0.0030543262
1760635853971,0.0,-0.018784106,-0.0030543262
1760635853973,0.0012217305,-0.018784106,-0.004276057
1760635853975,0.0012217305,-0.016340645,-0.0030543262
1760635853977,0.0036651916,-0.015118915,-0.0030543262
1760635853980,0.0036651916,-0.017562376,6.1086525E-4
1760635853982,0.0036651916,-0.013897184,-6.1086525E-4
1760635853984,0.002443461,-0.013897184,6.1086525E-4
1760635853987,0.0061086523,-0.015118915,-6.1086525E-4
1760635853989,0.007330383,-0.015271631,-0.004276057
1760635853991,0.007330383,-0.015271631,-0.0018325958
1760635853993,0.0061086523,-0.013897184,-6.1086525E-4
1760635853996,0.0061086523,-0.013897184,-6.1086525E-4
1760635853998,0.0062613687,-0.013897184,6.1086525E-4
1760635854000,0.007483099,-0.01160644,-0.0018325958
1760635854002,0.0050396384,-0.010231993,-0.0018325958
1760635854005,0.0038179078,-0.0030543262,-0.0018325958
1760635854007,0.005192355,-0.0030543262,-6.1086525E-4
1760635854009,0.003970624,-0.0018325958,-0.0018325958
1760635854011,0.008857546,-0.0018325958,-0.0018325958
1760635854014,0.008857546,-0.004276057,-6.1086525E-4
1760635854017,0.00992656,-0.01038471,-0.0018325958
1760635854018,0.00870483,-0.007941248,-0.0018325958
1760635854020,0.00870483,-0.007941248,-0.0030543262
1760635854023,0.013591751,-0.009162978,-0.0018325958
1760635854025,0.014966198,-0.006872234,-0.0018325958
1760635854027,0.014966198,-0.004428773,-0.0030543262
1760635854029,0.01740966,-0.001985312,-0.005497787
1760635854031,0.01863139,-0.001985312,-0.0030543262
1760635854033,0.016340645,0.0041233404,-0.004276057
1760635854036,0.018784106,0.0065668016,-0.004276057
1760635854038,0.018784106,0.0041233404,-0.0018325958
1760635854040,0.016340645,0.0065668016,-0.0067195175
1760635854043,0.015118915,0.0041233404,-0.004276057
1760635854045,0.015118915,0.0041233404,-0.005497787
1760635854047,0.016340645,0.0065668016,-0.0067195175
1760635854050,0.017562376,0.0065668016,-0.004276057
1760635854052,0.017562376,0.0065668016,-0.005497787
1760635854054,0.015271631,0.012675454,-0.005497787
1760635854056,0.01160644,0.016340645,-0.0041233404
1760635854059,0.01038471,0.015118915,-0.0041233404
1760635854061,0.009162978,0.016340645,-0.0041233404
1760635854063,0.007941248,0.018784106,-0.0053450707
1760635854065,0.009162978,0.018784106,-0.0053450707
1760635854068,0.0053450707,0.015271631,-0.004276057
1760635854071,0.0041233404,0.016493361,-0.00290161
1760635854073,0.0016798794,0.014049901,-0.005497787
1760635854074,0.0016798794,0.01282817,-0.0018325958
1760635854077,-7.6358154E-4,0.01160644,6.1086525E-4
1760635854079,-0.001985312,0.012980887,-6.1086525E-4
1760635854081,-0.00580322,0.009315695,6.1086525E-4
1760635854083,-0.00580322,0.0056505036,6.1086525E-4
1760635854086,-0.004581489,0.008093964,0.0018325958
1760635854088,-0.0033597588,0.009315695,0.0018325958
1760635854090,-0.0033597588,0.009315695,0.0018325958
1760635854092,-0.004581489,0.008093964,0.0030543262
1760635854095,-0.00580322,0.009315695,0.004276057
1760635854097,-0.004581489,0.009315695,0.005497787
1760635854099,-0.004581489,0.009315695,0.004276057
1760635854101,-0.00580322,0.0056505036,0.004276057
1760635854104,-0.00580322,0.008093964,0.004276057
1760635854106,-0.00580322,0.006872234,0.0067195175
1760635854108,-0.0033597588,0.0032070426,0.0067195175
1760635854111,-0.0047342055,-0.0016798794,0.007941248
1760635854114,-0.0035124752,-4.5814895E-4,0.005497787
1760635854116,-0.0047342055,-0.0016798794,0.0067195175
1760635854118,-0.005955936,-0.0041233404,0.0067195175
1760635854119,-0.0047342055,-0.0053450707,0.007941248
1760635854122,-0.0022907446,-0.0065668016,0.0067195175
1760635854124,-0.0010690142,-0.007788532,0.007941248
1760635854126,-0.0022907446,-0.009010263,0.0067195175
1760635854129,-0.0012217305,-0.013897184,0.0067195175
1760635854132,0.0,-0.012675454,0.0067195175
1760635854133,0.0012217305,-0.013897184,0.004276057
1760635854135,0.0013744468,-0.011453724,0.004276057
1760635854137,0.0038179078,-0.011453724,0.005497787
1760635854140,0.0036651916,-0.013897184,0.0067195175
1760635854142,0.0038179078,-0.007788532,0.005497787
1760635854144,0.0038179078,-0.007788532,0.0030543262
1760635854147,0.0038179078,-0.009010263,0.0030543262
1760635854149,0.0025961774,-0.0065668016,0.0067195175
1760635854151,0.007483099,-0.009162978,0.005497787
1760635854153,0.0062613687,-0.009162978,0.009162978
1760635854156,0.0062613687,-0.009162978,0.01038471
1760635854158,0.00870483,-0.01282817,0.009162978
1760635854160,0.00870483,-0.01282817,0.007941248
1760635854162,0.00992656,-0.01282817,0.01038471
1760635854165,0.00992656,-0.01038471,0.007941248
1760635854167,0.00870483,-0.0067195175,0.009162978
1760635854169,0.010079277,-0.005497787,0.009162978
1760635854171,0.0076358155,-0.004276057,0.01160644
1760635854174,0.0076358155,-6.1086525E-4,0.009162978
1760635854176,0.007788532,0.004276057,0.009162978
1760635854178,4.5814895E-4,0.007941248,0.01038471
1760635854180,4.5814895E-4,0.009162978,0.011759156
1760635854183,-7.6358154E-4,0.007941248,0.01038471
1760635854185,-0.0033597588,0.006872234,0.01038471
1760635854187,-0.00580322,0.0056505036,0.01038471
1760635854189,-0.0056505036,0.010537425,0.009162978
1760635854192,-0.0070249503,0.006872234,0.01038471
1760635854194,-0.009468411,0.004581489,0.01038471
1760635854196,-0.013286319,0.0033597588,0.01038471
1760635854199,-0.013286319,0.0021380284,0.01038471
1760635854201,-0.01450805,-3.0543262E-4,0.009162978
1760635854203,-0.01450805,0.0033597588,0.009162978
1760635854205,-0.021838432,0.0010690142,0.01160644
1760635854208,-0.021838432,0.0010690142,0.009162978
1760635854210,-0.020616703,-1.5271631E-4,0.007941248
1760635854212,-0.02321288,-0.0025961774,0.009162978
1760635854214,-0.029321533,0.0,0.007941248
1760635854217,-0.029321533,-0.0012217305,0.0030543262
1760635854219,-0.034208454,0.0,0.0030543262
1760635854221,-0.030543262,0.0012217305,0.004276057
1760635854223,-0.031612277,0.0036651916,6.1086525E-4
1760635854226,-0.031612277,0.004886922,6.1086525E-4
1760635854228,-0.034208454,0.002443461,6.1086525E-4
1760635854229,-0.031612277,0.0061086523,6.1086525E-4
1760635854232,-0.030390546,0.0036651916,6.1086525E-4
1760635854235,-0.029168816,0.002443461,6.1086525E-4
1760635854237,-0.026725354,0.002443461,-6.1086525E-4
1760635854239,-0.025503624,0.0047342055,6.1086525E-4
1760635854241,-0.024281893,0.005955936,-6.1086525E-4
1760635854243,-0.024281893,0.0022907446,-0.0030543262
1760635854246,-0.01817324,0.0047342055,-0.0018325958
1760635854249,-0.016798794,0.0070249503,-0.004276057
1760635854250,-0.0143553335,0.013133603,-0.004276057
1760635854253,-0.0106901415,0.013133603,-0.0030543262
1760635854255,-0.006872234,0.01786781,-0.0030543262
1760635854257,-0.006872234,0.02031127,-0.0016798794
1760635854259,-0.001985312,0.017715093,-0.0030543262
1760635854261,6.1086525E-4,0.020158553,-0.0041233404
1760635854263,0.0018325958,0.021380283,-0.0065668016
1760635854267,0.0030543262,0.022602014,-0.0053450707
1760635854267,0.004428773,0.02733622,-0.0041233404
1760635854270,0.0056505036,0.031001411,-0.00290161
1760635854272,0.010537425,0.031001411,-0.0041233404
1760635854274,0.010537425,0.02977968,-0.0053450707
1760635854276,0.010537425,0.02733622,-0.0041233404
1760635854279,0.014202617,0.02367103,-0.0053450707
1760635854281,0.015271631,0.021227567,-0.00290161
1760635854284,0.016493361,0.016340645,-0.0016798794
1760635854286,0.018936822,0.016187929,-0.0016798794
1760635854288,0.020158553,0.011301007,-0.0016798794
1760635854290,0.021227567,0.0076358155,-0.0030543262
1760635854292,0.022449298,0.0076358155,-0.004276057
1760635854295,0.018784106,0.009010263,-0.004276057
1760635854297,0.017715093,0.011453724,-0.00290161
1760635854299,0.017562376,0.0053450707,-0.004276057
1760635854301,0.013897184,0.0041233404,-0.004276057
1760635854303,0.0125227375,0.0016798794,-0.004276057
1760635854306,0.008857546,6.1086525E-4,-0.0067195175
1760635854308,0.010079277,-6.1086525E-4,-0.007941248
1760635854310,0.005192355,-6.1086525E-4,-0.009162978
1760635854312,0.006414085,-0.0018325958,-0.009162978
1760635854315,0.0050396384,-0.004276057,-0.007941248
1760635854318,0.0025961774,-0.0065668016,-0.007941248
1760635854320,-0.0012217305,-0.010231993,-0.007941248
1760635854322,0.0025961774,-0.010231993,-0.0067195175
1760635854324,0.002443461,-0.012675454,-0.009162978
1760635854327,0.0012217305,-0.012675454,-0.01160644
1760635854329,-0.002443461,-0.0125227375,-0.01038471
1760635854331,-0.0010690142,-0.009010263,-0.009162978
1760635854334,-0.0010690142,-0.009010263,-0.01038471
1760635854336,-0.0047342055,-0.0076358155,-0.007941248
1760635854338,-0.0035124752,-0.0065668016,-0.007941248
1760635854341,-0.0035124752,-0.007788532,-0.007941248
1760635854343,-0.0035124752,-0.0065668016,-0.007941248
1760635854345,-0.0035124752,-0.0053450707,-0.005497787
1760635854347,-0.0022907446,-0.0041233404,-0.0067195175
1760635854349,-0.0035124752,-0.00290161,-0.004276057
1760635854351,-0.0022907446,-0.00290161,-0.0018325958
1760635854354,0.0013744468,-0.0016798794,-6.1086525E-4
1760635854356,0.0015271631,-4.5814895E-4,6.1086525E-4
1760635854359,0.003970624,-0.0018325958,-6.1086525E-4
1760635854360,0.0076358155,-0.0030543262,6.1086525E-4
1760635854363,0.006414085,0.0030543262,0.0018325958
1760635854365,0.010079277,0.0030543262,0.0018325958
1760635854368,0.013897184,0.0053450707,0.0018325958
1760635854370,0.013897184,0.0065668016,0.0030543262
1760635854372,0.013897184,0.0065668016,0.0030543262
1760635854374,0.015118915,0.009010263,0.004428773
1760635854376,0.015271631,0.012675454,7.6358154E-4
1760635854378,0.016493361,0.012675454,7.6358154E-4
1760635854381,0.01282817,0.016340645,0.0032070426
1760635854384,0.01160644,0.017562376,0.001985312
1760635854385,0.014049901,0.018784106,7.6358154E-4
1760635854387,0.01282817,0.013897184,7.6358154E-4
1760635854390,0.010231993,0.012675454,0.001985312
1760635854392,0.009010263,0.012675454,0.001985312
1760635854394,0.00290161,0.01160644,0.001985312
1760635854396,4.5814895E-4,0.009162978,0.0018325958
1760635854399,0.0015271631,0.0067195175,-6.1086525E-4
1760635854401,-0.0033597588,0.004428773,-0.0018325958
1760635854403,-0.0033597588,0.0056505036,0.0018325958
1760635854406,-0.004581489,0.001985312,0.0018325958
1760635854409,-0.005955936,-0.0016798794,6.1086525E-4
1760635854410,-0.005955936,-0.003970624,6.1086525E-4
1760635854412,-0.008399397,-0.0027488936,0.0030543262
1760635854415,-0.005955936,-0.0041233404,0.0018325958
1760635854417,-0.0071776668,-0.006414085,0.0018325958
1760635854419,-0.0071776668,-0.0076358155,0.0018325958
1760635854422,-0.0071776668,-0.003970624,0.0018325958
1760635854423,-0.005955936,-0.0016798794,0.0018325958
1760635854425,-0.005955936,7.6358154E-4,0.0030543262
1760635854427,-0.0070249503,0.001985312,6.1086525E-4
1760635854430,-0.004581489,0.001985312,0.004276057
1760635854432,-0.0033597588,0.006872234,0.0030543262
1760635854435,-0.0033597588,0.0056505036,0.0018325958
1760635854436,0.0016798794,0.01160644,0.0018325958
1760635854440,0.00290161,0.01038471,0.0018325958
1760635854441,0.0016798794,0.015271631,7.6358154E-4
1760635854444,0.0053450707,0.015271631,0.001985312
1760635854446,0.0053450707,0.01282817,0.0032070426
1760635854448,0.0065668016,0.014049901,0.004428773
1760635854451,0.007788532,0.013897184,0.004428773
1760635854453,0.009010263,0.012675454,0.0056505036
1760635854455,0.007788532,0.009162978,0.004428773
1760635854457,0.009010263,0.0067195175,0.0032070426
1760635854460,0.011453724,0.0065668016,0.0032070426
1760635854462,0.011453724,0.0053450707,0.004428773
1760635854464,0.011453724,0.009010263,0.0032070426
1760635854466,0.011453724,0.007788532,0.0032070426
1760635854469,0.011453724,0.0065668016,0.0056505036
1760635854471,0.012675454,0.0041233404,0.0056505036
1760635854474,0.011453724,0.007788532,0.004428773
1760635854476,0.012675454,0.0053450707,0.001985312
1760635854478,0.012675454,0.0065668016,0.0032070426
1760635854480,0.011301007,0.00290161,0.0018325958
1760635854482,0.010231993,0.004276057,0.0032070426
1760635854484,0.011453724,0.0041233404,0.0018325958
1760635854487,0.013897184,0.00290161,0.0018325958
1760635854490,0.013744468,4.5814895E-4,0.0018325958
1760635854492,0.013744468,-7.6358154E-4,0.0018325958
1760635854493,0.013744468,4.5814895E-4,0.0018325958
1760635854496,0.016187929,-0.0032070426,-6.1086525E-4
1760635854498,0.014966198,-7.6358154E-4,6.1086525E-4
1760635854500,0.016187929,-0.0056505036,6.1086525E-4
1760635854503,0.01740966,-0.006872234,-0.0018325958
1760635854505,0.014813482,-0.01038471,-0.0018325958
1760635854507,0.018478673,-0.011759156,-0.0018325958
1760635854510,0.017256944,-0.012980887,-6.1086525E-4
1760635854512,0.014813482,-0.016493361,-0.0030543262
1760635854513,0.014660766,-0.017715093,-6.1086525E-4
1760635854516,0.014813482,-0.016493361,-0.0018325958
1760635854518,0.010995574,-0.016493361,-0.0030543262
1760635854521,0.012217305,-0.018936822,-0.005497787
1760635854523,0.008552114,-0.016493361,-0.004276057
1760635854525,0.0036651916,-0.016340645,-0.005497787
1760635854527,0.004886922,-0.017562376,-0.004276057
1760635854529,0.004886922,-0.016340645,-0.004276057
1760635854532,0.0061086523,-0.020005837,-6.1086525E-4
1760635854534,0.004886922,-0.020005837,-6.1086525E-4
1760635854536,0.004886922,-0.022449298,-6.1086525E-4
1760635854539,0.005955936,-0.02367103,-6.1086525E-4
1760635854541,0.005955936,-0.024892759,-0.0018325958
1760635854543,0.008399397,-0.02733622,6.1086525E-4
1760635854545,0.0047342055,-0.02855795,0.0018325958
1760635854548,0.005955936,-0.02611449,0.0030543262
1760635854550,0.0071776668,-0.02733622,6.1086525E-4
1760635854552,0.0047342055,-0.02367103,0.0030543262
1760635854554,0.0047342055,-0.02733622,-6.1086525E-4
1760635854557,0.0035124752,-0.024892759,6.1086525E-4
1760635854559,0.0010690142,-0.024892759,-6.1086525E-4
1760635854561,0.004886922,-0.022449298,-6.1086525E-4
1760635854563,0.0036651916,-0.017562376,-6.1086525E-4
1760635854566,0.004886922,-0.016340645,-6.1086525E-4
1760635854568,0.0036651916,-0.015118915,-0.0018325958
1760635854571,0.002443461,-0.012675454,-0.0018325958
1760635854572,0.0025961774,-0.007788532,-0.0030543262
1760635854575,0.0050396384,-0.004276057,-0.0018325958
1760635854577,0.0050396384,-0.005497787,-0.0018325958
1760635854579,0.0025961774,-0.010231993,-0.0018325958
1760635854581,0.0038179078,-0.0065668016,-0.0018325958
1760635854583,0.0025961774,-0.007788532,-6.1086525E-4
1760635854586,0.0062613687,-0.007941248,-0.004276057
1760635854588,0.0050396384,-0.0030543262,-0.004276057
1760635854590,0.005192355,-6.1086525E-4,-0.005497787
1760635854593,0.003970624,0.0018325958,-0.0067195175
1760635854595,3.0543262E-4,0.004428773,-0.0067195175
1760635854597,0.00290161,0.009162978,-0.007941248
1760635854600,-7.6358154E-4,0.012980887,-0.009162978
1760635854602,-0.001985312,0.014202617,-0.01160644
1760635854604,-0.0032070426,0.016646078,-0.01282817
1760635854606,-0.0032070426,0.016646078,-0.009162978
1760635854608,-0.004428773,0.016646078,-0.009162978
1760635854611,-0.006872234,0.016646078,-0.01038471
1760635854613,-0.0056505036,0.016646078,-0.01160644
1760635854615,6.1086525E-4,0.020158553,-0.01038471
1760635854617,-0.0032070426,0.01786781,-0.01038471
1760635854620,-0.001985312,0.018936822,-0.01282817
1760635854622,4.5814895E-4,0.018936822,-0.01038471
1760635854624,4.5814895E-4,0.015271631,-0.007941248
1760635854626,0.0041233404,0.014049901,-0.007941248
1760635854629,0.0016798794,0.017715093,-0.0065668016
1760635854631,0.00290161,0.017715093,-0.00290161
1760635854633,0.005497787,0.018936822,-0.0041233404
1760635854635,0.0041233404,0.015271631,-0.00290161
1760635854637,0.005497787,0.018936822,-4.5814895E-4
1760635854639,0.005497787,0.016493361,-4.5814895E-4
1760635854642,0.007941248,0.016340645,-4.5814895E-4
1760635854644,0.01038471,0.015118915,-4.5814895E-4
1760635854647,0.009010263,0.007941248,0.0018325958
1760635854649,0.011453724,0.0065668016,0.0018325958
1760635854651,0.015118915,0.0016798794,0.0030543262
1760635854653,0.01740966,-0.001985312,0.004276057
1760635854655,0.01740966,-0.004428773,0.0067195175
1760635854657,0.01740966,-0.0032070426,0.005497787
1760635854660,0.014966198,-0.006872234,0.0018325958
1760635854663,0.016187929,-0.008093964,0.0018325958
1760635854665,0.011148291,-0.0067195175,6.1086525E-4
1760635854667,0.013591751,-0.009162978,6.1086525E-4
1760635854669,0.00992656,-0.01160644,-6.1086525E-4
1760635854671,0.007483099,-0.009162978,-0.0018325958
1760635854673,0.0062613687,-0.009162978,-0.005497787
1760635854675,0.0050396384,-0.007788532,-0.004276057
1760635854677,-0.0010690142,-0.007788532,-0.007941248
1760635854680,-0.0010690142,-0.007788532,-0.01038471
1760635854682,0.0,-0.011453724,-0.01038471
1760635854684,-0.0036651916,-0.010079277,-0.01282817
1760635854687,-0.004886922,-0.011301007,-0.01282817
1760635854689,-0.0061086523,-0.011301007,-0.015271631
1760635854691,-0.004886922,-0.0125227375,-0.016493361
1760635854694,-0.004886922,-0.013744468,-0.015271631
1760635854696,-0.0061086523,-0.0125227375,-0.016493361
1760635854698,-0.0036651916,-0.008857546,-0.016493361
1760635854700,-0.002443461,-0.011301007,-0.017715093
1760635854703,-0.0036651916,-0.011301007,-0.016493361
1760635854705,1.5271631E-4,-0.007788532,-0.018936822
1760635854707,0.0038179078,-0.0053450707,-0.017715093
1760635854710,0.003970624,7.6358154E-4,-0.018936822
1760635854712,0.006414085,0.005497787,-0.017715093
1760635854714,0.0076358155,0.004276057,-0.017715093
1760635854717,0.013897184,0.0065668016,-0.016493361
1760635854719,0.016340645,0.012675454,-0.016493361
1760635854721,0.018936822,0.01740966,-0.016340645
1760635854723,0.021380283,0.01863139,-0.015118915
1760635854725,0.02397646,0.02107485,-0.016340645
1760635854728,0.025198191,0.027030786,-0.016340645
1760635854731,0.030085113,0.025809057,-0.016340645
1760635854732,0.03390302,0.028099801,-0.017562376
1760635854734,0.03634648,0.03176499,-0.016340645
1760635854736,0.03756821,0.03176499,-0.016340645
1760635854739,0.03894266,0.032986723,-0.012675454
1760635854741,0.04260785,0.031612277,-0.012675454
1760635854743,0.042455133,0.030390546,-0.013897184
1760635854746,0.041233405,0.029321533,-0.013897184
1760635854748,0.04352415,0.019547688,-0.011453724
1760635854750,0.04718934,0.012217305,-0.011453724
1760635854752,0.0421497,0.009773844,-0.009010263
1760635854756,0.04337143,0.0012217305,-0.007788532
1760635854757,0.041996986,-0.0035124752,-0.009162978
1760635854758,0.041996986,-0.008399397,-0.009162978
1760635854761,0.03940081,-0.008399397,-0.007941248
1760635854764,0.037110064,-0.005955936,-0.007941248
1760635854766,0.036957346,-0.010842858,-0.009162978
1760635854768,0.030390546,-0.036193766,-0.009162978
1760635854770,0.017256944,-0.08827003,-0.010537425
1760635854772,-9.162979E-4,-0.1572978,-0.011759156
1760635854774,-0.022907447,-0.22510384,-0.0143553335
1760635854778,-0.04932737,-0.26358834,-0.01817324
1760635854779,-0.079107046,-0.27763826,-0.021838432
1760635854781,-0.11438452,-0.25152376,-0.021838432
1760635854783,-0.15439619,-0.20586158,-0.026725354
1760635854785,-0.18784106,-0.15057829,-0.027794369
1760635854788,-0.21059579,-0.10293079,-0.0290161
1760635854790,-0.22357668,-0.06856962,-0.028863383
1760635854793,-0.22449298,-0.054061573,-0.031306844
1760635854795,-0.22220223,-0.06261369,-0.033750303
1760635854797,-0.21380283,-0.07849618,-0.03390302
1760635854799,-0.20433442,-0.09682214,-0.03268129
1760635854801,-0.1947133,-0.111635625,-0.025350908
1760635854804,-0.182496,-0.11911872,-0.016798794
1760635854806,-0.17745635,-0.113162786,-0.008246681
1760635854808,-0.17470746,-0.09865474,0.00290161
1760635854810,-0.1695151,-0.075594574,0.011453724
1760635854812,-0.16294831,-0.05390886,0.018784106
1760635854815,-0.15271631,-0.028405234,0.023823744
1760635854817,-0.13744467,-0.001985312,0.029932396
1760635854819,-0.11866058,0.02443461,0.031154128
1760635854822,-0.10094548,0.053297993,0.033750303
1760635854824,-0.07467828,0.0870483,0.034972034
1760635854826,-0.045814894,0.11453723,0.03756821
1760635854828,-0.013439035,0.14309518,0.038789943
1760635854831,0.016646078,0.17547104,0.040011674
1760635854833,0.05024367,0.20051652,0.04260785
1760635854835,0.08124508,0.21945333,0.04260785
1760635854838,0.11102476,0.2322815,0.04505131
1760635854840,0.13698652,0.24037547,0.04520403
1760635854842,0.16279559,0.23884831,0.04520403
1760635854844,0.18478674,0.23243423,0.042760566
1760635854847,0.20066923,0.22479841,0.040317107
1760635854849,0.21533,0.21487185,0.037873644
1760635854851,0.22388211,0.21227567,0.032986723
