1760988288284,-2.812763,2.885146,9.150752
1760988288286,-2.812763,2.8803604,9.184252
1760988288288,-2.8175488,2.8755746,9.150752
1760988288291,-2.812763,2.870789,9.160323
1760988288293,-2.8229325,2.870789,9.127422
1760988288295,-2.7990043,2.8468606,9.132208
1760988288297,-2.7852457,2.8366911,9.108279
1760988288300,-2.737389,2.8121648,9.069994
1760988288302,-2.6757739,2.8115666,9.036494
1760988288304,-2.609373,2.7912276,9.022138
1760988288307,-2.5615165,2.8002007,8.955139
1760988288309,-2.504687,2.7900312,8.926425
1760988288311,-2.4616163,2.7942185,8.868998
1760988288313,-2.4095724,2.7834508,8.849854
1760988288316,-2.3712873,2.7882366,8.825927
1760988288318,-2.3186452,2.821138,8.806784
1760988288320,-2.2845473,2.8396823,8.777472
1760988288323,-2.2606192,2.8731818,8.782257
1760988288325,-2.2360928,2.9012976,8.7679
1760988288328,-2.2025933,2.9395826,8.7679
1760988288330,-2.1834507,2.9533412,8.762517
1760988288332,-2.1972094,2.9587252,8.762517
1760988288334,-2.1924238,2.973082,8.786445
1760988288337,-2.2019951,2.9922247,8.79123
1760988288339,-2.2019951,2.9874392,8.815159
1760988288341,-2.216352,2.9682965,8.843872
1760988288343,-2.2115662,2.9443684,8.853444
1760988288345,-2.2408783,2.9210382,8.872586
1760988288348,-2.2360928,2.9114668,8.896515
1760988288350,-2.260021,2.8923244,8.8492565
1760988288352,-2.289333,2.8594232,8.87797
1760988288354,-2.3228326,2.821138,8.844471
1760988288357,-2.370689,2.8073792,8.878569
1760988288359,-2.4239295,2.7792635,8.892925
1760988288361,-2.4670002,2.7511477,8.868998
1760988288363,-2.5148566,2.7326035,8.940782
1760988288366,-2.5387847,2.7230322,8.935996
1760988288368,-2.5627131,2.6997023,8.970094
1760988288370,-2.5680969,2.6662025,8.984451
1760988288374,-2.5824537,2.6518457,8.970094
1760988288375,-2.5878377,2.6135604,8.989237
1760988288377,-2.6069803,2.5848467,8.998808
1760988288379,-2.6069803,2.580061,9.022736
1760988288382,-2.612364,2.5423741,9.041879
1760988288384,-2.617748,2.5040889,9.06162
1760988288386,-2.5938199,2.4939194,9.090333
1760988288388,-2.5938199,2.4747767,9.119047
1760988288391,-2.5842485,2.484348,9.151948
1760988288393,-2.5698915,2.4891338,9.175877
1760988288395,-2.536392,2.4891338,9.175877
1760988288398,-2.5172493,2.4933212,9.2285185
1760988288400,-2.5028925,2.498107,9.223733
1760988288402,-2.4831517,2.5172493,9.26142
1760988288404,-2.498107,2.5124638,9.256635
1760988288407,-2.492723,2.5411777,9.266206
1760988288409,-2.477768,2.5698915,9.29492
1760988288411,-2.449054,2.6081767,9.294321
1760988288413,-2.4293132,2.6416762,9.299107
1760988288416,-2.4245276,2.6650062,9.275179
1760988288419,-2.3904297,2.6985056,9.2895355
1760988288421,-2.376073,2.722434,9.298509
1760988288423,-2.3515465,2.7409782,9.288938
1760988288426,-2.318047,2.7601209,9.2793665
1760988288428,-2.2797618,2.769094,9.293723
1760988288430,-2.2797618,2.7930222,9.274581
1760988288432,-2.236691,2.8163524,9.260223
1760988288434,-2.2223341,2.821138,9.250054
1760988288436,-2.2127628,2.8115666,9.236296
1760988288438,-2.2175484,2.792424,9.2075815
1760988288441,-2.2085752,2.7822545,9.183653
1760988288443,-2.2277179,2.7870402,9.164511
1760988288445,-2.2468605,2.7684958,9.107681
1760988288447,-2.25703,2.7343981,9.055039
1760988288450,-2.2713869,2.71047,9.02154
1760988288452,-2.2761726,2.7152555,9.002397
1760988288454,-2.2671995,2.7008986,8.96471
1760988288457,-2.2671995,2.7152555,8.973683
1760988288459,-2.2528424,2.7056842,8.973683
1760988288461,-2.2384856,2.7056842,8.978469
1760988288463,-2.2337,2.71047,8.98804
1760988288466,-2.2097716,2.705086,9.007183
1760988288469,-2.204388,2.7338,9.011969
1760988288471,-2.1714866,2.7098715,9.045467
1760988288472,-2.2002003,2.6859434,9.040682
1760988288475,-2.1762722,2.6859434,9.078967
1760988288477,-2.1714866,2.6859434,9.093325
1760988288479,-2.167299,2.6668007,9.117252
1760988288481,-2.1816561,2.6620152,9.112467
1760988288484,-2.1912274,2.6428726,9.112467
1760988288486,-2.2007985,2.6285157,9.117252
1760988288488,-2.201397,2.6045876,9.136395
1760988288490,-2.2205393,2.5902305,9.11785
1760988288493,-2.201397,2.5758736,9.089137
1760988288495,-2.201397,2.585445,9.060423
1760988288498,-2.2301106,2.5758736,9.026923
1760988288500,-2.2307088,2.556731,9.012567
1760988288502,-2.2307088,2.5758736,8.988638
1760988288504,-2.245066,2.5615165,8.96471
1760988288507,-2.2492533,2.5902305,8.926425
1760988288509,-2.245066,2.5758736,8.922237
1760988288511,-2.2642083,2.5615165,8.893523
1760988288513,-2.2546372,2.5710878,8.874381
1760988288515,-2.2779672,2.5902305,8.869596
1760988288518,-2.2779672,2.5950162,8.860024
1760988288520,-2.2642083,2.5950162,8.836096
1760988288522,-2.2259233,2.5896323,8.826525
1760988288524,-2.1924238,2.6081767,8.826525
1760988288527,-2.1589243,2.6225336,8.82114
1760988288529,-2.120639,2.6219354,8.835498
1760988288531,-2.0775683,2.6309085,8.873783
1760988288534,-2.0440688,2.6404798,8.907282
1760988288536,-2.0338993,2.6452653,8.935398
1760988288539,-2.009971,2.6596224,8.98804
1760988288541,-1.995614,2.6739793,9.055039
1760988288543,-1.995614,2.6548367,9.107083
1760988288545,-1.9710877,2.678765,9.183653
1760988288548,-1.9525433,2.6691937,9.217153
1760988288550,-1.9621146,2.6548367,9.269794
1760988288552,-1.9902302,2.6458635,9.303294
1760988288555,-1.966302,2.6506493,9.374481
1760988288557,-1.9716859,2.6171498,9.417552
1760988288559,-1.9860427,2.617748,9.455837
1760988288561,-2.009971,2.5698915,9.470792
1760988288563,-2.0195422,2.5603201,9.489935
1760988288565,-2.0249262,2.5411777,9.475577
1760988288568,-2.0536401,2.5082762,9.480363
1760988288570,-2.0685952,2.4891338,9.461221
1760988288572,-2.0781665,2.4652054,9.418748
1760988288574,-2.0931215,2.4412773,9.423533
1760988288577,-2.11705,2.431706,9.375677
1760988288579,-2.132005,2.4077778,9.352347
1760988288581,-2.1655045,2.4035904,9.323633
1760988288583,-2.1798615,2.4035904,9.285348
1760988288585,-2.2085752,2.3844478,9.223733
1760988288588,-2.2037897,2.3844478,9.209376
1760988288592,-2.2414765,2.4185455,9.195019
1760988288592,-2.2277179,2.3988047,9.147162
1760988288595,-2.2181466,2.408376,9.132806
1760988288597,-2.199004,2.4029922,9.104092
1760988288600,-2.184647,2.4269204,9.080164
1760988288601,-2.1888344,2.4556344,9.070593
1760988288605,-2.1649063,2.4508486,9.061021
1760988288607,-2.155335,2.4598217,9.046664
1760988288609,-2.1505494,2.4885356,9.026923
1760988288611,-2.14038,2.507678,9.026923
1760988288613,-2.11705,2.5118656,8.979067
1760988288615,-2.11705,2.5124638,8.993423
1760988288618,-2.0835502,2.5166512,8.983852
1760988288619,-2.0877378,2.5310082,9.0029955
1760988288622,-2.0494525,2.5591238,9.017352
1760988288624,-2.0207388,2.5639095,9.040682
1760988288626,-1.9680966,2.5824537,9.055039
1760988288628,-1.9537396,2.5824537,9.093325
1760988288631,-1.9202402,2.5962126,9.09811
1760988288633,-1.9154545,2.5866413,9.117252
1760988288636,-1.881955,2.5627131,9.117252
1760988288638,-1.8873389,2.5531418,9.112467
1760988288640,-1.9016958,2.5387847,9.112467
1760988288642,-1.9016958,2.5148566,9.088538
1760988288644,-1.9310079,2.4909284,9.0747795
1760988288647,-1.9411774,2.457429,9.060423
1760988288649,-1.9698912,2.4293132,9.026923
1760988288651,-1.989632,2.3958137,9.003593
1760988288654,-2.032703,2.3623142,8.984451
1760988288656,-2.047658,2.3431716,8.946166
1760988288658,-2.0620148,2.3192434,8.937193
1760988288660,-2.0955145,2.3341985,8.927621
1760988288663,-2.1188445,2.3491535,8.91805
1760988288665,-2.1284158,2.3300111,8.946764
1760988288668,-2.1284158,2.3347967,8.965906
1760988288670,-2.1427727,2.3347967,8.961121
1760988288672,-2.152344,2.3395824,8.970692
1760988288674,-2.1427727,2.3491535,8.998808
1760988288676,-2.1038892,2.373082,9.027522
1760988288678,-2.0614166,2.3581266,9.056235
1760988288681,-2.0374885,2.3629124,9.075378
1760988288683,-1.9609182,2.3665016,9.084352
1760988288686,-1.9178474,2.3712873,9.103494
1760988288689,-1.8747765,2.3898315,9.113065
1760988288690,-1.817947,2.3892334,9.108279
1760988288692,-1.7892331,2.3790638,9.15135
1760988288694,-1.7647067,2.4077778,9.136395
1760988288697,-1.7312071,2.4358935,9.141181
1760988288699,-1.7216359,2.4311078,9.155538
1760988288702,-1.7024933,2.4454648,9.193823
1760988288704,-1.66361,2.4789643,9.212367
1760988288706,-1.6438692,2.5166512,9.2075815
1760988288708,-1.6151553,2.5501506,9.235697
1760988288710,-1.6049858,2.6027927,9.240483
1760988288713,-1.6043876,2.6362925,9.259625
1760988288715,-1.6091732,2.6506493,9.264411
1760988288717,-1.5990037,2.6943183,9.292527
1760988288720,-1.6127625,2.7278178,9.326026
1760988288722,-1.6313069,2.742773,9.373882
1760988288724,-1.6450655,2.7762725,9.435498
1760988288726,-1.6875381,2.801397,9.4737835
1760988288729,-1.7066808,2.8061829,9.564711
1760988288731,-1.7347964,2.806781,9.645468
1760988288733,-1.7443677,2.8025935,9.726824
1760988288735,-1.7635103,2.7786653,9.779466
1760988288738,-1.7407784,2.7116663,9.798609
1760988288740,-1.7706888,2.6111677,9.837492
1760988288742,-1.777269,2.4580271,9.833304
1760988288744,-1.7694924,2.3186452,9.809975
1760988288747,-1.7670995,2.1218355,9.772886
1760988288749,-1.7790636,1.9345971,9.735199
1760988288752,-1.7724833,1.7138592,9.659825
1760988288754,-1.7898313,1.5026926,9.560523
1760988288756,-1.8017955,1.3298112,9.461221
1760988288758,-1.861616,1.1383854,9.3613205
1760988288760,-1.9064814,0.97567344,9.257233
1760988288763,-1.9555343,0.8703892,9.147761
1760988288766,-2.0285153,0.80877405,9.048459
1760988288768,-2.105684,0.75194454,8.934201
1760988288769,-2.1918256,0.73818576,8.857632
1760988288772,-2.2588246,0.74835527,8.772088
1760988288774,-2.3108685,0.78723866,8.724232
1760988288776,-2.3670998,0.8596215,8.666803
1760988288778,-2.385046,0.9553344,8.651849
1760988288781,-2.4029922,1.0612168,8.647063
1760988288783,-2.3874388,1.1521441,8.641679
1760988288786,-2.376073,1.2765709,8.660223
1760988288788,-2.3461626,1.3770695,8.693125
1760988288790,-2.268396,1.4967105,8.735598
1760988288792,-2.1906292,1.6061822,8.768498
1760988288795,-2.0458634,1.7336,8.815159
1760988288797,-1.9154545,1.838286,8.915059
1760988288800,-1.7760726,1.9375881,8.995218
1760988288801,-1.655235,2.012962,9.066405
1760988288803,-1.4973087,2.0931215,9.132806
1760988288806,-1.3818551,2.134996,9.213564
1760988288808,-1.2813566,2.1577277,9.299107
1760988288810,-1.1617154,2.1858435,9.379865
1760988288812,-1.0522437,2.1655045,9.413364
1760988288814,-1.0043873,2.1649063,9.465408
1760988288817,-0.9379865,2.14038,9.48455
1760988288820,-0.8662018,2.120041,9.527621
1760988288822,-0.8333005,2.07697,9.546764
1760988288824,-0.80518484,2.0524435,9.604192
1760988288827,-0.77706915,2.0045872,9.6376915
1760988288828,-0.77766734,1.9423738,9.709476
1760988288831,-0.79740816,1.8897316,9.747761
1760988288833,-0.82612205,1.8424734,9.801002
1760988288835,-0.8554341,1.7760726,9.877572
1760988288837,-0.90388876,1.719243,9.939785
1760988288840,-0.94337034,1.6331015,9.98824
1760988288842,-0.99601245,1.5960127,10.060024
1760988288844,-1.0348958,1.5290136,10.117453
1760988288846,-1.0977074,1.4536397,10.165907
1760988288849,-1.1359925,1.4303098,10.218549
1760988288851,-1.1790633,1.3968102,10.2520485
1760988288853,-1.2131611,1.3591232,10.26162
1760988288855,-1.2610176,1.3453646,10.285548
1760988288858,-1.2849457,1.326222,10.281361
1760988288860,-1.308874,1.3220345,10.300504
1760988288862,-1.3423735,1.2891332,10.295717
1760988288864,-1.3519448,1.3034902,10.27179
1760988288867,-1.3519448,1.2933207,10.243075
1760988288869,-1.3477573,1.2646067,10.200005
1760988288871,-1.3286148,1.274178,10.176077
1760988288874,-1.3573287,1.2646067,10.124033
1760988288876,-1.3531412,1.2496517,10.061819
1760988288878,-1.3627125,1.244866,9.981061
1760988288880,-1.3393825,1.2490535,9.885348
1760988288883,-1.3531412,1.2729816,9.7609215
1760988288885,-1.3489537,1.2628121,9.598808
1760988288887,-1.3633107,1.2957134,9.379267
1760988288889,-1.3776677,1.3435699,9.11127
1760988288892,-1.3770695,1.4093726,8.85823
1760988288894,-1.3770695,1.4811572,8.666803
1760988288896,-1.3429717,1.5236298,8.580662
1760988288898,-1.3238292,1.5613167,8.5423765
1760988288901,-1.2664014,1.5559329,8.551949
1760988288903,-1.2143575,1.5361922,8.595019
1760988288905,-1.1617154,1.5122639,8.633304
1760988288907,-1.1138589,1.5308083,8.699705
1760988288910,-1.0803595,1.535594,8.757133
1760988288913,-1.0468599,1.5254245,8.847462
1760988288916,-1.0510473,1.5451652,8.952746
1760988288917,-1.026521,1.5690935,9.04786
1760988288919,-1.0360922,1.5744773,9.138788
1760988288922,-1.049851,1.5846468,9.253045
1760988288923,-1.1066805,1.6187445,9.334401
1760988288926,-1.1347961,1.6480566,9.434301
1760988288928,-1.1820544,1.6779668,9.530014
1760988288930,-1.238884,1.7030915,9.616156
1760988288933,-1.2717853,1.7324036,9.692128
1760988288935,-1.2855439,1.7282162,9.802198
1760988288938,-1.2903296,1.7377875,9.87817
1760988288940,-1.3040884,1.7718852,9.926026
1760988288942,-1.2897314,1.7431713,9.993026
1760988288944,-1.2658032,1.7330018,10.045668
1760988288946,-1.218545,1.7084754,10.079167
1760988288949,-1.1371889,1.7030915,10.169497
1760988288951,-1.0803595,1.6737795,10.202995
1760988288954,-0.98524475,1.6588243,10.235897
1760988288956,-0.8997013,1.643271,10.278968
1760988288958,-0.81834537,1.6618153,10.326824
1760988288960,-0.7082755,1.6606189,10.316655
1760988288963,-0.6269195,1.692922,10.345368
1760988288965,-0.5455636,1.7210377,10.335199
1760988288968,-0.4971089,1.7682959,10.330414
1760988288970,-0.41515473,1.8340986,10.267602
1760988288972,-0.36729828,1.8909281,10.205389
1760988288975,-0.37627137,1.9148563,10.109675
1760988288976,-0.36251262,1.9286151,9.976275
1760988288978,-0.37208393,1.9525433,9.827921
1760988288981,-0.3714857,1.9998015,9.70828
1760988288983,-0.4001996,2.033301,9.54138
1760988288985,-0.4235296,2.0811574,9.412168
1760988288988,-0.4426722,2.0955145,9.278768
1760988288990,-0.44745782,2.1044874,9.154342
1760988288992,-0.45762733,2.0949163,9.0544405
1760988288995,-0.4336991,2.0847468,8.997013
1760988288997,-0.39601216,2.0602202,8.891729
1760988288999,-0.37806597,2.0117657,8.839685
1760988289002,-0.36430725,1.9776679,8.772686
1760988289004,-0.38883367,1.896312,8.734999
1760988289006,-0.46181476,1.8107685,8.72124
1760988289008,-0.5485546,1.7353946,8.688339
1760988289010,-0.62153566,1.6163517,8.660223
1760988289013,-0.7280163,1.521237,8.632108
1760988289015,-0.84825563,1.4123635,8.632706
1760988289017,-0.9984053,1.2562319,8.643474
1760988289020,-1.1138589,1.166501,8.672786
1760988289022,-1.224527,1.0576276,8.702098
1760988289024,-1.3447664,0.96789676,8.75474
1760988289027,-1.4506488,0.88295156,8.788837
1760988289029,-1.5134603,0.8213364,8.842078
1760988289031,-1.5900307,0.76989067,8.913862
1760988289033,-1.6241283,0.74177504,8.976076
1760988289035,-1.6815561,0.6897311,9.08136
1760988289038,-1.7246269,0.6759724,9.186645
1760988289040,-1.747957,0.6765706,9.329616
1760988289043,-1.7336,0.6771688,9.444471
1760988289045,-1.7042879,0.70588267,9.57787
1760988289047,-1.6564314,0.71007013,9.663414
1760988289049,-1.6031911,0.74835527,9.725628
1760988289052,-1.5547365,0.7962117,9.825528
1760988289053,-1.4685949,0.8380861,9.891929
1760988289055,-1.4051851,0.90508515,9.977472
1760988289059,-1.308874,0.9804591,9.9960165
1760988289061,-1.2029916,1.0468599,10.009775
1760988289063,-1.0971092,1.1222339,9.999606
1760988289065,-1.0199406,1.1976078,9.927821
1760988289067,-0.90029955,1.282553,9.865009
1760988289069,-0.8039884,1.3339987,9.807582
1760988289072,-0.7363912,1.4333007,9.7399845
1760988289074,-0.66400826,1.494916,9.716056
1760988289076,-0.58683974,1.5900307,9.681958
1760988289079,-0.51864433,1.6701902,9.628718
1760988289081,-0.44147578,1.7557336,9.542577
1760988289083,-0.3792624,1.8167506,9.456435
1760988289085,-0.3062813,1.9118652,9.3409815
1760988289087,-0.2536392,1.9776679,9.22134
1760988289090,-0.21954148,2.0350957,9.154342
1760988289092,-0.20997019,2.067997,9.092128
1760988289095,-0.18484555,2.1397817,9.062816
1760988289096,-0.14656039,2.1631117,9.014959
1760988289099,-0.11784652,2.196013,9.02453
1760988289101,-0.09810573,2.2103698,9.0436735
1760988289103,-0.08853444,2.2103698,9.086744
1760988289106,-0.1268196,2.1966112,9.162716
1760988289108,-0.12263216,2.1296122,9.24467
1760988289111,-0.16151553,2.0823538,9.3308115
1760988289112,-0.21415763,2.021337,9.416953
1760988289114,-0.2536392,1.939981,9.474381
1760988289117,-0.31585258,1.8837496,9.565907
1760988289119,-0.3505485,1.8077775,9.618548
1760988289122,-0.38464624,1.7216359,9.723833
1760988289124,-0.44685963,1.6606189,9.886545
1760988289126,-0.49052864,1.5990037,10.010972
1760988289127,-0.49112684,1.5367904,10.021141
1760988289130,-0.54376894,1.494916,10.092926
1760988289132,-0.55812585,1.4620147,10.29811
1760988289134,-0.587438,1.4195421,10.3746805
1760988289136,-0.60717875,1.3621143,10.403993
1760988289139,-0.6693921,1.3004991,10.499705
1760988289141,-0.67477596,1.2574283,10.514063
1760988289144,-0.69930243,1.2053844,10.561919
1760988289146,-0.82612205,0.9720842,10.654043
1760988289148,-0.94337034,0.7435696,10.783854
1760988289150,-1.049851,0.573081,11.076376
1760988289152,-0.97866446,0.57188463,10.884951
1760988289154,-0.802792,0.6203393,10.192228
1760988289157,-0.721436,0.7046863,9.891331
1760988289159,-0.75972116,0.69571316,9.84826
1760988289162,-0.85064846,0.6771688,9.738789
1760988289164,-0.91346,0.59641105,9.744172
1760988289166,-0.94755775,0.55334026,9.672387
1760988289168,-0.90089774,0.5282156,9.529416
1760988289171,-0.8386843,0.5413761,9.357133
1760988289173,-0.75254273,0.61675006,9.203992
1760988289176,-0.65084773,0.7256235,9.089137
1760988289178,-0.5736792,0.8392825,8.949755
1760988289180,-0.49112684,0.9529416,8.796615
1760988289182,-0.42831525,1.0719845,8.685946
1760988289184,-0.39361933,1.1910275,8.599805
1760988289187,-0.3062813,1.2909278,8.556135
1760988289189,-0.23389842,1.375873,8.536395
1760988289191,-0.14656039,1.4757733,8.473583
1760988289193,-0.050249275,1.5607185,8.477771
1760988289196,0.0077766734,1.6366907,8.463413
1760988289198,0.08015956,1.6983058,8.491529
1760988289200,0.10468599,1.7557336,8.548359
1760988289202,0.10049855,1.7994026,8.605786
1760988289205,0.096311115,1.8281165,8.65783
1760988289207,0.07298109,1.8335004,8.7679
1760988289209,0.058624156,1.8293129,8.87797
1760988289212,0.039481573,1.8203398,8.977871
1760988289215,0.025124637,1.7970098,9.097511
1760988289216,0.020338992,1.7395821,9.202796
1760988289218,0.005383851,1.6965113,9.260223
1760988289221,-0.0047856453,1.6157535,9.336794
1760988289223,-0.015553347,1.515255,9.404391
1760988289226,-0.02213361,1.3860425,9.424132
1760988289229,-0.028115666,1.2610176,9.428918
1760988289230,-0.054436713,1.1030912,9.449257
1760988289232,-0.07477571,0.9834501,9.425926
1760988289235,-0.11006984,0.83030945,9.42174
1760988289237,-0.14536397,0.70169526,9.427123
1760988289239,-0.15613168,0.5916254,9.431909
1760988289241,-0.19501504,0.52941203,9.408579
1760988289243,-0.16211374,0.47138608,9.403793
1760988289245,-0.15314065,0.4235296,9.390035
1760988289248,-0.17288144,0.37567315,9.370892
1760988289250,-0.18305093,0.36131623,9.370892
1760988289253,-0.21595225,0.35712877,9.423533
1760988289256,-0.24945176,0.36251262,9.485747
1760988289257,-0.2727818,0.4109673,9.543175
1760988289259,-0.31465617,0.4642076,9.60479
1760988289262,-0.32362926,0.51266223,9.657433
1760988289264,-0.3469593,0.5270192,9.667004
1760988289266,-0.36610186,0.5180461,9.690931
1760988289268,-0.39960137,0.5282156,9.710074
1760988289270,-0.3900301,0.53300124,9.73819
1760988289273,-0.40917268,0.5282156,9.771689
1760988289275,-0.3894319,0.5377869,9.824331
1760988289278,-0.3792624,0.57607204,9.91466
1760988289280,-0.36909288,0.61016977,9.986445
1760988289282,-0.3595216,0.63888365,10.0672035
1760988289284,-0.33020952,0.6867401,10.124631
1760988289286,-0.31944183,0.73459655,10.143175
1760988289289,-0.29970104,0.7968099,10.143175
1760988289291,-0.2943172,0.8446664,10.161719
1760988289293,-0.26021945,0.91106725,10.156934
1760988289295,-0.20757736,0.9391829,10.1084795
1760988289298,-0.18305093,0.991825,10.060623
1760988289300,-0.14476576,1.0247263,10.022338
1760988289302,-0.12023934,1.0815558,9.960124
1760988289304,-0.08135597,1.1288141,9.907482
1760988289307,-0.05682954,1.1862419,9.859028
1760988289309,-0.008973085,1.2335001,9.8015995
1760988289311,0.0059820567,1.2909278,9.753743
1760988289314,0.054436713,1.3375878,9.681958
1760988289316,0.09272188,1.375873,9.633504
1760988289318,0.11246266,1.4327025,9.571291
1760988289320,0.1274178,1.4997016,9.547362
1760988289323,0.123828575,1.5714862,9.527621
1760988289325,0.12023934,1.6773686,9.58505
1760988289328,0.18664017,1.6809579,9.508479
1760988289330,0.22492532,1.6803597,9.403194
1760988289333,0.23868406,1.6701902,9.307482
1760988289335,0.25782663,1.655235,9.226724
1760988289337,0.23808585,1.6360924,9.174082
1760988289340,0.22791636,1.5930216,9.102896
1760988289342,0.19381863,1.5403795,9.074182
1760988289343,0.17407785,1.4829519,9.036494
1760988289346,0.13998012,1.4404793,8.993423
1760988289348,0.10109676,1.3782659,8.998808
1760988289350,0.047856454,1.3214363,8.99462
1760988289352,-5.9820566E-4,1.2598212,9.0233345
1760988289354,-0.034695927,1.2215359,9.0233345
1760988289357,-0.111266255,1.1892328,9.071789
1760988289359,-0.17826529,1.1419746,9.090932
1760988289361,-0.24526432,1.1288141,9.143574
1760988289364,-0.3272185,1.0576276,9.201599
1760988289366,-0.4229314,1.0013963,9.230313
1760988289368,-0.5383851,0.9403793,9.235697
1760988289370,-0.66341007,0.8751749,9.250652
1760988289372,-0.7501499,0.7848458,9.232108
1760988289375,-0.83688974,0.6945168,9.203992
1760988289377,-0.87158567,0.60358953,9.214162
1760988289379,-0.91106725,0.5180461,9.175877
1760988289382,-0.95054877,0.4223332,9.186047
1760988289384,-0.9798609,0.35593235,9.181859
1760988289386,-1.0612168,0.30867413,9.205787
1760988289388,-1.1335998,0.25244278,9.263813
1760988289390,-1.1958131,0.20518455,9.311669
1760988289393,-1.253839,0.16271193,9.369097
1760988289395,-1.3016955,0.12023934,9.436096
1760988289398,-1.3597214,0.068793654,9.522238
1760988289399,-1.4117653,0.069391854,9.603594
1760988289402,-1.4787644,0.051445685,9.71845
1760988289404,-1.5260227,0.0424726,9.818948
1760988289407,-1.5876378,0.06759724,9.947562
1760988289409,-1.6253247,0.09750752,10.04806
1760988289411,-1.6624135,0.13160525,10.124631
1760988289413,-1.6426728,0.18903299,10.191031
1760988289416,-1.6037893,0.25543383,10.185648
1760988289419,-1.5553347,0.29850462,10.1904335
1760988289421,-1.4925231,0.3786642,10.146765
1760988289423,-1.4207385,0.43070808,10.132407
1760988289426,-1.314856,0.4869394,10.045668
1760988289427,-1.2095718,0.5479564,9.978668
1760988289429,-1.0893325,0.61794645,9.877572
1760988289431,-0.9553344,0.6831509,9.777073
1760988289434,-0.81655073,0.74835527,9.633504
1760988289436,-0.7112665,0.8141579,9.537193
1760988289439,-0.56769717,0.86979103,9.412766
1760988289441,-0.4426722,0.93978107,9.293125
1760988289443,-0.30867413,1.0097711,9.206385
1760988289445,-0.19322042,1.0749756,9.101101
1760988289447,-0.08315059,1.1455638,9.004789
1760988289449,0.02213361,1.2065809,8.92822
1760988289452,0.09930214,1.2580265,8.88455
1760988289454,0.15672988,1.2957134,8.807981
1760988289456,0.20039889,1.3429717,8.788837
1760988289458,0.22432712,1.3573287,8.779266
1760988289461,0.2632105,1.4045869,8.783454
1760988289463,0.2536392,1.3998013,8.802596
1760988289465,0.24885355,1.4045869,8.816954
1760988289467,0.2632105,1.4093726,8.826525
1760988289470,0.22911277,1.3716856,8.826525
1760988289472,0.18544376,1.3046865,8.841479
1760988289474,0.13280165,1.2717853,8.855837
1760988289478,0.07956135,1.2053844,8.856435
1760988289480,0.0017946169,1.119841,8.837891
1760988289482,-0.041874398,1.0438689,8.800203
1760988289483,-0.119042926,0.95832545,8.776874
1760988289486,-0.17826529,0.8392825,8.7679
1760988289489,-0.25543383,0.7728817,8.772686
1760988289492,-0.35174492,0.70169526,8.758927
1760988289494,-0.44805604,0.61675006,8.778668
1760988289496,-0.5300102,0.53180486,8.803194
1760988289498,-0.64008003,0.49471608,8.846265
1760988289500,-0.7501499,0.4528417,8.91805
1760988289502,-0.8596215,0.4354937,8.980862
1760988289505,-0.9409775,0.40737805,9.057432
1760988289507,-1.0366904,0.37567315,9.148359
1760988289509,-1.1222339,0.38165522,9.282357
1760988289511,-1.1796615,0.37746778,9.349357
1760988289514,-1.2221341,0.39780676,9.439685
1760988289515,-1.2927225,0.42771706,9.540184
1760988289518,-1.3453646,0.4235296,9.611969
1760988289520,-1.3543376,0.44805604,9.711869
1760988289522,-1.4063815,0.47318068,9.8219385
1760988289524,-1.3818551,0.50129634,9.878768
1760988289527,-1.3764713,0.52582276,9.96491
1760988289529,-1.3429717,0.5491528,10.002597
1760988289532,-1.2658032,0.59641105,9.98824
1760988289534,-1.1946167,0.61016977,9.987641
1760988289536,-1.0893325,0.6233303,9.973285
1760988289538,-0.9936196,0.6412765,9.944571
1760988289540,-0.85483587,0.68255264,9.876974
1760988289543,-0.72083783,0.7477571,9.809975
1760988289545,-0.6203393,0.7752745,9.737592
1760988289547,-0.48215377,0.8069794,9.661021
1760988289550,-0.35294133,0.8578269,9.584451
1760988289553,-0.22851457,0.86081797,9.512667
1760988289555,-0.109471634,0.8739785,9.4737835
1760988289557,-0.014356935,0.88235337,9.41157
1760988289559,0.09571291,0.89013004,9.373284
1760988289561,0.15254244,0.89431745,9.325428
1760988289564,0.22911277,0.88354975,9.258429
1760988289566,0.30508488,0.8775677,9.201001
1760988289568,0.34277186,0.8632108,9.186645
1760988289570,0.35234314,0.8530413,9.138788
1760988289572,0.34277186,0.8386843,9.124431
1760988289575,0.35653058,0.8147561,9.086744
1760988289577,0.32303107,0.7956135,9.053245
1760988289579,0.27936205,0.7531409,9.044271
1760988289582,0.2219343,0.7393822,9.015557
1760988289584,0.14955142,0.69212395,8.9826565
1760988289587,0.08255238,0.69272214,8.925228
1760988289589,-0.01794617,0.66041905,8.911469
1760988289591,-0.12801601,0.63230336,8.868399
1760988289593,-0.22313072,0.6334998,8.835498
1760988289595,-0.3290131,0.6011967,8.830712
1760988289598,-0.43848476,0.6023931,8.793025
1760988289600,-0.5389833,0.5796613,8.769096
1760988289601,-0.6346962,0.5515456,8.750552
1760988289603,-0.74895346,0.55334026,8.73141
1760988289606,-0.83090764,0.49172506,8.751151
1760988289609,-0.89312106,0.48275197,8.746365
1760988289611,-0.9601201,0.4743771,8.766106
1760988289613,-1.0031909,0.4408776,8.770891
1760988289616,-1.0372887,0.39840496,8.804391
1760988289619,-1.0660025,0.3702893,8.842676
1760988289620,-1.0851451,0.34636107,8.8905325
1760988289622,-1.1001002,0.3182454,8.933603
1760988289625,-1.0809577,0.31286156,8.991031
1760988289626,-1.0953146,0.2847459,9.05803
1760988289628,-1.1144571,0.27098715,9.120243
1760988289631,-1.1096715,0.2853441,9.1872425
1760988289634,-1.1096715,0.26141587,9.268001
1760988289635,-1.0857433,0.24705894,9.349357
1760988289638,-1.0474582,0.232702,9.425926
1760988289640,-1.0235299,0.23748764,9.492328
1760988289642,-0.9846465,0.26081768,9.573684
1760988289644,-0.92303133,0.26979074,9.616156
1760988289646,-0.8602197,0.2883351,9.683155
1760988289649,-0.81236327,0.3074777,9.759128
1760988289651,-0.75493556,0.3068795,9.8117695
1760988289653,-0.71665037,0.3260221,9.882956
1760988289655,-0.6538388,0.3684947,9.97807
1760988289658,-0.5724828,0.37268212,10.059426
1760988289660,-0.4953143,0.40079778,10.168898
1760988289662,-0.4139583,0.42891344,10.225728
1760988289664,-0.33738798,0.46660042,10.287343
1760988289667,-0.25543383,0.49471608,10.3543415
1760988289670,-0.17407785,0.503091,10.382458
1760988289672,-0.08793623,0.5407779,10.425529
1760988289674,-0.030508488,0.5353941,10.463215
1760988289676,0.046061836,0.54436713,10.4871435
1760988289678,0.0741775,0.52941203,10.5015
1760988289681,0.10229317,0.50069815,10.520643
1760988289683,0.14057833,0.48095736,10.525429
1760988289685,0.1591227,0.47078785,10.530214
1760988289687,0.17826529,0.44685963,10.530214
1760988289690,0.19202402,0.4223332,10.4871435
1760988289692,0.21535404,0.38404804,10.444671
1760988289694,0.22492532,0.37387854,10.4016
1760988289696,0.24825534,0.35413775,10.3441725
1760988289699,0.2620141,0.33499518,10.263414
1760988289701,0.25244278,0.33918262,10.177273
1760988289703,0.23808585,0.33918262,10.134202
1760988289706,0.22851457,0.35832518,10.04806
1760988289708,0.19561325,0.3924229,9.962517
1760988289710,0.16211374,0.42592242,9.895518
1760988289712,0.148355,0.46899325,9.790234
1760988289715,0.15373886,0.5072784,9.728021
1760988289718,0.14476576,0.5886344,9.641879
1760988289719,0.16390835,0.60717875,9.57488
1760988289722,0.17407785,0.65982085,9.474381
1760988289724,0.1698904,0.7118647,9.378669
1760988289726,0.14656039,0.76989067,9.32124
1760988289729,0.1274178,0.7938189,9.225528
1760988289732,0.09451649,0.846461,9.144172
1760988289734,0.0849452,0.8703892,9.062816
1760988289736,0.052043892,0.90388876,9.000603
1760988289738,-0.0047856453,0.94277215,8.934201
1760988289740,-0.05682954,0.99601245,8.910274
1760988289742,-0.12263216,1.035494,8.886345
1760988289744,-0.16570297,1.0504491,8.905488
1760988289747,-0.24646074,1.0803595,8.928818
1760988289749,-0.34097722,1.1294123,8.943174
1760988289751,-0.43130627,1.1497513,8.967103
1760988289754,-0.55034924,1.1700903,8.996415
1760988289756,-0.6693921,1.1910275,9.0347
1760988289758,-0.75493556,1.2065809,9.049057
1760988289760,-0.8213364,1.2263216,9.058628
1760988289763,-0.9068798,1.2658032,9.049057
1760988289765,-0.9828519,1.2807583,9.063414
1760988289767,-1.0348958,1.2861422,9.068199
1760988289770,-1.0869397,1.3112668,9.092128
1760988289772,-1.1204392,1.3112668,9.082557
1760988289774,-1.16351,1.326222,9.092128
1760988289776,-1.18684,1.3507484,9.087342
1760988289778,-1.2011969,1.3507484,9.106484
1760988289781,-1.2251252,1.3513466,9.11127
1760988289783,-1.2340983,1.3657036,9.082557
1760988289785,-1.2251252,1.3651053,9.068199
1760988289787,-1.2299109,1.3603196,9.029915
1760988289790,-1.2592229,1.3082758,9.006584
1760988289792,-1.2693924,1.2693924,8.958728
1760988289794,-1.2891332,1.2167503,8.911469
1760988289796,-1.3375878,1.1599208,8.925827
1760988289799,-1.3716856,1.0887343,8.912068
1760988289801,-1.396212,1.0456635,8.897711
1760988289803,-1.4494523,0.974477,8.893523
1760988289805,-1.4931214,0.92662054,8.874979
1760988289808,-1.5128621,0.8644072,8.8701935
1760988289811,-1.5367904,0.8554341,8.836694
1760988289812,-1.5421742,0.82612205,8.81815
1760988289816,-1.5804594,0.7932207,8.789435
1760988289817,-1.585245,0.802792,8.751151
1760988289819,-1.585245,0.82672024,8.727222
1760988289822,-1.5894325,0.8602197,8.717651
1760988289824,-1.5702899,0.87936234,8.703294
1760988289826,-1.564906,0.9176475,8.693723
1760988289828,-1.5308083,0.97926265,8.69791
1760988289831,-1.5014962,1.0366904,8.683554
1760988289833,-1.4482559,1.0935199,8.678169
1760988289835,-1.4093726,1.1647065,8.673384
1760988289838,-1.3746766,1.250848,8.687142
1760988289840,-1.311865,1.3363914,8.676973
1760988289842,-1.2346965,1.4027922,8.685946
1760988289844,-1.180858,1.4931214,8.676374
1760988289846,-1.1180464,1.588236,8.680562
1760988289848,-1.0313065,1.6450655,8.670393
1760988289851,-0.9391829,1.7491534,8.660223
1760988289853,-0.86201435,1.8442681,8.640483
1760988289855,-0.79441714,1.9202402,8.640483
1760988289858,-0.71724856,1.9914266,8.635098
1760988289861,-0.6257231,2.0668006,8.615358
1760988289863,-0.5341976,2.1230319,8.581859
1760988289865,-0.4953143,2.175674,8.562118
1760988289868,-0.45702913,2.213361,8.566903
1760988289870,-0.39900318,2.2606192,8.537591
1760988289872,-0.36610186,2.260021,8.504091
1760988289874,-0.37507495,2.2983062,8.513663
1760988289876,-0.3702893,2.288735,8.499306
1760988289878,-0.3894319,2.2935205,8.475378
1760988289881,-0.41814575,2.289333,8.466405
1760988289882,-0.4229314,2.2941186,8.47119
1760988289885,-0.44626144,2.309074,8.461619
1760988289887,-0.47976094,2.2851455,8.47119
1760988289889,-0.5138587,2.2761726,8.466405
1760988289891,-0.57547385,2.2671995,8.466405
1760988289894,-0.62811595,2.2438695,8.476574
1760988289897,-0.6855437,2.2301106,8.519645
1760988289899,-0.73399836,2.187638,8.52443
1760988289901,-0.78723866,2.1260228,8.553742
1760988289903,-0.83988076,2.088336,8.596813
1760988289905,-0.89312106,2.0410776,8.606385
1760988289908,-0.94636136,1.9698912,8.611769
1760988289910,-0.9804591,1.922633,8.640483
1760988289913,-1.0283155,1.8891335,8.641081
1760988289914,-1.0432707,1.855634,8.607581
1760988289917,-1.0815558,1.8370895,8.602796
1760988289919,-1.1102697,1.8083757,8.589037
1760988289921,-1.1108679,1.7796619,8.545966
1760988289923,-1.1306087,1.7605193,8.5220375
1760988289926,-1.1210374,1.750948,8.478967
1760988289928,-1.1353943,1.7413766,8.469994
1760988289931,-1.1162517,1.750948,8.436495
1760988289932,-1.0971092,1.7551354,8.388638
1760988289936,-1.1018949,1.774278,8.374281
1760988289939,-1.0636097,1.8071793,8.316854
1760988289940,-1.0486546,1.8263218,8.278568
1760988289941,-1.0630114,1.8550358,8.211569
1760988289944,-1.0342976,1.8927227,8.14457
1760988289946,-1.0624132,1.9310079,8.087142
1760988289948,-1.0570294,1.98365,8.0201435
1760988289951,-1.0522437,2.0027926,7.9722867
1760988289953,-1.0660025,2.036292,7.9100733
1760988289955,-1.0755738,2.065006,7.8287177
1760988289958,-1.0845468,2.0889342,7.77129
1760988289960,-1.1084751,2.0889342,7.7090764
1760988289962,-1.1132607,2.1128623,7.6420774
1760988289964,-1.1276177,2.1224337,7.6085777
1760988289966,-1.1467602,2.132005,7.5756764
1760988289969,-1.1659029,2.137389,7.5661054
1760988289971,-1.2179468,2.1619153,7.5661054
1760988289974,-1.2412767,2.181058,7.585248
1760988289976,-1.2747762,2.1720848,7.594819
1760988289979,-1.2939188,2.1529422,7.618747
1760988289981,-1.3130615,2.1487548,7.6666036
1760988289983,-1.3082758,2.158326,7.7186475
1760988289985,-1.3411771,2.2019951,7.7665043
1760988289987,-1.3316058,2.1834507,7.8670025
1760988289990,-1.3357933,2.2025933,7.966903
1760988289991,-1.3160524,2.2169502,8.062616
1760988289994,-1.2969099,2.2073789,8.1433735
1760988289996,-1.2969099,2.1936202,8.234301
1760988289998,-1.2687942,2.184049,8.330014
1760988290000,-1.2442678,2.184049,8.415557
1760988290003,-1.2059826,2.1834507,8.5112705
1760988290006,-1.18684,2.178665,8.587242
1760988290008,-1.1772687,2.164308,8.635098
1760988290010,-1.1826526,2.11705,8.711669
1760988290012,-1.1730813,2.140978,8.764311
1760988290014,-1.1682956,2.1074786,8.821739
1760988290017,-1.1641082,2.0548365,8.874381
1760988290019,-1.1449656,2.059622,8.888738
1760988290021,-1.1491531,2.0931215,8.907282
1760988290024,-1.1641082,2.0691934,8.898309
1760988290026,-1.1497513,2.0404794,8.898309
1760988290029,-1.183849,2.0165513,8.869596
1760988290031,-1.1886346,2.00698,8.883952
1760988290033,-1.1988041,1.9639091,8.855837
1760988290035,-1.2179468,1.9447666,8.831908
1760988290038,-1.2137593,1.9304097,8.807981
1760988290040,-1.2233306,1.9160527,8.779266
1760988290042,-1.2329018,1.9016958,8.746365
1760988290044,-1.2430713,1.8777676,8.727222
1760988290047,-1.2191432,1.8580267,8.708079
1760988290049,-1.2287145,1.8723837,8.688937
1760988290050,-1.2143575,1.8771694,8.698508
1760988290053,-1.2000005,1.8723837,8.665009
1760988290056,-1.1856437,1.8723837,8.674581
1760988290057,-1.1718849,1.8622142,8.665009
1760988290060,-1.1288141,1.875973,8.679366
1760988290062,-1.099502,1.9094725,8.693125
1760988290065,-1.0947163,1.9142581,8.717052
1760988290067,-1.07019,1.942972,8.740981
1760988290069,-1.055833,1.9477576,8.7984085
1760988290071,-1.0223335,1.9615164,8.836096
1760988290074,-1.0127622,1.9716859,8.883952
1760988290076,-0.99302137,1.995614,8.940782
1760988290078,-0.97866446,2.018944,8.974281
1760988290080,-0.97866446,2.009971,9.012567
1760988290083,-0.97806627,2.0147567,9.050852
1760988290085,-0.97806627,2.009971,9.079565
1760988290087,-0.997807,1.9908284,9.089137
1760988290089,-1.0313065,1.9674984,9.127422
1760988290092,-1.0695918,1.9585253,9.136993
1760988290094,-1.1078769,1.9351953,9.1465645
1760988290096,-1.160519,1.9214365,9.142377
1760988290099,-1.218545,1.8544376,9.137591
1760988290101,-1.2855439,1.8311075,9.099904
1760988290103,-1.3579268,1.80359,9.075976
1760988290106,-1.4392828,1.7515461,9.033504
1760988290108,-1.5026926,1.6803597,8.986245
1760988290110,-1.5696917,1.666601,8.948559
1760988290112,-1.6277176,1.6187445,8.876774
1760988290114,-1.6803597,1.5858432,8.839087
1760988290116,-1.7521443,1.5577276,8.7679
1760988290119,-1.814956,1.5296118,8.69133
1760988290121,-1.8867407,1.5014962,8.644072
1760988290124,-1.9830518,1.4733806,8.582457
1760988290126,-2.0542383,1.4644074,8.553742
1760988290128,-2.1355941,1.4608182,8.492127
1760988290129,-2.1738794,1.451247,8.429914
1760988290131,-2.1936202,1.4321043,8.363513
1760988290135,-2.1942184,1.4129617,8.3013
1760988290137,-2.1798615,1.3980067,8.258229
1760988290139,-2.1559331,1.4117653,8.205587
1760988290142,-2.1182463,1.387239,8.162517
1760988290143,-2.0991037,1.3824533,8.096115
1760988290146,-2.0751755,1.4009976,8.033902
1760988290148,-1.9998015,1.375873,7.9429746
1760988290150,-1.9567307,1.3944174,7.880761
1760988290152,-1.9136599,1.3842479,7.818548
1760988290154,-1.8903298,1.3836497,7.756335
1760988290156,-1.861616,1.3830515,7.704291
1760988290159,-1.8185452,1.3824533,7.6797643
1760988290161,-1.7994026,1.3920245,7.655836
1760988290164,-1.7856439,1.3818551,7.632506
1760988290166,-1.7563318,1.4009976,7.631908
1760988290168,-1.7371893,1.4147564,7.6223364
1760988290170,-1.7371893,1.4392828,7.631908
1760988290173,-1.7419748,1.4297116,7.641479
1760988290175,-1.7700906,1.4685949,7.6941214
1760988290177,-1.774278,1.4733806,7.750951
1760988290179,-1.8077775,1.4787644,7.7940216
1760988290182,-1.8508483,1.4650056,7.8227353
1760988290184,-1.8891335,1.4416757,7.8897343
1760988290186,-1.9369899,1.4231312,7.975876
1760988290189,-1.9465612,1.4045869,8.047661
1760988290190,-1.9848464,1.3908281,8.152945
1760988290194,-2.003989,1.3722838,8.248658
1760988290196,-2.0225334,1.3776677,8.377272
1760988290197,-1.9986051,1.3776677,8.516056
1760988290200,-1.98365,1.3824533,8.659027
1760988290202,-1.9310079,1.372882,8.811569
1760988290204,-1.8927227,1.3680964,8.979067
1760988290206,-1.8496519,1.372882,9.141181
1760988290214,-1.805983,1.3633107,9.322437
1760988290214,-1.7676977,1.3824533,9.48455
1760988290214,-1.7246269,1.3537394,9.646665
1760988290221,-1.6863418,1.3345969,9.771091
1760988290221,-1.672583,1.2963116,9.905089
1760988290221,-1.6438692,1.2723835,10.00499
1760988290229,-1.6109679,1.2340983,10.095917
1760988290229,-1.5732809,1.1952149,10.172487
1760988290229,-1.5547365,1.1521441,10.172487
1760988290229,-1.5361922,1.0893325,10.186844
1760988290231,-1.541576,1.0127622,10.230514
1760988290233,-1.5278172,0.974477,10.197014
1760988290236,-1.5290136,0.91166544,10.21137
1760988290238,-1.5631114,0.84047896,10.164112
1760988290240,-1.5738791,0.7680961,10.12164
1760988290243,-1.5984055,0.69152576,10.069596
1760988290245,-1.6564314,0.63948184,10.003195
1760988290247,-1.7006987,0.55812585,9.932009
1760988290249,-1.7826529,0.48215377,9.865608
1760988290252,-1.8454645,0.44925246,9.784252
1760988290254,-1.9076779,0.41635114,9.703494
1760988290256,-1.9986051,0.43130627,9.641879
1760988290258,-2.050649,0.44626144,9.565309
1760988290261,-2.1128623,0.4660022,9.474381
1760988290263,-2.1702902,0.4851448,9.388838
1760988290265,-2.2031915,0.5096712,9.326625
1760988290267,-2.2360928,0.5383851,9.2691965
1760988290270,-2.2983062,0.5491528,9.264411
1760988290272,-2.335993,0.59700924,9.245269
1760988290274,-2.3784657,0.6263213,9.230911
1760988290277,-2.4119651,0.6364908,9.202198
1760988290279,-2.440081,0.6556334,9.159127
1760988290281,-2.4592235,0.68494546,9.139984
1760988290283,-2.4921248,0.7040881,9.1256275
1760988290286,-2.5298119,0.75254273,9.1256275
1760988290288,-2.548356,0.77647096,9.11127
1760988290290,-2.5860431,0.80578303,9.120842
1760988290292,-2.6045876,0.83988076,9.120842
1760988290295,-2.6189444,0.8542377,9.139984
1760988290297,-2.6183462,0.88295156,9.153743
1760988290300,-2.6141586,0.863809,9.177671
1760988290302,-2.6189444,0.8596215,9.225528
1760988290305,-2.6183462,0.8739785,9.268599
1760988290306,-2.6081767,0.91226363,9.292527
1760988290308,-2.589034,0.92662054,9.315857
1760988290311,-2.5603201,0.9212367,9.330214
1760988290313,-2.5172493,0.9451649,9.363713
1760988290315,-2.4885356,0.9589237,9.392427
1760988290317,-2.4448664,0.9924232,9.415757
1760988290320,-2.4209383,1.0163515,9.487542
1760988290322,-2.4107687,1.0307083,9.5252285
1760988290325,-2.382055,1.0301101,9.549157
1760988290328,-2.3485553,1.0348958,9.563514
1760988290330,-2.3108685,1.0342976,9.549157
1760988290331,-2.248655,1.0235299,9.510872
1760988290334,-2.210968,0.9942178,9.463016
1760988290336,-2.254039,0.994816,9.491729
1760988290338,-2.425724,0.9595219,9.692726
1760988290340,-2.6368906,0.8327023,9.80818
1760988290342,-2.6955147,0.7465607,9.746565
1760988290345,-2.5435705,0.72023964,9.498309
1760988290347,-2.3431716,0.7746763,9.235099
1760988290349,-2.1667008,0.8105687,9.053245
1760988290352,-2.0572293,0.8279166,8.933603
1760988290354,-1.9950159,0.8362915,8.847462
1760988290356,-1.9710877,0.8315059,8.813962
1760988290358,-1.942972,0.8356933,8.7469635
1760988290361,-1.9040886,0.86859465,8.703893
1760988290363,-1.8323039,0.91106725,8.632108
1760988290365,-1.7461623,0.9529416,8.593225
1760988290367,-1.678565,1.0139586,8.550154
1760988290369,-1.6163517,1.0516455,8.502297
1760988290372,-1.5439688,1.1132607,8.482556
1760988290374,-1.4578272,1.1599208,8.463413
1760988290376,-1.3800604,1.2406785,8.438888
1760988290379,-1.317847,1.2592229,8.410173
1760988290381,-1.274178,1.3208381,8.385647
1760988290383,-1.2646067,1.3543376,8.37129
1760988290386,-1.2592229,1.3782659,8.3377905
1760988290389,-1.2687942,1.3974084,8.313862
1760988290391,-1.2640085,1.416551,8.289934
1760988290394,-1.2927225,1.402194,8.246863
1760988290395,-1.3070793,1.3974084,8.185248
1760988290397,-1.3268201,1.3686945,8.156534
1760988290399,-1.3459628,1.3543376,8.080562
1760988290401,-1.346561,1.3106686,8.032705
1760988290404,-1.3423735,1.2819548,7.9519477
1760988290407,-1.3812568,1.2293127,7.908877
1760988290408,-1.3914263,1.1910275,7.937591
1760988290410,-1.3968102,1.1383854,7.9477606
1760988290413,-1.4069797,1.0857433,7.952546
1760988290415,-1.4117653,1.0576276,7.995617
1760988290418,-1.4554343,1.0342976,8.019546
1760988290420,-1.4937196,0.99601245,8.039286
1760988290422,-1.5511472,0.97806627,8.072785
1760988290424,-1.5942181,0.9493524,8.1015
1760988290427,-1.6468602,0.93559366,8.115856
1760988290429,-1.6707884,0.92662054,8.14457
1760988290431,-1.7090735,0.9415757,8.149356
1760988290435,-1.7611175,0.9517452,8.187641
1760988290436,-1.7850457,0.95712906,8.206783
1760988290438,-1.7994026,0.95712906,8.240283
1760988290440,-1.8370895,0.9816555,8.283354
1760988290442,-1.8604196,1.0109676,8.288139
1760988290445,-1.8646071,1.0253245,8.359326
1760988290447,-1.8550358,1.0444671,8.38804
1760988290450,-1.8496519,1.0683953,8.440681
1760988290452,-1.8442681,1.102493,8.502297
1760988290453,-1.8155541,1.1210374,8.535796
1760988290456,-1.8011973,1.102493,8.617152
1760988290458,-1.7814565,1.1455638,8.774481
1760988290460,-1.7904296,1.1557333,8.860024
1760988290463,-1.7336,1.1359925,8.898309
1760988290466,-1.6576279,1.1300105,8.855238
1760988290468,-1.5236298,1.1425728,8.845069
1760988290470,-1.4237294,1.1557333,8.811569
1760988290472,-1.3280165,1.1551352,8.835498
1760988290474,-1.2616158,1.1443675,8.87797
1760988290476,-1.1994023,1.1389836,8.9210415
1760988290479,-1.1563315,1.1437693,8.964112
1760988290481,-1.1084751,1.1431711,9.016156
1760988290483,-1.0845468,1.1288141,9.044869
1760988290485,-1.055833,1.1425728,9.020942
1760988290488,-1.0420742,1.1186446,9.0544405
1760988290490,-1.0420742,1.1090733,9.078369
1760988290492,-1.0420742,1.099502,9.097511
1760988290494,-1.0612168,1.1001002,9.116654
1760988290496,-1.0803595,1.090529,9.150154
1760988290499,-1.090529,1.0474582,9.174082
1760988290502,-1.1335998,1.0193424,9.160323
1760988290504,-1.134198,0.9954142,9.169894
1760988290506,-1.1676974,0.9816555,9.193823
1760988290508,-1.1820544,0.9529416,9.212965
1760988290510,-1.2155539,0.9290134,9.212965
1760988290513,-1.2257234,0.90089774,9.218349
1760988290516,-1.244866,0.8769695,9.227921
1760988290518,-1.2735798,0.8578269,9.223135
1760988290520,-1.2693924,0.8386843,9.227921
1760988290522,-1.2789637,0.82911307,9.223135
1760988290524,-1.2795619,0.7956135,9.218349
1760988290527,-1.2939188,0.7716853,9.204591
1760988290529,-1.2993027,0.7573284,9.175877
1760988290531,-1.2897314,0.73818576,9.180662
1760988290534,-1.2514462,0.7328019,9.175877
1760988290536,-1.2562319,0.7710871,9.175877
1760988290538,-1.2364911,0.8045866,9.18485
1760988290540,-1.2358929,0.8237292,9.218349
1760988290542,-1.1976078,0.8428718,9.247063
1760988290545,-1.1874382,0.87637126,9.256036
1760988290547,-1.1820544,0.948156,9.303893
1760988290549,-1.1670992,1.0055838,9.327223
1760988290551,-1.1282159,1.0390832,9.365508
1760988290553,-1.0989038,1.0869397,9.384052
1760988290556,-1.0743774,1.1539388,9.427123
1760988290559,-1.0307083,1.1820544,9.460024
1760988290561,-0.96849495,1.2197413,9.502497
1760988290563,-0.94396853,1.2532408,9.574282
1760988290565,-0.91465646,1.2963116,9.6071825
1760988290567,-0.8709874,1.3387842,9.65504
1760988290569,-0.85184485,1.3531412,9.707084
1760988290572,-0.8177471,1.3770695,9.764511
1760988290574,-0.81236327,1.4153546,9.802198
1760988290576,-0.81236327,1.4297116,9.821341
1760988290579,-0.8171489,1.4494523,9.826126
1760988290581,-0.84047896,1.4638093,9.830912
1760988290584,-0.8787641,1.4596218,9.835697
1760988290586,-0.89312106,1.4500505,9.802198
1760988290587,-0.9128618,1.4261223,9.812367
1760988290590,-0.9320044,1.4267205,9.783653
1760988290592,-0.9607183,1.3884354,9.778868
1760988290594,-0.9804591,1.3597214,9.75494
1760988290596,-0.99960166,1.3453646,9.760324
1760988290599,-1.0049855,1.3022938,9.726824
1760988290601,-1.0342976,1.274178,9.698111
1760988290603,-1.0301101,1.2257234,9.64128
1760988290605,-1.0396814,1.230509,9.607781
1760988290609,-1.0731809,1.1970096,9.5557375
1760988290612,-1.0737791,1.1730813,9.498309
1760988290612,-1.0929217,1.1539388,9.460024
1760988290615,-1.0935199,1.1347961,9.388838
1760988290617,-1.0648061,1.1533405,9.326625
1760988290619,-1.055833,1.1192428,9.250054
1760988290621,-1.0372887,1.1096715,9.202796
1760988290624,-1.0037891,1.1138589,9.140582
1760988290627,-0.98883396,1.1563315,9.068798
1760988290628,-0.9320044,1.1557333,9.01137
1760988290630,-0.92243314,1.1694921,8.920443
1760988290633,-0.89371926,1.1976078,8.853444
1760988290635,-0.8602197,1.2257234,8.776874
1760988290637,-0.8554341,1.2400804,8.695518
1760988290639,-0.8356933,1.2729816,8.642876
1760988290642,-0.79740816,1.3160524,8.599805
1760988290644,-0.77766734,1.3393825,8.5423765
1760988290646,-0.77766734,1.372882,8.465807
1760988290648,-0.74895346,1.3914263,8.422736
1760988290651,-0.72442704,1.4344971,8.389236
1760988290653,-0.72442704,1.4578272,8.34138
1760988290655,-0.6861419,1.486541,8.3174515
1760988290658,-0.6664011,1.5194423,8.278568
1760988290660,-0.6520442,1.5433706,8.268997
1760988290662,-0.61854464,1.5475581,8.249854
1760988290665,-0.6418747,1.5720844,8.264212
1760988290668,-0.6227321,1.5954145,8.259425
1760988290670,-0.6418747,1.5864414,8.273783
1760988290671,-0.6221339,1.6151553,8.292925
1760988290674,-0.6364908,1.6199409,8.302496
1760988290676,-0.6412765,1.6295122,8.344969
1760988290678,-0.66999036,1.6157535,8.373683
1760988290680,-0.67477596,1.6157535,8.426325
1760988290683,-0.69332033,1.6163517,8.46461
1760988290686,-0.7220342,1.602593,8.53161
1760988290688,-0.7507481,1.5984055,8.603394
1760988290690,-0.78424764,1.5702899,8.670393
1760988290692,-0.80817586,1.5559329,8.718249
1760988290694,-0.8709874,1.5086746,8.756535
1760988290696,-0.92303133,1.4907285,8.8187475
1760988290699,-0.9619147,1.4434702,8.880961
1760988290701,-1.0145568,1.4153546,8.943773
1760988290703,-1.0199406,1.3866407,8.99163
1760988290706,-1.0677971,1.358525,9.010772
1760988290708,-1.1252248,1.3016955,9.087342
1760988290710,-1.1449656,1.2544373,9.106484
1760988290712,-1.1928221,1.2454642,9.135199
1760988290716,-1.2311072,1.2317054,9.164511
1760988290718,-1.2556337,1.183849,9.193225
1760988290719,-1.2843475,1.1557333,9.217153
1760988290721,-1.308874,1.1174482,9.255438
1760988290723,-1.3328022,1.1036894,9.265009
1760988290726,-1.3710874,1.0797613,9.279964
1760988290728,-1.3956138,1.0516455,9.270393
1760988290731,-1.4189439,1.0516455,9.28475
1760988290733,-1.4338989,1.0277174,9.28475
1760988290735,-1.4721842,0.99003035,9.275777
1760988290737,-1.4679967,0.9804591,9.26142
1760988290740,-1.4823537,0.97567344,9.270991
1760988290742,-1.4967105,0.9661021,9.256635
1760988290744,-1.4967105,0.9517452,9.218349
1760988290747,-1.5110675,0.9517452,9.218349
1760988290749,-1.5206388,0.94695956,9.194421
1760988290752,-1.521237,0.927817,9.18485
1760988290753,-1.521237,0.927817,9.171091
1760988290756,-1.5116657,0.9421739,9.142377
1760988290758,-1.4973087,0.9421739,9.1465645
1760988290760,-1.477568,0.9607183,9.156136
1760988290762,-1.4536397,0.9607183,9.165708
1760988290764,-1.4249259,0.97507524,9.194421
1760988290766,-1.3818551,1.0079765,9.193823
1760988290769,-1.3627125,1.0127622,9.212965
1760988290771,-1.3387842,0.997807,9.232108
1760988290773,-1.2957134,1.0211371,9.236894
1760988290775,-1.2430713,1.0205388,9.256036
1760988290778,-1.2000005,1.0540384,9.250652
1760988290780,-1.1802598,1.0731809,9.293723
1760988290782,-1.1324034,1.096511,9.2793665
1760988290785,-1.1228321,1.0911272,9.284152
1760988290787,-1.1084751,1.0863415,9.312865
1760988290789,-1.1132607,1.0959128,9.312865
1760988290792,-1.0749756,1.119841,9.33141
1760988290794,-1.0941181,1.1102697,9.3409815
1760988290796,-1.1126626,1.1204392,9.364909
1760988290798,-1.1126626,1.1204392,9.379267
1760988290800,-1.1174482,1.1443675,9.374481
1760988290804,-1.1318051,1.1347961,9.369696
1760988290806,-1.146162,1.1306087,9.374481
1760988290807,-1.1700903,1.1066805,9.388838
1760988290810,-1.1940185,1.1018949,9.370294
1760988290812,-1.2131611,1.102493,9.3511505
1760988290814,-1.2418749,1.0881361,9.360723
1760988290816,-1.2616158,1.0642079,9.327223
1760988290819,-1.2855439,1.0600204,9.303294
1760988290821,-1.2861422,1.0259227,9.294321
1760988290823,-1.3052847,0.9834501,9.270393
1760988290826,-1.3058829,0.9876375,9.222537
1760988290828,-1.3387842,0.99302137,9.198608
1760988290830,-1.358525,0.96909314,9.1465645
1760988290832,-1.3639089,0.93559366,9.127422
1760988290835,-1.3734802,0.9451649,9.069994
1760988290837,-1.3686945,0.9445667,9.008379
1760988290839,-1.3782659,0.93978107,8.989237
1760988290841,-1.3974084,0.9403793,8.931808
1760988290844,-1.416551,0.92602235,8.912666
1760988290846,-1.4207385,0.96430755,8.883952
1760988290848,-1.4117653,0.96849495,8.816954
1760988290851,-1.4207385,0.97866446,8.7882395
1760988290853,-1.4452649,0.9738788,8.755338
1760988290856,-1.439881,0.99302137,8.717052
1760988290858,-1.4350954,1.0067801,8.69791
1760988290860,-1.3920245,1.0307083,8.673384
1760988290862,-1.3722838,1.0636097,8.659027
1760988290864,-1.3250256,1.0725827,8.620742
1760988290866,-1.2909278,1.096511,8.625527
1760988290869,-1.2335001,1.1096715,8.615956
1760988290871,-1.180858,1.1431711,8.610572
1760988290874,-1.1330016,1.1521441,8.624929
1760988290876,-1.0947163,1.1754742,8.615358
1760988290878,-1.0516455,1.1844472,8.620144
1760988290880,-0.99900347,1.1934203,8.633903
1760988290883,-0.96550393,1.2029916,8.648259
1760988290885,-0.9176475,1.2167503,8.676973
1760988290888,-0.8985049,1.2167503,8.700901
1760988290890,-0.88414794,1.2263216,8.729017
1760988290892,-0.8787641,1.2358929,8.800801
1760988290895,-0.8787641,1.2550355,8.867801
1760988290897,-0.8781659,1.2604194,8.929416
1760988290899,-0.9020941,1.2460624,8.99163
1760988290901,-0.91166544,1.2562319,9.049057
1760988290903,-0.9212367,1.2418749,9.101699
1760988290906,-0.9302098,1.2472588,9.172886
1760988290908,-0.9589237,1.2287145,9.235099
1760988290910,-0.9589237,1.2143575,9.302098
1760988290912,-0.96430755,1.1952149,9.340384
1760988290914,-0.9834501,1.1814562,9.369097
1760988290917,-0.97866446,1.1617154,9.393025
1760988290919,-1.0079765,1.1335998,9.393623
1760988290921,-1.0271192,1.1048858,9.398409
1760988290924,-1.0420742,1.0713863,9.398409
1760988290926,-1.0331012,1.0235299,9.393623
1760988290928,-1.0474582,0.99003035,9.365508
1760988290931,-1.0671989,0.94695956,9.332008
1760988290933,-1.0869397,0.90388876,9.299107
1760988290935,-1.0827522,0.86081797,9.260822
1760988290937,-1.102493,0.84167534,9.223135
1760988290940,-1.1126626,0.8033902,9.189635
1760988290941,-1.1365907,0.7938189,9.1465645
1760988290944,-1.1365907,0.779462,9.0849495
1760988290947,-1.1515459,0.75553375,9.070593
1760988290949,-1.1659029,0.7603194,9.032308
1760988290951,-1.1611172,0.73579293,8.975478
1760988290953,-1.1754742,0.7507481,8.927621
1760988290955,-1.1611172,0.7501499,8.898908
1760988290958,-1.1754742,0.75972116,8.8701935
1760988290960,-1.1521441,0.75493556,8.836694
1760988290962,-1.1282159,0.7639086,8.817552
1760988290965,-1.0941181,0.7920243,8.7984085
1760988290967,-1.0462617,0.8255238,8.778668
1760988290969,-1.0031909,0.8392825,8.797811
1760988290971,-0.97866446,0.8817552,8.778668
1760988290973,-0.96430755,0.9056834,8.759525
1760988290976,-0.95413804,0.9343972,8.7780695
1760988290979,-0.9487542,0.96789676,8.792427
1760988290980,-0.9726824,1.0019945,8.806784
1760988290983,-0.9720842,1.0259227,8.792427
1760988290985,-0.99601245,1.0313065,8.830712
1760988290987,-1.0049855,1.0695918,8.868399
1760988290990,-1.0283155,1.0989038,8.882756
1760988290992,-1.0420742,1.1132607,8.906684
1760988290995,-1.0564312,1.1138589,8.940184
1760988290996,-1.0797613,1.1521441,8.977871
1760988290999,-1.0797613,1.1670992,9.025727
1760988291001,-1.0749756,1.1623136,9.068798
1760988291003,-1.0893325,1.1527423,9.116654
1760988291005,-1.07019,1.1527423,9.145369
1760988291008,-1.0552348,1.1670992,9.173484
1760988291010,-1.0552348,1.1670992,9.192626
1760988291012,-1.0504491,1.1575279,9.235697
1760988291014,-1.0271192,1.1383854,9.259625
1760988291017,-1.0319048,1.1096715,9.278768
1760988291018,-1.0271192,1.1192428,9.297911
1760988291021,-1.0037891,1.0899308,9.302696
1760988291023,-0.9942178,1.0899308,9.312267
1760988291026,-0.9798609,1.0660025,9.321838
1760988291028,-0.951147,1.0797613,9.302696
1760988291030,-0.927817,1.0606186,9.297911
1760988291032,-0.93260264,1.0654043,9.273982
1760988291034,-0.8991031,1.0504491,9.240483
1760988291037,-0.89431745,1.0552348,9.22134
1760988291039,-0.8757731,1.0546366,9.183653
1760988291042,-0.8566305,1.0301101,9.15494
1760988291044,-0.8327023,1.0540384,9.12144
1760988291047,-0.8279166,1.0588241,9.068798
1760988291048,-0.80877405,1.0677971,9.020942
1760988291051,-0.7896315,1.0725827,9.001799
1760988291053,-0.76570326,1.0815558,8.987442
1760988291055,-0.75194454,1.061815,8.944371
1760988291058,-0.7465607,1.105484,8.944371
1760988291060,-0.72263247,1.1192428,8.949157
1760988291062,-0.72741807,1.1383854,8.930014
1760988291064,-0.7178468,1.1383854,8.925228
1760988291067,-0.72263247,1.1431711,8.948559
1760988291069,-0.71246296,1.1862419,8.95813
1760988291071,-0.70289165,1.1862419,8.9724865
1760988291073,-0.6975078,1.2005987,9.001201
1760988291076,-0.6789634,1.1958131,8.99163
1760988291078,-0.6687939,1.2340983,9.005388
1760988291080,-0.66400826,1.2149557,9.019745
1760988291082,-0.6735796,1.224527,9.0341015
1760988291085,-0.67776704,1.2340983,9.077172
1760988291086,-0.6586244,1.2436695,9.096315
1760988291088,-0.64905316,1.2723835,9.139386
1760988291091,-0.65324056,1.2819548,9.1770735
1760988291093,-0.6723832,1.268196,9.22493
1760988291096,-0.6723832,1.2777673,9.272786
1760988291098,-0.66699934,1.2927225,9.320642
1760988291100,-0.6628119,1.2831511,9.368499
1760988291103,-0.6765706,1.2927225,9.410972
1760988291105,-0.6861419,1.2837493,9.4636135
1760988291108,-0.6765706,1.2837493,9.516255
1760988291110,-0.6861419,1.274178,9.549755
1760988291112,-0.67178494,1.2502499,9.578469
1760988291115,-0.66759753,1.2406785,9.592826
1760988291116,-0.6771688,1.2215359,9.626326
1760988291118,-0.66759753,1.2023934,9.635897
1760988291122,-0.6586244,1.1826526,9.62154
1760988291125,-0.6346962,1.16351,9.631111
1760988291125,-0.6257231,1.1395818,9.611969
1760988291128,-0.6263213,1.1006985,9.607781
1760988291130,-0.6358926,1.0767702,9.574282
1760988291132,-0.6454639,1.0767702,9.531211
1760988291134,-0.64606214,1.0480564,9.507881
1760988291136,-0.6658029,1.0289137,9.469596
1760988291138,-0.68494546,1.0049855,9.440882
1760988291141,-0.695115,0.9810573,9.40798
1760988291143,-0.7286145,0.9720842,9.369696
1760988291145,-0.73340017,0.948156,9.336196
1760988291148,-0.74835527,0.9385847,9.298509
1760988291150,-0.7722835,0.91465646,9.245867
1760988291152,-0.79142606,0.90508515,9.236296
1760988291154,-0.7962117,0.90508515,9.193225
1760988291156,-0.8392825,0.8961121,9.150752
1760988291159,-0.8488538,0.8961121,9.136395
1760988291161,-0.85902333,0.8913264,9.069396
1760988291163,-0.887139,0.91525465,9.055039
1760988291165,-0.8919246,0.8961121,9.035896
1760988291168,-0.9206385,0.9056834,8.979067
1760988291170,-0.92542416,0.91525465,8.959925
1760988291172,-0.9589237,0.91106725,8.935996
1760988291175,-0.97806627,0.8967103,8.9312105
1760988291177,-0.9924232,0.91166544,8.916854
1760988291179,-1.0067801,0.930808,8.88814
1760988291181,-1.0211371,0.92602235,8.883354
1760988291184,-1.0540384,0.9409775,8.864211
1760988291186,-1.0588241,0.9314062,8.859426
1760988291188,-1.0827522,0.9457632,8.830712
1760988291191,-1.0917253,0.9840483,8.835498
1760988291193,-1.1012967,0.99900347,8.825927
1760988291195,-1.1108679,0.99900347,8.811569
1760988291197,-1.1246266,1.0277174,8.811569
1760988291200,-1.1288141,1.0612168,8.7780695
1760988291202,-1.1383854,1.0564312,8.797213
1760988291204,-1.1479566,1.0851451,8.768498
1760988291207,-1.1282159,1.1090733,8.792427
1760988291208,-1.1144571,1.1042876,8.806784
1760988291212,-1.0899308,1.1521441,8.8014
1760988291214,-1.0755738,1.1611172,8.8014
1760988291215,-1.055833,1.1706885,8.844471
1760988291217,-1.0510473,1.1706885,8.8492565
1760988291220,-1.0085747,1.160519,8.863613
1760988291222,-1.0085747,1.1706885,8.872586
1760988291224,-0.9846465,1.1557333,8.9013
1760988291227,-0.9559326,1.1413764,8.925228
1760988291229,-0.93260264,1.1312069,8.953942
1760988291232,-0.8751749,1.1306087,9.006584
1760988291234,-0.86560357,1.1162517,9.0544405
1760988291236,-0.8327023,1.0779666,9.078369
1760988291238,-0.8039884,1.082154,9.130413
1760988291241,-0.7800602,1.0677971,9.159127
1760988291243,-0.74177504,1.0534402,9.202198
1760988291245,-0.71365935,1.0432707,9.245269
1760988291247,-0.7280163,1.0295119,9.307482
1760988291249,-0.72323066,1.0103694,9.360124
1760988291252,-0.71425754,0.9529416,9.398409
1760988291254,-0.7196414,0.9242278,9.427123
1760988291256,-0.72442704,0.8811569,9.465408
1760988291258,-0.72502524,0.86201435,9.4941225
1760988291261,-0.74895346,0.8333005,9.503694
1760988291263,-0.7537391,0.82911307,9.537193
1760988291266,-0.782453,0.8003992,9.561121
1760988291268,-0.7926225,0.7716853,9.5665045
1760988291271,-0.8356933,0.7531409,9.552148
1760988291273,-0.8644072,0.7298109,9.552148
1760988291275,-0.8787641,0.7298109,9.542577
1760988291277,-0.87936234,0.715454,9.533006
1760988291280,-0.92243314,0.701097,9.5048895
1760988291281,-0.9320044,0.701097,9.461819
1760988291284,-0.9320044,0.68195444,9.447462
1760988291286,-0.9559326,0.6867401,9.399606
1760988291289,-0.951147,0.6867401,9.361918
1760988291291,-0.9613165,0.6867401,9.318848
1760988291293,-0.9942178,0.70169526,9.275777
1760988291296,-1.0085747,0.6873383,9.242277
1760988291298,-1.0229317,0.7256235,9.189635
1760988291300,-1.0277174,0.7399804,9.156136
1760988291302,-1.0223335,0.7543373,9.103494
1760988291305,-1.0229317,0.7537391,9.056235
1760988291307,-1.0127622,0.7920243,9.022138
1760988291309,-1.0271192,0.8111669,8.984451
1760988291311,-1.026521,0.83988076,8.94138
1760988291314,-1.012164,0.849452,8.907881
1760988291316,-1.0307083,0.88295156,8.883354
1760988291319,-1.0115658,0.8877372,8.864211
1760988291321,-0.9924232,0.9349955,8.82114
1760988291323,-0.99661064,0.9493524,8.806784
1760988291325,-0.96849495,0.9493524,8.797213
1760988291327,-0.9487542,0.9822537,8.787642
1760988291330,-0.9200403,0.991825,8.7780695
1760988291331,-0.910469,1.0109676,8.754142
1760988291334,-0.8865408,1.0342976,8.739784
1760988291337,-0.8769695,1.0390832,8.706285
1760988291339,-0.8530413,1.038485,8.715857
1760988291341,-0.81894356,1.0624132,8.720044
1760988291343,-0.8045866,1.0767702,8.729615
1760988291346,-0.76630145,1.1001002,8.710473
1760988291348,-0.75673014,1.1240284,8.700901
1760988291350,-0.718445,1.1090733,8.715259
1760988291352,-0.6903293,1.0893325,8.6961155
1760988291354,-0.6658029,1.1324034,8.700303
1760988291356,-0.6418747,1.1228321,8.738588
1760988291359,-0.6227321,1.1270195,8.729017
1760988291361,-0.6089734,1.1126626,8.724232
1760988291363,-0.60358953,1.1126626,8.748159
1760988291366,-0.613759,1.0935199,8.7577305
1760988291369,-0.6089734,1.1030912,8.7673025
1760988291371,-0.62751776,1.1228321,8.786445
1760988291372,-0.6233303,1.0887343,8.805588
1760988291374,-0.637089,1.0941181,8.829515
1760988291377,-0.6520442,1.07019,8.834301
1760988291382,-0.67118675,1.0749756,8.834301
1760988291382,-0.69930243,1.0707881,8.848659
1760988291384,-0.73340017,1.0474582,8.872586
1760988291386,-0.7429714,1.0474582,8.906086
1760988291389,-0.7710871,1.0480564,8.882756
1760988291391,-0.8237292,1.0342976,8.9210415
1760988291393,-0.8428718,1.0199406,8.949755
1760988291395,-0.87637126,1.0205388,8.968898
1760988291398,-0.9098708,1.0067801,9.007183
1760988291399,-0.9242278,0.9924232,9.002397
1760988291401,-1.0007981,0.9936196,9.02154
1760988291403,-1.0390832,0.9696914,9.040682
1760988291406,-1.0582259,0.9607183,9.035896
1760988291408,-1.1060823,0.95653087,9.059825
1760988291411,-1.1204392,0.92303133,9.065208
1760988291414,-1.1491531,0.927817,9.055637
1760988291417,-1.1736795,0.90448695,9.046066
1760988291419,-1.1778669,0.91405827,9.055637
1760988291420,-1.1976078,0.89491564,9.065208
1760988291423,-1.2071791,0.8709874,9.060423
1760988291425,-1.1976078,0.8709874,9.036494
1760988291427,-1.1934203,0.86141616,9.0131645
1760988291429,-1.1832508,0.8757731,9.036494
1760988291432,-1.1647065,0.86560357,9.017352
1760988291434,-1.1503495,0.8560323,9.041281
1760988291436,-1.1120644,0.8745767,9.046066
1760988291438,-1.1216356,0.8560323,9.046066
1760988291440,-1.0977074,0.87936234,9.055637
1760988291443,-1.0833504,0.86979103,9.050852
1760988291444,-1.0594223,0.8739785,9.055637
1760988291447,-1.0588241,0.89371926,9.060423
1760988291450,-1.0450653,0.8883354,9.055637
1760988291452,-1.0205388,0.91226363,9.093325
1760988291454,-1.006182,0.907478,9.088538
1760988291457,-0.96789676,0.9451649,9.107681
1760988291459,-0.9720842,0.95473623,9.117252
1760988291460,-0.95353985,0.9595219,9.107681
1760988291463,-0.95772725,0.9738788,9.126823
1760988291465,-0.9391829,0.9595219,9.117252
1760988291467,-0.96729857,0.99302137,9.135797
1760988291469,-0.96729857,0.9882358,9.136395
1760988291472,-0.98584294,1.0175478,9.140582
1760988291474,-1.0049855,1.0031909,9.169296
1760988291476,-1.0336994,1.0133604,9.159725
1760988291478,-1.0570294,1.0229317,9.169296
1760988291481,-1.0857433,1.0235299,9.193225
1760988291484,-1.1150553,0.9954142,9.198608
1760988291486,-1.1383854,1.0049855,9.198608
1760988291488,-1.1670992,0.99601245,9.222537
1760988291490,-1.1862419,0.9912268,9.246465
1760988291493,-1.2293127,0.9774681,9.208179
1760988291495,-1.2394822,0.9391829,9.232108
1760988291498,-1.2490535,0.9296116,9.213564
1760988291500,-1.2687942,0.8865408,9.180064
1760988291503,-1.2592229,0.8913264,9.170493
1760988291504,-1.274178,0.84825563,9.15135
1760988291507,-1.265205,0.8243274,9.108877
1760988291509,-1.265205,0.8045866,9.104092
1760988291511,-1.2364911,0.81894356,9.065806
1760988291513,-1.2173486,0.8279166,9.041879
1760988291515,-1.2125629,0.8279166,9.0131645
1760988291518,-1.2179468,0.80877405,8.984451
1760988291520,-1.1892328,0.7890333,8.994022
1760988291522,-1.1988041,0.7746763,8.965308
1760988291524,-1.189831,0.7603194,8.937193
1760988291527,-1.1802598,0.74117684,8.927621
1760988291528,-1.1611172,0.7501499,8.908479
1760988291531,-1.1706885,0.75493556,8.898908
1760988291533,-1.1563315,0.7645068,8.894122
1760988291535,-1.1467602,0.77407813,8.889337
1760988291538,-1.1324034,0.78843504,8.898309
1760988291540,-1.1365907,0.80757767,8.888738
1760988291542,-1.1413764,0.8171489,8.907881
1760988291545,-1.1413764,0.8362915,8.907881
1760988291547,-1.1312069,0.85064846,8.917452
1760988291549,-1.1407782,0.8745767,8.936594
1760988291551,-1.14018,0.8889336,8.94138
1760988291554,-1.1210374,0.9176475,8.945567
1760988291556,-1.1306087,0.90388876,8.983852
1760988291558,-1.14018,0.927817,8.983852
1760988291560,-1.1306087,0.9182457,8.983852
1760988291563,-1.1491531,0.9421739,8.993423
1760988291565,-1.125823,0.927817,8.988638
1760988291567,-1.1491531,0.94695956,8.979067
1760988291570,-1.154537,0.92303133,8.969496
1760988291573,-1.1347961,0.9421739,8.974281
1760988291575,-1.14018,0.927817,8.974281
1760988291578,-1.1587243,0.93260264,8.969496
1760988291580,-1.1449656,0.91346,8.969496
1760988291582,-1.1593226,0.9182457,8.945567
1760988291584,-1.1449656,0.9086744,8.940782
1760988291586,-1.1449656,0.90388876,8.945567
1760988291588,-1.1306087,0.8889336,8.950353
1760988291590,-1.1455638,0.8847462,8.94138
1760988291592,-1.1551352,0.8703892,8.946166
1760988291594,-1.1359925,0.8554341,8.94138
1760988291597,-1.1407782,0.8703892,8.960523
1760988291599,-1.1407782,0.8554341,8.936594
1760988291601,-1.11685,0.86979103,8.96471
1760988291603,-1.1120644,0.86979103,8.936594
1760988291606,-1.0977074,0.8650054,8.931808
1760988291609,-1.0737791,0.8596215,8.946166
1760988291611,-1.0402796,0.86859465,8.940782
1760988291614,-1.0259227,0.87338024,8.950353
1760988291615,-1.0211371,0.8781659,8.955139
1760988291618,-0.97806627,0.8919246,8.940782
1760988291620,-0.95413804,0.8919246,8.959925
1760988291621,-0.9445667,0.9062816,8.945567
1760988291624,-0.92542416,0.910469,8.96471
1760988291627,-0.92542416,0.92542416,8.96471
1760988291629,-0.91585284,0.9296116,8.964112
1760988291632,-0.90149593,0.91525465,8.959925
1760988291634,-0.91106725,0.94396853,8.959326
1760988291635,-0.90149593,0.94396853,8.959326
1760988291637,-0.90149593,0.9487542,8.964112
1760988291640,-0.910469,0.9631111,8.968898
1760988291643,-0.92482597,0.97806627,8.95454
1760988291644,-0.91525465,0.97806627,8.964112
1760988291646,-0.9098708,1.0157533,8.940184
1760988291649,-0.9242278,1.0211371,8.940184
1760988291651,-0.9385847,1.0163515,8.949755
1760988291653,-0.9816555,0.99302137,8.959326
1760988291655,-0.9816555,0.9834501,8.95454
1760988291658,-0.991825,0.9499506,8.978469
1760988291660,-1.0157533,0.9409775,8.988638
1760988291662,-1.0157533,0.9553344,9.007183
1760988291664,-1.0157533,0.9409775,9.007781
1760988291666,-1.0109676,0.9212367,9.017352
1760988291669,-1.0019945,0.91166544,9.012567
1760988291671,-1.0067801,0.8925229,9.022138
1760988291674,-1.0109676,0.907478,9.050852
1760988291675,-1.0019945,0.88354975,9.084352
1760988291678,-1.0163515,0.8883354,9.079565
1760988291680,-1.0163515,0.88354975,9.093923
1760988291684,-1.035494,0.8739785,9.127422
1760988291685,-1.0307083,0.8452646,9.156136
1760988291687,-1.0546366,0.84107715,9.180064
1760988291690,-1.0648061,0.81236327,9.180064
1760988291692,-1.0743774,0.79800636,9.213564
1760988291694,-1.0881361,0.80817586,9.247063
1760988291696,-1.0887343,0.8033902,9.232706
1760988291698,-1.0887343,0.7890333,9.26142
1760988291700,-1.1126626,0.78424764,9.290133
1760988291703,-1.1270195,0.7800602,9.309277
1760988291706,-1.1270195,0.7704889,9.347562
1760988291708,-1.1312069,0.7848458,9.361918
1760988291710,-1.1509477,0.7615158,9.395418
1760988291712,-1.1455638,0.7710871,9.404391
1760988291714,-1.1455638,0.78065836,9.399606
1760988291716,-1.1551352,0.78065836,9.413962
1760988291719,-1.1647065,0.76630145,9.433105
1760988291721,-1.1551352,0.76630145,9.447462
1760988291724,-1.1503495,0.76630145,9.461819
1760988291726,-1.1312069,0.7704889,9.457033
1760988291728,-1.1216356,0.7704889,9.466604
1760988291731,-1.0977074,0.7896315,9.480962
1760988291734,-1.0929217,0.8039884,9.476176
1760988291735,-1.0636097,0.82731843,9.461819
1760988291737,-1.0115658,0.8171489,9.442677
1760988291741,-0.9924232,0.8219346,9.418748
1760988291743,-0.9589237,0.8452646,9.41815
1760988291745,-0.9302098,0.8644072,9.399008
1760988291748,-0.8967103,0.86859465,9.399008
1760988291749,-0.8817552,0.89730847,9.365508
1760988291751,-0.85842514,0.8967103,9.346365
1760988291753,-0.8392825,0.90089774,9.298509
1760988291755,-0.8009974,0.92482597,9.2793665
1760988291758,-0.76271224,0.9242278,9.23151
1760988291760,-0.7477571,0.9619147,9.212367
1760988291762,-0.7190432,0.9810573,9.19801
1760988291765,-0.7190432,1.0097711,9.159127
1760988291767,-0.6999006,0.99960166,9.145369
1760988291769,-0.6759724,1.0331012,9.1256275
1760988291772,-0.6664011,1.0277174,9.078369
1760988291774,-0.64247286,1.032503,9.063414
1760988291775,-0.6376872,1.0420742,9.044271
1760988291778,-0.6041877,1.055833,9.025128
1760988291781,-0.5946164,1.0606186,8.996415
1760988291783,-0.58983076,1.07019,8.982058
1760988291785,-0.60358953,1.0797613,8.962915
1760988291788,-0.5988039,1.0989038,8.953344
1760988291789,-0.5988039,1.0893325,8.930014
1760988291792,-0.5802595,1.0839486,8.92463
1760988291794,-0.58983076,1.0887343,8.906086
1760988291796,-0.58983076,1.0887343,8.882157
1760988291799,-0.5940182,1.1078769,8.910274
1760988291801,-0.5988039,1.0983056,8.886943
1760988291803,-0.57487565,1.0983056,8.905488
1760988291806,-0.5844469,1.0935199,8.929416
1760988291808,-0.5940182,1.0887343,8.938987
1760988291810,-0.5802595,1.0600204,8.944371
1760988291812,-0.58504516,1.0648061,8.962915
1760988291815,-0.57547385,1.0504491,8.953942
1760988291817,-0.58504516,1.0313065,9.001799
1760988291819,-0.5521438,1.0408778,8.982058
1760988291822,-0.55692947,1.0169497,9.025128
1760988291824,-0.5377869,1.0073783,9.058628
1760988291826,-0.509073,1.0019945,9.063414
1760988291828,-0.50009996,0.9876375,9.082557
1760988291831,-0.485743,0.9637093,9.106484
1760988291833,-0.4761717,0.9637093,9.116056
1760988291836,-0.47138608,0.9589237,9.120842
1760988291838,-0.47138608,0.95413804,9.139984
1760988291840,-0.48155555,0.9302098,9.135199
1760988291842,-0.4953143,0.9445667,9.135199
1760988291844,-0.50069815,0.9349955,9.149555
1760988291847,-0.5192425,0.9349955,9.139984
1760988291849,-0.54317075,0.930808,9.111869
1760988291851,-0.55752766,0.9403793,9.08794
1760988291853,-0.5766702,0.93559366,9.068798
1760988291855,-0.6149554,0.96490574,9.0544405
1760988291858,-0.64845496,0.9553344,9.025727
1760988291861,-0.67178494,0.96550393,9.001799
1760988291863,-0.70588267,0.951147,8.983254
1760988291865,-0.74416786,0.9421739,8.95454
1760988291867,-0.76749784,0.9613165,8.949755
1760988291869,-0.8105687,0.94755775,8.949755
1760988291871,-0.8392825,0.95772725,8.925827
1760988291874,-0.8673982,0.98644114,8.930613
1760988291876,-0.8817552,0.9774681,8.925827
1760988291879,-0.90089774,0.96789676,8.940184
1760988291880,-0.910469,0.95832545,8.949755
1760988291883,-0.910469,0.9774681,8.95454
1760988291885,-0.92482597,0.97806627,8.949755
1760988291887,-0.9296116,0.97806627,8.940184
1760988291889,-0.9296116,0.9637093,8.949755
1760988291892,-0.9296116,0.95413804,8.940184
1760988291895,-0.910469,0.9631111,8.95454
1760988291896,-0.92482597,0.9637093,8.944969
1760988291899,-0.8967103,0.9487542,8.95454
1760988291901,-0.9062816,0.9487542,8.959326
1760988291903,-0.87278205,0.9385847,8.949755
1760988291906,-0.8679964,0.9290134,8.935398
1760988291908,-0.8632108,0.933799,8.968898
1760988291910,-0.8488538,0.91465646,8.978469
1760988291912,-0.8344969,0.9290134,8.98804
1760988291914,-0.83988076,0.8955139,9.011969
1760988291917,-0.83030945,0.89072824,9.040682
1760988291919,-0.8207382,0.87637126,9.059825
1760988291921,-0.81595254,0.8668,9.093325
1760988291923,-0.8111669,0.87637126,9.102896
1760988291926,-0.7968099,0.8668,9.122038
1760988291928,-0.8069794,0.84765744,9.145967
1760988291930,-0.8117651,0.8380861,9.193823
1760988291933,-0.8069794,0.8380861,9.232108
1760988291935,-0.8117651,0.8285148,9.256036
1760988291937,-0.79740816,0.799801,9.2895355
1760988291939,-0.8021938,0.7902297,9.327821
1760988291941,-0.81655073,0.8003992,9.3511505
1760988291944,-0.8069794,0.7716853,9.3613205
1760988291946,-0.81655073,0.77647096,9.379865
1760988291948,-0.82672024,0.73818576,9.418748
1760988291951,-0.8650054,0.73399836,9.437891
1760988291953,-0.8889336,0.7196414,9.418748
1760988291955,-0.9272188,0.701097,9.466604
1760988291958,-0.9559326,0.6969096,9.457033
1760988291960,-0.9846465,0.67776704,9.461819
1760988291962,-1.0085747,0.67836523,9.461819
1760988291964,-1.0277174,0.69272214,9.447462
1760988291967,-1.0277174,0.6831509,9.452846
1760988291969,-1.0707881,0.6646065,9.462418
1760988291971,-1.0755738,0.6646065,9.424132
1760988291974,-1.1042876,0.6550352,9.419347
1760988291976,-1.1138589,0.6646065,9.395418
1760988291978,-1.1569297,0.6556334,9.385847
1760988291980,-1.1569297,0.66041905,9.343374
1760988291983,-1.1706885,0.6843473,9.328419
1760988291985,-1.2000005,0.6562316,9.324232
1760988291987,-1.2239288,0.6562316,9.28116
1760988291989,-1.2233306,0.6801598,9.276375
1760988291991,-1.218545,0.68494546,9.262018
1760988291994,-1.2137593,0.7088737,9.247662
1760988291996,-1.2137593,0.718445,9.209376
1760988291999,-1.2323036,0.7280163,9.195019
1760988292001,-1.2179468,0.7423732,9.166306
1760988292003,-1.2083755,0.7513463,9.142377
1760988292005,-1.1892328,0.7704889,9.123235
1760988292007,-1.1653047,0.7603194,9.099306
1760988292010,-1.1413764,0.78424764,9.061021
1760988292012,-1.1078769,0.78843504,9.032308
1760988292015,-1.0648061,0.8069794,9.022736
1760988292016,-1.026521,0.81595254,8.988638
1760988292019,-1.0073783,0.8350951,8.969496
1760988292021,-0.9738788,0.8392825,8.959925
1760988292023,-0.93619186,0.84347,8.950353
1760988292026,-0.8925229,0.8769695,8.926425
1760988292028,-0.8356933,0.8757731,8.907282
1760988292031,-0.8213364,0.8757731,8.88814
1760988292032,-0.80159557,0.9092726,8.873783
1760988292034,-0.73519474,0.90807617,8.873184
1760988292037,-0.73459655,0.92243314,8.892327
1760988292040,-0.69152576,0.951147,8.901898
1760988292041,-0.69152576,0.9559326,8.906684
1760988292043,-0.68195444,0.9559326,8.916255
1760988292046,-0.6723832,0.9415757,8.935398
1760988292048,-0.6622137,0.9702896,8.949157
1760988292051,-0.6771688,0.9559326,8.968299
1760988292053,-0.69092757,0.9607183,8.987442
1760988292055,-0.7004988,0.9613165,9.006584
1760988292058,-0.72442704,0.95653087,9.0544405
1760988292059,-0.76749784,0.91884387,9.088538
1760988292062,-0.8009974,0.91465646,9.122038
1760988292064,-0.8488538,0.8913264,9.184252
1760988292067,-0.87278205,0.887139,9.241081
1760988292069,-0.90149593,0.88235337,9.269794
1760988292071,-0.9206385,0.85902333,9.336794
1760988292073,-0.93978107,0.85483587,9.370294
1760988292076,-0.97806627,0.8315059,9.41815
1760988292078,-1.0067801,0.802792,9.461819
1760988292080,-1.0313065,0.7603194,9.495318
1760988292082,-1.0552348,0.75553375,9.552746
1760988292085,-1.0648061,0.7513463,9.576674
1760988292087,-1.0839486,0.7322037,9.595817
1760988292089,-1.1174482,0.7328019,9.624531
1760988292091,-1.1126626,0.7088737,9.643674
1760988292094,-1.1222339,0.718445,9.69153
1760988292096,-1.1318051,0.6999006,9.744172
1760988292098,-1.1365907,0.6999006,9.753743
1760988292100,-1.1078769,0.68494546,9.762716
1760988292103,-1.0983056,0.6801598,9.815358
1760988292105,-1.0887343,0.6897311,9.810573
1760988292107,-1.0743774,0.6801598,9.820144
1760988292109,-1.0552348,0.69930243,9.834501
1760988292112,-1.0313065,0.6987042,9.805787
1760988292115,-1.026521,0.70348984,9.805787
1760988292116,-1.0073783,0.70289165,9.79143
1760988292119,-0.9840483,0.69332033,9.781859
1760988292121,-0.9553344,0.7118647,9.74836
1760988292123,-0.9451649,0.7262217,9.74836
1760988292125,-0.92602235,0.74536425,9.724431
1760988292128,-0.89730847,0.74476606,9.705289
1760988292131,-0.89730847,0.77347994,9.695119
1760988292132,-0.8877372,0.7639086,9.643075
1760988292134,-0.87338024,0.77766734,9.623933
1760988292136,-0.8775677,0.8111669,9.609575
1760988292139,-0.849452,0.7920243,9.580862
1760988292141,-0.863809,0.8063812,9.533006
1760988292143,-0.849452,0.81595254,9.552148
1760988292145,-0.849452,0.82013994,9.509077
1760988292147,-0.86859465,0.8207382,9.475577
1760988292150,-0.8542377,0.82971126,9.480363
1760988292151,-0.85842514,0.84406817,9.470792
1760988292154,-0.85902333,0.8249256,9.456435
1760988292156,-0.88235337,0.8350951,9.475577
1760988292158,-0.8967103,0.83030945,9.45165
1760988292161,-0.8781659,0.82013994,9.408579
1760988292163,-0.9020941,0.83030945,9.408579
1760988292165,-0.91166544,0.81595254,9.413364
1760988292167,-0.9212367,0.81595254,9.390035
1760988292170,-0.9020941,0.7968099,9.380463
1760988292172,-0.9212367,0.7920243,9.390035
1760988292174,-0.93559366,0.8111669,9.390035
1760988292176,-0.9451649,0.8021938,9.39482
1760988292179,-0.93559366,0.78723866,9.409177
1760988292181,-0.9451649,0.8021938,9.433105
1760988292183,-0.9164511,0.77766734,9.456435
1760988292186,-0.89730847,0.7920243,9.480363
1760988292188,-0.88354975,0.76331043,9.504292
1760988292190,-0.849452,0.78664047,9.542577
1760988292192,-0.83988076,0.7968099,9.590433
1760988292195,-0.8063812,0.80578303,9.623335
1760988292197,-0.7728817,0.8147561,9.618548
1760988292199,-0.73459655,0.8147561,9.680762
1760988292201,-0.73459655,0.82911307,9.699904
1760988292204,-0.715454,0.82911307,9.737592
1760988292207,-0.69092757,0.86261255,9.737592
1760988292209,-0.6765706,0.8668,9.756734
1760988292217,-0.66699934,0.87637126,9.76152
1760988292218,-0.67118675,0.8913264,9.795019
1760988292218,-0.6759724,0.8961121,9.785448
1760988292218,-0.66161543,0.91465646,9.765707
1760988292224,-0.68075806,0.9296116,9.7609215
1760988292224,-0.7040881,0.9487542,9.75135
1760988292224,-0.7088737,0.9391829,9.728021
1760988292231,-0.7423732,0.95413804,9.713663
1760988292231,-0.7465607,0.9732806,9.694521
1760988292231,-0.7609176,0.9876375,9.661021
1760988292233,-0.79441714,0.9882358,9.6275215
1760988292235,-0.8279166,0.9834501,9.603594
1760988292238,-0.8279166,0.997807,9.565309
1760988292240,-0.8662018,0.9840483,9.556335
1760988292242,-0.8757731,0.96909314,9.503694
1760988292244,-0.8859426,0.96430755,9.474979
1760988292247,-0.89013004,0.9834501,9.44148
1760988292249,-0.89072824,0.9595219,9.393623
1760988292252,-0.9290134,0.9601201,9.365508
1760988292254,-0.90508515,0.9451649,9.341579
1760988292256,-0.90508515,0.9595219,9.336794
1760988292258,-0.9194421,0.9451649,9.265009
1760988292261,-0.9242278,0.96909314,9.250652
1760988292263,-0.9290134,0.95473623,9.221938
1760988292265,-0.9200403,0.9164511,9.208179
1760988292267,-0.9098708,0.9595219,9.19801
1760988292269,-0.90089774,0.9445667,9.2075815
1760988292272,-0.8961121,0.9349955,9.19801
1760988292274,-0.8913264,0.95413804,9.193225
1760988292276,-0.8817552,0.9302098,9.2075815
1760988292278,-0.87218386,0.9445667,9.23151
1760988292281,-0.84347,0.9200403,9.260223
1760988292283,-0.8673982,0.9349955,9.274581
1760988292286,-0.86261255,0.9349955,9.303294
1760988292288,-0.8530413,0.9206385,9.322437
1760988292290,-0.84825563,0.93978107,9.355937
1760988292292,-0.86261255,0.93978107,9.379865
1760988292295,-0.86261255,0.9212367,9.431909
1760988292297,-0.8673982,0.91166544,9.451052
1760988292299,-0.8673982,0.9212367,9.470194
1760988292301,-0.8673982,0.9020941,9.4941225
1760988292304,-0.89072824,0.9170493,9.55155
1760988292306,-0.9056834,0.88354975,9.570692
1760988292308,-0.9194421,0.89371926,9.62812
1760988292311,-0.92482597,0.87936234,9.656834
1760988292313,-0.9487542,0.8650054,9.685548
1760988292315,-0.9631111,0.83688974,9.70469
1760988292317,-0.991825,0.8225328,9.73819
1760988292319,-1.0109676,0.81834537,9.757333
1760988292321,-1.0444671,0.7896315,9.777073
1760988292324,-1.0683953,0.77587277,9.781859
1760988292326,-1.0977074,0.75194454,9.815358
1760988292328,-1.1312069,0.73818576,9.848858
1760988292331,-1.1503495,0.73399836,9.844072
1760988292333,-1.1694921,0.69092757,9.8632145
1760988292335,-1.198206,0.68135625,9.8632145
1760988292338,-1.2173486,0.68195444,9.891929
1760988292340,-1.2370893,0.64845496,9.906884
1760988292342,-1.2466606,0.63888365,9.906884
1760988292344,-1.2514462,0.634098,9.897313
1760988292346,-1.2610176,0.61076796,9.892527
1760988292349,-1.2753744,0.6155536,9.902099
1760988292351,-1.2903296,0.59641105,9.892527
1760988292354,-1.2999009,0.58683974,9.892527
1760988292356,-1.3094722,0.5820541,9.897313
1760988292358,-1.3238292,0.587438,9.892527
1760988292360,-1.3286148,0.5922236,9.882956
1760988292364,-1.3280165,0.60658056,9.87817
1760988292365,-1.3046865,0.5916254,9.854242
1760988292367,-1.3232309,0.60658056,9.868599
1760988292369,-1.3375878,0.6017949,9.849456
1760988292372,-1.3232309,0.6161518,9.849456
1760988292374,-1.308874,0.6203393,9.825528
1760988292376,-1.308874,0.6299106,9.820743
1760988292378,-1.294517,0.6346962,9.811171
1760988292381,-1.2610176,0.62931234,9.787243
1760988292383,-1.2658032,0.65324056,9.792028
1760988292385,-1.2699906,0.67776704,9.811171
1760988292387,-1.2556337,0.6771688,9.811171
1760988292390,-1.2412767,0.701097,9.787243
1760988292392,-1.2263216,0.73459655,9.810573
1760988292394,-1.2406785,0.7298109,9.796216
1760988292397,-1.2263216,0.74416786,9.79143
1760988292400,-1.2215359,0.76331043,9.801002
1760988292402,-1.2161521,0.77766734,9.815358
1760988292404,-1.2209377,0.7968099,9.801002
1760988292406,-1.230509,0.78723866,9.79143
1760988292408,-1.230509,0.8111669,9.801002
1760988292411,-1.2203395,0.8350951,9.801002
1760988292414,-1.2346965,0.8446664,9.777073
1760988292416,-1.2346965,0.85902333,9.786645
1760988292417,-1.2394822,0.84047896,9.820144
1760988292419,-1.2155539,0.8542377,9.801002
1760988292422,-1.2346965,0.8644072,9.81476
1760988292424,-1.2203395,0.83988076,9.79143
1760988292426,-1.2203395,0.849452,9.81476
1760988292429,-1.2155539,0.8446664,9.824331
1760988292431,-1.2155539,0.849452,9.81476
1760988292433,-1.1916257,0.8542377,9.824331
1760988292435,-1.1724831,0.8392825,9.824331
1760988292438,-1.1820544,0.8350951,9.838689
1760988292440,-1.18684,0.83030945,9.843474
1760988292442,-1.16351,0.8249256,9.838689
1760988292444,-1.1730813,0.8105687,9.829716
1760988292447,-1.16351,0.8105687,9.838689
1760988292449,-1.1682956,0.8105687,9.838689
1760988292452,-1.1682956,0.8105687,9.838689
1760988292454,-1.1826526,0.80578303,9.834501
1760988292456,-1.1826526,0.8207382,9.843474
1760988292458,-1.1922239,0.8111669,9.853643
1760988292460,-1.1826526,0.8063812,9.853643
1760988292463,-1.1826526,0.782453,9.882358
1760988292465,-1.1641082,0.77706915,9.891331
1760988292467,-1.154537,0.76749784,9.929616
1760988292470,-1.14018,0.76749784,9.939187
1760988292472,-1.1162517,0.76271224,9.977472
1760988292474,-1.1114662,0.77706915,9.987043
1760988292476,-1.1162517,0.76271224,10.0014
1760988292478,-1.0971092,0.7579266,10.030114
1760988292481,-1.1162517,0.7435696,10.049257
1760988292484,-1.0971092,0.7531409,10.082756
1760988292486,-1.0827522,0.74835527,10.0779705
1760988292487,-1.1066805,0.73399836,10.101899
1760988292490,-1.1114662,0.73399836,10.121041
1760988292492,-1.1108679,0.7579266,10.125827
1760988292495,-1.1108679,0.76271224,10.11147
1760988292497,-1.1347961,0.7537391,10.140184
1760988292499,-1.1395818,0.7728817,10.121041
1760988292502,-1.16351,0.76331043,10.11147
1760988292504,-1.1730813,0.7728817,10.101899
1760988292506,-1.1778669,0.7830512,10.0779705
1760988292508,-1.1778669,0.77766734,10.068399
1760988292510,-1.1874382,0.78783685,10.039685
1760988292513,-1.1970096,0.7926225,10.0061865
1760988292514,-1.2059826,0.8069794,10.0061865
1760988292517,-1.2203395,0.8117651,9.963116
1760988292519,-1.2209377,0.8021938,9.948758
1760988292521,-1.2107682,0.81655073,9.943973
1760988292523,-1.2203395,0.81655073,9.920045
1760988292526,-1.2251252,0.82612205,9.915258
1760988292528,-1.2155539,0.84047896,9.886545
1760988292531,-1.2107682,0.83988076,9.872188
1760988292533,-1.1820544,0.85902333,9.853045
1760988292535,-1.1533405,0.8679964,9.84826
1760988292538,-1.1485549,0.8632108,9.838689
1760988292539,-1.134198,0.8679964,9.81476
1760988292542,-1.1102697,0.8769695,9.762118
1760988292544,-1.0863415,0.8673982,9.776475
1760988292547,-1.082154,0.8668,9.752547
1760988292549,-1.0725827,0.87158567,9.733404
1760988292552,-1.0815558,0.8811569,9.73819
1760988292555,-1.0863415,0.8811569,9.719048
1760988292556,-1.0719845,0.8859426,9.709476
1760988292557,-1.082154,0.87637126,9.699904
1760988292560,-1.0869397,0.87637126,9.70469
1760988292562,-1.082154,0.87158567,9.695119
1760988292564,-1.0869397,0.87158567,9.662218
1760988292567,-1.1060823,0.87637126,9.671789
1760988292569,-1.105484,0.89072824,9.656834
1760988292571,-1.105484,0.89072824,9.652647
1760988292574,-1.119841,0.8769695,9.657433
1760988292576,-1.1437693,0.8865408,9.638289
1760988292578,-1.1437693,0.8769695,9.628718
1760988292580,-1.1587243,0.8578269,9.619147
1760988292584,-1.1724831,0.8775677,9.628718
1760988292585,-1.18684,0.8679964,9.643075
1760988292587,-1.1772687,0.8679964,9.628718
1760988292590,-1.1730813,0.85842514,9.647861
1760988292592,-1.1826526,0.8344969,9.643075
1760988292594,-1.1539388,0.83389866,9.652647
1760988292597,-1.1641082,0.8147561,9.652647
1760988292599,-1.1730813,0.8249256,9.667004
1760988292601,-1.14018,0.8003992,9.68136
1760988292603,-1.1497513,0.8003992,9.700503
1760988292605,-1.1587243,0.8147561,9.700503
1760988292608,-1.1449656,0.8003992,9.729217
1760988292610,-1.1353943,0.80518484,9.74836
1760988292613,-1.1114662,0.80518484,9.762716
1760988292615,-1.0875379,0.79501534,9.762716
1760988292617,-1.0827522,0.80937225,9.7812605
1760988292619,-1.0588241,0.8237292,9.7812605
1760988292621,-1.0390832,0.8285148,9.805189
1760988292623,-1.0157533,0.8279166,9.7812605
1760988292626,-0.99661064,0.83748794,9.776475
1760988292628,-0.96789676,0.8321041,9.805189
1760988292630,-0.9870393,0.8225328,9.776475
1760988292634,-0.98644114,0.8560323,9.757333
1760988292635,-0.96789676,0.846461,9.752547
1760988292637,-0.96729857,0.8703892,9.719048
1760988292639,-0.9625129,0.8751749,9.695119
1760988292641,-0.9529416,0.90388876,9.680762
1760988292644,-0.948156,0.90807617,9.661619
1760988292647,-0.96729857,0.92303133,9.618548
1760988292649,-0.9906286,0.93738824,9.604192
1760988292650,-0.98584294,0.927817,9.580264
1760988292652,-0.98584294,0.9613165,9.570692
1760988292655,-0.98584294,0.9421739,9.556335
1760988292657,-1.0001999,0.9661021,9.51805
1760988292659,-0.9954142,0.9613165,9.537193
1760988292662,-0.9906286,0.9421739,9.508479
1760988292664,-0.9762716,0.9415757,9.513265
1760988292666,-0.9762716,0.96550393,9.474979
1760988292669,-0.98584294,0.96550393,9.470194
1760988292671,-0.9954142,0.951147,9.446864
1760988292673,-1.0145568,0.9517452,9.461221
1760988292676,-1.015155,0.927817,9.461221
1760988292678,-1.0295119,0.93260264,9.437292
1760988292680,-1.0438689,0.927817,9.437292
1760988292683,-1.052842,0.927817,9.461221
1760988292685,-1.0725827,0.91884387,9.437292
1760988292687,-1.0767702,0.9236295,9.461221
1760988292689,-1.0863415,0.91884387,9.45165
1760988292691,-1.1108679,0.89491564,9.461221
1760988292694,-1.1347961,0.8955139,9.456435
1760988292697,-1.1485549,0.90508515,9.480363
1760988292699,-1.1874382,0.8865408,9.466604
1760988292700,-1.1826526,0.8530413,9.461819
1760988292703,-1.1922239,0.87218386,9.480962
1760988292705,-1.2113664,0.83389866,9.490533
1760988292707,-1.2065809,0.83389866,9.490533
1760988292709,-1.2167503,0.80518484,9.5048895
1760988292713,-1.1976078,0.80518484,9.509675
1760988292714,-1.2023934,0.7956135,9.524033
1760988292716,-1.2119647,0.79142606,9.54796
1760988292719,-1.1832508,0.7908279,9.552746
1760988292721,-1.1934203,0.7573284,9.586246
1760988292723,-1.1742777,0.7573284,9.619745
1760988292725,-1.1790633,0.762114,9.634102
1760988292728,-1.1647065,0.75254273,9.677173
1760988292731,-1.1593226,0.7812566,9.700503
1760988292732,-1.1593226,0.7860422,9.729217
1760988292735,-1.1306087,0.77647096,9.734002
1760988292737,-1.1210374,0.7956135,9.753145
1760988292739,-1.1204392,0.8147561,9.777073
1760988292741,-1.1108679,0.8147561,9.800404
1760988292744,-1.1066805,0.80518484,9.79143
1760988292746,-1.1156535,0.8243274,9.7908325
1760988292748,-1.0773684,0.84765744,9.7908325
1760988292750,-1.096511,0.8386843,9.7812605
1760988292753,-1.082154,0.86201435,9.776475
1760988292755,-1.0911272,0.87158567,9.747761
1760988292757,-1.0911272,0.87637126,9.719048
1760988292759,-1.105484,0.87218386,9.714262
1760988292762,-1.105484,0.8817552,9.709476
1760988292764,-1.105484,0.87637126,9.690333
1760988292766,-1.1012967,0.87158567,9.671789
1760988292769,-1.1102697,0.8811569,9.657433
1760988292771,-1.082154,0.87637126,9.638289
1760988292773,-1.0917253,0.8859426,9.609575
1760988292776,-1.096511,0.8859426,9.60479
1760988292778,-1.0677971,0.89491564,9.571291
1760988292780,-1.082154,0.8997013,9.547362
1760988292782,-1.0911272,0.90508515,9.542577
1760988292784,-1.0773684,0.9092726,9.504292
1760988292787,-1.0767702,0.9236295,9.489935
1760988292789,-1.1012967,0.9092726,9.475577
1760988292791,-1.0863415,0.9284152,9.466006
1760988292794,-1.0863415,0.9236295,9.446864
1760988292796,-1.0911272,0.9284152,9.408579
1760988292798,-1.0959128,0.94755775,9.4229355
1760988292800,-1.0863415,0.94755775,9.403793
1760988292803,-1.1006985,0.94277215,9.394221
1760988292805,-1.0959128,0.94755775,9.403793
1760988292807,-1.1102697,0.95712906,9.399008
1760988292810,-1.090529,0.9762716,9.408579
1760988292811,-1.1001002,0.98584294,9.413364
1760988292814,-1.090529,1.0001999,9.432507
1760988292816,-1.1001002,0.9768698,9.446864
1760988292818,-1.0953146,0.9912268,9.45165
1760988292821,-1.0809577,1.0049855,9.460623
1760988292823,-1.0809577,1.0001999,9.479765
1760988292825,-1.0707881,1.0289137,9.479765
1760988292827,-1.0809577,0.9906286,9.489336
1760988292829,-1.0522437,1.0001999,9.508479
1760988292832,-1.0564312,1.0097711,9.522836
1760988292834,-1.0660025,1.0097711,9.546764
1760988292836,-1.0474582,1.0001999,9.556335
1760988292838,-1.0474582,0.98584294,9.58505
1760988292841,-1.0331012,0.98584294,9.62812
1760988292844,-1.0426725,0.9906286,9.647263
1760988292847,-1.0283155,0.9762716,9.690333
1760988292849,-1.0426725,0.96729857,9.699904
1760988292851,-1.0522437,0.9768698,9.723235
1760988292853,-1.0612168,0.9768698,9.780663
1760988292855,-1.0468599,0.9768698,9.795019
1760988292858,-1.0713863,0.9487542,9.823733
1760988292859,-1.0666007,0.9200403,9.87159
1760988292861,-1.0713863,0.92482597,9.905089
1760988292864,-1.0666007,0.910469,9.905089
1760988292866,-1.076172,0.90089774,9.933804
1760988292868,-1.0570294,0.8961121,9.952946
1760988292871,-1.0576276,0.8865408,9.976874
1760988292873,-1.0671989,0.8673982,10.01516
1760988292876,-1.0624132,0.86261255,10.019945
1760988292878,-1.0767702,0.85842514,10.019945
1760988292880,-1.0911272,0.84406817,10.005588
1760988292882,-1.0911272,0.8488538,10.019945
1760988292884,-1.1102697,0.8536395,10.010373
1760988292886,-1.1150553,0.8488538,10.000802
1760988292889,-1.1246266,0.8488538,9.977472
1760988292891,-1.1437693,0.8542377,9.953544
1760988292893,-1.1485549,0.863809,9.9344015
1760988292896,-1.1581261,0.86859465,9.910473
1760988292898,-1.1766706,0.88295156,9.876974
1760988292900,-1.1718849,0.8925229,9.843474
1760988292903,-1.1766706,0.9068798,9.819546
1760988292904,-1.1958131,0.8925229,9.771689
1760988292907,-1.1958131,0.8925229,9.752547
1760988292909,-1.1916257,0.87278205,9.710074
1760988292912,-1.1964114,0.8919246,9.676575
1760988292914,-1.1916257,0.8919246,9.633504
1760988292916,-1.1772687,0.9062816,9.580862
1760988292918,-1.1629118,0.8961121,9.542577
1760988292920,-1.1587243,0.8817552,9.537791
1760988292923,-1.1581261,0.910469,9.499506
1760988292925,-1.1246266,0.9098708,9.480363
1760988292927,-1.1156535,0.9098708,9.437292
1760988292930,-1.1006985,0.91884387,9.456435
1760988292935,-1.0719845,0.9236295,9.437292
1760988292936,-1.0432707,0.93260264,9.446864
1760988292937,-1.038485,0.9613165,9.446864
1760988292940,-1.0145568,0.9613165,9.465408
1760988292941,-0.9954142,0.95653087,9.456435
1760988292943,-0.9906286,0.9804591,9.503694
1760988292945,-0.994816,0.994816,9.532407
1760988292948,-0.994816,0.994816,9.541979
1760988292950,-0.97567344,1.0139586,9.556335
1760988292952,-0.9702896,1.0235299,9.594023
1760988292955,-0.9613165,1.0139586,9.608379
1760988292957,-0.96550393,1.0331012,9.622736
1760988292959,-0.96550393,1.0283155,9.637094
1760988292961,-0.9696914,1.076172,9.665807
1760988292963,-0.9696914,1.0713863,9.68495
1760988292966,-0.97926265,1.0815558,9.689735
1760988292968,-0.9696914,1.0719845,9.704092
1760988292970,-0.98883396,1.0815558,9.708878
1760988292973,-0.99302137,1.0959128,9.717851
1760988292975,-0.9984053,1.0671989,9.6993065
1760988292977,-0.9936196,1.0911272,9.704092
1760988292979,-0.9984053,1.0767702,9.6993065
1760988292982,-0.9840483,1.0624132,9.689735
1760988292984,-0.974477,1.0624132,9.6993065
1760988292986,-0.9984053,1.0480564,9.704092
1760988292989,-0.98883396,1.0576276,9.71845
1760988292991,-0.9936196,1.052842,9.713663
1760988292994,-0.9984053,1.052842,9.708878
1760988292996,-1.0223335,1.0432707,9.708878
1760988292998,-1.032503,1.0295119,9.713663
1760988293000,-1.0420742,1.0055838,9.737592
1760988293003,-1.0516455,1.015155,9.747163
1760988293005,-1.0660025,1.0007981,9.737592
1760988293007,-1.0755738,1.0109676,9.742377
1760988293010,-1.0803595,0.99661064,9.795019
1760988293012,-1.0564312,0.99601245,9.790234
1760988293014,-1.0707881,0.991825,9.818948
1760988293016,-1.0707881,0.99661064,9.818948
1760988293019,-1.0851451,0.9774681,9.833304
1760988293021,-1.0851451,0.96789676,9.8524475
1760988293023,-1.0803595,0.9870393,9.866804
1760988293025,-1.0612168,0.9870393,9.885947
1760988293028,-1.0468599,0.99661064,9.909875
1760988293030,-1.0420742,0.9870393,9.942777
1760988293032,-1.0372887,0.9822537,9.929018
1760988293035,-1.0133604,0.99601245,9.957133
1760988293037,-0.99900347,0.9912268,9.985847
1760988293039,-0.9984053,1.0103694,10.000204
1760988293041,-1.0031909,1.0301101,10.000204
1760988293043,-0.9936196,1.0199406,9.976275
1760988293046,-1.0031909,1.0199406,9.990633
1760988293048,-0.9984053,1.0103694,9.933205
1760988293050,-1.0085747,1.0007981,9.928419
1760988293053,-1.0037891,0.9912268,9.904491
1760988293055,-0.99900347,1.0055838,9.909277
1760988293057,-0.9942178,0.99601245,9.894919
1760988293060,-0.98883396,1.0295119,9.851849
1760988293062,-1.0079765,1.0199406,9.866206
1760988293064,-1.018146,1.015155,9.847662
1760988293066,-1.0319048,1.0247263,9.828519
1760988293068,-1.0366904,1.0342976,9.83809
1760988293071,-1.0510473,1.0444671,9.8428755
1760988293073,-1.07019,1.0396814,9.823733
1760988293075,-1.0941181,1.0444671,9.818948
1760988293077,-1.1126626,1.0546366,9.828519
1760988293079,-1.1365907,1.0642079,9.804591
1760988293082,-1.1557333,1.0504491,9.804591
1760988293084,-1.1796615,1.0408778,9.804591
1760988293086,-1.2179468,1.0319048,9.799805
1760988293089,-1.2227324,1.055833,9.795019
1760988293091,-1.2370893,1.0510473,9.804591
1760988293093,-1.2658032,1.0133604,9.81476
1760988293096,-1.2658032,1.0133604,9.7908325
1760988293098,-1.2801601,1.0277174,9.752547
1760988293100,-1.2903296,1.0037891,9.742975
1760988293103,-1.2903296,0.97507524,9.719048
1760988293105,-1.3004991,0.951147,9.719048
1760988293107,-1.2957134,0.9409775,9.700503
1760988293109,-1.2957134,0.93619186,9.657433
1760988293111,-1.314856,0.9415757,9.643075
1760988293114,-1.2915261,0.91226363,9.614362
1760988293116,-1.2819548,0.907478,9.595219
1760988293118,-1.2867404,0.8979067,9.5760765
1760988293121,-1.2675978,0.89730847,9.580862
1760988293123,-1.2771691,0.9020941,9.571291
1760988293125,-1.2771691,0.89730847,9.571291
1760988293127,-1.2915261,0.91226363,9.556933
1760988293130,-1.2963116,0.8979067,9.54796
1760988293133,-1.2867404,0.9212367,9.556933
1760988293134,-1.2819548,0.930808,9.552148
1760988293137,-1.3010973,0.9314062,9.552148
1760988293138,-1.2963116,0.9314062,9.571291
1760988293141,-1.2813566,0.9601201,9.561719
1760988293143,-1.2765709,0.96430755,9.5665045
1760988293146,-1.2669996,0.96909314,9.5760765
1760988293147,-1.2568301,1.0073783,9.604192
1760988293149,-1.2329018,1.0073783,9.570692
1760988293152,-1.2424731,1.012164,9.599406
1760988293154,-1.2137593,1.0313065,9.580264
1760988293156,-1.2089736,1.0259227,9.570692
1760988293158,-1.2233306,1.0360922,9.575478
1760988293161,-1.1994023,1.0546366,9.580264
1760988293163,-1.1940185,1.0642079,9.561121
1760988293165,-1.2035898,1.0785648,9.537193
1760988293167,-1.1844472,1.1120644,9.51805
1760988293169,-1.1940185,1.102493,9.51805
1760988293172,-1.1886346,1.1216356,9.508479
1760988293174,-1.174876,1.1216356,9.479765
1760988293176,-1.1742777,1.1264212,9.508479
1760988293178,-1.1694921,1.1407782,9.474979
1760988293181,-1.1647065,1.1551352,9.465408
1760988293183,-1.1551352,1.1641082,9.470194
1760988293186,-1.1647065,1.1599208,9.479765
1760988293188,-1.1497513,1.1880364,9.474381
1760988293191,-1.1455638,1.1736795,9.474381
1760988293193,-1.1593226,1.183849,9.469596
1760988293195,-1.1688938,1.198206,9.46481
1760988293197,-1.1688938,1.1934203,9.455238
1760988293199,-1.1688938,1.1886346,9.455238
1760988293201,-1.1694921,1.1599208,9.455837
1760988293204,-1.1880364,1.1790633,9.460623
1760988293206,-1.2029916,1.1264212,9.44148
1760988293209,-1.2029916,1.1264212,9.44148
1760988293212,-1.1988041,1.0977074,9.417552
1760988293213,-1.2227324,1.0881361,9.422338
1760988293215,-1.227518,1.0785648,9.399008
1760988293218,-1.2472588,1.0594223,9.370294
1760988293221,-1.2664014,1.0313065,9.365508
1760988293222,-1.2382857,1.0211371,9.365508
1760988293225,-1.2717853,1.0025927,9.370294
1760988293227,-1.2669996,0.99302137,9.38465
1760988293229,-1.262214,0.9876375,9.379865
1760988293231,-1.2717853,0.9738788,9.403793
1760988293233,-1.2915261,0.9595219,9.39482
1760988293235,-1.3058829,0.92602235,9.418748
1760988293238,-1.3010973,0.91166544,9.433105
1760988293241,-1.3298112,0.92662054,9.476176
1760988293243,-1.3393825,0.92662054,9.509675
1760988293245,-1.358525,0.9128618,9.528818
1760988293247,-1.3824533,0.8985049,9.567103
1760988293250,-1.3770695,0.9086744,9.619147
1760988293252,-1.4297116,0.89491564,9.634102
1760988293255,-1.4255241,0.8662018,9.677173
1760988293257,-1.439881,0.8662018,9.710074
1760988293259,-1.4542379,0.86201435,9.738789
1760988293261,-1.4733806,0.8428718,9.753743
1760988293263,-1.4781662,0.84765744,9.79143
1760988293265,-1.4925231,0.82911307,9.8015995
1760988293268,-1.4781662,0.8333005,9.801002
1760988293270,-1.4925231,0.81954175,9.825528
1760988293272,-1.4877375,0.8243274,9.829716
1760988293274,-1.5020944,0.81954175,9.825528
1760988293276,-1.4973087,0.83389866,9.796814
1760988293279,-1.521237,0.8147561,9.806385
1760988293281,-1.50688,0.81954175,9.796814
1760988293283,-1.5116657,0.82911307,9.763314
1760988293285,-1.5451652,0.8386843,9.739387
1760988293288,-1.5547365,0.83389866,9.720243
1760988293290,-1.5499508,0.8386843,9.681958
1760988293292,-1.5451652,0.84347,9.638887
1760988293295,-1.5403795,0.84825563,9.610174
1760988293298,-1.521237,0.86201435,9.576674
1760988293299,-1.521237,0.8811569,9.524033
1760988293301,-1.5206388,0.8859426,9.519247
1760988293303,-1.5254245,0.90029955,9.467203
1760988293306,-1.4919249,0.91405827,9.447462
1760988293308,-1.4871392,0.9284152,9.428319
1760988293311,-1.4679967,0.9379865,9.447462
1760988293312,-1.4392828,0.9517452,9.428319
1760988293316,-1.396212,0.9607183,9.390035
1760988293318,-1.3866407,0.97507524,9.375677
1760988293321,-1.3244274,0.9882358,9.356535
1760988293322,-1.3004991,1.012164,9.332606
1760988293324,-1.2999009,1.0408778,9.332008
1760988293326,-1.2711871,1.035494,9.327223
1760988293329,-1.2711871,1.0456635,9.327223
1760988293332,-1.2520444,1.0642079,9.336794
1760988293334,-1.2520444,1.0642079,9.336794
1760988293336,-1.227518,1.102493,9.346365
1760988293338,-1.2227324,1.0977074,9.336794
1760988293340,-1.2370893,1.11685,9.360723
1760988293343,-1.2418749,1.1222339,9.388838
1760988293345,-1.2370893,1.1174482,9.417552
1760988293347,-1.2460624,1.1222339,9.451052
1760988293350,-1.2604194,1.1413764,9.465408
1760988293352,-1.2693924,1.1515459,9.503694
1760988293354,-1.2789637,1.1419746,9.51805
1760988293356,-1.2891332,1.1276177,9.546764
1760988293358,-1.2891332,1.1180464,9.575478
1760988293360,-1.2747762,1.1228321,9.618548
1760988293362,-1.2747762,1.1132607,9.632906
1760988293364,-1.2747762,1.0989038,9.675977
1760988293367,-1.2610176,1.07019,9.690333
1760988293369,-1.2514462,1.055833,9.719048
1760988293372,-1.2466606,1.0366904,9.742975
1760988293374,-1.2323036,1.041476,9.756734
1760988293377,-1.227518,1.041476,9.780663
1760988293380,-1.1988041,1.0360922,9.818948
1760988293382,-1.1988041,1.026521,9.804591
1760988293384,-1.204188,1.0127622,9.83809
1760988293386,-1.1802598,1.0073783,9.8524475
1760988293388,-1.189831,1.0079765,9.87159
1760988293390,-1.1659029,0.997807,9.862019
1760988293392,-1.1659029,1.0025927,9.857233
1760988293395,-1.1700903,1.026521,9.83809
1760988293397,-1.1563315,1.026521,9.83809
1760988293399,-1.146162,1.0408778,9.823733
1760988293402,-1.146162,1.0402796,9.795019
1760988293404,-1.1509477,1.0402796,9.790234
1760988293406,-1.1467602,1.035494,9.756734
1760988293408,-1.1228321,1.0402796,9.742377
1760988293411,-1.1318051,1.0642079,9.713663
1760988293413,-1.1180464,1.0444671,9.68495
1760988293416,-1.1084751,1.0540384,9.65145
1760988293418,-1.0845468,1.0725827,9.6275215
1760988293420,-1.0797613,1.0677971,9.613165
1760988293422,-1.0654043,1.0677971,9.598808
1760988293424,-1.0510473,1.0624132,9.565907
1760988293427,-1.0462617,1.0863415,9.550952
1760988293429,-1.0319048,1.0671989,9.550952
1760988293431,-1.0271192,1.0911272,9.531809
1760988293433,-1.0175478,1.0815558,9.512667
1760988293435,-1.0175478,1.0815558,9.512667
1760988293438,-1.0366904,1.1006985,9.507881
1760988293440,-1.0510473,1.0959128,9.522238
1760988293443,-1.055833,1.0911272,9.489336
1760988293445,-1.0606186,1.096511,9.508479
1760988293447,-1.0839486,1.1012967,9.508479
1760988293449,-1.0989038,1.0773684,9.532407
1760988293451,-1.1222339,1.1018949,9.556335
1760988293454,-1.1413764,1.1066805,9.565309
1760988293456,-1.146162,1.0779666,9.575478
1760988293459,-1.174876,1.0737791,9.608977
1760988293460,-1.1844472,1.0785648,9.62812
1760988293463,-1.2083755,1.0887343,9.646665
1760988293465,-1.2412767,1.0845468,9.642477
1760988293467,-1.2412767,1.0845468,9.675977
1760988293470,-1.250848,1.0845468,9.6993065
1760988293472,-1.2843475,1.0803595,9.699904
1760988293474,-1.2843475,1.0612168,9.719048
1760988293476,-1.2795619,1.0803595,9.732806
1760988293479,-1.2897314,1.032503,9.747761
1760988293481,-1.2891332,1.0516455,9.766904
1760988293483,-1.3130615,1.0570294,9.752547
1760988293486,-1.2993027,1.0420742,9.733404
1760988293487,-1.2993027,1.0516455,9.73819
1760988293490,-1.2849457,1.0372887,9.714262
1760988293492,-1.3040884,1.0277174,9.690333
1760988293495,-1.308874,1.0372887,9.675977
1760988293497,-1.2999009,1.018146,9.6376915
1760988293499,-1.2711871,1.0127622,9.632906
1760988293502,-1.2855439,1.0223335,9.618548
1760988293504,-1.2711871,1.0271192,9.613763
1760988293506,-1.2616158,1.0319048,9.589835
1760988293509,-1.2472588,1.0169497,9.561121
1760988293511,-1.2376875,1.026521,9.556335
1760988293512,-1.2418749,1.0600204,9.541979
1760988293515,-1.2083755,1.0600204,9.556335
1760988293517,-1.189831,1.0546366,9.561121
1760988293519,-1.1509477,1.0827522,9.546764
1760988293522,-1.1222339,1.0827522,9.55155
1760988293524,-1.1078769,1.0923235,9.565309
1760988293527,-1.0983056,1.1066805,9.57488
1760988293529,-1.0695918,1.1204392,9.570094
1760988293531,-1.0600204,1.1252248,9.598808
1760988293533,-1.0360922,1.1347961,9.598808
1760988293535,-1.012164,1.1246266,9.603594
1760988293538,-0.99302137,1.1437693,9.61795
1760988293540,-0.9828519,1.1629118,9.607781
1760988293542,-0.9589237,1.1814562,9.622138
1760988293544,-0.96849495,1.1766706,9.602996
1760988293547,-0.96849495,1.1916257,9.602996
1760988293549,-0.9637093,1.1718849,9.583853
1760988293551,-0.9637093,1.1718849,9.579067
1760988293554,-0.97806627,1.18684,9.583853
1760988293556,-0.9732806,1.18684,9.583853
1760988293558,-0.9924232,1.1916257,9.574282
1760988293560,-1.0211371,1.1724831,9.565309
1760988293563,-1.0307083,1.1874382,9.565309
1760988293565,-1.0833504,1.1730813,9.54138
1760988293567,-1.0737791,1.1491531,9.527023
1760988293570,-1.1120644,1.154537,9.536594
1760988293572,-1.1359925,1.1641082,9.517452
1760988293576,-1.1503495,1.1449656,9.507881
1760988293576,-1.1790633,1.1359925,9.508479
1760988293578,-1.1790633,1.1312069,9.508479
1760988293581,-1.1988041,1.1120644,9.503694
1760988293583,-1.2364911,1.1030912,9.522836
1760988293585,-1.227518,1.0648061,9.546764
1760988293587,-1.2424731,1.0408778,9.580264
1760988293590,-1.2520444,1.0360922,9.58505
1760988293592,-1.2616158,1.0175478,9.613763
1760988293595,-1.2616158,1.0175478,9.647263
1760988293596,-1.2759727,1.0175478,9.690333
1760988293599,-1.2711871,0.98883396,9.728619
1760988293601,-1.2759727,0.9942178,9.757333
1760988293603,-1.2855439,0.96550393,9.771689
1760988293606,-1.2855439,0.9702896,9.809975
1760988293608,-1.2574283,0.95054877,9.824331
1760988293610,-1.2574283,0.94636136,9.857831
1760988293612,-1.262214,0.9415757,9.876974
1760988293615,-1.2526426,0.9320044,9.910473
1760988293617,-1.2430713,0.92662054,9.915258
1760988293619,-1.2335001,0.92183495,9.939187
1760988293622,-1.2382857,0.91226363,9.939187
1760988293624,-1.2143575,0.92662054,9.967302
1760988293626,-1.2095718,0.92662054,9.952946
1760988293628,-1.1952149,0.91226363,9.94816
1760988293631,-1.1856437,0.91226363,9.962517
1760988293634,-1.1718849,0.9068798,9.924232
1760988293635,-1.1569297,0.930808,9.933804
1760988293636,-1.166501,0.9403793,9.919446
1760988293639,-1.1425728,0.95473623,9.909875
1760988293642,-1.1234303,0.9493524,9.905089
1760988293643,-1.1330016,0.95413804,9.87159
1760988293646,-1.1090733,0.9589237,9.83809
1760988293648,-1.0947163,0.9822537,9.814162
1760988293650,-1.099502,0.9774681,9.780663
1760988293653,-1.1042876,1.0013963,9.751948
1760988293655,-1.1084751,1.0109676,9.728021
1760988293658,-1.0899308,1.0205388,9.6993065
1760988293660,-1.1132607,1.0301101,9.675379
1760988293662,-1.1132607,1.0492527,9.65145
1760988293664,-1.0941181,1.0636097,9.6275215
1760988293666,-1.079163,1.0869397,9.622736
1760988293668,-1.0935199,1.1018949,9.598808
1760988293670,-1.0887343,1.1012967,9.579665
1760988293673,-1.0935199,1.1210374,9.565309
1760988293676,-1.0935199,1.1210374,9.565309
1760988293678,-1.0983056,1.1306087,9.5557375
1760988293680,-1.1174482,1.1306087,9.536594
1760988293682,-1.1216356,1.1449656,9.522238
1760988293685,-1.1359925,1.1593226,9.54138
1760988293687,-1.1503495,1.1455638,9.536594
1760988293690,-1.1647065,1.1599208,9.507881
1760988293692,-1.1886346,1.1312069,9.503694
1760988293693,-1.1790633,1.1551352,9.48455
1760988293695,-1.2029916,1.1455638,9.474979
1760988293699,-1.2173486,1.1318051,9.455837
1760988293701,-1.2077773,1.1312069,9.460623
1760988293703,-1.2077773,1.1359925,9.460623
1760988293705,-1.227518,1.1126626,9.446265
1760988293707,-1.2077773,1.1216356,9.455837
1760988293709,-1.2035898,1.1072787,9.44148
1760988293712,-1.1844472,1.102493,9.417552
1760988293714,-1.174876,1.1066805,9.412766
1760988293716,-1.1700903,1.1018949,9.446265
1760988293718,-1.160519,1.0923235,9.44148
1760988293721,-1.1515459,1.0779666,9.427123
1760988293723,-1.146162,1.1018949,9.44148
1760988293725,-1.1419746,1.0731809,9.44148
1760988293728,-1.1174482,1.1018949,9.474979
1760988293730,-1.1132607,1.0869397,9.474979
1760988293732,-1.0941181,1.0773684,9.48455
1760988293734,-1.0797613,1.0917253,9.489336
1760988293736,-1.0648061,1.1252248,9.507881
1760988293739,-1.0648061,1.1252248,9.531809
1760988293741,-1.0737791,1.1443675,9.546165
1760988293743,-1.0546366,1.1778669,9.565309
1760988293746,-1.049851,1.1826526,9.598808
1760988293748,-1.0540384,1.1874382,9.607781
1760988293750,-1.0253245,1.2065809,9.646067
1760988293752,-1.0205388,1.2113664,9.679565
1760988293755,-1.0013963,1.2113664,9.717851
1760988293757,-0.991825,1.2161521,9.746565
1760988293759,-0.95832545,1.2203395,9.765109
1760988293762,-0.9822537,1.2257234,9.755538
1760988293764,-0.95772725,1.2346965,9.784252
1760988293766,-0.95832545,1.2059826,9.798609
1760988293768,-0.9631111,1.2257234,9.822537
1760988293771,-0.9726824,1.2209377,9.822537
1760988293773,-0.9631111,1.2161521,9.8321085
1760988293776,-0.9726824,1.1922239,9.846465
1760988293779,-0.9774681,1.2113664,9.84168
1760988293781,-0.9726824,1.1874382,9.827323
1760988293784,-0.9774681,1.1874382,9.822537
1760988293786,-1.0157533,1.1970096,9.812965
1760988293787,-1.0348958,1.1976078,9.799207
1760988293789,-1.0588241,1.1784651,9.81835
1760988293792,-1.0731809,1.154537,9.813564
1760988293794,-1.0971092,1.1647065,9.789636
1760988293797,-1.1066805,1.1647065,9.794421
1760988293798,-1.1216356,1.1359925,9.7704935
1760988293800,-1.11685,1.1359925,9.765707
1760988293803,-1.1503495,1.11685,9.732806
1760988293805,-1.1455638,1.0929217,9.747163
1760988293808,-1.1407782,1.1072787,9.728021
1760988293810,-1.1455638,1.0977074,9.71845
1760988293812,-1.1509477,1.0594223,9.708878
1760988293814,-1.1557333,1.0642079,9.723235
1760988293816,-1.1557333,1.0594223,9.689735
1760988293818,-1.1509477,1.0546366,9.694521
1760988293821,-1.1700903,1.049851,9.694521
1760988293823,-1.174876,1.0600204,9.713663
1760988293826,-1.146162,1.0642079,9.704092
1760988293828,-1.1796615,1.0648061,9.694521
1760988293830,-1.160519,1.0689936,9.704092
1760988293832,-1.1365907,1.0785648,9.723235
1760988293834,-1.146162,1.0881361,9.723235
1760988293837,-1.1653047,1.0839486,9.728021
1760988293839,-1.1653047,1.0839486,9.732806
1760988293842,-1.1599208,1.1030912,9.747163
1760988293844,-1.1647065,1.0935199,9.747163
1760988293847,-1.1647065,1.1222339,9.742377
1760988293848,-1.1742777,1.1078769,9.747163
1760988293850,-1.1694921,1.1222339,9.747163
1760988293852,-1.1647065,1.1174482,9.76152
1760988293854,-1.183849,1.1174482,9.742377
1760988293857,-1.1784651,1.1413764,9.76152
1760988293859,-1.1784651,1.1365907,9.742377
1760988293861,-1.1832508,1.146162,9.756734
1760988293864,-1.1976078,1.1318051,9.751948
1760988293866,-1.1694921,1.1270195,9.747163
1760988293868,-1.183849,1.1318051,9.723235
1760988293870,-1.1886346,1.1174482,9.71845
1760988293874,-1.2029916,1.1222339,9.71845
1760988293876,-1.198206,1.1270195,9.713663
1760988293878,-1.2029916,1.1126626,9.71845
1760988293880,-1.1790633,1.1222339,9.694521
1760988293882,-1.183849,1.1174482,9.689735
1760988293884,-1.1790633,1.1365907,9.665807
1760988293886,-1.1455638,1.1264212,9.646665
1760988293889,-1.1312069,1.1407782,9.646665
1760988293891,-1.1126626,1.1066805,9.661021
1760988293894,-1.11685,1.1162517,9.656236
1760988293896,-1.0935199,1.1066805,9.641879
1760988293899,-1.0648061,1.1060823,9.656236
1760988293900,-1.0600204,1.1156535,9.641879
1760988293903,-1.0504491,1.1300105,9.6275215
1760988293905,-1.0408778,1.1395818,9.613165
1760988293907,-1.0313065,1.1300105,9.6275215
1760988293909,-1.0169497,1.1437693,9.613165
1760988293912,-0.99302137,1.1437693,9.603594
1760988293914,-1.012164,1.1533405,9.579665
1760988293916,-1.0115658,1.1581261,9.565309
1760988293918,-0.9924232,1.1724831,9.579665
1760988293920,-0.9924232,1.1676974,9.560523
1760988293923,-1.0067801,1.1629118,9.5557375
1760988293925,-1.0163515,1.1772687,9.546165
1760988293927,-1.0307083,1.1820544,9.550952
1760988293929,-1.049851,1.1778669,9.570094
1760988293932,-1.0785648,1.1778669,9.550952
1760988293934,-1.0785648,1.1730813,9.565309
1760988293936,-1.0977074,1.1688938,9.579665
1760988293938,-1.1312069,1.154537,9.570094
1760988293940,-1.154537,1.1694921,9.57488
1760988293943,-1.1784651,1.1694921,9.570094
1760988293945,-1.1928221,1.160519,9.565309
1760988293948,-1.2263216,1.160519,9.594023
1760988293950,-1.2598212,1.1754742,9.608379
1760988293953,-1.2693924,1.1563315,9.598808
1760988293954,-1.2693924,1.1659029,9.584451
1760988293956,-1.302892,1.1473584,9.599406
1760988293959,-1.3034902,1.1186446,9.599406
1760988293962,-1.3220345,1.1330016,9.580264
1760988293965,-1.3555341,1.1192428,9.570692
1760988293966,-1.3555341,1.1383854,9.546764
1760988293968,-1.3651053,1.1383854,9.532407
1760988293970,-1.3555341,1.1330016,9.4941225
1760988293973,-1.3561323,1.1090733,9.475577
1760988293975,-1.3411771,1.1330016,9.489336
1760988293978,-1.3411771,1.1473584,9.474979
1760988293979,-1.3268201,1.1521441,9.451052
1760988293982,-1.3172488,1.1419746,9.44148
1760988293984,-1.2939188,1.1515459,9.40798
1760988293987,-1.2789637,1.1754742,9.417552
1760988293989,-1.2693924,1.1892328,9.393623
1760988293991,-1.2550355,1.1796615,9.403194
1760988293993,-1.2550355,1.1892328,9.398409
1760988293995,-1.2454642,1.1940185,9.403194
1760988293998,-1.2311072,1.2131611,9.40798
1760988294000,-1.2113664,1.2364911,9.379267
1760988294003,-1.2209377,1.2514462,9.407382
1760988294004,-1.2209377,1.2418749,9.42174
1760988294006,-1.244866,1.2466606,9.416953
1760988294009,-1.244866,1.2562319,9.426525
1760988294011,-1.2496517,1.227518,9.446265
1760988294013,-1.2592229,1.2329018,9.469596
1760988294016,-1.2729816,1.2424731,9.488738
1760988294019,-1.3064811,1.2430713,9.512667
1760988294021,-1.3208381,1.2382857,9.565309
1760988294022,-1.3351951,1.2149557,9.603594
1760988294025,-1.3639089,1.2005987,9.65145
1760988294028,-1.3782659,1.1964114,9.708878
1760988294030,-1.3830515,1.1724831,9.742377
1760988294032,-1.3878372,1.16351,9.795019
1760988294035,-1.4123635,1.1347961,9.814162
1760988294036,-1.4315062,1.1306087,9.876375
1760988294039,-1.4554343,1.1066805,9.900304
1760988294041,-1.4464613,1.0731809,9.91466
1760988294043,-1.4560326,1.0636097,9.957731
1760988294045,-1.4560326,1.0636097,9.98166
1760988294047,-1.4560326,1.0253245,10.01516
1760988294050,-1.4608182,1.0259227,10.019945
1760988294052,-1.4566308,1.0013963,10.029516
1760988294054,-1.4518452,1.0109676,10.024731
1760988294056,-1.466202,1.0013963,9.9960165
1760988294058,-1.4614165,1.006182,9.982258
1760988294061,-1.466202,1.006182,9.967901
1760988294064,-1.4614165,1.0205388,9.9344015
1760988294066,-1.4799608,1.0301101,9.876974
1760988294068,-1.480559,1.0013963,9.833903
1760988294070,-1.4757733,1.0205388,9.786046
1760988294073,-1.4709877,1.0486546,9.728619
1760988294075,-1.4709877,1.0534402,9.685548
1760988294077,-1.4847465,1.0773684,9.642477
1760988294079,-1.4751751,1.1060823,9.5760765
1760988294082,-1.4560326,1.105484,9.533006
1760988294084,-1.4608182,1.1246266,9.49472
1760988294086,-1.4608182,1.1437693,9.437292
1760988294089,-1.4410775,1.1772687,9.408579
1760988294091,-1.4171492,1.1766706,9.370294
1760988294094,-1.4267205,1.2005987,9.375079
1760988294095,-1.3926228,1.2340983,9.364909
1760988294098,-1.3884354,1.224527,9.3409815
1760988294100,-1.3591232,1.2574283,9.3409815
1760988294102,-1.3399807,1.262214,9.369696
1760988294104,-1.3112668,1.2664014,9.360124
1760988294107,-1.3160524,1.2765709,9.388838
1760988294109,-1.2634103,1.2855439,9.393025
1760988294111,-1.2586247,1.2951152,9.407382
1760988294113,-1.253839,1.2807583,9.46481
1760988294116,-1.2299109,1.2753744,9.503095
1760988294118,-1.2251252,1.2658032,9.531809
1760988294120,-1.2107682,1.2610176,9.570094
1760988294123,-1.1916257,1.2658032,9.612567
1760988294125,-1.18684,1.2658032,9.64128
1760988294127,-1.1724831,1.2418749,9.693923
1760988294129,-1.1724831,1.2323036,9.722636
1760988294131,-1.1629118,1.2466606,9.75135
1760988294135,-1.1581261,1.2418749,9.780065
1760988294136,-1.1581261,1.2370893,9.808778
1760988294138,-1.1629118,1.2329018,9.837492
1760988294140,-1.1730813,1.2089736,9.856635
1760988294142,-1.1970096,1.189831,9.842278
1760988294146,-1.1922239,1.1802598,9.875777
1760988294146,-1.1922239,1.1754742,9.880563
1760988294149,-1.2017952,1.1706885,9.866206
1760988294151,-1.2209377,1.1521441,9.875777
1760988294154,-1.2454642,1.1425728,9.861421
1760988294156,-1.2687942,1.1377872,9.8524475
1760988294158,-1.2598212,1.1090733,9.823733
1760988294160,-1.288535,1.0947163,9.790234
1760988294162,-1.2795619,1.099502,9.747163
1760988294165,-1.317847,1.0755738,9.714262
1760988294167,-1.332204,1.0809577,9.695119
1760988294169,-1.3423735,1.0474582,9.656834
1760988294171,-1.3375878,1.0420742,9.642477
1760988294174,-1.3710874,1.0474582,9.608977
1760988294176,-1.3710874,1.0331012,9.60479
1760988294178,-1.3615161,1.0229317,9.5665045
1760988294180,-1.3806586,1.0235299,9.5665045
1760988294183,-1.39023,1.0331012,9.552148
1760988294185,-1.39023,1.0474582,9.533006
1760988294188,-1.3710874,1.0420742,9.52822
1760988294190,-1.3471591,1.0468599,9.52822
1760988294192,-1.3615161,1.0468599,9.533006
1760988294194,-1.3375878,1.0707881,9.523434
1760988294197,-1.3375878,1.0755738,9.489935
1760988294199,-1.3040884,1.0797613,9.4941225
1760988294201,-1.3280165,1.0803595,9.49472
1760988294203,-1.3082758,1.0989038,9.474979
1760988294206,-1.2987045,1.1132607,9.474979
1760988294209,-1.2891332,1.1228321,9.455837
1760988294211,-1.2795619,1.1419746,9.446265
1760988294218,-1.2556337,1.146162,9.455837
1760988294218,-1.2502499,1.1653047,9.436694
1760988294218,-1.2364911,1.146162,9.417552
1760988294224,-1.2317054,1.1557333,9.446265
1760988294224,-1.2029916,1.1551352,9.451052
1760988294224,-1.198206,1.1647065,9.446265
1760988294226,-1.1976078,1.1742777,9.44148
1760988294235,-1.1976078,1.183849,9.455837
1760988294235,-1.1976078,1.183849,9.465408
1760988294235,-1.1976078,1.1790633,9.498309
1760988294236,-1.1928221,1.1742777,9.503095
1760988294237,-1.1880364,1.1886346,9.507881
1760988294239,-1.1880364,1.1844472,9.560523
1760988294242,-1.1880364,1.1892328,9.560523
1760988294244,-1.2263216,1.1700903,9.570094
1760988294247,-1.2119647,1.1940185,9.570094
1760988294249,-1.2215359,1.174876,9.589237
1760988294251,-1.2119647,1.1653047,9.565309
1760988294253,-1.2119647,1.1653047,9.570094
1760988294256,-1.2071791,1.160519,9.570094
1760988294258,-1.2077773,1.1509477,9.570094
1760988294260,-1.198206,1.1509477,9.560523
1760988294262,-1.2029916,1.1222339,9.546764
1760988294264,-1.1934203,1.1407782,9.537193
1760988294267,-1.1742777,1.1455638,9.536594
1760988294269,-1.1647065,1.1264212,9.532407
1760988294271,-1.1599208,1.1359925,9.51805
1760988294273,-1.1413764,1.1162517,9.498908
1760988294276,-1.1365907,1.1353943,9.48455
1760988294278,-1.1264212,1.14018,9.498309
1760988294281,-1.11685,1.154537,9.460623
1760988294283,-1.1078769,1.1491531,9.44148
1760988294285,-1.1072787,1.1922239,9.426525
1760988294287,-1.102493,1.1970096,9.440882
1760988294289,-1.1072787,1.1922239,9.416953
1760988294292,-1.0923235,1.2065809,9.426525
1760988294294,-1.0833504,1.2017952,9.397811
1760988294296,-1.1018949,1.2257234,9.416953
1760988294299,-1.0875379,1.2496517,9.426525
1760988294301,-1.1018949,1.244866,9.431311
1760988294303,-1.096511,1.2592229,9.436096
1760988294305,-1.082154,1.2783655,9.455238
1760988294307,-1.0815558,1.2981063,9.48814
1760988294310,-1.0863415,1.3076776,9.48814
1760988294312,-1.0863415,1.3076776,9.497711
1760988294314,-1.0959128,1.2933207,9.516854
1760988294317,-1.1102697,1.2933207,9.526425
1760988294319,-1.1150553,1.302892,9.52164
1760988294321,-1.1006985,1.2981063,9.555139
1760988294323,-1.1150553,1.2939188,9.555139
1760988294326,-1.119841,1.274178,9.5455675
1760988294328,-1.1533405,1.265205,9.555139
1760988294331,-1.1443675,1.250848,9.565309
1760988294333,-1.1581261,1.2556337,9.607781
1760988294335,-1.1778669,1.2370893,9.61795
1760988294338,-1.1826526,1.2083755,9.637094
1760988294339,-1.2065809,1.2083755,9.656236
1760988294342,-1.2017952,1.1940185,9.680164
1760988294344,-1.2352947,1.189831,9.6993065
1760988294347,-1.2400804,1.1754742,9.728021
1760988294348,-1.2352947,1.1659029,9.751948
1760988294351,-1.2646067,1.1473584,9.785448
1760988294353,-1.2927225,1.1431711,9.799805
1760988294355,-1.2981063,1.1192428,9.799805
1760988294357,-1.2981063,1.1048858,9.828519
1760988294360,-1.3268201,1.076172,9.847662
1760988294362,-1.3316058,1.076172,9.857233
1760988294365,-1.346561,1.0480564,9.876375
1760988294367,-1.3657036,1.0432707,9.866804
1760988294369,-1.3848461,1.0336994,9.862617
1760988294371,-1.4039887,1.0247263,9.862617
1760988294374,-1.4039887,1.015155,9.886545
1760988294376,-1.39023,0.9906286,9.876974
1760988294378,-1.4045869,0.98644114,9.867402
1760988294380,-1.39023,0.9810573,9.862617
1760988294382,-1.3950156,0.971486,9.857831
1760988294384,-1.39023,0.971486,9.838689
1760988294387,-1.3854443,0.9667004,9.84826
1760988294389,-1.3375878,0.98524475,9.829117
1760988294392,-1.3429717,0.97567344,9.829117
1760988294394,-1.3238292,0.98524475,9.805189
1760988294396,-1.3184453,0.994816,9.776475
1760988294399,-1.3184453,1.0085747,9.762118
1760988294400,-1.3136597,1.018146,9.752547
1760988294403,-1.2897314,1.0372887,9.723833
1760988294405,-1.2897314,1.0516455,9.709476
1760988294407,-1.2849457,1.0564312,9.690333
1760988294410,-1.2795619,1.0803595,9.695119
1760988294412,-1.2747762,1.1138589,9.665807
1760988294414,-1.2789637,1.1186446,9.656236
1760988294416,-1.288535,1.1377872,9.646665
1760988294419,-1.2831511,1.1712867,9.622736
1760988294421,-1.2783655,1.2000005,9.598808
1760988294424,-1.2640085,1.2137593,9.594023
1760988294427,-1.2879368,1.2239288,9.570094
1760988294429,-1.2873386,1.2287145,9.546165
1760988294431,-1.2831511,1.2281163,9.522238
1760988294433,-1.2729816,1.2424731,9.512667
1760988294436,-1.268196,1.2424731,9.498309
1760988294437,-1.2544373,1.2472588,9.474381
1760988294439,-1.244866,1.2514462,9.46481
1760988294442,-1.2400804,1.2562319,9.440882
1760988294444,-1.2209377,1.2370893,9.460024
1760988294446,-1.2113664,1.2221341,9.422338
1760988294448,-1.2257234,1.2179468,9.431909
1760988294450,-1.2017952,1.2269198,9.455238
1760988294452,-1.1826526,1.2317054,9.426525
1760988294455,-1.1593226,1.2167503,9.426525
1760988294457,-1.1730813,1.2364911,9.426525
1760988294460,-1.1832508,1.2221341,9.388838
1760988294462,-1.154537,1.2119647,9.398409
1760988294464,-1.1497513,1.1976078,9.412766
1760988294467,-1.1688938,1.198206,9.422338
1760988294469,-1.154537,1.2023934,9.403194
1760988294471,-1.1688938,1.198206,9.40798
1760988294473,-1.1593226,1.2023934,9.431311
1760988294475,-1.1593226,1.183849,9.450453
1760988294477,-1.1736795,1.2029916,9.455238
1760988294480,-1.1641082,1.1886346,9.493524
1760988294482,-1.1784651,1.1934203,9.503095
1760988294484,-1.1880364,1.1886346,9.507881
1760988294487,-1.1874382,1.2131611,9.54138
1760988294489,-1.1922239,1.2179468,9.579665
1760988294491,-1.1874382,1.2035898,9.57488
1760988294493,-1.1784651,1.1988041,9.603594
1760988294496,-1.1784651,1.1892328,9.622736
1760988294498,-1.1784651,1.1892328,9.608379
1760988294500,-1.1736795,1.1940185,9.613165
1760988294502,-1.1736795,1.1796615,9.61795
1760988294505,-1.1784651,1.1700903,9.608379
1760988294507,-1.1784651,1.1653047,9.61795
1760988294510,-1.183849,1.1509477,9.594023
1760988294513,-1.2029916,1.1318051,9.579665
1760988294514,-1.2029916,1.1365907,9.594023
1760988294516,-1.198206,1.1365907,9.579665
1760988294518,-1.2077773,1.1222339,9.580264
1760988294521,-1.2269198,1.1318051,9.598808
1760988294523,-1.2317054,1.1174482,9.608977
1760988294526,-1.2604194,1.1180464,9.599406
1760988294528,-1.2556337,1.1228321,9.632308
1760988294530,-1.2699906,1.1228321,9.623335
1760988294532,-1.2604194,1.1180464,9.646665
1760988294535,-1.265205,1.1036894,9.68495
1760988294537,-1.2598212,1.1234303,9.713663
1760988294539,-1.2646067,1.1138589,9.76152
1760988294542,-1.2598212,1.1042876,9.795019
1760988294544,-1.250848,1.1042876,9.790234
1760988294546,-1.2454642,1.1186446,9.8428755
1760988294548,-1.2550355,1.1090733,9.866804
1760988294551,-1.2263216,1.1282159,9.870992
1760988294553,-1.2263216,1.1186446,9.904491
1760988294555,-1.2263216,1.1282159,9.904491
1760988294557,-1.2167503,1.1138589,9.904491
1760988294559,-1.2311072,1.1186446,9.93799
1760988294561,-1.2263216,1.1330016,9.933205
1760988294564,-1.2215359,1.1186446,9.928419
1760988294566,-1.2161521,1.1521441,9.93799
1760988294568,-1.2167503,1.1234303,9.918848
1760988294570,-1.2263216,1.1330016,9.928419
1760988294573,-1.2406785,1.1282159,9.918848
1760988294575,-1.2406785,1.1234303,9.890134
1760988294578,-1.2693924,1.1288141,9.875777
1760988294579,-1.2693924,1.1282159,9.8428755
1760988294582,-1.2789637,1.1234303,9.818948
1760988294584,-1.2837493,1.1042876,9.785448
1760988294587,-1.288535,1.1138589,9.771091
1760988294589,-1.3076776,1.1240284,9.732806
1760988294591,-1.2987045,1.1042876,9.6993065
1760988294594,-1.3130615,1.0803595,9.690333
1760988294595,-1.2843475,1.0899308,9.652048
1760988294598,-1.294517,1.0660025,9.6376915
1760988294601,-1.2801601,1.055833,9.594621
1760988294603,-1.2610176,1.055833,9.589835
1760988294605,-1.2753744,1.055833,9.604192
1760988294607,-1.2753744,1.041476,9.599406
1760988294610,-1.2323036,1.0552348,9.561121
1760988294611,-1.2281163,1.0456635,9.575478
1760988294614,-1.2233306,1.026521,9.565907
1760988294616,-1.2233306,1.0360922,9.575478
1760988294618,-1.2227324,1.0648061,9.58505
1760988294621,-1.2089736,1.0456635,9.58505
1760988294623,-1.2035898,1.0648061,9.608977
1760988294625,-1.2083755,1.0600204,9.623335
1760988294629,-1.1892328,1.0743774,9.623335
1760988294631,-1.1988041,1.0887343,9.6376915
1760988294632,-1.1886346,1.0983056,9.65145
1760988294634,-1.2173486,1.0935199,9.665807
1760988294637,-1.2029916,1.1174482,9.661021
1760988294639,-1.2173486,1.1222339,9.661021
1760988294641,-1.2173486,1.1228321,9.675379
1760988294644,-1.2311072,1.1419746,9.675379
1760988294645,-1.2119647,1.1365907,9.665807
1760988294647,-1.2215359,1.1515459,9.661021
1760988294650,-1.2311072,1.1563315,9.622736
1760988294652,-1.2358929,1.1563315,9.589237
1760988294654,-1.2406785,1.1611172,9.594023
1760988294656,-1.250848,1.1419746,9.55155
1760988294659,-1.2550355,1.1515459,9.527621
1760988294661,-1.274178,1.1611172,9.498908
1760988294663,-1.2598212,1.1611172,9.479765
1760988294666,-1.2987045,1.1371889,9.44148
1760988294668,-1.2795619,1.1222339,9.417552
1760988294670,-1.265205,1.1222339,9.422338
1760988294672,-1.2843475,1.1467602,9.403194
1760988294675,-1.2795619,1.1413764,9.365508
1760988294677,-1.2747762,1.1509477,9.360124
1760988294679,-1.2939188,1.1563315,9.360124
1760988294682,-1.3124632,1.1659029,9.355338
1760988294684,-1.3172488,1.1611172,9.336794
1760988294686,-1.302892,1.1850454,9.336196
1760988294689,-1.2699906,1.1700903,9.336196
1760988294691,-1.274178,1.1988041,9.317053
1760988294693,-1.2598212,1.1988041,9.321838
1760988294696,-1.2789637,1.1796615,9.326625
1760988294698,-1.2933207,1.1994023,9.345767
1760988294700,-1.2789637,1.2035898,9.345767
1760988294702,-1.3022938,1.2137593,9.379267
1760988294705,-1.2831511,1.204188,9.412766
1760988294707,-1.2927225,1.1994023,9.44148
1760988294709,-1.3214363,1.2047862,9.474979
1760988294712,-1.3214363,1.1856437,9.4941225
1760988294715,-1.3357933,1.180858,9.522836
1760988294716,-1.378864,1.1623136,9.55155
1760988294718,-1.3836497,1.1623136,9.580264
1760988294720,-1.4027922,1.1533405,9.604192
1760988294723,-1.4033905,1.134198,9.6376915
1760988294726,-1.4273187,1.1156535,9.661619
1760988294728,-1.4458631,1.1252248,9.675977
1760988294731,-1.4703895,1.0875379,9.728619
1760988294732,-1.4799608,1.0779666,9.728619
1760988294734,-1.4853446,1.0396814,9.762118
1760988294736,-1.5092729,1.0205388,9.800404
1760988294738,-1.5140585,1.0163515,9.81476
1760988294740,-1.5236298,1.0115658,9.838689
1760988294743,-1.5188441,0.97806627,9.853045
1760988294746,-1.5236298,0.9732806,9.88176
1760988294748,-1.5194423,0.9637093,9.876974
1760988294751,-1.524228,0.9349955,9.887143
1760988294753,-1.5002998,0.9343972,9.896116
1760988294754,-1.500898,0.910469,9.911072
1760988294756,-1.486541,0.9200403,9.929616
1760988294759,-1.4673985,0.910469,9.910473
1760988294762,-1.4578272,0.9056834,9.915258
1760988294764,-1.4482559,0.9056834,9.905687
1760988294766,-1.4195421,0.90029955,9.886545
1760988294768,-1.4147564,0.9098708,9.891331
1760988294770,-1.3812568,0.91884387,9.88176
1760988294772,-1.3716856,0.91884387,9.867402
1760988294774,-1.3716856,0.9236295,9.857831
1760988294777,-1.3429717,0.94695956,9.84826
1760988294779,-1.3286148,0.95653087,9.833903
1760988294782,-1.3142579,0.97567344,9.824331
1760988294783,-1.3184453,1.0091729,9.81476
1760988294786,-1.3232309,1.0187442,9.805189
1760988294788,-1.3232309,1.0187442,9.7812605
1760988294790,-1.332204,1.0426725,9.766904
1760988294793,-1.317847,1.0666007,9.742975
1760988294795,-1.332204,1.076172,9.73819
1760988294797,-1.3226327,1.0809577,9.714262
1760988294799,-1.3363914,1.1048858,9.690333
1760988294802,-1.3363914,1.1048858,9.661619
1760988294804,-1.3316058,1.1240284,9.675977
1760988294806,-1.3363914,1.1383854,9.652048
1760988294808,-1.3172488,1.1282159,9.6376915
1760988294811,-1.2933207,1.1425728,9.6275215
1760988294813,-1.2981063,1.1569297,9.598808
1760988294815,-1.2933207,1.1282159,9.599406
1760988294818,-1.2789637,1.1515459,9.570692
1760988294820,-1.2646067,1.1467602,9.55155
1760988294822,-1.2556337,1.1228321,9.527621
1760988294825,-1.2412767,1.1270195,9.541979
1760988294828,-1.2173486,1.1270195,9.532407
1760988294830,-1.2125629,1.1509477,9.550952
1760988294831,-1.1886346,1.1557333,9.54138
1760988294833,-1.1599208,1.1647065,9.536594
1760988294836,-1.1503495,1.1551352,9.536594
1760988294838,-1.1264212,1.1736795,9.546165
1760988294841,-1.11685,1.1688938,9.5557375
1760988294843,-1.0929217,1.1832508,9.550952
1760988294845,-1.0929217,1.1784651,9.550952
1760988294847,-1.0546366,1.1730813,9.570094
1760988294850,-1.049851,1.1874382,9.565309
1760988294853,-1.0588241,1.2065809,9.57488
1760988294854,-1.0444671,1.2017952,9.565309
1760988294856,-1.0301101,1.2017952,9.560523
1760988294859,-1.0307083,1.1922239,9.570094
1760988294861,-1.0307083,1.2011969,9.546165
1760988294863,-1.0492527,1.2017952,9.54138
1760988294865,-1.049851,1.1874382,9.527023
1760988294869,-1.0402796,1.1826526,9.54138
1760988294871,-1.0402796,1.1874382,9.527023
1760988294873,-1.049851,1.1874382,9.517452
1760988294875,-1.0737791,1.1922239,9.536594
1760988294876,-1.0881361,1.1682956,9.531809
1760988294879,-1.0929217,1.1443675,9.54138
1760988294881,-1.0935199,1.1347961,9.536594
1760988294884,-1.102493,1.14018,9.560523
1760988294886,-1.1030912,1.125823,9.579665
1760988294888,-1.1078769,1.1114662,9.589237
1760988294891,-1.1078769,1.0875379,9.603594
1760988294893,-1.1222339,1.0875379,9.622736
1760988294896,-1.1318051,1.0779666,9.622736
1760988294897,-1.1222339,1.0827522,9.6275215
1760988294899,-1.1126626,1.0731809,9.632308
1760988294902,-1.1126626,1.0683953,9.675379
1760988294904,-1.1036894,1.0540384,9.670592
1760988294906,-1.0845468,1.0588241,9.646665
1760988294908,-1.0983056,1.0779666,9.641879
1760988294911,-1.0887343,1.0779666,9.65145
1760988294913,-1.079163,1.0923235,9.665807
1760988294916,-1.0648061,1.0869397,9.665807
1760988294918,-1.0462617,1.0630114,9.661021
1760988294920,-1.0462617,1.0677971,9.656236
1760988294922,-1.041476,1.0725827,9.670592
1760988294924,-1.0127622,1.0719845,9.661021
1760988294927,-1.0175478,1.0677971,9.694521
1760988294929,-1.0079765,1.0863415,9.689735
1760988294933,-1.0079765,1.0576276,9.675379
1760988294934,-1.0175478,1.0719845,9.689735
1760988294936,-0.9984053,1.0767702,9.68495
1760988294938,-1.0175478,1.0815558,9.675379
1760988294940,-1.0031909,1.0480564,9.704092
1760988294943,-1.0079765,1.0624132,9.723235
1760988294945,-1.0271192,1.0342976,9.728021
1760988294948,-1.0462617,1.0342976,9.723235
1760988294950,-1.055833,1.0390832,9.742377
1760988294952,-1.0319048,1.0342976,9.771091
1760988294955,-1.0420742,1.0007981,9.775877
1760988294957,-1.0468599,0.9912268,9.809377
1760988294959,-1.0612168,0.9870393,9.828519
1760988294961,-1.0755738,0.99661064,9.8524475
1760988294963,-1.0899308,0.9870393,9.8428755
1760988294966,-1.0755738,0.9822537,9.866804
1760988294968,-1.0803595,0.9822537,9.876375
1760988294970,-1.0851451,0.9726824,9.866804
1760988294972,-1.099502,0.9828519,9.881161
1760988294974,-1.1084751,0.9924232,9.862019
1760988294978,-1.0893325,1.0013963,9.8524475
1760988294979,-1.1276177,1.0163515,9.847662
1760988294981,-1.1180464,1.0067801,9.818948
1760988294983,-1.1132607,1.0307083,9.823733
1760988294986,-1.1174482,1.0546366,9.785448
1760988294988,-1.1036894,1.049851,9.771091
1760988294990,-1.0983056,1.0779666,9.723235
1760988294993,-1.0935199,1.0923235,9.6993065
1760988294995,-1.0977074,1.1210374,9.680164
1760988294997,-1.0881361,1.1449656,9.613165
1760988294999,-1.0881361,1.154537,9.594023
1760988295002,-1.0642079,1.1826526,9.531809
1760988295005,-1.0546366,1.1874382,9.498309
1760988295007,-1.049851,1.1964114,9.460024
1760988295009,-1.0307083,1.2251252,9.402596
1760988295011,-1.0301101,1.2346965,9.364311
1760988295014,-1.0205388,1.238884,9.349955
1760988295016,-1.0157533,1.2484552,9.32124
1760988295018,-1.0307083,1.224527,9.311669
1760988295020,-1.0259227,1.238884,9.311669
1760988295022,-1.0205388,1.2580265,9.302098
1760988295025,-1.0013963,1.2580265,9.282955
1760988295027,-0.99661064,1.2723835,9.268599
1760988295029,-0.9828519,1.2574283,9.273384
1760988295032,-0.9822537,1.2861422,9.263813
1760988295034,-0.9870393,1.2867404,9.287741
1760988295036,-1.0103694,1.3010973,9.302098
1760988295038,-1.0199406,1.2969099,9.316455
1760988295041,-1.0013963,1.2867404,9.335598
1760988295043,-1.0109676,1.2777673,9.369097
1760988295045,-1.0103694,1.2873386,9.397811
1760988295047,-1.0157533,1.268196,9.412168
1760988295050,-1.0157533,1.2586247,9.431311
1760988295052,-1.0301101,1.2394822,9.474381
1760988295054,-1.0450653,1.2011969,9.479167
1760988295056,-1.0689936,1.1826526,9.512667
1760988295059,-1.0971092,1.1880364,9.546165
1760988295061,-1.1120644,1.1688938,9.579665
1760988295064,-1.1407782,1.1503495,9.608379
1760988295066,-1.1503495,1.1407782,9.656236
1760988295068,-1.1551352,1.1359925,9.680164
1760988295070,-1.1742777,1.1365907,9.694521
1760988295072,-1.183849,1.1270195,9.732806
1760988295074,-1.198206,1.1126626,9.751948
1760988295076,-1.2173486,1.0893325,9.756734
1760988295079,-1.2412767,1.0749756,9.775877
1760988295081,-1.265205,1.0803595,9.799805
1760988295084,-1.2843475,1.0707881,9.804591
1760988295086,-1.3082758,1.061815,9.828519
1760988295088,-1.3226327,1.0426725,9.809975
1760988295091,-1.317847,1.0426725,9.818948
1760988295093,-1.3369896,1.0426725,9.847662
1760988295095,-1.3328022,1.0235299,9.857233
1760988295097,-1.3417753,1.0432707,9.866804
1760988295100,-1.3226327,1.0378869,9.8428755
1760988295102,-1.2939188,1.0378869,9.847662
1760988295104,-1.2849457,1.032503,9.8428755
1760988295107,-1.2658032,1.018146,9.83809
1760988295109,-1.250848,1.0516455,9.83809
1760988295111,-1.2466606,1.0510473,9.795019
1760988295113,-1.2370893,1.0462617,9.775877
1760988295116,-1.2131611,1.0606186,9.785448
1760988295118,-1.2035898,1.0600204,9.756734
1760988295120,-1.2179468,1.07019,9.742377
1760988295123,-1.1742777,1.0887343,9.737592
1760988295125,-1.183849,1.1030912,9.71845
1760988295127,-1.198206,1.1030912,9.713663
1760988295129,-1.183849,1.1174482,9.708878
1760988295132,-1.1742777,1.1318051,9.713663
1760988295134,-1.1790633,1.1318051,9.732806
1760988295137,-1.1928221,1.1557333,9.732806
1760988295138,-1.1928221,1.1413764,9.751948
1760988295140,-1.1976078,1.1611172,9.756734
1760988295142,-1.2017952,1.1706885,9.78485
1760988295144,-1.2263216,1.1371889,9.804591
1760988295147,-1.2263216,1.1371889,9.823733
1760988295149,-1.2502499,1.1186446,9.833304
1760988295151,-1.2454642,1.1282159,9.8524475
1760988295153,-1.274178,1.1138589,9.857233
1760988295155,-1.2789637,1.1048858,9.866804
1760988295158,-1.2933207,1.0857433,9.857233
1760988295160,-1.2987045,1.061815,9.847662
1760988295162,-1.2987045,1.0426725,9.8524475
1760988295164,-1.3274183,1.0331012,9.8524475
1760988295167,-1.3226327,1.0426725,9.828519
1760988295169,-1.3328022,1.0283155,9.800404
1760988295171,-1.3328022,1.0043873,9.766904
1760988295174,-1.3519448,1.0139586,9.699904
1760988295176,-1.3663018,1.0043873,9.675977
1760988295178,-1.3567305,1.0187442,9.652048
1760988295180,-1.3669,0.99960166,9.623933
1760988295183,-1.3573287,1.0037891,9.580862
1760988295185,-1.3806586,1.0235299,9.547362
1760988295187,-1.3812568,1.0139586,9.533006
1760988295190,-1.3615161,1.0277174,9.533006
1760988295192,-1.3567305,1.0420742,9.499506
1760988295195,-1.3471591,1.0612168,9.485149
1760988295197,-1.3375878,1.0803595,9.470792
1760988295199,-1.3328022,1.0755738,9.456435
1760988295201,-1.3082758,1.1132607,9.460623
1760988295204,-1.2891332,1.1228321,9.451052
1760988295207,-1.2891332,1.1228321,9.465408
1760988295208,-1.2747762,1.1371889,9.446265
1760988295211,-1.2460624,1.1270195,9.474979
1760988295212,-1.2173486,1.1365907,9.4941225
1760988295214,-1.1928221,1.1647065,9.512667
1760988295217,-1.1928221,1.1694921,9.522238
1760988295220,-1.1832508,1.1742777,9.527023
1760988295221,-1.1736795,1.1790633,9.546165
1760988295223,-1.1688938,1.1790633,9.560523
1760988295226,-1.14018,1.183849,9.570094
1760988295228,-1.14018,1.1742777,9.589237
1760988295231,-1.1449656,1.1790633,9.608379
1760988295233,-1.1449656,1.1694921,9.594023
1760988295235,-1.154537,1.1694921,9.608379
1760988295237,-1.1353943,1.1694921,9.594023
1760988295240,-1.1264212,1.1593226,9.584451
1760988295242,-1.125823,1.1736795,9.57488
1760988295244,-1.1216356,1.1688938,9.565309
1760988295246,-1.1407782,1.1694921,9.560523
1760988295249,-1.1306087,1.1784651,9.54138
1760988295251,-1.1593226,1.183849,9.503095
1760988295253,-1.1455638,1.1736795,9.493524
1760988295256,-1.1647065,1.1742777,9.488738
1760988295258,-1.1976078,1.1742777,9.507881
1760988295260,-1.1551352,1.1264212,9.51805
1760988295262,-1.1413764,1.1210374,9.470194
1760988295264,-1.1413764,1.125823,9.446265
1760988295267,-1.1653047,1.1306087,9.460623
1760988295269,-1.1934203,1.1407782,9.451052
1760988295271,-1.2077773,1.1599208,9.455837
1760988295274,-1.2167503,1.1892328,9.451052
1760988295276,-1.2263216,1.1653047,9.446265
1760988295278,-1.2598212,1.1802598,9.465408
1760988295280,-1.2598212,1.1659029,9.474979
1760988295283,-1.2783655,1.189831,9.508479
1760988295285,-1.2981063,1.1712867,9.541979
1760988295287,-1.288535,1.1611172,9.546764
1760988295290,-1.302892,1.1617154,9.565907
1760988295292,-1.3220345,1.1521441,9.604192
1760988295294,-1.3268201,1.1431711,9.632906
1760988295297,-1.3268201,1.1240284,9.666406
1760988295299,-1.3651053,1.1150553,9.709476
1760988295301,-1.3459628,1.0857433,9.742975
1760988295303,-1.3609179,1.0767702,9.771689
1760988295306,-1.3752748,1.052842,9.819546
1760988295308,-1.3848461,1.0336994,9.857831
1760988295310,-1.3704891,1.0336994,9.885947
1760988295312,-1.3848461,1.0103694,9.919446
1760988295315,-1.3944174,1.0103694,9.929018
1760988295317,-1.4039887,0.9912268,9.957731
1760988295319,-1.39023,0.98644114,9.957731
1760988295321,-1.3896317,1.0007981,9.957731
1760988295324,-1.3854443,0.9912268,9.967302
1760988295326,-1.3950156,0.9816555,9.958329
1760988295328,-1.3854443,0.9912268,9.92483
1760988295331,-1.3950156,0.99601245,9.92483
1760988295333,-1.3848461,1.015155,9.891331
1760988295336,-1.39023,1.0001999,9.857831
1760988295338,-1.3848461,1.0241281,9.838689
1760988295340,-1.3944174,1.038485,9.795618
1760988295342,-1.3704891,1.0480564,9.757333
1760988295344,-1.3609179,1.0809577,9.699904
1760988295347,-1.3513466,1.0809577,9.685548
1760988295349,-1.3609179,1.0953146,9.62812
1760988295352,-1.3459628,1.1192428,9.604192
1760988295353,-1.3268201,1.1330016,9.541979
1760988295355,-1.3220345,1.1473584,9.51805
1760988295358,-1.302892,1.1617154,9.498908
1760988295360,-1.2981063,1.1659029,9.479765
1760988295362,-1.288535,1.1802598,9.455837
1760988295364,-1.2879368,1.1994023,9.465408
1760988295367,-1.3022938,1.204188,9.455837
1760988295369,-1.2687942,1.2233306,9.469596
1760988295371,-1.2879368,1.2137593,9.48455
1760988295374,-1.2831511,1.2376875,9.488738
1760988295376,-1.2729816,1.2424731,9.498309
1760988295378,-1.268196,1.2616158,9.498309
1760988295380,-1.2777673,1.2568301,9.507881
1760988295383,-1.2634103,1.2520444,9.527023
1760988295385,-1.2586247,1.2520444,9.527023
1760988295387,-1.253839,1.2568301,9.54138
1760988295390,-1.253839,1.2424731,9.560523
1760988295392,-1.2490535,1.2520444,9.550952
1760988295394,-1.2394822,1.2472588,9.565309
1760988295396,-1.2352947,1.2281163,9.584451
1760988295399,-1.2352947,1.2281163,9.589237
1760988295401,-1.2352947,1.218545,9.608379
1760988295403,-1.2161521,1.218545,9.613165
1760988295405,-1.2017952,1.2179468,9.622736
1760988295408,-1.1778669,1.2179468,9.646665
1760988295410,-1.1730813,1.2083755,9.646665
1760988295412,-1.1736795,1.1940185,9.65145
1760988295415,-1.16351,1.2035898,9.641879
1760988295417,-1.1449656,1.2029916,9.637094
1760988295419,-1.1497513,1.1886346,9.646665
1760988295421,-1.1210374,1.1886346,9.641879
1760988295423,-1.125823,1.198206,9.637094
1760988295426,-1.1018949,1.1976078,9.636495
1760988295428,-1.1066805,1.1976078,9.613165
1760988295430,-1.1210374,1.2029916,9.613165
1760988295432,-1.1306087,1.1934203,9.594023
1760988295435,-1.125823,1.183849,9.608379
1760988295437,-1.1018949,1.1928221,9.594023
1760988295439,-1.1066805,1.2071791,9.598808
1760988295442,-1.125823,1.2173486,9.579665
1760988295444,-1.1204392,1.2269198,9.57488
1760988295447,-1.1353943,1.2173486,9.570094
1760988295449,-1.1108679,1.2358929,9.569496
1760988295451,-1.154537,1.2125629,9.5557375
1760988295453,-1.1395818,1.2364911,9.579665
1760988295456,-1.1300105,1.2460624,9.569496
1760988295458,-1.1491531,1.2364911,9.565309
1760988295460,-1.1778669,1.2323036,9.560523
1760988295463,-1.1682956,1.2556337,9.5557375
1760988295465,-1.1778669,1.2370893,9.5557375
1760988295467,-1.1778669,1.2179468,9.565309
1760988295469,-1.2161521,1.227518,9.536594
1760988295471,-1.2209377,1.2179468,9.560523
1760988295474,-1.2496517,1.218545,9.560523
1760988295476,-1.244866,1.2137593,9.560523
1760988295478,-1.244866,1.2089736,9.570094
1760988295481,-1.2687942,1.1802598,9.579665
1760988295483,-1.2640085,1.1994023,9.603594
1760988295485,-1.2640085,1.1994023,9.594023
1760988295487,-1.2831511,1.1856437,9.603594
1760988295490,-1.288535,1.1617154,9.637094
1760988295492,-1.2981063,1.1569297,9.6275215
1760988295495,-1.3214363,1.1718849,9.656236
1760988295497,-1.3310076,1.1527423,9.670592
1760988295499,-1.3411771,1.1335998,9.68495
1760988295501,-1.3549358,1.1479566,9.704092
1760988295503,-1.3507484,1.1288141,9.728021
1760988295505,-1.3794622,1.1246266,9.742377
1760988295508,-1.3842479,1.119841,9.751948
1760988295510,-1.3980067,1.119841,9.742377
1760988295512,-1.4033905,1.1108679,9.76152
1760988295515,-1.4033905,1.0911272,9.766904
1760988295517,-1.4081762,1.0869397,9.762118
1760988295519,-1.4081762,1.0677971,9.776475
1760988295522,-1.3842479,1.0911272,9.766904
1760988295524,-1.3800604,1.0576276,9.757333
1760988295526,-1.3752748,1.0671989,9.771689
1760988295528,-1.3609179,1.052842,9.776475
1760988295530,-1.3513466,1.0570294,9.762118
1760988295532,-1.3417753,1.0713863,9.73819
1760988295535,-1.317847,1.061815,9.733404
1760988295537,-1.2993027,1.0468599,9.728619
1760988295539,-1.2993027,1.0516455,9.719048
1760988295542,-1.2658032,1.0654043,9.709476
1760988295544,-1.2466606,1.0654043,9.728021
1760988295546,-1.2418749,1.0606186,9.70469
1760988295549,-1.2029916,1.0935199,9.704092
1760988295551,-1.1886346,1.0887343,9.708878
1760988295553,-1.1940185,1.0839486,9.713663
1760988295555,-1.198206,1.1126626,9.723235
1760988295557,-1.198206,1.1126626,9.71845
1760988295560,-1.1694921,1.1222339,9.708878
1760988295562,-1.1593226,1.1413764,9.713663
1760988295564,-1.1455638,1.1359925,9.675379
1760988295567,-1.154537,1.160519,9.680164
1760988295568,-1.154537,1.146162,9.689735
1760988295571,-1.16351,1.1940185,9.679565
1760988295573,-1.1688938,1.1892328,9.670592
1760988295576,-1.1874382,1.1940185,9.637094
1760988295578,-1.1880364,1.1844472,9.6275215
1760988295580,-1.1922239,1.2035898,9.608379
1760988295583,-1.1970096,1.2035898,9.603594
1760988295585,-1.1784651,1.1940185,9.584451
1760988295587,-1.1922239,1.2083755,9.584451
1760988295589,-1.1874382,1.2083755,9.560523
1760988295592,-1.1832508,1.1988041,9.536594
1760988295594,-1.1688938,1.198206,9.517452
1760988295596,-1.2113664,1.2179468,9.503095
1760988295599,-1.1880364,1.2077773,9.479167
1760988295601,-1.1928221,1.1934203,9.479167
1760988295603,-1.2071791,1.2083755,9.469596
1760988295605,-1.2119647,1.1988041,9.46481
1760988295607,-1.2215359,1.1988041,9.479167
1760988295610,-1.2215359,1.1940185,9.465408
1760988295612,-1.2263216,1.1940185,9.465408
1760988295615,-1.2257234,1.2179468,9.440882
1760988295617,-1.2167503,1.2083755,9.46481
1760988295619,-1.2544373,1.2233306,9.474381
1760988295621,-1.2400804,1.2131611,9.479167
1760988295623,-1.2646067,1.189831,9.474979
1760988295626,-1.2687942,1.218545,9.498309
1760988295628,-1.2735798,1.204188,9.474979
1760988295630,-1.2783655,1.1994023,9.4941225
1760988295632,-1.274178,1.189831,9.498908
1760988295635,-1.288535,1.1754742,9.479765
1760988295638,-1.288535,1.1467602,9.489336
1760988295640,-1.2789637,1.1659029,9.479765
1760988295641,-1.2843475,1.1228321,9.470194
1760988295643,-1.2843475,1.1228321,9.48455
1760988295646,-1.265205,1.1078769,9.489336
1760988295647,-1.2604194,1.1078769,9.4941225
1760988295650,-1.2556337,1.1126626,9.498908
1760988295652,-1.2323036,1.0983056,9.51805
1760988295654,-1.2269198,1.1078769,9.556335
1760988295656,-1.1988041,1.0935199,9.570692
1760988295659,-1.183849,1.11685,9.594023
1760988295662,-1.1742777,1.1312069,9.603594
1760988295663,-1.1503495,1.1120644,9.641879
1760988295665,-1.1216356,1.1264212,9.680164
1760988295668,-1.11685,1.1407782,9.704092
1760988295670,-1.0929217,1.1503495,9.756136
1760988295672,-1.0881361,1.1497513,9.756136
1760988295675,-1.0636097,1.1641082,9.789636
1760988295677,-1.0588241,1.1832508,9.803992
1760988295679,-1.0492527,1.1880364,9.827921
1760988295681,-1.0636097,1.183849,9.842278
1760988295684,-1.0588241,1.1886346,9.847063
1760988295686,-1.0677971,1.2077773,9.8321085
1760988295688,-1.0917253,1.198206,9.842278
1760988295690,-1.0725827,1.2029916,9.846465
1760988295693,-1.0917253,1.1934203,9.832706
1760988295696,-1.1060823,1.2029916,9.808778
1760988295698,-1.1108679,1.2077773,9.808778
1760988295701,-1.1491531,1.1988041,9.799207
1760988295703,-1.1395818,1.2035898,9.780065
1760988295704,-1.1491531,1.1988041,9.7609215
1760988295707,-1.1539388,1.1988041,9.7609215
1760988295709,-1.1778669,1.1844472,9.713065
1760988295712,-1.2065809,1.1946167,9.722636
1760988295713,-1.2065809,1.1946167,9.694521
1760988295716,-1.2071791,1.1796615,9.665807
1760988295718,-1.2167503,1.1659029,9.689735
1760988295720,-1.2167503,1.1754742,9.689735
1760988295723,-1.2215359,1.1659029,9.665807
1760988295725,-1.1976078,1.1844472,9.661021
1760988295727,-1.2167503,1.1802598,9.661021
1760988295730,-1.2119647,1.1850454,9.65145
1760988295731,-1.1832508,1.1844472,9.656236
1760988295734,-1.1688938,1.174876,9.661021
1760988295736,-1.1784651,1.160519,9.665807
1760988295739,-1.1832508,1.160519,9.670592
1760988295741,-1.1497513,1.1647065,9.665807
1760988295743,-1.1551352,1.1312069,9.680164
1760988295745,-1.1497513,1.1599208,9.670592
1760988295747,-1.1306087,1.1790633,9.689137
1760988295750,-1.1353943,1.1790633,9.680164
1760988295752,-1.1347961,1.2029916,9.67478
1760988295755,-1.1210374,1.2029916,9.67478
1760988295757,-1.1300105,1.2317054,9.67478
1760988295759,-1.1156535,1.2269198,9.669994
1760988295761,-1.1108679,1.2317054,9.669994
1760988295764,-1.1012967,1.2221341,9.655638
1760988295766,-1.1300105,1.2460624,9.64128
1760988295768,-1.1389836,1.2604194,9.626924
1760988295771,-1.1395818,1.2460624,9.612567
1760988295772,-1.1347961,1.2460624,9.583853
1760988295774,-1.1533405,1.2604194,9.579067
1760988295777,-1.16351,1.2604194,9.54138
1760988295779,-1.1826526,1.2562319,9.536594
1760988295782,-1.2017952,1.2514462,9.522238
1760988295784,-1.2017952,1.2562319,9.512667
1760988295786,-1.2065809,1.2562319,9.493524
1760988295789,-1.2065809,1.2562319,9.507881
1760988295791,-1.1970096,1.2514462,9.498309
1760988295793,-1.2065809,1.2562319,9.488738
1760988295795,-1.2161521,1.2466606,9.4839525
1760988295797,-1.2161521,1.2514462,9.493524
1760988295800,-1.2209377,1.2370893,9.493524
1760988295802,-1.2113664,1.2418749,9.503095
1760988295804,-1.2065809,1.227518,9.517452
1760988295807,-1.2065809,1.227518,9.517452
1760988295809,-1.2059826,1.2562319,9.512667
1760988295811,-1.1874382,1.2323036,9.522238
1760988295813,-1.1874382,1.2466606,9.536594
1760988295816,-1.1778669,1.2364911,9.517452
1760988295818,-1.1778669,1.2466606,9.570094
1760988295820,-1.1874382,1.2418749,9.565309
1760988295823,-1.16351,1.2412767,9.570094
1760988295825,-1.1443675,1.2364911,9.589237
1760988295827,-1.1826526,1.2466606,9.589237
1760988295829,-1.1730813,1.2370893,9.598808
1760988295831,-1.1724831,1.2562319,9.602996
1760988295834,-1.1778669,1.2323036,9.626924
1760988295836,-1.1874382,1.2370893,9.631709
1760988295838,-1.1730813,1.227518,9.669994
1760988295840,-1.1874382,1.2323036,9.67478
1760988295843,-1.2107682,1.2376875,9.698709
1760988295845,-1.2065809,1.218545,9.703494
1760988295847,-1.2209377,1.204188,9.717851
1760988295850,-1.2394822,1.2143575,9.741779
1760988295852,-1.2400804,1.1904292,9.746565
1760988295855,-1.2783655,1.1617154,9.756734
1760988295857,-1.2550355,1.1425728,9.785448
1760988295859,-1.2933207,1.1383854,9.799805
1760988295861,-1.3076776,1.1335998,9.799805
1760988295863,-1.326222,1.1335998,9.818948
1760988295866,-1.3459628,1.1102697,9.818948
1760988295868,-1.3603196,1.1006985,9.799805
1760988295870,-1.3651053,1.0911272,9.795019
1760988295872,-1.3651053,1.0863415,9.780663
1760988295875,-1.3938192,1.0719845,9.762118
1760988295877,-1.3944174,1.0624132,9.762118
1760988295879,-1.4279169,1.0582259,9.723833
1760988295882,-1.4422739,1.0582259,9.719048
1760988295884,-1.4518452,1.0390832,9.695119
1760988295886,-1.4518452,1.0438689,9.666406
1760988295888,-1.466202,1.0342976,9.662218
1760988295891,-1.4853446,1.0295119,9.647861
1760988295893,-1.4901303,1.0199406,9.619147
1760988295896,-1.480559,1.0295119,9.600004
1760988295897,-1.4901303,1.0247263,9.590433
1760988295899,-1.4668003,1.0247263,9.5760765
1760988295902,-1.4715859,1.0103694,9.571291
1760988295904,-1.4668003,1.0336994,9.552148
1760988295907,-1.4380864,1.0241281,9.523434
1760988295908,-1.4189439,1.0426725,9.533006
1760988295911,-1.4141582,1.0474582,9.509077
1760988295913,-1.39023,1.0474582,9.52822
1760988295915,-1.3854443,1.0570294,9.504292
1760988295917,-1.3567305,1.0707881,9.513863
1760988295919,-1.3561323,1.0947163,9.51805
1760988295922,-1.3369896,1.1090733,9.508479
1760988295924,-1.346561,1.1138589,9.51805
1760988295926,-1.3459628,1.1377872,9.498908
1760988295929,-1.3268201,1.1521441,9.489336
1760988295931,-1.302892,1.1712867,9.508479
1760988295934,-1.2879368,1.189831,9.522836
1760988295936,-1.2831511,1.1946167,9.513265
1760988295938,-1.2831511,1.2143575,9.546165
1760988295940,-1.2544373,1.2233306,9.522238
1760988295942,-1.2496517,1.2329018,9.507881
1760988295945,-1.230509,1.2418749,9.479167
1760988295948,-1.2257234,1.2466606,9.479167
1760988295949,-1.2113664,1.2562319,9.460024
1760988295952,-1.2107682,1.2801601,9.450453
1760988295954,-1.18684,1.2987045,9.436096
1760988295956,-1.1676974,1.2891332,9.426525
1760988295958,-1.134198,1.2981063,9.402596
1760988295960,-1.119841,1.3172488,9.393025
1760988295963,-1.134198,1.3076776,9.397811
1760988295966,-1.1006985,1.3172488,9.38824
1760988295967,-1.105484,1.3316058,9.4019985
1760988295970,-1.0959128,1.3268201,9.38824
1760988295972,-1.1006985,1.3220345,9.407382
1760988295974,-1.1001002,1.3459628,9.435498
1760988295977,-1.1006985,1.3411771,9.440284
1760988295979,-1.0767702,1.3363914,9.45464
1760988295981,-1.0809577,1.3459628,9.4737835
1760988295983,-1.1001002,1.3411771,9.4737835
1760988295986,-1.0911272,1.3124632,9.483355
1760988295988,-1.0911272,1.3172488,9.478569
1760988295991,-1.1102697,1.2981063,9.48814
1760988295993,-1.1102697,1.288535,9.502497
1760988295995,-1.1204392,1.274178,9.512068
1760988295997,-1.1395818,1.265205,9.527023
1760988295999,-1.1539388,1.2556337,9.546165
1760988296002,-1.1587243,1.2460624,9.579665
1760988296004,-1.1778669,1.227518,9.594023
1760988296007,-1.2017952,1.2035898,9.598808
1760988296009,-1.1880364,1.1940185,9.61795
1760988296011,-1.2017952,1.1988041,9.632308
1760988296013,-1.2023934,1.1844472,9.65145
1760988296016,-1.1976078,1.1653047,9.665807
1760988296018,-1.1976078,1.1365907,9.68495
1760988296020,-1.2311072,1.1419746,9.713663
1760988296022,-1.2263216,1.1371889,9.732806
1760988296025,-1.2406785,1.1371889,9.751948
1760988296027,-1.2263216,1.1276177,9.780663
1760988296029,-1.2358929,1.1276177,9.795019
1760988296031,-1.2406785,1.1330016,9.804591
1760988296034,-1.2358929,1.1138589,9.809377
1760988296036,-1.2311072,1.1186446,9.823733
1760988296039,-1.2364911,1.0947163,9.83809
1760988296041,-1.2215359,1.1132607,9.833304
1760988296043,-1.2125629,1.1036894,9.8524475
1760988296045,-1.1928221,1.1180464,9.856635
1760988296047,-1.1976078,1.1228321,9.870992
1760988296050,-1.1976078,1.1324034,9.875777
1760988296052,-1.1976078,1.1180464,9.894919
1760988296055,-1.1688938,1.1180464,9.885348
1760988296056,-1.1784651,1.1228321,9.885348
1760988296058,-1.1688938,1.1371889,9.870992
1760988296061,-1.1688938,1.1324034,9.885348
1760988296063,-1.1641082,1.1419746,9.870992
1760988296066,-1.1641082,1.1557333,9.856635
1760988296068,-1.1778669,1.1706885,9.832706
1760988296070,-1.16351,1.174876,9.81835
1760988296072,-1.1593226,1.174876,9.78485
1760988296075,-1.1641082,1.1796615,9.756136
1760988296077,-1.1778669,1.1892328,9.736994
1760988296079,-1.1922239,1.204188,9.717851
1760988296081,-1.1826526,1.2035898,9.689137
1760988296084,-1.1970096,1.1988041,9.680164
1760988296086,-1.2113664,1.204188,9.670592
1760988296088,-1.2113664,1.2233306,9.646665
1760988296091,-1.2113664,1.2035898,9.6275215
1760988296093,-1.2113664,1.227518,9.622736
1760988296095,-1.2161521,1.2179468,9.603594
1760988296097,-1.2352947,1.218545,9.594023
1760988296099,-1.230509,1.2233306,9.584451
1760988296102,-1.2352947,1.2089736,9.5557375
1760988296104,-1.2496517,1.1994023,9.54138
1760988296106,-1.2406785,1.1850454,9.560523
1760988296108,-1.2311072,1.1844472,9.550952
1760988296111,-1.2358929,1.1796615,9.536594
1760988296113,-1.2167503,1.174876,9.54138
1760988296115,-1.2406785,1.1706885,9.57488
1760988296118,-1.2263216,1.1700903,9.550952
1760988296120,-1.2311072,1.1700903,9.546165
1760988296122,-1.2311072,1.174876,9.546165
1760988296124,-1.2406785,1.1611172,9.5557375
1760988296127,-1.2263216,1.1653047,9.579665
1760988296129,-1.1976078,1.1509477,9.589237
1760988296131,-1.1934203,1.1365907,9.565309
1760988296134,-1.1784651,1.1694921,9.536594
1760988296136,-1.1551352,1.1551352,9.527023
1760988296139,-1.1407782,1.1641082,9.522238
1760988296140,-1.1312069,1.1784651,9.507881
1760988296144,-1.11685,1.1832508,9.498309
1760988296144,-1.1162517,1.2167503,9.474381
1760988296147,-1.0827522,1.2209377,9.479167
1760988296149,-1.0923235,1.2257234,9.474381
1760988296151,-1.0971092,1.2400804,9.450453
1760988296154,-1.1060823,1.2550355,9.46481
1760988296155,-1.1060823,1.274178,9.450453
1760988296158,-1.1108679,1.2837493,9.469596
1760988296160,-1.0917253,1.2783655,9.436096
1760988296162,-1.1252248,1.2837493,9.431311
1760988296164,-1.1485549,1.2939188,9.440882
1760988296167,-1.1437693,1.317847,9.445667
1760988296169,-1.1533405,1.3226327,9.45464
1760988296171,-1.1533405,1.317847,9.4737835
1760988296173,-1.1581261,1.3226327,9.464211
1760988296176,-1.1718849,1.3280165,9.507282
1760988296179,-1.1916257,1.3040884,9.52164
1760988296182,-1.1958131,1.3184453,9.497711
1760988296183,-1.2011969,1.2993027,9.535996
1760988296185,-1.2107682,1.2849457,9.546165
1760988296187,-1.2251252,1.2759727,9.570094
1760988296189,-1.2346965,1.2759727,9.570094
1760988296192,-1.2251252,1.2759727,9.588638
1760988296195,-1.2203395,1.2520444,9.589237
1760988296196,-1.2251252,1.2472588,9.608379
1760988296199,-1.230509,1.2233306,9.61795
1760988296201,-1.244866,1.2233306,9.641879
1760988296203,-1.2400804,1.2089736,9.637094
1760988296205,-1.2496517,1.2089736,9.65145
1760988296208,-1.2544373,1.2089736,9.641879
1760988296210,-1.2406785,1.1706885,9.65145
1760988296213,-1.2406785,1.1754742,9.65145
1760988296222,-1.2215359,1.1611172,9.670592
1760988296222,-1.2263216,1.1563315,9.694521
1760988296223,-1.2263216,1.1563315,9.68495
1760988296223,-1.2023934,1.1467602,9.68495
1760988296223,-1.2167503,1.1419746,9.6993065
1760988296225,-1.1928221,1.1365907,9.71845
1760988296229,-1.1886346,1.1222339,9.732806
1760988296230,-1.1886346,1.1174482,9.742377
1760988296232,-1.1832508,1.1365907,9.76152
1760988296234,-1.1694921,1.1222339,9.775877
1760988296237,-1.1593226,1.1365907,9.794421
1760988296239,-1.1736795,1.1276177,9.808778
1760988296241,-1.1928221,1.1228321,9.823135
1760988296244,-1.1928221,1.1228321,9.847063
1760988296246,-1.1928221,1.1180464,9.851849
1760988296248,-1.2023934,1.1180464,9.870992
1760988296250,-1.2263216,1.1377872,9.885348
1760988296252,-1.2311072,1.1186446,9.890134
1760988296255,-1.2598212,1.1186446,9.875777
1760988296257,-1.2789637,1.1096715,9.895518
1760988296260,-1.288535,1.1048858,9.885947
1760988296262,-1.3076776,1.1048858,9.900304
1760988296264,-1.3076776,1.1096715,9.890733
1760988296266,-1.3268201,1.1006985,9.890733
1760988296269,-1.3268201,1.0815558,9.866804
1760988296271,-1.3316058,1.0767702,9.8428755
1760988296273,-1.3411771,1.0959128,9.823733
1760988296275,-1.3555341,1.0959128,9.823733
1760988296278,-1.3459628,1.0959128,9.795019
1760988296280,-1.3363914,1.1001002,9.785448
1760988296282,-1.3651053,1.1102697,9.76152
1760988296285,-1.3603196,1.119841,9.728021
1760988296287,-1.3459628,1.1240284,9.708878
1760988296289,-1.3405789,1.1431711,9.713663
1760988296291,-1.3363914,1.1431711,9.68495
1760988296293,-1.3405789,1.1623136,9.680164
1760988296297,-1.3501502,1.1670992,9.670592
1760988296299,-1.3070793,1.1760724,9.665807
1760988296301,-1.3070793,1.180858,9.656236
1760988296302,-1.2735798,1.2000005,9.661021
1760988296305,-1.2640085,1.2047862,9.675379
1760988296307,-1.2442678,1.2233306,9.670592
1760988296310,-1.230509,1.218545,9.680164
1760988296312,-1.2203395,1.2329018,9.67478
1760988296314,-1.2065809,1.2233306,9.689137
1760988296316,-1.2107682,1.2329018,9.679565
1760988296319,-1.1730813,1.2179468,9.693923
1760988296321,-1.1491531,1.2179468,9.703494
1760988296323,-1.1587243,1.2179468,9.703494
1760988296326,-1.16351,1.2179468,9.693923
1760988296328,-1.1491531,1.2370893,9.689137
1760988296331,-1.1539388,1.2131611,9.693923
1760988296333,-1.1682956,1.2131611,9.689137
1760988296335,-1.16351,1.2323036,9.67478
1760988296337,-1.1730813,1.227518,9.646067
1760988296339,-1.1874382,1.2323036,9.655638
1760988296341,-1.1682956,1.227518,9.6275215
1760988296344,-1.1874382,1.2323036,9.61795
1760988296346,-1.2017952,1.227518,9.589237
1760988296348,-1.1922239,1.2323036,9.584451
1760988296351,-1.2065809,1.2227324,9.57488
1760988296352,-1.2065809,1.227518,9.550952
1760988296355,-1.2161521,1.2227324,9.54138
1760988296357,-1.2113664,1.2131611,9.546165
1760988296360,-1.2161521,1.2083755,9.579665
1760988296362,-1.2065809,1.2370893,9.5557375
1760988296364,-1.1874382,1.227518,9.522238
1760988296367,-1.1641082,1.2173486,9.488738
1760988296369,-1.1395818,1.2406785,9.455238
1760988296371,-1.1300105,1.2502499,9.455238
1760988296373,-1.1060823,1.2646067,9.440882
1760988296375,-1.1012967,1.2598212,9.426525
1760988296378,-1.1060823,1.274178,9.402596
1760988296380,-1.0869397,1.2975081,9.397811
1760988296382,-1.0630114,1.2975081,9.402596
1760988296384,-1.0534402,1.3166506,9.387642
1760988296387,-1.0677971,1.311865,9.383454
1760988296389,-1.0432707,1.3256238,9.387642
1760988296392,-1.0432707,1.3256238,9.37807
1760988296395,-1.052842,1.326222,9.382855
1760988296396,-1.0480564,1.3208381,9.373882
1760988296400,-1.0624132,1.3310076,9.4019985
1760988296401,-1.0767702,1.3214363,9.406784
1760988296404,-1.0959128,1.3124632,9.435498
1760988296406,-1.1102697,1.2981063,9.436096
1760988296407,-1.1150553,1.288535,9.474381
1760988296410,-1.16351,1.2604194,9.498309
1760988296411,-1.1682956,1.250848,9.546165
1760988296414,-1.1826526,1.227518,9.57488
1760988296416,-1.2113664,1.1940185,9.603594
1760988296419,-1.2209377,1.1946167,9.641879
1760988296421,-1.2598212,1.1515459,9.675379
1760988296423,-1.2646067,1.1569297,9.6993065
1760988296425,-1.2933207,1.1282159,9.737592
1760988296427,-1.2933207,1.1090733,9.780663
1760988296430,-1.3274183,1.076172,9.799805
1760988296432,-1.3609179,1.0624132,9.828519
1760988296434,-1.3561323,1.0576276,9.8428755
1760988296437,-1.3848461,1.0390832,9.876375
1760988296439,-1.3800604,1.0486546,9.890733
1760988296441,-1.3848461,1.0390832,9.900304
1760988296444,-1.3944174,1.0295119,9.91466
1760988296446,-1.3944174,1.0342976,9.909875
1760988296448,-1.3992031,1.015155,9.924232
1760988296451,-1.3944174,1.0199406,9.929018
1760988296453,-1.3842479,1.0534402,9.91466
1760988296455,-1.3704891,1.0336994,9.890733
1760988296457,-1.3746766,1.0576276,9.881161
1760988296460,-1.3746766,1.0576276,9.876375
1760988296462,-1.3507484,1.0719845,9.862019
1760988296464,-1.3507484,1.0719845,9.83809
1760988296466,-1.3316058,1.1048858,9.823733
1760988296469,-1.3316058,1.1096715,9.790234
1760988296471,-1.3220345,1.1192428,9.756734
1760988296473,-1.3124632,1.1288141,9.713663
1760988296476,-1.2981063,1.1425728,9.675379
1760988296478,-1.2789637,1.1569297,9.637094
1760988296480,-1.274178,1.166501,9.61795
1760988296483,-1.2502499,1.1850454,9.57488
1760988296485,-1.2400804,1.1994023,9.560523
1760988296487,-1.2215359,1.1988041,9.522238
1760988296489,-1.1874382,1.2221341,9.503095
1760988296491,-1.1832508,1.2125629,9.469596
1760988296494,-1.14018,1.2215359,9.469596
1760988296496,-1.1353943,1.2167503,9.455238
1760988296498,-1.1306087,1.2311072,9.416953
1760988296500,-1.1162517,1.2454642,9.416953
1760988296503,-1.1060823,1.2646067,9.42174
1760988296505,-1.1060823,1.2687942,9.393025
1760988296507,-1.096511,1.2640085,9.407382
1760988296509,-1.1060823,1.2640085,9.402596
1760988296512,-1.096511,1.2783655,9.416953
1760988296514,-1.1108679,1.2640085,9.38824
1760988296516,-1.1108679,1.274178,9.38824
1760988296518,-1.1156535,1.2981063,9.397811
1760988296520,-1.105484,1.3076776,9.407382
1760988296523,-1.1150553,1.3076776,9.436096
1760988296525,-1.1108679,1.2933207,9.426525
1760988296527,-1.134198,1.3124632,9.459426
1760988296530,-1.119841,1.3172488,9.45464
1760988296532,-1.119841,1.3076776,9.468997
1760988296535,-1.1437693,1.2987045,9.469596
1760988296536,-1.1294123,1.3082758,9.507282
1760988296538,-1.1294123,1.3034902,9.52164
1760988296541,-1.1102697,1.302892,9.526425
1760988296543,-1.1246266,1.3130615,9.540782
1760988296546,-1.1102697,1.2837493,9.550353
1760988296548,-1.1060823,1.2646067,9.564711
1760988296551,-1.1108679,1.2550355,9.598209
1760988296553,-1.1012967,1.2598212,9.598209
1760988296555,-1.096511,1.2646067,9.6173525
1760988296557,-1.0917253,1.2598212,9.669994
1760988296561,-1.082154,1.2598212,9.655638
1760988296561,-1.082154,1.2598212,9.665209
1760988296564,-1.096511,1.2556337,9.698709
1760988296566,-1.0863415,1.2604194,9.713065
1760988296568,-1.096511,1.2317054,9.693923
1760988296572,-1.096511,1.2077773,9.727423
1760988296573,-1.1012967,1.2221341,9.713065
1760988296575,-1.1204392,1.2077773,9.717851
1760988296578,-1.1162517,1.198206,9.722636
1760988296580,-1.1491531,1.1988041,9.713065
1760988296582,-1.14018,1.1934203,9.698709
1760988296585,-1.1449656,1.1934203,9.689137
1760988296587,-1.1641082,1.1700903,9.68495
1760988296588,-1.1641082,1.160519,9.675379
1760988296591,-1.2071791,1.1796615,9.632308
1760988296593,-1.1976078,1.174876,9.632308
1760988296595,-1.2071791,1.1700903,9.622736
1760988296597,-1.2167503,1.1796615,9.608379
1760988296600,-1.2263216,1.146162,9.589237
1760988296602,-1.2311072,1.160519,9.5557375
1760988296604,-1.2311072,1.1653047,9.5557375
1760988296606,-1.2358929,1.1796615,9.54138
1760988296609,-1.2502499,1.1850454,9.513265
1760988296611,-1.2263216,1.1700903,9.498908
1760988296613,-1.2263216,1.1796615,9.498908
1760988296615,-1.2311072,1.2035898,9.460623
1760988296618,-1.2071791,1.1940185,9.460623
1760988296620,-1.2119647,1.2083755,9.446265
1760988296622,-1.2119647,1.1988041,9.460623
1760988296625,-1.2119647,1.2083755,9.446265
1760988296627,-1.2023934,1.1790633,9.446265
1760988296629,-1.2071791,1.2131611,9.450453
1760988296631,-1.2113664,1.2227324,9.445667
1760988296634,-1.1970096,1.2269198,9.460024
1760988296636,-1.2161521,1.227518,9.498309
1760988296638,-1.2161521,1.2418749,9.531809
1760988296641,-1.2017952,1.2323036,9.536594
1760988296642,-1.2065809,1.2418749,9.570094
1760988296645,-1.2155539,1.2424731,9.598808
1760988296647,-1.2113664,1.2329018,9.6275215
1760988296650,-1.2155539,1.2472588,9.622736
1760988296652,-1.2107682,1.2376875,9.660423
1760988296654,-1.2113664,1.2233306,9.689137
1760988296656,-1.2299109,1.2329018,9.693923
1760988296659,-1.2161521,1.2137593,9.70828
1760988296661,-1.2299109,1.2233306,9.703494
1760988296664,-1.2394822,1.2233306,9.713065
1760988296666,-1.2346965,1.2233306,9.713065
1760988296669,-1.2544373,1.2095718,9.670592
1760988296670,-1.2640085,1.2047862,9.670592
1760988296672,-1.2687942,1.1952149,9.632308
1760988296675,-1.2975081,1.1904292,9.61795
1760988296677,-1.3310076,1.1814562,9.603594
1760988296679,-1.3453646,1.1814562,9.589835
1760988296682,-1.3555341,1.1527423,9.604192
1760988296684,-1.3363914,1.1527423,9.62812
1760988296686,-1.3214363,1.1623136,9.641879
1760988296688,-1.302892,1.1425728,9.656236
1760988296691,-1.274178,1.1377872,9.675379
1760988296693,-1.2550355,1.1611172,9.680164
1760988296696,-1.2352947,1.1706885,9.704092
1760988296698,-1.230509,1.1754742,9.708878
1760988296699,-1.2071791,1.1659029,9.708878
1760988296702,-1.2023934,1.1659029,9.723235
1760988296704,-1.1976078,1.1653047,9.708878
1760988296706,-1.1880364,1.174876,9.694521
1760988296709,-1.1970096,1.1994023,9.70828
1760988296711,-1.1922239,1.2083755,9.684352
1760988296714,-1.1874382,1.2179468,9.684352
1760988296715,-1.2161521,1.2233306,9.689137
1760988296718,-1.2113664,1.218545,9.679565
1760988296720,-1.2155539,1.2472588,9.67478
1760988296722,-1.2203395,1.2472588,9.684352
1760988296725,-1.2197413,1.2711871,9.698709
1760988296727,-1.2149557,1.2711871,9.703494
1760988296729,-1.2011969,1.2664014,9.70828
1760988296732,-1.2005987,1.2807583,9.722636
1760988296734,-1.1910275,1.2903296,9.727423
1760988296736,-1.1910275,1.2999009,9.698709
1760988296738,-1.1862419,1.3046865,9.713065
1760988296740,-1.1670992,1.3184453,9.693923
1760988296743,-1.1766706,1.3238292,9.698709
1760988296745,-1.1718849,1.308874,9.679565
1760988296747,-1.1766706,1.3280165,9.646067
1760988296750,-1.1718849,1.3328022,9.622138
1760988296753,-1.1670992,1.3184453,9.631709
1760988296754,-1.1670992,1.3184453,9.607781
1760988296756,-1.1718849,1.3280165,9.607781
1760988296758,-1.1718849,1.3280165,9.593424
1760988296761,-1.1623136,1.3328022,9.598209
1760988296764,-1.180858,1.3567305,9.574282
1760988296766,-1.1910275,1.3375878,9.574282
1760988296767,-1.1958131,1.3280165,9.602996
1760988296770,-1.2191432,1.3334004,9.602996
1760988296772,-1.2149557,1.3094722,9.622138
1760988296774,-1.21017,1.3094722,9.631709
1760988296776,-1.238884,1.3094722,9.646067
1760988296779,-1.2394822,1.2711871,9.646067
1760988296781,-1.2484552,1.2765709,9.646067
1760988296783,-1.2675978,1.2765709,9.665209
1760988296786,-1.268196,1.2574283,9.669994
1760988296788,-1.2873386,1.2239288,9.704092
1760988296790,-1.2921243,1.2095718,9.708878
1760988296792,-1.311865,1.1862419,9.71845
1760988296795,-1.3310076,1.1766706,9.756734
1760988296797,-1.3453646,1.1629118,9.775877
1760988296799,-1.3597214,1.1437693,9.790234
1760988296801,-1.3645071,1.1437693,9.809377
1760988296804,-1.3645071,1.134198,9.818948
1760988296807,-1.3980067,1.1347961,9.814162
1760988296808,-1.4123635,1.1204392,9.818948
1760988296811,-1.4171492,1.1300105,9.823733
1760988296813,-1.4219348,1.1204392,9.8428755
1760988296815,-1.3986049,1.1060823,9.818948
1760988296818,-1.393221,1.1252248,9.804591
1760988296821,-1.3836497,1.1150553,9.814162
1760988296823,-1.3698909,1.1102697,9.790234
1760988296824,-1.3746766,1.1102697,9.756734
1760988296827,-1.3549358,1.134198,9.728021
1760988296829,-1.3507484,1.1288141,9.737592
1760988296831,-1.3549358,1.1431711,9.713663
1760988296834,-1.3357933,1.1575279,9.675379
1760988296836,-1.3070793,1.1712867,9.661021
1760988296838,-1.3166506,1.180858,9.632308
1760988296840,-1.3214363,1.1856437,9.594023
1760988296843,-1.3022938,1.2095718,9.560523
1760988296845,-1.2735798,1.2233306,9.536594
1760988296847,-1.2831511,1.2281163,9.512667
1760988296849,-1.2640085,1.2424731,9.488738
1760988296852,-1.2634103,1.2616158,9.479167
1760988296854,-1.253839,1.2759727,9.460024
1760988296856,-1.253839,1.2759727,9.445667
1760988296858,-1.2442678,1.2993027,9.431311
1760988296861,-1.2490535,1.2903296,9.431311
1760988296864,-1.2490535,1.2993027,9.416953
1760988296866,-1.2394822,1.294517,9.440882
1760988296868,-1.2346965,1.294517,9.440882
1760988296870,-1.2251252,1.2993027,9.445667
1760988296872,-1.2293127,1.3232309,9.455238
1760988296874,-1.224527,1.308874,9.46481
1760988296876,-1.2340983,1.3094722,9.503095
1760988296879,-1.2436695,1.3286148,9.503095
1760988296881,-1.238884,1.3142579,9.517452
1760988296883,-1.2340983,1.3094722,9.522238
1760988296886,-1.2628121,1.2999009,9.5557375
1760988296888,-1.2484552,1.2999009,9.583853
1760988296890,-1.2580265,1.2813566,9.607781
1760988296892,-1.2484552,1.2855439,9.612567
1760988296894,-1.2532408,1.2813566,9.626924
1760988296897,-1.253839,1.2526426,9.655638
1760988296899,-1.2442678,1.2664014,9.665209
1760988296901,-1.2634103,1.2574283,9.679565
1760988296904,-1.2777673,1.247857,9.689137
1760988296906,-1.2729816,1.2191432,9.68495
1760988296908,-1.2640085,1.2095718,9.68495
1760988296911,-1.2592229,1.2047862,9.68495
1760988296912,-1.2687942,1.2095718,9.694521
1760988296915,-1.2592229,1.1952149,9.675379
1760988296918,-1.2544373,1.1802598,9.670592
1760988296920,-1.2592229,1.1754742,9.670592
1760988296922,-1.2400804,1.1754742,9.661021
1760988296924,-1.2454642,1.1563315,9.656236
1760988296927,-1.2263216,1.1467602,9.637094
1760988296929,-1.2364911,1.1324034,9.622736
1760988296931,-1.2406785,1.1515459,9.641879
1760988296933,-1.2311072,1.1371889,9.6275215
1760988296936,-1.2125629,1.1318051,9.613165
1760988296938,-1.2269198,1.1413764,9.594023
1760988296940,-1.1832508,1.1557333,9.594023
1760988296942,-1.183849,1.1312069,9.579665
1760988296945,-1.1742777,1.1407782,9.570094
1760988296947,-1.1832508,1.1599208,9.560523
1760988296949,-1.1742777,1.1599208,9.565309
1760988296952,-1.1593226,1.1742777,9.579665
1760988296955,-1.1641082,1.1599208,9.598808
1760988296956,-1.1784651,1.1599208,9.589237
1760988296959,-1.1593226,1.1934203,9.579665
1760988296961,-1.1880364,1.1653047,9.589237
1760988296963,-1.1976078,1.1796615,9.598808
1760988296966,-1.1928221,1.1892328,9.622736
1760988296968,-1.2071791,1.1653047,9.6275215
1760988296970,-1.2263216,1.1706885,9.637094
1760988296972,-1.2311072,1.1659029,9.65145
1760988296974,-1.2358929,1.1659029,9.670592
1760988296976,-1.2687942,1.1760724,9.675379
1760988296979,-1.2735798,1.1712867,9.68495
1760988296982,-1.2933207,1.1425728,9.670592
1760988296984,-1.3076776,1.1425728,9.670592
1760988296986,-1.3220345,1.1431711,9.68495
1760988296988,-1.3357933,1.1527423,9.675379
1760988296991,-1.3411771,1.1144571,9.680762
1760988296992,-1.3698909,1.1294123,9.680762
1760988296994,-1.3603196,1.1288141,9.671191
1760988296997,-1.3657036,1.090529,9.661619
1760988296999,-1.3794622,1.1048858,9.632906
1760988297001,-1.3698909,1.1192428,9.632906
1760988297004,-1.3698909,1.1096715,9.613763
1760988297006,-1.3752748,1.1001002,9.599406
1760988297008,-1.332204,1.1042876,9.589835
1760988297011,-1.332204,1.1186446,9.55155
1760988297013,-1.3268201,1.1330016,9.532407
1760988297016,-1.3220345,1.1377872,9.503694
1760988297018,-1.3076776,1.1473584,9.503694
1760988297020,-1.288535,1.1611172,9.470194
1760988297022,-1.2646067,1.160519,9.451052
1760988297024,-1.2502499,1.1796615,9.431909
1760988297027,-1.2215359,1.2035898,9.436694
1760988297030,-1.1976078,1.2029916,9.427123
1760988297032,-1.1832508,1.1934203,9.446265
1760988297034,-1.1736795,1.2173486,9.479167
1760988297036,-1.1587243,1.2364911,9.4839525
1760988297037,-1.1204392,1.2502499,9.512667
1760988297039,-1.1012967,1.2454642,9.503095
1760988297042,-1.1012967,1.2406785,9.517452
1760988297044,-1.0773684,1.2598212,9.550353
1760988297047,-1.0534402,1.2687942,9.579067
1760988297049,-1.052842,1.2879368,9.579067
1760988297051,-1.0241281,1.2927225,9.622138
1760988297054,-1.0001999,1.3022938,9.631111
1760988297056,-0.9954142,1.2975081,9.635897
1760988297059,-0.9768698,1.2921243,9.65504
1760988297062,-0.9816555,1.2873386,9.659825
1760988297064,-0.9667004,1.3064811,9.683753
1760988297065,-0.9906286,1.2975081,9.669396
1760988297068,-0.9954142,1.3214363,9.659825
1760988297070,-1.0097711,1.3166506,9.659825
1760988297072,-1.0193424,1.3214363,9.640682
1760988297075,-1.0235299,1.3357933,9.65504
1760988297076,-1.0331012,1.3310076,9.640682
1760988297079,-1.061815,1.3363914,9.602996
1760988297081,-1.0713863,1.3316058,9.593424
1760988297083,-1.0863415,1.3172488,9.555139
1760988297086,-1.0815558,1.3316058,9.535996
1760988297088,-1.0959128,1.3268201,9.497711
1760988297090,-1.1001002,1.3459628,9.468997
1760988297092,-1.1006985,1.3411771,9.449855
1760988297095,-1.105484,1.3363914,9.421141
1760988297097,-1.119841,1.3220345,9.397811
1760988297099,-1.1150553,1.3459628,9.373882
1760988297101,-1.1150553,1.3220345,9.349955
1760988297104,-1.105484,1.3310076,9.326026
1760988297106,-1.119841,1.3268201,9.32124
1760988297109,-1.1102697,1.3220345,9.340384
1760988297110,-1.1006985,1.311865,9.335598
1760988297113,-1.1006985,1.3214363,9.345169
1760988297115,-1.0959128,1.3214363,9.369097
1760988297117,-1.1150553,1.3172488,9.397811
1760988297119,-1.1150553,1.302892,9.42174
1760988297122,-1.119841,1.2933207,9.455238
1760988297124,-1.1150553,1.2981063,9.492926
1760988297127,-1.1389836,1.3034902,9.531211
1760988297128,-1.1485549,1.3082758,9.555139
1760988297130,-1.1629118,1.2993027,9.602996
1760988297133,-1.1724831,1.2897314,9.636495
1760988297135,-1.1958131,1.2999009,9.689137
1760988297138,-1.21017,1.2807583,9.703494
1760988297140,-1.2197413,1.2664014,9.722636
1760988297142,-1.2299109,1.2526426,9.756136
1760988297145,-1.2628121,1.2526426,9.7609215
1760988297146,-1.2723835,1.2484552,9.780065
1760988297149,-1.2729816,1.238884,9.794421
1760988297151,-1.2921243,1.224527,9.803992
1760988297153,-1.3016955,1.2005987,9.808778
1760988297155,-1.3256238,1.1964114,9.799805
1760988297158,-1.3160524,1.1910275,9.81835
1760988297159,-1.3351951,1.1916257,9.814162
1760988297162,-1.3447664,1.1772687,9.799805
1760988297164,-1.3692927,1.1581261,9.790234
1760988297166,-1.3836497,1.1587243,9.804591
1760988297168,-1.3830515,1.16351,9.799805
1760988297171,-1.3836497,1.1443675,9.809377
1760988297173,-1.393221,1.1347961,9.823733
1760988297175,-1.378864,1.134198,9.823733
1760988297177,-1.3740784,1.119841,9.823733
1760988297181,-1.3746766,1.0959128,9.814162
1760988297182,-1.3740784,1.1150553,9.814162
1760988297184,-1.3603196,1.0959128,9.795019
1760988297186,-1.3316058,1.090529,9.790234
1760988297189,-1.3172488,1.0857433,9.799805
1760988297191,-1.2987045,1.076172,9.804591
1760988297193,-1.2891332,1.0755738,9.804591
1760988297196,-1.2987045,1.0713863,9.814162
1760988297198,-1.265205,1.0707881,9.814162
1760988297200,-1.2699906,1.0660025,9.799805
1760988297203,-1.2795619,1.0851451,9.799805
1760988297205,-1.2604194,1.0755738,9.83809
1760988297207,-1.2460624,1.0947163,9.814162
1760988297210,-1.2550355,1.1138589,9.823733
1760988297212,-1.2550355,1.1042876,9.814162
1760988297214,-1.274178,1.1090733,9.804591
1760988297216,-1.2454642,1.1186446,9.785448
1760988297219,-1.2646067,1.1425728,9.780663
1760988297221,-1.2646067,1.1473584,9.771091
1760988297223,-1.2831511,1.1617154,9.751948
1760988297226,-1.2693924,1.1473584,9.747163
1760988297229,-1.2789637,1.1473584,9.728021
1760988297231,-1.2789637,1.1521441,9.689735
1760988297233,-1.2693924,1.1617154,9.670592
1760988297235,-1.2550355,1.1706885,9.656236
1760988297237,-1.2783655,1.1712867,9.641879
1760988297239,-1.2640085,1.189831,9.608379
1760988297242,-1.2687942,1.1850454,9.594023
1760988297244,-1.2544373,1.189831,9.57488
1760988297247,-1.2687942,1.1946167,9.5557375
1760988297249,-1.2592229,1.218545,9.550952
1760988297251,-1.2400804,1.218545,9.531809
1760988297253,-1.2544373,1.2424731,9.503095
1760988297255,-1.244866,1.2233306,9.512667
1760988297257,-1.2352947,1.2370893,9.488738
1760988297259,-1.2251252,1.2610176,9.474381
1760988297262,-1.2065809,1.2610176,9.460024
1760988297264,-1.2155539,1.2705889,9.445667
1760988297266,-1.1916257,1.2747762,9.416953
1760988297268,-1.1778669,1.2699906,9.436096
1760988297271,-1.1724831,1.2843475,9.431311
1760988297273,-1.1581261,1.2987045,9.445667
1760988297276,-1.1294123,1.302892,9.460024
1760988297278,-1.1006985,1.3076776,9.440284
1760988297280,-1.0719845,1.311865,9.45464
1760988297282,-1.0671989,1.3214363,9.464211
1760988297285,-1.0624132,1.3022938,9.483355
1760988297287,-1.0241281,1.3214363,9.507282
1760988297289,-0.9954142,1.3208381,9.516854
1760988297291,-0.9762716,1.3304094,9.535996
1760988297294,-0.971486,1.3304094,9.549755
1760988297297,-0.9810573,1.3256238,9.559326
1760988297299,-0.9810573,1.3304094,9.583255
1760988297301,-0.98584294,1.3304094,9.564112
1760988297303,-0.9810573,1.3160524,9.583255
1760988297305,-0.9954142,1.3160524,9.592826
1760988297308,-1.0193424,1.3166506,9.579067
1760988297310,-1.0145568,1.326222,9.58804
1760988297312,-1.038485,1.3214363,9.602996
1760988297314,-1.0480564,1.302892,9.6173525
1760988297316,-1.0719845,1.2933207,9.626924
1760988297318,-1.0719845,1.302892,9.607781
1760988297321,-1.0959128,1.2939188,9.636495
1760988297323,-1.1006985,1.2699906,9.6173525
1760988297325,-1.1102697,1.2699906,9.612567
1760988297328,-1.1108679,1.265205,9.607781
1760988297330,-1.1300105,1.2460624,9.602996
1760988297332,-1.1252248,1.2412767,9.602996
1760988297334,-1.1108679,1.2263216,9.570094
1760988297337,-1.1300105,1.2364911,9.579665
1760988297339,-1.1300105,1.2460624,9.569496
1760988297341,-1.1353943,1.2173486,9.57488
1760988297343,-1.1395818,1.2221341,9.565309
1760988297346,-1.1395818,1.2364911,9.54138
1760988297348,-1.1395818,1.2269198,9.550952
1760988297350,-1.1491531,1.2364911,9.527023
1760988297352,-1.1395818,1.2412767,9.550952
1760988297355,-1.1491531,1.2556337,9.564711
1760988297358,-1.1587243,1.2412767,9.579665
1760988297360,-1.1682956,1.2370893,9.584451
1760988297362,-1.1539388,1.2460624,9.593424
1760988297364,-1.1491531,1.250848,9.622138
1760988297366,-1.1485549,1.2562319,9.660423
1760988297368,-1.1485549,1.2705889,9.684352
1760988297371,-1.1581261,1.2753744,9.717851
1760988297373,-1.1581261,1.2705889,9.75135
1760988297376,-1.1772687,1.2711871,9.7609215
1760988297378,-1.1820544,1.2568301,9.808778
1760988297381,-1.1958131,1.2807583,9.817751
1760988297383,-1.2149557,1.247857,9.870992
1760988297385,-1.224527,1.2430713,9.894321
1760988297387,-1.2580265,1.238884,9.875777
1760988297389,-1.2723835,1.2340983,9.923634
1760988297391,-1.2819548,1.224527,9.9140625
1760988297393,-1.3064811,1.2107682,9.909277
1760988297396,-1.3208381,1.2011969,9.918848
1760988297398,-1.3399807,1.1916257,9.894919
1760988297400,-1.3447664,1.1772687,9.909277
1760988297403,-1.3591232,1.1581261,9.885947
1760988297405,-1.3645071,1.134198,9.881161
1760988297407,-1.393221,1.1443675,9.857233
1760988297409,-1.3836497,1.1300105,9.866804
1760988297412,-1.4027922,1.1395818,9.8524475
1760988297414,-1.4123635,1.1204392,9.818948
1760988297416,-1.4129617,1.1012967,9.818948
1760988297419,-1.4123635,1.1252248,9.785448
1760988297421,-1.393221,1.1347961,9.785448
1760988297423,-1.4219348,1.1443675,9.742377
1760988297426,-1.393221,1.1485549,9.732806
1760988297428,-1.3836497,1.1485549,9.713663
1760988297431,-1.3740784,1.1389836,9.680762
1760988297433,-1.3453646,1.1527423,9.656236
1760988297435,-1.3166506,1.166501,9.65145
1760988297436,-1.311865,1.1760724,9.632308
1760988297439,-1.2831511,1.1904292,9.603594
1760988297441,-1.2640085,1.1946167,9.594023
1760988297443,-1.2592229,1.2137593,9.589237
1760988297446,-1.2592229,1.2233306,9.579665
1760988297448,-1.2442678,1.2376875,9.579665
1760988297450,-1.2251252,1.2472588,9.57488
1760988297453,-1.1964114,1.2562319,9.550952
1760988297455,-1.1964114,1.2897314,9.531809
1760988297457,-1.2005987,1.3040884,9.526425
1760988297459,-1.2053844,1.308874,9.531211
1760988297461,-1.2005987,1.3280165,9.526425
1760988297464,-1.1862419,1.3280165,9.550353
1760988297466,-1.2053844,1.3375878,9.540782
1760988297468,-1.21017,1.3184453,9.5455675
1760988297471,-1.1958131,1.3375878,9.5455675
1760988297473,-1.1958131,1.3375878,9.569496
1760988297475,-1.2053844,1.3190435,9.593424
1760988297477,-1.2005987,1.3136597,9.588638
1760988297479,-1.1958131,1.3184453,9.593424
1760988297482,-1.1910275,1.308874,9.607781
1760988297484,-1.1766706,1.2993027,9.612567
1760988297486,-1.1862419,1.2993027,9.631709
1760988297489,-1.1772687,1.2705889,9.622138
1760988297491,-1.1820544,1.2658032,9.636495
1760988297493,-1.1916257,1.2658032,9.626924
1760988297495,-1.1874382,1.2323036,9.622736
1760988297497,-1.1922239,1.2370893,9.64128
1760988297500,-1.1874382,1.2323036,9.646067
1760988297502,-1.1874382,1.227518,9.650852
1760988297504,-1.1730813,1.1988041,9.646665
1760988297507,-1.1922239,1.1940185,9.65145
1760988297509,-1.1874382,1.2035898,9.641879
1760988297511,-1.1880364,1.1844472,9.665807
1760988297515,-1.1832508,1.1844472,9.661021
1760988297517,-1.1928221,1.174876,9.665807
1760988297520,-1.1928221,1.174876,9.670592
1760988297522,-1.1928221,1.1844472,9.68495
1760988297524,-1.2071791,1.1557333,9.665807
1760988297525,-1.2119647,1.1467602,9.680164
1760988297528,-1.2358929,1.1515459,9.708878
1760988297531,-1.2406785,1.1467602,9.723235
1760988297532,-1.2454642,1.1515459,9.723235
1760988297535,-1.2550355,1.1228321,9.6993065
1760988297536,-1.274178,1.1521441,9.723235
1760988297538,-1.274178,1.1330016,9.728021
1760988297540,-1.288535,1.1234303,9.742377
1760988297543,-1.2789637,1.1330016,9.723235
1760988297546,-1.2795619,1.1042876,9.742377
1760988297548,-1.2981063,1.1234303,9.728021
1760988297550,-1.2981063,1.1138589,9.71845
1760988297553,-1.2987045,1.099502,9.737592
1760988297556,-1.2981063,1.1090733,9.723235
1760988297557,-1.2789637,1.1138589,9.708878
1760988297559,-1.2843475,1.099502,9.685548
1760988297562,-1.288535,1.1234303,9.680164
1760988297565,-1.2837493,1.1282159,9.646665
1760988297566,-1.274178,1.1324034,9.608977
1760988297568,-1.274178,1.1515459,9.58505
1760988297571,-1.2598212,1.1611172,9.556335
1760988297573,-1.2550355,1.1850454,9.522238
1760988297575,-1.2311072,1.1988041,9.479167
1760988297578,-1.230509,1.2131611,9.460024
1760988297580,-1.1970096,1.2269198,9.440882
1760988297582,-1.1922239,1.2364911,9.402596
1760988297585,-1.1922239,1.2699906,9.364311
1760988297587,-1.1539388,1.2933207,9.335598
1760988297589,-1.1300105,1.302892,9.316455
1760988297591,-1.1246266,1.3172488,9.32124
1760988297594,-1.0863415,1.3357933,9.302098
1760988297596,-1.0671989,1.3351951,9.287741
1760988297598,-1.0719845,1.3645071,9.287741
1760988297600,-1.038485,1.3830515,9.263215
1760988297602,-1.0474582,1.3830515,9.287143
1760988297604,-1.0091729,1.402194,9.287143
1760988297606,-0.99003035,1.4015958,9.301499
1760988297609,-0.98524475,1.4159528,9.301499
1760988297612,-0.99960166,1.416551,9.358928
1760988297614,-1.0139586,1.402194,9.4019985
1760988297616,-1.0187442,1.3974084,9.440284
1760988297619,-1.0378869,1.393221,9.483355
1760988297621,-1.0277174,1.3980067,9.525827
1760988297623,-1.0331012,1.3884354,9.5353985
1760988297625,-1.0187442,1.3980067,9.5353985
1760988297627,-1.0187442,1.393221,9.54497
1760988297630,-1.0468599,1.3980067,9.516255
1760988297632,-1.0707881,1.3842479,9.540184
1760988297635,-1.0803595,1.3986049,9.530613
1760988297636,-1.1090733,1.3800604,9.540782
1760988297639,-1.1186446,1.3752748,9.531211
1760988297641,-1.1330016,1.3800604,9.531211
1760988297643,-1.1282159,1.3752748,9.526425
1760988297646,-1.1431711,1.3561323,9.512068
1760988297647,-1.1431711,1.3369896,9.507282
1760988297649,-1.1814562,1.3567305,9.507282
1760988297652,-1.1718849,1.3274183,9.492926
1760988297653,-1.1670992,1.3519448,9.502497
1760988297656,-1.1814562,1.3184453,9.483355
1760988297660,-1.1862419,1.3184453,9.502497
1760988297660,-1.2251252,1.2897314,9.512667
1760988297663,-1.224527,1.3238292,9.512068
1760988297665,-1.2293127,1.3094722,9.522238
1760988297668,-1.238884,1.3094722,9.54138
1760988297671,-1.238884,1.2999009,9.569496
1760988297673,-1.2723835,1.2957134,9.57488
1760988297674,-1.2723835,1.2957134,9.607781
1760988297676,-1.2915261,1.2861422,9.61795
1760988297679,-1.3010973,1.2963116,9.646067
1760988297682,-1.3196417,1.3010973,9.660423
1760988297683,-1.3202399,1.2675978,9.679565
1760988297686,-1.3441681,1.2586247,9.6993065
1760988297688,-1.358525,1.268196,9.741779
1760988297690,-1.358525,1.268196,9.765707
1760988297692,-1.387239,1.244866,9.775279
1760988297695,-1.3920245,1.2400804,9.803992
1760988297697,-1.4111671,1.2400804,9.81835
1760988297699,-1.4015958,1.2257234,9.81835
1760988297702,-1.4207385,1.2119647,9.847662
1760988297703,-1.4255241,1.2167503,9.861421
1760988297706,-1.4303098,1.1928221,9.8428755
1760988297708,-1.4685949,1.183849,9.857233
1760988297711,-1.4548361,1.1593226,9.862019
1760988297714,-1.4500505,1.14018,9.8524475
1760988297716,-1.4644074,1.1449656,9.847662
1760988297717,-1.4596218,1.1353943,9.8524475
1760988297719,-1.4458631,1.1210374,9.8428755
1760988297722,-1.4362918,1.1353943,9.862019
1760988297724,-1.4267205,1.1300105,9.8428755
1760988297726,-1.4123635,1.1252248,9.8428755
1760988297729,-1.4075779,1.1395818,9.823733
1760988297732,-1.4171492,1.1204392,9.8428755
1760988297734,-1.3980067,1.1252248,9.818948
1760988297736,-1.378864,1.134198,9.818948
1760988297737,-1.3603196,1.119841,9.790234
1760988297740,-1.3597214,1.1246266,9.790234
1760988297743,-1.3501502,1.1294123,9.785448
1760988297746,-1.3549358,1.1294123,9.756734
1760988297748,-1.3549358,1.1389836,9.766306
1760988297749,-1.3692927,1.134198,9.742377
1760988297752,-1.3549358,1.1383854,9.708878
1760988297753,-1.3549358,1.1431711,9.6993065
1760988297756,-1.3692927,1.1581261,9.708878
1760988297758,-1.3549358,1.1527423,9.694521
1760988297760,-1.3597214,1.1623136,9.65145
1760988297762,-1.3597214,1.1623136,9.670592
1760988297765,-1.3549358,1.1718849,9.65145
1760988297767,-1.3453646,1.1670992,9.632308
1760988297769,-1.3549358,1.1575279,9.613763
1760988297772,-1.3357933,1.1910275,9.589237
1760988297774,-1.3405789,1.1670992,9.589835
1760988297777,-1.3076776,1.166501,9.570692
1760988297778,-1.3076776,1.166501,9.556335
1760988297781,-1.3022938,1.1904292,9.541979
1760988297784,-1.2927225,1.1856437,9.532407
1760988297787,-1.2783655,1.1994023,9.517452
1760988297788,-1.2592229,1.2089736,9.503095
1760988297790,-1.2592229,1.2137593,9.517452
1760988297793,-1.244866,1.2424731,9.503095
1760988297795,-1.244866,1.2424731,9.469596
1760988297797,-1.2400804,1.2466606,9.46481
1760988297799,-1.2400804,1.2514462,9.474381
1760988297801,-1.2442678,1.2711871,9.460024
1760988297804,-1.2251252,1.294517,9.46481
1760988297806,-1.2251252,1.2897314,9.436096
1760988297809,-1.2346965,1.2993027,9.440882
1760988297811,-1.224527,1.3232309,9.426525
1760988297813,-1.224527,1.3184453,9.440882
1760988297816,-1.2197413,1.3136597,9.436096
1760988297818,-1.2005987,1.3328022,9.440882
1760988297821,-1.1910275,1.3232309,9.445667
1760988297823,-1.1814562,1.3369896,9.440882
1760988297825,-1.1814562,1.3274183,9.436096
1760988297827,-1.1575279,1.3369896,9.440284
1760988297829,-1.1533405,1.3274183,9.449855
1760988297831,-1.1383854,1.332204,9.45464
1760988297833,-1.1294123,1.3268201,9.445069
1760988297836,-1.119841,1.3316058,9.445069
1760988297838,-1.0959128,1.3268201,9.449855
1760988297840,-1.0767702,1.311865,9.440284
1760988297842,-1.0725827,1.2975081,9.468997
1760988297845,-1.0671989,1.326222,9.468997
1760988297847,-1.0432707,1.311865,9.45464
1760988297849,-1.0241281,1.3208381,9.464211
1760988297852,-1.0289137,1.3310076,9.478569
1760988297854,-1.0049855,1.3256238,9.492926
1760988297856,-1.0103694,1.3112668,9.478569
1760988297858,-1.0199406,1.3064811,9.502497
1760988297861,-1.0007981,1.3064811,9.516854
1760988297863,-1.0241281,1.311865,9.52164
1760988297866,-1.0336994,1.3022938,9.535996
1760988297868,-1.0097711,1.311865,9.550353
1760988297870,-1.015155,1.2879368,9.550353
1760988297871,-1.0199406,1.2927225,9.574282
1760988297874,-1.0193424,1.3070793,9.588638
1760988297877,-1.0671989,1.2933207,9.593424
1760988297879,-1.0767702,1.2837493,9.622138
1760988297882,-1.0815558,1.2789637,9.636495
1760988297884,-1.0911272,1.2843475,9.650852
1760988297885,-1.1246266,1.2939188,9.665209
1760988297888,-1.1527423,1.2993027,9.693923
1760988297891,-1.1335998,1.294517,9.698709
1760988297893,-1.1814562,1.2807583,9.698709
1760988297894,-1.1814562,1.2855439,9.722636
1760988297896,-1.2053844,1.2855439,9.70828
1760988297900,-1.2149557,1.2711871,9.70828
1760988297902,-1.2436695,1.2861422,9.717851
1760988297903,-1.2293127,1.2861422,9.713065
1760988297906,-1.238884,1.2717853,9.717851
1760988297908,-1.2628121,1.2861422,9.717851
1760988297911,-1.2580265,1.2861422,9.689137
1760988297914,-1.2915261,1.2867404,9.67478
1760988297914,-1.2819548,1.2909278,9.669994
1760988297917,-1.2861422,1.3154542,9.660423
1760988297920,-1.2957134,1.3202399,9.64128
1760988297922,-1.3004991,1.3202399,9.622138
1760988297924,-1.3004991,1.314856,9.588638
1760988297927,-1.2861422,1.3196417,9.588638
1760988297929,-1.2669996,1.3339987,9.583853
1760988297931,-1.2765709,1.3339987,9.555139
1760988297933,-1.2669996,1.3531412,9.588638
1760988297935,-1.2669996,1.3339987,9.564711
1760988297937,-1.2526426,1.3334004,9.569496
1760988297940,-1.2430713,1.3429717,9.564711
1760988297942,-1.2340983,1.3190435,9.588638
1760988297944,-1.2293127,1.3094722,9.598209
1760988297947,-1.2382857,1.3334004,9.626924
1760988297948,-1.2293127,1.3094722,9.631709
1760988297951,-1.2436695,1.3100704,9.669994
1760988297953,-1.2293127,1.3046865,9.669994
1760988297955,-1.247857,1.3100704,9.713065
1760988297958,-1.2532408,1.2957134,9.75135
1760988297960,-1.262214,1.3058829,9.780065
1760988297962,-1.2723835,1.2771691,9.803992
1760988297965,-1.2771691,1.2628121,9.81835
1760988297968,-1.3010973,1.2442678,9.870992
1760988297970,-1.3106686,1.253839,9.894919
1760988297972,-1.3154542,1.2346965,9.9140625
1760988297974,-1.3202399,1.2155539,9.923634
1760988297976,-1.3441681,1.2113664,9.947562
1760988297978,-1.3776677,1.2215359,9.97149
1760988297981,-1.3824533,1.2071791,9.966704
1760988297983,-1.3830515,1.1826526,9.947562
1760988297985,-1.402194,1.1784651,9.928419
1760988297988,-1.3974084,1.1736795,9.933205
1760988297989,-1.3926228,1.16351,9.9140625
1760988297991,-1.3878372,1.16351,9.885947
1760988297995,-1.4117653,1.16351,9.862019
1760988297998,-1.4027922,1.1491531,9.823733
1760988297999,-1.3878372,1.1682956,9.785448
1760988298001,-1.3830515,1.1724831,9.747163
1760988298003,-1.3501502,1.1820544,9.713663
1760988298006,-1.3597214,1.1772687,9.675379
1760988298008,-1.3501502,1.1862419,9.61795
1760988298010,-1.3357933,1.2005987,9.560523
1760988298012,-1.3070793,1.2095718,9.522238
1760988298015,-1.2927225,1.2287145,9.498309
1760988298017,-1.2640085,1.218545,9.44148
1760988298019,-1.2544373,1.2418749,9.403194
1760988298022,-1.2203395,1.2753744,9.397811
1760988298024,-1.2155539,1.2849457,9.373882
1760988298027,-1.18684,1.3082758,9.345169
1760988298029,-1.1820544,1.2939188,9.345169
1760988298031,-1.18684,1.317847,9.326026
1760988298034,-1.18684,1.3226327,9.326026
1760988298035,-1.1814562,1.346561,9.326026
1760988298038,-1.1533405,1.3369896,9.349955
1760988298040,-1.1527423,1.3561323,9.35474
1760988298041,-1.1623136,1.346561,9.373882
1760988298044,-1.1670992,1.3609179,9.393025
1760988298046,-1.1814562,1.346561,9.42174
1760988298048,-1.1670992,1.3513466,9.425926
1760988298051,-1.1718849,1.3615161,9.478569
1760988298053,-1.1766706,1.3519448,9.512068
1760988298055,-1.1718849,1.3471591,9.52164
1760988298058,-1.1814562,1.3328022,9.5455675
1760988298060,-1.1766706,1.3232309,9.579067
1760988298063,-1.2005987,1.2999009,9.593424
1760988298064,-1.2005987,1.2999009,9.6173525
1760988298067,-1.1910275,1.3142579,9.646067
1760988298070,-1.2197413,1.2999009,9.660423
1760988298072,-1.238884,1.2717853,9.679565
1760988298075,-1.2340983,1.2759727,9.67478
1760988298076,-1.238884,1.2717853,9.698709
1760988298079,-1.2203395,1.2520444,9.693923
1760988298081,-1.2346965,1.247857,9.713065
1760988298083,-1.2394822,1.2526426,9.727423
1760988298085,-1.2490535,1.2430713,9.732208
1760988298088,-1.2346965,1.2335001,9.717851
1760988298089,-1.2346965,1.2287145,9.727423
1760988298092,-1.2251252,1.2329018,9.703494
1760988298094,-1.2394822,1.2239288,9.717851
1760988298096,-1.2634103,1.2239288,9.70828
1760988298098,-1.2442678,1.2191432,9.741779
1760988298100,-1.2346965,1.2287145,9.741779
1760988298103,-1.2346965,1.2335001,9.727423
1760988298106,-1.2442678,1.2287145,9.722636
1760988298107,-1.2299109,1.2424731,9.722636
1760988298110,-1.2346965,1.2376875,9.713065
1760988298112,-1.2586247,1.2287145,9.722636
1760988298114,-1.2203395,1.2472588,9.722636
1760988298117,-1.2346965,1.2424731,9.713065
1760988298120,-1.2436695,1.262214,9.736994
1760988298122,-1.2394822,1.2430713,9.736994
1760988298125,-1.2299109,1.2430713,9.741779
1760988298127,-1.2346965,1.247857,9.732208
1760988298129,-1.2299109,1.2574283,9.75135
1760988298131,-1.2293127,1.262214,9.741779
1760988298133,-1.2059826,1.2568301,9.756136
1760988298136,-1.2149557,1.2616158,9.7609215
1760988298138,-1.2155539,1.2568301,9.741779
1760988298140,-1.1958131,1.2711871,9.741779
1760988298144,-1.1964114,1.2472588,9.736994
1760988298145,-1.1964114,1.2520444,9.693923
1760988298146,-1.1766706,1.2951152,9.717851
1760988298148,-1.1910275,1.2903296,9.689137
1760988298150,-1.1814562,1.2849457,9.669994
1760988298154,-1.1862419,1.2993027,9.622138
1760988298154,-1.18684,1.2705889,9.598209
1760988298158,-1.21017,1.3142579,9.579067
1760988298159,-1.21017,1.3136597,9.535996
1760988298161,-1.2197413,1.3286148,9.516854
1760988298164,-1.21017,1.3423735,9.455238
1760988298166,-1.238884,1.3423735,9.42174
1760988298168,-1.238884,1.3519448,9.407382
1760988298171,-1.238884,1.3519448,9.38824
1760988298173,-1.238884,1.3519448,9.349955
1760988298175,-1.238884,1.3567305,9.316455
1760988298177,-1.2293127,1.375873,9.292527
1760988298180,-1.2340983,1.375873,9.273384
1760988298182,-1.2430713,1.3950156,9.249456
1760988298184,-1.2191432,1.39023,9.239884
1760988298187,-1.2239288,1.3950156,9.249456
1760988298189,-1.2197413,1.3848461,9.235099
1760988298191,-1.2053844,1.3800604,9.2590275
1760988298193,-1.2143575,1.3998013,9.32124
1760988298196,-1.2143575,1.39023,9.397213
1760988298198,-1.2191432,1.3710874,9.373882
1760988298200,-1.1856437,1.3800604,9.373882
1760988298203,-1.1479566,1.3896317,9.354142
1760988298206,-1.1282159,1.41356,9.406784
1760988298207,-1.1282159,1.4231312,9.425926
1760988298209,-1.1521441,1.41356,9.449855
1760988298212,-1.1611172,1.442872,9.464211
1760988298215,-1.1467602,1.4476577,9.51147
1760988298217,-1.1563315,1.4524434,9.549755
1760988298220,-1.1413764,1.4620147,9.549755
1760988298220,-1.1509477,1.457229,9.554541
1760988298224,-1.1365907,1.4715859,9.597611
1760988298226,-1.146162,1.4524434,9.6071825
1760988298228,-1.174876,1.4482559,9.635897
1760988298230,-1.1659029,1.4243277,9.640682
1760988298233,-1.1946167,1.4195421,9.659825
1760988298234,-1.189831,1.4243277,9.669396
1760988298237,-1.204188,1.4153546,9.688539
1760988298239,-1.2137593,1.4057833,9.688539
1760988298241,-1.218545,1.3914263,9.712467
1760988298244,-1.2376875,1.3866407,9.698111
1760988298246,-1.247857,1.3531412,9.689137
1760988298248,-1.2430713,1.3579268,9.679565
1760988298250,-1.2568301,1.3627125,9.693923
1760988298253,-1.2574283,1.3435699,9.669994
1760988298255,-1.2765709,1.3250256,9.660423
1760988298257,-1.2915261,1.2963116,9.646067
1760988298259,-1.3058829,1.2963116,9.636495
1760988298261,-1.3106686,1.2963116,9.631709
1760988298264,-1.3393825,1.2723835,9.646665
1760988298267,-1.3537394,1.2777673,9.65145
1760988298268,-1.3680964,1.2490535,9.646665
1760988298270,-1.3824533,1.2490535,9.665807
1760988298273,-1.402194,1.2209377,9.670592
1760988298275,-1.4207385,1.244866,9.68495
1760988298277,-1.4213367,1.2113664,9.713663
1760988298280,-1.4548361,1.1976078,9.728021
1760988298282,-1.4638093,1.1928221,9.766306
1760988298285,-1.4781662,1.1886346,9.771091
1760988298287,-1.5026926,1.1742777,9.809377
1760988298289,-1.521237,1.1700903,9.8428755
1760988298291,-1.5218352,1.1509477,9.862019
1760988298293,-1.5409778,1.146162,9.881161
1760988298295,-1.5553347,1.1078769,9.91466
1760988298298,-1.550549,1.1180464,9.943375
1760988298300,-1.5553347,1.1132607,9.938589
1760988298302,-1.5511472,1.0839486,9.957731
1760988298304,-1.5511472,1.0845468,9.972089
1760988298307,-1.5607185,1.0749756,9.976874
1760988298309,-1.5655042,1.07019,9.957731
1760988298311,-1.5421742,1.0456635,9.9344015
1760988298314,-1.5607185,1.0648061,9.920045
1760988298316,-1.5559329,1.0648061,9.900902
1760988298318,-1.5320047,1.0785648,9.867402
1760988298320,-1.541576,1.0785648,9.824331
1760988298323,-1.5128621,1.0833504,9.809975
1760988298325,-1.5224334,1.0977074,9.766904
1760988298327,-1.5128621,1.1018949,9.723833
1760988298329,-1.4841483,1.1162517,9.666406
1760988298332,-1.4889339,1.1497513,9.62812
1760988298334,-1.4458631,1.16351,9.599406
1760988298336,-1.430908,1.1916257,9.546764
1760988298339,-1.3740784,1.2005987,9.508479
1760988298341,-1.3549358,1.2143575,9.470194
1760988298343,-1.3399807,1.262214,9.431909
1760988298345,-1.3064811,1.2711871,9.412766
1760988298348,-1.2777673,1.2951152,9.359526
1760988298350,-1.2777673,1.3094722,9.345169
1760988298353,-1.2484552,1.3328022,9.3308115
1760988298355,-1.2293127,1.3471591,9.306884
1760988298357,-1.21017,1.3800604,9.292527
1760988298359,-1.2053844,1.3848461,9.282955
1760988298362,-1.180858,1.41356,9.292527
1760988298364,-1.1856437,1.4039887,9.292527
1760988298366,-1.1904292,1.4183456,9.282955
1760988298368,-1.1617154,1.4231312,9.301499
1760988298370,-1.1712867,1.4374882,9.296714
1760988298373,-1.189831,1.4374882,9.330214
1760988298375,-1.1617154,1.4327025,9.334999
1760988298378,-1.1754742,1.4470595,9.368499
1760988298380,-1.1706885,1.4422739,9.406784
1760988298382,-1.1754742,1.4231312,9.41157
1760988298384,-1.1850454,1.4380864,9.425926
1760988298386,-1.1952149,1.4045869,9.435498
1760988298389,-1.1856437,1.4141582,9.440284
1760988298391,-1.2095718,1.4045869,9.459426
1760988298393,-1.2095718,1.3854443,9.464211
1760988298395,-1.2191432,1.3812568,9.464211
1760988298398,-1.2239288,1.3669,9.464211
1760988298400,-1.2095718,1.3710874,9.459426
1760988298402,-1.2382857,1.3621143,9.4737835
1760988298404,-1.2287145,1.3573287,9.450453
1760988298407,-1.2293127,1.3567305,9.416953
1760988298409,-1.2197413,1.3567305,9.431311
1760988298411,-1.238884,1.338186,9.426525
1760988298414,-1.2197413,1.3471591,9.397811
1760988298416,-1.21017,1.3423735,9.393025
1760988298418,-1.1910275,1.3663018,9.397811
1760988298420,-1.1910275,1.3471591,9.397811
1760988298422,-1.1862419,1.3561323,9.35474
1760988298425,-1.1712867,1.3800604,9.382855
1760988298427,-1.1527423,1.3704891,9.387642
1760988298429,-1.1240284,1.3746766,9.387642
1760988298432,-1.1001002,1.3698909,9.397213
1760988298434,-1.0857433,1.3986049,9.4019985
1760988298436,-1.0809577,1.3794622,9.435498
1760988298438,-1.0803595,1.4129617,9.449855
1760988298441,-1.061815,1.3980067,9.445069
1760988298443,-1.0564312,1.4219348,9.468399
1760988298445,-1.0468599,1.4171492,9.497113
1760988298448,-1.0660025,1.4081762,9.525827
1760988298450,-1.0755738,1.422533,9.54497
1760988298452,-1.0654043,1.4321043,9.592826
1760988298454,-1.0851451,1.3944174,9.602397
1760988298457,-1.099502,1.4039887,9.626326
1760988298459,-1.1084751,1.4087744,9.664611
1760988298462,-1.1324034,1.4045869,9.693324
1760988298463,-1.1425728,1.3854443,9.702896
1760988298466,-1.1659029,1.3860425,9.745967
1760988298468,-1.2089736,1.3674982,9.779466
1760988298470,-1.2233306,1.3579268,9.80818
1760988298473,-1.2376875,1.3441681,9.846465
1760988298476,-1.2376875,1.3393825,9.856036
1760988298479,-1.2717853,1.3154542,9.889536
1760988298480,-1.3052847,1.3064811,9.91825
1760988298483,-1.314856,1.2873386,9.91825
1760988298484,-1.3429717,1.3022938,9.937392
1760988298487,-1.3435699,1.2783655,9.946963
1760988298489,-1.3531412,1.2831511,9.961321
1760988298491,-1.3627125,1.2592229,9.966704
1760988298494,-1.3674982,1.2496517,9.961919
1760988298496,-1.3722838,1.244866,9.966704
1760988298498,-1.3770695,1.2400804,9.947562
1760988298500,-1.3770695,1.2352947,9.957133
1760988298503,-1.3722838,1.2400804,9.93799
1760988298505,-1.3914263,1.2454642,9.918848
1760988298507,-1.387239,1.2352947,9.890134
1760988298509,-1.3776677,1.244866,9.870992
1760988298512,-1.3674982,1.2544373,9.866206
1760988298514,-1.387239,1.2400804,9.837492
1760988298517,-1.3770695,1.2640085,9.789636
1760988298518,-1.3441681,1.253839,9.780065
1760988298520,-1.3489537,1.253839,9.746565
1760988298522,-1.3154542,1.2532408,9.746565
1760988298525,-1.3010973,1.2675978,9.703494
1760988298527,-1.2915261,1.262214,9.67478
1760988298530,-1.2723835,1.2669996,9.67478
1760988298532,-1.2723835,1.2957134,9.650852
1760988298535,-1.2484552,1.2765709,9.655638
1760988298536,-1.2251252,1.2759727,9.626924
1760988298539,-1.2107682,1.2855439,9.598209
1760988298541,-1.1916257,1.2897314,9.602996
1760988298543,-1.1964114,1.2897314,9.574282
1760988298545,-1.1766706,1.3040884,9.569496
1760988298548,-1.1623136,1.3184453,9.559925
1760988298550,-1.1575279,1.3184453,9.550353
1760988298552,-1.1431711,1.3274183,9.559925
1760988298555,-1.1479566,1.3226327,9.535996
1760988298557,-1.1575279,1.317847,9.535996
1760988298559,-1.1431711,1.3417753,9.526425
1760988298561,-1.1240284,1.3513466,9.512068
1760988298564,-1.1335998,1.3513466,9.516854
1760988298566,-1.1240284,1.346561,9.497711
1760988298568,-1.1383854,1.346561,9.48814
1760988298571,-1.1335998,1.3609179,9.497711
1760988298573,-1.1288141,1.3657036,9.4737835
1760988298575,-1.1240284,1.3752748,9.449855
1760988298577,-1.1335998,1.3657036,9.430713
1760988298580,-1.1330016,1.3896317,9.416355
1760988298582,-1.1234303,1.3986049,9.41157
1760988298584,-1.1377872,1.3992031,9.4019985
1760988298587,-1.1473584,1.4087744,9.406784
1760988298589,-1.1425728,1.4039887,9.387642
1760988298591,-1.1425728,1.4183456,9.387642
1760988298593,-1.1425728,1.4087744,9.37807
1760988298596,-1.1617154,1.4231312,9.358928
1760988298598,-1.1760724,1.4183456,9.373284
1760988298600,-1.1850454,1.4279169,9.358928
1760988298603,-1.1802598,1.4374882,9.354142
1760988298604,-1.1994023,1.4237294,9.37807
1760988298607,-1.2137593,1.4333007,9.363713
1760988298609,-1.1952149,1.4189439,9.392427
1760988298611,-1.2143575,1.4093726,9.4019985
1760988298613,-1.2089736,1.4141582,9.416355
1760988298615,-1.2239288,1.39023,9.421141
1760988298618,-1.2335001,1.3860425,9.445069
1760988298620,-1.247857,1.3764713,9.459426
1760988298622,-1.2520444,1.3956138,9.48814
1760988298624,-1.262214,1.3770695,9.502497
1760988298627,-1.2717853,1.3531412,9.535996
1760988298629,-1.2669996,1.3435699,9.550353
1760988298632,-1.2717853,1.3339987,9.579067
1760988298634,-1.3100704,1.3250256,9.588638
1760988298637,-1.2957134,1.3154542,9.612567
1760988298639,-1.3004991,1.3154542,9.622138
1760988298641,-1.314856,1.3106686,9.64128
1760988298643,-1.314856,1.3106686,9.660423
1760988298645,-1.3298112,1.2771691,9.669994
1760988298647,-1.3250256,1.2628121,9.70828
1760988298649,-1.3298112,1.2490535,9.717851
1760988298651,-1.3393825,1.2442678,9.71845
1760988298655,-1.3304094,1.2251252,9.7609215
1760988298656,-1.3345969,1.2299109,9.780065
1760988298658,-1.3064811,1.2197413,9.803992
1760988298660,-1.3393825,1.2251252,9.803992
1760988298663,-1.3112668,1.2107682,9.837492
1760988298665,-1.3256238,1.2059826,9.847063
1760988298667,-1.3112668,1.2107682,9.856635
1760988298670,-1.3064811,1.1964114,9.880563
1760988298672,-1.3112668,1.1964114,9.894919
1760988298674,-1.3064811,1.2011969,9.909277
1760988298676,-1.3160524,1.2011969,9.909277
1760988298679,-1.3208381,1.2011969,9.918848
1760988298681,-1.3447664,1.2011969,9.904491
1760988298683,-1.3447664,1.2011969,9.899706
1760988298685,-1.3633107,1.230509,9.880563
1760988298688,-1.3686945,1.2017952,9.866206
1760988298690,-1.3680964,1.2352947,9.861421
1760988298693,-1.358525,1.244866,9.847063
1760988298694,-1.3776677,1.2209377,9.842278
1760988298697,-1.3818551,1.2544373,9.823135
1760988298699,-1.3680964,1.2346965,9.789636
1760988298701,-1.372882,1.2442678,9.765707
1760988298703,-1.3776677,1.2544373,9.756136
1760988298706,-1.3674982,1.3016955,9.727423
1760988298708,-1.3627125,1.2921243,9.67478
1760988298710,-1.3627125,1.2969099,9.656236
1760988298712,-1.3435699,1.3058829,9.6275215
1760988298715,-1.3531412,1.3058829,9.598808
1760988298717,-1.329213,1.3202399,9.57488
1760988298719,-1.3339987,1.3345969,9.5557375
1760988298722,-1.3196417,1.3345969,9.550952
1760988298724,-1.314856,1.3537394,9.535996
1760988298726,-1.3196417,1.3537394,9.531809
1760988298728,-1.2957134,1.3674982,9.502497
1760988298731,-1.2909278,1.3770695,9.48814
1760988298733,-1.2999009,1.3914263,9.48814
1760988298736,-1.2759727,1.410569,9.4737835
1760988298738,-1.2664014,1.4147564,9.468997
1760988298740,-1.2855439,1.410569,9.464211
1760988298742,-1.2807583,1.4201403,9.464211
1760988298745,-1.2664014,1.4291133,9.459426
1760988298747,-1.2520444,1.4338989,9.449855
1760988298749,-1.2562319,1.4434702,9.45464
1760988298752,-1.2418749,1.4482559,9.459426
1760988298755,-1.2281163,1.4338989,9.425926
1760988298756,-1.2233306,1.4482559,9.425926
1760988298758,-1.2233306,1.4524434,9.406784
1760988298760,-1.1946167,1.442872,9.41157
1760988298762,-1.1994023,1.4237294,9.416355
1760988298765,-1.189831,1.4380864,9.416355
1760988298767,-1.1850454,1.4237294,9.416355
1760988298769,-1.1946167,1.4333007,9.425926
1760988298772,-1.189831,1.4285151,9.4019985
1760988298775,-1.189831,1.4237294,9.41157
1760988298777,-1.1994023,1.4189439,9.425926
1760988298779,-1.1754742,1.4237294,9.425926
1760988298782,-1.1904292,1.4045869,9.445069
1760988298783,-1.189831,1.4189439,9.449855
1760988298786,-1.1946167,1.4141582,9.464211
1760988298788,-1.204188,1.4141582,9.483355
1760988298791,-1.1946167,1.4189439,9.4737835
1760988298793,-1.218545,1.4051851,9.48814
1760988298795,-1.2233306,1.3956138,9.516854
1760988298798,-1.218545,1.4051851,9.507282
1760988298800,-1.2376875,1.4051851,9.516854
1760988298802,-1.2376875,1.3860425,9.535996
1760988298804,-1.2335001,1.3860425,9.512068
1760988298806,-1.2239288,1.3812568,9.550353
1760988298808,-1.2287145,1.3716856,9.550353
1760988298810,-1.2430713,1.3764713,9.555139
1760988298813,-1.2526426,1.3770695,9.564711
1760988298815,-1.2472588,1.3914263,9.564711
1760988298817,-1.2568301,1.3770695,9.607781
1760988298820,-1.2664014,1.3770695,9.588638
1760988298822,-1.2711871,1.3722838,9.593424
1760988298824,-1.2526426,1.3579268,9.602996
1760988298826,-1.262214,1.3435699,9.622138
1760988298829,-1.2813566,1.3483555,9.612567
1760988298831,-1.2957134,1.3298112,9.626924
1760988298833,-1.3004991,1.3250256,9.650852
1760988298835,-1.314856,1.3106686,9.660423
1760988298838,-1.3244274,1.3010973,9.669994
1760988298841,-1.3339987,1.2963116,9.665209
1760988298843,-1.3627125,1.2873386,9.717851
1760988298846,-1.3920245,1.2640085,9.704092
1760988298847,-1.396212,1.2640085,9.737592
1760988298849,-1.4015958,1.244866,9.756734
1760988298852,-1.4207385,1.2352947,9.771091
1760988298854,-1.439881,1.2119647,9.76152
1760988298856,-1.4596218,1.1880364,9.771091
1760988298859,-1.4356936,1.1832508,9.775877
1760988298861,-1.4548361,1.1641082,9.785448
1760988298863,-1.4644074,1.1641082,9.795019
1760988298865,-1.4835501,1.1455638,9.804591
1760988298867,-1.4889339,1.1264212,9.809377
1760988298870,-1.4889339,1.1312069,9.809377
1760988298872,-1.4793626,1.1353943,9.795019
1760988298874,-1.5080764,1.1072787,9.800404
1760988298877,-1.4793626,1.1066805,9.7908325
1760988298879,-1.4793626,1.1162517,9.805189
1760988298881,-1.4650056,1.14018,9.775877
1760988298883,-1.4650056,1.1210374,9.766904
1760988298886,-1.4267205,1.1587243,9.742377
1760988298888,-1.4171492,1.1491531,9.723235
1760988298890,-1.4027922,1.1539388,9.71845
1760988298892,-1.3734802,1.1820544,9.704092
1760988298894,-1.3447664,1.1958131,9.680164
1760988298897,-1.3447664,1.238884,9.641879
1760988298899,-1.3160524,1.2287145,9.608379
1760988298901,-1.3064811,1.2526426,9.570094
1760988298904,-1.2963116,1.2765709,9.550952
1760988298906,-1.2819548,1.3052847,9.5557375
1760988298908,-1.2580265,1.3190435,9.536594
1760988298911,-1.2628121,1.3334004,9.507881
1760988298913,-1.2430713,1.352543,9.502497
1760988298914,-1.2239288,1.3621143,9.497711
1760988298917,-1.2239288,1.3908281,9.4737835
1760988298919,-1.204188,1.4093726,9.48814
1760988298922,-1.1946167,1.4333007,9.497711
1760988298924,-1.1706885,1.4524434,9.48814
1760988298926,-1.1946167,1.442872,9.48814
1760988298929,-1.1892328,1.4620147,9.478569
1760988298931,-1.1700903,1.4668003,9.47797
1760988298933,-1.160519,1.4620147,9.492328
1760988298935,-1.1515459,1.4620147,9.501899
1760988298938,-1.1419746,1.4470595,9.525827
1760988298940,-1.1419746,1.4524434,9.549755
1760988298942,-1.1515459,1.4380864,9.559326
1760988298944,-1.146162,1.4524434,9.578469
1760988298947,-1.1563315,1.442872,9.611969
1760988298949,-1.1994023,1.4195421,9.674182
1760988298951,-1.1850454,1.4195421,9.712467
1760988298954,-1.2035898,1.4195421,9.702896
1760988298956,-1.1754742,1.4003994,9.683753
1760988298958,-1.1754742,1.4051851,9.645468
1760988298960,-1.1802598,1.4147564,9.645468
1760988298963,-1.1994023,1.4099708,9.62154
1760988298965,-1.1946167,1.4003994,9.626326
1760988298967,-1.2089736,1.4147564,9.58804
1760988298970,-1.189831,1.4051851,9.579067
1760988298972,-1.180858,1.3998013,9.540782
1760988298974,-1.1802598,1.4189439,9.535996
1760988298976,-1.1850454,1.4189439,9.516854
1760988298978,-1.1611172,1.4189439,9.48814
1760988298981,-1.1569297,1.4087744,9.459426
1760988298983,-1.1563315,1.4231312,9.45464
1760988298985,-1.1521441,1.4231312,9.425926
1760988298987,-1.1419746,1.4518452,9.425926
1760988298989,-1.1228321,1.4422739,9.425926
1760988298992,-1.1371889,1.4566308,9.440284
1760988298995,-1.1371889,1.4422739,9.430713
1760988298996,-1.1276177,1.4422739,9.440284
1760988298998,-1.1036894,1.451247,9.458828
1760988299001,-1.1084751,1.4614165,9.4636135
1760988299004,-1.1180464,1.4566308,9.454042
1760988299006,-1.1276177,1.4566308,9.47797
1760988299008,-1.1276177,1.4709877,9.482756
1760988299010,-1.1413764,1.4811572,9.501899
1760988299013,-1.1557333,1.4763715,9.516255
1760988299015,-1.160519,1.4620147,9.501899
1760988299017,-1.1653047,1.457229,9.549755
1760988299019,-1.1796615,1.4626129,9.559326
1760988299022,-1.1940185,1.4530416,9.5353985
1760988299024,-1.2083755,1.4626129,9.568898
1760988299026,-1.2035898,1.4482559,9.573684
1760988299028,-1.2083755,1.4434702,9.564112
1760988299031,-1.2089736,1.4195421,9.564711
1760988299033,-1.218545,1.4147564,9.588638
1760988299035,-1.2376875,1.4153546,9.62154
1760988299038,-1.2281163,1.3914263,9.626924
1760988299040,-1.2568301,1.3770695,9.626924
1760988299042,-1.2616158,1.3770695,9.646067
1760988299044,-1.2759727,1.3579268,9.650852
1760988299046,-1.2951152,1.3680964,9.665209
1760988299049,-1.3238292,1.3633107,9.679565
1760988299051,-1.3334004,1.3495519,9.684352
1760988299054,-1.3334004,1.3351951,9.713065
1760988299055,-1.329213,1.3304094,9.713065
1760988299058,-1.3435699,1.3208381,9.732208
1760988299060,-1.3674982,1.2969099,9.736994
1760988299062,-1.3579268,1.2969099,9.765707
1760988299065,-1.3770695,1.2831511,9.789636
1760988299067,-1.3914263,1.2735798,9.78485
1760988299069,-1.410569,1.2640085,9.808778
1760988299071,-1.4153546,1.274178,9.803992
1760988299074,-1.4297116,1.2406785,9.837492
1760988299076,-1.4255241,1.2358929,9.842278
1760988299079,-1.4344971,1.2502499,9.847063
1760988299080,-1.4488541,1.2406785,9.856635
1760988299083,-1.4494523,1.2215359,9.885348
1760988299085,-1.4584254,1.2269198,9.885348
1760988299087,-1.463211,1.2269198,9.875777
1760988299090,-1.4584254,1.2269198,9.890134
1760988299092,-1.4542379,1.2215359,9.870992
1760988299095,-1.4590236,1.2167503,9.862019
1760988299096,-1.4590236,1.2215359,9.8428755
1760988299098,-1.4494523,1.2215359,9.818948
1760988299100,-1.4350954,1.2119647,9.785448
1760988299103,-1.439881,1.2311072,9.790234
1760988299105,-1.4207385,1.2209377,9.766306
1760988299108,-1.4111671,1.2257234,9.708878
1760988299110,-1.3830515,1.2059826,9.708878
1760988299112,-1.3639089,1.2155539,9.675379
1760988299115,-1.3543376,1.238884,9.632308
1760988299116,-1.3441681,1.2580265,9.594023
1760988299119,-1.3447664,1.2532408,9.565309
1760988299121,-1.3441681,1.2723835,9.531809
1760988299124,-1.3393825,1.2723835,9.493524
1760988299126,-1.3345969,1.3100704,9.431311
1760988299128,-1.3298112,1.329213,9.393025
1760988299130,-1.3196417,1.3483555,9.364311
1760988299133,-1.3004991,1.3669,9.335598
1760988299135,-1.2813566,1.3764713,9.292527
1760988299137,-1.2669996,1.3854443,9.268599
1760988299139,-1.2574283,1.39023,9.249456
1760988299142,-1.2382857,1.4237294,9.24467
1760988299144,-1.2191432,1.4231312,9.211171
1760988299147,-1.2000005,1.4231312,9.206385
1760988299149,-1.1760724,1.4327025,9.220742
1760988299150,-1.2095718,1.4374882,9.192028
1760988299152,-1.2000005,1.4327025,9.230313
1760988299155,-1.1760724,1.4470595,9.220742
1760988299157,-1.1904292,1.4422739,9.225528
1760988299159,-1.180858,1.4327025,9.24467
1760988299162,-1.1946167,1.4566308,9.249456
1760988299164,-1.1946167,1.4614165,9.272786
1760988299166,-1.204188,1.4476577,9.291928
1760988299168,-1.2424731,1.4380864,9.330214
1760988299171,-1.2329018,1.442872,9.339785
1760988299174,-1.2424731,1.4338989,9.382855
1760988299175,-1.2574283,1.4003994,9.4019985
1760988299177,-1.2669996,1.3908281,9.430713
1760988299179,-1.2903296,1.3866407,9.45464
1760988299181,-1.2909278,1.3531412,9.46481
1760988299184,-1.314856,1.3483555,9.498309
1760988299186,-1.3387842,1.3345969,9.517452
1760988299188,-1.3387842,1.3393825,9.536594
1760988299191,-1.3483555,1.3106686,9.550952
1760988299193,-1.3579268,1.3202399,9.565309
1760988299196,-1.3818551,1.3064811,9.598808
1760988299198,-1.3866407,1.3112668,9.603594
1760988299200,-1.3866407,1.2921243,9.603594
1760988299202,-1.3818551,1.3064811,9.613165
1760988299205,-1.3776677,1.2777673,9.622736
1760988299207,-1.372882,1.2729816,9.6275215
1760988299209,-1.3722838,1.2921243,9.656236
1760988299211,-1.3345969,1.2915261,9.660423
1760988299213,-1.3250256,1.2819548,9.693923
1760988299216,-1.3058829,1.2915261,9.703494
1760988299218,-1.2963116,1.2771691,9.717851
1760988299220,-1.2867404,1.2867404,9.746565
1760988299223,-1.2580265,1.2861422,9.741779
1760988299225,-1.2717853,1.3106686,9.775279
1760988299227,-1.2669996,1.3106686,9.794421
1760988299230,-1.2526426,1.3010973,9.812965
1760988299232,-1.262214,1.3106686,9.84168
1760988299234,-1.2669996,1.3250256,9.84168
1760988299236,-1.262214,1.3298112,9.84168
1760988299238,-1.2759727,1.3298112,9.851251
1760988299241,-1.262214,1.3250256,9.851251
1760988299243,-1.2855439,1.3304094,9.856036
1760988299246,-1.3094722,1.3304094,9.846465
1760988299248,-1.3196417,1.3112668,9.846465
1760988299250,-1.3142579,1.3351951,9.827323
1760988299252,-1.3196417,1.3208381,9.799207
1760988299255,-1.3483555,1.3064811,9.808778
1760988299258,-1.3435699,1.3064811,9.794421
1760988299260,-1.3435699,1.3160524,9.756136
1760988299262,-1.3579268,1.3160524,9.741779
1760988299265,-1.3764713,1.3214363,9.713065
1760988299266,-1.3531412,1.3208381,9.703494
1760988299269,-1.3579268,1.3160524,9.665209
1760988299271,-1.3627125,1.3256238,9.64128
1760988299273,-1.3579268,1.3208381,9.612567
1760988299276,-1.3483555,1.3351951,9.583853
1760988299277,-1.3483555,1.3441681,9.550952
1760988299279,-1.3244274,1.358525,9.535996
1760988299282,-1.3100704,1.3680964,9.512068
1760988299284,-1.3046865,1.3818551,9.512068
1760988299286,-1.2669996,1.3866407,9.468997
1760988299289,-1.2616158,1.3908281,9.464211
1760988299291,-1.2520444,1.4051851,9.468997
1760988299293,-1.2424731,1.4291133,9.464211
1760988299296,-1.2281163,1.4147564,9.445069
1760988299298,-1.218545,1.4291133,9.464211
1760988299300,-1.1988041,1.4578272,9.4737835
1760988299303,-1.1940185,1.4763715,9.459426
1760988299305,-1.1844472,1.4811572,9.4636135
1760988299307,-1.1988041,1.4769697,9.468997
1760988299309,-1.1892328,1.4907285,9.47797
1760988299311,-1.174876,1.4955142,9.4636135
1760988299314,-1.1796615,1.4955142,9.482756
1760988299316,-1.174876,1.4907285,9.487542
1760988299318,-1.1796615,1.4955142,9.482756
1760988299321,-1.174876,1.5050855,9.47797
1760988299323,-1.174876,1.4907285,9.473185
1760988299325,-1.1796615,1.4811572,9.492328
1760988299328,-1.1796615,1.4715859,9.468399
1760988299330,-1.174876,1.4811572,9.449257
1760988299332,-1.1700903,1.4763715,9.449855
1760988299335,-1.1706885,1.4620147,9.45464
1760988299336,-1.1754742,1.457229,9.459426
1760988299339,-1.1659029,1.4476577,9.445069
1760988299341,-1.1659029,1.4476577,9.449855
1760988299343,-1.1467602,1.466202,9.435498
1760988299345,-1.1611172,1.4476577,9.459426
1760988299347,-1.1946167,1.4380864,9.45464
1760988299350,-1.1802598,1.4524434,9.464211
1760988299352,-1.1802598,1.4285151,9.464211
1760988299354,-1.1850454,1.4141582,9.464211
1760988299357,-1.180858,1.3998013,9.459426
1760988299359,-1.1802598,1.4285151,9.4737835
1760988299361,-1.204188,1.4243277,9.483355
1760988299363,-1.2047862,1.3998013,9.478569
1760988299366,-1.1856437,1.4045869,9.483355
1760988299369,-1.1994023,1.4093726,9.507282
1760988299371,-1.180858,1.3998013,9.52164
1760988299373,-1.1706885,1.4093726,9.52164
1760988299375,-1.1904292,1.3806586,9.540782
1760988299377,-1.180858,1.3806586,9.555139
1760988299380,-1.2047862,1.3764713,9.569496
1760988299382,-1.2191432,1.3621143,9.579067
1760988299384,-1.2143575,1.3573287,9.612567
1760988299386,-1.2143575,1.3716856,9.636495
1760988299388,-1.2335001,1.3435699,9.646067
1760988299391,-1.247857,1.3483555,9.655638
1760988299393,-1.2765709,1.3298112,9.67478
1760988299395,-1.2861422,1.3250256,9.689137
1760988299397,-1.3052847,1.3250256,9.698709
1760988299400,-1.3244274,1.2915261,9.684352
1760988299402,-1.329213,1.3160524,9.698709
1760988299404,-1.3579268,1.2873386,9.70828
1760988299406,-1.3674982,1.2969099,9.703494
1760988299409,-1.3866407,1.2831511,9.698709
1760988299411,-1.4159528,1.2592229,9.704092
1760988299413,-1.4249259,1.2592229,9.708878
1760988299415,-1.439881,1.2263216,9.71845
1760988299418,-1.4685949,1.2406785,9.728021
1760988299420,-1.4685949,1.2119647,9.732806
1760988299422,-1.4973087,1.2269198,9.728021
1760988299424,-1.4877375,1.2167503,9.71845
1760988299427,-1.4877375,1.2269198,9.751948
1760988299429,-1.4973087,1.198206,9.747163
1760988299432,-1.5074782,1.183849,9.728021
1760988299433,-1.5170496,1.1742777,9.756734
1760988299436,-1.5116657,1.198206,9.732806
1760988299438,-1.50688,1.2029916,9.747163
1760988299440,-1.4883357,1.1784651,9.732806
1760988299443,-1.4931214,1.1694921,9.742377
1760988299445,-1.4877375,1.1928221,9.728021
1760988299447,-1.4787644,1.1832508,9.728021
1760988299450,-1.430908,1.1874382,9.723235
1760988299453,-1.430908,1.1730813,9.732806
1760988299454,-1.430908,1.1874382,9.723235
1760988299456,-1.402194,1.1826526,9.737592
1760988299459,-1.3878372,1.1922239,9.756734
1760988299461,-1.3830515,1.1922239,9.775877
1760988299463,-1.3734802,1.2113664,9.785448
1760988299465,-1.3537394,1.2203395,9.789636
1760988299467,-1.3537394,1.2394822,9.823135
1760988299470,-1.3393825,1.2442678,9.827921
1760988299472,-1.3058829,1.2586247,9.823135
1760988299474,-1.3100704,1.282553,9.837492
1760988299477,-1.2909278,1.2969099,9.846465
1760988299479,-1.2861422,1.2963116,9.846465
1760988299481,-1.2759727,1.3298112,9.84168
1760988299483,-1.2759727,1.3393825,9.836894
1760988299486,-1.2520444,1.3441681,9.817751
1760988299488,-1.2664014,1.3633107,9.8321085
1760988299490,-1.2610176,1.3920245,9.784252
1760988299493,-1.2705889,1.4111671,9.755538
1760988299494,-1.2568301,1.3818551,9.712467
1760988299497,-1.2568301,1.3914263,9.674182
1760988299499,-1.2376875,1.410569,9.626326
1760988299502,-1.2233306,1.4195421,9.58804
1760988299504,-1.2323036,1.4386846,9.555139
1760988299506,-1.2131611,1.4578272,9.492926
1760988299509,-1.2083755,1.486541,9.45464
1760988299511,-1.1988041,1.4859428,9.416355
1760988299513,-1.1844472,1.4907285,9.382855
1760988299516,-1.1844472,1.4859428,9.354142
1760988299518,-1.1796615,1.5146568,9.334999
1760988299520,-1.160519,1.5236298,9.258429
1760988299522,-1.1509477,1.5284154,9.258429
1760988299524,-1.1270195,1.5278172,9.244072
1760988299526,-1.1078769,1.5613167,9.234501
1760988299529,-1.1030912,1.5565311,9.2488575
1760988299531,-1.1078769,1.5517455,9.272786
1760988299533,-1.0785648,1.5613167,9.305687
1760988299536,-1.0833504,1.5756737,9.343972
1760988299538,-1.0881361,1.570888,9.363115
1760988299540,-1.0689936,1.5756737,9.391829
1760988299542,-1.049851,1.5756737,9.434899
1760988299545,-1.0594223,1.570888,9.482158
1760988299547,-1.0881361,1.5523437,9.530014
1760988299549,-1.0881361,1.5427724,9.558728
1760988299551,-1.1018949,1.5571294,9.597013
1760988299554,-1.11685,1.5290136,9.673584
1760988299556,-1.1306087,1.538585,9.707084
1760988299558,-1.1647065,1.5056837,9.726226
1760988299560,-1.1742777,1.4919249,9.778868
1760988299563,-1.1934203,1.477568,9.802796
1760988299565,-1.2221341,1.4488541,9.807582
1760988299567,-1.2227324,1.4350954,9.836296
1760988299570,-1.2556337,1.4303098,9.850653
1760988299572,-1.2753744,1.402194,9.856036
1760988299574,-1.2807583,1.3537394,9.846465
1760988299576,-1.3094722,1.3351951,9.856036
1760988299579,-1.329213,1.3112668,9.851849
1760988299581,-1.3477573,1.3214363,9.851849
1760988299583,-1.352543,1.3022938,9.880563
1760988299586,-1.3627125,1.2879368,9.866206
1760988299588,-1.3674982,1.2831511,9.870992
1760988299590,-1.3674982,1.2687942,9.880563
1760988299592,-1.3770695,1.2640085,9.890134
1760988299594,-1.3818551,1.2592229,9.899706
1760988299597,-1.3722838,1.2687942,9.909277
1760988299599,-1.3722838,1.2592229,9.947562
1760988299601,-1.3770695,1.2646067,9.957133
1760988299604,-1.3914263,1.2646067,9.97149
1760988299606,-1.3674982,1.274178,9.990034
1760988299608,-1.3621143,1.2837493,10.004392
1760988299610,-1.3674982,1.2646067,10.013963
1760988299612,-1.3429717,1.2783655,10.042677
1760988299615,-1.3621143,1.2981063,10.061819
1760988299617,-1.3573287,1.3076776,10.085748
1760988299619,-1.3375878,1.3220345,10.089935
1760988299622,-1.3567305,1.3316058,10.109077
1760988299624,-1.3471591,1.3363914,10.109077
1760988299627,-1.3423735,1.3316058,10.094721
1760988299629,-1.3375878,1.3411771,10.094721
1760988299631,-1.3519448,1.3507484,10.094721
1760988299633,-1.3513466,1.3651053,10.085149
1760988299635,-1.3567305,1.3603196,10.070792
1760988299638,-1.3704891,1.3651053,10.066007
1760988299640,-1.3710874,1.3459628,10.052248
1760988299642,-1.39023,1.3561323,10.047462
1760988299644,-1.3710874,1.3603196,10.018748
1760988299647,-1.3854443,1.3459628,9.985249
1760988299649,-1.4093726,1.3513466,9.9756775
1760988299651,-1.4237294,1.3369896,9.970892
1760988299654,-1.4237294,1.3369896,9.942178
1760988299656,-1.4285151,1.346561,9.946963
1760988299658,-1.4380864,1.3417753,9.937392
1760988299660,-1.4333007,1.3609179,9.91825
1760988299663,-1.4380864,1.3561323,9.908679
1760988299665,-1.4285151,1.3561323,9.894321
1760988299667,-1.4237294,1.3411771,9.889536
1760988299669,-1.4237294,1.3657036,9.9038925
1760988299671,-1.4189439,1.3603196,9.88475
1760988299674,-1.4093726,1.3555341,9.894321
1760988299676,-1.3950156,1.3794622,9.894321
1760988299678,-1.3752748,1.4033905,9.865608
1760988299680,-1.3752748,1.3938192,9.899107
1760988299683,-1.3471591,1.393221,9.9038925
1760988299685,-1.3423735,1.3884354,9.889536
1760988299687,-1.3232309,1.3980067,9.88475
1760988299689,-1.317847,1.4075779,9.923036
1760988299692,-1.3232309,1.3884354,9.927821
1760988299694,-1.3130615,1.4267205,9.922438
1760988299696,-1.3082758,1.4027922,9.936794
1760988299698,-1.2987045,1.4075779,9.951151
1760988299701,-1.2891332,1.4213367,9.97508
1760988299703,-1.3034902,1.4267205,9.989436
1760988299705,-1.2987045,1.4315062,10.013365
1760988299708,-1.3082758,1.4075779,10.022936
1760988299710,-1.3369896,1.4177474,10.032507
1760988299712,-1.3268201,1.4362918,10.01815
1760988299715,-1.3226327,1.4219348,10.01815
1760988299718,-1.3220345,1.4362918,10.0372925
1760988299720,-1.3411771,1.4464613,10.0372925
1760988299721,-1.3459628,1.4464613,10.0372925
1760988299723,-1.3363914,1.4321043,10.0372925
1760988299726,-1.3411771,1.451247,10.032507
1760988299728,-1.3507484,1.4416757,9.999007
1760988299731,-1.3411771,1.451247,9.999007
1760988299733,-1.3363914,1.4608182,9.970294
1760988299735,-1.3363914,1.4464613,9.979865
1760988299738,-1.3459628,1.4608182,9.965508
1760988299739,-1.3316058,1.4793626,9.965508
1760988299741,-1.3124632,1.4841483,9.936794
1760988299744,-1.3172488,1.4793626,9.917651
1760988299746,-1.3172488,1.474577,9.94158
1760988299748,-1.3172488,1.4793626,9.94158
1760988299752,-1.3411771,1.4751751,9.936794
1760988299753,-1.3363914,1.4841483,9.936794
1760988299755,-1.3316058,1.4841483,9.955936
1760988299758,-1.3214363,1.4937196,9.955936
1760988299760,-1.3124632,1.4793626,9.960723
1760988299763,-1.3172488,1.4841483,9.970294
1760988299765,-1.2981063,1.4889339,9.97508
1760988299767,-1.2933207,1.4889339,9.984651
1760988299769,-1.2789637,1.4835501,9.979865
1760988299772,-1.2837493,1.474577,9.989436
1760988299774,-1.2789637,1.4506488,10.008579
1760988299776,-1.2556337,1.4500505,10.008579
1760988299778,-1.2693924,1.4596218,10.01815
1760988299780,-1.2598212,1.4644074,10.036695
1760988299783,-1.2789637,1.4554343,10.065409
1760988299786,-1.2837493,1.4506488,10.084551
1760988299788,-1.2933207,1.4458631,10.103694
1760988299790,-1.2981063,1.4458631,10.118051
1760988299792,-1.3268201,1.4464613,10.132407
1760988299794,-1.3459628,1.4422739,10.1802635
1760988299796,-1.3692927,1.4518452,10.170692
1760988299798,-1.4027922,1.4285151,10.195219
1760988299801,-1.4075779,1.442872,10.213763
1760988299803,-1.4219348,1.442872,10.247263
1760988299805,-1.4554343,1.4195421,10.257433
1760988299808,-1.4793626,1.4249259,10.267004
1760988299812,-1.4937196,1.410569,10.276575
1760988299812,-1.5080764,1.4297116,10.299905
1760988299814,-1.5128621,1.4201403,10.295717
1760988299817,-1.5128621,1.4249259,10.262218
1760988299820,-1.5224334,1.4015958,10.295717
1760988299821,-1.5320047,1.3920245,10.310075
1760988299824,-1.5320047,1.387239,10.324431
1760988299826,-1.5367904,1.4015958,10.290932
1760988299828,-1.5320047,1.387239,10.300504
1760988299830,-1.5224334,1.3914263,10.290932
1760988299833,-1.5176477,1.4015958,10.310075
1760988299834,-1.5128621,1.3914263,10.276575
1760988299837,-1.5176477,1.396212,10.295717
1760988299839,-1.5080764,1.4057833,10.276575
1760988299842,-1.4985052,1.410569,10.262218
1760988299844,-1.4793626,1.410569,10.257433
1760988299846,-1.4697913,1.4147564,10.27179
1760988299848,-1.4506488,1.4434702,10.256834
1760988299851,-1.4506488,1.4147564,10.247861
1760988299853,-1.4362918,1.4147564,10.228719
1760988299855,-1.4219348,1.4285151,10.228121
1760988299858,-1.4321043,1.4141582,10.214361
1760988299860,-1.3980067,1.4333007,10.213763
1760988299862,-1.3794622,1.4231312,10.199407
1760988299864,-1.3698909,1.4231312,10.218549
1760988299867,-1.3842479,1.3992031,10.20479
1760988299869,-1.3651053,1.4039887,10.209576
1760988299871,-1.3698909,1.41356,10.228121
1760988299873,-1.3603196,1.4183456,10.208978
1760988299875,-1.3555341,1.4087744,10.208978
1760988299879,-1.3603196,1.4087744,10.232906
1760988299881,-1.3555341,1.4327025,10.204192
1760988299883,-1.3507484,1.4087744,10.223334
1760988299885,-1.3507484,1.4231312,10.223334
1760988299887,-1.3603196,1.3992031,10.242477
1760988299890,-1.3698909,1.41356,10.223334
1760988299892,-1.3746766,1.3896317,10.23829
1760988299895,-1.3890336,1.4093726,10.228121
1760988299896,-1.3986049,1.3950156,10.23829
1760988299898,-1.3938192,1.4093726,10.242477
1760988299901,-1.3890336,1.4045869,10.2520485
1760988299903,-1.3842479,1.4141582,10.247263
1760988299905,-1.4033905,1.4093726,10.223933
1760988299908,-1.3890336,1.4045869,10.223933
1760988299910,-1.4027922,1.4333007,10.208978
1760988299912,-1.4123635,1.442872,10.199407
1760988299914,-1.4171492,1.4285151,10.180862
1760988299917,-1.3980067,1.442872,10.142577
1760988299919,-1.4177474,1.4285151,10.12822
1760988299921,-1.4027922,1.4518452,10.104292
1760988299923,-1.393221,1.4614165,10.089935
1760988299926,-1.4033905,1.4422739,10.075578
1760988299928,-1.3836497,1.466202,10.075578
1760988299930,-1.3698909,1.4470595,10.061221
1760988299933,-1.3794622,1.4518452,10.061221
1760988299935,-1.3836497,1.4614165,10.042078
1760988299938,-1.378864,1.466202,10.027721
1760988299940,-1.3746766,1.4614165,10.027721
1760988299942,-1.378864,1.4709877,10.027721
1760988299944,-1.3555341,1.4656038,10.032507
1760988299947,-1.3698909,1.4614165,10.032507
1760988299949,-1.3836497,1.4614165,10.042078
1760988299951,-1.3549358,1.4656038,10.0468645
1760988299953,-1.3555341,1.4560326,10.061221
1760988299955,-1.3597214,1.4566308,10.094721
1760988299958,-1.3405789,1.4608182,10.113265
1760988299961,-1.3453646,1.4709877,10.137193
1760988299962,-1.3405789,1.4614165,10.161121
1760988299965,-1.3405789,1.480559,10.194621
1760988299966,-1.3549358,1.4614165,10.208978
1760988299969,-1.3645071,1.4470595,10.213763
1760988299971,-1.3597214,1.4374882,10.237692
1760988299973,-1.3549358,1.4327025,10.26162
1760988299975,-1.3645071,1.4380864,10.280763
1760988299978,-1.3645071,1.4237294,10.290334
1760988299980,-1.378864,1.4285151,10.30469
1760988299983,-1.3836497,1.4237294,10.309476
1760988299985,-1.4123635,1.4147564,10.323833
1760988299989,-1.4171492,1.4147564,10.333405
1760988299991,-1.4075779,1.4099708,10.33819
1760988299992,-1.4171492,1.4099708,10.347761
1760988299994,-1.4267205,1.4051851,10.366904
1760988299995,-1.3986049,1.4003994,10.366904
1760988299998,-1.3740784,1.4093726,10.37169
1760988300000,-1.3884354,1.4093726,10.37169
1760988300004,-1.378864,1.4285151,10.386046
1760988300006,-1.3836497,1.4189439,10.4051895
1760988300008,-1.3836497,1.4386846,10.428519
1760988300010,-1.3926228,1.4482559,10.433305
1760988300012,-1.3878372,1.4482559,10.43809
1760988300014,-1.3782659,1.4673985,10.452448
1760988300016,-1.3782659,1.4769697,10.457233
1760988300018,-1.3639089,1.4817554,10.4668045
1760988300021,-1.3591232,1.4913267,10.47159
1760988300023,-1.3633107,1.4961123,10.47159
1760988300025,-1.3489537,1.4955142,10.481161
1760988300028,-1.372882,1.5056837,10.476376
1760988300030,-1.3489537,1.5002998,10.4668045
1760988300032,-1.3776677,1.5104693,10.457233
1760988300034,-1.3824533,1.4961123,10.462019
1760988300036,-1.3824533,1.5056837,10.457233
1760988300039,-1.3782659,1.486541,10.433305
1760988300042,-1.372882,1.500898,10.428519
1760988300044,-1.372882,1.4961123,10.428519
1760988300046,-1.3734802,1.486541,10.404591
1760988300048,-1.3878372,1.486541,10.399805
1760988300050,-1.402194,1.486541,10.380663
1760988300052,-1.3782659,1.4961123,10.375877
1760988300055,-1.3926228,1.500898,10.342378
1760988300057,-1.416551,1.4721842,10.333405
1760988300059,-1.416551,1.4817554,10.323833
1760988300061,-1.4213367,1.4721842,10.285548
1760988300064,-1.4261223,1.4817554,10.275977
1760988300066,-1.3974084,1.4859428,10.275977
1760988300068,-1.3974084,1.4715859,10.256834
1760988300071,-1.402194,1.4715859,10.247263
1760988300073,-1.4075779,1.4620147,10.228121
1760988300075,-1.4069797,1.4811572,10.242477
1760988300078,-1.3878372,1.5050855,10.228121
1760988300079,-1.3974084,1.4763715,10.232906
1760988300082,-1.3830515,1.4763715,10.232906
1760988300084,-1.3878372,1.5002998,10.256834
1760988300086,-1.3830515,1.4955142,10.242477
1760988300088,-1.3782659,1.4763715,10.256834
1760988300091,-1.3782659,1.4955142,10.2520485
1760988300093,-1.3830515,1.4955142,10.242477
1760988300095,-1.393221,1.4668003,10.237692
1760988300098,-1.3974084,1.4859428,10.232906
1760988300100,-1.402194,1.5050855,10.2520485
1760988300102,-1.3974084,1.4907285,10.237692
1760988300104,-1.4117653,1.4961123,10.256834
1760988300107,-1.416551,1.5056837,10.26162
1760988300109,-1.416551,1.500898,10.256834
1760988300111,-1.4117653,1.4817554,10.2520485
1760988300114,-1.402194,1.5104693,10.2520485
1760988300116,-1.4069797,1.500898,10.242477
1760988300118,-1.4117653,1.4961123,10.228121
1760988300120,-1.3926228,1.5098711,10.228121
1760988300123,-1.4213367,1.515255,10.199407
1760988300126,-1.4117653,1.5098711,10.18505
1760988300127,-1.4117653,1.5146568,10.18505
1760988300130,-1.4117653,1.5146568,10.15155
1760988300132,-1.4069797,1.5146568,10.132407
1760988300134,-1.4213367,1.5146568,10.113265
1760988300136,-1.4063815,1.5433706,10.098908
1760988300139,-1.4111671,1.5433706,10.070194
1760988300141,-1.3974084,1.5284154,10.055838
1760988300144,-1.3920245,1.5667006,10.031909
1760988300146,-1.3920245,1.5571294,10.022338
1760988300148,-1.4015958,1.561915,10.012766
1760988300150,-1.387239,1.561915,9.998409
1760988300152,-1.3591232,1.5667006,9.988838
1760988300154,-1.3686945,1.561915,9.984053
1760988300156,-1.372882,1.5714862,9.998409
1760988300159,-1.3639089,1.561915,9.993624
1760988300161,-1.358525,1.5714862,9.993624
1760988300164,-1.3633107,1.5667006,9.988838
1760988300166,-1.3543376,1.5565311,9.984053
1760988300168,-1.3686945,1.5475581,10.00798
1760988300171,-1.3543376,1.5332011,10.036695
1760988300172,-1.3686945,1.5427724,10.027123
1760988300175,-1.3734802,1.5379868,10.017552
1760988300177,-1.3878372,1.5284154,10.060623
1760988300180,-1.3878372,1.5140585,10.070194
1760988300182,-1.3926228,1.5140585,10.065409
1760988300184,-1.416551,1.4907285,10.104292
1760988300186,-1.430908,1.4859428,10.113863
1760988300188,-1.4410775,1.4668003,10.133006
1760988300191,-1.4650056,1.4482559,10.142577
1760988300193,-1.4841483,1.4488541,10.185648
1760988300195,-1.4985052,1.4249259,10.214361
1760988300197,-1.5224334,1.4009976,10.228719
1760988300200,-1.5367904,1.4063815,10.262218
1760988300202,-1.541576,1.3824533,10.267004
1760988300204,-1.5373886,1.3680964,10.290932
1760988300207,-1.5613167,1.3393825,10.305289
1760988300210,-1.5756737,1.3399807,10.3340025
1760988300211,-1.5858432,1.3064811,10.343575
1760988300213,-1.5948163,1.3112668,10.34836
1760988300215,-1.5948163,1.3064811,10.357931
1760988300219,-1.5954145,1.282553,10.357931
1760988300221,-1.6193427,1.268196,10.377672
1760988300222,-1.6002002,1.282553,10.381859
1760988300225,-1.6002002,1.2777673,10.386645
1760988300227,-1.6091732,1.2969099,10.386645
1760988300229,-1.5954145,1.282553,10.377073
1760988300232,-1.6097715,1.2873386,10.367502
1760988300234,-1.6002002,1.2729816,10.372886
1760988300236,-1.5954145,1.2921243,10.377073
1760988300239,-1.6002002,1.2873386,10.348958
1760988300240,-1.5810575,1.2963116,10.320244
1760988300243,-1.5762719,1.2675978,10.320244
1760988300245,-1.5810575,1.2771691,10.320244
1760988300247,-1.5804594,1.3154542,10.300504
1760988300250,-1.5523437,1.3106686,10.305289
1760988300252,-1.5379868,1.3154542,10.290932
1760988300255,-1.4997016,1.329213,10.286146
1760988300257,-1.5092729,1.3244274,10.295717
1760988300260,-1.4709877,1.3286148,10.267004
1760988300261,-1.466202,1.3334004,10.243075
1760988300264,-1.4470595,1.338186,10.233504
1760988300266,-1.4327025,1.3519448,10.219148
1760988300268,-1.4279169,1.3519448,10.219148
1760988300270,-1.4039887,1.3567305,10.180862
1760988300272,-1.41356,1.3615161,10.161719
1760988300275,-1.3944174,1.3561323,10.137792
1760988300277,-1.4039887,1.375873,10.152148
1760988300280,-1.4087744,1.3854443,10.137792
1760988300282,-1.3938192,1.3992031,10.104292
1760988300284,-1.3890336,1.4039887,10.080363
1760988300286,-1.3752748,1.3992031,10.066007
1760988300288,-1.3746766,1.4231312,10.066007
1760988300291,-1.3698909,1.4374882,10.05165
1760988300293,-1.3603196,1.4416757,10.042078
1760988300295,-1.3698909,1.43689,10.027721
1760988300297,-1.3459628,1.4560326,10.01815
1760988300300,-1.3507484,1.4656038,9.984651
1760988300302,-1.3459628,1.4560326,9.989436
1760988300304,-1.3597214,1.4847465,9.979865
1760988300307,-1.3310076,1.4943178,9.965508
1760988300309,-1.3310076,1.4991034,9.955936
1760988300311,-1.3220345,1.4793626,9.960723
1760988300313,-1.3070793,1.5224334,9.94158
1760988300315,-1.2831511,1.527219,9.945767
1760988300318,-1.2592229,1.550549,9.931411
1760988300320,-1.2592229,1.5409778,9.940982
1760988300322,-1.2352947,1.5553347,9.931411
1760988300325,-1.2400804,1.550549,9.936196
1760988300327,-1.2155539,1.5834504,9.936196
1760988300329,-1.2155539,1.6127625,9.921839
1760988300331,-1.1916257,1.5978073,9.926624
1760988300335,-1.1676974,1.6169499,9.921839
1760988300337,-1.1389836,1.6211374,9.917053
1760988300340,-1.1335998,1.6594225,9.926026
1760988300341,-1.1192428,1.6689938,9.916455
1760988300343,-1.1144571,1.6498512,9.902099
1760988300346,-1.0959128,1.6444674,9.906884
1760988300348,-1.1048858,1.6683956,9.902099
1760988300350,-1.1001002,1.6779668,9.906884
1760988300352,-1.1144571,1.678565,9.926026
1760988300354,-1.1192428,1.6737795,9.949955
1760988300357,-1.1186446,1.6881363,9.964312
1760988300359,-1.1288141,1.6689938,9.98824
1760988300361,-1.1383854,1.655235,10.021739
1760988300364,-1.1473584,1.6648064,10.060024
1760988300366,-1.1479566,1.6456637,10.083953
1760988300367,-1.1670992,1.6319051,10.107881
1760988300370,-1.1766706,1.6223338,10.112667
1760988300372,-1.2005987,1.6079768,10.17488
1760988300374,-1.21017,1.5942181,10.203594
1760988300377,-1.2293127,1.5655042,10.246665
1760988300380,-1.2586247,1.5134603,10.28495
1760988300382,-1.282553,1.5278172,10.280165
1760988300384,-1.282553,1.5038891,10.318449
1760988300386,-1.2975081,1.4757733,10.337592
1760988300389,-1.3351951,1.4668003,10.380663
1760988300391,-1.3453646,1.457229,10.385448
1760988300393,-1.3501502,1.4285151,10.4051895
1760988300395,-1.3453646,1.4333007,10.423734
1760988300398,-1.3692927,1.4189439,10.429117
1760988300400,-1.3794622,1.39023,10.438689
1760988300402,-1.3938192,1.3764713,10.453046
1760988300405,-1.4129617,1.3716856,10.462617
1760988300407,-1.4321043,1.3764713,10.424332
1760988300409,-1.4129617,1.3764713,10.44826
1760988300411,-1.422533,1.3573287,10.433903
1760988300413,-1.43689,1.3621143,10.424332
1760988300416,-1.451247,1.3674982,10.419546
1760988300419,-1.451247,1.3435699,10.414761
1760988300421,-1.4560326,1.3674982,10.390832
1760988300423,-1.4799608,1.3674982,10.390832
1760988300425,-1.4793626,1.3818551,10.386046
1760988300427,-1.4889339,1.3818551,10.386046
1760988300430,-1.4985052,1.3824533,10.381261
1760988300431,-1.4889339,1.396212,10.37169
1760988300433,-1.4985052,1.4207385,10.366904
1760988300435,-1.4937196,1.4201403,10.362119
1760988300438,-1.4883357,1.4297116,10.366904
1760988300440,-1.4787644,1.4392828,10.347761
1760988300443,-1.4739788,1.4488541,10.314262
1760988300445,-1.4644074,1.4536397,10.309476
1760988300447,-1.4506488,1.4386846,10.299905
1760988300449,-1.4548361,1.4584254,10.290334
1760988300452,-1.4356936,1.4578272,10.266405
1760988300454,-1.4315062,1.4386846,10.256834
1760988300456,-1.4315062,1.4482559,10.228121
1760988300458,-1.4219348,1.4524434,10.204192
1760988300461,-1.3836497,1.4715859,10.18505
1760988300463,-1.3980067,1.4668003,10.165907
1760988300465,-1.3884354,1.4715859,10.146765
1760988300467,-1.3836497,1.4853446,10.141979
1760988300470,-1.3884354,1.4859428,10.132407
1760988300472,-1.3830515,1.4997016,10.103694
1760988300474,-1.3974084,1.5002998,10.103694
1760988300476,-1.3830515,1.4997016,10.089336
1760988300479,-1.3878372,1.5092729,10.079765
1760988300481,-1.3830515,1.5044873,10.070194
1760988300484,-1.3782659,1.5044873,10.084551
1760988300486,-1.3782659,1.5140585,10.070194
1760988300488,-1.3878372,1.5284154,10.070194
1760988300490,-1.3830515,1.5236298,10.089336
1760988300493,-1.3974084,1.5194423,10.084551
1760988300495,-1.402194,1.5050855,10.07498
1760988300498,-1.4213367,1.5194423,10.084551
1760988300500,-1.416551,1.5146568,10.089336
1760988300502,-1.4356936,1.5194423,10.094122
1760988300504,-1.4213367,1.5194423,10.079765
1760988300507,-1.4356936,1.4955142,10.080363
1760988300509,-1.4261223,1.5050855,10.075578
1760988300511,-1.4261223,1.5002998,10.066007
1760988300513,-1.4356936,1.5050855,10.080363
1760988300515,-1.430908,1.4907285,10.080363
1760988300518,-1.416551,1.4907285,10.080363
1760988300520,-1.4069797,1.4955142,10.070792
1760988300522,-1.3974084,1.4997016,10.05165
1760988300525,-1.3884354,1.4901303,10.061221
1760988300527,-1.3782659,1.5092729,10.0372925
1760988300529,-1.3549358,1.4799608,10.0372925
1760988300531,-1.3692927,1.4901303,10.027721
1760988300534,-1.3501502,1.4847465,10.042078
1760988300536,-1.3405789,1.4991034,10.046266
1760988300539,-1.3405789,1.5182459,10.022338
1760988300541,-1.3453646,1.4943178,10.022936
1760988300543,-1.3405789,1.4847465,10.027721
1760988300545,-1.3310076,1.4847465,10.032507
1760988300547,-1.3166506,1.4799608,10.0468645
1760988300550,-1.3310076,1.4943178,10.060623
1760988300552,-1.326222,1.4799608,10.065409
1760988300554,-1.3214363,1.4943178,10.098908
1760988300556,-1.3214363,1.4847465,10.113265
1760988300558,-1.326222,1.4847465,10.1084795
1760988300560,-1.3405789,1.4656038,10.1084795
1760988300563,-1.3453646,1.4614165,10.146765
1760988300565,-1.3453646,1.4614165,10.165907
1760988300567,-1.3507484,1.4470595,10.161121
1760988300570,-1.3645071,1.4422739,10.18505
1760988300572,-1.3842479,1.41356,10.214361
1760988300574,-1.3986049,1.4093726,10.223933
1760988300576,-1.4129617,1.4045869,10.223933
1760988300579,-1.4464613,1.4051851,10.214361
1760988300581,-1.4416757,1.4099708,10.219148
1760988300583,-1.4751751,1.3812568,10.228719
1760988300585,-1.4847465,1.3860425,10.223933
1760988300588,-1.5038891,1.3722838,10.214361
1760988300590,-1.5278172,1.3627125,10.20479
1760988300592,-1.5373886,1.3579268,10.209576
1760988300595,-1.5379868,1.3339987,10.176675
1760988300598,-1.5523437,1.3052847,10.191031
1760988300599,-1.561915,1.329213,10.167104
1760988300602,-1.5523437,1.3196417,10.171889
1760988300604,-1.5523437,1.314856,10.171889
1760988300606,-1.5475581,1.3244274,10.143175
1760988300608,-1.5427724,1.3244274,10.147961
1760988300611,-1.5332011,1.3387842,10.152746
1760988300613,-1.5379868,1.329213,10.1288185
1760988300615,-1.5236298,1.3531412,10.133604
1760988300618,-1.5044873,1.3621143,10.124033
1760988300620,-1.4943178,1.3908281,10.142577
1760988300622,-1.4991034,1.4051851,10.142577
1760988300624,-1.4847465,1.4099708,10.142577
1760988300627,-1.4793626,1.4434702,10.137792
1760988300629,-1.4506488,1.4530416,10.142577
1760988300631,-1.4548361,1.4673985,10.161719
1760988300633,-1.4404793,1.4961123,10.165907
1760988300636,-1.4356936,1.515255,10.156336
1760988300638,-1.4159528,1.524228,10.161121
1760988300640,-1.4213367,1.5194423,10.156336
1760988300643,-1.4159528,1.5337993,10.165907
1760988300645,-1.4159528,1.5337993,10.165907
1760988300648,-1.4111671,1.5529419,10.161121
1760988300650,-1.4063815,1.5481563,10.132407
1760988300651,-1.4063815,1.5433706,10.1084795
1760988300653,-1.3920245,1.5433706,10.118051
1760988300656,-1.3920245,1.5433706,10.084551
1760988300658,-1.402194,1.5290136,10.079765
1760988300660,-1.402194,1.5337993,10.065409
1760988300662,-1.3926228,1.5332011,10.04148
1760988300664,-1.3878372,1.5236298,10.027123
1760988300667,-1.3878372,1.5284154,10.031909
1760988300669,-1.3782659,1.5332011,10.003195
1760988300672,-1.3782659,1.5379868,10.031909
1760988300673,-1.3830515,1.5475581,10.017552
1760988300676,-1.372882,1.5571294,10.055838
1760988300678,-1.3830515,1.5427724,10.051051
1760988300680,-1.3633107,1.5571294,10.079765
1760988300683,-1.3633107,1.5523437,10.103694
1760988300685,-1.3776677,1.5577276,10.132407
1760988300687,-1.3680964,1.5577276,10.170692
1760988300689,-1.358525,1.5529419,10.203594
1760988300691,-1.372882,1.5672989,10.20838
1760988300694,-1.3441681,1.5720844,10.251451
1760988300696,-1.3531412,1.5768701,10.289736
1760988300699,-1.3339987,1.591227,10.3136635
1760988300701,-1.3298112,1.5672989,10.3232355
1760988300703,-1.3298112,1.5529419,10.36152
1760988300705,-1.329213,1.5720844,10.389636
1760988300708,-1.314856,1.5720844,10.403993
1760988300711,-1.314856,1.5768701,10.408778
1760988300712,-1.3244274,1.5720844,10.41835
1760988300715,-1.314856,1.5720844,10.432707
1760988300718,-1.3244274,1.5625132,10.447063
1760988300719,-1.3298112,1.5433706,10.418948
1760988300722,-1.3483555,1.5535401,10.433305
1760988300724,-1.3435699,1.5577276,10.432707
1760988300726,-1.358525,1.5296118,10.418948
1760988300728,-1.3674982,1.5439688,10.423734
1760988300731,-1.3776677,1.5056837,10.409377
1760988300732,-1.3968102,1.5296118,10.385448
1760988300736,-1.3968102,1.5200406,10.409377
1760988300738,-1.4111671,1.4961123,10.380663
1760988300740,-1.4303098,1.5014962,10.385448
1760988300742,-1.4303098,1.4919249,10.375877
1760988300744,-1.4494523,1.4871392,10.37169
1760988300746,-1.430908,1.4823537,10.385448
1760988300749,-1.4404793,1.477568,10.381261
1760988300752,-1.4644074,1.4727824,10.366904
1760988300753,-1.4691931,1.4679967,10.342976
1760988300756,-1.4691931,1.4440684,10.347761
1760988300758,-1.4691931,1.4488541,10.357333
1760988300760,-1.4835501,1.4392828,10.33819
1760988300762,-1.4793626,1.4201403,10.333405
1760988300765,-1.4889339,1.4057833,10.342976
1760988300767,-1.4841483,1.4153546,10.347761
1760988300770,-1.4697913,1.4057833,10.347761
1760988300772,-1.4889339,1.4009976,10.362119
1760988300774,-1.474577,1.410569,10.347761
1760988300777,-1.4560326,1.3818551,10.342976
1760988300779,-1.46022,1.4009976,10.347761
1760988300781,-1.4560326,1.3866407,10.342976
1760988300783,-1.4416757,1.3956138,10.323833
1760988300785,-1.4273187,1.3860425,10.328619
1760988300787,-1.43689,1.3860425,10.323833
1760988300789,-1.4081762,1.3806586,10.299905
1760988300791,-1.3986049,1.3806586,10.309476
1760988300793,-1.3938192,1.3950156,10.299905
1760988300796,-1.3651053,1.3896317,10.280763
1760988300798,-1.3555341,1.3848461,10.290334
1760988300800,-1.3651053,1.3944174,10.247263
1760988300803,-1.3555341,1.4087744,10.228121
1760988300805,-1.3363914,1.41356,10.213763
1760988300807,-1.3657036,1.3896317,10.180862
1760988300810,-1.3746766,1.4183456,10.152148
1760988300812,-1.3651053,1.4231312,10.133006
1760988300815,-1.3603196,1.4327025,10.12822
1760988300817,-1.3794622,1.4327025,10.113863
1760988300820,-1.3698909,1.4374882,10.104292
1760988300822,-1.3746766,1.4518452,10.061221
1760988300823,-1.3986049,1.4470595,10.042078
1760988300826,-1.3884354,1.4614165,10.027721
1760988300828,-1.4075779,1.4709877,9.999007
1760988300830,-1.3938192,1.4614165,9.97508
1760988300832,-1.4267205,1.466202,9.965508
1760988300834,-1.4219348,1.4853446,9.955936
1760988300837,-1.4123635,1.4757733,9.951151
1760988300839,-1.4362918,1.4709877,9.951151
1760988300842,-1.4506488,1.4907285,9.946365
1760988300844,-1.4315062,1.4901303,9.960723
1760988300846,-1.4315062,1.4709877,9.946365
1760988300849,-1.4458631,1.4811572,9.960723
1760988300851,-1.4362918,1.4757733,9.951151
1760988300854,-1.4410775,1.4955142,9.951151
1760988300855,-1.4267205,1.4901303,9.97508
1760988300857,-1.4267205,1.4901303,9.97508
1760988300860,-1.4027922,1.4997016,9.994222
1760988300862,-1.393221,1.5044873,9.999007
1760988300864,-1.3740784,1.5044873,10.003794
1760988300867,-1.3645071,1.480559,10.027721
1760988300869,-1.3357933,1.4991034,10.022936
1760988300871,-1.326222,1.5038891,10.04148
1760988300874,-1.3405789,1.4751751,10.056436
1760988300876,-1.3214363,1.4943178,10.046266
1760988300878,-1.3166506,1.4799608,10.051051
1760988300881,-1.3214363,1.4895321,10.060623
1760988300883,-1.3070793,1.4943178,10.04148
1760988300885,-1.2927225,1.4793626,10.060623
1760988300887,-1.2975081,1.4841483,10.051051
1760988300890,-1.3166506,1.4895321,10.065409
1760988300892,-1.3022938,1.4889339,10.051051
1760988300894,-1.2975081,1.4889339,10.055838
1760988300896,-1.3214363,1.4799608,10.055838
1760988300899,-1.326222,1.4943178,10.07498
1760988300901,-1.3214363,1.5038891,10.060623
1760988300903,-1.3166506,1.4991034,10.04148
1760988300906,-1.3405789,1.4991034,10.04148
1760988300908,-1.326222,1.5038891,10.036695
1760988300911,-1.3310076,1.5038891,10.022338
1760988300912,-1.3214363,1.4895321,10.008579
1760988300914,-1.3405789,1.4847465,9.999007
1760988300917,-1.3166506,1.4841483,9.999007
1760988300919,-1.3268201,1.4799608,9.994222
1760988300922,-1.3172488,1.474577,10.013365
1760988300924,-1.3124632,1.4793626,9.999007
1760988300927,-1.3268201,1.4751751,10.008579
1760988300929,-1.326222,1.5086746,10.012766
1760988300930,-1.3214363,1.5086746,10.012766
1760988300933,-1.3405789,1.4895321,10.042078
1760988300935,-1.3310076,1.4943178,10.060623
1760988300937,-1.3405789,1.4943178,10.070194
1760988300940,-1.3310076,1.4943178,10.103694
1760988300942,-1.3310076,1.4895321,10.137193
1760988300944,-1.3405789,1.4997016,10.137193
1760988300946,-1.3310076,1.494916,10.18505
1760988300949,-1.3734802,1.4955142,10.213763
1760988300951,-1.378864,1.4715859,10.218549
1760988300953,-1.393221,1.4668003,10.232906
1760988300956,-1.4117653,1.4817554,10.256834
1760988300958,-1.4267205,1.4530416,10.256834
1760988300960,-1.4506488,1.4482559,10.271192
1760988300962,-1.4506488,1.4482559,10.275977
1760988300964,-1.4739788,1.4536397,10.285548
1760988300967,-1.4985052,1.4297116,10.285548
1760988300969,-1.5170496,1.4350954,10.276575
1760988300971,-1.5128621,1.4201403,10.27179
1760988300973,-1.5080764,1.4201403,10.276575
1760988300976,-1.5320047,1.4015958,10.262218
1760988300978,-1.5224334,1.4153546,10.257433
1760988300980,-1.5128621,1.4009976,10.247861
1760988300983,-1.5128621,1.4057833,10.243075
1760988300985,-1.5032908,1.410569,10.214361
1760988300988,-1.4985052,1.4201403,10.219148
1760988300989,-1.4889339,1.410569,10.219148
1760988300991,-1.4793626,1.4147564,10.20479
1760988300994,-1.474577,1.4243277,10.200005
1760988300995,-1.4506488,1.4338989,10.20479
1760988300998,-1.4506488,1.4482559,10.1904335
1760988301001,-1.4410775,1.4530416,10.166505
1760988301002,-1.416551,1.4907285,10.1802635
1760988301005,-1.4069797,1.4859428,10.170692
1760988301008,-1.3926228,1.5146568,10.1802635
1760988301010,-1.3734802,1.5188441,10.165907
1760988301012,-1.372882,1.538585,10.170692
1760988301014,-1.3591232,1.5379868,10.146765
1760988301016,-1.3393825,1.5523437,10.165907
1760988301018,-1.3537394,1.5475581,10.137193
1760988301021,-1.3489537,1.5523437,10.146765
1760988301023,-1.3441681,1.5667006,10.137193
1760988301025,-1.3345969,1.5667006,10.141979
1760988301027,-1.3441681,1.5762719,10.155738
1760988301030,-1.3680964,1.5768701,10.165907
1760988301032,-1.3489537,1.5762719,10.179666
1760988301035,-1.3776677,1.5672989,10.1802635
1760988301037,-1.3776677,1.5672989,10.203594
1760988301039,-1.3776677,1.5529419,10.199407
1760988301042,-1.387239,1.5481563,10.241879
1760988301044,-1.3968102,1.5625132,10.246665
1760988301046,-1.3968102,1.5337993,10.265807
1760988301048,-1.4015958,1.515255,10.295119
1760988301050,-1.4159528,1.5056837,10.295119
1760988301052,-1.439881,1.5056837,10.295119
1760988301055,-1.4404793,1.4961123,10.280763
1760988301058,-1.4596218,1.4584254,10.295119
1760988301059,-1.4787644,1.477568,10.290334
1760988301062,-1.4883357,1.4727824,10.290334
1760988301064,-1.5074782,1.4584254,10.280763
1760988301066,-1.4979069,1.4536397,10.26162
1760988301069,-1.5218352,1.4584254,10.228719
1760988301071,-1.5314065,1.4494523,10.228719
1760988301073,-1.5457634,1.4542379,10.20479
1760988301075,-1.564906,1.4685949,10.195219
1760988301078,-1.5601203,1.4638093,10.156934
1760988301080,-1.5457634,1.4590236,10.152148
1760988301083,-1.5409778,1.4679967,10.12822
1760988301085,-1.5409778,1.4727824,10.099506
1760988301087,-1.5266209,1.4727824,10.085149
1760988301089,-1.5218352,1.4679967,10.061221
1760988301091,-1.5170496,1.4721842,10.027721
1760988301093,-1.4937196,1.4721842,10.027721
1760988301096,-1.4691931,1.4961123,10.008579
1760988301098,-1.4554343,1.4811572,10.022936
1760988301100,-1.4506488,1.4859428,10.013365
1760988301103,-1.416551,1.5050855,10.01815
1760988301105,-1.4027922,1.4997016,9.989436
1760988301107,-1.4117653,1.5188441,9.994222
1760988301110,-1.402194,1.5092729,10.022936
1760988301112,-1.393221,1.4853446,10.032507
1760988301114,-1.3782659,1.5092729,10.051051
1760988301116,-1.3830515,1.5188441,10.065409
1760988301119,-1.3782659,1.5092729,10.094122
1760988301121,-1.3926228,1.4955142,10.118051
1760988301123,-1.3926228,1.5194423,10.141979
1760988301125,-1.4213367,1.5098711,10.161121
1760988301128,-1.4213367,1.4907285,10.1802635
1760988301130,-1.4548361,1.4961123,10.213763
1760988301132,-1.4644074,1.500898,10.208978
1760988301134,-1.4596218,1.4913267,10.247263
1760988301136,-1.4787644,1.4727824,10.2520485
1760988301139,-1.5026926,1.4727824,10.2520485
1760988301142,-1.5122639,1.4494523,10.285548
1760988301144,-1.5218352,1.4494523,10.285548
1760988301146,-1.5266209,1.4350954,10.30469
1760988301148,-1.5511472,1.4111671,10.300504
1760988301151,-1.541576,1.4015958,10.305289
1760988301153,-1.527219,1.3968102,10.319646
1760988301154,-1.5367904,1.387239,10.310075
1760988301156,-1.5367904,1.387239,10.3340025
1760988301158,-1.5176477,1.3968102,10.324431
1760988301161,-1.5032908,1.4063815,10.333405
1760988301163,-1.5032908,1.396212,10.329217
1760988301166,-1.5032908,1.4009976,10.319646
1760988301168,-1.5032908,1.3914263,10.338788
1760988301170,-1.4889339,1.396212,10.305289
1760988301172,-1.4889339,1.4009976,10.305289
1760988301174,-1.4793626,1.4153546,10.295119
1760988301177,-1.4793626,1.410569,10.27179
1760988301179,-1.474577,1.4249259,10.280763
1760988301181,-1.4458631,1.4051851,10.262218
1760988301184,-1.4554343,1.4147564,10.252646
1760988301186,-1.4362918,1.4386846,10.256834
1760988301188,-1.4315062,1.4482559,10.256834
1760988301190,-1.4171492,1.442872,10.208978
1760988301192,-1.393221,1.442872,10.204192
1760988301195,-1.3692927,1.4470595,10.18505
1760988301197,-1.3597214,1.4470595,10.175478
1760988301199,-1.3357933,1.4614165,10.161121
1760988301202,-1.3357933,1.4799608,10.118051
1760988301205,-1.3070793,1.4799608,10.098908
1760988301207,-1.3076776,1.4656038,10.070194
1760988301209,-1.3076776,1.474577,10.042078
1760988301211,-1.3070793,1.4841483,10.022936
1760988301213,-1.302892,1.474577,9.994222
1760988301215,-1.3022938,1.5032908,9.984651
1760988301218,-1.3166506,1.4985052,9.960723
1760988301221,-1.3070793,1.5080764,9.94158
1760988301222,-1.3214363,1.5224334,9.922438
1760988301225,-1.3310076,1.5182459,9.936794
1760988301227,-1.3501502,1.5326029,9.912866
1760988301229,-1.3639089,1.5421742,9.90808
1760988301231,-1.3639089,1.5326029,9.917651
1760988301233,-1.3926228,1.5379868,9.922438
1760988301236,-1.3926228,1.5427724,9.94158
1760988301238,-1.3974084,1.5379868,9.955936
1760988301240,-1.402194,1.5379868,10.003794
1760988301243,-1.416551,1.5194423,10.008579
1760988301245,-1.4213367,1.5194423,10.042078
1760988301247,-1.416551,1.524228,10.07498
1760988301249,-1.430908,1.5098711,10.094122
1760988301252,-1.4069797,1.5002998,10.137193
1760988301254,-1.402194,1.4955142,10.15155
1760988301256,-1.3974084,1.4955142,10.194621
1760988301259,-1.3980067,1.4715859,10.213763
1760988301260,-1.3830515,1.5002998,10.237692
1760988301263,-1.3639089,1.4859428,10.256834
1760988301265,-1.3639089,1.4859428,10.280763
1760988301267,-1.3591232,1.4763715,10.266405
1760988301270,-1.3734802,1.4763715,10.285548
1760988301272,-1.3734802,1.4763715,10.275977
1760988301274,-1.3830515,1.4859428,10.285548
1760988301276,-1.3782659,1.4955142,10.290334
1760988301279,-1.3926228,1.4859428,10.280763
1760988301282,-1.3974084,1.4907285,10.285548
1760988301284,-1.402194,1.5056837,10.285548
1760988301286,-1.3974084,1.5056837,10.295119
1760988301288,-1.4015958,1.5296118,10.28495
1760988301291,-1.3926228,1.5050855,10.285548
1760988301293,-1.387239,1.5194423,10.28495
1760988301295,-1.3974084,1.5056837,10.309476
1760988301297,-1.3782659,1.5098711,10.318449
1760988301300,-1.3686945,1.5098711,10.328021
1760988301302,-1.3639089,1.5098711,10.328021
1760988301304,-1.3489537,1.5290136,10.318449
1760988301306,-1.3399807,1.5098711,10.337592
1760988301308,-1.3447664,1.5050855,10.342378
1760988301311,-1.3112668,1.5188441,10.342378
1760988301314,-1.3351951,1.5098711,10.366306
1760988301316,-1.3351951,1.5146568,10.342378
1760988301317,-1.3447664,1.5050855,10.347163
1760988301320,-1.3112668,1.5140585,10.351949
1760988301322,-1.3064811,1.5140585,10.332807
1760988301324,-1.3064811,1.4997016,10.347163
1760988301326,-1.3208381,1.5044873,10.328021
1760988301329,-1.3351951,1.5188441,10.308878
1760988301331,-1.3208381,1.5140585,10.3232355
1760988301333,-1.3351951,1.5092729,10.280165
1760988301336,-1.3591232,1.5050855,10.256834
1760988301338,-1.3543376,1.4997016,10.237692
1760988301341,-1.3734802,1.4955142,10.232906
1760988301343,-1.3974084,1.5050855,10.18505
1760988301345,-1.3926228,1.5098711,10.170692
1760988301348,-1.4117653,1.4907285,10.146765
1760988301350,-1.430908,1.4955142,10.137193
1760988301352,-1.4261223,1.4955142,10.137193
1760988301354,-1.4500505,1.5104693,10.1084795
1760988301356,-1.4452649,1.4859428,10.094721
1760988301358,-1.4691931,1.4913267,10.080363
1760988301361,-1.4691931,1.500898,10.061221
1760988301364,-1.4644074,1.4859428,10.0372925
1760988301365,-1.4841483,1.4721842,10.056436
1760988301368,-1.4650056,1.4811572,10.0372925
1760988301370,-1.4650056,1.4668003,10.027721
1760988301372,-1.46022,1.4524434,10.042078
1760988301374,-1.4554343,1.4715859,10.0468645
1760988301377,-1.4697913,1.4626129,10.05165
1760988301379,-1.4548361,1.4811572,10.070792
1760988301382,-1.4500505,1.4859428,10.085149
1760988301384,-1.4548361,1.4961123,10.109077
1760988301386,-1.430908,1.4811572,10.118649
1760988301388,-1.4404793,1.4769697,10.156336
1760988301390,-1.4452649,1.500898,10.165907
1760988301393,-1.4452649,1.4769697,10.1802635
1760988301396,-1.4500505,1.4817554,10.199407
1760988301397,-1.4356936,1.500898,10.223334
1760988301399,-1.4267205,1.4578272,10.228121
1760988301402,-1.4452649,1.4578272,10.242477
1760988301404,-1.4548361,1.4817554,10.242477
1760988301406,-1.4644074,1.4823537,10.256834
1760988301408,-1.4691931,1.4727824,10.256834
1760988301411,-1.4691931,1.4584254,10.26162
1760988301413,-1.4644074,1.4488541,10.285548
1760988301416,-1.4787644,1.4536397,10.271192
1760988301418,-1.4787644,1.4536397,10.271192
1760988301420,-1.4739788,1.4440684,10.275977
1760988301422,-1.4985052,1.4344971,10.271192
1760988301425,-1.4889339,1.4344971,10.275977
1760988301427,-1.5026926,1.4488541,10.271192
1760988301429,-1.4883357,1.4536397,10.26162
1760988301431,-1.5074782,1.4488541,10.223933
1760988301434,-1.4979069,1.4584254,10.223933
1760988301436,-1.4889339,1.4386846,10.1904335
1760988301438,-1.4937196,1.4488541,10.195219
1760988301440,-1.4787644,1.4578272,10.176077
1760988301443,-1.4697913,1.4530416,10.152148
1760988301445,-1.4506488,1.4626129,10.152148
1760988301448,-1.4596218,1.4769697,10.12822
1760988301449,-1.4650056,1.4626129,10.118649
1760988301451,-1.4267205,1.4715859,10.12822
1760988301454,-1.4219348,1.4811572,10.094721
1760988301456,-1.430908,1.4955142,10.080363
1760988301458,-1.4171492,1.4811572,10.075578
1760988301461,-1.4123635,1.4757733,10.061221
1760988301463,-1.3980067,1.4853446,10.061221
1760988301466,-1.3980067,1.494916,10.0468645
1760988301468,-1.3980067,1.4901303,10.032507
1760988301470,-1.4027922,1.4853446,10.0372925
1760988301472,-1.3884354,1.4853446,10.05165
1760988301475,-1.378864,1.4757733,10.05165
1760988301477,-1.3938192,1.4470595,10.042078
1760988301479,-1.378864,1.4614165,10.070792
1760988301482,-1.3938192,1.4470595,10.085149
1760988301484,-1.4027922,1.4614165,10.066007
1760988301486,-1.3836497,1.4518452,10.089935
1760988301488,-1.3980067,1.4518452,10.109077
1760988301491,-1.3938192,1.4327025,10.109077
1760988301493,-1.4171492,1.4380864,10.113863
1760988301495,-1.4219348,1.4476577,10.147363
1760988301497,-1.43689,1.4189439,10.142577
1760988301499,-1.422533,1.4237294,10.156934
1760988301502,-1.4410775,1.4380864,10.180862
1760988301504,-1.4554343,1.4338989,10.1904335
1760988301507,-1.4554343,1.4386846,10.20479
1760988301508,-1.474577,1.4243277,10.223933
1760988301511,-1.474577,1.4291133,10.209576
1760988301513,-1.4650056,1.4243277,10.219148
1760988301516,-1.4697913,1.4147564,10.209576
1760988301518,-1.4841483,1.4195421,10.209576
1760988301520,-1.474577,1.4195421,10.214361
1760988301522,-1.5080764,1.4249259,10.200005
1760988301524,-1.4937196,1.4249259,10.214361
1760988301527,-1.4889339,1.4147564,10.185648
1760988301529,-1.4937196,1.4195421,10.185648
1760988301531,-1.4985052,1.4344971,10.1904335
1760988301534,-1.5080764,1.4297116,10.166505
1760988301536,-1.5032908,1.4249259,10.180862
1760988301538,-1.5080764,1.4249259,10.1904335
1760988301540,-1.4985052,1.4392828,10.176077
1760988301542,-1.5128621,1.4488541,10.152148
1760988301544,-1.4889339,1.4386846,10.17129
1760988301547,-1.4985052,1.4297116,10.166505
1760988301549,-1.5032908,1.4488541,10.17129
1760988301551,-1.4697913,1.4291133,10.161719
1760988301554,-1.4458631,1.4482559,10.180862
1760988301556,-1.4506488,1.4434702,10.185648
1760988301559,-1.4410775,1.4626129,10.189836
1760988301561,-1.4123635,1.4476577,10.189836
1760988301563,-1.3836497,1.457229,10.194621
1760988301565,-1.3740784,1.4614165,10.194621
1760988301568,-1.3836497,1.4470595,10.1802635
1760988301570,-1.3740784,1.4518452,10.194621
1760988301572,-1.3453646,1.4757733,10.189836
1760988301574,-1.3405789,1.4614165,10.18505
1760988301577,-1.3166506,1.4608182,10.204192
1760988301579,-1.3214363,1.451247,10.204192
1760988301581,-1.311865,1.4847465,10.213763
1760988301583,-1.3070793,1.4895321,10.208978
1760988301586,-1.3214363,1.4709877,10.218549
1760988301588,-1.3214363,1.4853446,10.213763
1760988301590,-1.3166506,1.4703895,10.208978
1760988301593,-1.3256238,1.5092729,10.213763
1760988301595,-1.3256238,1.5092729,10.208978
1760988301597,-1.3447664,1.4997016,10.199407
1760988301599,-1.3543376,1.5140585,10.218549
1760988301602,-1.3591232,1.5140585,10.204192
1760988301604,-1.3543376,1.5044873,10.218549
1760988301606,-1.3782659,1.5002998,10.213763
1760988301608,-1.3878372,1.5050855,10.208978
1760988301611,-1.402194,1.5098711,10.213763
1760988301613,-1.402194,1.5194423,10.218549
1760988301615,-1.3974084,1.5194423,10.218549
1760988301617,-1.3974084,1.5098711,10.237692
1760988301619,-1.3878372,1.524228,10.213763
1760988301622,-1.3926228,1.5146568,10.223334
1760988301624,-1.3830515,1.5146568,10.223334
1760988301627,-1.3543376,1.5092729,10.228121
1760988301628,-1.3782659,1.5002998,10.213763
1760988301630,-1.3495519,1.5092729,10.232906
1760988301633,-1.3447664,1.4997016,10.223334
1760988301635,-1.3495519,1.5044873,10.199407
1760988301638,-1.3256238,1.4997016,10.208978
1760988301640,-1.3214363,1.4847465,10.18505
1760988301642,-1.3160524,1.5086746,10.175478
1760988301644,-1.3310076,1.4847465,10.165907
1760988301647,-1.3304094,1.5092729,10.170692
1760988301649,-1.326222,1.4895321,10.175478
1760988301652,-1.3208381,1.5134603,10.15155
1760988301653,-1.3351951,1.5044873,10.161121
1760988301657,-1.3256238,1.5086746,10.165907
1760988301657,-1.3256238,1.5134603,10.161121
1760988301660,-1.3447664,1.5284154,10.156336
1760988301662,-1.3447664,1.5236298,10.141979
1760988301664,-1.3495519,1.5332011,10.161121
1760988301667,-1.3543376,1.5044873,10.156336
1760988301669,-1.3680964,1.5379868,10.161121
1760988301672,-1.3920245,1.5481563,10.137193
1760988301673,-1.3926228,1.5290136,10.132407
1760988301675,-1.3974084,1.5337993,10.118051
1760988301678,-1.4117653,1.524228,10.094122
1760988301680,-1.4213367,1.5098711,10.075578
1760988301682,-1.4117653,1.5337993,10.094122
1760988301685,-1.3878372,1.5236298,10.084551
1760988301687,-1.3974084,1.5284154,10.07498
1760988301689,-1.3974084,1.5188441,10.055838
1760988301691,-1.3734802,1.5379868,10.065409
1760988301694,-1.3878372,1.5284154,10.04148
1760988301697,-1.3878372,1.5332011,10.046266
1760988301698,-1.3686945,1.5332011,10.031909
1760988301700,-1.3399807,1.5230316,10.031909
1760988301703,-1.3351951,1.5278172,10.012766
1760988301705,-1.3405789,1.5134603,10.008579
1760988301707,-1.3214363,1.5086746,10.003794
1760988301710,-1.3310076,1.5182459,9.998409
1760988301712,-1.3214363,1.5086746,10.00798
1760988301714,-1.3304094,1.5278172,10.027123
1760988301716,-1.3453646,1.5134603,10.036695
1760988301719,-1.3501502,1.5086746,10.031909
1760988301721,-1.3597214,1.494916,10.060623
1760988301723,-1.3926228,1.4997016,10.084551
1760988301726,-1.416551,1.5002998,10.1084795
1760988301728,-1.4261223,1.4763715,10.156336
1760988301730,-1.4356936,1.4859428,10.161121
1760988301733,-1.4548361,1.4721842,10.194621
1760988301735,-1.4835501,1.4679967,10.208978
1760988301738,-1.4979069,1.4536397,10.247263
1760988301740,-1.5218352,1.439881,10.262218
1760988301742,-1.5409778,1.4494523,10.276575
1760988301745,-1.5361922,1.4303098,10.300504
1760988301747,-1.5696917,1.4356936,10.300504
1760988301749,-1.5696917,1.4117653,10.338788
1760988301751,-1.5984055,1.402194,10.3340025
1760988301753,-1.5990037,1.3926228,10.353146
1760988301756,-1.6133606,1.3782659,10.34836
1760988301758,-1.6133606,1.3740784,10.362717
1760988301760,-1.6037893,1.3830515,10.377073
1760988301762,-1.6181463,1.3884354,10.343575
1760988301765,-1.5990037,1.3639089,10.353146
1760988301767,-1.6037893,1.3639089,10.329217
1760988301769,-1.5990037,1.3830515,10.338788
1760988301771,-1.608575,1.3782659,10.305289
1760988301774,-1.5846468,1.3830515,10.281361
1760988301776,-1.5798612,1.3974084,10.267004
1760988301778,-1.5607185,1.387239,10.257433
1760988301780,-1.5559329,1.4063815,10.23829
1760988301783,-1.541576,1.4159528,10.209576
1760988301785,-1.527219,1.4297116,10.1904335
1760988301787,-1.5224334,1.4297116,10.166505
1760988301790,-1.5176477,1.4488541,10.156934
1760988301792,-1.5128621,1.4488541,10.161719
1760988301795,-1.5026926,1.4871392,10.147363
1760988301796,-1.5026926,1.4727824,10.161719
1760988301799,-1.4787644,1.4817554,10.1802635
1760988301801,-1.4644074,1.4961123,10.170692
1760988301803,-1.4835501,1.5014962,10.1802635
1760988301806,-1.4739788,1.500898,10.204192
1760988301808,-1.4596218,1.4961123,10.213763
1760988301810,-1.4685949,1.5062819,10.232906
1760988301812,-1.4548361,1.4913267,10.242477
1760988301814,-1.4638093,1.5056837,10.247263
1760988301816,-1.4691931,1.4871392,10.295119
1760988301819,-1.4787644,1.4871392,10.295119
1760988301822,-1.4931214,1.4679967,10.314262
1760988301824,-1.4877375,1.4823537,10.319048
1760988301826,-1.4733806,1.4871392,10.314262
1760988301828,-1.4931214,1.4727824,10.299905
1760988301831,-1.4835501,1.477568,10.314262
1760988301833,-1.4835501,1.463211,10.30469
1760988301835,-1.4931214,1.4727824,10.299905
1760988301837,-1.5122639,1.4536397,10.275977
1760988301840,-1.5170496,1.4584254,10.2520485
1760988301842,-1.5170496,1.4440684,10.252646
1760988301844,-1.5128621,1.4344971,10.219148
1760988301847,-1.5314065,1.4392828,10.219148
1760988301849,-1.5314065,1.4488541,10.209576
1760988301851,-1.5409778,1.4590236,10.195219
1760988301853,-1.5361922,1.4679967,10.17129
1760988301855,-1.5074782,1.4584254,10.147363
1760988301858,-1.5122639,1.4679967,10.142577
1760988301860,-1.4979069,1.4769697,10.113863
1760988301862,-1.4739788,1.4769697,10.099506
1760988301864,-1.4691931,1.4769697,10.104292
1760988301867,-1.4554343,1.4668003,10.094721
1760988301869,-1.4362918,1.4715859,10.094721
1760988301871,-1.4123635,1.4668003,10.085149
1760988301874,-1.393221,1.4853446,10.094721
1760988301876,-1.3740784,1.4853446,10.1084795
1760988301878,-1.3639089,1.4997016,10.122836
1760988301880,-1.3453646,1.4901303,10.156336
1760988301883,-1.3357933,1.4847465,10.15155
1760988301885,-1.3399807,1.5092729,10.161121
1760988301887,-1.3351951,1.5092729,10.170692
1760988301889,-1.3351951,1.5092729,10.213763
1760988301892,-1.3447664,1.5044873,10.213763
1760988301894,-1.3447664,1.5092729,10.256834
1760988301896,-1.3591232,1.5140585,10.228121
1760988301898,-1.3591232,1.5194423,10.247263
1760988301901,-1.3734802,1.5194423,10.247263
1760988301903,-1.3830515,1.5050855,10.242477
1760988301905,-1.3830515,1.5002998,10.213763
1760988301907,-1.3878372,1.5050855,10.223334
1760988301910,-1.416551,1.4907285,10.228121
1760988301912,-1.4356936,1.4817554,10.208978
1760988301915,-1.430908,1.4673985,10.204192
1760988301917,-1.4267205,1.4620147,10.1802635
1760988301919,-1.4452649,1.4673985,10.18505
1760988301921,-1.4458631,1.4530416,10.180862
1760988301923,-1.4650056,1.4434702,10.180862
1760988301926,-1.4650056,1.4530416,10.152148
1760988301928,-1.474577,1.4626129,10.133006
1760988301930,-1.4554343,1.4578272,10.147363
1760988301933,-1.4650056,1.4578272,10.137792
1760988301935,-1.4554343,1.4673985,10.118649
1760988301937,-1.4691931,1.4817554,10.109077
1760988301940,-1.4315062,1.4763715,10.099506
1760988301942,-1.4219348,1.4811572,10.099506
1760988301943,-1.393221,1.4853446,10.085149
1760988301946,-1.3878372,1.5092729,10.07498
1760988301947,-1.3782659,1.5284154,10.079765
1760988301950,-1.3734802,1.5188441,10.084551
1760988301952,-1.3782659,1.5140585,10.127622
1760988301954,-1.3591232,1.5236298,10.132407
1760988301957,-1.3304094,1.5373886,10.098908
1760988301960,-1.2873386,1.5511472,10.079765
1760988301962,-1.2436695,1.5894325,10.06481
1760988301964,-1.2436695,1.5942181,10.06481
1760988301967,-1.2628121,1.6181463,10.045668
1760988301969,-1.2723835,1.6181463,10.050453
1760988301971,-1.262214,1.6372889,10.045668
1760988301974,-1.2813566,1.6761723,10.036097
1760988301975,-1.2717853,1.6468602,10.016953
1760988301977,-1.2813566,1.6707884,10.021739
1760988301980,-1.2765709,1.6564314,10.012168
1760988301983,-1.2861422,1.6564314,9.997811
1760988301985,-1.2813566,1.6420746,9.984053
1760988301987,-1.3052847,1.6522441,9.988838
1760988301989,-1.3100704,1.6331015,9.998409
1760988301992,-1.3010973,1.6187445,10.017552
1760988301994,-1.3106686,1.6091732,10.027123
1760988301996,-1.3250256,1.585245,10.022338
1760988301998,-1.3298112,1.570888,10.055838
1760988302000,-1.3489537,1.5667006,10.065409
1760988302003,-1.3591232,1.5379868,10.098908
1760988302005,-1.3639089,1.5284154,10.118051
1760988302007,-1.3639089,1.5044873,10.122836
1760988302010,-1.402194,1.5098711,10.161121
1760988302012,-1.3782659,1.4907285,10.189836
1760988302014,-1.4117653,1.4763715,10.18505
1760988302016,-1.430908,1.4673985,10.213763
1760988302018,-1.4219348,1.457229,10.223334
1760988302020,-1.4410775,1.4530416,10.2520485
1760988302023,-1.4644074,1.4530416,10.256834
1760988302025,-1.4691931,1.4536397,10.280763
1760988302028,-1.4793626,1.4297116,10.309476
1760988302030,-1.5080764,1.4207385,10.33819
1760988302033,-1.5032908,1.4207385,10.362119
1760988302035,-1.5080764,1.4159528,10.347761
1760988302037,-1.5224334,1.4159528,10.357333
1760988302039,-1.5409778,1.4207385,10.37169
1760988302042,-1.5463617,1.4063815,10.381261
1760988302044,-1.5457634,1.4117653,10.390832
1760988302046,-1.5840486,1.4117653,10.429117
1760988302048,-1.5696917,1.3974084,10.433903
1760988302051,-1.5750755,1.3878372,10.414761
1760988302052,-1.5744773,1.3926228,10.433903
1760988302055,-1.5846468,1.3734802,10.429716
1760988302058,-1.5894325,1.3830515,10.429117
1760988302059,-1.5798612,1.3639089,10.434502
1760988302062,-1.5894325,1.3830515,10.42493
1760988302064,-1.5846468,1.3686945,10.420144
1760988302066,-1.5894325,1.3782659,10.401002
1760988302068,-1.5846468,1.3686945,10.396216
1760988302070,-1.5942181,1.3782659,10.377073
1760988302073,-1.608575,1.3884354,10.377073
1760988302076,-1.5990037,1.3926228,10.353146
1760988302077,-1.5894325,1.3974084,10.31486
1760988302080,-1.5840486,1.416551,10.295717
1760988302082,-1.5559329,1.4111671,10.27179
1760988302085,-1.541576,1.4063815,10.23829
1760988302086,-1.5367904,1.410569,10.195219
1760988302089,-1.5320047,1.4153546,10.156934
1760988302091,-1.4985052,1.4434702,10.113863
1760988302093,-1.4985052,1.4434702,10.075578
1760988302095,-1.46022,1.442872,10.05165
1760988302097,-1.4650056,1.4620147,10.01815
1760988302100,-1.4458631,1.4811572,9.994222
1760988302102,-1.4315062,1.480559,9.965508
1760988302104,-1.4410775,1.5002998,9.951151
1760988302106,-1.4123635,1.5140585,9.932009
1760988302109,-1.3878372,1.5278172,9.90808
1760988302112,-1.3543376,1.5469599,9.917651
1760988302116,-1.3639089,1.5326029,9.912866
1760988302116,-1.3495519,1.5756737,9.90808
1760988302120,-1.3304094,1.5804594,9.921839
1760988302122,-1.3256238,1.5894325,9.902697
1760988302124,-1.3106686,1.6037893,9.931411
1760988302125,-1.3064811,1.5798612,9.907482
1760988302127,-1.2867404,1.6133606,9.921839
1760988302130,-1.2915261,1.6181463,9.945767
1760988302132,-1.2867404,1.6133606,9.960124
1760988302135,-1.2819548,1.6181463,9.960124
1760988302136,-1.2963116,1.6277176,9.969695
1760988302138,-1.2867404,1.622932,9.979267
1760988302140,-1.2771691,1.622932,9.988838
1760988302143,-1.2963116,1.6181463,9.988838
1760988302146,-1.2819548,1.6133606,9.988838
1760988302148,-1.2963116,1.608575,9.998409
1760988302150,-1.2963116,1.6133606,9.988838
1760988302153,-1.3058829,1.6043876,10.00798
1760988302157,-1.3154542,1.6091732,10.003195
1760988302157,-1.3250256,1.5948163,10.00798
1760988302158,-1.3537394,1.5804594,10.003195
1760988302161,-1.3441681,1.5804594,9.988838
1760988302163,-1.3633107,1.5762719,9.988838
1760988302166,-1.3734802,1.561915,9.984053
1760988302168,-1.3830515,1.5427724,9.97508
1760988302170,-1.402194,1.5332011,9.965508
1760988302172,-1.3980067,1.5092729,9.955936
1760988302174,-1.4171492,1.494916,9.946365
1760988302176,-1.4171492,1.4901303,9.960723
1760988302179,-1.4356936,1.5098711,9.946365
1760988302181,-1.4506488,1.4763715,9.936794
1760988302183,-1.4697913,1.4620147,9.97508
1760988302185,-1.46022,1.442872,10.008579
1760988302188,-1.4650056,1.4380864,10.027721
1760988302190,-1.4889339,1.4530416,10.061221
1760988302192,-1.4889339,1.4578272,10.089935
1760988302195,-1.4985052,1.4482559,10.137792
1760988302198,-1.5074782,1.4536397,10.166505
1760988302199,-1.5224334,1.4297116,10.200005
1760988302201,-1.5218352,1.4488541,10.20479
1760988302204,-1.5361922,1.439881,10.262218
1760988302206,-1.550549,1.4350954,10.281361
1760988302208,-1.564906,1.4500505,10.286146
1760988302211,-1.5314065,1.4350954,10.295119
1760988302213,-1.564906,1.4404793,10.323833
1760988302216,-1.5601203,1.4207385,10.319646
1760988302219,-1.5553347,1.4303098,10.310075
1760988302221,-1.5696917,1.4213367,10.310075
1760988302223,-1.579263,1.430908,10.300504
1760988302224,-1.564906,1.4261223,10.300504
1760988302227,-1.5696917,1.4404793,10.27179
1760988302229,-1.564906,1.4350954,10.262218
1760988302231,-1.5744773,1.4303098,10.223933
1760988302233,-1.5559329,1.4207385,10.214361
1760988302235,-1.541576,1.4344971,10.180862
1760988302238,-1.5409778,1.4584254,10.17129
1760988302240,-1.5218352,1.4536397,10.133006
1760988302242,-1.5080764,1.4578272,10.094721
1760988302245,-1.4937196,1.4673985,10.080363
1760988302248,-1.4650056,1.4668003,10.070792
1760988302249,-1.4410775,1.4715859,10.056436
1760988302252,-1.4219348,1.4763715,10.061221
1760988302254,-1.4075779,1.4709877,10.0468645
1760988302257,-1.3884354,1.480559,10.0468645
1760988302259,-1.3645071,1.4751751,10.056436
1760988302261,-1.3692927,1.4901303,10.05165
1760988302263,-1.326222,1.4991034,10.051051
1760988302265,-1.3357933,1.5038891,10.065409
1760988302268,-1.3166506,1.5086746,10.079765
1760988302271,-1.311865,1.5182459,10.070194
1760988302272,-1.2969099,1.5373886,10.113265
1760988302274,-1.3112668,1.5421742,10.113265
1760988302277,-1.3160524,1.5373886,10.113265
1760988302279,-1.3345969,1.5714862,10.122836
1760988302281,-1.3441681,1.5667006,10.137193
1760988302283,-1.3489537,1.5714862,10.141979
1760988302286,-1.3537394,1.5810575,10.146765
1760988302288,-1.3770695,1.5864414,10.146765
1760988302290,-1.3824533,1.5720844,10.132407
1760988302292,-1.4015958,1.5672989,10.127622
1760988302294,-1.4297116,1.5816557,10.089336
1760988302297,-1.439881,1.5577276,10.084551
1760988302299,-1.4350954,1.5768701,10.046266
1760988302301,-1.439881,1.5672989,10.012766
1760988302304,-1.4446666,1.5720844,9.994222
1760988302306,-1.4356936,1.5481563,9.94158
1760988302309,-1.4548361,1.538585,9.932009
1760988302311,-1.4548361,1.538585,9.884152
1760988302313,-1.4500505,1.538585,9.865009
1760988302315,-1.4452649,1.5284154,9.845867
1760988302318,-1.4596218,1.5332011,9.822537
1760988302320,-1.4596218,1.5284154,9.803394
1760988302323,-1.4548361,1.5379868,9.793823
1760988302325,-1.4644074,1.5284154,9.789038
1760988302326,-1.4644074,1.5284154,9.784252
1760988302329,-1.4596218,1.5475581,9.798609
1760988302331,-1.4739788,1.5577276,9.807582
1760988302333,-1.4739788,1.5481563,9.812965
1760988302335,-1.4596218,1.5433706,9.850653
1760988302338,-1.4787644,1.5481563,9.865009
1760988302340,-1.4644074,1.5529419,9.87458
1760988302342,-1.4548361,1.538585,9.90808
1760988302345,-1.4452649,1.538585,9.951151
1760988302347,-1.4644074,1.5337993,9.970294
1760988302349,-1.4452649,1.524228,10.008579
1760988302351,-1.4548361,1.524228,10.042078
1760988302354,-1.4548361,1.5002998,10.05165
1760988302357,-1.4500505,1.4955142,10.085149
1760988302359,-1.4452649,1.486541,10.133006
1760988302360,-1.4500505,1.4769697,10.137792
1760988302363,-1.4458631,1.4578272,10.142577
1760988302365,-1.46022,1.4434702,10.152148
1760988302367,-1.4697913,1.4338989,10.166505
1760988302370,-1.4841483,1.4291133,10.156934
1760988302372,-1.4985052,1.4440684,10.17129
1760988302375,-1.4841483,1.4195421,10.176077
1760988302377,-1.4985052,1.4057833,10.176077
1760988302379,-1.4937196,1.4099708,10.1904335
1760988302381,-1.4943178,1.3956138,10.195219
1760988302383,-1.5038891,1.3818551,10.195219
1760988302386,-1.5038891,1.3764713,10.180862
1760988302388,-1.5230316,1.3770695,10.209576
1760988302390,-1.5086746,1.3627125,10.195219
1760988302392,-1.5230316,1.3483555,10.200005
1760988302395,-1.5086746,1.3579268,10.1904335
1760988302397,-1.4997016,1.352543,10.176077
1760988302399,-1.4997016,1.352543,10.180862
1760988302401,-1.4991034,1.3573287,10.176077
1760988302404,-1.4703895,1.3716856,10.180862
1760988302406,-1.4751751,1.3716856,10.176077
1760988302408,-1.4464613,1.375873,10.161719
1760988302410,-1.451247,1.3998013,10.161719
1760988302413,-1.422533,1.4141582,10.147363
1760988302415,-1.422533,1.4285151,10.123434
1760988302417,-1.4027922,1.4518452,10.075578
1760988302420,-1.4075779,1.4470595,10.070792
1760988302422,-1.378864,1.480559,10.0372925
1760988302424,-1.3740784,1.4799608,10.003794
1760988302426,-1.3645071,1.4943178,9.994222
1760988302428,-1.3597214,1.5038891,9.946365
1760988302431,-1.3597214,1.5326029,9.898509
1760988302433,-1.3639089,1.5373886,9.884152
1760988302435,-1.3357933,1.541576,9.826724
1760988302438,-1.3304094,1.5655042,9.807582
1760988302440,-1.3399807,1.5750755,9.798011
1760988302442,-1.3166506,1.5601203,9.759726
1760988302444,-1.3112668,1.579263,9.745368
1760988302447,-1.3070793,1.564906,9.731011
1760988302450,-1.3016955,1.5840486,9.692726
1760988302452,-1.3016955,1.6031911,9.692726
1760988302454,-1.3070793,1.579263,9.664013
1760988302456,-1.2975081,1.5744773,9.664013
1760988302459,-1.2831511,1.5738791,9.6783695
1760988302460,-1.2777673,1.588236,9.692726
1760988302463,-1.2735798,1.5834504,9.702297
1760988302465,-1.2831511,1.579263,9.716655
1760988302467,-1.2777673,1.5840486,9.735797
1760988302469,-1.2735798,1.579263,9.75494
1760988302472,-1.2777673,1.5744773,9.783653
1760988302474,-1.2921243,1.5744773,9.802796
1760988302476,-1.2831511,1.564906,9.8219385
1760988302478,-1.2783655,1.5553347,9.841082
1760988302481,-1.2927225,1.550549,9.855438
1760988302483,-1.311865,1.5463617,9.865009
1760988302485,-1.3256238,1.5607185,9.865009
1760988302487,-1.3351951,1.5463617,9.879367
1760988302490,-1.3351951,1.5511472,9.855438
1760988302492,-1.3399807,1.5511472,9.869795
1760988302495,-1.3645071,1.5278172,9.865009
1760988302498,-1.3836497,1.5230316,9.850653
1760988302500,-1.3878372,1.5421742,9.83151
1760988302501,-1.3980067,1.5230316,9.807582
1760988302503,-1.4117653,1.5373886,9.784252
1760988302506,-1.4219348,1.5278172,9.779466
1760988302508,-1.4267205,1.5230316,9.769895
1760988302510,-1.4458631,1.5188441,9.769895
1760988302512,-1.4410775,1.5092729,9.736395
1760988302515,-1.4315062,1.5236298,9.755538
1760988302518,-1.4362918,1.5332011,9.750752
1760988302520,-1.4506488,1.5236298,9.765109
1760988302523,-1.4315062,1.5236298,9.760324
1760988302525,-1.4458631,1.5044873,9.765109
1760988302527,-1.4267205,1.4901303,9.798609
1760988302529,-1.4362918,1.4997016,9.846465
1760988302532,-1.4458631,1.4997016,9.827323
1760988302534,-1.4362918,1.4901303,9.856036
1760988302536,-1.4362918,1.4901303,9.888938
1760988302538,-1.4506488,1.5050855,9.8937235
1760988302540,-1.4458631,1.4763715,9.936794
1760988302542,-1.4554343,1.4620147,9.951151
1760988302544,-1.4506488,1.457229,9.970294
1760988302546,-1.4315062,1.4614165,9.994222
1760988302548,-1.4416757,1.4380864,9.999007
1760988302551,-1.43689,1.4237294,10.022936
1760988302554,-1.451247,1.4380864,10.042078
1760988302555,-1.4799608,1.4243277,10.0468645
1760988302558,-1.4656038,1.3998013,10.061221
1760988302561,-1.4703895,1.4189439,10.075578
1760988302563,-1.4895321,1.4099708,10.075578
1760988302565,-1.4799608,1.4003994,10.080363
1760988302567,-1.4895321,1.3908281,10.052248
1760988302570,-1.4943178,1.3908281,10.057034
1760988302572,-1.4991034,1.3812568,10.061819
1760988302574,-1.4997016,1.3764713,10.033105
1760988302576,-1.5044873,1.3716856,10.018748
1760988302579,-1.5038891,1.4003994,9.999606
1760988302581,-1.5038891,1.39023,9.956535
1760988302583,-1.4901303,1.3950156,9.946963
1760988302586,-1.4853446,1.39023,9.927821
1760988302587,-1.4757733,1.3998013,9.91825
1760988302590,-1.4566308,1.3848461,9.875179
1760988302592,-1.4566308,1.3848461,9.875179
1760988302594,-1.466202,1.3992031,9.851251
1760988302597,-1.4327025,1.3986049,9.8321085
1760988302599,-1.4470595,1.4183456,9.822537
1760988302601,-1.4327025,1.422533,9.822537
1760988302604,-1.4231312,1.4129617,9.803394
1760988302605,-1.4327025,1.422533,9.793823
1760988302607,-1.4422739,1.4273187,9.779466
1760988302610,-1.4327025,1.4321043,9.784252
1760988302613,-1.4327025,1.4273187,9.77468
1760988302615,-1.4518452,1.4279169,9.765109
1760988302617,-1.4422739,1.43689,9.765109
1760988302619,-1.4703895,1.4518452,9.779466
1760988302622,-1.4608182,1.4518452,9.784252
1760988302624,-1.4608182,1.4327025,9.789038
1760988302626,-1.4656038,1.4374882,9.784252
1760988302628,-1.4656038,1.4470595,9.793823
1760988302631,-1.4656038,1.4518452,9.784252
1760988302633,-1.4847465,1.4566308,9.793823
1760988302635,-1.4799608,1.4614165,9.803394
1760988302638,-1.4560326,1.4566308,9.793823
1760988302640,-1.4464613,1.4614165,9.817751
1760988302643,-1.4560326,1.4518452,9.817751
1760988302644,-1.4464613,1.466202,9.812965
1760988302647,-1.43689,1.4709877,9.798609
1760988302649,-1.4177474,1.4751751,9.789038
1760988302651,-1.4033905,1.4847465,9.784252
1760988302653,-1.3746766,1.4889339,9.784252
1760988302656,-1.3698909,1.4985052,9.77468
1760988302657,-1.3459628,1.4793626,9.760324
1760988302659,-1.3507484,1.4793626,9.741181
1760988302662,-1.3507484,1.4937196,9.731609
1760988302664,-1.3698909,1.4985052,9.731609
1760988302666,-1.3555341,1.5128621,9.702896
1760988302669,-1.3698909,1.5032908,9.693324
1760988302671,-1.3986049,1.5080764,9.678967
1760988302673,-1.3986049,1.5080764,9.678967
1760988302675,-1.4081762,1.4991034,9.669396
1760988302677,-1.4033905,1.4985052,9.640682
1760988302680,-1.4177474,1.4991034,9.635897
1760988302682,-1.4273187,1.4847465,9.640682
1760988302684,-1.4177474,1.4793626,9.602996
1760988302687,-1.4177474,1.4793626,9.626924
1760988302690,-1.422533,1.4697913,9.593424
1760988302693,-1.4231312,1.4697913,9.569496
1760988302694,-1.4129617,1.4841483,9.574282
1760988302696,-1.41356,1.46022,9.559925
1760988302698,-1.3944174,1.4554343,9.569496
1760988302701,-1.3848461,1.4500505,9.540782
1760988302703,-1.3704891,1.4596218,9.516854
1760988302705,-1.3609179,1.4644074,9.535996
1760988302707,-1.3752748,1.4596218,9.531211
1760988302710,-1.3561323,1.4691931,9.502497
1760988302712,-1.3417753,1.4829519,9.492926
1760988302714,-1.3369896,1.4877375,9.45464
1760988302716,-1.3274183,1.50688,9.4737835
1760988302718,-1.3130615,1.50688,9.45464
1760988302720,-1.3034902,1.5110675,9.425926
1760988302723,-1.3034902,1.5206388,9.435498
1760988302725,-1.288535,1.5397813,9.421141
1760988302728,-1.2933207,1.5349957,9.421141
1760988302731,-1.2693924,1.5397813,9.434899
1760988302732,-1.274178,1.544567,9.449257
1760988302734,-1.2550355,1.5493526,9.449257
1760988302736,-1.2646067,1.5637096,9.473185
1760988302739,-1.2454642,1.544567,9.47797
1760988302741,-1.2550355,1.544567,9.506684
1760988302745,-1.2598212,1.5684953,9.525827
1760988302747,-1.2831511,1.5690935,9.540184
1760988302748,-1.2789637,1.5547365,9.559326
1760988302751,-1.288535,1.5499508,9.583255
1760988302753,-1.2837493,1.5403795,9.616755
1760988302755,-1.3076776,1.5308083,9.645468
1760988302758,-1.3268201,1.5122639,9.635897
1760988302760,-1.3411771,1.5026926,9.65504
1760988302763,-1.3651053,1.5128621,9.698111
1760988302764,-1.3842479,1.4937196,9.726824
1760988302767,-1.3986049,1.4703895,9.750752
1760988302770,-1.43689,1.4464613,9.750752
1760988302771,-1.451247,1.4614165,9.803394
1760988302774,-1.4518452,1.4279169,9.798609
1760988302776,-1.4751751,1.4231312,9.803394
1760988302779,-1.494916,1.3992031,9.808778
1760988302780,-1.4997016,1.3998013,9.827921
1760988302783,-1.5044873,1.3854443,9.832706
1760988302785,-1.5236298,1.3710874,9.847063
1760988302786,-1.5379868,1.3567305,9.856635
1760988302789,-1.5433706,1.3423735,9.842278
1760988302792,-1.5290136,1.3471591,9.856635
1760988302795,-1.5236298,1.3567305,9.837492
1760988302796,-1.5337993,1.3232309,9.847063
1760988302799,-1.524228,1.3232309,9.842278
1760988302801,-1.5194423,1.3423735,9.856635
1760988302803,-1.5050855,1.3232309,9.832706
1760988302805,-1.4955142,1.317847,9.837492
1760988302808,-1.5050855,1.3232309,9.851849
1760988302809,-1.4955142,1.3423735,9.856635
1760988302812,-1.4907285,1.3567305,9.875777
1760988302814,-1.4763715,1.3561323,9.890134
1760988302817,-1.457229,1.3609179,9.894321
1760988302819,-1.457229,1.3657036,9.88475
1760988302822,-1.4620147,1.3657036,9.879965
1760988302823,-1.4614165,1.4039887,9.889536
1760988302826,-1.466202,1.4039887,9.889536
1760988302828,-1.451247,1.41356,9.899107
1760988302831,-1.4566308,1.4039887,9.894321
1760988302832,-1.466202,1.4087744,9.879965
1760988302834,-1.4757733,1.4039887,9.856036
1760988302836,-1.4614165,1.3992031,9.856036
1760988302839,-1.4518452,1.4183456,9.84168
1760988302841,-1.4566308,1.4039887,9.822537
1760988302843,-1.4518452,1.4087744,9.817751
1760988302846,-1.4566308,1.41356,9.793823
1760988302848,-1.4327025,1.4129617,9.769895
1760988302850,-1.4470595,1.422533,9.760324
1760988302852,-1.4470595,1.4129617,9.732208
1760988302855,-1.4231312,1.4129617,9.693923
1760988302857,-1.4374882,1.422533,9.665209
1760988302859,-1.4374882,1.4081762,9.655638
1760988302862,-1.4470595,1.4177474,9.622138
1760988302864,-1.4279169,1.4362918,9.6173525
1760988302867,-1.4279169,1.4554343,9.574282
1760988302869,-1.4231312,1.4650056,9.559925
1760988302872,-1.4183456,1.4506488,9.555139
1760988302873,-1.4033905,1.4889339,9.540782
1760988302876,-1.4039887,1.4793626,9.52164
1760988302878,-1.4033905,1.5032908,9.5455675
1760988302880,-1.3890336,1.5224334,9.526425
1760988302883,-1.3746766,1.5266209,9.526425
1760988302885,-1.3651053,1.5218352,9.549755
1760988302887,-1.3746766,1.5074782,9.531211
1760988302889,-1.3555341,1.5314065,9.559326
1760988302891,-1.3411771,1.5314065,9.559326
1760988302894,-1.2981063,1.5308083,9.568898
1760988302896,-1.2981063,1.521237,9.597611
1760988302898,-1.2837493,1.535594,9.597611
1760988302901,-1.288535,1.5451652,9.592826
1760988302903,-1.2927225,1.5595222,9.611969
1760988302905,-1.2837493,1.5308083,9.635897
1760988302907,-1.288535,1.5451652,9.640682
1760988302910,-1.288535,1.5451652,9.635897
1760988302912,-1.2933207,1.535594,9.640682
1760988302915,-1.2789637,1.5451652,9.635897
1760988302916,-1.302892,1.5403795,9.631111
1760988302919,-1.288535,1.521237,9.616755
1760988302921,-1.2933207,1.5164514,9.6071825
1760988302923,-1.3124632,1.5308083,9.58804
1760988302925,-1.3076776,1.521237,9.573684
1760988302928,-1.3076776,1.5260227,9.559326
1760988302930,-1.3034902,1.5020944,9.564112
1760988302932,-1.302892,1.5260227,9.54497
1760988302934,-1.3082758,1.5020944,9.5353985
1760988302936,-1.3034902,1.50688,9.530613
1760988302938,-1.2891332,1.5116657,9.5353985
1760988302941,-1.302892,1.5260227,9.530613
1760988302943,-1.288535,1.5308083,9.540184
1760988302945,-1.288535,1.5308083,9.540184
1760988302948,-1.274178,1.5302101,9.5353985
1760988302951,-1.274178,1.5397813,9.5353985
1760988302953,-1.274178,1.5349957,9.559326
1760988302954,-1.2502499,1.5637096,9.549755
1760988302957,-1.2502499,1.544567,9.549755
1760988302959,-1.244866,1.5732809,9.578469
1760988302961,-1.2215359,1.544567,9.568898
1760988302964,-1.2311072,1.5493526,9.583255
1760988302967,-1.2119647,1.5493526,9.630513
1760988302968,-1.2358929,1.5397813,9.616755
1760988302971,-1.2640085,1.5547365,9.64487
1760988302973,-1.2831511,1.5547365,9.664013
1760988302975,-1.3166506,1.5601203,9.687941
1760988302978,-1.3453646,1.5511472,9.716655
1760988302980,-1.3597214,1.5511472,9.702896
1760988302982,-1.3884354,1.5463617,9.707682
1760988302985,-1.4123635,1.5326029,9.707682
1760988302987,-1.4315062,1.5421742,9.717253
1760988302989,-1.4697913,1.5140585,9.722038
1760988302991,-1.4889339,1.494916,9.731609
1760988302993,-1.4799608,1.4614165,9.70828
1760988302996,-1.43689,1.4608182,9.722038
1760988302998,-1.4279169,1.4464613,9.698709
1760988303000,-1.4608182,1.451247,9.693923
1760988303003,-1.4566308,1.4177474,9.646067
1760988303005,-1.4709877,1.4129617,9.655638
1760988303007,-1.4614165,1.4177474,9.631709
1760988303010,-1.4763715,1.3986049,9.631709
1760988303011,-1.4620147,1.3842479,9.612567
1760988303013,-1.4524434,1.4129617,9.593424
1760988303016,-1.442872,1.3980067,9.579067
1760988303019,-1.4285151,1.3884354,9.593424
1760988303021,-1.4524434,1.3890336,9.588638
1760988303023,-1.4237294,1.3884354,9.598209
1760988303025,-1.3956138,1.3782659,9.574282
1760988303027,-1.3812568,1.3878372,9.579067
1760988303030,-1.3477573,1.387239,9.583853
1760988303032,-1.3477573,1.3968102,9.574282
1760988303035,-1.3567305,1.3926228,9.598209
1760988303037,-1.375873,1.3926228,9.626924
1760988303039,-1.39023,1.4027922,9.646067
1760988303041,-1.4045869,1.4123635,9.650852
1760988303043,-1.3998013,1.3980067,9.67478
1760988303046,-1.39023,1.393221,9.698709
1760988303048,-1.3471591,1.3878372,9.717851
1760988303050,-1.3328022,1.3974084,9.660423
1760988303052,-1.2903296,1.3776677,9.636495
1760988303055,-1.2951152,1.3680964,9.622138
1760988303057,-1.2999009,1.3633107,9.631709
1760988303059,-1.3238292,1.387239,9.6173525
1760988303061,-1.3854443,1.3830515,9.626924
1760988303064,-1.4237294,1.4075779,9.64128
1760988303066,-1.4422739,1.4273187,9.646067
1760988303068,-1.4943178,1.4422739,9.665209
1760988303070,-1.5092729,1.4279169,9.689137
1760988303073,-1.5517455,1.4524434,9.717851
1760988303075,-1.5798612,1.4626129,9.727423
1760988303077,-1.5942181,1.4673985,9.741779
1760988303080,-1.5990037,1.4679967,9.756136
1760988303082,-1.5798612,1.4578272,9.746565
1760988303084,-1.570888,1.4195421,9.727423
1760988303087,-1.5613167,1.4338989,9.722636
1760988303089,-1.5278172,1.4285151,9.703494
1760988303091,-1.4997016,1.3896317,9.689137
1760988303094,-1.4859428,1.3609179,9.669994
1760988303095,-1.4476577,1.3651053,9.622138
1760988303098,-1.4147564,1.3549358,9.607781
1760988303100,-1.3812568,1.3543376,9.560523
1760988303102,-1.3669,1.3543376,9.550952
1760988303105,-1.329213,1.3489537,9.503095
1760988303107,-1.314856,1.3627125,9.46481
1760988303109,-1.262214,1.3669,9.393025
1760988303111,-1.247857,1.3710874,9.359526
1760988303114,-1.2335001,1.3998013,9.3308115
1760988303116,-1.2191432,1.4189439,9.302098
1760988303118,-1.2089736,1.4374882,9.27817
1760988303120,-1.1994023,1.4470595,9.254242
1760988303123,-1.1946167,1.4757733,9.244072
1760988303125,-1.1850454,1.480559,9.239286
1760988303127,-1.1754742,1.4757733,9.244072
1760988303130,-1.2137593,1.4614165,9.249456
1760988303132,-1.218545,1.4668003,9.263813
1760988303135,-1.227518,1.4811572,9.282357
1760988303137,-1.2376875,1.4620147,9.273384
1760988303138,-1.2520444,1.457229,9.306884
1760988303140,-1.2759727,1.4434702,9.3308115
1760988303144,-1.294517,1.4536397,9.363713
1760988303146,-1.3238292,1.4297116,9.407382
1760988303148,-1.3286148,1.4153546,9.436096
1760988303151,-1.3477573,1.3920245,9.474381
1760988303152,-1.3621143,1.3968102,9.497711
1760988303155,-1.3621143,1.3734802,9.555139
1760988303156,-1.3669,1.3830515,9.564711
1760988303158,-1.3621143,1.3639089,9.593424
1760988303160,-1.3716856,1.3734802,9.607781
1760988303163,-1.3860425,1.3591232,9.602996
1760988303165,-1.3956138,1.3495519,9.631709
1760988303167,-1.3860425,1.3399807,9.64128
1760988303169,-1.3722838,1.3160524,9.632308
1760988303172,-1.3573287,1.3447664,9.626924
1760988303174,-1.3477573,1.3489537,9.607781
1760988303176,-1.352543,1.3734802,9.607781
1760988303179,-1.3286148,1.372882,9.583853
1760988303181,-1.3232309,1.4111671,9.569496
1760988303183,-1.3094722,1.387239,9.5455675
1760988303185,-1.3046865,1.3770695,9.52164
1760988303188,-1.2903296,1.4009976,9.5455675
1760988303191,-1.2711871,1.4201403,9.507282
1760988303193,-1.2807583,1.4153546,9.48814
1760988303194,-1.2753744,1.4536397,9.468997
1760988303197,-1.2753744,1.4727824,9.45464
1760988303199,-1.2795619,1.4871392,9.435498
1760988303202,-1.2604194,1.5296118,9.406784
1760988303204,-1.2460624,1.5343975,9.387642
1760988303206,-1.2412767,1.5535401,9.363713
1760988303208,-1.2269198,1.5391831,9.368499
1760988303210,-1.2215359,1.5726827,9.343972
1760988303213,-1.183849,1.5720844,9.334401
1760988303215,-1.1784651,1.591227,9.348758
1760988303219,-1.1551352,1.5571294,9.363115
1760988303220,-1.1940185,1.4907285,9.368499
1760988303222,-1.2191432,1.4093726,9.416355
1760988303224,-1.1617154,1.4045869,9.516854
1760988303226,-1.0612168,1.3986049,9.597611
1760988303229,-0.9696914,1.4691931,9.597013
1760988303231,-0.92662054,1.4979069,9.573085
1760988303233,-0.9403793,1.5170496,9.563514
1760988303236,-0.9882358,1.5224334,9.57787
1760988303238,-1.0115658,1.5421742,9.664013
1760988303240,-1.0348958,1.561915,9.716056
1760988303242,-1.0301101,1.5571294,9.773484
1760988303244,-1.0444671,1.561915,9.816555
1760988303247,-1.0301101,1.5667006,9.864411
1760988303249,-1.0492527,1.5577276,9.902697
1760988303251,-1.0013963,1.5523437,9.917053
1760988303253,-0.991825,1.5571294,9.940384
1760988303256,-0.9822537,1.5571294,9.969097
1760988303258,-0.9822537,1.5475581,9.973883
1760988303260,-0.97806627,1.5188441,9.983455
1760988303262,-0.9876375,1.4901303,9.993624
1760988303265,-0.99720883,1.4901303,10.003195
1760988303268,-1.0408778,1.4620147,9.96491
1760988303270,-1.0935199,1.4386846,9.984053
1760988303272,-1.1174482,1.4195421,10.003195
1760988303274,-1.174876,1.4057833,9.984651
1760988303276,-1.2131611,1.3776677,9.951151
1760988303279,-1.2418749,1.3776677,9.951151
1760988303281,-1.2568301,1.3537394,9.908679
1760988303283,-1.2759727,1.3537394,9.870394
1760988303286,-1.2616158,1.3345969,9.84168
1760988303288,-1.2669996,1.3345969,9.793823
1760988303291,-1.2616158,1.358525,9.765109
1760988303293,-1.2568301,1.3818551,9.722038
1760988303295,-1.2472588,1.396212,9.698111
1760988303298,-1.227518,1.4201403,9.659825
1760988303299,-1.2083755,1.4434702,9.669396
1760988303301,-1.1940185,1.4530416,9.693324
1760988303304,-1.198206,1.4871392,9.75494
1760988303306,-1.1784651,1.5110675,9.778868
1760988303308,-1.14018,1.5296118,9.826724
1760988303310,-1.1204392,1.5726827,9.835697
1760988303312,-1.1156535,1.6013966,9.864411
1760988303315,-1.0767702,1.6199409,9.85484
1760988303317,-1.0671989,1.6438692,9.854242
1760988303319,-1.0474582,1.6773686,9.84467
1760988303322,-1.0378869,1.6965113,9.835099
1760988303324,-1.0139586,1.7198412,9.820743
1760988303327,-1.0043873,1.7150556,9.772886
1760988303328,-0.99960166,1.7389839,9.753743
1760988303331,-1.0043873,1.7485552,9.744172
1760988303333,-1.0091729,1.7294126,9.739387
1760988303336,-1.0187442,1.7389839,9.748958
1760988303339,-1.0043873,1.7341982,9.753743
1760988303340,-1.0283155,1.7150556,9.753743
1760988303343,-1.0139586,1.7150556,9.772886
1760988303344,-1.0049855,1.7006987,9.739387
1760988303347,-1.0097711,1.666601,9.701699
1760988303349,-1.0342976,1.6193427,9.687343
1760988303352,-1.0588241,1.5762719,9.668798
1760988303355,-1.0983056,1.4997016,9.659226
1760988303356,-1.1467602,1.4093726,9.631111
1760988303359,-1.1958131,1.3280165,9.598209
1760988303361,-1.2442678,1.2376875,9.589237
1760988303363,-1.2598212,1.1706885,9.570094
1760988303365,-1.2897314,1.0797613,9.565907
1760988303368,-1.3286148,0.99900347,9.561719
1760988303370,-1.4015958,0.89431745,9.538389
1760988303372,-1.4985052,0.79441714,9.510274
1760988303374,-1.614557,0.6329016,9.482756
1760988303376,-1.7264216,0.46121657,9.4737835
1760988303379,-1.8329022,0.33320054,9.507881
1760988303381,-1.9154545,0.22851457,9.570692
1760988303383,-1.9298115,0.20997019,9.671191
1760988303385,-1.9136599,0.3062813,9.808778
1760988303387,-1.8305093,0.49292147,9.946365
1760988303390,-1.7557336,0.70289165,10.06481
1760988303392,-1.7054844,0.9086744,10.135399
1760988303395,-1.678565,1.1150553,10.225129
1760988303397,-1.7006987,1.2687942,10.286744
1760988303399,-1.7754744,1.3615161,10.415359
1760988303401,-1.7880367,1.4913267,10.529616
1760988303404,-1.7665013,1.6588243,10.5385895
1760988303406,-1.6977077,1.835295,10.494322
1760988303408,-1.6002002,2.021337,10.450653
1760988303410,-1.4793626,2.1828525,10.359127
1760988303412,-1.3770695,2.3395824,10.234102
1760988303415,-1.2801601,2.472384,10.152148
1760988303417,-1.1886346,2.5669005,10.0468645
1760988303420,-1.1162517,2.661417,9.984053
1760988303422,-1.0342976,2.7278178,9.921839
1760988303424,-0.9194421,2.7834508,9.825528
1760988303427,-0.8333005,2.8307092,9.782457
1760988303429,-0.75673014,2.8582265,9.715458
1760988303431,-0.67058855,2.8761728,9.605389
1760988303433,-0.58983076,2.8845477,9.509675
1760988303436,-0.5282156,2.87378,9.399606
1760988303438,-0.46660042,2.853441,9.308679
1760988303440,-0.4001996,2.8187451,9.242277
1760988303443,-0.36251262,2.7990043,9.11785
1760988303445,-0.32063824,2.745764,9.037093
1760988303447,-0.29252258,2.6925237,8.998808
1760988303449,-0.28414768,2.6344976,8.95155
1760988303452,-0.29910284,2.5962126,8.908479
1760988303453,-0.29491538,2.5435705,8.889935
1760988303456,-0.30927232,2.510071,8.899506
1760988303458,-0.3912265,2.4484558,8.942576
1760988303460,-0.45882374,2.39701,9.000603
1760988303463,-0.52582276,2.349752,9.09153
1760988303465,-0.57906306,2.2456641,9.201599
1760988303468,-0.651446,2.155335,9.33141
1760988303470,-0.7292127,2.0464616,9.48455
1760988303472,-0.8105687,1.9710877,9.632906
1760988303474,-0.8739785,1.8622142,9.767502
1760988303476,-0.9559326,1.7676977,9.906285
1760988303479,-0.9708878,1.6911274,10.0163555
1760988303481,-1.0193424,1.6199409,10.102497
1760988303483,-1.0671989,1.5732809,10.202995
1760988303486,-1.1204392,1.535594,10.299307
1760988303488,-1.16351,1.4691931,10.371092
1760988303490,-1.1928221,1.4315062,10.485947
1760988303492,-1.2454642,1.4033905,10.576875
1760988303495,-1.2646067,1.3513466,10.696515
1760988303497,-1.3076776,1.3142579,10.816156
1760988303499,-1.3274183,1.2711871,10.916057
1760988303501,-1.3417753,1.247857,10.968699
1760988303504,-1.3082758,1.2424731,11.016556
1760988303505,-1.2843475,1.2664014,11.016556
1760988303508,-1.2460624,1.2658032,10.963913
1760988303510,-1.1988041,1.2747762,10.916057
1760988303512,-1.1503495,1.3220345,10.858629
1760988303515,-1.0402796,1.3489537,10.753345
1760988303517,-0.93559366,1.3764713,10.648061
1760988303519,-0.78783685,1.4075779,10.49492
1760988303521,-0.6448657,1.4057833,10.360922
1760988303523,-0.5162515,1.4183456,10.2317095
1760988303526,-0.37746778,1.4781662,10.087543
1760988303528,-0.2440679,1.4907285,9.920643
1760988303531,-0.05742774,1.5553347,9.733404
1760988303533,0.086141616,1.6247265,9.575478
1760988303535,0.21535404,1.6851454,9.412766
1760988303537,0.34456646,1.7407784,9.250054
1760988303539,0.44506502,1.7868403,9.082557
1760988303541,0.526421,1.838286,8.92463
1760988303544,0.60358953,1.9423738,8.780462
1760988303547,0.5946164,2.0045872,8.665607
1760988303549,0.5766702,2.1098714,8.565108
1760988303551,0.5204389,2.1918256,8.478967
1760988303554,0.41635114,2.2791636,8.411968
1760988303556,0.32662028,2.347359,8.402397
1760988303558,0.21296121,2.411367,8.383254
1760988303560,0.061615184,2.4993033,8.3784685
1760988303563,-0.061615184,2.5680969,8.392825
1760988303564,-0.23808585,2.5986054,8.383254
1760988303567,-0.35653058,2.629114,8.373683
1760988303569,-0.50368917,2.6739793,8.388638
1760988303571,-0.67058855,2.7044878,8.355139
1760988303574,-0.79920274,2.7248268,8.312068
1760988303577,-0.9421739,2.7553353,8.269595
1760988303579,-1.0660025,2.751746,8.293523
1760988303581,-1.1856437,2.7296124,8.294122
1760988303584,-1.2855439,2.7068806,8.332407
1760988303585,-1.3770695,2.6554348,8.3994055
1760988303587,-1.4530416,2.6416762,8.447861
1760988303590,-1.5397813,2.5758736,8.447861
1760988303592,-1.5840486,2.5040889,8.443673
1760988303595,-1.6319051,2.4711876,8.472386
1760988303596,-1.6564314,2.4095724,8.492127
1760988303599,-1.6618153,2.347359,8.496913
1760988303601,-1.6719848,2.309074,8.535198
1760988303603,-1.6821543,2.2612174,8.573483
1760988303606,-1.6827525,2.1942184,8.578867
1760988303608,-1.6546369,2.1601207,8.607581
1760988303610,-1.6307086,2.155335,8.650652
1760988303612,-1.602593,2.1074786,8.688937
1760988303615,-1.5930216,2.0979073,8.727222
1760988303616,-1.5547365,2.097309,8.788837
1760988303619,-1.5260227,2.1068804,8.851051
1760988303621,-1.4973087,2.1260228,8.912666
1760988303624,-1.4536397,2.1589243,8.989237
1760988303625,-1.4243277,2.1780667,9.055637
1760988303628,-1.4003994,2.2067807,9.113065
1760988303631,-1.3567305,2.2498515,9.189037
1760988303633,-1.3274183,2.2779672,9.221938
1760988303635,-1.3124632,2.312065,9.2793665
1760988303637,-1.2640085,2.37368,9.28834
1760988303640,-1.2400804,2.3922246,9.28834
1760988303642,-1.2257234,2.4161527,9.28834
1760988303644,-1.18684,2.4592235,9.264411
1760988303646,-1.1676974,2.4729822,9.250054
1760988303648,-1.1479566,2.5064816,9.230313
1760988303651,-1.1240284,2.539383,9.172886
1760988303654,-1.0857433,2.5722845,9.115458
1760988303655,-1.0378869,2.6004,9.053245
1760988303657,-0.99900347,2.6620152,8.995817
1760988303659,-0.9607183,2.6709883,8.943174
1760988303661,-0.93679005,2.7092733,8.900104
1760988303664,-0.9314062,2.7475586,8.875577
1760988303666,-0.9457632,2.742773,8.852247
1760988303669,-0.93619186,2.75713,8.899506
1760988303670,-0.96490574,2.7242286,8.9521475
1760988303673,-0.9936196,2.720041,9.028718
1760988303675,-1.026521,2.7110682,9.124431
1760988303677,-1.0845468,2.649453,9.22493
1760988303679,-1.1419746,2.6219354,9.34457
1760988303682,-1.204188,2.565106,9.45464
1760988303684,-1.2335001,2.5082762,9.569496
1760988303686,-1.2717853,2.4514468,9.665209
1760988303688,-1.282553,2.3802602,9.78485
1760988303692,-1.3112668,2.3377876,9.904491
1760988303694,-1.311865,2.2707887,10.009775
1760988303695,-1.3166506,2.2378874,10.148559
1760988303698,-1.3220345,2.1852453,10.287343
1760988303700,-1.3507484,2.152344,10.37827
1760988303702,-1.3411771,2.12363,10.482956
1760988303705,-1.3842479,2.120041,10.588241
1760988303707,-1.4273187,2.096711,10.674382
1760988303709,-1.4464613,2.082952,10.750952
1760988303711,-1.474577,2.0835502,10.827522
1760988303714,-1.474577,2.0787647,10.880164
1760988303716,-1.5032908,2.0745773,10.908878
1760988303718,-1.5409778,2.0937197,10.927423
1760988303721,-1.5601203,2.079961,10.928021
1760988303723,-1.5601203,2.1134605,10.917851
1760988303725,-1.5888343,2.1134605,10.899307
1760988303727,-1.6121643,2.1379871,10.880164
1760988303730,-1.6169499,2.1667008,10.817951
1760988303732,-1.6121643,2.1804597,10.7844515
1760988303735,-1.6354942,2.2002003,10.727024
1760988303737,-1.6402799,2.2241287,10.66481
1760988303740,-1.6211374,2.2187448,10.597812
1760988303742,-1.6402799,2.2331018,10.516456
1760988303744,-1.6498512,2.2378874,10.435698
1760988303746,-1.6689938,2.242673,10.325628
1760988303749,-1.683949,2.2277179,10.230514
1760988303751,-1.6935202,2.2229323,10.115658
1760988303753,-1.7180467,2.2037897,9.991829
1760988303756,-1.7282162,2.1984057,9.853643
1760988303757,-1.7234305,2.178665,9.7196455
1760988303760,-1.7240287,2.1690936,9.58146
1760988303762,-1.7252251,2.1158533,9.4432745
1760988303764,-1.7306089,2.0817556,9.329018
1760988303766,-1.7216359,2.033301,9.233304
1760988303769,-1.7174485,1.9998015,9.1669035
1760988303771,-1.7090735,1.922633,9.100503
1760988303774,-1.719243,1.8652053,9.076574
1760988303775,-1.7294126,1.841277,9.038289
1760988303777,-1.7300107,1.7982062,9.005388
1760988303779,-1.7347964,1.7790636,9.005388
1760988303782,-1.7258233,1.7497516,8.991031
1760988303784,-1.7306089,1.7497516,9.019745
1760988303788,-1.7497516,1.7168503,9.015557
1760988303789,-1.7587247,1.7503498,9.038888
1760988303790,-1.7533408,1.8125632,9.038888
1760988303793,-1.7676977,1.8370895,9.038888
1760988303795,-1.7952151,1.899303,9.052647
1760988303798,-1.8041883,1.9573289,9.038289
1760988303801,-1.817947,2.009971,9.028718
1760988303803,-1.8598214,2.0727825,9.042477
1760988303804,-1.8400806,2.134996,9.047262
1760988303807,-1.8442681,2.1828525,9.02812
1760988303809,-1.8478572,2.2552354,9.022736
1760988303812,-1.8041883,2.3168504,9.027522
1760988303815,-1.7898313,2.3503501,9.012567
1760988303816,-1.7605193,2.388037,9.041281
1760988303818,-1.7407784,2.440679,9.031111
1760988303821,-1.7162521,2.4789643,9.045467
1760988303822,-1.7114664,2.5124638,9.074182
1760988303825,-1.6965113,2.536392,9.078369
1760988303827,-1.7054844,2.5842485,9.078369
1760988303830,-1.643271,2.6267211,9.083155
1760988303832,-1.6426728,2.6745775,9.087342
1760988303835,-1.6181463,2.722434,9.072986
1760988303837,-1.6079768,2.7559335,9.053843
1760988303839,-1.5930216,2.7942185,9.062816
1760988303841,-1.5978073,2.7990043,9.0436735
1760988303843,-1.5924234,2.8468606,9.05803
1760988303846,-1.5966109,2.8947172,9.048459
1760988303848,-1.6151553,2.937788,9.0436735
1760988303850,-1.6199409,2.9718857,9.019147
1760988303852,-1.6097715,2.99043,8.985647
1760988303854,-1.6049858,3.0239296,8.942576
1760988303857,-1.5906289,3.0478578,8.904291
1760988303860,-1.570888,3.0759735,8.875577
1760988303861,-1.570888,3.071188,8.86122
1760988303864,-1.5667006,3.0616167,8.8187475
1760988303866,-1.5523437,3.0705895,8.794222
1760988303868,-1.5290136,3.0466614,8.756535
1760988303871,-1.5098711,3.0269206,8.732606
1760988303873,-1.500898,3.0077782,8.694321
1760988303875,-1.477568,2.9688947,8.699107
1760988303877,-1.4871392,2.9545379,8.685348
1760988303879,-1.4781662,2.925824,8.6757765
1760988303882,-1.5260227,2.8833513,8.704491
1760988303884,-1.5266209,2.8354948,8.747561
1760988303886,-1.5601203,2.7930222,8.809774
1760988303888,-1.6277176,2.7361927,8.867801
1760988303891,-1.6905292,2.6512475,8.973084
1760988303893,-1.7868403,2.585445,9.092726
1760988303895,-1.8586249,2.5292134,9.221938
1760988303897,-1.9262222,2.4532413,9.337392
1760988303900,-2.012962,2.3778675,9.428319
1760988303902,-2.108675,2.3072793,9.519845
1760988303904,-2.1619153,2.2462623,9.620343
1760988303907,-2.2337,2.2181466,9.682557
1760988303909,-2.2863421,2.1804597,9.7399845
1760988303911,-2.3437698,2.1481566,9.768699
1760988303913,-2.344368,2.1242282,9.783055
1760988303916,-2.3635106,2.1098714,9.798011
1760988303918,-2.3635106,2.0955145,9.807582
1760988303921,-2.3539393,2.1050856,9.778868
1760988303923,-2.3539393,2.1194427,9.774082
1760988303925,-2.3300111,2.1284158,9.7501545
1760988303928,-2.2965117,2.14696,9.730413
1760988303929,-2.2390838,2.1750758,9.682557
1760988303932,-2.1858435,2.2223341,9.649057
1760988303934,-2.1284158,2.2695923,9.601201
1760988303937,-2.0805593,2.268994,9.524631
1760988303938,-2.032703,2.3114667,9.495318
1760988303941,-1.9746768,2.3682961,9.5048895
1760988303943,-1.9411774,2.3868406,9.490533
1760988303945,-1.8783658,2.4484558,9.509077
1760988303947,-1.8346968,2.4670002,9.49472
1760988303950,-1.7676977,2.5094728,9.489336
1760988303952,-1.7198412,2.5375884,9.503694
1760988303954,-1.6857436,2.5663023,9.48455
1760988303956,-1.666601,2.594418,9.436096
1760988303959,-1.6426728,2.6183462,9.426525
1760988303961,-1.6331015,2.6231318,9.407382
1760988303963,-1.6235301,2.6368906,9.349955
1760988303966,-1.6378871,2.6321049,9.312267
1760988303968,-1.6235301,2.6225336,9.25484
1760988303970,-1.6528423,2.6081767,9.206984
1760988303972,-1.6624135,2.5842485,9.164511
1760988303975,-1.7156538,2.5411777,9.126225
1760988303977,-1.7395821,2.513062,9.088538
1760988303979,-1.8023937,2.4801607,9.059825
1760988303982,-1.8508483,2.4179473,8.99821
1760988303984,-1.9088743,2.385046,8.960523
1760988303986,-1.9615164,2.347359,8.936594
1760988303988,-2.0051854,2.3138595,8.913264
1760988303991,-2.0721843,2.2905295,8.879765
1760988303993,-2.1104696,2.2911277,8.8701935
1760988303995,-2.158326,2.2725832,8.870791
1760988303997,-2.1966112,2.2534406,8.837293
1760988304000,-2.225325,2.2492533,8.856435
1760988304002,-2.2779672,2.2546372,8.856435
1760988304004,-2.292324,2.2402802,8.885149
1760988304007,-2.2965117,2.2648067,8.9521475
1760988304009,-2.3198416,2.274976,9.013762
1760988304011,-2.2959132,2.2941186,9.056833
1760988304014,-2.2713869,2.32702,9.099904
1760988304016,-2.2378874,2.3365912,9.137591
1760988304019,-2.2037897,2.3748765,9.151948
1760988304020,-2.160719,2.3982065,9.175279
1760988304023,-2.1314068,2.4364917,9.213564
1760988304025,-2.0691934,2.4885356,9.222537
1760988304027,-2.0494525,2.5262225,9.2177515
1760988304030,-2.0105693,2.5692933,9.184252
1760988304032,-1.9962122,2.5926232,9.150752
1760988304034,-1.9669002,2.6739793,9.15494
1760988304036,-1.9615164,2.6883361,9.145369
1760988304039,-1.9328024,2.7260232,9.131011
1760988304041,-1.9274186,2.7882366,9.101699
1760988304043,-1.9268204,2.797808,9.087342
1760988304045,-1.9262222,2.8456643,9.063414
1760988304047,-1.931606,2.8456643,9.020343
1760988304050,-1.9405792,2.8552356,8.996415
1760988304052,-1.9639091,2.894119,8.977272
1760988304055,-1.9878374,2.894119,8.982058
1760988304057,-2.021337,2.9042885,8.986844
1760988304059,-2.0733807,2.9192436,8.982058
1760988304062,-2.088336,2.900101,9.005986
1760988304063,-2.1164517,2.905485,9.001799
1760988304066,-2.1074786,2.9006991,8.9826565
1760988304068,-2.0733807,2.914458,8.986844
1760988304070,-2.0548365,2.9042885,8.906086
1760988304072,-2.0315065,2.8755746,8.872586
1760988304075,-2.0267208,2.8558338,8.800801
1760988304077,-2.0225334,2.82712,8.753544
1760988304079,-2.0374885,2.7984061,8.729615
1760988304082,-2.0572293,2.7505496,8.715857
1760988304084,-2.1194427,2.7176483,8.725428
1760988304086,-2.1481566,2.713461,8.754142
1760988304088,-2.1912274,2.690131,8.806784
1760988304091,-2.2582264,2.676372,8.873783
1760988304093,-2.2911277,2.667399,8.935996
1760988304095,-2.2965117,2.644069,9.007781
1760988304097,-2.3395824,2.6255248,9.093923
1760988304100,-2.3539393,2.592025,9.160921
1760988304102,-2.3826532,2.5543382,9.247063
1760988304104,-2.4065814,2.5262225,9.333204
1760988304106,-2.4646072,2.4933212,9.404989
1760988304108,-2.507678,2.46042,9.452846
1760988304111,-2.5459633,2.43709,9.495916
1760988304113,-2.608775,2.3898315,9.530014
1760988304115,-2.6518457,2.361716,9.601799
1760988304119,-2.7188447,2.3054845,9.625728
1760988304120,-2.7768707,2.263012,9.659226
1760988304122,-2.8205397,2.210968,9.693324
1760988304125,-2.8636105,2.172683,9.717253
1760988304127,-2.9114668,2.149353,9.750752
1760988304129,-2.9587252,2.1601207,9.803394
1760988304131,-2.978466,2.1314068,9.856036
1760988304134,-3.0263224,2.1224337,9.870394
1760988304136,-3.0311081,2.103291,9.865608
1760988304138,-3.0502508,2.108675,9.847063
1760988304141,-3.016751,2.1224337,9.803992
1760988304143,-2.978466,2.11705,9.746565
1760988304145,-2.926422,2.1110678,9.684352
1760988304147,-2.8929226,2.1296122,9.598209
1760988304150,-2.8408787,2.1242282,9.497711
1760988304152,-2.8073792,2.1427727,9.425926
1760988304155,-2.7547371,2.160719,9.301499
1760988304157,-2.6973093,2.1984057,9.201001
1760988304159,-2.6542385,2.2217357,9.105886
1760988304161,-2.5776682,2.254039,8.986245
1760988304163,-2.5633113,2.3012972,8.885747
1760988304165,-2.5058835,2.3389843,8.8085785
1760988304167,-2.495714,2.391028,8.7367935
1760988304169,-2.480759,2.4388845,8.674581
1760988304171,-2.4562325,2.4861426,8.63151
1760988304174,-2.4364917,2.5387847,8.626724
1760988304176,-2.4412773,2.57707,8.630911
1760988304178,-2.4263222,2.6009982,8.6548395
1760988304180,-2.4065814,2.644069,8.688339
1760988304183,-2.3916261,2.6919255,8.692527
1760988304185,-2.367698,2.6871397,8.726026
1760988304187,-2.3724837,2.7062824,8.764311
1760988304189,-2.3724837,2.7158537,8.773883
1760988304192,-2.3718855,2.7206392,8.797213
1760988304194,-2.3958137,2.7212377,8.816355
1760988304197,-2.4101706,2.7260232,8.807382
1760988304199,-2.4299114,2.6829524,8.783454
1760988304201,-2.4729822,2.6883361,8.783454
1760988304203,-2.5112674,2.6362925,8.769695
1760988304206,-2.521437,2.6267211,8.769695
1760988304208,-2.559722,2.5932214,8.76491
1760988304210,-2.5836504,2.6081767,8.774481
1760988304212,-2.5788646,2.5986054,8.745767
1760988304214,-2.5692933,2.588436,8.740981
1760988304217,-2.5698915,2.5692933,8.703294
1760988304219,-2.5836504,2.5932214,8.69791
1760988304221,-2.5788646,2.5836504,8.679366
1760988304224,-2.589034,2.574079,8.645866
1760988304226,-2.5788646,2.6075785,8.650652
1760988304228,-2.5932214,2.6075785,8.650652
1760988304231,-2.5788646,2.6267211,8.630911
1760988304233,-2.5501506,2.6315067,8.640483
1760988304235,-2.521437,2.6309085,8.650054
1760988304238,-2.4921248,2.664408,8.693125
1760988304240,-2.4538395,2.673381,8.693125
1760988304243,-2.4059832,2.7062824,8.711669
1760988304244,-2.3485553,2.6913273,8.702098
1760988304247,-2.2863421,2.7146573,8.697312
1760988304249,-2.2151556,2.7236304,8.7015
1760988304251,-2.1762722,2.7469604,8.696713
1760988304254,-2.0955145,2.7511477,8.720642
1760988304256,-2.070988,2.7984061,8.743972
1760988304258,-2.0470598,2.7888348,8.748757
1760988304260,-1.9944177,2.7834508,8.758329
1760988304262,-1.9657038,2.7834508,8.791828
1760988304265,-1.9567307,2.7732813,8.787043
1760988304267,-1.9423738,2.7589245,8.796615
1760988304269,-1.9567307,2.7349963,8.830113
1760988304272,-1.9908284,2.687738,8.854042
1760988304274,-2.0338993,2.6739793,8.87797
1760988304277,-2.0817556,2.6506493,8.921639
1760988304278,-2.1296122,2.6273193,8.988638
1760988304281,-2.1828525,2.5704896,9.026923
1760988304283,-2.2115662,2.5615165,9.098708
1760988304285,-2.2498515,2.533401,9.160921
1760988304287,-2.283351,2.4909284,9.199206
1760988304290,-2.3312075,2.472384,9.26142
1760988304292,-2.3599212,2.4729822,9.309277
1760988304295,-2.393421,2.4783661,9.337991
1760988304298,-2.4119651,2.4879375,9.352347
1760988304299,-2.440679,2.507678,9.342776
1760988304301,-2.4735804,2.5220351,9.333204
1760988304304,-2.4879375,2.5220351,9.323633
1760988304306,-2.4975085,2.5316064,9.280562
1760988304307,-2.5064816,2.5609183,9.26142
1760988304310,-2.5022943,2.5459633,9.213564
1760988304312,-2.4735804,2.5692933,9.156136
1760988304314,-2.4783661,2.559722,9.12802
1760988304317,-2.464009,2.5836504,9.0849495
1760988304319,-2.4544377,2.588436,9.05145
1760988304321,-2.464009,2.559722,9.032308
1760988304323,-2.4352953,2.568695,9.032308
1760988304326,-2.4358935,2.5639095,9.01795
1760988304328,-2.4023938,2.5489542,9.01795
1760988304331,-2.3694925,2.5298119,9.037093
1760988304333,-2.3599212,2.5154548,9.061021
1760988304336,-2.3216362,2.5004997,9.080164
1760988304338,-2.2839491,2.4711876,9.156136
1760988304340,-2.2743778,2.452045,9.170493
1760988304342,-2.2743778,2.4478576,9.232706
1760988304345,-2.2456641,2.437688,9.2997055
1760988304347,-2.2648067,2.4430718,9.366704
1760988304348,-2.2648067,2.4191437,9.438489
1760988304351,-2.2552354,2.4388845,9.524033
1760988304353,-2.2594228,2.44367,9.610174
1760988304356,-2.2594228,2.4484558,9.671789
1760988304359,-2.2498515,2.449054,9.724431
1760988304360,-2.2301106,2.4580271,9.777073
1760988304362,-2.2444677,2.4586253,9.786645
1760988304365,-2.2354946,2.449054,9.781859
1760988304367,-2.2444677,2.4729822,9.724431
1760988304369,-2.2354946,2.4580271,9.662218
1760988304372,-2.2498515,2.4628127,9.619745
1760988304375,-2.2642083,2.4628127,9.538389
1760988304376,-2.2695923,2.4430718,9.442677
1760988304379,-2.260021,2.4430718,9.37149
1760988304381,-2.2558336,2.4041886,9.256635
1760988304383,-2.265405,2.4041886,9.16152
1760988304385,-2.2558336,2.4179473,9.070593
1760988304387,-2.28036,2.408376,8.980264
1760988304390,-2.28036,2.4179473,8.913264
1760988304392,-2.2947168,2.4323041,8.841479
1760988304394,-2.2947168,2.4514468,8.779266
1760988304396,-2.318047,2.475375,8.736196
1760988304398,-2.3228326,2.4945176,8.717052
1760988304400,-2.3503501,2.5477579,8.717052
1760988304403,-2.3790638,2.5722845,8.721839
1760988304405,-2.4358935,2.6015964,8.73141
1760988304408,-2.4448664,2.6111677,8.793025
1760988304411,-2.487339,2.6309085,8.845667
1760988304413,-2.53041,2.6464617,8.927023
1760988304415,-2.539383,2.656033,9.0131645
1760988304417,-2.5441687,2.6518457,9.11785
1760988304420,-2.5585256,2.638087,9.203992
1760988304422,-2.5387847,2.6428726,9.285348
1760988304424,-2.5298119,2.62373,9.346964
1760988304427,-2.5058835,2.5950162,9.423533
1760988304428,-2.4681966,2.565704,9.480962
1760988304431,-2.4299114,2.5603201,9.5048895
1760988304432,-2.382055,2.5555346,9.580862
1760988304435,-2.3682961,2.5220351,9.610174
1760988304437,-2.344368,2.5070798,9.61496
1760988304439,-2.3306093,2.4879375,9.600603
1760988304442,-2.3162522,2.4681966,9.600603
1760988304444,-2.2881367,2.4634109,9.586246
1760988304446,-2.283351,2.4628127,9.557532
1760988304448,-2.3024936,2.4681966,9.528818
1760988304451,-2.3264217,2.4634109,9.485747
1760988304453,-2.364707,2.4681966,9.433703
1760988304455,-2.4077778,2.4352953,9.381062
1760988304458,-2.4418755,2.411367,9.329018
1760988304460,-2.4562325,2.416751,9.329018
1760988304462,-2.4412773,2.425724,9.37149
1760988304464,-2.4221346,2.4544377,9.404989
1760988304467,-2.4023938,2.4975085,9.390633
1760988304469,-2.359323,2.5112674,9.366704
1760988304471,-2.321038,2.5154548,9.328419
1760988304473,-2.292324,2.5633113,9.270393
1760988304476,-2.2636101,2.5722845,9.227323
1760988304478,-2.2636101,2.5722845,9.18485
1760988304480,-2.2438695,2.6004,9.141181
1760988304483,-2.2582264,2.6004,9.122637
1760988304485,-2.2677977,2.629114,9.098708
1760988304487,-2.2582264,2.6099713,9.065208
1760988304489,-2.2588246,2.5956144,9.069994
1760988304491,-2.2636101,2.5860431,9.060423
1760988304494,-2.2731814,2.562115,9.050852
1760988304496,-2.283351,2.5142584,9.061021
1760988304499,-2.32702,2.4765713,9.0849495
1760988304501,-2.3700907,2.4580271,9.142377
1760988304503,-2.3653052,2.4484558,9.190233
1760988304505,-2.3940191,2.4346972,9.233304
1760988304507,-2.4275186,2.39701,9.266804
1760988304510,-2.461018,2.39701,9.295518
1760988304512,-2.4945176,2.3928227,9.319446
1760988304514,-2.5375884,2.3742783,9.367303
1760988304517,-2.5998018,2.3509483,9.386445
1760988304519,-2.6955147,2.3377876,9.387043
1760988304522,-2.7529426,2.3192434,9.391829
1760988304524,-2.7912276,2.3150558,9.396614
1760988304525,-2.853441,2.2869403,9.439685
1760988304528,-2.891128,2.2779672,9.4636135
1760988304530,-2.9006991,2.2731814,9.482756
1760988304532,-2.9156544,2.2594228,9.497711
1760988304535,-2.882155,2.254039,9.497113
1760988304538,-2.853441,2.254039,9.497113
1760988304540,-2.815754,2.248655,9.4636135
1760988304542,-2.7631118,2.2474587,9.444471
1760988304544,-2.7242286,2.2905295,9.387043
1760988304547,-2.6721847,2.2941186,9.329616
1760988304548,-2.6386852,2.3222344,9.272188
1760988304551,-2.6004,2.335993,9.21476
1760988304553,-2.5573292,2.3545375,9.152547
1760988304555,-2.5477579,2.3832514,9.071191
1760988304557,-2.5429723,2.39701,8.999406
1760988304560,-2.5136602,2.425724,8.909077
1760988304562,-2.489732,2.449054,8.846864
1760988304566,-2.5088747,2.4538395,8.789435
1760988304566,-2.5184457,2.4634109,8.727222
1760988304569,-2.5232315,2.4921248,8.669795
1760988304571,-2.5226333,2.5112674,8.660223
1760988304573,-2.5465615,2.5112674,8.617152
1760988304575,-2.5322046,2.5256243,8.588439
1760988304578,-2.5369902,2.5351956,8.569296
1760988304580,-2.5322046,2.53041,8.578867
1760988304582,-2.5178475,2.5154548,8.59801
1760988304585,-2.4945176,2.5106692,8.612367
1760988304587,-2.4801607,2.4915266,8.645866
1760988304589,-2.461018,2.4915266,8.688937
1760988304592,-2.461018,2.4819553,8.741579
1760988304594,-2.4562325,2.4819553,8.788837
1760988304596,-2.4179473,2.4580271,8.8701935
1760988304598,-2.3844478,2.481357,8.946764
1760988304600,-2.364707,2.4963121,9.027522
1760988304603,-2.3455644,2.5148566,9.080164
1760988304605,-2.321038,2.5292134,9.165708
1760988304607,-2.2827528,2.5531418,9.208778
1760988304609,-2.2588246,2.5674987,9.279964
1760988304612,-2.224727,2.5962126,9.31825
1760988304614,-2.2055843,2.6051857,9.3511505
1760988304616,-2.2241287,2.6344976,9.379865
1760988304619,-2.2384856,2.6488547,9.413364
1760988304622,-2.2474587,2.649453,9.432507
1760988304623,-2.2761726,2.6685956,9.41815
1760988304625,-2.3001008,2.678765,9.41815
1760988304628,-2.3431716,2.669792,9.427721
1760988304630,-2.3670998,2.6554348,9.41815
1760988304632,-2.3814569,2.6554348,9.390035
1760988304634,-2.44367,2.6416762,9.370892
1760988304637,-2.4915266,2.632703,9.327821
1760988304639,-2.55374,2.6141586,9.290133
1760988304641,-2.5728827,2.609373,9.251849
1760988304643,-2.6446671,2.5908287,9.214162
1760988304646,-2.6691937,2.571686,9.132806
1760988304648,-2.6883361,2.5381866,9.085547
1760988304650,-2.7032914,2.4951158,9.037691
1760988304653,-2.737389,2.452045,9.000004
1760988304655,-2.742773,2.437688,8.947362
1760988304658,-2.7523441,2.4089742,8.918648
1760988304660,-2.7816563,2.361716,8.909675
1760988304662,-2.7726831,2.3419752,8.880961
1760988304664,-2.8061829,2.3186452,8.861818
1760988304666,-2.8109684,2.3186452,8.847462
1760988304669,-2.8061829,2.309074,8.852247
1760988304671,-2.7966115,2.30369,8.861818
1760988304672,-2.8205397,2.3138595,8.876176
1760988304675,-2.7966115,2.3186452,8.880961
1760988304677,-2.7678976,2.3276181,8.914461
1760988304679,-2.7535408,2.3371894,8.938389
1760988304682,-2.7385855,2.3611178,8.924032
1760988304684,-2.7296124,2.3515465,8.938389
1760988304686,-2.7008986,2.3557339,8.966505
1760988304688,-2.667399,2.3318057,8.985647
1760988304691,-2.6434708,2.335993,9.004789
1760988304693,-2.6195426,2.3312075,9.023932
1760988304695,-2.5860431,2.3545375,9.052647
1760988304697,-2.571686,2.3545375,9.067003
1760988304700,-2.5525436,2.3641088,9.080762
1760988304702,-2.5328028,2.4071796,9.109476
1760988304704,-2.5178475,2.4311078,9.138189
1760988304706,-2.4891338,2.4592235,9.151948
1760988304709,-2.4933212,2.4933212,9.175877
1760988304711,-2.469393,2.5268207,9.199206
1760988304714,-2.492723,2.5316064,9.185448
1760988304716,-2.4879375,2.5698915,9.199206
1760988304719,-2.4921248,2.589034,9.189635
1760988304720,-2.516053,2.5896323,9.194421
1760988304723,-2.5345974,2.6135604,9.18485
1760988304725,-2.5399811,2.5992036,9.18485
1760988304727,-2.5776682,2.6045876,9.180064
1760988304729,-2.6111677,2.6045876,9.180064
1760988304732,-2.6303103,2.6051857,9.189635
1760988304734,-2.626123,2.5860431,9.156734
1760988304736,-2.6590242,2.5860431,9.156734
1760988304738,-2.673381,2.5914268,9.195019
1760988304741,-2.693122,2.5627131,9.190233
1760988304743,-2.6973093,2.5674987,9.204591
1760988304745,-2.6883361,2.5387847,9.204591
1760988304747,-2.71705,2.5387847,9.218947
1760988304750,-2.6985056,2.4909284,9.2285185
1760988304752,-2.6841488,2.4909284,9.2285185
1760988304754,-2.69372,2.4717858,9.242876
1760988304757,-2.6608188,2.4424736,9.224331
1760988304759,-2.656033,2.4281168,9.233903
1760988304761,-2.6566312,2.423331,9.219545
1760988304763,-2.6374888,2.4131618,9.200403
1760988304766,-2.6141586,2.3700907,9.209974
1760988304769,-2.5902305,2.3790638,9.195618
1760988304771,-2.585445,2.3742783,9.1669035
1760988304772,-2.5573292,2.3545375,9.1669035
1760988304774,-2.5375884,2.3784657,9.138189
1760988304777,-2.5142584,2.3682961,9.080762
1760988304780,-2.533401,2.3832514,9.085547
1760988304782,-2.533401,2.3778675,9.032906
1760988304784,-2.533401,2.3874388,9.013762
1760988304786,-2.562115,2.3928227,8.985647
1760988304788,-2.562115,2.3832514,8.947362
1760988304791,-2.5627131,2.344368,8.909077
1760988304793,-2.5669005,2.373082,8.92822
1760988304796,-2.5579274,2.3539393,8.918648
1760988304798,-2.5908287,2.359323,8.899506
1760988304800,-2.6051857,2.37368,8.909077
1760988304803,-2.6243281,2.3832514,8.899506
1760988304804,-2.6141586,2.4023938,8.904291
1760988304807,-2.6285157,2.4125633,8.899506
1760988304809,-2.6285157,2.4364917,8.904291
1760988304811,-2.6231318,2.4795625,8.908479
1760988304814,-2.6135604,2.4795625,8.937193
1760988304816,-2.589034,2.4933212,8.956335
1760988304818,-2.5932214,2.541776,8.980264
1760988304821,-2.5788646,2.5369902,9.008977
1760988304822,-2.5692933,2.5561328,9.046664
1760988304825,-2.545365,2.5698915,9.080164
1760988304827,-2.5357938,2.5603201,9.089735
1760988304829,-2.5310082,2.5603201,9.113664
1760988304831,-2.5256243,2.589034,9.113664
1760988304834,-2.5256243,2.5938199,9.118449
1760988304838,-2.5495524,2.6039891,9.094521
1760988304839,-2.5543382,2.5848467,9.099306
1760988304840,-2.5734808,2.580061,9.12802
1760988304843,-2.6069803,2.5519454,9.171091
1760988304845,-2.6452653,2.5573292,9.190233
1760988304847,-2.6309085,2.5525436,9.223733
1760988304850,-2.6452653,2.5381866,9.218947
1760988304853,-2.641078,2.5094728,9.252447
1760988304855,-2.6554348,2.4855444,9.247662
1760988304857,-2.6315067,2.480759,9.233304
1760988304860,-2.6273193,2.43709,9.223733
1760988304861,-2.6374888,2.4035904,9.190832
1760988304863,-2.6189444,2.3700907,9.162118
1760988304865,-2.609373,2.3599212,9.138189
1760988304868,-2.614757,2.3455644,9.110074
1760988304870,-2.614757,2.3312075,9.08136
1760988304873,-2.6249263,2.312065,9.08136
1760988304874,-2.653042,2.312663,9.090932
1760988304877,-2.7008986,2.3084757,9.124431
1760988304879,-2.7152555,2.3084757,9.162716
1760988304881,-2.720041,2.3186452,9.196216
1760988304883,-2.7098715,2.3377876,9.24826
1760988304886,-2.7290142,2.3282163,9.276974
1760988304889,-2.7146573,2.3425734,9.3104725
1760988304890,-2.7188447,2.3575284,9.343972
1760988304893,-2.7146573,2.333002,9.343972
1760988304895,-2.7098715,2.3138595,9.339187
1760988304897,-2.7098715,2.3042881,9.367901
1760988304900,-2.6955147,2.3042881,9.353543
1760988304902,-2.7152555,2.2755744,9.348758
1760988304904,-2.6961129,2.2707887,9.32483
1760988304906,-2.6823542,2.2606192,9.277572
1760988304908,-2.6919255,2.265405,9.253643
1760988304911,-2.6679974,2.2510478,9.229715
1760988304913,-2.658426,2.2504497,9.1770735
1760988304915,-2.649453,2.2504497,9.124431
1760988304918,-2.6488547,2.2743778,9.100503
1760988304921,-2.6446671,2.2642083,9.052647
1760988304922,-2.644069,2.297708,9.028718
1760988304925,-2.6536403,2.3072793,9.004789
1760988304927,-2.6386852,2.335993,8.980862
1760988304929,-2.6482565,2.3599212,8.980862
1760988304931,-2.6668007,2.379662,8.985647
1760988304934,-2.6715865,2.4035904,8.956933
1760988304936,-2.6572297,2.4131618,8.976076
1760988304938,-2.6231318,2.4269204,8.985647
1760988304940,-2.6183462,2.431706,8.976076
1760988304943,-2.5896323,2.455036,8.937193
1760988304945,-2.565704,2.4646072,8.91805
1760988304947,-2.5328028,2.4448664,8.894122
1760988304950,-2.5040889,2.4538395,8.88455
1760988304952,-2.4801607,2.4586253,8.846265
1760988304954,-2.4418755,2.4580271,8.841479
1760988304956,-2.4089742,2.4478576,8.836694
1760988304958,-2.379662,2.4670002,8.846265
1760988304960,-2.3557339,2.4855444,8.855837
1760988304963,-2.3509483,2.4999015,8.855837
1760988304965,-2.3461626,2.5094728,8.893523
1760988304967,-2.3461626,2.5004997,8.912666
1760988304969,-2.335993,2.5196424,8.950952
1760988304972,-2.3551357,2.524428,8.965308
1760988304974,-2.3694925,2.524428,8.984451
1760988304976,-2.3838496,2.525026,9.003593
1760988304979,-2.4125633,2.5058835,9.027522
1760988304981,-2.446063,2.4969103,9.037093
1760988304983,-2.446063,2.477768,9.022736
1760988304985,-2.484348,2.4544377,9.052048
1760988304988,-2.5178475,2.4592235,9.02812
1760988304991,-2.556731,2.4263222,9.032906
1760988304993,-2.5950162,2.4029922,9.013762
1760988304995,-2.638087,2.379662,9.04786
1760988304997,-2.6620152,2.3605196,9.052647
1760988304999,-2.7152555,2.3228326,9.071789
1760988305003,-2.7296124,2.30369,9.110074
1760988305004,-2.7637103,2.2660031,9.12503
1760988305006,-2.7828526,2.2522442,9.172287
1760988305008,-2.7972097,2.2235305,9.196814
1760988305010,-2.8115666,2.2235305,9.234501
1760988305013,-2.7876384,2.2139592,9.287143
1760988305015,-2.806781,2.1954148,9.330214
1760988305018,-2.7972097,2.2145574,9.368499
1760988305020,-2.778067,2.2145574,9.421141
1760988305023,-2.7631118,2.228316,9.434899
1760988305025,-2.7349963,2.2187448,9.449257
1760988305026,-2.7343981,2.2378874,9.482756
1760988305030,-2.7158537,2.2235305,9.497113
1760988305031,-2.696711,2.2229323,9.482756
1760988305034,-2.658426,2.2319052,9.454042
1760988305036,-2.629712,2.2271197,9.444471
1760988305039,-2.6105695,2.2504497,9.401401
1760988305041,-2.6105695,2.2360928,9.372686
1760988305043,-2.5914268,2.2408783,9.334401
1760988305045,-2.5962126,2.2456641,9.300901
1760988305047,-2.5866413,2.283351,9.262616
1760988305050,-2.5818555,2.2929223,9.233903
1760988305052,-2.5764718,2.312065,9.195618
1760988305055,-2.5674987,2.3072793,9.18126
1760988305056,-2.571686,2.3407788,9.162118
1760988305059,-2.5573292,2.349752,9.138189
1760988305061,-2.5238297,2.388037,9.090333
1760988305063,-2.5136602,2.39701,9.071191
1760988305065,-2.5136602,2.4017956,9.066405
1760988305067,-2.5136602,2.4161527,9.075976
1760988305070,-2.5034907,2.4496522,9.0951185
1760988305072,-2.4849463,2.4305096,9.114262
1760988305075,-2.4891338,2.4496522,9.118449
1760988305077,-2.4514468,2.4448664,9.137591
1760988305079,-2.4556344,2.4544377,9.147162
1760988305081,-2.4556344,2.4496522,9.137591
1760988305083,-2.4514468,2.4352953,9.156734
1760988305086,-2.4658036,2.425724,9.142377
1760988305088,-2.4466612,2.4394827,9.123235
1760988305090,-2.4466612,2.4538395,9.099306
1760988305092,-2.4418755,2.4394827,9.080164
1760988305096,-2.4227328,2.4299114,9.089735
1760988305097,-2.43709,2.4299114,9.085547
1760988305100,-2.4514468,2.4442682,9.066405
1760988305102,-2.4418755,2.449054,9.070593
1760988305104,-2.43709,2.4538395,9.075378
1760988305107,-2.446063,2.4681966,9.094521
1760988305109,-2.4364917,2.4681966,9.099306
1760988305111,-2.4556344,2.464009,9.132806
1760988305113,-2.4747767,2.4592235,9.156734
1760988305116,-2.4699912,2.464009,9.190233
1760988305118,-2.484348,2.469393,9.190233
1760988305120,-2.5034907,2.4598217,9.209376
1760988305122,-2.5124638,2.4646072,9.262018
1760988305124,-2.5034907,2.455036,9.266804
1760988305127,-2.507678,2.469393,9.262018
1760988305128,-2.4795625,2.455036,9.242876
1760988305132,-2.4747767,2.4448664,9.218947
1760988305134,-2.4556344,2.4544377,9.199805
1760988305136,-2.4323041,2.4442682,9.147162
1760988305138,-2.4179473,2.4586253,9.132806
1760988305140,-2.3988047,2.4532413,9.070593
1760988305143,-2.3605196,2.4622145,9.027522
1760988305145,-2.3461626,2.4765713,8.989237
1760988305147,-2.3365912,2.4951158,8.936594
1760988305150,-2.3030918,2.5094728,8.903095
1760988305152,-2.288735,2.5040889,8.888738
1760988305155,-2.2839491,2.5040889,8.888738
1760988305156,-2.2989044,2.4658036,8.88455
1760988305158,-2.30369,2.4711876,8.889337
1760988305161,-2.3228326,2.4568307,8.898908
1760988305163,-2.3419752,2.4472594,8.922835
1760988305164,-2.3754747,2.4335005,8.980264
1760988305168,-2.4089742,2.4101706,9.032906
1760988305169,-2.437688,2.3868406,9.080762
1760988305172,-2.4759731,2.3635106,9.114262
1760988305174,-2.524428,2.3258235,9.18126
1760988305176,-2.5674987,2.297708,9.238688
1760988305178,-2.6099713,2.3030918,9.29133
1760988305180,-2.6392834,2.265405,9.343972
1760988305183,-2.658426,2.236691,9.372686
1760988305186,-2.672783,2.2223341,9.401401
1760988305187,-2.7014968,2.2037897,9.416355
1760988305190,-2.7212377,2.1702902,9.406784
1760988305192,-2.7397819,2.1852453,9.430713
1760988305194,-2.7451658,2.161317,9.430713
1760988305196,-2.7355945,2.160719,9.382855
1760988305199,-2.7595227,2.161317,9.373284
1760988305201,-2.7643085,2.14696,9.34457
1760988305203,-2.7643085,2.1708884,9.320642
1760988305206,-2.7547371,2.1750758,9.263813
1760988305208,-2.7547371,2.199004,9.258429
1760988305210,-2.7349963,2.213361,9.239286
1760988305213,-2.725425,2.2420747,9.210572
1760988305214,-2.7008986,2.2797618,9.196216
1760988305217,-2.658426,2.2839491,9.148359
1760988305219,-2.6105695,2.2929223,9.110074
1760988305221,-2.5627131,2.3306093,9.086145
1760988305223,-2.5477579,2.3449662,9.043075
1760988305226,-2.4999015,2.3682961,9.02812
1760988305229,-2.466402,2.382055,9.008977
1760988305230,-2.452045,2.4059832,8.999406
1760988305233,-2.4275186,2.4388845,9.008977
1760988305236,-2.3946173,2.4245276,8.989835
1760988305237,-2.3994029,2.4340987,9.004191
1760988305239,-2.4179473,2.4293132,9.032906
1760988305242,-2.423331,2.4155545,9.06162
1760988305244,-2.43709,2.4299114,9.056833
1760988305247,-2.4329023,2.4107687,9.0951185
1760988305249,-2.452045,2.396412,9.119047
1760988305251,-2.4759731,2.3778675,9.147761
1760988305253,-2.4855444,2.3635106,9.157332
1760988305255,-2.5381866,2.3306093,9.1669035
1760988305258,-2.5531418,2.306681,9.195618
1760988305260,-2.5914268,2.2929223,9.195618
1760988305262,-2.6153553,2.2642083,9.215358
1760988305264,-2.6344976,2.2648067,9.215358
1760988305267,-2.658426,2.2456641,9.205787
1760988305269,-2.6590242,2.2408783,9.181859
1760988305271,-2.673381,2.2169502,9.172287
1760988305273,-2.687738,2.2265215,9.15793
1760988305276,-2.6829524,2.2265215,9.15793
1760988305278,-2.687738,2.2408783,9.134003
1760988305280,-2.6781666,2.231307,9.134003
1760988305282,-2.6488547,2.2552354,9.134003
1760988305285,-2.6344976,2.2695923,9.134003
1760988305287,-2.6249263,2.2881367,9.124431
1760988305289,-2.605784,2.297708,9.143574
1760988305292,-2.5914268,2.3024936,9.129216
1760988305294,-2.5914268,2.3024936,9.148359
1760988305296,-2.5573292,2.3306093,9.123833
1760988305298,-2.5286152,2.3353949,9.133404
1760988305300,-2.5286152,2.3353949,9.138189
1760988305303,-2.4951158,2.3539393,9.128618
1760988305305,-2.504687,2.3587248,9.138189
1760988305307,-2.5094728,2.3635106,9.114262
1760988305310,-2.5094728,2.373082,9.104691
1760988305313,-2.480759,2.3635106,9.0951185
1760988305315,-2.4903302,2.3682961,9.0951185
1760988305318,-2.495714,2.3491535,9.075976
1760988305319,-2.5142584,2.3587248,9.085547
1760988305322,-2.519044,2.3635106,9.042477
1760988305324,-2.5196424,2.3252254,9.028718
1760988305326,-2.525026,2.2965117,9.014361
1760988305328,-2.5058835,2.2863421,8.985647
1760988305330,-2.5202405,2.2725832,9.000004
1760988305333,-2.4867408,2.2767708,8.980862
1760988305335,-2.4867408,2.2815564,8.985647
1760988305338,-2.4915266,2.3054845,8.990433
1760988305340,-2.5058835,2.3060827,9.009576
1760988305342,-2.5196424,2.3204398,9.019147
1760988305344,-2.524428,2.3252254,9.04786
1760988305346,-2.524428,2.3395824,9.090333
1760988305348,-2.5094728,2.373082,9.104691
1760988305350,-2.5094728,2.3778675,9.109476
1760988305353,-2.4945176,2.4161527,9.138189
1760988305355,-2.5034907,2.4454648,9.16152
1760988305359,-2.4891338,2.4502504,9.190233
1760988305360,-2.4795625,2.4352953,9.180662
1760988305362,-2.4993033,2.4263222,9.171091
1760988305365,-2.475375,2.4305096,9.147162
1760988305368,-2.461018,2.4209383,9.147162
1760988305370,-2.4705894,2.425724,9.151948
1760988305372,-2.461018,2.411367,9.128618
1760988305375,-2.4759731,2.3874388,9.123833
1760988305377,-2.4759731,2.3826532,9.109476
1760988305379,-2.4855444,2.3778675,9.104691
1760988305381,-2.5094728,2.3874388,9.090333
1760988305384,-2.533401,2.3832514,9.06162
1760988305385,-2.562115,2.3832514,9.056833
1760988305388,-2.5806592,2.3784657,9.06162
1760988305389,-2.614757,2.364707,9.043075
1760988305392,-2.629114,2.3455644,9.067003
1760988305394,-2.6482565,2.3509483,9.067003
1760988305396,-2.667399,2.341377,9.1052885
1760988305398,-2.6769702,2.341377,9.110074
1760988305402,-2.6913273,2.3228326,9.138788
1760988305403,-2.6865416,2.3228326,9.153145
1760988305406,-2.6961129,2.318047,9.162716
1760988305407,-2.681756,2.3132613,9.201001
1760988305410,-2.6721847,2.3084757,9.215358
1760988305412,-2.6578279,2.312663,9.21476
1760988305414,-2.6195426,2.312663,9.24826
1760988305417,-2.6051857,2.3168504,9.21476
1760988305418,-2.6004,2.3264217,9.229117
1760988305421,-2.5812573,2.3407788,9.21476
1760988305423,-2.5758736,2.364707,9.21476
1760988305425,-2.585445,2.393421,9.209974
1760988305427,-2.6045876,2.3892334,9.224331
1760988305430,-2.6141586,2.3700907,9.224331
1760988305432,-2.6135604,2.3940191,9.238688
1760988305434,-2.6231318,2.4131618,9.243474
1760988305437,-2.6321049,2.4281168,9.262018
1760988305439,-2.6566312,2.41376,9.285947
1760988305441,-2.6422744,2.3994029,9.300303
1760988305444,-2.661417,2.3611178,9.329616
1760988305446,-2.6566312,2.3611178,9.343972
1760988305448,-2.6476583,2.332404,9.363115
1760988305450,-2.6428726,2.3132613,9.387043
1760988305453,-2.6434708,2.2989044,9.387043
1760988305456,-2.6338995,2.289333,9.406186
1760988305458,-2.6338995,2.2989044,9.382257
1760988305461,-2.6338995,2.2797618,9.406186
1760988305463,-2.6338995,2.274976,9.406186
1760988305466,-2.6195426,2.274976,9.406186
1760988305468,-2.6434708,2.289333,9.391829
1760988305470,-2.6338995,2.2797618,9.382257
1760988305472,-2.653042,2.265405,9.396614
1760988305474,-2.6578279,2.2701905,9.401401
1760988305476,-2.6536403,2.2414765,9.367901
1760988305478,-2.6392834,2.2271197,9.353543
1760988305481,-2.658426,2.2223341,9.320642
1760988305483,-2.6590242,2.2031915,9.315857
1760988305485,-2.626123,2.1738794,9.291928
1760988305488,-2.6350958,2.2025933,9.253643
1760988305490,-2.6446671,2.193022,9.239286
1760988305492,-2.6452653,2.193022,9.196216
1760988305495,-2.6542385,2.1978076,9.201001
1760988305496,-2.650051,2.178665,9.182457
1760988305498,-2.6548367,2.1882362,9.144172
1760988305500,-2.664408,2.1882362,9.120243
1760988305503,-2.678765,2.1978076,9.101101
1760988305505,-2.6685956,2.2121646,9.086744
1760988305508,-2.6739793,2.2073789,9.067601
1760988305510,-2.6925237,2.2217357,9.0341015
1760988305512,-2.687738,2.2265215,9.005388
1760988305514,-2.6883361,2.2073789,8.995817
1760988305516,-2.6883361,2.2067807,8.971889
1760988305519,-2.6691937,2.2019951,8.943174
1760988305521,-2.6883361,2.2115662,8.900702
1760988305524,-2.6596224,2.210968,8.852845
1760988305526,-2.664408,2.2259233,8.867203
1760988305528,-2.635694,2.2301106,8.852247
1760988305531,-2.6542385,2.2492533,8.866604
1760988305532,-2.6398816,2.2588246,8.895318
1760988305535,-2.6446671,2.283351,8.938389
1760988305537,-2.6488547,2.297708,9.000004
1760988305539,-2.6201408,2.3168504,9.076574
1760988305542,-2.562115,2.3258235,9.1669035
1760988305544,-2.5615165,2.364707,9.200403
1760988305546,-2.5381866,2.359323,9.233903
1760988305548,-2.5142584,2.349752,9.285947
1760988305551,-2.5184457,2.359323,9.309875
1760988305553,-2.5040889,2.3688943,9.324232
1760988305555,-2.480759,2.3545375,9.333803
1760988305558,-2.5040889,2.3641088,9.338589
1760988305560,-2.5184457,2.3694925,9.338589
1760988305563,-2.5429723,2.3407788,9.338589
1760988305564,-2.5381866,2.3455644,9.333803
1760988305567,-2.5477579,2.3312075,9.305687
1760988305569,-2.5722845,2.2929223,9.305687
1760988305571,-2.5627131,2.268994,9.281759
1760988305573,-2.5722845,2.2642083,9.257831
1760988305576,-2.5776682,2.2354946,9.22493
1760988305578,-2.5968108,2.2402802,9.210572
1760988305580,-2.6159534,2.2211375,9.1770735
1760988305582,-2.6255248,2.2259233,9.143574
1760988305585,-2.620739,2.2498515,9.110074
1760988305587,-2.6063821,2.2594228,9.08136
1760988305589,-2.592025,2.2636101,9.038289
1760988305591,-2.5728827,2.2875385,9.014361
1760988305594,-2.5345974,2.3012972,8.990433
1760988305596,-2.5052853,2.3341985,8.933005
1760988305598,-2.4771698,2.3192434,8.785249
1760988305601,-2.4729822,2.3282163,8.641679
1760988305603,-2.487339,2.3282163,8.498708
1760988305605,-2.516053,2.3234308,8.355139
1760988305611,-2.5399811,2.3521447,8.26481
1760988305611,-2.5776682,2.400001,8.226524
1760988305611,-2.6105695,2.4245276,8.202596
1760988305613,-2.6195426,2.4628127,8.216354
1760988305617,-2.6333013,2.5064816,8.292925
1760988305618,-2.632703,2.559722,8.3784685
1760988305620,-2.6512475,2.5507488,8.507681
1760988305622,-2.6554348,2.5704896,8.650652
1760988305625,-2.6554348,2.5752754,8.803194
1760988305627,-2.650051,2.5758736,8.961121
1760988305629,-2.6452653,2.562115,9.12802
1760988305631,-2.635694,2.5381866,9.262018
1760988305634,-2.650051,2.524428,9.395418
1760988305636,-2.6596224,2.5058835,9.491131
1760988305638,-2.6452653,2.4915266,9.5964155
1760988305640,-2.635694,2.4819553,9.648459
1760988305643,-2.6309085,2.4628127,9.672387
1760988305645,-2.6117659,2.4675984,9.69153
1760988305647,-2.5980072,2.4670002,9.672387
1760988305650,-2.5932214,2.457429,9.610772
1760988305652,-2.574079,2.4616163,9.55813
1760988305654,-2.5932214,2.4568307,9.476774
1760988305656,-2.6027927,2.4616163,9.405587
1760988305659,-2.6129622,2.4472594,9.324232
1760988305661,-2.6225336,2.4472594,9.285947
1760988305663,-2.6273193,2.466402,9.233304
1760988305666,-2.6464617,2.4424736,9.176475
1760988305669,-2.6518457,2.4329023,9.171689
1760988305670,-2.661417,2.4323041,9.0951185
1760988305672,-2.661417,2.4035904,9.057432
1760988305675,-2.6518457,2.408376,9.052048
1760988305677,-2.652444,2.3988047,9.043075
1760988305679,-2.652444,2.3940191,9.033504
1760988305682,-2.6572297,2.3892334,9.019147
1760988305684,-2.638087,2.3886352,8.980862
1760988305686,-2.62373,2.4077778,8.92822
1760988305688,-2.6333013,2.4029922,8.933005
1760988305690,-2.652444,2.4269204,8.899506
1760988305693,-2.6566312,2.4412773,8.827721
1760988305695,-2.6662025,2.46042,8.813364
1760988305697,-2.6949165,2.4556344,8.742178
1760988305700,-2.7433712,2.4323041,8.689535
1760988305702,-2.7858438,2.437688,8.694321
1760988305704,-2.8289146,2.4382863,8.699107
1760988305706,-2.8480573,2.428715,8.703893
1760988305708,-2.8432715,2.4239295,8.679964
1760988305711,-2.824727,2.3802602,8.670991
