1760988569308,-0.118507855,-1.3417655,-0.42332962
1760988569310,-0.11453723,-1.3077098,-0.44073927
1760988569315,-0.10934488,-1.278541,-0.45677447
1760988569315,-0.11026118,-1.2479976,-0.47158796
1760988569317,-0.117438845,-1.2260065,-0.48273626
1760988569319,-0.12721269,-1.2050844,-0.49495357
1760988569321,-0.13194689,-1.1830933,-0.50610185
1760988569324,-0.14401148,-1.1623238,-0.5172501
1760988569326,-0.15867224,-1.1462886,-0.52824575
1760988569328,-0.17348573,-1.1326969,-0.5369505
1760988569331,-0.19058995,-1.1215485,-0.5491679
1760988569333,-0.21029036,-1.116509,-0.5552765
1760988569335,-0.22876903,-1.1162035,-0.56382865
1760988569337,-0.2510656,-1.120785,-0.5723807
1760988569340,-0.2733622,-1.1255192,-0.57726765
1760988569342,-0.29810223,-1.1325442,-0.5868888
1760988569345,-0.3191771,-1.1456778,-0.590554
1760988569346,-0.34147367,-1.1563679,-0.59406644
1760988569349,-0.36270124,-1.1682798,-0.59773165
1760988569351,-0.38606682,-1.1766791,-0.59635717
1760988569354,-0.40469822,-1.1898128,-0.593761
1760988569356,-0.4269948,-1.1982121,-0.5888741
1760988569358,-0.441961,-1.2066116,-0.5876524
1760988569360,-0.46043968,-1.2197452,-0.58016926
1760988569362,-0.47418416,-1.2244794,-0.5740606
1760988569365,-0.48640144,-1.2304354,-0.5665775
1760988569367,-0.49266282,-1.2377657,-0.55924714
1760988569369,-0.49877146,-1.2353222,-0.5519168
1760988569372,-0.5012149,-1.2341005,-0.54336464
1760988569374,-0.50243664,-1.231657,-0.5335908
1760988569376,-0.4998405,-1.2243266,-0.52748215
1760988569378,-0.49235737,-1.2134838,-0.5166393
1760988569381,-0.48243082,-1.2075279,-0.5093089
1760988569383,-0.47235155,-1.1991285,-0.5007568
1760988569385,-0.46120325,-1.1908818,-0.48991394
1760988569388,-0.44501534,-1.1775955,-0.48258355
1760988569390,-0.42760566,-1.1693488,-0.46807548
1760988569392,-0.41141775,-1.1609493,-0.45952338
1760988569395,-0.397826,-1.1537718,-0.45097128
1760988569396,-0.38041633,-1.1430815,-0.44135013
1760988569399,-0.36545014,-1.1261301,-0.43172902
1760988569401,-0.3529274,-1.1093313,-0.42195517
1760988569403,-0.33658674,-1.0936015,-0.41355577
1760988569406,-0.32162055,-1.0743593,-0.40759984
1760988569408,-0.31413746,-1.0574077,-0.40393466
1760988569410,-0.30024028,-1.0392345,-0.40042216
1760988569413,-0.29031372,-1.0235047,-0.39935315
1760988569415,-0.2826779,-1.007775,-0.4005749
1760988569417,-0.27763826,-0.9932669,-0.40317106
1760988569419,-0.27885997,-0.9859365,-0.4092797
1760988569422,-0.28008172,-0.9859365,-0.4129449
1760988569424,-0.28512135,-0.9955576,-0.41905355
1760988569426,-0.29520062,-1.0088439,-0.42623124
1760988569428,-0.30879238,-1.0111347,-0.44089198
1760988569431,-0.3297145,-0.998612,-0.4569272
1760988569433,-0.35170567,-0.98364574,-0.4801401
1760988569435,-0.3801109,-0.96990126,-0.50701815
1760988569438,-0.40958515,-0.95737857,-0.5328272
1760988569440,-0.43554693,-0.95340794,-0.56214875
1760988569442,-0.46288314,-0.956615,-0.59391373
1760988569445,-0.48640144,-0.9673051,-0.6243043
1760988569447,-0.5175556,-0.9790643,-0.65484756
1760988569449,-0.5497787,-0.99204516,-0.68523806
1760988569451,-0.5758932,-1.0025826,-0.7170031
1760988569454,-0.600786,-1.0132728,-0.7498371
1760988569456,-0.63178736,-1.0177015,-0.7840455
1760988569458,-0.6577492,-1.0161743,-0.818254
1760988569460,-0.68371093,-1.012051,-0.8512407
1760988569462,-0.7058548,-1.0056369,-0.88300574
1760988569465,-0.7257079,-1.001819,-0.9147707
1760988569467,-0.7454083,-0.9954049,-0.944245
1760988569469,-0.75900006,-0.98792183,-0.9735665
1760988569472,-0.77381355,-0.98272943,-1.0004445
1760988569474,-0.7825184,-0.9825767,-1.0224357
1760988569476,-0.79733187,-0.9812023,-1.0456486
1760988569479,-0.8023715,-0.98349303,-1.0639745
1760988569481,-0.8049677,-0.99067074,-1.0786353
1760988569483,-0.8037459,-0.99189246,-1.0896308
1760988569486,-0.8002335,-0.9955576,-1.0969613
1760988569488,-0.7939721,-0.9980011,-1.1006265
1760988569490,-0.7828238,-0.99204516,-1.098183
1760988569492,-0.77289724,-0.98364574,-1.093296
1760988569494,-0.75793105,-0.97295564,-1.0836749
1760988569496,-0.7454083,-0.9584476,-1.0677924
1760988569499,-0.7279987,-0.945314,-1.045954
1760988569501,-0.70921457,-0.9309586,-1.0239629
1760988569504,-0.6892087,-0.9117164,-0.9947941
1760988569506,-0.66675943,-0.8938486,-0.9631818
1760988569508,-0.6443101,-0.875828,-0.9279043
1760988569510,-0.61926466,-0.8579602,-0.8888089
1760988569513,-0.59437186,-0.8352055,-0.84742284
1760988569515,-0.5681047,-0.8197812,-0.80481493
1760988569517,-0.54428095,-0.79702646,-0.76342887
1760988569519,-0.5119051,-0.7780896,-0.7182248
1760988569522,-0.4831944,-0.75900006,-0.6731735
1760988569524,-0.45707992,-0.74113226,-0.6256787
1760988569526,-0.4222606,-0.72692966,-0.58169645
1760988569528,-0.38866302,-0.7189884,-0.5390886
1760988569531,-0.35277468,-0.7060075,-0.49632803
1760988569533,-0.3155119,-0.6966918,-0.45860708
1760988569535,-0.2782491,-0.6814202,-0.42317688
1760988569537,-0.23976462,-0.6649268,-0.3915646
1760988569539,-0.20250183,-0.65194595,-0.35995236
1760988569541,-0.16417004,-0.6401868,-0.33307427
1760988569544,-0.1282817,-0.63453627,-0.30879238
1760988569546,-0.09483683,-0.6301075,-0.28802297
1760988569548,-0.0627664,-0.63285637,-0.269697
1760988569551,-0.03436117,-0.63804877,-0.25625798
1760988569553,-0.007330383,-0.64934975,-0.2452624
1760988569555,0.014660766,-0.66782844,-0.23900102
1760988569558,0.032986723,-0.68508536,-0.23289238
1760988569560,0.04627304,-0.7133379,-0.2302962
1760988569562,0.05222898,-0.74265945,-0.22892176
1760988569564,0.05177083,-0.7828238,-0.22739458
1760988569566,0.043829583,-0.8338311,-0.2209805
1760988569569,0.028252518,-0.91538155,-0.20586158
1760988569571,0.006414085,-1.016327,-0.18203785
1760988569573,-0.010231993,-1.0867293,-0.15347989
1760988569575,-0.02733622,-1.0769554,-0.12308934
1760988569578,-0.04841107,-0.97692627,-0.0954477
1760988569580,-0.06658431,-0.82833326,-0.07422013
1760988569583,-0.083383106,-0.66752297,-0.053145275
1760988569585,-0.098043874,-0.5371033,-0.0355829
1760988569587,-0.11071932,-0.45051312,-0.021380283
1760988569589,-0.11881329,-0.40546182,-0.010537425
1760988569591,-0.12980886,-0.38698313,-0.015577064
1760988569594,-0.13942999,-0.364992,-0.025503624
1760988569596,-0.15042557,-0.3465133,-0.047494773
1760988569598,-0.16142114,-0.3304781,-0.07696902
1760988569601,-0.17012598,-0.322995,-0.1160644
1760988569603,-0.17516561,-0.31795537,-0.15882497
1760988569605,-0.17898351,-0.31413746,-0.20662516
1760988569607,-0.19028452,-0.3199407,-0.2554944
1760988569610,-0.23900102,-0.37904188,-0.28802297
1760988569612,-0.31398472,-0.46593747,-0.30833423
1760988569614,-0.40225476,-0.5367978,-0.32620203
1760988569616,-0.4915938,-0.5893322,-0.3391829
1760988569619,-0.5833763,-0.63224554,-0.3510948
1760988569621,-0.66752297,-0.66431594,-0.3642284
1760988569623,-0.75411314,-0.68768156,-0.37751472
1760988569626,-0.8382598,-0.70631295,-0.38591412
1760988569628,-0.91981035,-0.7200574,-0.39553526
1760988569630,-1.0002918,-0.75701475,-0.40011674
1760988569633,-1.0887146,-0.837649,-0.39950588
1760988569635,-1.1782063,-0.9098838,-0.39171734
1760988569637,-1.2663237,-0.9747882,-0.37904188
1760988569639,-1.3507757,-1.0445796,-0.36758816
1760988569642,-1.4304937,-1.122923,-0.35353827
1760988569644,-1.5089899,-1.2049317,-0.3408628
1760988569647,-1.5825992,-1.29198,-0.32925636
1760988569648,-1.6513215,-1.3788756,-0.31764993
1760988569651,-1.7174476,-1.4634804,-0.30375275
1760988569653,-1.7760907,-1.5445728,-0.2921463
1760988569655,-1.8336648,-1.6281086,-0.28069258
1760988569657,-1.8886427,-1.7053831,-0.26923886
1760988569660,-1.9338466,-1.7805195,-0.26267207
1760988569662,-1.9726366,-1.8422168,-0.25244007
1760988569664,-2.002569,-1.8797851,-0.24007004
1760988569666,-2.0186043,-1.8832976,-0.23258694
1760988569669,-2.0280726,-1.8515326,-0.22540927
1760988569671,-2.0212004,-1.783421,-0.21487185
1760988569673,-2.0042489,-1.6836973,-0.20693061
1760988569675,-1.9695823,-1.5551102,-0.20158553
1760988569678,-1.922393,-1.404532,-0.19868392
1760988569680,-1.865277,-1.2394456,-0.20219639
1760988569682,-1.7957911,-1.0697777,-0.20677789
1760988569685,-1.7125608,-0.8915578,-0.22021692
1760988569687,-1.6197093,-0.71944654,-0.23716843
1760988569690,-1.525636,-0.56092703,-0.26007587
1760988569691,-1.4194981,-0.4156938,-0.28420505
1760988569694,-1.3048081,-0.28405234,-0.31444287
1760988569696,-1.1890492,-0.1695151,-0.34697145
1760988569698,-1.0685561,-0.069485925,-0.3866777
1760988569701,-0.9505063,0.02321288,-0.42531493
1760988569703,-0.82909685,0.1049161,-0.46868637
1760988569705,-0.7075347,0.18173242,-0.5143485
1760988569707,-0.5887214,0.24633141,-0.55771995
1760988569709,-0.46853364,0.3061962,-0.6046039
1760988569712,-0.3484986,0.36713,-0.64660084
1760988569715,-0.2321288,0.42455134,-0.68615437
1760988569717,-0.116980694,0.47586402,-0.7244862
1760988569719,-0.004428773,0.52595496,-0.75655663
1760988569721,0.106901415,0.5748242,-0.7851145
1760988569723,0.21212296,0.61651576,-0.8049677
1760988569725,0.3135266,0.65194595,-0.8187121
1760988569727,0.40622538,0.6779077,-0.82634795
1760988569731,0.495259,0.70249504,-0.82772243
1760988569732,0.5768095,0.7139487,-0.8217665
1760988569734,0.6533204,0.7191411,-0.8145888
1760988569737,0.72494435,0.7171558,-0.7987063
1760988569739,0.7852673,0.70921457,-0.7816021
1760988569741,0.84314674,0.6963864,-0.75961095
1760988569744,0.889878,0.6776023,-0.73884153
1760988569746,0.9305005,0.6563747,-0.7118107
1760988569748,0.9673051,0.6291912,-0.68111473
1760988569750,0.9954049,0.59956425,-0.65408397
1760988569753,1.0137309,0.5652031,-0.623388
1760988569755,1.0282389,0.52595496,-0.59391373
1760988569757,1.0315987,0.4831944,-0.56306505
1760988569759,1.0374019,0.44165558,-0.5334381
1760988569762,1.0320568,0.39904773,-0.5027421
1760988569764,1.0218248,0.3491095,-0.46700647
1760988569766,1.0041097,0.2930626,-0.42378777
1760988569768,0.9753991,0.24449882,-0.37827832
1760988569771,0.9418015,0.20341812,-0.33276883
1760988569773,0.91324353,0.1693624,-0.2874121
1760988569775,0.88361657,0.14523321,-0.24572055
1760988569778,0.84894997,0.12721269,-0.20280726
1760988569780,0.80832744,0.1226312,-0.1647809
1760988569782,0.7654142,0.13026701,-0.13179417
1760988569785,0.71883565,0.14645495,-0.10247265
1760988569787,0.66599584,0.16523905,-0.084146686
1760988569789,0.6096435,0.18891008,-0.06841691
1760988569791,0.5519168,0.21502456,-0.065973446
1760988569793,0.4915938,0.22785273,-0.06719518
1760988569795,0.43249258,0.2406809,-0.077121735
1760988569798,0.37094793,0.24617869,-0.09162979
1760988569801,0.311694,0.24923302,-0.11484267
1760988569802,0.25121832,0.25610524,-0.13927728
1760988569805,0.19318613,0.2640465,-0.1685988
1760988569807,0.13897185,0.27565295,-0.2003638
1760988569810,0.08735373,0.29458976,-0.23472497
1760988569812,0.04428773,0.31581733,-0.2677117
1760988569814,0.0038179078,0.34315357,-0.30085114
1760988569816,-0.028099801,0.3678936,-0.33643404
1760988569818,-0.056352317,0.39629883,-0.3659083
1760988569820,-0.07467828,0.4196644,-0.3941608
1760988569823,-0.08933904,0.44058657,-0.42241332
1760988569826,-0.09666943,0.45662177,-0.4456262
1760988569828,-0.09789115,0.46883908,-0.46654832
1760988569830,-0.089186326,0.47250426,-0.48731774
1760988569832,-0.07452556,0.46746463,-0.50442195
1760988569835,-0.05497787,0.45875978,-0.5215262
1760988569837,-0.031612277,0.4476115,-0.5374087
1760988569839,-0.0010690142,0.43279803,-0.5494733
1760988569842,0.032070424,0.41050145,-0.56291234
1760988569844,0.06994407,0.38591412,-0.57619864
1760988569846,0.10781772,0.3623958,-0.5859725
1760988569848,0.15439619,0.33399057,-0.59681535
1760988569851,0.20097467,0.3042109,-0.6064365
1760988569853,0.2499966,0.2770274,-0.61621034
1760988569855,0.29779682,0.24862215,-0.6282749
1760988569857,0.34681875,0.22250767,-0.6391178
1760988569860,0.39446622,0.19165897,-0.64751714
1760988569861,0.44348818,0.16187929,-0.657291
1760988569864,0.48624873,0.13103059,-0.6693556
1760988569867,0.5328272,0.09773844,-0.6753115
1760988569868,0.5719226,0.05955936,-0.6824892
1760988569871,0.6097962,0.025198191,-0.68966687
1760988569873,0.6462954,-0.014202617,-0.6956228
1760988569875,0.6779077,-0.05589417,-0.69898254
1760988569878,0.70707655,-0.09758572,-0.7012733
1760988569880,0.7350236,-0.13683382,-0.6986771
1760988569882,0.76052725,-0.18341228,-0.70081514
1760988569885,0.7761043,-0.22861631,-0.698219
1760988569887,0.7892379,-0.27259862,-0.6979135
1760988569889,0.8023715,-0.31535918,-0.6940956
1760988569891,0.81306165,-0.3483459,-0.6963864
1760988569894,0.8190176,-0.3727805,-0.6950119
1760988569896,0.8249735,-0.39584067,-0.69974613
1760988569898,0.8258898,-0.41783184,-0.70325863
1760988569901,0.8232936,-0.4372268,-0.7104363
1760988569904,0.8205447,-0.45066583,-0.72021013
1760988569906,0.81321436,-0.4529566,-0.72509706
1760988569907,0.8020661,-0.44791695,-0.729984
1760988569910,0.7910705,-0.4344779,-0.7348709
1760988569912,0.77656245,-0.41722095,-0.7386888
1760988569914,0.76067996,-0.3950771,-0.74128497
1760988569916,0.74128497,-0.36819902,-0.7414377
1760988569918,0.72418076,-0.34116822,-0.74265945
1760988569921,0.70478576,-0.31658092,-0.7440339
1760988569923,0.68523806,-0.29077184,-0.74296486
1760988569925,0.66691214,-0.2761111,-0.74174315
1760988569927,0.644921,-0.26007587,-0.73823065
1760988569930,0.6229298,-0.24755314,-0.73456544
1760988569932,0.59971696,-0.22785273,-0.7286095
1760988569934,0.5777258,-0.20463985,-0.72127914
1760988569936,0.5510005,-0.17516561,-0.70921457
1760988569939,0.5242751,-0.13836098,-0.6983717
1760988569941,0.4999932,-0.10399981,-0.68508536
1760988569943,0.47433686,-0.071013086,-0.67179906
1760988569946,0.4476115,-0.036651913,-0.657291
1760988569948,0.41722095,-0.0047342055,-0.6427829
1760988569950,0.38789943,0.022296581,-0.6282749
1760988569952,0.3585779,0.04337143,-0.61254513
1760988569955,0.32559118,0.061850104,-0.60154957
1760988569957,0.29000828,0.07925977,-0.5868888
1760988569959,0.25686884,0.09666943,-0.57848936
1760988569962,0.22266038,0.11759156,-0.5674938
1760988569964,0.1919644,0.13622294,-0.56031615
1760988569966,0.1601994,0.15470162,-0.5505423
1760988569968,0.12461651,0.17577648,-0.5458081
1760988569971,0.091477074,0.19074267,-0.54336464
1760988569973,0.053450707,0.20204368,-0.53969944
1760988569975,0.022602014,0.21212296,-0.53969944
1760988569977,-0.006872234,0.22586742,-0.5410739
1760988569980,-0.03390302,0.23335053,-0.54473907
1760988569983,-0.06337727,0.23854288,-0.5459608
1760988569985,-0.093004234,0.24251351,-0.549626
1760988569987,-0.11881329,0.24770586,-0.55573463
1760988569989,-0.14477506,0.24801129,-0.55573463
1760988569991,-0.16691893,0.24327709,-0.56046885
1760988569993,-0.19181168,0.2350304,-0.5653558
1760988569996,-0.21029036,0.22311853,-0.5676465
1760988569998,-0.22907446,0.2098322,-0.57009
1760988570000,-0.24404067,0.18936823,-0.5723807
1760988570002,-0.25900686,0.16997325,-0.572228
1760988570005,-0.27030787,0.14935656,-0.5720753
1760988570007,-0.28038713,0.13133603,-0.5720753
1760988570009,-0.2817616,0.10934488,-0.5707009
1760988570011,-0.28939742,0.08628472,-0.5681047
1760988570014,-0.29458976,0.063224554,-0.56428677
1760988570016,-0.29840767,0.046120327,-0.55924714
1760988570018,-0.30115658,0.025503624,-0.5580254
1760988570021,-0.30008754,0.005955936,-0.5542075
1760988570023,-0.30024028,-0.00992656,-0.5491679
1760988570025,-0.29917124,-0.02687807,-0.54428095
1760988570027,-0.29932398,-0.042760566,-0.54168475
1760988570030,-0.29703322,-0.056199603,-0.54412824
1760988570032,-0.30085114,-0.07070765,-0.54519725
1760988570034,-0.29978213,-0.08536842,-0.54260105
1760988570036,-0.30604348,-0.10476339,-0.54504454
1760988570039,-0.31123585,-0.12415836,-0.5497787
1760988570041,-0.3213151,-0.14110987,-0.5545129
1760988570043,-0.32635477,-0.15683965,-0.5655085
1760988570045,-0.33276883,-0.17134771,-0.5751296
1760988570047,-0.34147367,-0.18219055,-0.5849035
1760988570050,-0.3501785,-0.18692477,-0.5983425
1760988570053,-0.35643986,-0.18325958,-0.61178154
1760988570055,-0.3576616,-0.17959438,-0.6252206
1760988570057,-0.36254853,-0.17821993,-0.6411031
1760988570059,-0.36758816,-0.17806722,-0.65209866
1760988570062,-0.37491855,-0.17195857,-0.66553766
1760988570064,-0.377362,-0.160963,-0.6754643
1760988570066,-0.37843102,-0.14752395,-0.68401635
1760988570069,-0.37965274,-0.1328632,-0.69027776
1760988570070,-0.38056904,-0.1133155,-0.6939429
1760988570072,-0.37293324,-0.08903361,-0.6940956
1760988570075,-0.3652974,-0.062308256,-0.6918049
1760988570078,-0.3576616,-0.03680463,-0.68707067
1760988570080,-0.34987307,-0.010231993,-0.6750061
1760988570081,-0.34101552,0.014049901,-0.6592763
1760988570085,-0.33337972,0.036957346,-0.6423248
1760988570086,-0.32559118,0.05879578,-0.61682117
1760988570088,-0.3129157,0.082924955,-0.5900958
1760988570091,-0.30390546,0.11071932,-0.56092703
1760988570093,-0.2948952,0.13607024,-0.52549684
1760988570095,-0.28603765,0.16157386,-0.49266282
1760988570098,-0.2782491,0.18692477,-0.45372015
1760988570100,-0.26557365,0.20738874,-0.41355577
1760988570102,-0.2603813,0.22174409,-0.3744604
1760988570104,-0.2564107,0.2350304,-0.33551773
1760988570106,-0.24755314,0.24938573,-0.30008754
1760988570109,-0.24358252,0.26389378,-0.2660318
1760988570111,-0.23732115,0.2649628,-0.23304509
1760988570114,-0.2284636,0.26847526,-0.20372356
1760988570116,-0.21853705,0.26710084,-0.17806722
1760988570118,-0.20754147,0.26083946,-0.15836681
1760988570121,-0.19517145,0.25335637,-0.14248432
1760988570123,-0.17928895,0.2434298,-0.13026701
1760988570125,-0.1656972,0.2322815,-0.12415836
1760988570127,-0.14859296,0.21624629,-0.12156218
1760988570130,-0.12904528,0.20387627,-0.12156218
1760988570133,-0.111941054,0.19028452,-0.12385293
1760988570134,-0.088728175,0.1693624,-0.12629639
1760988570136,-0.06918049,0.15088372,-0.13591751
1760988570140,-0.04841107,0.1337795,-0.1469131
1760988570140,-0.027641652,0.12018774,-0.15653422
1760988570144,-0.0056505036,0.105374254,-0.16508633
1760988570146,0.013897184,0.08811731,-0.17486018
1760988570147,0.031001411,0.07452556,-0.18448131
1760988570150,0.04932737,0.061086524,-0.19058995
1760988570152,0.0664316,0.047494773,-0.19547687
1760988570154,0.07742717,0.035124753,-0.19776763
1760988570157,0.08582657,0.020463986,-0.19898935
1760988570159,0.09560041,0.0106901415,-0.19394971
1760988570161,0.10308351,0.004428773,-0.18906279
1760988570164,0.10781772,-0.0053450707,-0.18051068
1760988570166,0.106595986,-0.015118915,-0.17180584
1760988570168,0.106595986,-0.017562376,-0.15714508
1760988570171,0.10293079,-0.022449298,-0.14126259
1760988570173,0.099265605,-0.021227567,-0.12293663
1760988570175,0.09193522,-0.021227567,-0.104610674
1760988570178,0.083383106,-0.022449298,-0.08384126
1760988570180,0.07727446,-0.020005837,-0.061850104
1760988570182,0.06872234,-0.020005837,-0.04352415
1760988570184,0.057726767,-0.015118915,-0.021533
1760988570186,0.047800206,-0.01863139,-6.1086525E-4
1760988570189,0.03680463,-0.014966198,0.020158553
1760988570191,0.027030786,-0.0125227375,0.03604105
1760988570193,0.014813482,-0.013591751,0.053145275
1760988570195,0.0050396384,-0.011148291,0.07147124
1760988570198,-0.0047342055,-0.00870483,0.08368854
1760988570200,-0.014660766,-0.008552114,0.0983493
1760988570202,-0.021991149,-0.0061086523,0.11056661
1760988570204,-0.025503624,-0.002443461,0.122783914
1760988570206,-0.03176499,-0.002443461,0.13133603
1760988570209,-0.036651913,-0.0012217305,0.13988814
1760988570211,-0.0364992,0.0012217305,0.1459968
1760988570213,-0.04138612,0.0036651916,0.14966199
1760988570216,-0.04627304,0.007330383,0.15210545
1760988570219,-0.047494773,0.013439035,0.15332718
1760988570220,-0.051159963,0.018325957,0.15195273
1760988570223,-0.054825157,0.023365596,0.14828753
1760988570224,-0.06093381,0.028252518,0.1421789
1760988570227,-0.064599,0.029474247,0.1348485
1760988570229,-0.06963864,0.03573562,0.12385293
1760988570231,-0.081855945,0.040775254,0.11530081
1760988570233,-0.093004234,0.048258353,0.10186178
1760988570235,-0.10277808,0.053145275,0.089491755
1760988570237,-0.112704635,0.058184914,0.076052725
1760988570240,-0.12370021,0.06078109,0.06383542
1760988570242,-0.13118331,0.064599,0.051618114
1760988570245,-0.13973543,0.068264194,0.04184427
1760988570247,-0.14477506,0.06719518,0.033292156
1760988570250,-0.14966199,0.06719518,0.027183503
1760988570252,-0.1498147,0.06246097,0.02107485
1760988570254,-0.1498147,0.05757405,0.016187929
1760988570256,-0.14859296,0.056352317,0.014966198
1760988570258,-0.14492778,0.047800206,0.016340645
1760988570260,-0.14019357,0.04046982,0.020005837
1760988570263,-0.12782355,0.035430185,0.02611449
1760988570265,-0.11927144,0.026725354,0.032223143
1760988570267,-0.10827587,0.01572978,0.040927973
1760988570270,-0.09605856,0.00580322,0.053145275
1760988570272,-0.084910266,-0.00290161,0.06658431
1760988570274,-0.07147124,-0.018936822,0.082619525
1760988570277,-0.06169739,-0.037415497,0.09605856
1760988570279,-0.048258353,-0.05222898,0.116980694
1760988570281,-0.03604105,-0.071776666,0.1366811
1760988570283,-0.026419923,-0.09636399,0.15882497
1760988570285,-0.01786781,-0.11224649,0.17959438
1760988570287,-0.010537425,-0.1282817,0.2041817
1760988570290,-0.0032070426,-0.14553864,0.22617286
1760988570292,0.0027488936,-0.1601994,0.24831672
1760988570295,0.008857546,-0.17134771,0.2666427
1760988570296,0.012675454,-0.17867808,0.28878653
1760988570299,0.020005837,-0.18860464,0.30711251
1760988570301,0.02611449,-0.19226983,0.32055154
1760988570304,0.032375857,-0.19364429,0.33276883
1760988570306,0.03726278,-0.19135354,0.34254268
1760988570308,0.04596761,-0.18295415,0.3474296
1760988570310,0.049785517,-0.1731803,0.35353827
1760988570313,0.053603426,-0.1611157,0.35216382
1760988570315,0.05757405,-0.14523321,0.35078937
1760988570317,0.061391957,-0.12705997,0.34468073
1760988570320,0.06154467,-0.10873401,0.33475417
1760988570322,0.0580322,-0.08307768,0.32604933
1760988570324,0.05085453,-0.058643065,0.31490102
1760988570326,0.038789943,-0.030390546,0.30497447
1760988570329,0.01572978,0.0050396384,0.30604348
1760988570331,-0.017104227,0.046731193,0.32910365
1760988570333,-0.052381694,0.07742717,0.35338554
1760988570335,-0.08781188,0.111941054,0.36911532
1760988570338,-0.11942416,0.14385876,0.376293
1760988570340,-0.14874569,0.17333302,0.37858373
1760988570343,-0.17440203,0.20769419,0.3747658
1760988570345,-0.19501872,0.24205536,0.366061
1760988570347,-0.20937407,0.279929,0.35246924
1760988570349,-0.21899518,0.310625,0.34254268
1760988570352,-0.2237294,0.33383787,0.32650748
1760988570353,-0.22983804,0.3484986,0.311694
1760988570356,-0.22861631,0.34972036,0.29947668
1760988570358,-0.21884248,0.34605515,0.28848112
1760988570361,-0.21288654,0.33505958,0.27748555
1760988570363,-0.20311269,0.3203988,0.27030787
1760988570365,-0.19456059,0.30940324,0.26297748
1760988570367,-0.17989981,0.30192015,0.2519819
1760988570370,-0.17256944,0.29458976,0.24465153
1760988570372,-0.16279559,0.2932153,0.23609942
1760988570374,-0.15790866,0.29443705,0.22632557
1760988570376,-0.15057829,0.29443705,0.21410827
1760988570379,-0.14569137,0.29443705,0.20311269
1760988570381,-0.14080444,0.2932153,0.1908954
1760988570383,-0.13469578,0.28710666,0.18112154
1760988570385,-0.12996158,0.2761111,0.17027868
1760988570388,-0.12140947,0.2602286,0.16294831
1760988570390,-0.1142318,0.24801129,0.15943582
1760988570392,-0.10323623,0.23075435,0.15699236
1760988570394,-0.09483683,0.21609358,0.15592335
1760988570397,-0.08628472,0.20265454,0.15836681
1760988570399,-0.07651087,0.18906279,0.16081028
1760988570402,-0.065515295,0.17684549,0.16584991
1760988570404,-0.054519724,0.16325374,0.17195857
1760988570406,-0.046120327,0.1498147,0.18188512
1760988570408,-0.035124753,0.12889257,0.2003638
1760988570411,-0.023060163,0.09819659,0.22739458
1760988570413,-0.002443461,0.04184427,0.28145617
1760988570415,0.022907447,-0.04016439,0.36743546
1760988570417,0.054519724,-0.10903945,0.4605924
1760988570420,0.087659165,-0.15836681,0.5439755
1760988570422,0.11591168,-0.18799378,0.61376685
1760988570424,0.13927728,-0.20540343,0.66523224
1760988570426,0.15653422,-0.21548271,0.6945538
1760988570429,0.16142114,-0.2144137,0.70554936
1760988570431,0.15790866,-0.20204368,0.6945538
1760988570433,0.14950927,-0.17638734,0.66752297
1760988570436,0.1348485,-0.14080444,0.6246097
1760988570438,0.116675265,-0.094225965,0.5729916
1760988570440,0.09239337,-0.0364992,0.52015173
1760988570442,0.07086037,0.034513887,0.46593747
1760988570444,0.045356743,0.10186178,0.41554108
1760988570446,0.022602014,0.16920967,0.37232238
1760988570449,-0.009010263,0.22571471,0.3304781
1760988570452,-0.034513887,0.27229318,0.30100384
1760988570453,-0.060322944,0.29703322,0.28130344
1760988570456,-0.08735373,0.30451632,0.2678644
1760988570458,-0.114689946,0.29520062,0.2593123
1760988570460,-0.13698652,0.27351493,0.2582433
1760988570463,-0.15332718,0.24556783,0.26328292
1760988570465,-0.1684461,0.21533,0.2695443
1760988570467,-0.17608191,0.18493946,0.27962357
1760988570470,-0.182496,0.15806139,0.2932153
1760988570472,-0.18387043,0.14355333,0.30665436
1760988570474,-0.1777618,0.12751812,0.31658092
1760988570476,-0.17287487,0.11652254,0.32635477
1760988570478,-0.16814066,0.10919216,0.33261612
1760988570481,-0.16447547,0.10308351,0.33750305
1760988570483,-0.16325374,0.09697486,0.3387248
1760988570485,-0.16325374,0.095753126,0.34238997
1760988570487,-0.16691893,0.09941832,0.34116822
1760988570490,-0.17302758,0.10430524,0.34116822
1760988570491,-0.18280143,0.108123146,0.34116822
1760988570495,-0.19135354,0.11789699,0.34345898
1760988570497,-0.19990565,0.1301143,0.3483459
1760988570499,-0.21212296,0.14370605,0.35323283
1760988570501,-0.21930063,0.15958855,0.35430184
1760988570503,-0.22525656,0.17180584,0.3567453
1760988570506,-0.23380867,0.18524489,0.3565926
1760988570508,-0.24236079,0.19501872,0.35414913
1760988570510,-0.24846944,0.20250183,0.345597
1760988570512,-0.25457808,0.20738874,0.3370449
1760988570515,-0.26450464,0.20998493,0.32345316
1760988570517,-0.2744312,0.20769419,0.30283645
1760988570519,-0.28939742,0.19822577,0.27962357
1760988570521,-0.29825497,0.182496,0.25396723
1760988570524,-0.30726522,0.16081028,0.22724187
1760988570526,-0.3199407,0.12935072,0.19685133
1760988570528,-0.33276883,0.0917825,0.16661349
1760988570530,-0.34315357,0.045814894,0.13988814
1760988570533,-0.35246924,-0.011301007,0.1133155
1760988570535,-0.36056322,-0.07941248,0.0917825
1760988570537,-0.3651447,-0.15347989,0.07513642
1760988570539,-0.36728272,-0.24358252,0.062155537
1760988570542,-0.3622431,-0.3471242,0.05299256
1760988570544,-0.35735616,-0.47021353,0.048716504
1760988570547,-0.35002577,-0.6114761,0.050701816
1760988570548,-0.33673948,-0.76144356,0.061391957
1760988570551,-0.3210097,-0.91996306,0.076816306
1760988570553,-0.29932398,-1.0919216,0.09987647
1760988570555,-0.2666427,-1.2921327,0.13271047
1760988570558,-0.22586742,-1.5312865,0.17913623
1760988570560,-0.1731803,-1.8278615,0.23579398
1760988570563,-0.107359566,-2.162463,0.29993483
1760988570565,-0.03268129,-2.4885123,0.36163223
1760988570567,0.055588737,-2.7902796,0.41447207
1760988570569,0.16279559,-3.0593657,0.45631635
1760988570572,0.27275133,-3.2907312,0.48563787
1760988570574,0.3866777,-3.4831536,0.49754974
1760988570576,0.49586987,-3.6583192,0.48624873
1760988570578,0.6012441,-3.8359282,0.4552473
1760988570581,0.70005155,-4.048662,0.40011674
1760988570582,0.788627,-4.2965207,0.31703907
1760988570585,0.86376345,-4.5175014,0.23884831
1760988570588,0.92072666,-4.724737,0.15928312
1760988570590,0.9639453,-4.9234214,0.07223482
1760988570591,1.0015136,-5.0927835,-0.018478673
1760988570594,1.0270172,-5.2267156,-0.11560625
1760988570597,1.0341948,-5.343391,-0.20906863
1760988570599,1.0315987,-5.4356318,-0.30024028
1760988570601,1.0073168,-5.5034375,-0.38774672
1760988570603,0.96959585,-5.553834,-0.46807548
1760988570605,0.91599244,-5.586057,-0.5412266
1760988570608,0.8541423,-5.590028,-0.6059783
1760988570610,0.77640975,-5.578116,-0.6597345
1760988570612,0.6925685,-5.5564303,-0.7012733
1760988570614,0.6017023,-5.5116844,-0.7246389
1760988570616,0.4978552,-5.414404,-0.7324274
1760988570618,0.37675115,-5.2073207,-0.7139487
1760988570621,0.22250767,-4.8565316,-0.66691214
1760988570623,0.04138612,-4.388456,-0.5897904
1760988570625,-0.14950927,-3.8973203,-0.4885395
1760988570628,-0.35338554,-3.4961345,-0.37934732
1760988570631,-0.52778757,-3.2061262,-0.2658791
1760988570633,-0.6759224,-3.015078,-0.15057829
1760988570635,-0.798859,-2.893516,-0.026572637
1760988570638,-0.9243918,-2.7855456,0.103847094
1760988570640,-1.1029172,-2.56991,0.26160303
1760988570642,-1.3437508,-2.2988386,0.4352415
1760988570644,-1.5648841,-2.1314616,0.5849035
1760988570647,-1.7038559,-2.120466,0.66920286
1760988570649,-1.7489072,-2.1931589,0.6892087
1760988570651,-1.733941,-2.2919664,0.6739371
1760988570653,-1.691944,-2.4043655,0.65011334
1760988570655,-1.6514742,-2.5361598,0.63361996
1760988570657,-1.6184875,-2.6972754,0.62109727
1760988570660,-1.5861117,-2.8947377,0.6123924
1760988570662,-1.5416712,-3.1290045,0.59895337
1760988570664,-1.4813483,-3.382819,0.5832236
1760988570666,-1.403921,-3.642895,0.5687156
1760988570669,-1.3263412,-3.90068,0.5676465
1760988570672,-1.2388347,-4.1573963,0.5749769
1760988570675,-1.1513283,-4.406629,0.59589905
1760988570676,-1.0673343,-4.6437974,0.6252206
1760988570679,-0.9819659,-4.871345,0.66431594
1760988570680,-0.89888823,-5.085453,0.70707655
1760988570683,-0.8156578,-5.2849007,0.75334954
1760988570685,-0.7360926,-5.472131,0.7958047
1760988570687,-0.6575964,-5.6447005,0.83459467
1760988570690,-0.5887214,-5.8050523,0.8671232
1760988570692,-0.5175556,-5.9617395,0.8961393
1760988570694,-0.45356745,-6.1086526,0.9213375
1760988570696,-0.39202276,-6.2517476,0.9502009
1760988570699,-0.33658674,-6.3852215,0.9837985
1760988570701,-0.28588495,-6.508769,1.0273226
1760988570703,-0.24236079,-6.6165867,1.0804679
1760988570706,-0.19639318,-6.7158527,1.1420126
1760988570708,-0.16126843,-6.7980137,1.2169963
1760988570710,-0.13332134,-6.863071,1.3029755
1760988570712,-0.11255192,-6.9073586,1.3923146
1760988570714,-0.096516706,-6.942025,1.487915
1760988570717,-0.0926988,-6.964169,1.5894713
1760988570720,-0.09743301,-6.9791355,1.6910278
1760988570721,-0.1133155,-6.9817314,1.7863227
1760988570723,-0.13255776,-6.9719577,1.8817704
1760988570726,-0.16294831,-6.9609623,1.9782871
1760988570728,-0.1994475,-6.938971,2.0734293
1760988570730,-0.24587326,-6.912093,2.165059
1760988570733,-0.29443705,-6.874067,2.2565362
1760988570734,-0.34681875,-6.837262,2.3506095
1760988570737,-0.4027129,-6.7906833,2.4469736
1760988570738,-0.462425,-6.7416615,2.541963
1760988570741,-0.5233588,-6.69264,2.634662
1760988570743,-0.5865834,-6.638731,2.7273605
1760988570746,-0.65118235,-6.5871124,2.8212812
1760988570748,-0.7180721,-6.5295386,2.9078712
1760988570750,-0.7838928,-6.4730334,2.9943087
1760988570752,-0.8483391,-6.409351,3.076012
1760988570755,-0.91889405,-6.343072,3.1563408
1760988570757,-0.99082345,-6.279237,3.2317827
1760988570759,-1.0589349,-6.2155538,3.3061554
1760988570761,-1.133155,-6.137058,3.3791537
1760988570763,-1.2148583,-6.0596304,3.4472654
1760988570766,-1.2988522,-5.9811344,3.5140023
1760988570768,-1.3854424,-5.8963766,3.5772269
1760988570771,-1.4781412,-5.8140626,3.6367862
1760988570774,-1.5682437,-5.720753,3.694971
1760988570776,-1.6632334,-5.6274433,3.748422
1760988570778,-1.753336,-5.53169,3.8029416
1760988570780,-1.8411479,-5.440824,3.8513527
1760988570782,-1.9300288,-5.3426275,3.8986948
1760988570784,-2.0152445,-5.2468743,3.9397755
1760988570786,-2.0917554,-5.1476088,3.975969
1760988570789,-2.1584923,-5.0422344,4.003458
1760988570791,-2.2153027,-4.9296827,4.021326
1760988570793,-2.2632558,-4.8038445,4.0340014
1760988570796,-2.3038783,-4.681671,4.044386
1760988570798,-2.3370178,-4.551099,4.0511055
1760988570800,-2.3628268,-4.4205265,4.0576725
1760988570803,-2.3835962,-4.2852197,4.0679045
1760988570805,-2.4007003,-4.149913,4.0807323
1760988570807,-2.4153612,-4.010941,4.0982947
1760988570809,-2.431091,-3.8696785,4.120744
1760988570812,-2.4480424,-3.7307067,4.151746
1760988570814,-2.4651468,-3.5931094,4.187634
1760988570816,-2.4845417,-3.4553592,4.2271876
1760988570818,-2.5051584,-3.3140967,4.266741
1760988570821,-2.5259278,-3.1763465,4.308891
1760988570823,-2.5453227,-3.0373747,4.3460007
1760988570825,-2.5647178,-2.8961122,4.3818893
1760988570828,-2.5842655,-2.7595837,4.4128904
1760988570830,-2.6048822,-2.624277,4.4414487
1760988570832,-2.6244297,-2.4926357,4.470159
1760988570834,-2.640465,-2.3646593,4.49383
1760988570837,-2.6648996,-2.2366831,4.5164323
1760988570839,-2.689487,-2.1148155,4.5426993
1760988570841,-2.715296,-1.9927951,4.568814
1760988570843,-2.7473664,-1.8781052,4.593859
1760988570846,-2.7794368,-1.7609718,4.6213484
1760988570848,-2.8139508,-1.6449074,4.650212
1760988570850,-2.85213,-1.5314392,4.6801443
1760988570853,-2.8927524,-1.41904,4.713742
1760988570855,-2.937193,-1.3090842,4.7412305
1760988570857,-2.9842293,-1.2040154,4.772537
1760988570859,-3.0349312,-1.1097895,4.802623
1760988570862,-3.0868547,-1.0192287,4.8339295
1760988570864,-3.1415272,-0.93844175,4.864167
1760988570866,-3.1974213,-0.8660542,4.8905873
1760988570868,-3.2510247,-0.8060367,4.919756
1760988570871,-3.3046284,-0.7507534,4.9499936
1760988570873,-3.359606,-0.7089091,4.9754972
1760988570876,-3.409697,-0.6754643,5.001001
1760988570878,-3.4538321,-0.6543894,5.0217705
1760988570880,-3.4930801,-0.634689,5.038722
1760988570882,-3.5286632,-0.6258314,5.050939
1760988570885,-3.5544722,-0.6133087,5.0582695
1760988570887,-3.5679111,-0.6033822,5.053383
1760988570889,-3.565315,-0.5852089,5.0385695
1760988570891,-3.5442402,-0.5707009,5.0152035
1760988570893,-3.5046866,-0.5551238,4.9820642
1760988570895,-3.4466543,-0.536187,4.9415946
1760988570898,-3.3689218,-0.5184719,4.8925724
1760988570901,-3.2716415,-0.5035057,4.842176
1760988570902,-3.1569517,-0.48747048,4.785824
1760988570905,-3.0286698,-0.4642576,4.7268753
1760988570907,-2.8819096,-0.44241914,4.6654835
1760988570909,-2.7288878,-0.41462478,4.6077566
1760988570912,-2.568383,-0.38072178,4.5486555
1760988570914,-2.4017694,-0.34697145,4.4909286
1760988570916,-2.238821,-0.31306845,4.434271
1760988570918,-2.079538,-0.28053987,4.3777657
1760988570920,-1.927738,-0.2489276,4.3237042
1760988570922,-1.7796031,-0.21991149,4.2707114
1760988570926,-1.6415477,-0.19807306,4.221537
1760988570927,-1.5193746,-0.18448131,4.1749587
1760988570929,-1.4085026,-0.17821993,4.129602
1760988570931,-1.3074044,-0.17547104,4.0903535
1760988570934,-1.2212723,-0.17623462,4.049884
1760988570937,-1.1462886,-0.18661933,4.009567
1760988570939,-1.0836749,-0.19929479,3.980245
1760988570941,-1.0283916,-0.21319197,3.9484801
1760988570943,-0.98792183,-0.22937989,3.922824
1760988570945,-0.95737857,-0.25030205,3.8997638
1760988570947,-0.93416566,-0.2687807,3.8814378
1760988570950,-0.91721416,-0.28710666,3.8657079
1760988570952,-0.907593,-0.3042109,3.852269
1760988570954,-0.9027061,-0.31642818,3.8414261
1760988570956,-0.9078985,-0.3297145,3.8292089
1760988570959,-0.9129381,-0.33933565,3.8183658
1760988570961,-0.9228647,-0.3501785,3.8061485
1760988570963,-0.93660915,-0.35979962,3.7866008
1760988570965,-0.957684,-0.3680463,3.7696495
1760988570968,-0.97509366,-0.37384954,3.7464366
1760988570970,-0.9961685,-0.37598756,3.722002
1760988570972,-1.0172434,-0.37812558,3.695124
1760988570974,-1.0346531,-0.3839288,3.6645806
1760988570977,-1.0569496,-0.37995818,3.631594
1760988570979,-1.0792462,-0.38087448,3.5961637
1760988570981,-1.1039863,-0.37797287,3.5546248
1760988570984,-1.1287262,-0.3715588,3.5106425
1760988570986,-1.1522446,-0.37003163,3.4654386
1760988570989,-1.1757629,-0.3659083,3.4153476
1760988570991,-1.1982121,-0.36193767,3.3628132
1760988570992,-1.2241739,-0.35170567,3.3076825
1760988570995,-1.2476922,-0.34284812,3.2478178
1760988570997,-1.2686144,-0.33017266,3.1865785
1760988571000,-1.2858714,-0.31398472,3.120605
1760988571002,-1.2996159,-0.29779682,3.0520356
1760988571004,-1.3093897,-0.27198774,2.978579
1760988571007,-1.3130548,-0.24495697,2.9063442
1760988571009,-1.3141239,-0.21059579,2.8315132
1760988571011,-1.3090842,-0.17379116,2.755613
1760988571014,-1.2965615,-0.13240504,2.6783388
1760988571016,-1.2789991,-0.08109236,2.6021333
1760988571018,-1.2614367,-0.026267206,2.5224154
1760988571020,-1.2412782,0.035888333,2.4437664
1760988571024,-1.2174544,0.09911288,2.3652701
1760988571025,-1.1960741,0.172264,2.2853997
1760988571027,-1.1684325,0.24648413,2.2053761
1760988571029,-1.144456,0.32559118,2.1255057
1760988571031,-1.1154399,0.40469822,2.0444133
1760988571034,-1.0963504,0.48762318,1.9656117
1760988571036,-1.0797043,0.5728389,1.885741
1760988571038,-1.0668762,0.6582073,1.8093829
1760988571041,-1.0587822,0.73991054,1.7319556
1760988571043,-1.0569496,0.82909685,1.6592628
1760988571045,-1.0648909,0.91583973,1.5903877
1760988571048,-1.0740538,1.0038043,1.5227343
1760988571050,-1.0943651,1.086882,1.4624114
1760988571052,-1.1171198,1.1725558,1.4031575
1760988571054,-1.1435398,1.2508993,1.3503176
1760988571057,-1.1824824,1.3257303,1.2997686
1760988571058,-1.2226468,1.3944527,1.2542591
1760988571061,-1.2664764,1.4608842,1.2098186
1760988571063,-1.3190107,1.5212072,1.1704178
1760988571066,-1.3666582,1.5668694,1.1348349
1760988571068,-1.4110987,1.5746579,1.1055133
1760988571070,-1.4590516,1.4692836,1.0841331
1760988571072,-1.5005904,1.4040737,1.0465649
1760988571075,-1.5355625,1.3778065,1.0002918
1760988571077,-1.5717562,1.3368785,0.95294976
1760988571079,-1.6131424,1.2873985,0.91415983
1760988571082,-1.6615535,1.2551754,0.8886562
1760988571083,-1.6974418,1.2542591,0.88147855
1760988571086,-1.7267634,1.2814425,0.889878
1760988571088,-1.7348573,1.3313808,0.905455
1760988571090,-1.7379116,1.3837625,0.91614515
1760988571092,-1.736079,1.438435,0.9243918
1760988571095,-1.7308867,1.4761559,0.92057395
1760988571098,-1.7195857,1.4918857,0.9118691
1760988571100,-1.7098118,1.4882205,0.8959866
1760988571102,-1.6965255,1.4698945,0.88147855
1760988571104,-1.6771306,1.4391985,0.86574876
1760988571107,-1.651627,1.4013249,0.8512407
1760988571109,-1.6187929,1.3547463,0.8379544
1760988571111,-1.5835154,1.3093897,0.82848597
1760988571113,-1.5398386,1.2528846,0.82253003
1760988571115,-1.4923438,1.1939361,0.8142834
1760988571118,-1.4375186,1.1313224,0.80848014
1760988571120,-1.3788756,1.0711522,0.8002335
1760988571122,-1.3129021,1.012051,0.78954333
1760988571125,-1.2395983,0.9503536,0.77503526
1760988571127,-1.1636983,0.89858276,0.7619017
1760988571129,-1.0877982,0.84665924,0.7449502
1760988571132,-1.0118983,0.80573124,0.72433347
1760988571134,-0.93951076,0.7698429,0.7086037
1760988571137,-0.8671232,0.73746705,0.69027776
1760988571139,-0.7996226,0.71853024,0.6782131
1760988571143,-0.73929965,0.710589,0.66339964
1760988571143,-0.68019843,0.7113526,0.64873886
1760988571145,-0.63071835,0.72189003,0.6339254
1760988571147,-0.5899431,0.73731434,0.6203337
1760988571149,-0.5514586,0.7612908,0.6067419
1760988571152,-0.52290064,0.79152864,0.5907067
1760988571154,-0.4978552,0.83260936,0.5720753
1760988571156,-0.4801401,0.8921687,0.5546656
1760988571159,-0.47311515,0.97142845,0.5358815
1760988571160,-0.46731192,1.0687088,0.515723
1760988571164,-0.46486846,1.1942415,0.49296826
1760988571166,-0.4709771,1.3344351,0.46288314
1760988571168,-0.46746463,1.4563028,0.42073345
1760988571170,-0.4616614,1.5488489,0.37858373
1760988571172,-0.44883323,1.6122261,0.34025195
1760988571174,-0.43111816,1.6668985,0.31306845
1760988571178,-0.40591997,1.721571,0.29565877
1760988571181,-0.37201694,1.7783815,0.28069258
1760988571182,-0.34315357,1.8342756,0.26068676
1760988571183,-0.31322116,1.8802432,0.23839016
1760988571186,-0.28710666,1.9165897,0.20769419
1760988571189,-0.26083946,1.9504927,0.17806722
1760988571190,-0.23350324,1.9819523,0.15347989
1760988571193,-0.20250183,2.008525,0.13744467
1760988571195,-0.16905695,2.033876,0.11759156
1760988571198,-0.1330159,2.054187,0.10644327
1760988571200,-0.09850202,2.066099,0.0954477
1760988571202,-0.06505715,2.0778582,0.08307768
1760988571204,-0.029321533,2.0824397,0.06963864
1760988571207,0.005192355,2.0821342,0.056046885
1760988571209,0.037110064,2.0744984,0.04138612
1760988571211,0.070249505,2.0633502,0.025503624
1760988571214,0.10323623,2.0434968,0.0061086523
1760988571215,0.13988814,2.0189097,-0.012064588
1760988571218,0.1740966,1.9845484,-0.0364992
1760988571220,0.20693061,1.9465221,-0.061850104
1760988571222,0.2434298,1.9036088,-0.08857546
1760988571225,0.28099802,1.8521434,-0.1226312
1760988571227,0.3173445,1.7959439,-0.15897769
1760988571230,0.3559817,1.7334828,-0.19898935
1760988571231,0.3921755,1.6662877,-0.24022275
1760988571234,0.43310347,1.588097,-0.28512135
1760988571236,0.47540587,1.5099062,-0.3323107
1760988571238,0.5163339,1.4280503,-0.38087448
1760988571244,0.56337047,1.3423764,-0.43172902
1760988571244,0.61178154,1.2568552,-0.48624873
1760988571245,0.6612616,1.1701124,-0.53969944
1760988571251,0.70952,1.0832168,-0.5917757
1760988571251,0.7602218,0.9976957,-0.64751714
1760988571252,0.8147415,0.9083566,-0.70096785
1760988571259,0.8703303,0.8239045,-0.7518224
1760988571259,0.9224065,0.73960507,-0.8014552
1760988571259,0.9807441,0.6611089,-0.84635377
1760988571260,1.0315987,0.5876524,-0.8888089
1760988571263,1.0887146,0.51175237,-0.9288206
1760988571265,1.1420126,0.43585235,-0.9637926
1760988571267,1.1942415,0.36468655,-0.9976957
1760988571269,1.244027,0.29123,-1.0267117
1760988571271,1.2925909,0.22510384,-1.0520626
1760988571274,1.3387111,0.1601994,-1.0749701
1760988571276,1.3836098,0.09392053,-1.0929906
1760988571278,1.4259121,0.025350908,-1.1122329
1760988571280,1.4660766,-0.035888333,-1.1253664
1760988571283,1.502423,-0.09590584,-1.1372783
1760988571285,1.5351044,-0.15454891,-1.1479685
1760988571287,1.5690074,-0.2133447,-1.1549934
1760988571289,1.5980235,-0.26725355,-1.1632402
1760988571292,1.6183348,-0.31978795,-1.1716396
1760988571294,1.6426166,-0.3662137,-1.176221
1760988571296,1.6555976,-0.410196,-1.1833987
1760988571299,1.6687311,-0.44929138,-1.1904236
1760988571301,1.6769779,-0.48472157,-1.1988231
1760988571303,1.6804903,-0.51266867,-1.2035573
1760988571306,1.6826283,-0.5369505,-1.219287
1760988571308,1.6835446,-0.5564982,-1.2351695
1760988571310,1.678505,-0.5685628,-1.2496775
1760988571312,1.6734654,-0.57451874,-1.2680036
1760988571314,1.6659822,-0.5768095,-1.2899947
1760988571317,1.6584991,-0.5717699,-1.3144293
1760988571319,1.6487253,-0.56306505,-1.3437508
1760988571321,1.637577,-0.5519168,-1.3768903
1760988571323,1.6278032,-0.5371033,-1.4123205
1760988571326,1.619251,-0.5198463,-1.4515685
1760988571328,1.6094772,-0.49648073,-1.4944818
1760988571330,1.6009251,-0.47433686,-1.542282
1760988571332,1.5911512,-0.45097128,-1.5949692
1760988571335,1.587486,-0.42271876,-1.6452128
1760988571337,1.5803084,-0.39202276,-1.6991217
1760988571339,1.5754215,-0.36377025,-1.7592919
1760988571342,1.5694655,-0.33185256,-1.8205311
1760988571344,1.5645787,-0.29764408,-1.8793269
1760988571346,1.5586227,-0.2657264,-1.9407189
1760988571348,1.5490016,-0.22892176,-1.9995147
1760988571351,1.5428929,-0.19700404,-2.059685
1760988571353,1.5381587,-0.16264287,-2.1184807
1760988571355,1.5296066,-0.12950343,-2.174833
1760988571358,1.5187637,-0.100029185,-2.2348504
1760988571360,1.5102116,-0.06811147,-2.2876904
1760988571362,1.4992161,-0.044745877,-2.3440428
1760988571365,1.4931073,-0.017715093,-2.3979516
1760988571367,1.4871514,0.010537425,-2.4506385
1760988571369,1.48089,0.0290161,-2.5033257
1760988571371,1.472338,0.047494773,-2.5547912
1760988571374,1.4698945,0.057421334,-2.601217
1760988571376,1.4709635,0.063682705,-2.6465738
1760988571378,1.4709635,0.07223482,-2.6917777
1760988571380,1.4720325,0.07238753,-2.73576
1760988571382,1.4756978,0.072540246,-2.776077
1760988571385,1.4828753,0.07009678,-2.8163943
1760988571387,1.493871,0.065209866,-2.8506026
1760988571390,1.5047138,0.059101213,-2.8872545
1760988571392,1.5157094,0.04810564,-2.921463
1760988571394,1.5289958,0.037110064,-2.9507847
1760988571396,1.5460999,0.02733622,-2.9788845
1760988571399,1.560608,0.007788532,-3.0056098
1760988571401,1.575116,-0.0056505036,-3.031266
1760988571403,1.5958854,-0.021685716,-3.0557008
1760988571405,1.6129897,-0.038789943,-3.0812044
1760988571407,1.6336064,-0.054825157,-3.1019738
1760988571410,1.6519324,-0.07315111,-3.1213686
1760988571412,1.6763669,-0.09040806,-3.1396947
1760988571414,1.6933185,-0.111177474,-3.1566463
1760988571417,1.7128662,-0.12721269,-3.1737504
1760988571420,1.7324139,-0.14202617,-3.1859677
1760988571421,1.7531832,-0.15806139,-3.1955888
1760988571424,1.7739527,-0.17394388,-3.2053626
1760988571426,1.7886134,-0.18997909,-3.2125404
1760988571428,1.8031214,-0.20708331,-3.2174273
1760988571431,1.8190039,-0.2218968,-3.2221615
1760988571432,1.83733,-0.23793201,-3.2233832
1760988571435,1.8495473,-0.25259277,-3.2232304
1760988571437,1.8605428,-0.26251933,-3.2232304
1760988571440,1.8715384,-0.27473664,-3.2195654
1760988571441,1.8788688,-0.28710666,-3.2133038
1760988571444,1.8860464,-0.29810223,-3.2071953
1760988571446,1.8897116,-0.30543262,-3.1998649
1760988571449,1.8909334,-0.31520647,-3.1936035
1760988571451,1.8933768,-0.32146785,-3.1838295
1760988571454,1.892155,-0.32635477,-3.1789427
1760988571456,1.8907807,-0.33108896,-3.1703906
1760988571458,1.8822285,-0.3371976,-3.1580205
1760988571460,1.8747455,-0.33964106,-3.147025
1760988571462,1.8637499,-0.34193182,-3.1360295
1760988571465,1.8501581,-0.3368922,-3.128699
1760988571467,1.836719,-0.33078352,-3.1164818
1760988571468,1.8208365,-0.32452217,-3.1091514
1760988571471,1.8011361,-0.31948254,-3.1030428
1760988571473,1.7826575,-0.31444287,-3.0932689
1760988571475,1.7631098,-0.3032946,-3.0860913
1760988571478,1.7411187,-0.29336804,-3.0799825
1760988571480,1.7214183,-0.2883284,-3.0763173
1760988571482,1.6980526,-0.28328875,-3.072652
1760988571485,1.6759088,-0.2744312,-3.0714304
1760988571487,1.653765,-0.26816985,-3.072652
1760988571490,1.6291776,-0.26053402,-3.0750957
1760988571491,1.6070337,-0.25427267,-3.0750957
1760988571494,1.5873333,-0.24556783,-3.0787609
1760988571496,1.5651895,-0.2415972,-3.0799825
1760988571498,1.5456418,-0.23411411,-3.0838006
1760988571501,1.5210545,-0.22052236,-3.0862439
1760988571503,1.4989105,-0.21181752,-3.0886874
1760988571506,1.4781412,-0.20173825,-3.0886874
1760988571508,1.4596626,-0.18936823,-3.0925052
1760988571510,1.4425583,-0.17455475,-3.0925052
1760988571512,1.4242324,-0.1611157,-3.092658
1760988571515,1.4071281,-0.14752395,-3.092658
1760988571517,1.3900238,-0.13271047,-3.0914364
1760988571518,1.3753631,-0.12156218,-3.0891457
1760988571521,1.3594806,-0.106901415,-3.083037
1760988571523,1.3448198,-0.09697486,-3.0769281
1760988571525,1.3289373,-0.083383106,-3.0734158
1760988571527,1.3154984,-0.074830994,-3.0624201
1760988571530,1.3008375,-0.063682705,-3.0502028
1760988571532,1.2873985,-0.056352317,-3.036764
1760988571535,1.2751812,-0.047647487,-3.0208814
1760988571537,1.2617421,-0.042760566,-3.004999
1760988571539,1.2507466,-0.035430185,-2.9856038
1760988571542,1.239751,-0.031612277,-2.966056
1760988571544,1.2275337,-0.027947085,-2.9416215
1760988571546,1.2165382,-0.023060163,-2.9220738
1760988571548,1.2092078,-0.020616703,-2.8964176
1760988571551,1.1957687,-0.020616703,-2.8718302
1760988571553,1.1884383,-0.021838432,-2.8425088
1760988571555,1.1786644,-0.024281893,-2.814409
1760988571558,1.1687379,-0.027794369,-2.7838657
1760988571560,1.163851,-0.035124753,-2.7543914
1760988571562,1.1540772,-0.040011674,-2.7262917
1760988571564,1.1478158,-0.049785517,-2.6931522
1760988571566,1.1441506,-0.0571159,-2.6650524
1760988571569,1.1404854,-0.06582073,-2.6332874
1760988571571,1.138042,-0.07925977,-2.6013696
1760988571573,1.1354458,-0.09514226,-2.569452
1760988571576,1.1316279,-0.11224649,-2.5401304
1760988571578,1.1291844,-0.12812899,-2.5082128
1760988571580,1.1253664,-0.14767668,-2.4787385
1760988571582,1.1191051,-0.16600263,-2.4468207
1760988571585,1.1140655,-0.18784106,-2.4185681
1760988571587,1.1102476,-0.21105394,-2.3854287
1760988571589,1.1050552,-0.23426682,-2.3571763
1760988571591,1.0987939,-0.25381452,-2.3252585
1760988571594,1.0864239,-0.27565295,-2.2945626
1760988571596,1.078788,-0.29886582,-2.26631
1760988571598,1.0688615,-0.32070425,-2.235614
1760988571600,1.0587822,-0.34269542,-2.2050707
1760988571603,1.0439687,-0.36086863,-2.1743748
1760988571605,1.0340421,-0.38148534,-2.1449006
1760988571607,1.0166324,-0.40210205,-2.1154263
1760988571610,1.0041097,-0.42164972,-2.0883956
1760988571612,0.98929626,-0.44104472,-2.0552561
1760988571614,0.97692627,-0.45433104,-2.029447
1760988571617,0.96196,-0.47128254,-1.9999728
1760988571618,0.95081174,-0.4896085,-1.9730947
1760988571621,0.93966347,-0.50656,-1.9448422
1760988571623,0.9283624,-0.52366424,-1.9165897
1760988571625,0.91981035,-0.5369505,-1.8883371
1760988571628,0.9109528,-0.5564982,-1.8602374
1760988571630,0.9036224,-0.56382865,-1.8319849
1760988571633,0.89873546,-0.57360244,-1.8026633
1760988571635,0.8912524,-0.5870415,-1.7719674
1760988571637,0.88270026,-0.5919284,-1.7389807
1760988571639,0.871552,-0.59666264,-1.707063
1760988571642,0.86559606,-0.5992588,-1.6716328
1760988571643,0.8558222,-0.60048056,-1.6362026
1760988571646,0.8472701,-0.6041457,-1.6019942
1760988571648,0.84238315,-0.6078109,-1.5639677
1760988571650,0.8350528,-0.6114761,-1.5248724
1760988571653,0.8352055,-0.61407226,-1.4821118
1760988571655,0.8315403,-0.6178902,-1.4391985
1760988571657,0.82543164,-0.6252206,-1.3939945
1760988571659,0.8229882,-0.63132924,-1.3487904
1760988571662,0.8219192,-0.63514715,-1.2997686
1760988571664,0.8194757,-0.64873886,-1.2496775
1760988571666,0.8170323,-0.6597345,-1.1982121
1760988571668,0.81581056,-0.6733262,-1.1430815
1760988571670,0.81336707,-0.6881397,-1.0893254
1760988571673,0.81336707,-0.70402217,-1.0341948
1760988571675,0.81214535,-0.72250086,-0.9790643
1760988571677,0.81336707,-0.73853606,-0.9251554
1760988571680,0.8170323,-0.75945824,-0.86758137
1760988571682,0.818254,-0.7742717,-0.8136725
1760988571684,0.8194757,-0.7901542,-0.7611381
1760988571686,0.8206975,-0.80741113,-0.70722926
1760988571688,0.8194757,-0.82711154,-0.6569856
1760988571691,0.8206975,-0.84665924,-0.6055202
1760988571693,0.8206975,-0.86269444,-0.5540548
1760988571696,0.8156578,-0.87857693,-0.50518554
1760988571698,0.8144361,-0.8958339,-0.4549419
1760988571700,0.80954915,-0.9080512,-0.4071417
1760988571703,0.805884,-0.91797775,-0.355829
1760988571705,0.7985536,-0.9289733,-0.30925053
1760988571708,0.79000145,-0.93874717,-0.26389378
1760988571710,0.7788532,-0.9460775,-0.21746802
1760988571712,0.7690793,-0.9558514,-0.17088956
1760988571713,0.75808376,-0.9631818,-0.12690726
1760988571716,0.7483099,-0.97173387,-0.08155051
1760988571718,0.7359399,-0.97784257,-0.03756821
1760988571720,0.7237226,-0.9815077,0.003970624
1760988571723,0.70661837,-0.98624194,0.046883907
1760988571725,0.6919576,-0.9850202,0.087201014
1760988571728,0.6772968,-0.9837985,0.13362677
1760988571730,0.6563747,-0.9850202,0.1777618
1760988571732,0.63804877,-0.982424,0.2180789
1760988571734,0.6221663,-0.9860892,0.26450464
1760988571736,0.6038403,-0.982424,0.30970868
1760988571738,0.5879578,-0.9799806,0.35613444
1760988571741,0.5708536,-0.9798279,0.4014912
1760988571743,0.5525276,-0.9798279,0.4466952
1760988571746,0.5366451,-0.9798279,0.49434268
1760988571748,0.52442783,-0.98349303,0.54092115
1760988571750,0.50976706,-0.9859365,0.5873469
1760988571752,0.49877146,-0.99082345,0.6374379
1760988571754,0.48655418,-0.9932669,0.68645984
1760988571757,0.47311515,-0.9944886,0.73532903
1760988571759,0.46089783,-0.9969321,0.78542
1760988571761,0.45234573,-0.9983065,0.8393288
1760988571764,0.43768495,-0.9995282,0.8894198
1760988571766,0.42562035,-0.9970848,0.93951076
1760988571769,0.41584653,-0.9958631,0.9896017
1760988571770,0.40500367,-0.99112886,1.0396926
1760988571772,0.39400807,-0.98746365,1.0899363
1760988571775,0.3819435,-0.98624194,1.1375839
1760988571777,0.36972618,-0.9801333,1.1852313
1760988571779,0.3576616,-0.9766208,1.2341005
1760988571781,0.34681875,-0.96929044,1.2793045
1760988571784,0.33582318,-0.9631818,1.3245085
1760988571786,0.32498032,-0.95478237,1.3709344
1760988571789,0.31902438,-0.9425651,1.4172074
1760988571791,0.30818152,-0.93416566,1.4611896
1760988571793,0.29978213,-0.9243918,1.5039502
1760988571795,0.29138273,-0.91599244,1.5454891
1760988571798,0.2854268,-0.90010995,1.5870279
1760988571800,0.2782491,-0.8892671,1.6247488
1760988571802,0.267559,-0.8733846,1.6626225
1760988571804,0.26648995,-0.8588765,1.6980526
1760988571807,0.2593123,-0.84681195,1.7345519
1760988571810,0.2510656,-0.82970774,1.7675385
1760988571811,0.24388795,-0.8127562,1.7991508
1760988571813,0.23426682,-0.795652,1.8321376
1760988571815,0.22220223,-0.782213,1.8614591
1760988571818,0.20647246,-0.7626653,1.890628
1760988571820,0.19181168,-0.7516697,1.9150625
1760988571823,0.17730364,-0.7333437,1.9393444
1760988571825,0.1553125,-0.7173085,1.9613355
1760988571827,0.13332134,-0.70371675,1.9808832
1760988571830,0.107665,-0.68279463,1.9990565
1760988571832,0.0795652,-0.66553766,2.0161607
1760988571834,0.047647487,-0.64950246,2.0308216
1760988571836,0.013439035,-0.6272059,2.0453296
1760988571838,-0.025809057,-0.606131,2.0575469
1760988571840,-0.06856962,-0.581391,2.067168
1760988571844,-0.11148291,-0.5578727,2.0780108
1760988571846,-0.15561792,-0.52946746,2.0853412
1760988571847,-0.20341812,-0.50335294,2.0937407
1760988571849,-0.25488353,-0.47494772,2.1009183
1760988571852,-0.30879238,-0.44516805,2.107027
1760988571854,-0.36285394,-0.41783184,2.112983
1760988571857,-0.41798455,-0.38927388,2.1164954
1760988571859,-0.48059824,-0.356898,2.1213822
1760988571861,-0.539394,-0.3295618,2.1248949
1760988571863,-0.600786,-0.29733866,2.1271856
1760988571866,-0.66339964,-0.26740626,2.129629
1760988571867,-0.72356987,-0.24251351,2.130698
1760988571870,-0.7860308,-0.21135938,2.131767
1760988571872,-0.8498663,-0.18280143,2.1354322
1760988571875,-0.9100365,-0.1553125,2.1365013
1760988571877,-0.96776325,-0.12797627,2.137723
1760988571879,-1.0241156,-0.10186178,2.1424572
1760988571881,-1.0818423,-0.0720821,2.1459696
1760988571884,-1.1307116,-0.039858956,2.1519256
1760988571886,-1.1772901,-0.007788532,2.1555908
1760988571888,-1.2212723,0.026725354,2.165212
1760988571891,-1.2628112,0.05879578,2.1760547
1760988571893,-1.3045027,0.087201014,2.1868975
1760988571895,-1.3399329,0.11911872,2.1965187
1760988571898,-1.3715452,0.15592335,2.2110267
1760988571899,-1.4031575,0.19150625,2.225535
1760988571902,-1.4274393,0.22464569,2.2437081
1760988571904,-1.452943,0.25534168,2.2606595
1760988571907,-1.4784466,0.29077184,2.2800546
1760988571909,-1.5027285,0.3239113,2.3006713
1760988571911,-1.5221235,0.3556763,2.3237314
1760988571913,-1.5364788,0.3923282,2.3467915
1760988571916,-1.5508342,0.42394048,2.3710735
1760988571919,-1.5653422,0.45204028,2.392912
1760988571920,-1.5746579,0.48380527,2.4196372
1760988571923,-1.5792394,0.5129741,2.440254
1760988571924,-1.5838208,0.53969944,2.463314
1760988571927,-1.5847372,0.5676465,2.4851525
1760988571930,-1.58321,0.59315014,2.506991
1760988571931,-1.5829046,0.62109727,2.526386
1760988571934,-1.575116,0.6478226,2.549599
1760988571936,-1.5613716,0.66828656,2.564107
1760988571938,-1.5500705,0.68645984,2.5773933
1760988571941,-1.5337299,0.7069238,2.5906794
1760988571943,-1.5163202,0.7237226,2.6028967
1760988571946,-1.4963144,0.74174315,2.6125178
1760988571947,-1.4714217,0.75609845,2.622139
1760988571950,-1.4503468,0.7716755,2.628095
1760988571952,-1.4292719,0.7848091,2.6342037
1760988571954,-1.4031575,0.7991645,2.637716
1760988571957,-1.3782647,0.81596327,2.6387851
1760988571959,-1.3548992,0.8242099,2.6375635
1760988571961,-1.3324498,0.8350528,2.6386325
1760988571964,-1.3078625,0.840856,2.6374106
1760988571965,-1.2855659,0.8527679,2.6335928
1760988571968,-1.2620476,0.8550586,2.628706
1760988571970,-1.2460123,0.8561276,2.6238189
1760988571972,-1.2263119,0.8559749,2.6164885
1760988571974,-1.2066116,0.8556695,2.61038
1760988571976,-1.1893547,0.8530733,2.6042712
1760988571979,-1.1710287,0.84681195,2.595719
1760988571982,-1.1549934,0.841925,2.587167
1760988571984,-1.1391109,0.8332202,2.5761714
1760988571987,-1.1220068,0.8208502,2.5651758
1760988571988,-1.1085677,0.8098546,2.5531113
1760988571991,-1.0914634,0.7974846,2.5372288
1760988571994,-1.074512,0.7840455,2.522568
1760988571996,-1.061073,0.7716755,2.5079072
1760988571997,-1.0439687,0.75701475,2.4872906
1760988571999,-1.0282389,0.73991054,2.4689646
1760988572002,-1.0160216,0.72402805,2.4459045
1760988572004,-1.0027353,0.710589,2.4226916
1760988572006,-0.98563105,0.6994407,2.398257
1760988572009,-0.9735665,0.6872234,2.373975
1760988572010,-0.95646226,0.6786713,2.3495405
1760988572013,-0.9430232,0.6711882,2.3202188
1760988572015,-0.9283624,0.66630125,2.2970061
1760988572018,-0.9137017,0.66630125,2.2689064
1760988572021,-0.90133166,0.66614854,2.2418754
1760988572022,-0.88789266,0.66859204,2.2137756
1760988572025,-0.8756753,0.6721045,2.1868975
1760988572026,-0.86452705,0.6806566,2.1586452
1760988572029,-0.84849185,0.68539083,2.1329887
1760988572032,-0.8349001,0.6988298,2.1035144
1760988572033,-0.8164214,0.7121162,2.072971
1760988572036,-0.8052731,0.7254025,2.0434968
1760988572038,-0.78786343,0.73884153,2.012801
1760988572041,-0.7706065,0.75701475,1.982105
1760988572042,-0.7556403,0.77518797,1.9526308
1760988572045,-0.7370089,0.79702646,1.9231565
1760988572047,-0.72219545,0.8164214,1.8926133
1760988572049,-0.7060075,0.8382598,1.8655825
1760988572052,-0.6898196,0.86376345,1.8335121
1760988572054,-0.6772968,0.8929323,1.8064812
1760988572056,-0.6611089,0.91599244,1.7806722
1760988572058,-0.64736444,0.9390526,1.7548631
1760988572060,-0.6348417,0.9645562,1.7290541
1760988572063,-0.6235407,0.99005985,1.7044667
1760988572066,-0.61712664,1.0157162,1.6835446
1760988572068,-0.61208695,1.0424415,1.6638442
1760988572070,-0.6056729,1.063211,1.6465873
1760988572072,-0.6030767,1.0887146,1.6317738
1760988572075,-0.602924,1.109484,1.6181821
1760988572077,-0.603993,1.12781,1.6070337
1760988572079,-0.605062,1.1461359,1.5972599
1760988572081,-0.6073528,1.1644619,1.5885551
1760988572084,-0.6133087,1.1815661,1.5835154
1760988572086,-0.6169739,1.1925616,1.5774068
1760988572088,-0.625526,1.204779,1.5737416
1760988572090,-0.63407815,1.2159272,1.5699236
1760988572093,-0.6375906,1.2232577,1.5650368
1760988572095,-0.6462954,1.2281445,1.5625933
1760988572097,-0.657291,1.2319624,1.5589281
1760988572099,-0.6646214,1.2357804,1.5552629
1760988572102,-0.6721045,1.2357804,1.5528195
1760988572104,-0.6794349,1.2395983,1.5479325
1760988572106,-0.68569624,1.2371548,1.5467108
1760988572108,-0.6918049,1.2324207,1.5418239
1760988572111,-0.69806623,1.2299771,1.5381587
1760988572113,-0.7005097,1.2289082,1.5332718
1760988572116,-0.7067711,1.2240212,1.5296066
1760988572118,-0.70814556,1.2205088,1.5222762
1760988572120,-0.710589,1.2180653,1.5138768
1760988572122,-0.7093673,1.2144,1.5065464
1760988572124,-0.7131852,1.2108877,1.4967725
1760988572127,-0.7107417,1.2072225,1.485777
1760988572129,-0.7096727,1.2023355,1.4772248
1760988572131,-0.70722926,1.199892,1.4625641
1760988572133,-0.70722926,1.199892,1.4527903
1760988572135,-0.70478576,1.2011138,1.4393512
1760988572138,-0.70249504,1.1976013,1.4246905
1760988572140,-0.6976081,1.1976013,1.4112514
1760988572142,-0.6963864,1.1988231,1.3953689
1760988572144,-0.6927212,1.1963795,1.3831517
1760988572148,-0.6914995,1.1976013,1.3672692
1760988572149,-0.68783426,1.2000448,1.3536774
1760988572151,-0.69027776,1.2024882,1.3377949
1760988572153,-0.68798697,1.2001975,1.3231341
1760988572156,-0.68798697,1.202641,1.3048081
1760988572159,-0.68798697,1.2075279,1.2901474
1760988572160,-0.69043046,1.2075279,1.2754866
1760988572163,-0.68936145,1.2076806,1.2583824
1760988572165,-0.6930266,1.2137892,1.2400564
1760988572167,-0.6954701,1.2212723,1.2215778
1760988572170,-0.70295316,1.2212723,1.2044735
1760988572172,-0.7102836,1.2238685,1.1861476
1760988572174,-0.72143185,1.2264647,1.1678216
1760988572176,-0.7313584,1.2266175,1.148274
1760988572178,-0.7461719,1.2281445,1.1262828
1760988572181,-0.75976366,1.2307408,1.1079569
1760988572183,-0.77839506,1.2308935,1.0896308
1760988572185,-0.7968737,1.2348641,1.0700831
1760988572187,-0.8165741,1.2363913,1.052979
1760988572191,-0.8388707,1.2389874,1.0322095
1760988572193,-0.86483246,1.2345587,1.0138836
1760988572195,-0.8895725,1.2360858,0.9955576
1760988572197,-0.91431254,1.2351695,0.9784534
1760988572199,-0.9390526,1.2330315,0.9602802
1760988572202,-0.96990126,1.2345587,0.9431759
1760988572203,-0.9995282,1.2373075,0.9260717
1760988572206,-1.0315987,1.236544,0.9089675
1760988572209,-1.0624474,1.2392929,0.8918633
1760988572211,-1.0884092,1.24082,0.8735373
1760988572212,-1.1192578,1.2425,0.8552113
1760988572215,-1.1476631,1.2464706,0.8381071
1760988572217,-1.1798862,1.241889,0.8222246
1760988572220,-1.2082914,1.2411255,0.8040514
1760988572223,-1.2342533,1.2402092,0.78694713
1760988572225,-1.2589933,1.2368494,0.77106464
1760988572228,-1.2837334,1.2359331,0.75396043
1760988572228,-1.302212,1.2324207,0.73807794
1760988572230,-1.3196217,1.2278391,0.72097373
1760988572234,-1.3358096,1.2206615,0.7076874
1760988572235,-1.3481796,1.2148583,0.6918049
1760988572237,-1.3593279,1.210124,0.6783658
1760988572239,-1.370629,1.2029464,0.66630125
1760988572242,-1.3756685,1.1957687,0.6553057
1760988572245,-1.3782647,1.1884383,0.6418667
1760988572247,-1.3833044,1.1751521,0.62980205
1760988572248,-1.3822353,1.1665999,0.6188065
1760988572251,-1.3797919,1.1582005,0.60903263
1760988572253,-1.3738359,1.1508701,0.5992588
1760988572255,-1.3677273,1.1410962,0.5896377
1760988572257,-1.3605496,1.1301007,0.57864213
1760988572260,-1.3507757,1.1226176,0.5713117
1760988572262,-1.341002,1.111622,0.56398135
1760988572264,-1.3263412,1.1016954,0.5555819
1760988572267,-1.3141239,1.0919216,0.5494733
1760988572269,-1.2970196,1.0771081,0.54336464
1760988572271,-1.2823589,1.0661125,0.536187
1760988572273,-1.2664764,1.0549643,0.5325218
1760988572276,-1.246776,1.0425943,0.5300783
1760988572278,-1.2247849,1.0361801,0.52763486
1760988572280,-1.202641,1.0238101,0.52656585
1760988572282,-1.180497,1.0138836,0.52778757
1760988572285,-1.1559098,1.0062478,0.5326745
1760988572288,-1.128879,0.9950995,0.5338962
1760988572289,-1.1030699,0.9850202,0.535118
1760988572291,-1.0761919,0.9726502,0.54260105
1760988572294,-1.0477866,0.9625709,0.54626626
1760988572296,-1.023352,0.95004815,0.5535966
1760988572298,-0.9963212,0.93767816,0.56092703
1760988572301,-0.9654725,0.9275989,0.5696318
1760988572303,-0.9459248,0.91874135,0.57696223
1760988572306,-0.92011577,0.90392786,0.5879578
1760988572307,-0.8979719,0.8914051,0.5954409
1760988572310,-0.8782715,0.88514376,0.603993
1760988572312,-0.85994554,0.871552,0.61498857
1760988572314,-0.84894997,0.8604037,0.6224717
1760988572316,-0.8353582,0.84940815,0.62980205
1760988572319,-0.8231409,0.8370381,0.63591075
1760988572322,-0.8170323,0.82970774,0.6383542
1760988572325,-0.81229806,0.8185594,0.6409504
1760988572326,-0.8061894,0.8136725,0.6397286
1760988572328,-0.8013025,0.8038987,0.63606346
1760988572331,-0.798859,0.79901177,0.63117653
1760988572333,-0.7965683,0.79045963,0.6227771
1760988572335,-0.79290307,0.7867944,0.61178154
1760988572337,-0.79305583,0.7857254,0.5946773
1760988572340,-0.79305583,0.7857254,0.57757306
1760988572342,-0.79427755,0.7883216,0.5555819
1760988572345,-0.7968737,0.79443026,0.5297729
1760988572347,-0.79549927,0.8042041,0.5028948
1760988572349,-0.79427755,0.8153524,0.47342056
1760988572351,-0.796721,0.82512623,0.43799037
1760988572353,-0.7979427,0.84482664,0.40485093
1760988572356,-0.8003862,0.86315256,0.3680463
1760988572357,-0.8040514,0.8791878,0.32650748
1760988572360,-0.8038987,0.9024007,0.28603765
1760988572362,-0.80863285,0.926988,0.24678956
1760988572365,-0.8135198,0.9550878,0.20372356
1760988572367,-0.81581056,0.9821186,0.16203201
1760988572369,-0.8168796,1.0138836,0.11911872
1760988572371,-0.8179486,1.0407617,0.07620544
1760988572374,-0.8127562,1.0700831,0.033292156
1760988572376,-0.80771655,1.098183,-0.009773844
1760988572378,-0.8049677,1.1323915,-0.05024367
1760988572381,-0.79504114,1.1603385,-0.09193522
1760988572382,-0.7837401,1.1945469,-0.13133603
1760988572385,-0.77121735,1.2200506,-0.1693624
1760988572388,-0.75747293,1.2431108,-0.20861048
1760988572390,-0.73639804,1.2722796,-0.24419338
1760988572392,-0.7141015,1.2965615,-0.2761111
1760988572394,-0.68798697,1.3206906,-0.30940324
1760988572396,-0.6595817,1.3350459,-0.3387248
1760988572399,-0.6275113,1.3530666,-0.3669773
1760988572400,-0.5928447,1.3686435,-0.3915646
1760988572403,-0.55955255,1.3805555,-0.41615194
1760988572405,-0.519999,1.393689,-0.44073927
1760988572408,-0.4792238,1.4030048,-0.46028697
1760988572410,-0.4447099,1.408808,-0.47876564
1760988572412,-0.40775254,1.4085026,-0.49831334
1760988572414,-0.3707952,1.4106406,-0.5143485
1760988572416,-0.33765575,1.4078916,-0.52778757
1760988572419,-0.30069843,1.4026994,-0.54244834
1760988572422,-0.27000242,1.3913983,-0.5546656
1760988572424,-0.23808473,1.3814718,-0.56688297
1760988572426,-0.20372356,1.3640621,-0.57894754
1760988572428,-0.17440203,1.3455834,-0.5887214
1760988572431,-0.14630222,1.3257303,-0.600786
1760988572432,-0.116980694,1.2986995,-0.61285055
1760988572435,-0.08903361,1.2716687,-0.6275113
1760988572437,-0.06093381,1.244638,-0.6383542
1760988572439,-0.040317107,1.212873,-0.6553057
1760988572442,-0.016035212,1.1833987,-0.67103547
1760988572444,0.013133603,1.146594,-0.68798697
1760988572446,0.037415497,1.1136073,-0.70738196
1760988572449,0.06291912,1.0780244,-0.7292204
1760988572451,0.08460484,1.0401508,-0.7498371
1760988572452,0.107665,1.0059423,-0.77289724
1760988572456,0.13194689,0.97035944,-0.7984009
1760988572458,0.15363261,0.9324858,-0.821461
1760988572460,0.17669277,0.8970556,-0.84559023
1760988572462,0.20082195,0.86406887,-0.8749117
1760988572465,0.22388211,0.82970774,-0.89919364
1760988572467,0.24327709,0.796721,-0.9210321
1760988572468,0.26251933,0.7637343,-0.9465357
1760988572471,0.28313604,0.733191,-0.9671524
1760988572474,0.30375275,0.70249504,-0.99021256
1760988572476,0.322995,0.6719518,-1.0108292
1760988572478,0.34238997,0.6426302,-1.031446
1760988572480,0.3642284,0.61315596,-1.050841
1760988572483,0.3848451,0.581391,-1.065349
1760988572485,0.40424007,0.5459608,-1.0823005
1760988572487,0.42103887,0.5129741,-1.0980303
1760988572489,0.44043383,0.48349985,-1.1113166
1760988572491,0.45982882,0.4529566,-1.1246029
1760988572494,0.47800204,0.42363504,-1.1366675
1760988572496,0.49739704,0.39538252,-1.1475104
1760988572498,0.5180137,0.36483926,-1.1559098
1760988572501,0.5349652,0.34025195,-1.1669053
1760988572503,0.5555819,0.3109304,-1.1777482
1760988572505,0.5725334,0.2826779,-1.1873693
1760988572508,0.5896377,0.259465,-1.1933253
1760988572510,0.6065892,0.23732115,-1.1992812
1760988572512,0.6198755,0.21410827,-1.2078333
1760988572514,0.6382015,0.19318613,-1.215011
1760988572517,0.65408397,0.17608191,-1.2223413
1760988572519,0.66737026,0.15775596,-1.229519
1760988572520,0.6795876,0.14172074,-1.2342533
1760988572523,0.6916522,0.12705997,-1.2415836
1760988572525,0.69898254,0.11362094,-1.248914
1760988572528,0.7075347,0.105068825,-1.2548699
1760988572530,0.7134906,0.096516706,-1.2670872
1760988572532,0.71593404,0.09285152,-1.2744176
1760988572534,0.72326446,0.08659015,-1.2854131
1760988572537,0.72433347,0.08307768,-1.2976305
1760988572539,0.7279987,0.080634214,-1.3110695
1760988572542,0.7304421,0.07819075,-1.326952
1760988572544,0.7266242,0.08078693,-1.3440562
1760988572546,0.72418076,0.08200866,-1.3648257
1760988572548,0.72295904,0.08445212,-1.3843733
1760988572550,0.7191411,0.0870483,-1.4063646
1760988572553,0.7191411,0.089491755,-1.4283557
1760988572554,0.7141015,0.094531395,-1.4517213
1760988572557,0.7104363,0.099571034,-1.4773777
1760988572559,0.70921457,0.10934488,-1.5030339
1760988572562,0.7067711,0.11560625,-1.528843
1760988572564,0.70417494,0.11927144,-1.5544994
1760988572566,0.70173144,0.13164146,-1.5838208
1760988572568,0.7005097,0.14019357,-1.6120734
1760988572571,0.70173144,0.15012014,-1.6426166
1760988572573,0.70432764,0.15745051,-1.6708691
1760988572575,0.7078401,0.16233744,-1.7026341
1760988572578,0.7128797,0.16966783,-1.7319556
1760988572580,0.72021013,0.17333302,-1.7626517
1760988572583,0.7263188,0.1769982,-1.7907515
1760988572585,0.73471814,0.17333302,-1.8188512
1760988572587,0.7458665,0.17821993,-1.8469511
1760988572589,0.75808376,0.1769982,-1.8713857
1760988572591,0.7678576,0.17088956,-1.897042
1760988572594,0.7812967,0.16584991,-1.920255
1760988572596,0.79473567,0.15974127,-1.9410243
1760988572598,0.808022,0.14874569,-1.960572
1760988572601,0.8202393,0.14126259,-1.9813415
1760988572603,0.8312349,0.12660182,-2.0019581
1760988572606,0.84711736,0.11682798,-2.0202842
1760988572607,0.85918194,0.10216721,-2.0361667
1760988572610,0.8712466,0.08750644,-2.05434
1760988572612,0.8846856,0.070249505,-2.071444
1760988572615,0.8979719,0.051923547,-2.0835087
1760988572616,0.9138544,0.032375857,-2.0969477
1760988572619,0.9295842,0.016340645,-2.1090124
1760988572621,0.944245,0.0016798794,-2.1212296
1760988572623,0.9637926,-0.015577064,-2.1310034
1760988572626,0.9821186,-0.03145956,-2.1418462
1760988572628,0.9992228,-0.04138612,-2.1516201
1760988572630,1.0175488,-0.056199603,-2.1626158
1760988572632,1.0334313,-0.06963864,-2.1734586
1760988572635,1.0542006,-0.077121735,-2.1844542
1760988572637,1.073901,-0.08460484,-2.194228
1760988572639,1.0897835,-0.08964448,-2.204002
1760988572641,1.1044444,-0.09468412,-2.212554
1760988572644,1.1217014,-0.09605856,-2.2247713
1760988572646,1.1365148,-0.09621128,-2.235767
1760988572648,1.1450669,-0.093767814,-2.243097
1760988572651,1.1562152,-0.09025534,-2.2542455
1760988572653,1.1623238,-0.08781188,-2.2627976
1760988572655,1.1685852,-0.0804815,-2.2713497
1760988572657,1.1724031,-0.073303826,-2.27868
1760988572660,1.1736249,-0.065973446,-2.287385
1760988572662,1.1711814,-0.05375614,-2.2934935
1760988572664,1.1676689,-0.04153884,-2.2973115
1760988572666,1.1641564,-0.027947085,-2.304642
1760988572668,1.1592696,-0.019394971,-2.308307
1760988572671,1.1543826,-0.005955936,-2.3145685
1760988572673,1.1446087,0.007483099,-2.3170118
1760988572675,1.1349876,0.02107485,-2.3232732
1760988572678,1.1227703,0.033292156,-2.3269384
1760988572680,1.1129965,0.046883907,-2.3307564
1760988572682,1.1007792,0.059101213,-2.336865
1760988572685,1.0897835,0.07147124,-2.3417518
1760988572687,1.0775663,0.08384126,-2.3467915
1760988572689,1.065349,0.09605856,-2.3553436
1760988572691,1.0505356,0.10720685,-2.363896
1760988572694,1.0358747,0.11591168,-2.3774874
1760988572696,1.0186177,0.12599096,-2.3909266
1760988572698,1.0051788,0.13958271,-2.4104743
1760988572700,0.99296147,0.1518,-2.4265094
1760988572702,0.9818132,0.16417004,-2.446057
1760988572705,0.9671524,0.1740966,-2.4657576
1760988572707,0.9586003,0.18891008,-2.4840834
1760988572710,0.9476047,0.20250183,-2.5001187
1760988572712,0.9390526,0.21471913,-2.5147796
1760988572714,0.93416566,0.23441954,-2.5308146
1760988572716,0.9257663,0.25030205,-2.5418103
1760988572719,0.9257663,0.2649628,-2.555402
1760988572720,0.9222538,0.28206703,-2.5689938
1760988572723,0.9236283,0.29917124,-2.5787675
1760988572727,0.9250027,0.31749722,-2.5862508
1760988572728,0.9263771,0.33322698,-2.5949554
1760988572731,0.9314168,0.3491095,-2.6010642
1760988572731,0.93538743,0.366061,-2.6085472
1760988572734,0.93660915,0.37705657,-2.6085472
1760988572736,0.9430232,0.3915646,-2.6099217
1760988572738,0.9456194,0.40133846,-2.6062565
1760988572740,0.95310247,0.40973786,-2.6003006
1760988572742,0.95569867,0.41813725,-2.5929701
1760988572745,0.9630291,0.42302418,-2.584418
1760988572747,0.9680687,0.4289801,-2.5697575
1760988572750,0.9755518,0.43127087,-2.553875
1760988572752,0.9793697,0.43249258,-2.5404358
1760988572754,0.98563105,0.43233988,-2.5160012
1760988572756,0.98929626,0.4334089,-2.4976752
1760988572759,0.9955576,0.42836925,-2.4756842
1760988572761,0.9992228,0.42348233,-2.4500277
1760988572763,1.0041097,0.41355577,-2.4255931
1760988572766,1.0079277,0.40485093,-2.3973405
1760988572768,1.0115929,0.39629883,-2.368019
1760988572770,1.0114402,0.38163805,-2.3397665
1760988572773,1.016327,0.3643811,-2.3066273
1760988572775,1.0187705,0.3484986,-2.276084
1760988572777,1.0198395,0.33001995,-2.245388
1760988572779,1.0235047,0.3080288,-2.2134702
1760988572781,1.0270172,0.28710666,-2.1815524
1760988572784,1.0256428,0.26389378,-2.1508565
1760988572786,1.029308,0.23945917,-2.1164954
1760988572788,1.0340421,0.21135938,-2.0845776
1760988572790,1.0375546,0.18310685,-2.0551033
1760988572793,1.0410671,0.15622878,-2.025629
1760988572795,1.0433578,0.1330159,-1.9985983
1760988572797,1.0505356,0.1085813,-1.9715676
1760988572800,1.0552697,0.08277224,-1.9445368
1760988572802,1.0612257,0.05589417,-1.9187278
1760988572804,1.0697777,0.032528576,-1.8965839
1760988572806,1.074512,0.006872234,-1.8756617
1760988572809,1.0816896,-0.015118915,-1.8571831
1760988572811,1.0888673,-0.039553523,-1.8400788
1760988572813,1.0937542,-0.0627664,-1.8240436
1760988572815,1.0984885,-0.08368854,-1.8080084
1760988572818,1.105666,-0.10445796,-1.7919732
1760988572820,1.1128438,-0.12767084,-1.7783815
1760988572823,1.1175779,-0.14844026,-1.7661642
1760988572824,1.1273518,-0.1693624,-1.7525724
1760988572827,1.1333077,-0.18646662,-1.7402023
1760988572829,1.1394165,-0.20845777,-1.7253889
1760988572831,1.1417072,-0.22556199,-1.7119498
1760988572835,1.1464413,-0.2452624,-1.6995798
1760988572836,1.1476631,-0.25625798,-1.6823229
1760988572838,1.1475104,-0.27091873,-1.6639969
1760988572840,1.1462886,-0.28191432,-1.6430748
1760988572843,1.1450669,-0.29168814,-1.6210836
1760988572845,1.1449142,-0.30268374,-1.5964963
1760988572848,1.141249,-0.31123585,-1.57084
1760988572850,1.1339186,-0.31978795,-1.5415184
1760988572852,1.1290317,-0.32467487,-1.5108224
1760988572854,1.1239921,-0.33322698,-1.4778358
1760988572856,1.1154399,-0.3454443,-1.4410311
1760988572859,1.1093313,-0.35521814,-1.4019357
1760988572861,1.098183,-0.36010507,-1.3639094
1760988572863,1.0884092,-0.37232238,-1.3199271
1760988572866,1.0760391,-0.38087448,-1.2733486
1760988572868,1.0626001,-0.39187005,-1.2255484
1760988572871,1.05023,-0.40530908,-1.1791227
1760988572873,1.0354166,-0.42103887,-1.1301007
1760988572875,1.0157162,-0.4344779,-1.0786353
1760988572877,1.0009027,-0.4503604,-1.02717
1760988572879,0.9812023,-0.46731192,-0.97692627
1760988572881,0.9615019,-0.48426342,-0.9230174
1760988572884,0.93935806,-0.4989242,-0.8680395
1760988572886,0.91828316,-0.5122105,-0.81290895
1760988572888,0.8961393,-0.5279403,-0.75777835
1760988572890,0.871552,-0.54367006,-0.70264775
1760988572892,0.8481864,-0.5546656,-0.6462954
1760988572895,0.8222246,-0.5691737,-0.5911648
1760988572897,0.8000808,-0.58123827,-0.5348125
1760988572899,0.77671516,-0.59330285,-0.48349985
1760988572902,0.75334954,-0.60048056,-0.43203443
1760988572904,0.7324274,-0.61269784,-0.37812558
1760988572907,0.7153232,-0.622319,-0.32803464
1760988572909,0.6968445,-0.6272059,-0.28023443
1760988572911,0.6795876,-0.63697976,-0.23014349
1760988572913,0.6588182,-0.6417139,-0.18234327
1760988572916,0.6441574,-0.64660084,-0.13469578
1760988572918,0.6281222,-0.65393126,-0.08933904
1760988572921,0.61468315,-0.6588182,-0.045356743
1760988572922,0.6000224,-0.6623306,-0.002443461
1760988572924,0.5888741,-0.66721755,0.04153884
1760988572927,0.57543504,-0.6733262,0.087964594
1760988572929,0.5656612,-0.6757697,0.13209961
1760988572931,0.5497787,-0.6733262,0.17608191
1760988572933,0.53878313,-0.6794349,0.21884248
1760988572936,0.52290064,-0.6806566,0.26175576
1760988572939,0.50946164,-0.6818783,0.30207285
1760988572940,0.49968776,-0.68554354,0.34605515
1760988572942,0.48502702,-0.68676525,0.38652498
1760988572945,0.47525316,-0.68676525,0.4280638
1760988572948,0.46181414,-0.6892087,0.4708244
1760988572949,0.45081854,-0.68676525,0.5123632
1760988572952,0.4361578,-0.69043046,0.5564982
1760988572954,0.42149702,-0.6928739,0.60048056
1760988572956,0.408058,-0.6927212,0.6432411
1760988572959,0.3932445,-0.6988298,0.68859786
1760988572962,0.37858373,-0.70249504,0.7325801
1760988572963,0.36392298,-0.70249504,0.7790059
1760988572965,0.34681875,-0.70249504,0.8242099
1760988572967,0.32834008,-0.708451,0.8732319
1760988572970,0.31490102,-0.7145596,0.9184359
1760988572972,0.30024028,-0.71944654,0.9637926
1760988572974,0.28420505,-0.7255552,1.0126618
1760988572977,0.2695443,-0.73639804,1.0555751
1760988572979,0.25350907,-0.7461719,1.1045971
1760988572981,0.24251351,-0.75228053,1.1473577
1760988572983,0.23258694,-0.7620544,1.1914927
1760988572986,0.22159137,-0.77304995,1.2342533
1760988572988,0.20922135,-0.78893244,1.2771665
1760988572991,0.19929479,-0.8009971,1.318858
1760988572992,0.19440787,-0.8170323,1.3579534
1760988572995,0.18692477,-0.82924956,1.3947581
1760988572997,0.17837265,-0.84497935,1.4327844
1760988572999,0.17088956,-0.8596401,1.4683673
1760988573001,0.16722436,-0.8718574,1.5050193
1760988573003,0.160963,-0.8865182,1.5393804
1760988573007,0.15225816,-0.9024007,1.5737416
1760988573008,0.14737125,-0.91339624,1.6055065
1760988573010,0.1423316,-0.9231701,1.638646
1760988573013,0.13133603,-0.93416566,1.6679676
1760988573015,0.12140947,-0.9427178,1.69622
1760988573018,0.11026118,-0.95356065,1.7255416
1760988573019,0.10170906,-0.9633345,1.7537941
1760988573022,0.08811731,-0.9680687,1.7794504
1760988573024,0.07696902,-0.9753991,1.8015944
1760988573026,0.062155537,-0.9850202,1.826029
1760988573029,0.049938235,-0.98990715,1.8492419
1760988573031,0.038789943,-0.9934196,1.8713857
1760988573033,0.021533,-0.99464136,1.8897116
1760988573035,0.004428773,-0.9944886,1.9068159
1760988573038,-0.007941248,-0.9980011,1.9214766
1760988573040,-0.023823744,-0.9943359,1.9373591
1760988573043,-0.03863723,-0.99296147,1.9483547
1760988573044,-0.05207626,-0.99036527,1.9581286
1760988573047,-0.070554934,-0.9816604,1.9630154
1760988573049,-0.087659165,-0.97417736,1.9654589
1760988573051,-0.106137834,-0.96669424,1.9703459
1760988573053,-0.123242065,-0.9567677,1.9666806
1760988573056,-0.1441642,-0.9443977,1.9628627
1760988573058,-0.16493362,-0.93202764,1.9604193
1760988573060,-0.18585575,-0.91721416,1.9506454
1760988573062,-0.2078469,-0.89980453,1.9419407
1760988573065,-0.22861631,-0.8801041,1.9307923
1760988573067,-0.25320363,-0.85918194,1.918575
1760988573070,-0.27885997,-0.8344419,1.9025398
1760988573071,-0.30940324,-0.8049677,1.8865047
1760988573074,-0.33628133,-0.77778417,1.8680259
1760988573076,-0.37064248,-0.7481572,1.8495473
1760988573078,-0.40118575,-0.71853024,1.8298469
1760988573081,-0.43661594,-0.68279463,1.807703
1760988573083,-0.47219884,-0.64461553,1.7843374
1760988573085,-0.51007247,-0.6076582,1.7609718
1760988573088,-0.5467244,-0.5694791,1.7363845
1760988573090,-0.5882632,-0.52763486,1.7128662
1760988573093,-0.62858033,-0.4831944,1.6870571
1760988573094,-0.67256266,-0.4364632,1.662317
1760988573097,-0.7154759,-0.39446622,1.636508
1760988573099,-0.75701475,-0.3501785,1.6106989
1760988573102,-0.8009971,-0.3022256,1.5871806
1760988573104,-0.84497935,-0.25778514,1.563815
1760988573105,-0.88529646,-0.21105394,1.5427402
1760988573108,-0.928057,-0.16187929,1.5204436
1760988573110,-0.9682214,-0.113926366,1.5007432
1760988573112,-1.006095,-0.06352998,1.48089
1760988573115,-1.043816,-0.019242255,1.4636332
1760988573117,-1.0829114,0.022602014,1.4498887
1760988573119,-1.1122329,0.061850104,1.4362969
1760988573123,-1.1488848,0.100029185,1.4251486
1760988573125,-1.1792754,0.13805555,1.420109
1760988573127,-1.2061534,0.17241672,1.4150693
1760988573129,-1.2328788,0.21044308,1.4172074
1760988573131,-1.2522738,0.23991732,1.4208726
1760988573133,-1.2716687,0.27290404,1.4278975
1760988573135,-1.289842,0.3023783,1.4413365
1760988573137,-1.3054191,0.32925636,1.4570663
1760988573140,-1.3125967,0.3559817,1.4764613
1760988573142,-1.3220651,0.3791946,1.4982997
1760988573144,-1.3217597,0.4034765,1.5262468
1760988573147,-1.322676,0.42287147,1.5580118
1760988573149,-1.3162619,0.44226643,1.5920676
1760988573151,-1.3098478,0.45906523,1.6274977
1760988573154,-1.2935071,0.4709771,1.6615535
1760988573156,-1.2773192,0.48288897,1.7018706
1760988573158,-1.2597568,0.49235737,1.7432567
1760988573160,-1.2311989,0.5028948,1.7823521
1760988573162,-1.2052372,0.50610185,1.8214475
1760988573165,-1.1742357,0.50808716,1.8617646
1760988573167,-1.1407908,0.5149594,1.8982637
1760988573169,-1.1085677,0.5206099,1.9300288
1760988573172,-1.073901,0.5213735,1.9642372
1760988573174,-1.0404562,0.52458054,1.9947804
1760988573176,-1.0082331,0.5316055,2.0202842
1760988573179,-0.9761627,0.5323691,2.0422752
1760988573182,-0.946383,0.5357288,2.056936
1760988573183,-0.91919947,0.5366451,2.070375
1760988573186,-0.8895725,0.54229563,2.079996
1760988573188,-0.86727595,0.54458636,2.0836613
1760988573190,-0.850019,0.5468771,2.081218
1760988573192,-0.82909685,0.54901516,2.076331
1760988573195,-0.81061816,0.5549711,2.0676262
1760988573197,-0.7982482,0.56337047,2.0529654
1760988573199,-0.7870999,0.5731443,2.0357084
1760988573201,-0.7771733,0.5839872,2.0137172
1760988573204,-0.7684685,0.593761,1.9891299
1760988573206,-0.7635816,0.6059783,1.9622519
1760988573208,-0.75854194,0.61941737,1.9278907
1760988573210,-0.75609845,0.63529986,1.8923078
1760988573213,-0.7535023,0.64996064,1.8568777
1760988573215,-0.7535023,0.66355234,1.8176296
1760988573217,-0.75716746,0.6818783,1.775938
1760988573220,-0.75701475,0.70280045,1.7342464
1760988573221,-0.7619017,0.72127914,1.6902641
1760988573224,-0.7667886,0.73960507,1.6485726
1760988573227,-0.77656245,0.76052725,1.6081028
1760988573230,-0.787558,0.7826711,1.5651895
1760988573230,-0.7948884,0.8060367,1.5234979
1760988573233,-0.8046622,0.82451534,1.4854716
1760988573235,-0.81321436,0.8417723,1.4463762
1760988573237,-0.8231409,0.85902923,1.4107933
1760988573239,-0.8304713,0.8762862,1.3739886
1760988573241,-0.84391034,0.889878,1.341002
1760988573244,-0.84635377,0.90469146,1.3115277
1760988573249,-0.8512407,0.9193522,1.2834278
1760988573250,-0.8573494,0.9305005,1.2551754
1760988573256,-0.8597928,0.93660915,1.2368494
1760988573256,-0.8585711,0.945314,1.2147056
1760988573256,-0.8597928,0.95386606,1.1939361
1760988573257,-0.8573494,0.9611965,1.1768318
1760988573259,-0.8547532,0.96852684,1.1632402
1760988573269,-0.84742284,0.9744828,1.1510228
1760988573269,-0.84620106,0.97692627,1.1400273
1760988573269,-0.838718,0.98792183,1.1313224
1760988573269,-0.8373435,0.9964739,1.1215485
1760988573271,-0.83108217,1.006095,1.1154399
1760988573273,-0.82359904,1.0146471,1.1091785
1760988573275,-0.8197812,1.02549,1.1055133
1760988573278,-0.8147415,1.0377073,1.1004738
1760988573280,-0.81596327,1.0499246,1.0955868
1760988573282,-0.8145888,1.0656544,1.0942124
1760988573284,-0.81321436,1.0790935,1.0905472
1760988573286,-0.8179486,1.0986412,1.0855075
1760988573289,-0.8177959,1.1145236,1.0830641
1760988573291,-0.82253003,1.1279627,1.0792462
1760988573293,-0.82863873,1.1462886,1.0742066
1760988573296,-0.8370381,1.1646146,1.0693196
1760988573298,-0.84314674,1.180497,1.0630583
1760988573300,-0.8503244,1.2014192,1.0567969
1760988573302,-0.86116725,1.2197452,1.0482447
1760988573305,-0.8770498,1.2345587,1.0419834
1760988573307,-0.8943067,1.2518156,1.0334313
1760988573309,-0.9088148,1.2702943,1.0259482
1760988573312,-0.9283624,1.2899947,1.0198395
1760988573314,-0.9454667,1.3083206,1.0111347
1760988573316,-0.9650144,1.3281738,1.0024298
1760988573319,-0.9859365,1.3454307,0.9914343
1760988573320,-1.0067059,1.3651311,0.9815077
1760988573323,-1.0250319,1.382388,0.97417736
1760988573326,-1.047023,1.4008667,0.9642508
1760988573327,-1.0667235,1.416902,0.95569867
1760988573330,-1.0862712,1.4318681,0.9433287
1760988573333,-1.1033753,1.4479034,0.9335548
1760988573334,-1.1230757,1.4627168,0.92485
1760988573336,-1.1426234,1.4775304,0.9126327
1760988573339,-1.161102,1.4899004,0.9027061
1760988573341,-1.1757629,1.5059355,0.8904888
1760988573344,-1.1904236,1.5219707,0.87689704
1760988573345,-1.2050844,1.5331191,0.8671232
1760988573348,-1.2223413,1.5442673,0.8561276
1760988573350,-1.2370021,1.5541939,0.84497935
1760988573352,-1.2492194,1.5690074,0.8364272
1760988573355,-1.2577715,1.5800029,0.8266534
1760988573357,-1.2724323,1.5911512,0.8155051
1760988573359,-1.2811371,1.5974126,0.8081747
1760988573361,-1.2921327,1.6059648,0.7984009
1760988573364,-1.2982414,1.6146696,0.79336125
1760988573366,-1.3055718,1.6195564,0.7860308
1760988573368,-1.3116804,1.6245961,0.7787005
1760988573370,-1.3154984,1.6258179,0.7725918
1760988573373,-1.3179418,1.629483,0.7652614
1760988573375,-1.3203852,1.6296358,0.75915277
1760988573378,-1.3191634,1.6296358,0.75670934
1760988573380,-1.3154984,1.6258179,0.7518224
1760988573382,-1.3142766,1.6210836,0.7457138
1760988573385,-1.3095424,1.6136005,0.744492
1760988573387,-1.3046554,1.6074919,0.73975784
1760988573389,-1.2997686,1.597718,0.73364913
1760988573391,-1.2938126,1.5867225,0.729984
1760988573393,-1.2864822,1.5757269,0.728915
1760988573395,-1.2829697,1.5635096,0.7264715
1760988573398,-1.2780828,1.5512923,0.72524977
1760988573400,-1.2721269,1.539075,0.72418076
1760988573402,-1.2635747,1.5268577,0.72418076
1760988573404,-1.2576188,1.5085317,0.72311175
1760988573407,-1.2528846,1.4926492,0.72189003
1760988573409,-1.246776,1.4743233,0.72204274
1760988573411,-1.244638,1.4547756,0.71853024
1760988573414,-1.239751,1.4364496,0.71975195
1760988573416,-1.2362386,1.4193454,0.71868294
1760988573418,-1.231657,1.3950635,0.7163922
1760988573421,-1.2257011,1.370629,0.7128797
1760988573423,-1.2221886,1.3486377,0.711658
1760988573425,-1.2212723,1.3231341,0.7069238
1760988573428,-1.2153164,1.2974777,0.7021896
1760988573430,-1.2131784,1.2730432,0.69989884
1760988573432,-1.2110404,1.2450961,0.6927212
1760988573434,-1.2038627,1.2206615,0.68432176
1760988573436,-1.2066116,1.1951579,0.6795876
1760988573438,-1.2081387,1.1708759,0.67363167
1760988573441,-1.2096659,1.1488848,0.66874474
1760988573443,-1.2110404,1.1282681,0.6591236
1760988573446,-1.2174544,1.1076514,0.6507242
1760988573448,-1.2250903,1.0906999,0.6386596
1760988573451,-1.2351695,1.0713049,0.63132924
1760988573453,-1.2464706,1.0545062,0.6217081
1760988573455,-1.2614367,1.0351112,0.61086524
1760988573457,-1.276403,1.0219775,0.59864795
1760988573459,-1.2927436,1.0027353,0.5853616
1760988573462,-1.3101532,0.9857838,0.573297
1760988573464,-1.3275629,0.9726502,0.5635232
1760988573467,-1.3475688,0.9558514,0.5526803
1760988573469,-1.3649784,0.9439395,0.54305923
1760988573471,-1.3848315,0.93431836,0.5308419
1760988573473,-1.4022411,0.91996306,0.52610767
1760988573475,-1.4184291,0.91156363,0.52122074
1760988573477,-1.4344643,0.89965177,0.5177083
1760988573480,-1.4482088,0.8924741,0.5152648
1760988573482,-1.459357,0.88407475,0.5152648
1760988573484,-1.4668401,0.8730792,0.5154176
1760988573487,-1.4718798,0.86345804,0.517861
1760988573488,-1.474476,0.8549059,0.5190827
1760988573491,-1.4781412,0.84772825,0.52412236
1760988573493,-1.4770721,0.8391761,0.5290093
1760988573496,-1.4697418,0.83169305,0.5338962
1760988573498,-1.4624114,0.82436264,0.54137933
1760988573500,-1.4537066,0.8205447,0.5511532
1760988573503,-1.442711,0.81183994,0.55848354
1760988573504,-1.430341,0.80680025,0.5682574
1760988573507,-1.416902,0.8017606,0.57925296
1760988573509,-1.4008667,0.79549927,0.5890268
1760988573511,-1.3836098,0.78801614,0.59773165
1760988573514,-1.368949,0.77931136,0.605062
1760988573516,-1.3516921,0.77182823,0.61361414
1760988573518,-1.3307699,0.7655669,0.623388
1760988573520,-1.3098478,0.7554876,0.63194007
1760988573522,-1.2938126,0.7528914,0.6441574
1760988573525,-1.2753339,0.7466301,0.6516405
1760988573528,-1.2544118,0.74265945,0.6601926
1760988573529,-1.2371548,0.73639804,0.66874474
1760988573532,-1.2198979,0.73624533,0.6785186
1760988573535,-1.202641,0.7322747,0.68707067
1760988573536,-1.1902709,0.7333437,0.6956228
1760988573539,-1.1803443,0.73456544,0.70539665
1760988573541,-1.1679744,0.7319693,0.7139487
1760988573543,-1.1606439,0.7330383,0.72250086
1760988573545,-1.1519392,0.7316638,0.731053
1760988573548,-1.1494957,0.7279987,0.74082685
1760988573552,-1.1458305,0.7255552,0.7481572
1760988573552,-1.1433871,0.72418076,0.75915277
1760988573555,-1.1470522,0.72173727,0.7689266
1760988573557,-1.148274,0.71929383,0.7799222
1760988573559,-1.1519392,0.7156286,0.79213953
1760988573562,-1.1519392,0.7119634,0.8032878
1760988573564,-1.156826,0.70952,0.81183994
1760988573566,-1.1618657,0.70478576,0.820392
1760988573568,-1.1679744,0.70478576,0.82772243
1760988573570,-1.1716396,0.70234233,0.8338311
1760988573572,-1.1705705,0.6950119,0.8362745
1760988573575,-1.1742357,0.6937902,0.8362745
1760988573577,-1.1717923,0.69134676,0.837649
1760988573579,-1.1717923,0.690125,0.8364272
1760988573581,-1.1693488,0.6889033,0.83031857
1760988573584,-1.1681271,0.6925685,0.8216137
1760988573586,-1.1618657,0.6986771,0.8142834
1760988573588,-1.1582005,0.7060075,0.806953
1760988573591,-1.1507174,0.71685034,0.79458296
1760988573593,-1.1432343,0.7290677,0.7823657
1760988573595,-1.1381947,0.74479747,0.7675522
1760988573597,-1.1268936,0.7654142,0.7502952
1760988573600,-1.1181889,0.7837401,0.7305948
1760988573602,-1.1044444,0.8019133,0.71593404
1760988573604,-1.0919216,0.8237518,0.6937902
1760988573606,-1.0795516,0.84559023,0.6704246
1760988573609,-1.0645854,0.8686504,0.64950246
1760988573612,-1.0483974,0.8917105,0.6261369
1760988573614,-1.0283916,0.91828316,0.6026186
1760988573615,-1.010982,0.93767816,0.57696223
1760988573618,-0.99112886,0.9631818,0.5534439
1760988573621,-0.97249746,0.98746365,0.52763486
1760988573622,-0.95371336,1.0128145,0.5018258
1760988573625,-0.93386024,1.0370965,0.47235155
1760988573627,-0.91522884,1.0626001,0.4465425
1760988573630,-0.8953757,1.0856602,0.41829
1760988573632,-0.87674433,1.1097895,0.38881573
1760988573634,-0.8556695,1.1255192,0.35811976
1760988573636,-0.8382598,1.141249,0.3286455
1760988573638,-0.81489426,1.1557571,0.3016147
1760988573640,-0.79259765,1.1727085,0.27107146
1760988573643,-0.77411896,1.181108,0.24404067
1760988573645,-0.7506007,1.1882856,0.21838433
1760988573648,-0.7309003,1.1942415,0.19257528
1760988573651,-0.70509124,1.1976013,0.16447547
1760988573652,-0.6817256,1.1986703,0.13988814
1760988573655,-0.6571383,1.1960741,0.116675265
1760988573657,-0.63132924,1.193478,0.09468412
1760988573659,-0.6030767,1.1872166,0.070249505
1760988573662,-0.57986385,1.1772901,0.048258353
1760988573664,-0.5479461,1.1684325,0.027488936
1760988573666,-0.52106804,1.1548407,0.0056505036
1760988573668,-0.4915938,1.141249,-0.013897184
1760988573670,-0.45982882,1.1275045,-0.0346666
1760988573672,-0.43035457,1.1114693,-0.055436023
1760988573674,-0.40103304,1.0954341,-0.074830994
1760988573677,-0.36682457,1.074512,-0.09437868
1760988573680,-0.33001995,1.058324,-0.113926366
1760988573681,-0.29703322,1.0349585,-0.13332134
1760988573684,-0.26526824,1.0138836,-0.15286903
1760988573686,-0.2284636,0.99296147,-0.17348573
1760988573689,-0.19425514,0.97066486,-0.1966986
1760988573691,-0.16126843,0.94974273,-0.21853705
1760988573693,-0.12812899,0.93370754,-0.23808473
1760988573695,-0.09636399,0.9114109,-0.25870144
1760988573698,-0.06582073,0.8917105,-0.28313604
1760988573700,-0.035277467,0.8781188,-0.30268374
1760988573702,-0.0070249503,0.86330533,-0.32574388
1760988573704,0.023518313,0.84589565,-0.34895676
1760988573707,0.04795292,0.8324566,-0.36850446
1760988573709,0.074830994,0.8174904,-0.38789943
1760988573711,0.09697486,0.80771655,-0.4111123
1760988573714,0.12140947,0.79290307,-0.43188173
1760988573716,0.1421789,0.78542,-0.44776422
1760988573718,0.15928312,0.77549344,-0.4636467
1760988573720,0.18127427,0.7643451,-0.48426342
1760988573723,0.19960022,0.7521278,-0.4989242
1760988573725,0.21792617,0.73975784,-0.513585
1760988573727,0.23625213,0.7273878,-0.527024
1760988573730,0.2509129,0.7102836,-0.54275376
1760988573732,0.26542094,0.6956228,-0.5561928
1760988573733,0.27885997,0.6759224,-0.5719226
1760988573736,0.29336804,0.6637051,-0.5853616
1760988573738,0.30680707,0.64904433,-0.59742624
1760988573740,0.3202461,0.63300914,-0.61086524
1760988573743,0.33108896,0.61346143,-0.6204864
1760988573745,0.33826664,0.6000224,-0.6339254
1760988573747,0.3529274,0.5853616,-0.644921
1760988573749,0.36254853,0.5731443,-0.6545421
1760988573752,0.36850446,0.55848354,-0.66675943
1760988573754,0.37583485,0.54504454,-0.6763805
1760988573756,0.3830125,0.5352707,-0.6898196
1760988573758,0.38423425,0.5242751,-0.6983717
1760988573761,0.38896844,0.51083606,-0.7104363
1760988573763,0.3924809,0.5036584,-0.72265357
1760988573765,0.39477167,0.4914411,-0.73731434
1760988573768,0.39721513,0.48533243,-0.7519751
1760988573771,0.39706242,0.48059824,-0.7652614
1760988573772,0.39568797,0.47448957,-0.7811439
1760988573774,0.39446622,0.4746423,-0.7982482
1760988573777,0.39187005,0.47342056,-0.8177959
1760988573779,0.3894266,0.47112983,-0.8385653
1760988573781,0.38683042,0.47112983,-0.8605564
1760988573783,0.38438696,0.47250426,-0.88254756
1760988573786,0.38423425,0.47616947,-0.90469146
1760988573789,0.38423425,0.4775439,-0.9315695
1760988573790,0.38041633,0.4813618,-0.960891
1760988573792,0.3791946,0.4886922,-0.98654735
1760988573795,0.37675115,0.49006665,-1.0122037
1760988573797,0.37659842,0.4925101,-1.0428997
1760988573799,0.37659842,0.49632803,-1.0734429
1760988573802,0.38148534,0.49877146,-1.1052079
1760988573804,0.38744128,0.4999932,-1.1394165
1760988573806,0.39354995,0.49754974,-1.1699597
1760988573808,0.4008803,0.49754974,-1.2006557
1760988573811,0.40943244,0.4989242,-1.2336423
1760988573813,0.42164972,0.49877146,-1.2629639
1760988573815,0.43142357,0.49266282,-1.2935071
1760988573817,0.44608435,0.48899764,-1.3240504
1760988573820,0.46181414,0.4804455,-1.353372
1760988573822,0.47647488,0.47067168,-1.3814718
1760988573824,0.49480084,0.46196684,-1.4071281
1760988573826,0.5131268,0.4485278,-1.4338534
1760988573829,0.5288566,0.43493605,-1.4558446
1760988573831,0.549626,0.41905355,-1.4778358
1760988573833,0.5703954,0.4017966,-1.4996742
1760988573836,0.5934556,0.37965274,-1.5192219
1760988573838,0.61300325,0.3576616,-1.5361733
1760988573840,0.6348417,0.33185256,-1.5519031
1760988573843,0.6592763,0.30741793,-1.5690074
1760988573845,0.679893,0.28160888,-1.5822937
1760988573847,0.70539665,0.25457808,-1.5943583
1760988573849,0.7286095,0.2275473,-1.6039795
1760988573852,0.7516697,0.19822577,-1.6136005
1760988573853,0.7761043,0.16997325,-1.6195564
1760988573856,0.7991645,0.14294247,-1.6268868
1760988573858,0.81489426,0.11484267,-1.6328428
1760988573861,0.8393288,0.08903361,-1.637577
1760988573863,0.86009824,0.070554934,-1.6423112
1760988573865,0.88071495,0.044745877,-1.6447546
1760988573867,0.8978192,0.021380283,-1.6494889
1760988573870,0.91354895,0.0030543262,-1.6530013
1760988573872,0.9282097,-0.01786781,-1.6542231
1760988573874,0.9427178,-0.036193766,-1.6577356
1760988573877,0.9586003,-0.05222898,-1.6626225
1760988573879,0.97203934,-0.06811147,-1.6685784
1760988573881,0.9818132,-0.0804815,-1.6734654
1760988573883,0.9914343,-0.09514226,-1.680643
1760988573885,0.9999864,-0.106137834,-1.6891952
1760988573888,1.0085385,-0.11224649,-1.6977472
1760988573890,1.0170907,-0.11591168,-1.7099645
1760988573893,1.0219775,-0.1160644,-1.7221818
1760988573895,1.029308,-0.12095132,-1.7380643
1760988573897,1.0317514,-0.118507855,-1.7515033
1760988573899,1.0366384,-0.11728613,-1.7661642
1760988573902,1.0415252,-0.10995574,-1.7832683
1760988573904,1.0441214,-0.096516706,-1.8041905
1760988573906,1.0465649,-0.08552113,-1.8251126
1760988573908,1.0479393,-0.073303826,-1.8483255
1760988573910,1.0454959,-0.058490347,-1.8680259
1760988573912,1.0468704,-0.037873644,-1.8913915
1760988573915,1.047023,-0.019547688,-1.9133826
1760988573917,1.0445796,-0.0010690142,-1.93797
1760988573920,1.0447323,0.018478673,-1.9601139
1760988573922,1.0462594,0.044135015,-1.9847012
1760988573924,1.0425943,0.06856962,-2.006845
1760988573927,1.0390818,0.093004234,-2.0289888
1760988573929,1.0393872,0.117438845,-2.0523546
1760988573931,1.0370965,0.13942999,-2.0708332
1760988573934,1.0360274,0.16630806,-2.0905335
1760988573936,1.0337367,0.18829921,-2.111303
1760988573938,1.031446,0.21273382,-2.1285598
1760988573940,1.0279335,0.23716843,-2.150704
1760988573942,1.024421,0.26160303,-2.166739
1760988573945,1.0196868,0.2848159,-2.1815524
1760988573947,1.0173961,0.30680707,-2.1975877
1760988573949,1.0112875,0.32635477,-2.2111795
1760988573951,1.007775,0.3483459,-2.2233968
1760988573954,1.0067059,0.36911532,-2.235767
1760988573956,1.0057896,0.38866302,-2.2444715
1760988573958,1.0033462,0.40698898,-2.25562
1760988573961,0.998612,0.42287147,-2.2653937
1760988573963,1.0024298,0.43386704,-2.271655
1760988573965,0.9999864,0.4485278,-2.2777638
1760988573968,1.0013609,0.4605924,-2.2840252
1760988573970,1.0027353,0.46670106,-2.2876904
1760988573972,1.0064005,0.47158796,-2.2925773
1760988573975,1.0102184,0.47769663,-2.2974641
1760988573977,1.0126618,0.4812091,-2.296395
1760988573979,1.0175488,0.4775439,-2.2951734
1760988573981,1.021214,0.4775439,-2.297617
1760988573984,1.0261009,0.4738787,-2.2950208
1760988573985,1.0297661,0.4689918,-2.293799
1760988573987,1.0346531,0.46273044,-2.2925773
1760988573990,1.0395399,0.4541783,-2.2901337
1760988573992,1.0444268,0.441961,-2.286316
1760988573995,1.0479393,0.43218717,-2.2875376
1760988573997,1.054048,0.42363504,-2.286316
1760988574000,1.0563387,0.41263947,-2.286163
1760988574002,1.0636691,0.40042216,-2.2837198
1760988574003,1.0659598,0.3857614,-2.2823453
1760988574006,1.0720685,0.37598756,-2.2823453
1760988574008,1.0731375,0.36132678,-2.2847888
1760988574010,1.07665,0.34666604,-2.2870796
1760988574013,1.0839803,0.33567044,-2.2883012
1760988574015,1.0850494,0.32589662,-2.290592
1760988574017,1.091158,0.3100141,-2.2930355
1760988574019,1.0958922,0.29779682,-2.2941043
1760988574022,1.1006265,0.2855795,-2.2953262
1760988574024,1.1067351,0.27458394,-2.2989914
1760988574027,1.1128438,0.2648101,-2.3025038
1760988574029,1.1238394,0.25488353,-2.3037255
1760988574031,1.1285735,0.24266621,-2.3049474
1760988574033,1.135904,0.22800545,-2.3060162
1760988574035,1.1432343,0.2218968,-2.3060162
1760988574038,1.1516337,0.21074851,-2.307238
1760988574041,1.1577424,0.20219639,-2.3058636
1760988574043,1.1650727,0.19486602,-2.30342
1760988574044,1.1736249,0.18616119,-2.30342
1760988574047,1.1809553,0.17516561,-2.2985332
1760988574049,1.1882856,0.16890424,-2.2934935
1760988574051,1.1943942,0.16401732,-2.286163
1760988574054,1.2029464,0.1518,-2.277611
1760988574056,1.2104294,0.14920384,-2.2678373
1760988574058,1.2189816,0.1441642,-2.2568417
1760988574060,1.2226468,0.13683382,-2.2420282
1760988574062,1.2311989,0.12812899,-2.2273674
1760988574065,1.2373075,0.11957687,-2.2102633
1760988574068,1.2411255,0.110872045,-2.1917844
1760988574070,1.2472341,0.102319926,-2.171015
1760988574071,1.2508993,0.089949906,-2.1500928
1760988574073,1.2545645,0.08017606,-2.1244366
1760988574076,1.2592987,0.06536258,-2.1010711
1760988574078,1.2617421,0.051923547,-2.0754147
1760988574081,1.2666291,0.040775254,-2.0496056
1760988574084,1.2702943,0.02367103,-2.0202842
1760988574086,1.2727377,0.0076358155,-1.9908098
1760988574090,1.272585,-0.0143553335,-1.9613355
1760988574090,1.2724323,-0.03145956,-1.933083
1760988574092,1.2748758,-0.04734206,-1.9037615
1760988574095,1.274723,-0.070554934,-1.8730656
1760988574096,1.2733486,-0.09025534,-1.8387043
1760988574099,1.2721269,-0.10980303,-1.8067867
1760988574101,1.2657127,-0.1328632,-1.7760907
1760988574104,1.2594514,-0.15363261,-1.7417295
1760988574106,1.2556335,-0.17073683,-1.7085901
1760988574108,1.2469287,-0.19272798,-1.6742289
1760988574110,1.2406673,-0.2134974,-1.6400205
1760988574113,1.2319624,-0.23533584,-1.6032158
1760988574115,1.2208142,-0.25366178,-1.5664113
1760988574117,1.2121093,-0.27320948,-1.5247196
1760988574120,1.1971432,-0.29260445,-1.4866933
1760988574122,1.1884383,-0.3145956,-1.4474452
1760988574124,1.1760683,-0.3352123,-1.4057536
1760988574126,1.161102,-0.3559817,-1.3640621
1760988574128,1.1475104,-0.37293324,-1.3199271
1760988574131,1.1302534,-0.38759398,-1.2745703
1760988574133,1.1166617,-0.40698898,-1.2292136
1760988574135,1.098183,-0.42164972,-1.1850786
1760988574138,1.0833695,-0.44104472,-1.1372783
1760988574140,1.0685561,-0.4569272,-1.0908526
1760988574142,1.0500773,-0.47021353,-1.0418307
1760988574144,1.0328205,-0.48609602,-0.99280876
1760988574147,1.0143417,-0.4981606,-0.9462303
1760988574149,0.9958631,-0.50900346,-0.89980453
1760988574151,0.9773844,-0.52122074,-0.8507826
1760988574154,0.9601275,-0.5345071,-0.8042041
1760988574156,0.9428705,-0.54428095,-0.75655663
1760988574158,0.92072666,-0.5526803,-0.7111999
1760988574160,0.89858276,-0.5635232,-0.6646214
1760988574163,0.8801041,-0.5684101,-0.61941737
1760988574165,0.8604037,-0.57803124,-0.5728389
1760988574167,0.84207773,-0.5853616,-0.5300783
1760988574169,0.8187121,-0.5900958,-0.48716503
1760988574171,0.8002335,-0.59483004,-0.4456262
1760988574174,0.7806858,-0.6009387,-0.39904773
1760988574176,0.75609845,-0.6068946,-0.3538437
1760988574179,0.7339546,-0.60918534,-0.30970868
1760988574181,0.7093673,-0.6151413,-0.2657264
1760988574183,0.6872234,-0.61758476,-0.21792617
1760988574185,0.66523224,-0.6198755,-0.17516561
1760988574187,0.6430884,-0.6282749,-0.12980886
1760988574190,0.6160576,-0.63056564,-0.08460484
1760988574192,0.5914703,-0.63423085,-0.04062254
1760988574194,0.5656612,-0.6414085,0.0047342055
1760988574196,0.54229563,-0.64736444,0.05009095
1760988574198,0.5140431,-0.65209866,0.09407325
1760988574202,0.4894558,-0.660498,0.13942999
1760988574203,0.46731192,-0.66645396,0.18585575
1760988574206,0.44028112,-0.6760751,0.2312125
1760988574208,0.41431937,-0.68691796,0.27168232
1760988574210,0.39095375,-0.6953174,0.31688634
1760988574213,0.36758816,-0.70371675,0.3585779
1760988574214,0.3454443,-0.7121162,0.40133846
1760988574216,0.3220787,-0.72418076,0.44425175
1760988574220,0.29856038,-0.7325801,0.48472157
1760988574221,0.2764165,-0.74220127,0.5213735
1760988574224,0.2554944,-0.7469355,0.55939984
1760988574226,0.2321288,-0.7602218,0.59620446
1760988574228,0.21105394,-0.7722864,0.63407815
1760988574230,0.19517145,-0.7808385,0.6721045
1760988574233,0.17547104,-0.7867944,0.7087564
1760988574235,0.15317446,-0.7976373,0.73945236
1760988574237,0.13607024,-0.8025242,0.7724391
1760988574239,0.11636983,-0.81092364,0.80924374
1760988574241,0.0954477,-0.8168796,0.84467393
1760988574245,0.07452556,-0.8228355,0.87781334
1760988574246,0.05971208,-0.83001316,0.9071349
1760988574248,0.041233405,-0.8349001,0.94027436
1760988574250,0.024129177,-0.8384125,0.9744828
1760988574252,0.004428773,-0.84314674,1.0051788
1760988574254,-0.01282817,-0.8492554,1.0369438
1760988574257,-0.030085113,-0.8552113,1.0711522
1760988574259,-0.048563786,-0.8587238,1.1018482
1760988574261,-0.06688975,-0.86361074,1.1360567
1760988574264,-0.084146686,-0.86590147,1.1678216
1760988574266,-0.10125092,-0.8671232,1.2009611
1760988574268,-0.11728613,-0.8669705,1.2327261
1760988574271,-0.13439035,-0.86819226,1.2669345
1760988574273,-0.15286903,-0.8668178,1.2986995
1760988574275,-0.16997325,-0.86437434,1.3330606
1760988574277,-0.18707748,-0.86544335,1.3648257
1760988574280,-0.20173825,-0.86544335,1.3978124
1760988574282,-0.21899518,-0.86284715,1.4295774
1760988574284,-0.23976462,-0.85918194,1.4613423
1760988574286,-0.25686884,-0.8541423,1.4943291
1760988574289,-0.2753475,-0.8541423,1.5236506
1760988574291,-0.29123,-0.8503244,1.5580118
1760988574294,-0.3107777,-0.84421575,1.5885551
1760988574296,-0.32543847,-0.8416196,1.6190983
1760988574298,-0.34132096,-0.8379544,1.6496416
1760988574300,-0.35720345,-0.83184576,1.6801848
1760988574303,-0.37064248,-0.82695884,1.7095064
1760988574306,-0.38652498,-0.8219192,1.7400496
1760988574307,-0.4036292,-0.8194757,1.7681495
1760988574309,-0.4195117,-0.81199265,1.7962493
1760988574311,-0.43417248,-0.8046622,1.8194622
1760988574314,-0.45005497,-0.7984009,1.8402315
1760988574316,-0.463494,-0.79229224,1.8622227
1760988574318,-0.47815478,-0.7874053,1.8829921
1760988574321,-0.49037206,-0.7787005,1.9048306
1760988574323,-0.5038111,-0.7725918,1.9194913
1760988574325,-0.5184719,-0.763887,1.9341521
1760988574328,-0.52824575,-0.75533485,1.9475911
1760988574330,-0.54046303,-0.745561,1.9573649
1760988574332,-0.5539021,-0.73929965,1.9659171
1760988574335,-0.56489766,-0.7307475,1.9755383
1760988574337,-0.57711494,-0.7171558,1.9779817
1760988574339,-0.590554,-0.70249504,1.9840903
1760988574342,-0.603993,-0.690125,1.9839376
1760988574343,-0.61621034,-0.6791294,1.9851593
1760988574346,-0.63331455,-0.6630942,1.9825631
1760988574349,-0.6441574,-0.6458373,1.9788979
1760988574351,-0.6600399,-0.6250679,1.9738584
1760988574353,-0.68203104,-0.6041457,1.967597
1760988574356,-0.69913524,-0.58078015,1.9614882
1760988574357,-0.71853024,-0.5549711,1.9564487
1760988574359,-0.73929965,-0.52549684,1.9489655
1760988574362,-0.75991637,-0.49968776,1.9414824
1760988574363,-0.7855727,-0.4689918,1.9364429
1760988574366,-0.81122905,-0.44073927,1.9301815
1760988574368,-0.8379544,-0.4100433,1.9263636
1760988574371,-0.8660542,-0.38041633,1.9201022
1760988574372,-0.8929323,-0.34605515,1.9150625
1760988574375,-0.9233228,-0.311694,1.9136881
1760988574378,-0.94897914,-0.27977628,1.9135354
1760988574380,-0.978148,-0.24297164,1.9133826
1760988574382,-1.0048733,-0.20861048,1.9156734
1760988574384,-1.0329732,-0.17180584,1.9216293
1760988574387,-1.0621419,-0.14095716,1.928807
1760988574389,-1.0864239,-0.10797043,1.9372064
1760988574392,-1.109484,-0.07360926,1.949271
1760988574393,-1.1313224,-0.043066,1.9601139
1760988574395,-1.1507174,-0.0062613687,1.9770653
1760988574397,-1.1701124,0.025503624,1.9952387
1760988574400,-1.1844677,0.05971208,2.0158553
1760988574402,-1.2000448,0.09025534,2.0376937
1760988574404,-1.2095132,0.12308934,2.0619757
1760988574407,-1.212873,0.15103643,2.0874794
1760988574409,-1.2198979,0.1779145,2.1105394
1760988574411,-1.2232577,0.20219639,2.1384866
1760988574413,-1.2229522,0.23258694,2.165212
1760988574416,-1.221425,0.2554944,2.1919372
1760988574418,-1.2211196,0.27855456,2.2175937
1760988574420,-1.2194397,0.30405816,2.2418754
1760988574423,-1.2118039,0.32589662,2.2686007
1760988574425,-1.2078333,0.34895676,2.2928827
1760988574427,-1.1988231,0.3743077,2.3122776
1760988574430,-1.1924089,0.39736784,2.3328943
1760988574432,-1.1859949,0.4202753,2.3499987
1760988574434,-1.1806498,0.44333544,2.3645067
1760988574437,-1.1742357,0.46639562,2.377793
1760988574439,-1.1665999,0.48579058,2.387414
1760988574441,-1.1603385,0.50640726,2.39337
1760988574444,-1.1551461,0.5233588,2.3994787
1760988574446,-1.1450669,0.54519725,2.3993258
1760988574448,-1.1374311,0.5670357,2.3979516
1760988574449,-1.1311697,0.5815437,2.3941336
1760988574452,-1.1273518,0.59864795,2.3868032
1760988574454,-1.1209377,0.6180429,2.3732114
1760988574456,-1.1158981,0.6363689,2.3608415
1760988574459,-1.1096367,0.6569856,2.3448062
1760988574461,-1.1070405,0.6728681,2.3301454
1760988574463,-1.1068878,0.6924158,2.3092234
1760988574466,-1.1018482,0.7107417,2.2870796
1760988574468,-1.099252,0.7266242,2.2638667
1760988574470,-1.100321,0.7425067,2.2392793
1760988574472,-1.100321,0.75961095,2.209805
1760988574474,-1.0954341,0.768163,2.1817052
1760988574477,-1.0942124,0.77686787,2.1497874
1760988574479,-1.0928379,0.7903069,2.1168008
1760988574482,-1.0929906,0.79641557,2.084883
1760988574484,-1.0867293,0.80741113,2.05434
1760988574487,-1.0842859,0.81000733,2.022575
1760988574489,-1.0807734,0.8136725,1.9918789
1760988574490,-1.0708468,0.81489426,1.9588921
1760988574493,-1.0635164,0.8173377,1.9295706
1760988574495,-1.0525209,0.816116,1.9014708
1760988574497,-1.0390818,0.8136725,1.8721492
1760988574500,-1.0305296,0.81229806,1.8464929
1760988574502,-1.0146471,0.8098546,1.8206838
1760988574504,-0.9963212,0.8060367,1.7962493
1760988574507,-0.9828822,0.8011498,1.7730364
1760988574509,-0.96196,0.7948884,1.7510452
1760988574511,-0.9448558,0.79351395,1.7314975
1760988574513,-0.9251554,0.7910705,1.7119498
1760988574516,-0.905455,0.79213953,1.6899587
1760988574518,-0.8895725,0.79198676,1.675298
1760988574521,-0.8735373,0.796721,1.658041
1760988574523,-0.8587238,0.8014552,1.6372715
1760988574525,-0.8414669,0.80863285,1.6152804
1760988574527,-0.83031857,0.8208502,1.59558
1760988574530,-0.820392,0.8341365,1.5734361
1760988574532,-0.80924374,0.84879726,1.5502232
1760988574534,-0.7993172,0.86208355,1.5293012
1760988574536,-0.78801614,0.883922,1.5047138
1760988574539,-0.7817548,0.9059132,1.4825699
1760988574541,-0.77411896,0.9289733,1.4592043
1760988574543,-0.77014834,0.96196,1.4382823
1760988574545,-0.7661777,0.99005985,1.4112514
1760988574548,-0.7648033,1.0204504,1.3891076
1760988574550,-0.7669413,1.0546589,1.3655893
1760988574552,-0.7680103,1.0864239,1.3397802
1760988574555,-0.77014834,1.1218541,1.3127494
1760988574557,-0.77488256,1.1560625,1.2880094
1760988574559,-0.7819075,1.1927143,1.2622004
1760988574562,-0.78542,1.2257011,1.237613
1760988574563,-0.7948884,1.2625058,1.2116512
1760988574566,-0.8081747,1.297936,1.1882856
1760988574568,-0.8190176,1.3286319,1.1624765
1760988574570,-0.83001316,1.3567317,1.1354458
1760988574572,-0.84574294,1.3862059,1.108415
1760988574575,-0.8579602,1.4144585,1.082606
1760988574577,-0.8738427,1.4390458,1.0580186
1760988574579,-0.8895725,1.4611896,1.0334313
1760988574582,-0.9092729,1.4796684,1.0089967
1760988574584,-0.9239337,1.497078,0.9831876
1760988574587,-0.94225967,1.5180001,0.95737857
1760988574589,-0.9595166,1.5364788,0.93416566
1760988574590,-0.9753991,1.5525141,0.9108001
1760988574594,-0.99387777,1.5613716,0.8888089
1760988574596,-1.009913,1.5737416,0.8678868
1760988574598,-1.0221303,1.5824465,0.84589565
1760988574599,-1.0345002,1.5899295,0.82879144
1760988574603,-1.0418307,1.5937474,0.81290895
1760988574604,-1.0517572,1.5963436,0.8006916
1760988574606,-1.0580186,1.5926784,0.7848091
1760988574608,-1.0616838,1.5952746,0.77381355
1760988574611,-1.059393,1.5916094,0.762818
1760988574613,-1.0630583,1.5891659,0.75426584
1760988574615,-1.0581713,1.5806139,0.7506007
1760988574618,-1.0534371,1.5696182,0.744492
1760988574620,-1.044885,1.557401,0.74220127
1760988574623,-1.0352639,1.5415184,0.74220127
1760988574625,-1.02549,1.5291485,0.74479747
1760988574627,-1.0071641,1.5106697,0.7484626
1760988574629,-0.99005985,1.4874569,0.7510588
1760988574632,-0.97310835,1.4689782,0.75609845
1760988574634,-0.9560041,1.4456125,0.7622071
1760988574636,-0.93523467,1.4198035,0.7684685
1760988574638,-0.9120218,1.391551,0.7771733
1760988574641,-0.8938486,1.3608551,0.7846564
1760988574642,-0.8744536,1.3278683,0.79213953
1760988574645,-0.8538369,1.2971723,0.8020661
1760988574648,-0.8330675,1.264033,0.80954915
1760988574651,-0.81245077,1.2308935,0.8206975
1760988574653,-0.7979427,1.1954633,0.83077675
1760988574654,-0.7797695,1.161102,0.8394816
1760988574656,-0.7629707,1.125672,0.84574294
1760988574658,-0.7460192,1.0876455,0.8507826
1760988574662,-0.73273283,1.0558805,0.8582657
1760988574663,-0.71944654,1.0216721,0.8622363
1760988574666,-0.70509124,0.98853266,0.86483246
1760988574668,-0.6979135,0.9567677,0.86620694
1760988574670,-0.6921103,0.9263771,0.86758137
1760988574673,-0.6824892,0.8958339,0.8689558
1760988574675,-0.676686,0.86651236,0.8678868
1760988574677,-0.67073005,0.84207773,0.86437434
1760988574679,-0.67103547,0.8165741,0.8596401
1760988574682,-0.6713409,0.79213953,0.8536842
1760988574684,-0.6702719,0.7715228,0.84513205
1760988574686,-0.6740898,0.75945824,0.84039783
1760988574688,-0.6792821,0.73991054,0.8332202
1760988574690,-0.68691796,0.7255552,0.8210029
1760988574692,-0.698219,0.7098254,0.81138176
1760988574696,-0.7130325,0.701426,0.8016079
1760988574698,-0.72295904,0.6954701,0.79183406
1760988574700,-0.7415904,0.6957755,0.7808385
1760988574702,-0.7612908,0.70081514,0.77106464
1760988574704,-0.782213,0.70234233,0.7600691
1760988574706,-0.8019133,0.70616025,0.7490735
1760988574708,-0.82909685,0.7150178,0.74174315
1760988574710,-0.8573494,0.7287622,0.7344127
1760988574714,-0.88178396,0.742354,0.7244862
1760988574717,-0.907593,0.75487673,0.71593404
1760988574718,-0.93828905,0.7686212,0.70738196
1760988574721,-0.9640981,0.7858781,0.69989884
1760988574722,-0.98731095,0.8006916,0.6937902
1760988574725,-1.0094548,0.8156578,0.68752885
1760988574727,-1.0303769,0.82558435,0.6814202
1760988574729,-1.048703,0.8379544,0.67164636
1760988574732,-1.0671816,0.84665924,0.66431594
1760988574735,-1.0842859,0.8565858,0.6592763
1760988574735,-1.0990993,0.86406887,0.6543894
1760988574738,-1.1113166,0.8678868,0.64950246
1760988574740,-1.1212431,0.8741482,0.6458373
1760988574742,-1.1297953,0.88025683,0.6421721
1760988574744,-1.1371256,0.88529646,0.6409504
1760988574746,-1.1433871,0.882853,0.6372852
1760988574749,-1.144456,0.8865182,0.63606346
1760988574751,-1.148274,0.88422745,0.63239825
1760988574753,-1.1470522,0.88056225,0.62873304
1760988574756,-1.1433871,0.8781188,0.6275113
1760988574758,-1.1409435,0.8732319,0.6250679
1760988574760,-1.1348349,0.86452705,0.6262896
1760988574762,-1.1276573,0.8571966,0.6250679
1760988574765,-1.1203269,0.8437576,0.6239988
1760988574768,-1.1142182,0.8315403,0.627664
1760988574770,-1.1082623,0.8167268,0.62781674
1760988574773,-1.0997101,0.8045095,0.63148195
1760988574774,-1.0925325,0.7861836,0.63285637
1760988574776,-1.0853548,0.7678576,0.6377433
1760988574778,-1.0792462,0.7507534,0.6427829
1760988574781,-1.069625,0.7334964,0.6441574
1760988574784,-1.056186,0.7200574,0.64904433
1760988574785,-1.0451905,0.70280045,0.65408397
1760988574787,-1.0343475,0.68691796,0.6553057
1760988574790,-1.018465,0.67088276,0.6603453
1760988574792,-1.0062478,0.657291,0.6640105
1760988574794,-0.99021256,0.6462954,0.66645396
1760988574798,-0.97066486,0.6339254,0.66416323
1760988574799,-0.94989544,0.6214027,0.660498
1760988574801,-0.9326385,0.6151413,0.6617198
1760988574803,-0.9129381,0.6076582,0.6592763
1760988574806,-0.89461213,0.59773165,0.65209866
1760988574808,-0.87369,0.5914703,0.64476824
1760988574810,-0.8553641,0.5864306,0.63499445
1760988574812,-0.8393288,0.58032197,0.6227771
1760988574815,-0.8210029,0.58016926,0.6068946
1760988574817,-0.8049677,0.57879484,0.59330285
1760988574820,-0.79137594,0.5823073,0.58108556
1760988574822,-0.78038037,0.5884159,0.56153786
1760988574824,-0.7716755,0.59559363,0.54550266
1760988574826,-0.76174897,0.6017023,0.52473325
1760988574828,-0.75808376,0.6151413,0.5025894
1760988574831,-0.75426584,0.62980205,0.48059824
1760988574833,-0.7528914,0.6444628,0.4560109
1760988574836,-0.7528914,0.6627888,0.43386704
1760988574838,-0.75518215,0.68233645,0.40576723
1760988574840,-0.75991637,0.70325863,0.37873647
1760988574842,-0.7672467,0.72402805,0.35170567
1760988574845,-0.77579886,0.7461719,0.32345316
1760988574847,-0.77686787,0.7669413,0.29764408
1760988574849,-0.7828238,0.7974846,0.27305678
1760988574851,-0.7912232,0.8184067,0.24358252
1760988574854,-0.79611015,0.8416196,0.21777347
1760988574856,-0.8020661,0.86742866,0.18952094
1760988574858,-0.80557853,0.8906415,0.16264287
1760988574861,-0.80909103,0.91507614,0.13439035
1760988574863,-0.8089383,0.93584555,0.107359566
1760988574865,-0.80878556,0.9615019,0.08032878
1760988574867,-0.8063421,0.9786061,0.053297993
1760988574870,-0.8035932,1.001819,0.026267206
1760988574872,-0.79611015,1.0201449,-7.6358154E-4
1760988574874,-0.7910705,1.0407617,-0.027794369
1760988574876,-0.7835874,1.0566442,-0.05222898
1760988574879,-0.77488256,1.0700831,-0.07803804
1760988574881,-0.7600691,1.0797043,-0.103847094
1760988574883,-0.7501425,1.0942124,-0.1282817
1760988574886,-0.7341073,1.1027645,-0.15286903
1760988574888,-0.7180721,1.1136073,-0.17608191
1760988574891,-0.70203686,1.1195632,-0.20066923
1760988574893,-0.6835582,1.1242975,-0.22266038
1760988574895,-0.66507953,1.1265882,-0.24587326
1760988574897,-0.6453791,1.1301007,-0.26557365
1760988574899,-0.6246097,1.1275045,-0.2863431
1760988574902,-0.606131,1.1262828,-0.30466905
1760988574904,-0.5852089,1.1261301,-0.32543847
1760988574905,-0.56306505,1.1233811,-0.34254268
1760988574908,-0.5384777,1.1183416,-0.36209038
1760988574910,-0.5151121,1.1181889,-0.38041633
1760988574912,-0.49189925,1.109484,-0.39752057
1760988574914,-0.46609017,1.0995574,-0.41462478
1760988574917,-0.44165558,1.0920744,-0.43172902
1760988574919,-0.41829,1.0870347,-0.45249844
1760988574921,-0.38881573,1.0757337,-0.46960264
1760988574923,-0.3631594,1.0682507,-0.48792863
1760988574926,-0.33857206,1.0595458,-0.50747633
1760988574928,-0.31413746,1.0496192,-0.52824575
1760988574931,-0.2883284,1.0396926,-0.54534996
1760988574933,-0.26267207,1.0297661,-0.5636759
1760988574935,-0.2405282,1.0186177,-0.58184916
1760988574938,-0.21975878,1.0135782,-0.59895337
1760988574939,-0.19639318,1.0048733,-0.61483586
1760988574945,-0.17684549,0.998612,-0.63194007
1760988574945,-0.1572978,0.98868537,-0.6478226
1760988574946,-0.14019357,0.9776898,-0.66248333
1760988574948,-0.12064589,0.9653198,-0.6769914
1760988574951,-0.10338894,0.956615,-0.69043046
1760988574954,-0.0852157,0.93951076,-0.70264775
1760988574956,-0.06688975,0.9283624,-0.7160868
1760988574958,-0.048563786,0.9098838,-0.7293731
1760988574961,-0.03145956,0.895223,-0.74036866
1760988574962,-0.01817324,0.87674433,-0.7512115
1760988574964,0.0013744468,0.8584184,-0.7609854
1760988574967,0.017256944,0.838718,-0.7706065
1760988574969,0.03176499,0.8216137,-0.78038037
1760988574971,0.05009095,0.8006916,-0.7863363
1760988574974,0.064599,0.7787005,-0.79351395
1760988574976,0.07788532,0.75793105,-0.8020661
1760988574979,0.09117164,0.73456544,-0.80924374
1760988574981,0.10949759,0.7113526,-0.81397796
1760988574983,0.12034045,0.6881397,-0.8187121
1760988574985,0.13240504,0.6623306,-0.8211556
1760988574988,0.14446963,0.63300914,-0.8222246
1760988574990,0.15149458,0.60246587,-0.8219192
1760988574992,0.1647809,0.57436603,-0.8170323
1760988574994,0.17562376,0.54137933,-0.8155051
1760988574997,0.18768835,0.5120578,-0.808022
1760988574999,0.1947133,0.48395798,-0.7993172
1760988575002,0.20677789,0.45081854,-0.7893906
1760988575003,0.21762075,0.4166101,-0.77824235
1760988575005,0.23090707,0.38362336,-0.7646506
1760988575007,0.24281894,0.34804046,-0.7510588
1760988575010,0.257327,0.3126103,-0.7360926
1760988575013,0.26939157,0.2759584,-0.71883565
1760988575015,0.28389964,0.2415972,-0.70280045
1760988575017,0.30573806,0.20723604,-0.68554354
1760988575019,0.32284227,0.17531833,-0.67057735
1760988575022,0.34101552,0.14462234,-0.6533204
1760988575024,0.36300668,0.113926366,-0.63606346
1760988575026,0.38240165,0.08445212,-0.62125
1760988575029,0.40561453,0.062308256,-0.6065892
1760988575031,0.42760566,0.0364992,-0.59299743
1760988575033,0.4485278,0.01786781,-0.58062744
1760988575035,0.46807548,0.0030543262,-0.5696318
1760988575037,0.4888449,-0.0154243475,-0.56092703
1760988575040,0.5122105,-0.027794369,-0.5560401
1760988575042,0.5306892,-0.034055736,-0.5511532
1760988575044,0.54901516,-0.045356743,-0.54733527
1760988575046,0.5674938,-0.055283304,-0.54733527
1760988575049,0.5821546,-0.057726767,-0.5522222
1760988575051,0.5920811,-0.060322944,-0.5571091
1760988575053,0.6030767,-0.05681047,-0.5644395
1760988575056,0.61300325,-0.050701816,-0.57558775
1760988575058,0.61926466,-0.044593163,-0.5853616
1760988575060,0.6253733,-0.03863723,-0.6000224
1760988575063,0.6253733,-0.030085113,-0.6160576
1760988575065,0.625526,-0.017715093,-0.6356053
1760988575067,0.6243043,-6.1086525E-4,-0.6565274
1760988575069,0.6195701,0.015271631,-0.6786713
1760988575072,0.61590487,0.03359759,-0.7031059
1760988575073,0.6073528,0.04718934,-0.7264715
1760988575076,0.59880066,0.06688975,-0.75594574
1760988575078,0.59406644,0.0852157,-0.7840455
1760988575080,0.5830709,0.10247265,-0.817185
1760988575083,0.5731443,0.118507855,-0.84788096
1760988575085,0.56214875,0.13209961,-0.88331115
1760988575087,0.5535966,0.14569137,-0.91767234
1760988575090,0.54244834,0.15806139,-0.9494373
1760988575092,0.5300783,0.16447547,-0.982424
1760988575094,0.5225952,0.17073683,-1.0167851
1760988575096,0.5140431,0.1769982,-1.0509937
1760988575099,0.50640726,0.17348573,-1.0864239
1760988575101,0.4989242,0.16997325,-1.1181889
1760988575104,0.49128836,0.16294831,-1.1511755
1760988575106,0.4886922,0.14721853,-1.1803443
1760988575108,0.4859433,0.13026701,-1.2133311
1760988575110,0.48441613,0.109650314,-1.2425
1760988575113,0.48533243,0.08659015,-1.2667818
1760988575115,0.48624873,0.064751714,-1.2948816
1760988575117,0.4908302,0.03680463,-1.31672
1760988575119,0.49663344,0.00992656,-1.3373368
1760988575122,0.50732356,-0.019242255,-1.3591752
1760988575123,0.5155703,-0.05222898,-1.3761266
1760988575126,0.52748215,-0.0852157,-1.3942999
1760988575128,0.54321194,-0.118202426,-1.4124732
1760988575130,0.55756724,-0.15470162,-1.4268285
1760988575132,0.5757405,-0.18661933,-1.4388931
1760988575135,0.59498274,-0.22204952,-1.4521794
1760988575137,0.61315596,-0.25870144,-1.4618006
1760988575139,0.63499445,-0.2930626,-1.4738652
1760988575142,0.6617198,-0.32620203,-1.4810427
1760988575144,0.68600166,-0.35445455,-1.4882205
1760988575147,0.7128797,-0.38637227,-1.4953982
1760988575149,0.74097955,-0.41462478,-1.5013541
1760988575151,0.7664832,-0.4428773,-1.5086844
1760988575153,0.7984009,-0.46379945,-1.5109752
1760988575155,0.82772243,-0.48731774,-1.5157094
1760988575158,0.8558222,-0.5045747,-1.5205963
1760988575160,0.882853,-0.515723,-1.5267049
1760988575162,0.91232723,-0.5306892,-1.5302174
1760988575165,0.93935806,-0.538325,-1.5351044
1760988575167,0.96761054,-0.53969944,-1.5436565
1760988575169,0.9970848,-0.54611355,-1.5509869
1760988575171,1.0206031,-0.54382277,-1.55847
1760988575174,1.0439687,-0.54168475,-1.5682437
1760988575176,1.0624474,-0.5369505,-1.5780176
1760988575178,1.0835222,-0.52855116,-1.5891659
1760988575180,1.102001,-0.5215262,-1.5989398
1760988575183,1.1194105,-0.51068336,-1.6137533
1760988575185,1.1305588,-0.5009095,-1.6271923
1760988575187,1.1392636,-0.4888449,-1.6444492
1760988575190,1.1443033,-0.47051895,-1.6617062
1760988575194,1.144456,-0.45707992,-1.6775887
1760988575194,1.1432343,-0.43875396,-1.6985108
1760988575196,1.1409435,-0.420428,-1.719433
1760988575198,1.129948,-0.39950588,-1.7438675
1760988575200,1.1227703,-0.37751472,-1.7696766
1760988575204,1.1081096,-0.34804046,-1.7954856
1760988575205,1.0948232,-0.31856623,-1.8212948
1760988575208,1.0839803,-0.29031372,-1.8495473
1760988575210,1.0668762,-0.25488353,-1.875509
1760988575212,1.0462594,-0.22159137,-1.9025398
1760988575215,1.0317514,-0.18493946,-1.9295706
1760988575216,1.0147998,-0.1469131,-1.9567541
1760988575218,0.9964739,-0.11133019,-1.9801197
1760988575221,0.97585726,-0.0720821,-2.0071504
1760988575223,0.957684,-0.03283401,-2.0318906
1760988575226,0.9443977,0.0015271631,-2.0576997
1760988575228,0.93111134,0.03940081,-2.0798435
1760988575234,0.9166033,0.06765333,-2.0983222
1760988575234,0.9045387,0.10064005,-2.1180224
1760988575235,0.8961393,0.13133603,-2.1354322
1760988575237,0.8926268,0.15577064,-2.1500928
1760988575238,0.88422745,0.1826487,-2.1636846
1760988575241,0.88086766,0.20952678,-2.1736112
1760988575244,0.8784242,0.226631,-2.1859813
1760988575245,0.8810204,0.24358252,-2.1946862
1760988575253,0.88117313,0.2582433,-2.199573
1760988575254,0.8863655,0.2751948,-2.2021692
1760988575254,0.8900307,0.2837469,-2.207056
1760988575260,0.89873546,0.29092458,-2.2072089
1760988575260,0.9088148,0.29947668,-2.2072089
1760988575260,0.91981035,0.30298916,-2.2072089
1760988575261,0.9297369,0.30650163,-2.2035437
1760988575269,0.9421069,0.30879238,-2.1975877
1760988575269,0.95814216,0.3061962,-2.1927009
1760988575269,0.97173387,0.29993483,-2.1888828
1760988575270,0.99387777,0.2959642,-2.1815524
1760988575272,1.0123564,0.28970283,-2.175444
1760988575275,1.0332786,0.28344148,-2.1681135
1760988575277,1.0517572,0.2759584,-2.160783
1760988575279,1.0725267,0.2658791,-2.1510093
1760988575281,1.0934488,0.25228736,-2.143526
1760988575284,1.1155926,0.23991732,-2.1361957
1760988575286,1.1375839,0.22739458,-2.1252003
1760988575288,1.1609493,0.2125811,-2.118939
1760988575290,1.1830933,0.2012801,-2.1079433
1760988575293,1.2038627,0.18768835,-2.1030564
1760988575295,1.2235631,0.1740966,-2.091908
1760988575297,1.2455542,0.15928312,-2.083356
1760988575300,1.267698,0.14431691,-2.075873
1760988575302,1.2860241,0.12583824,-2.0709858
1760988575305,1.3031282,0.10873401,-2.0659463
1760988575307,1.3190107,0.09392053,-2.058616
1760988575309,1.3322971,0.07544186,-2.0523546
1760988575311,1.3457361,0.058337633,-2.0486894
1760988575314,1.3579534,0.04352415,-2.0436497
1760988575316,1.3640621,0.027641652,-2.0398319
1760988575318,1.3675746,0.014202617,-2.0349448
1760988575320,1.3686435,-4.5814895E-4,-2.0323486
1760988575323,1.3648257,-0.016340645,-2.0286834
1760988575325,1.359786,-0.028405234,-2.022422
1760988575327,1.3535247,-0.042913284,-2.0187569
1760988575329,1.3458889,-0.05757405,-2.0137172
1760988575332,1.3359623,-0.06841691,-2.0088303
1760988575334,1.3223705,-0.075594574,-2.002569
1760988575336,1.308626,-0.087659165,-1.9964603
1760988575338,1.2938126,-0.10216721,-1.9877555
1760988575341,1.2800682,-0.115453534,-1.9804251
1760988575343,1.2615894,-0.12614368,-1.9704986
1760988575345,1.2405146,-0.13820826,-1.960572
1760988575347,1.223105,-0.14905111,-1.947133
1760988575349,1.205848,-0.15500705,-1.934763
1760988575352,1.1898128,-0.16707164,-1.9237673
1760988575354,1.1748465,-0.1779145,-1.9101756
1760988575356,1.1600331,-0.18509217,-1.8979583
1760988575359,1.1452196,-0.19593503,-1.8782579
1760988575362,1.135293,-0.19837849,-1.859932
1760988575363,1.1267409,-0.20311269,-1.8440495
1760988575365,1.1119275,-0.21273382,-1.8219056
1760988575368,1.1044444,-0.21639901,-1.8048013
1760988575370,1.097114,-0.22006421,-1.784032
1760988575372,1.0873401,-0.22495113,-1.7620409
1760988575375,1.078788,-0.22617286,-1.7374535
1760988575377,1.0726794,-0.22861631,-1.7142406
1760988575379,1.0665708,-0.22983804,-1.689806
1760988575382,1.0566442,-0.2322815,-1.6617062
1760988575384,1.0494665,-0.22983804,-1.6360499
1760988575386,1.0433578,-0.23350324,-1.609019
1760988575389,1.0384709,-0.2322815,-1.5796975
1760988575391,1.028697,-0.23350324,-1.5503759
1760988575393,1.0189233,-0.23105977,-1.518611
1760988575396,1.0103711,-0.22983804,-1.486846
1760988575397,0.9981538,-0.22983804,-1.4563028
1760988575399,0.98715824,-0.23105977,-1.4269812
1760988575402,0.9737192,-0.22968534,-1.3962852
1760988575404,0.9602802,-0.22724187,-1.3645202
1760988575406,0.9468411,-0.22479841,-1.3278683
1760988575409,0.93218035,-0.22357668,-1.297325
1760988575411,0.91874135,-0.22464569,-1.2606732
1760988575413,0.90408057,-0.2209805,-1.2264647
1760988575416,0.88438016,-0.22204952,-1.1933253
1760988575418,0.8660542,-0.22082779,-1.1578951
1760988575420,0.84757555,-0.2218968,-1.1175779
1760988575422,0.82543164,-0.22434026,-1.0858129
1760988575425,0.805884,-0.226631,-1.0490084
1760988575427,0.7812967,-0.22892176,-1.0111347
1760988575430,0.75915277,-0.22876903,-0.97326106
1760988575432,0.73823065,-0.23472497,-0.93401295
1760988575435,0.7160868,-0.24205536,-0.8949176
1760988575436,0.6927212,-0.24923302,-0.8568912
1760988575438,0.66813385,-0.2576324,-0.8164214
1760988575441,0.6423248,-0.26710084,-0.7761043
1760988575443,0.6188065,-0.27916542,-0.7344127
1760988575446,0.59421915,-0.29245174,-0.6939429
1760988575448,0.5720753,-0.30085114,-0.65240407
1760988575449,0.54611355,-0.31413746,-0.6070473
1760988575452,0.52396965,-0.32986724,-0.56413406
1760988575454,0.4992296,-0.34315357,-0.52122074
1760988575456,0.4783075,-0.35888332,-0.47586402
1760988575459,0.45723262,-0.3735441,-0.43050727
1760988575461,0.43508878,-0.38683042,-0.38652498
1760988575463,0.4129449,-0.40133846,-0.34116822
1760988575466,0.39187005,-0.41706824,-0.29458976
1760988575468,0.3733914,-0.43401974,-0.25167647
1760988575471,0.35735616,-0.45112398,-0.20754147
1760988575473,0.34009922,-0.46318856,-0.1647809
1760988575474,0.32650748,-0.48151454,-0.12186762
1760988575477,0.311694,-0.49480084,-0.081397794
1760988575479,0.2967278,-0.5141958,-0.044593163
1760988575482,0.2855795,-0.5325218,-0.0041233404
1760988575484,0.27320948,-0.54718256,0.035124753
1760988575486,0.26328292,-0.56413406,0.071776666
1760988575488,0.25335637,-0.58368176,0.1085813
1760988575490,0.24098633,-0.59956425,0.14782938
1760988575493,0.23105977,-0.6177375,0.18463401
1760988575495,0.22235495,-0.6385069,0.21899518
1760988575498,0.21120666,-0.6568329,0.25702155
1760988575500,0.20005837,-0.67256266,0.29016098
1760988575502,0.18997909,-0.6908886,0.32559118
1760988575504,0.18387043,-0.70921457,0.3623958
1760988575506,0.17394388,-0.72250086,0.3979787
1760988575509,0.16157386,-0.7359399,0.4335616
1760988575511,0.15286903,-0.75426584,0.47021353
1760988575514,0.14172074,-0.7687739,0.50335294
1760988575516,0.13545936,-0.7846564,0.53893584
1760988575518,0.12308934,-0.7993172,0.5757405
1760988575520,0.116980694,-0.8078693,0.6123924
1760988575522,0.10705414,-0.82253003,0.6479753
1760988575524,0.09850202,-0.83108217,0.6797403
1760988575527,0.08979719,-0.8407033,0.7153232
1760988575529,0.08246681,-0.84940815,0.7507534
1760988575531,0.07376198,-0.85902923,0.7826711
1760988575533,0.07009678,-0.87017757,0.8168796
1760988575536,0.0627664,-0.8762862,0.84757555
1760988575538,0.055436023,-0.8859073,0.88178396
1760988575541,0.046731193,-0.8944594,0.91247994
1760988575543,0.04550946,-0.90316427,0.944245
1760988575545,0.03940081,-0.9092729,0.9737192
1760988575547,0.038179077,-0.9129381,1.0030408
1760988575550,0.033292156,-0.91782504,1.033584
1760988575551,0.027183503,-0.92149025,1.0641272
1760988575554,0.024740042,-0.9240864,1.0923798
1760988575556,0.01740966,-0.9289733,1.1204796
1760988575558,0.0125227375,-0.93019503,1.1485794
1760988575561,0.010231993,-0.9289733,1.1779009
1760988575563,0.0065668016,-0.9266826,1.2011138
1760988575566,-0.004428773,-0.9277516,1.2292136
1760988575567,-0.008093964,-0.9254609,1.2548699
1760988575570,-0.014049901,-0.9254609,1.2782356
1760988575572,-0.026419923,-0.9228647,1.3002267
1760988575574,-0.037415497,-0.9204212,1.3234396
1760988575577,-0.05085453,-0.91919947,1.3405437
1760988575579,-0.065515295,-0.91782504,1.3625349
1760988575581,-0.08032878,-0.91415983,1.3808609
1760988575584,-0.09865474,-0.91156363,1.3942999
1760988575586,-0.11713341,-0.9053023,1.4101825
1760988575587,-0.13912456,-0.89904094,1.421178
1760988575590,-0.16371189,-0.8938486,1.42973
1760988575592,-0.18707748,-0.8888089,1.4370605
1760988575595,-0.21410827,-0.88132584,1.4407257
1760988575597,-0.24236079,-0.8712466,1.4431691
1760988575599,-0.27565295,-0.85994554,1.4430164
1760988575601,-0.30497447,-0.84497935,1.4417948
1760988575604,-0.3407101,-0.8324566,1.4369078
1760988575606,-0.3726278,-0.8162687,1.428203
1760988575609,-0.41065416,-0.798859,1.4184291
1760988575610,-0.44868052,-0.77640975,1.4085026
1760988575613,-0.48563787,-0.7602218,1.3962852
1760988575615,-0.52610767,-0.73914695,1.3826935
1760988575617,-0.56413406,-0.7154759,1.3680327
1760988575620,-0.6058256,-0.68829244,1.3519975
1760988575622,-0.64996064,-0.6646214,1.3396275
1760988575624,-0.69043046,-0.6374379,1.3261884
1760988575627,-0.732122,-0.6088799,1.3101532
1760988575629,-0.7713701,-0.57925296,1.2977833
1760988575631,-0.81046546,-0.54473907,1.2866349
1760988575633,-0.84849185,-0.5138904,1.2767084
1760988575636,-0.8875872,-0.48059824,1.2667818
1760988575639,-0.9254609,-0.44730607,1.258077
1760988575640,-0.9596693,-0.41034874,1.2518156
1760988575643,-0.99387777,-0.37965274,1.2479976
1760988575645,-1.0256428,-0.34513888,1.2454015
1760988575647,-1.0574077,-0.30955598,1.2452488
1760988575649,-1.0816896,-0.2751948,1.2463179
1760988575651,-1.1059716,-0.23716843,1.2521211
1760988575654,-1.1302534,-0.20891592,1.2594514
1760988575656,-1.1533136,-0.17592919,1.2690725
1760988575658,-1.1678216,-0.1441642,1.2848023
1760988575660,-1.182177,-0.111177474,1.3041973
1760988575663,-1.1928672,-0.07819075,1.3222178
1760988575665,-1.2011138,-0.049021937,1.3454307
1760988575667,-1.206917,-0.020922136,1.3684908
1760988575670,-1.2102767,0.004581489,1.3939945
1760988575672,-1.2111931,0.027641652,1.4243851
1760988575675,-1.2060007,0.05177083,1.4559973
1760988575676,-1.1994339,0.074830994,1.4888313
1760988575679,-1.1905763,0.09285152,1.521818
1760988575681,-1.1803443,0.10842858,1.5558738
1760988575683,-1.1690434,0.1217149,1.591304
1760988575685,-1.155299,0.13607024,1.6265814
1760988575688,-1.14018,0.1479821,1.6620116
1760988575691,-1.1215485,0.15989397,1.6949984
1760988575693,-1.1076514,0.17180584,1.7278323
1760988575694,-1.0914634,0.18127427,1.7608191
1760988575697,-1.0740538,0.1956296,1.7936531
1760988575699,-1.0615311,0.20387627,1.8241963
1760988575702,-1.0476339,0.2182316,1.8521434
1760988575704,-1.0363328,0.23518312,1.8777997
1760988575706,-1.0225884,0.25320363,1.90086
1760988575709,-1.0125091,0.2640465,1.9191859
1760988575711,-1.0012082,0.27840182,1.9336939
1760988575713,-0.98990715,0.28924468,1.9459113
1760988575715,-0.982424,0.302531,1.9543107
1760988575717,-0.9786061,0.31703907,1.9591975
1760988575719,-0.9747882,0.32925636,1.9602666
1760988575722,-0.97081757,0.34865135,1.9578232
1760988575724,-0.9669997,0.36453384,1.9552269
1760988575726,-0.9656252,0.3791946,1.9465221
1760988575728,-0.9630291,0.3924809,1.9367483
1760988575731,-0.9654725,0.40591997,1.9231565
1760988575734,-0.9665415,0.42180246,1.9084958
1760988575736,-0.96776325,0.4353942,1.890017
1760988575738,-0.96761054,0.4476115,1.8680259
1760988575740,-0.9663888,0.45982882,1.845882
1760988575742,-0.96745783,0.47571132,1.820073
1760988575744,-0.9637926,0.48548517,1.7944167
1760988575746,-0.9637926,0.49770245,1.7686076
1760988575749,-0.9613492,0.50518554,1.7405078
1760988575751,-0.95630956,0.5112942,1.7136297
1760988575753,-0.95142263,0.5161811,1.6853772
1760988575755,-0.9477574,0.52106804,1.6584991
1760988575757,-0.94042706,0.5235115,1.6303993
1760988575760,-0.93187493,0.52106804,1.6010778
1760988575762,-0.9246973,0.52106804,1.5778649
1760988575764,-0.91858864,0.5186246,1.5522085
1760988575767,-0.9100365,0.5149594,1.527774
1760988575769,-0.9027061,0.5137377,1.5070046
1760988575771,-0.8929323,0.50762904,1.4862351
1760988575774,-0.88331115,0.4990769,1.4679092
1760988575776,-0.874759,0.49663344,1.4520267
1760988575778,-0.86498517,0.49403727,1.432479
1760988575781,-0.8527679,0.48670688,1.4178182
1760988575783,-0.8428413,0.48426342,1.4056009
1760988575785,-0.83184576,0.47800204,1.3921618
1760988575787,-0.8196284,0.47555858,1.3836098
1760988575789,-0.80970186,0.47784933,1.3713925
1760988575792,-0.79381937,0.47891834,1.3652838
1760988575794,-0.7814494,0.4813618,1.356579
1760988575797,-0.7678576,0.48487428,1.3480269
1760988575799,-0.75426584,0.49205196,1.3406965
1760988575801,-0.73823065,0.49678615,1.3319917
1760988575803,-0.72326446,0.50885075,1.3246613
1760988575805,-0.708451,0.5160284,1.3161092
1760988575807,-0.6910413,0.52564955,1.3061826
1760988575810,-0.6750061,0.54000485,1.2962561
1760988575813,-0.6575964,0.549626,1.287704
1760988575815,-0.6415612,0.56046885,1.2765557
1760988575816,-0.6290385,0.57986385,1.2666291
1760988575819,-0.61407226,0.60048056,1.2544118
1760988575821,-0.6027713,0.6186538,1.2457069
1760988575823,-0.5914703,0.63804877,1.2370021
1760988575826,-0.5864306,0.6623306,1.2270756
1760988575828,-0.58246,0.6892087,1.212262
1760988575830,-0.58352906,0.7147123,1.199892
1760988575832,-0.5881105,0.74281216,1.1838568
1760988575835,-0.5928447,0.7672467,1.1714869
1760988575837,-0.60246587,0.79427755,1.1566733
1760988575839,-0.61590487,0.8223773,1.1394165
1760988575842,-0.6267477,0.84940815,1.1221595
1760988575844,-0.643852,0.8727737,1.1049025
1760988575846,-0.6608035,0.89980453,1.0864239
1760988575848,-0.6805039,0.92072666,1.0693196
1760988575850,-0.7012733,0.9416488,1.0496192
1760988575853,-0.71959925,0.9637926,1.0323622
1760988575855,-0.73792523,0.9812023,1.0140363
1760988575857,-0.75869465,1.0021244,0.9943359
1760988575860,-0.7796168,1.0193814,0.9746355
1760988575862,-0.8029824,1.0367911,0.9575313
1760988575865,-0.8213083,1.0479393,0.94042706
1760988575867,-0.839787,1.0616838,0.92072666
1760988575869,-0.8558222,1.0716103,0.90484416
1760988575871,-0.8717047,1.0876455,0.8863655
1760988575873,-0.88514376,1.0975721,0.86926126
1760988575876,-0.90117896,1.1026118,0.8570439
1760988575878,-0.91599244,1.1113166,0.8436049
1760988575880,-0.9245446,1.112691,0.8324566
1760988575883,-0.93447113,1.1213958,0.8202393
1760988575884,-0.9418015,1.1226176,0.81046546
1760988575887,-0.9456194,1.1215485,0.8031351
1760988575890,-0.9505063,1.1252137,0.79336125
1760988575891,-0.95172805,1.1215485,0.7884743
1760988575894,-0.9494373,1.1166617,0.7860308
1760988575896,-0.9457721,1.110553,0.7837401
1760988575898,-0.93966347,1.1068878,0.7812967
1760988575901,-0.93233305,1.1007792,0.7825184
1760988575903,-0.9213375,1.093296,0.7812967
1760988575905,-0.906524,1.0870347,0.7837401
1760988575908,-0.89675015,1.0809261,0.7874053
1760988575910,-0.88315845,1.0734429,0.7912232
1760988575912,-0.86727595,1.061073,0.79611015
1760988575914,-0.85139346,1.052368,0.8022188
1760988575917,-0.83169305,1.0424415,0.81077087
1760988575920,-0.8168796,1.0349585,0.8170323
1760988575922,-0.8009971,1.0225884,0.8268061
1760988575924,-0.7838928,1.0089967,0.83291477
1760988575926,-0.7716755,0.9954049,0.8416196
1760988575928,-0.75701475,0.9818132,0.84894997
1760988575931,-0.742354,0.96577793,0.8564331
1760988575933,-0.7325801,0.95233893,0.86376345
1760988575935,-0.72402805,0.9399689,0.8724683
1760988575937,-0.7142542,0.9253081,0.87857693
1760988575940,-0.70952,0.9118691,0.88606006
1760988575942,-0.70707655,0.90087354,0.8921687
1760988575944,-0.70722926,0.8910997,0.8970556
1760988575946,-0.70478576,0.8764389,0.89843005
1760988575949,-0.70738196,0.86666507,0.9045387
1760988575950,-0.7124216,0.8594874,0.90469146
1760988575953,-0.71868294,0.84604836,0.9034697
1760988575955,-0.72494435,0.837649,0.89980453
1760988575958,-0.7324274,0.83291477,0.89751375
1760988575960,-0.7435757,0.82451534,0.8901834
1760988575962,-0.75228053,0.8197812,0.88407475
1760988575964,-0.7672467,0.8126035,0.87689704
1760988575967,-0.7796168,0.80909103,0.86834496
1760988575969,-0.79320854,0.80924374,0.8573494
1760988575972,-0.81061816,0.8034405,0.84635377
1760988575974,-0.82909685,0.8011498,0.83291477
1760988575976,-0.85139346,0.8026769,0.8194757
1760988575978,-0.8723156,0.8042041,0.8035932
1760988575981,-0.89461213,0.8019133,0.7890852
1760988575982,-0.9193522,0.8022188,0.77442443
1760988575985,-0.9451612,0.80741113,0.75732017
1760988575988,-0.97112304,0.81016004,0.74388117
1760988575990,-0.9958631,0.81290895,0.7255552
1760988575992,-1.0253373,0.819323,0.7107417
1760988575994,-1.0525209,0.82695884,0.691194
1760988575996,-1.0771081,0.8333729,0.6765333
1760988575998,-1.1055133,0.8349001,0.66431594
1760988576002,-1.1351403,0.8388707,0.64965516
1760988576002,-1.1585059,0.84039783,0.63621616
1760988576005,-1.1830933,0.8492554,0.6227771
1760988576007,-1.2066116,0.84956086,0.6093381
1760988576009,-1.2311989,0.8558222,0.59956425
1760988576012,-1.2472341,0.86101454,0.5873469
1760988576014,-1.2644911,0.86483246,0.57757306
1760988576016,-1.2768611,0.8698721,0.56779927
1760988576019,-1.2892311,0.87369,0.55924714
1760988576021,-1.2965615,0.87369,0.5519168
1760988576025,-1.2990049,0.8738427,0.54336464
1760988576026,-1.3028228,0.872621,0.537256
1760988576028,-1.3028228,0.8713993,0.5335908
1760988576030,-1.2991576,0.8713993,0.5299256
1760988576033,-1.294118,0.8738427,0.52870387
1760988576035,-1.2904528,0.872621,0.52381694
1760988576037,-1.280679,0.8724683,0.5213735
1760988576039,-1.2695307,0.874759,0.52122074
1760988576042,-1.2608259,0.8770498,0.52122074
1760988576043,-1.2496775,0.88315845,0.52366424
1760988576046,-1.2385293,0.8854492,0.52122074
1760988576048,-1.2287555,0.88529646,0.519999
1760988576051,-1.2163854,0.88514376,0.52122074
1760988576053,-1.2090551,0.8863655,0.52366424
1760988576055,-1.2003502,0.8886562,0.52595496
1760988576057,-1.1942415,0.88499105,0.52855116
1760988576059,-1.1879802,0.88606006,0.5320636
1760988576062,-1.184315,0.88361657,0.5358815
1760988576064,-1.1818715,0.88117313,0.54199016
1760988576066,-1.1794281,0.8738427,0.54565537
1760988576068,-1.1794281,0.87369,0.5542075
1760988576071,-1.1782063,0.8688031,0.5627596
1760988576073,-1.1830933,0.8677341,0.5688683
1760988576075,-1.1830933,0.86391616,0.57864213
1760988576078,-1.1881329,0.86162543,0.5861252
1760988576080,-1.1930199,0.8542951,0.5946773
1760988576083,-1.1980594,0.8481864,0.6056729
1760988576085,-1.2017246,0.840856,0.61559945
1760988576087,-1.2055426,0.8324566,0.6241516
1760988576090,-1.2104294,0.82756966,0.63270366
1760988576092,-1.2130257,0.8165741,0.6414085
1760988576094,-1.2156218,0.80924374,0.64996064
1760988576096,-1.2205088,0.7996226,0.6597345
1760988576099,-1.2180653,0.79351395,0.6647741
1760988576101,-1.2157745,0.7849618,0.67088276
1760988576102,-1.2108877,0.77625704,0.6769914
1760988576106,-1.2072225,0.7713701,0.6794349
1760988576107,-1.1937834,0.763887,0.68325275
1760988576110,-1.1838568,0.75777835,0.68691796
1760988576111,-1.1716396,0.7527387,0.68691796
1760988576114,-1.1543826,0.7489208,0.68569624
1760988576117,-1.135904,0.7475463,0.68325275
1760988576119,-1.1149818,0.7425067,0.6795876
1760988576121,-1.0940597,0.74097955,0.6771441
1760988576124,-1.0706941,0.74204856,0.6721045
1760988576126,-1.0496192,0.7441866,0.66721755
1760988576128,-1.0299188,0.7464773,0.6611089
1760988576130,-1.0065532,0.7512115,0.65500027
1760988576133,-0.9842566,0.7521278,0.64873886
1760988576135,-0.9645562,0.75686204,0.6377433
1760988576137,-0.9436341,0.76159626,0.6291912
1760988576139,-0.923781,0.764956,0.6180429
1760988576141,-0.9077458,0.77106464,0.6058256
1760988576143,-0.8917105,0.77824235,0.5936083
1760988576147,-0.8756753,0.78542,0.58123827
1760988576149,-0.8596401,0.79504114,0.569021
1760988576151,-0.8472701,0.7997753,0.5542075
1760988576153,-0.83367836,0.81183994,0.5395467
1760988576155,-0.8213083,0.8190176,0.52366424
1760988576157,-0.8089383,0.82756966,0.50762904
1760988576159,-0.79641557,0.840856,0.49037206
1760988576162,-0.7828238,0.85047716,0.47571132
1760988576164,-0.77289724,0.85902923,0.45616361
1760988576166,-0.76174897,0.8686504,0.43768495
1760988576169,-0.7481572,0.875828,0.42180246
1760988576171,-0.73960507,0.88315845,0.40332377
1760988576173,-0.72601336,0.8915578,0.38255435
1760988576176,-0.7136433,0.90117896,0.3640757
1760988576178,-0.70005155,0.9085093,0.34697145
1760988576180,-0.68645984,0.9108001,0.32986724
1760988576182,-0.6742425,0.915687,0.31138855
1760988576185,-0.659429,0.91797775,0.2930626
1760988576187,-0.64461553,0.91782504,0.2771801
1760988576189,-0.62873304,0.91415983,0.2612976
1760988576191,-0.61407226,0.9078985,0.24663684
1760988576194,-0.59437186,0.90408057,0.23319781
1760988576196,-0.57360244,0.8953757,0.21731532
1760988576199,-0.5526803,0.88422745,0.20265454
1760988576201,-0.5343544,0.8732319,0.19058995
1760988576203,-0.5123632,0.8596401,0.17837265
1760988576205,-0.48792863,0.84482664,0.16493362
1760988576207,-0.46471575,0.82879144,0.1516473
1760988576210,-0.44394633,0.8127562,0.13942999
1760988576212,-0.41691554,0.8003862,0.12721269
1760988576214,-0.3912592,0.7829765,0.112704635
1760988576216,-0.3680463,0.7693848,0.10048734
1760988576218,-0.34116822,0.7509061,0.089491755
1760988576220,-0.31658092,0.7360926,0.07742717
1760988576223,-0.29336804,0.72494435,0.0664316
1760988576225,-0.2677117,0.7113526,0.05177083
1760988576227,-0.24816401,0.6953174,0.03848451
1760988576230,-0.22479841,0.68416905,0.025045475
1760988576232,-0.20280726,0.67179906,0.009162978
1760988576234,-0.18325958,0.6608035,-0.004276057
1760988576238,-0.16126843,0.64843345,-0.020005837
1760988576238,-0.14294247,0.63606346,-0.035888333
1760988576240,-0.1244638,0.62858033,-0.05299256
1760988576243,-0.10369437,0.62109727,-0.07009678
1760988576246,-0.08903361,0.61743206,-0.087201014
1760988576248,-0.07192938,0.6062838,-0.10552697
1760988576250,-0.05589417,0.6026186,-0.12507465
1760988576252,-0.040011674,0.59880066,-0.14340061
1760988576255,-0.024129177,0.593761,-0.16050485
1760988576257,-0.0106901415,0.5900958,-0.17638734
1760988576259,3.0543262E-4,0.5852089,-0.19349156
1760988576261,0.015118915,0.5777258,-0.20815234
1760988576264,0.02733622,0.5740606,-0.22403483
1760988576266,0.039553523,0.56779927,-0.23747386
1760988576268,0.05299256,0.5555819,-0.2507602
1760988576270,0.06505715,0.54458636,-0.26419923
1760988576272,0.07849618,0.5346598,-0.2751948
1760988576275,0.09315695,0.519999,-0.2835942
1760988576277,0.10277808,0.5015204,-0.2921463
1760988576279,0.11499538,0.48441613,-0.3005457
1760988576282,0.1282817,0.46731192,-0.30543262
1760988576284,0.14538592,0.4476115,-0.3089451
1760988576286,0.1611157,0.4268421,-0.3100141
1760988576289,0.17455475,0.4083634,-0.3100141
1760988576291,0.1853976,0.38881573,-0.3098614
1760988576293,0.20250183,0.3678936,-0.30604348
1760988576295,0.21594086,0.34697145,-0.3036
1760988576298,0.23289238,0.32498032,-0.29978213
1760988576300,0.24510968,0.30405816,-0.29352075
1760988576302,0.25961772,0.27840182,-0.2910773
1760988576305,0.27168232,0.25625798,-0.28603765
1760988576307,0.28512135,0.23548855,-0.2846632
1760988576309,0.29840767,0.20861048,-0.28084528
1760988576311,0.31047225,0.19013181,-0.27962357
1760988576314,0.31780264,0.17180584,-0.27947086
1760988576316,0.32498032,0.15470162,-0.2817616
1760988576318,0.33337972,0.13881913,-0.28787026
1760988576320,0.3368922,0.11927144,-0.29749137
1760988576323,0.3417791,0.111941054,-0.30848694
1760988576324,0.34284812,0.101098195,-0.3268129
1760988576327,0.3475823,0.09010262,-0.3462079
1760988576329,0.3474296,0.084146686,-0.36819902
1760988576332,0.34483343,0.08170322,-0.3950771
1760988576334,0.3436117,0.08552113,-0.42821655
1760988576336,0.33735034,0.09056077,-0.46120325
1760988576338,0.33124167,0.10048734,-0.49663344
1760988576341,0.32253686,0.111635625,-0.538325
1760988576343,0.31398472,0.1301143,-0.58352906
1760988576346,0.30283645,0.14737125,-0.62888575
1760988576348,0.2930626,0.1695151,-0.6779077
1760988576350,0.28084528,0.19792034,-0.7305948
1760988576352,0.268628,0.22617286,-0.7820602
1760988576354,0.2527455,0.2556471,-0.8361218
1760988576356,0.23930646,0.2864958,-0.8912524
1760988576359,0.22724187,0.31597003,-0.9439395
1760988576361,0.21868975,0.34422258,-1.0002918
1760988576364,0.20769419,0.3724751,-1.0542006
1760988576366,0.20280726,0.4007276,-1.105666
1760988576368,0.19685133,0.4240932,-1.1559098
1760988576370,0.19318613,0.4485278,-1.20371
1760988576373,0.19456059,0.46944994,-1.2502885
1760988576374,0.20066923,0.48533243,-1.2932017
1760988576377,0.20570888,0.4999932,-1.3312281
1760988576379,0.21181752,0.50854534,-1.3715452
1760988576382,0.22403483,0.514654,-1.4046847
1760988576384,0.23518312,0.5207626,-1.4352279
1760988576386,0.24740042,0.5206099,-1.4633276
1760988576388,0.26328292,0.5169447,-1.4865406
1760988576391,0.28160888,0.50823987,-1.5097535
1760988576393,0.29993483,0.49602258,-1.5293012
1760988576395,0.31703907,0.47998735,-1.5439619
1760988576397,0.34025195,0.46028697,-1.5572482
1760988576400,0.3633121,0.43463063,-1.568091
1760988576402,0.3914119,0.40866885,-1.5764905
1760988576404,0.42073345,0.38041633,-1.5825992
1760988576407,0.45249844,0.35216382,-1.5873333
1760988576409,0.48670688,0.31887165,-1.589624
1760988576411,0.5183192,0.2845105,-1.5894713
1760988576414,0.5500842,0.24770586,-1.588097
1760988576416,0.59040123,0.20708331,-1.5890132
1760988576418,0.6256787,0.17134771,-1.5851953
1760988576420,0.6611089,0.12965615,-1.5825992
1760988576423,0.69898254,0.08903361,-1.5775595
1760988576424,0.73548174,0.05085453,-1.5737416
1760988576427,0.77213365,0.009010263,-1.5685493
1760988576429,0.81245077,-0.03145956,-1.565953
1760988576431,0.8491027,-0.06841691,-1.5621351
1760988576434,0.88315845,-0.10293079,-1.5570955
1760988576436,0.91736686,-0.1348485,-1.555721
1760988576438,0.95294976,-0.16691893,-1.5531249
1760988576440,0.9822713,-0.19165897,-1.549307
1760988576443,1.0140363,-0.21502456,-1.549307
1760988576446,1.0410671,-0.23365596,-1.5503759
1760988576447,1.0630583,-0.25335637,-1.5528195
1760988576450,1.0874928,-0.26328292,-1.5551102
1760988576452,1.1120802,-0.27565295,-1.5575536
1760988576454,1.1279627,-0.2843578,-1.5624406
1760988576456,1.1439979,-0.28939742,-1.5685493
1760988576459,1.1598804,-0.2919936,-1.5758796
1760988576461,1.1734722,-0.28725937,-1.58321
1760988576463,1.1833987,-0.28725937,-1.5929838
1760988576466,1.1919508,-0.28619036,-1.6015359
1760988576468,1.1994339,-0.28008172,-1.6114625
1760988576470,1.2043208,-0.2764165,-1.6236799
1760988576473,1.2093605,-0.26908615,-1.6334536
1760988576475,1.2093605,-0.26053402,-1.6458237
1760988576477,1.2119566,-0.24969117,-1.658041
1760988576479,1.2070698,-0.23609942,-1.6691893
1760988576482,1.205848,-0.22632557,-1.6814066
1760988576484,1.204779,-0.21288654,-1.6960673
1760988576486,1.199892,-0.20066923,-1.7059939
1760988576488,1.1937834,-0.18829921,-1.719433
1760988576490,1.1878275,-0.17241672,-1.7342464
1760988576493,1.1829406,-0.15897769,-1.7476854
1760988576496,1.1756102,-0.14782938,-1.7612772
1760988576497,1.1672108,-0.1282817,-1.7736472
1760988576499,1.1623238,-0.1160644,-1.7870862
1760988576502,1.1549934,-0.09758572,-1.8018998
1760988576504,1.1478158,-0.082924955,-1.8153389
1760988576506,1.1404854,-0.070554934,-1.8252654
1760988576509,1.133155,-0.05589417,-1.8374827
1760988576511,1.1259774,-0.035124753,-1.8461875
1760988576513,1.1162035,-0.02275473,-1.8571831
1760988576516,1.1100949,-0.009315695,-1.8683313
1760988576518,1.1027645,0.004276057,-1.8817704
1760988576520,1.1004738,0.023823744,-1.8929187
1760988576523,1.0882565,0.03359759,-1.905136
1760988576524,1.0821478,0.04841107,-1.9162843
1760988576527,1.0735956,0.061850104,-1.9272798
1760988576529,1.0688615,0.0777326,-1.9372064
1760988576531,1.0615311,0.09132435,-1.9495764
1760988576534,1.0578659,0.102319926,-1.9617938
1760988576536,1.0531317,0.110872045,-1.9727893
1760988576538,1.0482447,0.1244638,-1.9827158
1760988576540,1.0458013,0.1366811,-1.9924897
1760988576543,1.0435106,0.14767668,-2.0024164
1760988576545,1.045954,0.15867224,-2.0134118
1760988576547,1.044885,0.16722436,-2.021964
1760988576550,1.0424415,0.17211129,-2.029447
1760988576552,1.0412198,0.17944166,-2.0379992
1760988576554,1.0424415,0.18555032,-2.0465512
1760988576557,1.0450377,0.19165897,-2.05266
1760988576559,1.0450377,0.19898935,-2.0589213
1760988576561,1.0450377,0.20265454,-2.0662518
1760988576563,1.0474812,0.205098,-2.0711386
1760988576566,1.0476339,0.20998493,-2.0735822
1760988576567,1.0488557,0.21120666,-2.0760255
1760988576570,1.0476339,0.21365012,-2.078469
1760988576572,1.0462594,0.2087632,-2.0821342
1760988576574,1.0464121,0.21120666,-2.0821342
1760988576577,1.0451905,0.21487185,-2.0821342
1760988576579,1.0512991,0.21120666,-2.0809124
1760988576581,1.0488557,0.21242839,-2.0796907
1760988576583,1.0512991,0.20738874,-2.0760255
1760988576586,1.056186,0.20372356,-2.0723603
1760988576588,1.0635164,0.2012801,-2.068695
1760988576590,1.0708468,0.19746219,-2.0638082
1760988576592,1.0771081,0.19013181,-2.0564778
1760988576595,1.0881038,0.18753563,-2.051591
1760988576597,1.0990993,0.18127427,-2.0453296
1760988576600,1.112691,0.17256944,-2.0367775
1760988576602,1.1275045,0.16630806,-2.029447
1760988576604,1.1372783,0.15897769,-2.019673
1760988576606,1.1519392,0.1441642,-2.01219
1760988576609,1.161713,0.13179417,-2.003638
1760988576611,1.1690434,0.12568553,-1.9938642
1760988576613,1.1788172,0.1133155,-1.9839376
1760988576615,1.1873693,0.101098195,-1.9753854
1760988576618,1.1983649,0.0936151,-1.9680551
1760988576619,1.2032518,0.081397794,-1.9581286
1760988576622,1.2043208,0.066737026,-1.9446895
1760988576625,1.2055426,0.056963183,-1.934763
1760988576627,1.2066116,0.044745877,-1.9237673
1760988576629,1.2017246,0.036193766,-1.9101756
1760988576631,1.201572,0.02397646,-1.8979583
1760988576634,1.1940888,0.012980887,-1.8831449
1760988576636,1.1867584,0.0033597588,-1.8697058
1760988576638,1.1792754,-0.0027488936,-1.8538233
1760988576641,1.171945,-0.0076358155,-1.8377881
1760988576643,1.1607966,-0.012370021,-1.8219056
1760988576645,1.1472049,-0.015882496,-1.8011361
1760988576647,1.1386528,-0.019547688,-1.7851009
1760988576650,1.125061,-0.02076942,-1.7643316
1760988576651,1.1128438,-0.024281893,-1.7423404
1760988576653,1.1055133,-0.026725354,-1.7191275
1760988576656,1.0894781,-0.025350908,-1.6971364
1760988576658,1.0748174,-0.026572637,-1.6737708
1760988576660,1.0638218,-0.025350908,-1.6481144
1760988576664,1.05023,-0.025198191,-1.6212363
1760988576666,1.0367911,-0.027641652,-1.5919148
1760988576667,1.0221303,-0.026419923,-1.563815
1760988576670,1.0048733,-0.029932396,-1.5355625
1760988576672,0.9914343,-0.03481932,-1.5037975
1760988576674,0.9753991,-0.035888333,-1.4756978
1760988576676,0.9605856,-0.043066,-1.4450017
1760988576678,0.9433287,-0.050396383,-1.412015
1760988576681,0.92485,-0.05879578,-1.3825408
1760988576683,0.907593,-0.06841691,-1.3471106
1760988576686,0.8866709,-0.075594574,-1.3139712
1760988576688,0.86315256,-0.093767814,-1.2796099
1760988576690,0.839787,-0.09972375,-1.2454015
1760988576693,0.82253003,-0.115453534,-1.2110404
1760988576695,0.79901177,-0.12751812,-1.1766791
1760988576697,0.77564615,-0.1432479,-1.1398746
1760988576699,0.75334954,-0.15897769,-1.1068878
1760988576702,0.7322747,-0.17715092,-1.0737484
1760988576704,0.7113526,-0.19165897,-1.0369438
1760988576706,0.69027776,-0.20738874,-0.9989174
1760988576708,0.6704246,-0.22785273,-0.9645562
1760988576711,0.6507242,-0.24480425,-0.93019503
1760988576713,0.6284276,-0.25809056,-0.8921687
1760988576715,0.60994893,-0.27152961,-0.8567385
1760988576718,0.593761,-0.2921463,-0.8174904
1760988576720,0.57650405,-0.30909783,-0.7819075
1760988576722,0.5590944,-0.32604933,-0.74388117
1760988576724,0.54183745,-0.34300083,-0.70707655
1760988576726,0.52580225,-0.3539964,-0.66905016
1760988576728,0.50976706,-0.37094793,-0.62995476
1760988576731,0.4925101,-0.3831652,-0.5907067
1760988576733,0.47647488,-0.39522982,-0.5526803
1760988576735,0.46288314,-0.40744713,-0.513585
1760988576739,0.44806966,-0.41218132,-0.47555858
1760988576740,0.43463063,-0.42439863,-0.4363105
1760988576743,0.42103887,-0.43050727,-0.39721513
1760988576745,0.4063781,-0.43768495,-0.35445455
1760988576746,0.39278635,-0.44257188,-0.31398472
1760988576748,0.3817908,-0.44623706,-0.27366763
1760988576751,0.36957347,-0.44990227,-0.23441954
1760988576753,0.35735616,-0.45234573,-0.1928807
1760988576755,0.3463606,-0.45478916,-0.15134187
1760988576757,0.3378085,-0.4596761,-0.10842858
1760988576759,0.32803464,-0.46578476,-0.06688975
1760988576762,0.32070425,-0.47311515,-0.025350908
1760988576764,0.31337386,-0.47800204,0.015118915
1760988576766,0.30604348,-0.48426342,0.059101213
1760988576769,0.29978213,-0.49403727,0.100792766
1760988576771,0.29123,-0.5001459,0.14355333
1760988576773,0.2863431,-0.50991976,0.18768835
1760988576776,0.2753475,-0.5196936,0.22556199
1760988576778,0.2666427,-0.5319109,0.2648101
1760988576780,0.2554944,-0.54534996,0.30405816
1760988576782,0.24694228,-0.5551238,0.345597
1760988576785,0.2321288,-0.5696318,0.37873647
1760988576787,0.2209805,-0.5830709,0.41554108
1760988576790,0.20616703,-0.59757894,0.45341474
1760988576792,0.19257528,-0.6122397,0.49021935
1760988576794,0.1777618,-0.6243043,0.52580225
1760988576796,0.16172658,-0.6377433,0.56001073
1760988576798,0.14935656,-0.65225136,0.59437186
1760988576801,0.13332134,-0.66431594,0.6275113
1760988576803,0.119729586,-0.6728681,0.6568329
1760988576805,0.107359566,-0.68737614,0.68875057
1760988576808,0.09132435,-0.6983717,0.7170031
1760988576810,0.08017606,-0.711658,0.7451029
1760988576812,0.069027774,-0.72021013,0.77091193
1760988576815,0.05665775,-0.7273878,0.7965683
1760988576817,0.043218717,-0.7334964,0.8199339
1760988576819,0.036957346,-0.73960507,0.8407033
1760988576821,0.024587326,-0.745561,0.8614727
1760988576824,0.011148291,-0.7492262,0.88361657
1760988576826,-0.0036651916,-0.7527387,0.90194255
1760988576828,-0.010995574,-0.7527387,0.91782504
1760988576831,-0.024587326,-0.7538077,0.93126404
1760988576833,-0.038026363,-0.753655,0.9434814
1760988576835,-0.055283304,-0.7473936,0.95325524
1760988576837,-0.06994407,-0.74372846,0.9642508
1760988576839,-0.08964448,-0.74113226,0.96791595
1760988576841,-0.1142318,-0.731053,0.97524637
1760988576843,-0.1386664,-0.72112644,0.9776898
1760988576846,-0.16203201,-0.7124216,0.9776898
1760988576848,-0.18784106,-0.6962337,0.97387195
1760988576850,-0.21853705,-0.6800457,0.968985
1760988576853,-0.24923302,-0.66156703,0.9639453
1760988576855,-0.28099802,-0.6441574,0.9578367
1760988576857,-0.31535918,-0.6243043,0.9503536
1760988576859,-0.34972036,-0.6044512,0.93935806
1760988576862,-0.3914119,-0.57833666,0.93187493
1760988576864,-0.43188173,-0.5523749,0.9219484
1760988576866,-0.47357327,-0.52748215,0.9121745
1760988576869,-0.51893,-0.5002986,0.90224797
1760988576871,-0.5581781,-0.47311515,0.8910997
1760988576873,-0.60231316,-0.44089198,0.88239485
1760988576876,-0.64644814,-0.41248676,0.8762862
1760988576878,-0.68936145,-0.38148534,0.86758137
1760988576880,-0.7333437,-0.34697145,0.86620694
1760988576882,-0.7787005,-0.31856623,0.86116725
1760988576884,-0.8177959,-0.28527406,0.8622363
1760988576887,-0.86070913,-0.26160303,0.86086184
1760988576889,-0.89736104,-0.23335053,0.86574876
1760988576891,-0.93783087,-0.2098322,0.870483
1760988576893,-0.97585726,-0.18142697,0.87766063
1760988576896,-1.0112875,-0.1554652,0.8886562
1760988576898,-1.0467176,-0.13561209,0.90194255
1760988576900,-1.0784826,-0.11224649,0.91415983
1760988576903,-1.1029172,-0.0888809,0.93111134
1760988576905,-1.1297953,-0.06918049,0.95172805
1760988576907,-1.1517864,-0.05085453,0.97249746
1760988576909,-1.1748465,-0.028710667,0.9967794
1760988576912,-1.1919508,-0.01160644,1.0248792
1760988576914,-1.2089024,0.0067195175,1.052979
1760988576916,-1.2246321,0.023823744,1.0858129
1760988576918,-1.2366967,0.03726278,1.1200215
1760988576920,-1.2476922,0.045814894,1.1517864
1760988576923,-1.2534955,0.0580322,1.1882856
1760988576926,-1.2618948,0.06887506,1.2261592
1760988576927,-1.2617421,0.07727446,1.2628112
1760988576930,-1.2628112,0.08445212,1.30435
1760988576932,-1.261284,0.09407325,1.3434454
1760988576935,-1.2586879,0.100029185,1.3837625
1760988576937,-1.2548699,0.102319926,1.4228579
1760988576939,-1.2486086,0.104610674,1.4607315
1760988576942,-1.2423472,0.106901415,1.4924965
1760988576944,-1.2298244,0.113926366,1.527774
1760988576946,-1.2209669,0.117438845,1.5570955
1760988576948,-1.2098186,0.12095132,1.5851953
1760988576951,-1.1985176,0.124311075,1.6108516
1760988576953,-1.188591,0.12904528,1.6328428
1760988576955,-1.181108,0.13255776,1.6511687
1760988576958,-1.1711814,0.13607024,1.668273
1760988576960,-1.1624765,0.14080444,1.6815593
1760988576962,-1.1562152,0.14431691,1.6913332
1760988576964,-1.1548407,0.15042557,1.701107
1760988576966,-1.153619,0.15775596,1.7023287
1760988576969,-1.1522446,0.16615535,1.7035505
1760988576971,-1.1559098,0.17592919,1.7033978
1760988576973,-1.1594223,0.18585575,1.6972891
1760988576976,-1.1594223,0.19914207,1.6885842
1760988576978,-1.1678216,0.21762075,1.6824756
1760988576979,-1.1775955,0.22861631,1.6701056
1760988576982,-1.1823297,0.24953845,1.6554449
1760988576985,-1.1921035,0.27030787,1.6418531
1760988576987,-1.2029464,0.29123,1.6221527
1760988576989,-1.2114985,0.31566462,1.6024523
1760988576991,-1.2235631,0.34025195,1.5815301
1760988576994,-1.2394456,0.36850446,1.5593863
1760988576996,-1.2502885,0.39293906,1.5396858
1760988576998,-1.266171,0.42119157,1.517542
1760988577001,-1.2782356,0.44944412,1.4905112
1760988577003,-1.2892311,0.4728097,1.4659239
1760988577005,-1.3038919,0.49846604,1.4425583
1760988577007,-1.3171781,0.5206099,1.4205672
1760988577010,-1.3330606,0.54519725,1.3972015
1760988577012,-1.3477215,0.5673411,1.3750577
1760988577014,-1.3599387,0.5870415,1.3504703
1760988577016,-1.372156,0.60918534,1.3321444
1760988577018,-1.3855951,0.627664,1.3100005
1760988577021,-1.3952162,0.64599,1.2915218
1760988577023,-1.4049901,0.6632469,1.2707524
1760988577025,-1.4147639,0.6805039,1.2559389
1760988577028,-1.4196508,0.6951646,1.2411255
1760988577030,-1.4243851,0.7086037,1.2276864
1760988577032,-1.4280503,0.71837753,1.2153164
1760988577035,-1.4291192,0.73548174,1.2067643
1760988577037,-1.4291192,0.7464773,1.1968378
1760988577039,-1.4277447,0.75625116,1.1882856
1760988577041,-1.4289665,0.7684685,1.182177
1760988577043,-1.4251486,0.77457714,1.178359
1760988577046,-1.4188873,0.7841983,1.1746938
1760988577048,-1.4164438,0.79152864,1.169807
1760988577050,-1.4138476,0.8000808,1.1684325
1760988577053,-1.408808,0.8072584,1.1672108
1760988577055,-1.403921,0.80848014,1.1684325
1760988577057,-1.3976597,0.81321436,1.1684325
1760988577059,-1.3938417,0.8205447,1.1682798
1760988577062,-1.3877331,0.8240572,1.171945
1760988577064,-1.385137,0.82894415,1.1731668
1760988577066,-1.38025,0.82894415,1.1756102
1760988577068,-1.3776538,0.83367836,1.1768318
1760988577071,-1.3752104,0.8361218,1.1780536
1760988577073,-1.3726143,0.84223044,1.1779009
1760988577075,-1.3665055,0.84329945,1.1791227
1760988577078,-1.368949,0.84574294,1.1791227
1760988577080,-1.3651311,0.85062987,1.1766791
1760988577082,-1.3651311,0.8530733,1.1742357
1760988577084,-1.3651311,0.85918194,1.1705705
1760988577087,-1.3639094,0.86529064,1.1693488
1760988577089,-1.3637567,0.8689558,1.1655309
1760988577091,-1.3662001,0.87872964,1.1630874
1760988577094,-1.3672692,0.8885035,1.1582005
1760988577096,-1.3684908,0.89461213,1.1531608
1760988577098,-1.3709344,0.90194255,1.1470522
1760988577100,-1.3707817,0.9166033,1.1397219
1760988577102,-1.370629,0.9288206,1.1322387
1760988577104,-1.3730724,0.9398162,1.1249083
1760988577107,-1.3755158,0.95203346,1.1174252
1760988577109,-1.3741413,0.9630291,1.1113166
1760988577111,-1.38025,0.9776898,1.0989466
1760988577114,-1.3849843,0.98990715,1.0903945
1760988577116,-1.3862059,1.0021244,1.0841331
1760988577118,-1.3933836,1.0180069,1.0743593
1760988577120,-1.3970488,1.0291553,1.0644327
1760988577123,-1.4031575,1.0413725,1.0546589
1760988577125,-1.4078916,1.0535898,1.0461067
1760988577129,-1.4140003,1.0682507,1.0361801
1760988577131,-1.4188873,1.0806206,1.0251846
1760988577132,-1.4248432,1.0903945,1.0152581
1760988577134,-1.4285084,1.10139,1.0067059
1760988577136,-1.434617,1.1137601,0.9931142
1760988577139,-1.4395039,1.1247556,0.9808969
1760988577141,-1.4417948,1.1357512,0.97097033
1760988577143,-1.4479034,1.1481212,0.958753
1760988577145,-1.4466816,1.1554517,0.9465357
1760988577149,-1.4454598,1.1640037,0.93294394
1760988577150,-1.4428637,1.1724031,0.9195049
1760988577152,-1.4416419,1.1785117,0.9097311
1760988577156,-1.4414892,1.1882856,0.8961393
1760988577157,-1.4353806,1.1968378,0.8863655
1760988577159,-1.430341,1.2053899,0.87781334
1760988577161,-1.4278975,1.2066116,0.8678868
1760988577165,-1.4242324,1.2114985,0.85811293
1760988577167,-1.4216361,1.2198979,0.84956086
1760988577168,-1.4155275,1.2223413,0.84223044
1760988577171,-1.413084,1.2235631,0.8361218
1760988577173,-1.4118623,1.2247849,0.8312349
1760988577175,-1.4118623,1.2211196,0.83001316
1760988577178,-1.413084,1.2186762,0.82512623
1760988577180,-1.4144585,1.2114985,0.8226828
1760988577182,-1.416902,1.2053899,0.821461
1760988577184,-1.4207199,1.1968378,0.820392
1760988577187,-1.4220943,1.1872166,0.8216137
1760988577189,-1.4271339,1.176221,0.8240572
1760988577191,-1.42973,1.161713,0.8266534
1760988577193,-1.4323263,1.1446087,0.8268061
1760988577195,-1.4349225,1.1301007,0.82802784
1760988577198,-1.4362969,1.1203269,0.82818055
1760988577200,-1.4388931,1.1032226,0.82818055
1760988577203,-1.4378241,1.0887146,0.82711154
1760988577205,-1.4404203,1.0740538,0.82711154
1760988577207,-1.4393512,1.059393,0.82604253
1760988577209,-1.4358387,1.0424415,0.82359904
1760988577211,-1.4323263,1.026559,0.8176431
1760988577213,-1.4312572,1.0143417,0.81031275
1760988577216,-1.4277447,0.9984592,0.8043568
1760988577218,-1.4230106,0.9839512,0.79702646
1760988577220,-1.4132367,0.97524637,0.7874053
1760988577222,-1.4034629,0.9630291,0.77640975
1760988577225,-1.3950635,0.95447695,0.7641924
1760988577227,-1.3790283,0.9482156,0.7519751
1760988577230,-1.3631458,0.9469938,0.73731434
1760988577232,-1.3471106,0.9456194,0.72265357
1760988577234,-1.3298537,0.9466884,0.70432764
1760988577237,-1.3125967,0.9502009,0.6834055
1760988577239,-1.2967142,0.95249164,0.66507953
1760988577241,-1.2782356,0.9596693,0.6418667
1760988577243,-1.2632693,0.9755518,0.6160576
1760988577245,-1.2484559,0.99005985,0.592692
1760988577248,-1.2322679,1.0094548,0.56688297
1760988577250,-1.2198979,1.0276281,0.5412266
1760988577253,-1.212262,1.0471758,0.5154176
1760988577254,-1.2035573,1.0690142,0.48838675
1760988577257,-1.1997393,1.0946705,0.4625777
1760988577259,-1.2020301,1.1154399,0.43676865
1760988577267,-1.207986,1.1398746,0.4109596
1760988577267,-1.2114985,1.1632402,0.3827071
1760988577267,-1.2212723,1.1827878,0.35811976
1760988577268,-1.2322679,1.2024882,0.33368513
1760988577270,-1.2505939,1.2246321,0.30787608
1760988577272,-1.2678508,1.2420417,0.2857322
1760988577274,-1.2873985,1.2568552,0.26618454
1760988577276,-1.3095424,1.2742649,0.2452624
1760988577278,-1.3327552,1.2890784,0.22815818
1760988577281,-1.3561208,1.3028228,0.20845777
1760988577283,-1.3819299,1.3153456,0.19257528
1760988577285,-1.4077389,1.3277156,0.1779145
1760988577288,-1.4361442,1.3377949,0.16187929
1760988577290,-1.4619533,1.3454307,0.14966199
1760988577292,-1.487915,1.3481796,0.13622294
1760988577295,-1.5137241,1.3509285,0.124005646
1760988577297,-1.5384641,1.3524556,0.116675265
1760988577299,-1.5619824,1.3466524,0.105832405
1760988577301,-1.5879441,1.3420709,0.09605856
1760988577304,-1.6102408,1.336115,0.089949906
1760988577306,-1.6313156,1.32909,0.0888809
1760988577308,-1.6497943,1.3206906,0.09010262
1760988577310,-1.667204,1.3112222,0.09392053
1760988577313,-1.6820174,1.3016012,0.09758572
1760988577315,-1.6957619,1.29198,0.10629055
1760988577317,-1.7069103,1.2762502,0.11728613
1760988577320,-1.715615,1.2652546,0.12965615
1760988577322,-1.7218764,1.2519683,0.14431691
1760988577324,-1.7244726,1.2385293,0.16035213
1760988577326,-1.7269161,1.2275337,0.17745635
1760988577329,-1.7221818,1.2127203,0.19593503
1760988577332,-1.7197384,1.195616,0.21074851
1760988577333,-1.7125608,1.1785117,0.2302962
1760988577336,-1.6928604,1.1623238,0.25121832
1760988577338,-1.6794213,1.1452196,0.26710084
1760988577341,-1.6610953,1.1290317,0.28680122
1760988577343,-1.6389514,1.1142182,0.30390546
1760988577344,-1.6155858,1.099252,0.31871894
1760988577348,-1.5897768,1.0856602,0.33337972
1760988577350,-1.5664113,1.0706941,0.3494149
1760988577352,-1.5406022,1.0655017,0.36041048
1760988577355,-1.5160148,1.0567969,0.37018433
1760988577356,-1.488984,1.0454959,0.37995818
1760988577358,-1.4654657,1.042747,0.38606682
1760988577361,-1.4408784,1.0450377,0.38728857
1760988577363,-1.4124732,1.0447323,0.3885103
1760988577366,-1.3878858,1.0444268,0.38728857
1760988577368,-1.3692545,1.0491611,0.3810272
1760988577370,-1.3432927,1.0574077,0.3736968
1760988577372,-1.3235923,1.0645854,0.364992
1760988577375,-1.3063353,1.0742066,0.35033122
1760988577377,-1.2889256,1.0885619,0.33673948
1760988577379,-1.2702943,1.0994047,0.32085696
1760988577381,-1.2554808,1.1090258,0.30604348
1760988577383,-1.2370021,1.1198688,0.2863431
1760988577386,-1.217149,1.1355985,0.26557365
1760988577388,-1.2072225,1.1476631,0.24831672
1760988577390,-1.1910346,1.1621711,0.22739458
1760988577392,-1.176221,1.1766791,0.20906863
1760988577395,-1.1624765,1.19134,0.18692477
1760988577398,-1.1501065,1.2070698,0.1684461
1760988577400,-1.1377366,1.220356,0.14889841
1760988577401,-1.1265882,1.2336423,0.13041973
1760988577404,-1.111622,1.2469287,0.11438452
1760988577406,-1.099252,1.2603678,0.09850202
1760988577409,-1.0893254,1.2675453,0.08246681
1760988577411,-1.0769554,1.2783883,0.06536258
1760988577413,-1.0658071,1.2857187,0.05177083
1760988577415,-1.0522153,1.2904528,0.039553523
1760988577418,-1.0386237,1.295187,0.02977968
1760988577419,-1.0251846,1.295187,0.020005837
1760988577422,-1.0128145,1.2986995,0.011301007
1760988577424,-0.9980011,1.2948816,0.0041233404
1760988577426,-0.9796751,1.289842,-7.6358154E-4
1760988577430,-0.9611965,1.2860241,-0.0056505036
1760988577432,-0.9390526,1.278541,-0.006872234
1760988577433,-0.915687,1.2696834,-0.009315695
1760988577435,-0.8886562,1.2609786,-0.011759156
1760988577437,-0.86406887,1.2508993,-0.010537425
1760988577440,-0.8371908,1.239751,-0.011759156
1760988577442,-0.8051204,1.2284501,-0.01160644
1760988577445,-0.77564615,1.2159272,-0.009162978
1760988577447,-0.74006325,1.2046263,-0.007941248
1760988577449,-0.7069238,1.1908818,-0.005497787
1760988577452,-0.66752297,1.1795808,-0.0016798794
1760988577453,-0.63056564,1.1705705,0.0032070426
1760988577456,-0.5911648,1.1653782,0.009315695
1760988577459,-0.5529858,1.1575897,0.011759156
1760988577461,-0.513585,1.1523973,0.0154243475
1760988577463,-0.47418416,1.1494957,0.015271631
1760988577465,-0.43478334,1.1430815,0.014049901
1760988577467,-0.397826,1.1414018,0.014049901
1760988577470,-0.3633121,1.142318,0.01160644
1760988577472,-0.32635477,1.1381947,0.01160644
1760988577475,-0.29061913,1.134224,0.005497787
1760988577477,-0.26236662,1.1351403,-0.0018325958
1760988577479,-0.23151793,1.1337659,-0.008093964
1760988577481,-0.20326541,1.1297953,-0.0154243475
1760988577483,-0.17989981,1.1259774,-0.026419923
1760988577486,-0.15882497,1.1293371,-0.036193766
1760988577487,-0.13927728,1.1267409,-0.044745877
1760988577490,-0.1244638,1.1255192,-0.055741455
1760988577492,-0.11102476,1.122923,-0.066737026
1760988577494,-0.102319926,1.1217014,-0.08017606
1760988577496,-0.094989546,1.1203269,-0.089949906
1760988577499,-0.09254608,1.1203269,-0.10094548
1760988577502,-0.091477074,1.1180362,-0.111941054
1760988577504,-0.0926988,1.1180362,-0.1253801
1760988577506,-0.0926988,1.1204796,-0.14019357
1760988577508,-0.098807454,1.1255192,-0.14996742
1760988577510,-0.10751228,1.1279627,-0.16218472
1760988577512,-0.10995574,1.1305588,-0.17684549
1760988577515,-0.116217114,1.134224,-0.19028452
1760988577517,-0.123547494,1.1392636,-0.20250183
1760988577520,-0.12843442,1.1443033,-0.21471913
1760988577522,-0.13469578,1.1406381,-0.22693644
1760988577524,-0.14340061,1.1395692,-0.23915374
1760988577527,-0.14340061,1.1420126,-0.25259277
1760988577529,-0.14721853,1.1385001,-0.26358834
1760988577531,-0.14844026,1.1372783,-0.2733622
1760988577534,-0.1459968,1.1323915,-0.28069258
1760988577535,-0.14370605,1.125061,-0.28680122
1760988577538,-0.14248432,1.1154399,-0.2929099
1760988577540,-0.13897185,1.1117748,-0.29642236
1760988577542,-0.13408493,1.1055133,-0.29764408
1760988577544,-0.12186762,1.0957395,-0.29886582
1760988577547,-0.11942416,1.0871874,-0.29886582
1760988577548,-0.109650314,1.0772609,-0.2950479
1760988577551,-0.09987647,1.0650436,-0.28893927
1760988577554,-0.0852157,1.0490084,-0.2826779
1760988577556,-0.07422013,1.0354166,-0.27656925
1760988577558,-0.062002823,1.024421,-0.2667954
1760988577560,-0.048563786,1.0096076,-0.25442538
1760988577563,-0.035124753,0.9923506,-0.23976462
1760988577565,-0.019242255,0.97142845,-0.2237294
1760988577567,-0.004581489,0.95172805,-0.20769419
1760988577570,0.0125227375,0.9295842,-0.18921551
1760988577571,0.027030786,0.9049969,-0.17211129
1760988577574,0.044135015,0.88163126,-0.15485434
1760988577576,0.061239243,0.8559749,-0.1375974
1760988577578,0.07941248,0.82650065,-0.12034045
1760988577580,0.09773844,0.7982482,-0.10552697
1760988577582,0.11591168,0.7687739,-0.090713486
1760988577585,0.13423763,0.73807794,-0.077121735
1760988577587,0.1572978,0.7086037,-0.06719518
1760988577589,0.17562376,0.676686,-0.05971208
1760988577591,0.19868392,0.64843345,-0.053450707
1760988577594,0.22434026,0.62018096,-0.05085453
1760988577596,0.2510656,0.5907067,-0.06658431
1760988577598,0.28160888,0.55756724,-0.08964448
1760988577601,0.31322116,0.52320606,-0.10170906
1760988577603,0.33628133,0.48655418,-0.11377365
1760988577605,0.3642284,0.44730607,-0.12950343
1760988577607,0.38713586,0.41050145,-0.14156802
1760988577610,0.410196,0.3726278,-0.15363261
1760988577612,0.43081272,0.3359759,-0.16432275
1760988577614,0.45020768,0.31505376,-0.17287487
1760988577616,0.47601673,0.30024028,-0.17516561
1760988577619,0.50442195,0.29993483,-0.16920967
1760988577621,0.5316055,0.31535918,-0.15821409
1760988577623,0.57009,0.33444872,-0.14492778
1760988577625,0.6047566,0.34254268,-0.13164146
1760988577628,0.63316184,0.3397938,-0.1255328
1760988577630,0.6601926,0.32986724,-0.1255328
1760988577632,0.6797403,0.32238412,-0.13881913
1760988577634,0.6969972,0.31612277,-0.15470162
1760988577637,0.7104363,0.3100141,-0.1742493
1760988577639,0.72250086,0.29657507,-0.19990565
1760988577641,0.73456544,0.2855795,-0.22678372
1760988577644,0.7441866,0.26847526,-0.2510656
1760988577646,0.75502944,0.25137106,-0.27550024
1760988577648,0.7696902,0.2415972,-0.3023783
1760988577651,0.7831292,0.23182335,-0.32543847
1760988577653,0.7965683,0.22922719,-0.3462079
1760988577655,0.81000733,0.2218968,-0.36819902
1760988577658,0.8246681,0.21563543,-0.3914119
1760988577660,0.8356637,0.20830505,-0.41218132
1760988577662,0.84528476,0.19730948,-0.4353942
1760988577665,0.850019,0.18768835,-0.46105054
1760988577667,0.8597928,0.17547104,-0.48533243
1760988577669,0.86437434,0.16203201,-0.50976706
1760988577671,0.8703303,0.14874569,-0.53786683
1760988577674,0.87766063,0.13652839,-0.56092703
1760988577676,0.88346386,0.116980694,-0.58291817
1760988577678,0.893085,0.09636399,-0.6059783
1760988577680,0.90392786,0.07803804,-0.63041294
1760988577683,0.91599244,0.054825157,-0.65102965
1760988577685,0.9242391,0.029168816,-0.66920286
1760988577687,0.9363037,0.0010690142,-0.68493265
1760988577689,0.9494373,-0.027030786,-0.6994407
1760988577692,0.9602802,-0.05375614,-0.7151705
1760988577694,0.97234476,-0.08307768,-0.72601336
1760988577696,0.98929626,-0.11010846,-0.7357872
1760988577698,1.006095,-0.14187345,-0.7441866
1760988577701,1.0206031,-0.17241672,-0.7501425
1760988577703,1.0363328,-0.20311269,-0.75487673
1760988577706,1.0545062,-0.23487769,-0.75961095
1760988577707,1.0726794,-0.26542094,-0.7631234
1760988577710,1.0908526,-0.29611692,-0.7678576
1760988577712,1.1114693,-0.32436943,-0.77381355
1760988577715,1.1322387,-0.35124752,-0.7809912
1760988577717,1.1577424,-0.37827832,-0.78694713
1760988577719,1.178359,-0.40775254,-0.79412484
1760988577722,1.2040154,-0.4286747,-0.8026769
1760988577724,1.2260065,-0.4569272,-0.8098546
1760988577726,1.2466233,-0.4801401,-0.81581056
1760988577728,1.2698362,-0.49739704,-0.8268061
1760988577730,1.2844969,-0.5122105,-0.83276206
1760988577733,1.3040446,-0.527024,-0.8388707
1760988577735,1.3213016,-0.5345071,-0.8425359
1760988577737,1.3384057,-0.54076844,-0.8498663
1760988577740,1.3519975,-0.54076844,-0.8584184
1760988577742,1.3607023,-0.537256,-0.86330533
1760988577743,1.3716979,-0.53130007,-0.8718574
1760988577746,1.3805555,-0.5203045,-0.88056225
1760988577748,1.3880385,-0.5009095,-0.88789266
1760988577751,1.3918564,-0.48624873,-0.89904094
1760988577753,1.3944527,-0.46929723,-0.9114109
1760988577755,1.395827,-0.44974953,-0.9250027
1760988577757,1.3923146,-0.4277584,-0.93722
1760988577760,1.3900238,-0.40943244,-0.95203346
1760988577762,1.3865114,-0.38988474,-0.96684694
1760988577764,1.3840679,-0.3727805,-0.980286
1760988577766,1.3807082,-0.34590244,-0.99387777
1760988577768,1.377043,-0.3275765,-1.0086912
1760988577771,1.3747523,-0.311694,-1.0235047
1760988577773,1.370018,-0.2919936,-1.0381655
1760988577775,1.3663528,-0.27366763,-1.052979
1760988577778,1.3640621,-0.25900686,-1.065349
1760988577781,1.3605496,-0.2406809,-1.0775663
1760988577783,1.3581061,-0.22724187,-1.0899363
1760988577784,1.3558154,-0.21502456,-1.1009319
1760988577787,1.3509285,-0.204029,-1.1120802
1760988577789,1.3497068,-0.19303341,-1.1230757
1760988577791,1.3523029,-0.18570304,-1.1330023
1760988577794,1.3547463,-0.18448131,-1.1415545
1760988577796,1.3535247,-0.17944166,-1.1513283
1760988577798,1.3535247,-0.17821993,-1.157437
1760988577800,1.3571899,-0.17959438,-1.161102
1760988577803,1.3584116,-0.18432859,-1.1672108
1760988577806,1.3582588,-0.19043724,-1.1696543
1760988577807,1.3631458,-0.1965459,-1.1707232
1760988577809,1.3642148,-0.2087632,-1.1707232
1760988577812,1.3665055,-0.22220223,-1.1693488
1760988577814,1.3738359,-0.23075435,-1.1681271
1760988577816,1.3775011,-0.23945917,-1.1644619
1760988577818,1.3810136,-0.25289822,-1.1630874
1760988577821,1.3895657,-0.26633725,-1.1569787
1760988577823,1.3956743,-0.27855456,-1.1508701
1760988577825,1.4040737,-0.2968805,-1.1433871
1760988577827,1.4114041,-0.31535918,-1.135904
1760988577830,1.422247,-0.33124167,-1.1322387
1760988577832,1.4295774,-0.34956762,-1.1210904
1760988577834,1.4393512,-0.36682457,-1.1136073
1760988577836,1.4514158,-0.3839288,-1.106277
1760988577839,1.4648548,-0.4036292,-1.0975721
1760988577841,1.4758505,-0.42088616,-1.0877982
1760988577844,1.4891367,-0.44165558,-1.0790935
1760988577846,1.5037975,-0.46013424,-1.0716103
1760988577848,1.5184582,-0.473726,-1.0618365
1760988577850,1.5294539,-0.4908302,-1.0531317
1760988577852,1.5453364,-0.5056437,-1.0458013
1760988577855,1.5563319,-0.516792,-1.0370965
1760988577857,1.5699236,-0.5279403,-1.0261009
1760988577859,1.5796975,-0.5401576,-1.016327
1760988577861,1.5894713,-0.5488624,-1.0112875
1760988577864,1.5968018,-0.5526803,-1.003957
1760988577866,1.6029104,-0.5539021,-0.9954049
1760988577868,1.6067283,-0.5563455,-0.98807454
1760988577870,1.6079501,-0.5589417,-0.9831876
1760988577873,1.6103935,-0.5626069,-0.977079
1760988577876,1.6077974,-0.5674938,-0.97341377
1760988577879,1.6065756,-0.5699373,-0.96852684
1760988577880,1.6016886,-0.57344973,-0.96593064
1760988577882,1.5980235,-0.5710063,-0.96486163
1760988577885,1.5917621,-0.572228,-0.9634872
1760988577886,1.5868752,-0.5757405,-0.9622655
1760988577889,1.5720617,-0.5768095,-0.9610438
1760988577891,1.5645787,-0.5804747,-0.9634872
1760988577894,1.5558738,-0.5839872,-0.96593064
1760988577896,1.542282,-0.5874997,-0.9671524
1760988577898,1.5311338,-0.5873469,-0.97203934
1760988577900,1.5163202,-0.5896377,-0.9779953
1760988577903,1.500285,-0.59559363,-0.9804387
1760988577905,1.483028,-0.59650993,-0.98654735
1760988577907,1.4682146,-0.59635717,-0.9950995
1760988577910,1.450805,-0.59742624,-0.9999864
1760988577912,1.433548,-0.59971696,-1.0073168
1760988577914,1.4114041,-0.59696805,-1.0158689
1760988577916,1.3939945,-0.5992588,-1.0242683
1760988577919,1.374294,-0.6001751,-1.0328205
1760988577921,1.3521502,-0.59757894,-1.0413725
1760988577924,1.3310753,-0.59238654,-1.048703
1760988577925,1.311375,-0.59223384,-1.057255
1760988577928,1.2880094,-0.589485,-1.0658071
1760988577930,1.2695307,-0.5856671,-1.075581
1760988577932,1.251052,-0.5804747,-1.0841331
1760988577935,1.2299771,-0.58032197,-1.0926852
1760988577937,1.2090551,-0.58001655,-1.1012373
1760988577939,1.1893547,-0.5749769,-1.1110111
1760988577941,1.1720977,-0.5674938,-1.1171198
1760988577944,1.1572843,-0.5636759,-1.1232284
1760988577946,1.14018,-0.55863625,-1.1294898
1760988577948,1.1192578,-0.5510005,-1.1355985
1760988577951,1.1007792,-0.54229563,-1.1368202
1760988577953,1.0848967,-0.5335908,-1.138042
1760988577956,1.070236,-0.52015173,-1.1369729
1760988577957,1.0493138,-0.50762904,-1.1381947
1760988577960,1.0346531,-0.49174652,-1.1357512
1760988577962,1.0152581,-0.47448957,-1.131017
1760988577964,0.9957104,-0.45478916,-1.1273518
1760988577966,0.9773844,-0.43157628,-1.1201742
1760988577968,0.9615019,-0.41554108,-1.1142182
1760988577971,0.9421069,-0.3933972,-1.1081096
1760988577974,0.92255926,-0.3726278,-1.096045
1760988577975,0.9080512,-0.35414913,-1.0838276
1760988577977,0.8885035,-0.33933565,-1.07665
1760988577980,0.8739954,-0.31978795,-1.0607675
1760988577982,0.8544478,-0.30268374,-1.0450377
1760988577985,0.839787,-0.2854268,-1.0291553
1760988577987,0.8228355,-0.27076602,-1.0134255
1760988577989,0.8045095,-0.25717425,-0.9975429
1760988577991,0.78984874,-0.24373524,-0.9779953
1760988577994,0.77396625,-0.22892176,-0.9610438
1760988577996,0.75579304,-0.21548271,-0.9427178
1760988577998,0.7386888,-0.20311269,-0.9219484
1760988578000,0.72402805,-0.19333886,-0.90484416
1760988578003,0.70814556,-0.183565,-0.88422745
1760988578005,0.68859786,-0.17730364,-0.86590147
1760988578007,0.67271537,-0.16737708,-0.84513205
1760988578010,0.65316767,-0.1563815,-0.82802784
1760988578011,0.63713247,-0.15134187,-0.80848014
1760988578014,0.6249151,-0.14645495,-0.79137594
1760988578016,0.6052147,-0.14508049,-0.7742717
1760988578019,0.590554,-0.14004086,-0.754724
1760988578021,0.5758932,-0.1375974,-0.73639804
1760988578023,0.5661194,-0.13622294,-0.7156286
1760988578025,0.5561928,-0.1386664,-0.6960809
1760988578028,0.54519725,-0.14355333,-0.6763805
1760988578030,0.5340489,-0.14584407,-0.6568329
1760988578032,0.52671856,-0.15561792,-0.6372852
1760988578034,0.5204572,-0.16783522,-0.6151413
1760988578037,0.5154176,-0.18234327,-0.59421915
1760988578039,0.50915617,-0.19456059,-0.57344973
1760988578041,0.505491,-0.20799962,-0.5500842
1760988578044,0.5004513,-0.22143865,-0.52687126
1760988578045,0.49296826,-0.2396119,-0.5010622
1760988578048,0.48181996,-0.2518292,-0.47647488
1760988578050,0.47555858,-0.26893342,-0.45188758
1760988578052,0.46929723,-0.2883284,-0.4250095
1760988578054,0.4605924,-0.30298916,-0.3979787
1760988578057,0.45433104,-0.31887165,-0.36972618
1760988578059,0.44318274,-0.33460143,-0.3390302
1760988578062,0.43325618,-0.3492622,-0.30848694
1760988578064,0.4196644,-0.36010507,-0.27779096
1760988578066,0.40973786,-0.37110063,-0.24846944
1760988578069,0.39736784,-0.3857614,-0.21655174
1760988578071,0.3837761,-0.39538252,-0.18219055
1760988578073,0.3727805,-0.40393466,-0.1516473
1760988578076,0.3567453,-0.4184427,-0.118507855
1760988578078,0.34193182,-0.4268421,-0.087964594
1760988578079,0.32589662,-0.4353942,-0.05971208
1760988578082,0.30970868,-0.44868052,-0.03145956
1760988578086,0.29626966,-0.45830166,-0.0033597588
1760988578087,0.2790127,-0.46318856,0.024892759
1760988578089,0.26419923,-0.4728097,0.05177083
1760988578090,0.24572055,-0.47998735,0.077579886
1760988578094,0.23090707,-0.48609602,0.1020145
1760988578095,0.21365012,-0.48838675,0.12644911
1760988578098,0.19761491,-0.49189925,0.14737125
1760988578100,0.18661933,-0.4992296,0.17058411
1760988578103,0.17180584,-0.4990769,0.18891008
1760988578104,0.15836681,-0.4989242,0.20234911
1760988578106,0.14355333,-0.49648073,0.22067507
1760988578109,0.13622294,-0.49281552,0.23533584
1760988578111,0.12522738,-0.4914411,0.24755314
1760988578115,0.116675265,-0.48533243,0.257327
1760988578116,0.1020145,-0.4802928,0.26465738
1760988578119,0.09590584,-0.4717407,0.27320948
1760988578121,0.08368854,-0.46563202,0.27687466
1760988578123,0.07513642,-0.45204028,0.28160888
1760988578125,0.065515295,-0.4373795,0.28527406
1760988578127,0.058184914,-0.4288274,0.28893927
1760988578130,0.04352415,-0.41645738,0.29367346
1760988578132,0.033750303,-0.4005749,0.2948952
1760988578134,0.019242255,-0.38331795,0.2959642
1760988578137,0.0070249503,-0.36865717,0.2959642
1760988578139,-0.005192355,-0.35155296,0.29947668
1760988578141,-0.020922136,-0.33429602,0.3031419
1760988578143,-0.03680463,-0.3145956,0.3042109
1760988578146,-0.052687127,-0.29749137,0.30665436
1760988578148,-0.07223482,-0.27779096,0.3089451
1760988578150,-0.09162979,-0.25809056,0.31245756
1760988578153,-0.10873401,-0.23350324,0.31490102
1760988578155,-0.1282817,-0.21395555,0.31963524
1760988578157,-0.14905111,-0.1966986,0.32574388
1760988578159,-0.16600263,-0.17821993,0.3304781
1760988578162,-0.18799378,-0.160963,0.3390302
1760988578164,-0.21120666,-0.14248432,0.3462079
1760988578166,-0.23564127,-0.12156218,0.35338554
1760988578169,-0.25518894,-0.10430524,0.36071593
1760988578170,-0.2759584,-0.089491755,0.3680463
1760988578173,-0.2967278,-0.07238753,0.37766743
1760988578175,-0.31764993,-0.061239243,0.3849978
1760988578178,-0.33841935,-0.05375614,0.39477167
1760988578180,-0.35934147,-0.04627304,0.40454552
1760988578182,-0.3764457,-0.038789943,0.4118759
1760988578184,-0.40103304,-0.03359759,0.41920626
1760988578186,-0.41829,-0.033444874,0.4277584
1760988578189,-0.43676865,-0.032070424,0.43386704
1760988578191,-0.45280385,-0.028252518,0.4436409
1760988578193,-0.47128254,-0.03176499,0.452193
1760988578195,-0.4885395,-0.0364992,0.46074513
1760988578198,-0.50701815,-0.042455133,0.46578476
1760988578199,-0.52320606,-0.04841107,0.47067168
1760988578202,-0.54290646,-0.05787948,0.47815478
1760988578205,-0.56031615,-0.06383542,0.48548517
1760988578207,-0.58001655,-0.069791354,0.48915035
1760988578209,-0.59971696,-0.07452556,0.49541172
1760988578212,-0.61590487,-0.0804815,0.5002986
1760988578214,-0.63438356,-0.08017606,0.50762904
1760988578216,-0.6516405,-0.07880162,0.5112942
1760988578219,-0.66630125,-0.076358154,0.5161811
1760988578221,-0.679893,-0.07498371,0.5222898
1760988578223,-0.68844515,-0.0711658,0.5271767
1760988578225,-0.6957755,-0.06505715,0.5345071
1760988578227,-0.7067711,-0.057726767,0.54183745
1760988578229,-0.711658,-0.054061573,0.5516113
1760988578231,-0.712727,-0.04550946,0.56382865
1760988578234,-0.7125743,-0.03940081,0.572228
1760988578236,-0.7087564,-0.032223143,0.5832236
1760988578239,-0.7099781,-0.02977968,0.5991061
1760988578241,-0.7049385,-0.022602014,0.61621034
1760988578244,-0.70112056,-0.0154243475,0.62964934
1760988578245,-0.6948592,-0.011911872,0.6429357
1760988578248,-0.6899723,-0.011911872,0.6588182
1760988578249,-0.6898196,-0.008399397,0.67103547
1760988578252,-0.68737614,-0.0071776668,0.68325275
1760988578254,-0.68859786,-0.0096211275,0.69806623
1760988578256,-0.6908886,-0.008399397,0.7115053
1760988578258,-0.698219,-0.0071776668,0.72616607
1760988578260,-0.70554936,-0.005955936,0.7432703
1760988578263,-0.7154759,-0.0106901415,0.75793105
1760988578265,-0.7266242,-0.0143553335,0.77503526
1760988578267,-0.7451029,-0.016646078,0.79091775
1760988578269,-0.7622071,-0.01282817,0.80557853
1760988578272,-0.784351,-0.013897184,0.8228355
1760988578274,-0.8052731,-0.010079277,0.8362745
1760988578276,-0.82986045,-0.012370021,0.852157
1760988578279,-0.8520043,-0.013286319,0.8680395
1760988578281,-0.8790351,-0.009468411,0.88025683
1760988578283,-0.9074403,-0.005497787,0.89369583
1760988578286,-0.93447113,-0.00290161,0.9060659
1760988578288,-0.95905846,-0.0015271631,0.91828316
1760988578290,-0.9848675,0.0012217305,0.9305005
1760988578293,-1.0118983,0.0050396384,0.9427178
1760988578295,-1.0340421,0.0053450707,0.9549351
1760988578297,-1.0549643,0.0067195175,0.9634872
1760988578299,-1.0746647,0.004428773,0.9757045
1760988578301,-1.0931433,0.0070249503,0.98807454
1760988578304,-1.1091785,0.0071776668,0.9966267
1760988578306,-1.1213958,0.0071776668,1.0076222
1760988578308,-1.125061,0.0071776668,1.0198395
1760988578311,-1.1337659,0.0,1.0308352
1760988578313,-1.1349876,-0.002443461,1.040609
1760988578315,-1.141249,-0.008552114,1.0517572
1760988578318,-1.1424707,-0.012217305,1.0603093
1760988578320,-1.1375839,-0.021991149,1.0700831
1760988578322,-1.1351403,-0.030543262,1.0800097
1760988578324,-1.1290317,-0.041691553,1.0873401
1760988578326,-1.1242975,-0.05513059,1.0922271
1760988578328,-1.1169671,-0.06734789,1.1021537
1760988578331,-1.108415,-0.07849618,1.1107057
1760988578334,-1.1024591,-0.09193522,1.1194105
1760988578336,-1.0939069,-0.10781772,1.1230757
1760988578338,-1.0865766,-0.12140947,1.1268936
1760988578340,-1.0793989,-0.1385137,1.1305588
1760988578342,-1.0734429,-0.15317446,1.1307116
1760988578344,-1.0673343,-0.16661349,1.1319333
1760988578347,-1.0638218,-0.1788308,1.1308643
1760988578350,-1.0589349,-0.19349156,1.1284208
1760988578351,-1.052979,-0.20815234,1.1261301
1760988578354,-1.0506883,-0.21792617,1.1200215
1760988578356,-1.0482447,-0.22892176,1.1139128
1760988578358,-1.045954,-0.23732115,1.1042917
1760988578360,-1.0435106,-0.24220806,1.0945178
1760988578363,-1.0461067,-0.24953845,1.0835222
1760988578365,-1.0474812,-0.2518292,1.0713049
1760988578368,-1.048703,-0.24572055,1.0554224
1760988578369,-1.0462594,-0.24449882,1.0383182
1760988578373,-1.0474812,-0.23945917,1.0198395
1760988578375,-1.0485502,-0.22479841,1.0015136
1760988578376,-1.0485502,-0.2125811,0.9805914
1760988578379,-1.0496192,-0.19547687,0.9586003
1760988578381,-1.0483974,-0.17715092,0.93401295
1760988578384,-1.0494665,-0.15393804,0.9082039
1760988578386,-1.0491611,-0.12705997,0.88117313
1760988578388,-1.05023,-0.09896017,0.8553641
1760988578390,-1.0512991,-0.06841691,0.8257371
1760988578393,-1.0546589,-0.037873644,0.7974846
1760988578395,-1.0557278,0.0,0.7655669
1760988578397,-1.0554224,0.036651913,0.73838335
1760988578399,-1.0563387,0.07070765,0.7113526
1760988578402,-1.0596985,0.1085813,0.68676525
1760988578404,-1.0581713,0.14645495,0.66446865
1760988578406,-1.0578659,0.18188512,0.6435465
1760988578408,-1.0575604,0.2171626,0.6236934
1760988578411,-1.057255,0.25381452,0.6088799
1760988578413,-1.050841,0.28420505,0.59528816
1760988578415,-1.0444268,0.3145956,0.5841399
1760988578418,-1.0392345,0.3474296,0.5777258
1760988578419,-1.0340421,0.3717115,0.5653558
1760988578422,-1.0312933,0.39492437,0.56046885
1760988578424,-1.0238101,0.41554108,0.5578727
1760988578426,-1.0161743,0.43493605,0.5564982
1760988578428,-1.009913,0.44822237,0.5539021
1760988578431,-1.0048733,0.45677447,0.5539021
1760988578434,-0.9973902,0.4615087,0.5563455
1760988578436,-0.9923506,0.46883908,0.5551238
1760988578438,-0.99112886,0.46883908,0.55756724
1760988578440,-0.98868537,0.4662429,0.55756724
1760988578443,-0.98624194,0.4625777,0.55756724
1760988578445,-0.9851729,0.4552473,0.55756724
1760988578447,-0.9851729,0.4456262,0.55756724
1760988578449,-0.98654735,0.43463063,0.55771995
1760988578452,-0.99036527,0.4213443,0.5540548
1760988578454,-0.9990701,0.41279218,0.551764
1760988578456,-1.0042624,0.39828414,0.54565537
1760988578459,-1.014189,0.38744128,0.5384777
1760988578461,-1.0216721,0.37904188,0.5299256
1760988578463,-1.0341948,0.37064248,0.51893
1760988578464,-1.0453432,0.3622431,0.50686544
1760988578467,-1.0615311,0.35888332,0.49586987
1760988578470,-1.0763446,0.35537085,0.47998735
1760988578472,-1.0925325,0.35323283,0.46043968
1760988578474,-1.1073459,0.35460728,0.44333544
1760988578476,-1.1284208,0.35613444,0.42256603
1760988578479,-1.1481212,0.3623958,0.40424007
1760988578481,-1.1665999,0.37003163,0.38224894
1760988578483,-1.1863003,0.37751472,0.36147952
1760988578485,-1.2060007,0.38637227,0.34055737
1760988578488,-1.2269229,0.399964,0.3173445
1760988578490,-1.248914,0.41493022,0.29642236
1760988578493,-1.2673926,0.43218717,0.2744312
1760988578495,-1.2881621,0.45081854,0.25350907
1760988578497,-1.3041973,0.46807548,0.2302962
1760988578499,-1.3213016,0.48899764,0.20693061
1760988578501,-1.3384057,0.50991976,0.18600847
1760988578504,-1.3530666,0.5308419,0.16630806
1760988578506,-1.3651311,0.551764,0.14920384
1760988578508,-1.3773484,0.5737552,0.13439035
1760988578510,-1.3845261,0.5946773,0.11835514
1760988578513,-1.3967434,0.61911196,0.10354166
1760988578515,-1.4026994,0.64599,0.0936151
1760988578517,-1.4085026,0.67164636,0.084910266
1760988578519,-1.4144585,0.6973027,0.07498371
1760988578521,-1.4143058,0.71929383,0.06887506
1760988578524,-1.4141531,0.7425067,0.061391957
1760988578526,-1.4162911,0.76923203,0.05513059
1760988578529,-1.4149166,0.79000145,0.05131268
1760988578531,-1.4072808,0.8142834,0.047494773
1760988578533,-1.4020884,0.8349001,0.043676864
1760988578536,-1.3920091,0.8555168,0.04352415
1760988578538,-1.3843733,0.8749117,0.04230242
1760988578540,-1.3756685,0.893085,0.04337143
1760988578543,-1.3631458,0.9137017,0.04444045
1760988578545,-1.350623,0.9294315,0.04795292
1760988578547,-1.3381003,0.9425651,0.051618114
1760988578549,-1.3219124,0.9558514,0.05513059
1760988578552,-1.3045027,0.9654725,0.05879578
1760988578554,-1.290911,0.9786061,0.064751714
1760988578556,-1.2673926,0.98440933,0.06841691
1760988578558,-1.2512047,0.991587,0.07452556
1760988578561,-1.2351695,0.9963212,0.0804815
1760988578562,-1.2153164,1.0021244,0.08659015
1760988578565,-1.195616,1.0019717,0.0926988
1760988578567,-1.178359,1.0005972,0.100029185
1760988578570,-1.1597277,1.0015136,0.107359566
1760988578571,-1.1436925,0.9989174,0.114689946
1760988578574,-1.1276573,0.9987647,0.122020334
1760988578576,-1.1142182,0.9961685,0.12812899
1760988578579,-1.1042917,0.98868537,0.1330159
1760988578580,-1.0870347,0.98364574,0.14034629
1760988578582,-1.0760391,0.9798279,0.14767668
1760988578585,-1.072374,0.9786061,0.15134187
1760988578588,-1.0636691,0.97234476,0.15622878
1760988578590,-1.0577132,0.9637926,0.16126843
1760988578592,-1.0516045,0.95524055,0.16493362
1760988578594,-1.0503827,0.9466884,0.16615535
1760988578597,-1.048092,0.93569285,0.16997325
1760988578599,-1.0456486,0.9283624,0.17241672
1760988578601,-1.0494665,0.91858864,0.17486018
1760988578603,-1.0506883,0.91247994,0.17486018
1760988578606,-1.0520626,0.90285885,0.17501289
1760988578608,-1.0546589,0.89552844,0.17379116
1760988578610,-1.0558805,0.8906415,0.17256944
1760988578614,-1.0633637,0.8761335,0.17150041
1760988578615,-1.0709995,0.86651236,0.16905695
1760988578617,-1.0746647,0.85918194,0.16539176
1760988578619,-1.0810788,0.84711736,0.15943582
1760988578621,-1.0885619,0.8362745,0.15454891
1760988578624,-1.0923798,0.82909685,0.14737125
1760988578626,-1.0998629,0.82543164,0.14370605
1760988578628,-1.103528,0.8219192,0.14126259
1760988578630,-1.1061243,0.81092364,0.1339322
1760988578632,-1.1123856,0.8049677,0.13164146
1760988578635,-1.1149818,0.79641557,0.1255328
1760988578637,-1.1198688,0.7965683,0.12064589
1760988578639,-1.118647,0.79412484,0.11453723
1760988578642,-1.1224649,0.79168135,0.10842858
1760988578644,-1.1236867,0.7867944,0.102319926
1760988578646,-1.1200215,0.7867944,0.09132435
1760988578648,-1.1175779,0.78801614,0.086437434
1760988578650,-1.1114693,0.7855727,0.07666359
1760988578653,-1.1078042,0.79290307,0.06566802
1760988578656,-1.1027645,0.79534656,0.058337633
1760988578657,-1.0978775,0.79534656,0.049785517
1760988578660,-1.0893254,0.7976373,0.041080687
1760988578662,-1.0844386,0.798859,0.033750303
1760988578664,-1.0757337,0.8011498,0.025198191
1760988578666,-1.0671816,0.799928,0.01786781
1760988578669,-1.0596985,0.8023715,0.012980887
1760988578671,-1.0548116,0.8034405,0.008093964
1760988578673,-1.048703,0.8009971,0.0056505036
1760988578676,-1.043816,0.79611015,0.0056505036
1760988578678,-1.0401508,0.79366666,0.006872234
1760988578681,-1.0375546,0.79351395,0.010537425
1760988578683,-1.0377073,0.78984874,0.014202617
1760988578685,-1.0377073,0.788627,0.021533
1760988578687,-1.0401508,0.7825184,0.027794369
1760988578689,-1.0464121,0.77778417,0.03756821
1760988578691,-1.056186,0.76923203,0.04734206
1760988578694,-1.0624474,0.76083267,0.06093381
1760988578697,-1.0687088,0.75228053,0.076816306
1760988578698,-1.0749701,0.73532903,0.09285152
1760988578700,-1.0861185,0.7267769,0.10995574
1760988578703,-1.0948232,0.7122689,0.12843442
1760988578705,-1.103528,0.6976081,0.14813483
1760988578708,-1.1122329,0.68432176,0.16890424
1760988578710,-1.1209377,0.67088276,0.18860464
1760988578712,-1.1259774,0.6574437,0.20815234
1760988578714,-1.1334605,0.6441574,0.22907446
1760988578716,-1.1348349,0.6258314,0.24877487
1760988578719,-1.1372783,0.6123924,0.27198774
1760988578722,-1.1398746,0.59528816,0.29168814
1760988578724,-1.1386528,0.5830709,0.3126103
1760988578727,-1.1363621,0.5694791,0.33460143
1760988578729,-1.1339186,0.56092703,0.3578143
1760988578730,-1.1302534,0.5535966,0.37873647
1760988578732,-1.1239921,0.54367006,0.39950588
1760988578735,-1.1191051,0.5337435,0.41920626
1760988578737,-1.110553,0.52519137,0.44119743
1760988578739,-1.1032226,0.51893,0.45830166
1760988578743,-1.0945178,0.5175556,0.47540587
1760988578744,-1.0858129,0.5161811,0.49128836
1760988578747,-1.0722213,0.5172501,0.50961435
1760988578749,-1.061073,0.51343226,0.52183163
1760988578751,-1.048703,0.5132795,0.5364924
1760988578753,-1.0375546,0.5119051,0.5511532
1760988578754,-1.0215194,0.51175237,0.56337047
1760988578758,-1.0091494,0.5163339,0.57436603
1760988578759,-0.99296147,0.52106804,0.58169645
1760988578761,-0.9757045,0.52824575,0.5900958
1760988578764,-0.9631818,0.5342017,0.593761
1760988578766,-0.95081174,0.5412266,0.60231316
1760988578768,-0.9334021,0.5520695,0.6082691
1760988578770,-0.9147707,0.5627596,0.61193424
1760988578773,-0.90484416,0.57604593,0.61422503
1760988578775,-0.8935431,0.5856671,0.61911196
1760988578777,-0.88117313,0.59650993,0.6214027
1760988578780,-0.8686504,0.6097962,0.6226244
1760988578782,-0.862389,0.6218608,0.6224717
1760988578784,-0.8524625,0.63514715,0.6261369
1760988578786,-0.8436049,0.65087694,0.6247624
1760988578788,-0.8410087,0.66431594,0.622319
1760988578791,-0.8333729,0.6824892,0.6209445
1760988578793,-0.82711154,0.6969972,0.6195701
1760988578796,-0.82451534,0.7104363,0.61712664
1760988578798,-0.8268061,0.72509706,0.61208695
1760988578800,-0.82543164,0.73975784,0.6096435
1760988578802,-0.8266534,0.75426584,0.6082691
1760988578805,-0.82772243,0.7677049,0.6033822
1760988578807,-0.82756966,0.7860308,0.59956425
1760988578809,-0.82986045,0.8019133,0.59696805
1760988578812,-0.82970774,0.8165741,0.5896377
1760988578814,-0.83459467,0.82879144,0.58459806
1760988578816,-0.8368854,0.8373435,0.5833763
1760988578818,-0.8381071,0.8483391,0.57848936
1760988578821,-0.8391761,0.8605564,0.5746715
1760988578823,-0.8378017,0.8713993,0.572228
1760988578825,-0.83658,0.87872964,0.5673411
1760988578827,-0.83276206,0.8848383,0.5635232
1760988578830,-0.8315403,0.890947,0.559858
1760988578832,-0.82527894,0.89812464,0.5549711
1760988578834,-0.8153524,0.90301156,0.5511532
1760988578836,-0.8043568,0.90041536,0.547488
1760988578839,-0.78954333,0.89904094,0.54260105
1760988578841,-0.7722864,0.89888823,0.53893584
1760988578843,-0.7538077,0.8950703,0.5340489
1760988578845,-0.7318166,0.88514376,0.5305365
1760988578848,-0.7096727,0.87888235,0.52442783
1760988578850,-0.6814202,0.8700248,0.5170974
1760988578852,-0.65316767,0.8587238,0.5122105
1760988578854,-0.6236934,0.84635377,0.50732356
1760988578857,-0.59299743,0.8338311,0.50243664
1760988578859,-0.5647449,0.8226828,0.49770245
1760988578861,-0.5279403,0.8089383,0.49037206
1760988578863,-0.49480084,0.7976373,0.48792863
1760988578866,-0.46288314,0.7851145,0.48426342
1760988578868,-0.4297437,0.77625704,0.48059824
1760988578870,-0.4014912,0.7637343,0.4783075
1760988578872,-0.36957347,0.75136423,0.4746423
1760988578875,-0.3352123,0.73639804,0.4709771
1760988578877,-0.30573806,0.72509706,0.46975538
1760988578879,-0.27748555,0.7125743,0.46379945
1760988578881,-0.25289822,0.70386946,0.46135598
1760988578884,-0.22708915,0.6939429,0.46013424
1760988578886,-0.20616703,0.68875057,0.45891252
1760988578888,-0.18661933,0.6824892,0.45646906
1760988578891,-0.16691893,0.6737844,0.4540256
1760988578893,-0.14966199,0.66752297,0.45158213
1760988578895,-0.13255776,0.66248333,0.44913867
1760988578898,-0.11652254,0.6586655,0.45158213
1760988578900,-0.10430524,0.65133506,0.44929138
1760988578902,-0.09208794,0.6426302,0.45051312
1760988578904,-0.082161374,0.6400341,0.45051312
1760988578907,-0.07360926,0.63148195,0.45173484
1760988578909,-0.06505715,0.627664,0.45173484
1760988578911,-0.058948494,0.6215554,0.4529566
1760988578914,-0.050396383,0.6178902,0.45066583
1760988578916,-0.04550946,0.61285055,0.45066583
1760988578918,-0.04184427,0.6067419,0.45188758
1760988578920,-0.03940081,0.60063326,0.44944412
1760988578922,-0.035888333,0.59330285,0.44822237
1760988578925,-0.033292156,0.5908594,0.45066583
1760988578927,-0.02977968,0.58108556,0.44715336
1760988578929,-0.02733622,0.5737552,0.4447099
1760988578931,-0.018784106,0.5652031,0.44348818
1760988578934,-0.016493361,0.5554292,0.4436409
1760988578936,-0.01038471,0.54565537,0.44119743
1760988578938,-0.0067195175,0.5395467,0.44241914
1760988578941,-7.6358154E-4,0.52839845,0.44241914
1760988578943,0.0053450707,0.5186246,0.44135013
1760988578945,0.011301007,0.50640726,0.44135013
1760988578947,0.01863139,0.49663344,0.44150287
1760988578949,0.029626964,0.48792863,0.44150287
1760988578952,0.034513887,0.47326785,0.44028112
1760988578955,0.042913284,0.45982882,0.4428773
1760988578957,0.051465396,0.44883323,0.44532076
1760988578959,0.056352317,0.43295074,0.44913867
1760988578962,0.062308256,0.41691554,0.45280385
1760988578964,0.068264194,0.40225476,0.45906523
1760988578966,0.07437284,0.3839288,0.4615087
1760988578968,0.079107046,0.3680463,0.46654832
1760988578970,0.087659165,0.35460728,0.47021353
1760988578973,0.0936151,0.33505958,0.47403142
1760988578975,0.1020145,0.31902438,0.47540587
1760988578977,0.108123146,0.3031419,0.47662762
1760988578980,0.11530081,0.28725937,0.47800204
1760988578982,0.12629639,0.27382034,0.47678033
1760988578984,0.12980886,0.2640465,0.47311515
1760988578986,0.1432479,0.24923302,0.46838093
1760988578989,0.15302174,0.23579398,0.463494
1760988578991,0.16401732,0.22724187,0.4549419
1760988578993,0.17363845,0.21853705,0.44409904
1760988578995,0.18707748,0.20998493,0.43310347
1760988578998,0.19929479,0.20387627,0.41722095
1760988579000,0.2078469,0.20005837,0.40133846
1760988579002,0.22006421,0.19394971,0.38423425
1760988579004,0.22983804,0.18906279,0.3622431
1760988579007,0.2396119,0.18784106,0.34025195
1760988579009,0.2507602,0.19013181,0.31581733
1760988579011,0.26419923,0.19257528,0.28771752
1760988579014,0.2751948,0.19135354,0.26068676
1760988579016,0.28252518,0.19257528,0.23014349
1760988579018,0.28985557,0.19379699,0.19960022
1760988579020,0.2996294,0.19746219,0.16417004
1760988579023,0.30818152,0.19868392,0.12614368
1760988579024,0.310625,0.20372356,0.089491755
1760988579027,0.31673363,0.20738874,0.04917465
1760988579029,0.31902438,0.20738874,0.010079277
1760988579032,0.3213151,0.21120666,-0.029168816
1760988579034,0.3287982,0.21731532,-0.068264194
1760988579036,0.3286455,0.21991149,-0.11346822
1760988579039,0.3284928,0.21517728,-0.15500705
1760988579041,0.32834008,0.21166481,-0.19532417
1760988579043,0.32818735,0.20937407,-0.23808473
1760988579045,0.3266602,0.20586158,-0.28084528
1760988579048,0.32895094,0.19746219,-0.32360587
1760988579050,0.3239113,0.19272798,-0.36636642
1760988579052,0.32742378,0.18432859,-0.40546182
1760988579054,0.32345316,0.17959438,-0.44700065
1760988579057,0.32574388,0.16875152,-0.48609602
1760988579059,0.33169982,0.1553125,-0.52626044
1760988579061,0.32650748,0.1421789,-0.56291234
1760988579063,0.32742378,0.124005646,-0.60063326
1760988579066,0.32834008,0.105832405,-0.63239825
1760988579068,0.33169982,0.088728175,-0.66645396
1760988579070,0.33643404,0.07422013,-0.6994407
1760988579072,0.34238997,0.057268616,-0.7273878
1760988579075,0.3483459,0.04627304,-0.7554876
1760988579076,0.3567453,0.03772093,-0.7811439
1760988579079,0.36147952,0.02687807,-0.80680025
1760988579082,0.3736968,0.01695151,-0.83001316
1760988579084,0.38591412,0.0071776668,-0.8555168
1760988579086,0.39920044,-0.0013744468,-0.8775079
1760988579088,0.41386122,-0.016035212,-0.89827734
1760988579091,0.43096542,-0.024740042,-0.91782504
1760988579093,0.44806966,-0.033292156,-0.93370754
1760988579095,0.46517387,-0.039553523,-0.9482156
1760988579098,0.48365256,-0.047036625,-0.9616546
1760988579099,0.50823987,-0.055741455,-0.97387195
1760988579102,0.52412236,-0.058337633,-0.98364574
1760988579104,0.54626626,-0.06093381,-0.9934196
1760988579107,0.5708536,-0.06734789,-0.9995282
1760988579109,0.5917757,-0.07238753,-1.0080804
1760988579111,0.6102544,-0.072540246,-1.014189
1760988579113,0.63361996,-0.07880162,-1.0239629
1760988579116,0.65576386,-0.07666359,-1.026559
1760988579118,0.6791294,-0.07803804,-1.0338894
1760988579120,0.6976081,-0.07819075,-1.0375546
1760988579122,0.72112644,-0.07849618,-1.039998
1760988579125,0.74204856,-0.07376198,-1.0436633
1760988579127,0.7641924,-0.077579886,-1.0461067
1760988579129,0.7826711,-0.07422013,-1.048703
1760988579132,0.8061894,-0.07315111,-1.052368
1760988579134,0.8258898,-0.07452556,-1.057255
1760988579136,0.84436846,-0.07238753,-1.0584768
1760988579138,0.8677341,-0.07620544,-1.0621419
1760988579141,0.8874345,-0.07391469,-1.0670289
1760988579143,0.9072876,-0.071776666,-1.069625
1760988579146,0.9243918,-0.075594574,-1.0732902
1760988579147,0.9466884,-0.07574729,-1.0757337
1760988579150,0.9625709,-0.08078693,-1.0818423
1760988579152,0.9810496,-0.083383106,-1.0855075
1760988579154,0.9995282,-0.087201014,-1.0916162
1760988579156,1.0180069,-0.09101892,-1.0965031
1760988579159,1.0363328,-0.09483683,-1.1026118
1760988579161,1.0535898,-0.101098195,-1.1099422
1760988579163,1.0682507,-0.107359566,-1.1172725
1760988579165,1.087951,-0.11362094,-1.1244502
1760988579168,1.1087204,-0.12110403,-1.134224
1760988579170,1.1259774,-0.13103059,-1.1403327
1760988579172,1.1418599,-0.13347405,-1.1464413
1760988579175,1.1603385,-0.14340061,-1.1549934
1760988579177,1.176221,-0.15577064,-1.1623238
1760988579179,1.1921035,-0.1656972,-1.171945
1760988579182,1.2104294,-0.1742493,-1.1817188
1760988579184,1.2250903,-0.18784106,-1.1914927
1760988579186,1.2421945,-0.1965459,-1.2012665
1760988579188,1.2606732,-0.20280726,-1.2098186
1760988579191,1.2739595,-0.21502456,-1.218218
1760988579193,1.2873985,-0.22617286,-1.2279918
1760988579195,1.3008375,-0.23716843,-1.2377657
1760988579197,1.31672,-0.24587326,-1.2450961
1760988579200,1.3301591,-0.2556471,-1.2547172
1760988579202,1.3400856,-0.259465,-1.2644911
1760988579204,1.3523029,-0.2667954,-1.2730432
1760988579207,1.3620768,-0.2753475,-1.2815952
1760988579209,1.3655893,-0.28145617,-1.287704
1760988579211,1.3692545,-0.2875648,-1.2962561
1760988579214,1.3729197,-0.29367346,-1.302212
1760988579215,1.3778065,-0.2938262,-1.3095424
1760988579218,1.3739886,-0.29733866,-1.315651
1760988579220,1.372767,-0.29856038,-1.3168727
1760988579223,1.3715452,-0.29978213,-1.3180945
1760988579225,1.3677273,-0.30085114,-1.3229814
1760988579227,1.3616186,-0.3032946,-1.3266466
1760988579229,1.3541355,-0.3080288,-1.3278683
1760988579231,1.3454307,-0.3080288,-1.3266466
1760988579234,1.3405437,-0.31031954,-1.32909
1760988579236,1.3281738,-0.31505376,-1.3326025
1760988579238,1.3158038,-0.31856623,-1.3350459
1760988579240,1.3083206,-0.32345316,-1.3326025
1760988579243,1.2983941,-0.32818735,-1.3350459
1760988579246,1.2872458,-0.33292156,-1.3373368
1760988579248,1.2748758,-0.3352123,-1.3385584
1760988579249,1.2637274,-0.34116822,-1.3385584
1760988579252,1.2525792,-0.34590244,-1.341002
1760988579254,1.2377657,-0.34697145,-1.3446671
1760988579256,1.2253957,-0.3492622,-1.3494014
1760988579258,1.2118039,-0.35277468,-1.350623
1760988579260,1.2018774,-0.35521814,-1.35551
1760988579262,1.190729,-0.35628715,-1.3579534
1760988579265,1.1785117,-0.3549127,-1.3628404
1760988579267,1.1624765,-0.35231653,-1.3677273
1760988579270,1.1501065,-0.35216382,-1.3750577
1760988579272,1.1389582,-0.3483459,-1.3836098
1760988579274,1.1253664,-0.34574974,-1.3897184
1760988579276,1.1155926,-0.34193182,-1.3970488
1760988579278,1.1044444,-0.3381139,-1.4068227
1760988579280,1.0922271,-0.33444872,-1.4141531
1760988579283,1.0835222,-0.3306308,-1.4251486
1760988579285,1.0737484,-0.3268129,-1.4362969
1760988579287,1.0626001,-0.3266602,-1.4460708
1760988579289,1.0538952,-0.32284227,-1.4546229
1760988579292,1.0441214,-0.32284227,-1.4656185
1760988579294,1.0341948,-0.31780264,-1.476614
1760988579297,1.0206031,-0.31764993,-1.4876096
1760988579298,1.0083858,-0.31138855,-1.4961617
1760988579301,0.9972375,-0.30879238,-1.5047138
1760988579303,0.9775371,-0.30375275,-1.5120442
1760988579306,0.9602802,-0.3022256,-1.5193746
1760988579308,0.944245,-0.2959642,-1.5254833
1760988579310,0.9245446,-0.28970283,-1.5267049
1760988579312,0.9049969,-0.28099802,-1.5303701
1760988579314,0.88163126,-0.27107146,-1.5317446
1760988579317,0.8594874,-0.26343563,-1.5329664
1760988579319,0.8361218,-0.258396,-1.5317446
1760988579322,0.8078693,-0.2507602,-1.5305228
1760988579324,0.7808385,-0.24083363,-1.5280794
1760988579326,0.7538077,-0.22953261,-1.5231925
1760988579329,0.7255552,-0.21471913,-1.5209018
1760988579331,0.6986771,-0.20341812,-1.5135714
1760988579333,0.6704246,-0.1910481,-1.5086844
1760988579335,0.6433938,-0.1797471,-1.5013541
1760988579338,0.61758476,-0.1685988,-1.491733
1760988579340,0.5907067,-0.15867224,-1.4819591
1760988579342,0.5661194,-0.1498147,-1.4758505
1760988579345,0.5403103,-0.13988814,-1.4636332
1760988579347,0.5170974,-0.12996158,-1.4538593
1760988579349,0.4925101,-0.12232576,-1.4440855
1760988579351,0.4729624,-0.11255192,-1.4318681
1760988579354,0.4558582,-0.1001819,-1.4198035
1760988579356,0.4373795,-0.09025534,-1.408808
1760988579360,0.42149702,-0.08170322,-1.3953689
1760988579361,0.408058,-0.07666359,-1.3855951
1760988579363,0.3933972,-0.07162395,-1.3697126
1760988579365,0.38240165,-0.065515295,-1.358717
1760988579367,0.37140608,-0.060628377,-1.3428345
1760988579370,0.36285394,-0.054519724,-1.3271047
1760988579372,0.35430184,-0.050701816,-1.3148874
1760988579374,0.35063666,-0.048258353,-1.2977833
1760988579376,0.3481932,-0.04718934,-1.2819008
1760988579379,0.34330627,-0.04596761,-1.2647965
1760988579381,0.34101552,-0.044745877,-1.2450961
1760988579383,0.34101552,-0.04718934,-1.2267702
1760988579385,0.34101552,-0.04734206,-1.2084441
1760988579387,0.34101552,-0.05222898,-1.1888965
1760988579390,0.3436117,-0.05589417,-1.1669053
1760988579392,0.34238997,-0.06093381,-1.1485794
1760988579395,0.3436117,-0.06582073,-1.128879
1760988579396,0.34605515,-0.07070765,-1.1068878
1760988579399,0.34605515,-0.07696902,-1.0848967
1760988579401,0.3436117,-0.081855945,-1.0641272
1760988579403,0.3436117,-0.09040806,-1.0407617
1760988579406,0.34483343,-0.100334615,-1.0151054
1760988579408,0.34116822,-0.107665,-0.990518
1760988579410,0.33490688,-0.1160644,-0.9660834
1760988579413,0.3287982,-0.12217305,-0.9392053
1760988579415,0.32268956,-0.13194689,-0.9109528
1760988579417,0.312763,-0.14172074,-0.88407475
1760988579420,0.30283645,-0.14905111,-0.8558222
1760988579422,0.29184088,-0.15393804,-0.82650065
1760988579425,0.27214047,-0.16233744,-0.7958047
1760988579426,0.26358834,-0.16722436,-0.7652614
1760988579429,0.24755314,-0.17440203,-0.73456544
1760988579431,0.23396139,-0.17928895,-0.70280045
1760988579433,0.2180789,-0.18035796,-0.6722572
1760988579435,0.20082195,-0.1863139,-0.63789606
1760988579438,0.18493946,-0.18753563,-0.6049093
1760988579440,0.16646078,-0.1910481,-0.5707009
1760988579442,0.15057829,-0.1947133,-0.5363397
1760988579444,0.13576481,-0.19593503,-0.50335294
1760988579447,0.11866058,-0.1957823,-0.47036624
1760988579448,0.10140363,-0.19807306,-0.43860126
1760988579451,0.08307768,-0.1956296,-0.40301836
1760988579454,0.06582073,-0.20158553,-0.3736968
1760988579455,0.051159963,-0.20158553,-0.3407101
1760988579458,0.03634648,-0.20525073,-0.30879238
1760988579460,0.022907447,-0.205098,-0.27947086
1760988579463,0.009468411,-0.20631973,-0.25137106
1760988579465,0.0021380284,-0.20631973,-0.22327125
1760988579467,-0.010079277,-0.2087632,-0.19761491
1760988579469,-0.022449298,-0.20861048,-0.17180584
1760988579471,-0.031001411,-0.2098322,-0.14614952
1760988579474,-0.038331795,-0.21105394,-0.120493166
1760988579476,-0.04810564,-0.2098322,-0.09728029
1760988579478,-0.055436023,-0.21227567,-0.075289145
1760988579481,-0.063988134,-0.2134974,-0.055741455
1760988579483,-0.07009678,-0.2134974,-0.033750303
1760988579485,-0.07498371,-0.21105394,-0.011759156
1760988579487,-0.08109236,-0.2098322,0.007941248
1760988579490,-0.0870483,-0.20616703,0.025045475
1760988579492,-0.090713486,-0.20250183,0.043218717
1760988579494,-0.09437868,-0.19883664,0.06154467
1760988579497,-0.09682214,-0.19883664,0.07742717
1760988579499,-0.101556346,-0.19394971,0.094531395
1760988579501,-0.10644327,-0.18921551,0.111635625
1760988579503,-0.11133019,-0.18555032,0.12873985
1760988579506,-0.11728613,-0.17821993,0.1421789
1760988579509,-0.12095132,-0.17577648,0.16172658
1760988579510,-0.1244638,-0.1684461,0.17760907
1760988579512,-0.12812899,-0.1647809,0.19226983
1760988579514,-0.13423763,-0.15989397,0.21059579
1760988579517,-0.13775012,-0.15271631,0.22770002
1760988579519,-0.14263703,-0.15027285,0.24358252
1760988579521,-0.14737125,-0.1441642,0.2593123
1760988579523,-0.14859296,-0.14538592,0.2753475
1760988579527,-0.15225816,-0.14660765,0.29367346
1760988579529,-0.15836681,-0.14538592,0.3119994
1760988579530,-0.15958855,-0.14782938,0.32910365
1760988579533,-0.16325374,-0.14782938,0.3474296
1760988579535,-0.16447547,-0.14920384,0.3669773
1760988579537,-0.16691893,-0.15775596,0.38530326
1760988579539,-0.17195857,-0.16737708,0.40500367
1760988579542,-0.17684549,-0.172264,0.42455134
1760988579544,-0.17806722,-0.1797471,0.4466952
1760988579546,-0.17806722,-0.18829921,0.4662429
1760988579549,-0.18295415,-0.1956296,0.48701233
1760988579551,-0.18310685,-0.20906863,0.50671273
1760988579553,-0.18799378,-0.21884248,0.52503866
1760988579556,-0.19181168,-0.22617286,0.54351735
1760988579558,-0.19425514,-0.2396119,0.56428677
1760988579560,-0.19440787,-0.24694228,0.5839872
1760988579563,-0.19929479,-0.25793785,0.60231316
1760988579564,-0.20433442,-0.26633725,0.6206391
1760988579567,-0.20693061,-0.28221974,0.63789606
1760988579569,-0.20937407,-0.2919936,0.6563747
1760988579571,-0.21181752,-0.30176744,0.66981375
1760988579574,-0.21319197,-0.31642818,0.68218374
1760988579576,-0.21578814,-0.32375857,0.6944011
1760988579578,-0.2133447,-0.33841935,0.70539665
1760988579580,-0.21227567,-0.34697145,0.7153232
1760988579583,-0.2134974,-0.35918877,0.72143185
1760988579585,-0.21120666,-0.37018433,0.7313584
1760988579587,-0.21120666,-0.376293,0.73991054
1760988579590,-0.2125811,-0.3885103,0.7484626
1760988579592,-0.21380283,-0.39935315,0.7510588
1760988579594,-0.21517728,-0.409127,0.7583892
1760988579596,-0.21762075,-0.41157046,0.7657196
1760988579599,-0.22266038,-0.42012256,0.77442443
1760988579601,-0.22388211,-0.4250095,0.7780896
1760988579603,-0.22892176,-0.42852196,0.7841983
1760988579606,-0.2350304,-0.4334089,0.7903069
1760988579608,-0.24129178,-0.43585235,0.79779
1760988579610,-0.24740042,-0.43692136,0.8051204
1760988579612,-0.25610524,-0.44180828,0.81122905
1760988579615,-0.2658791,-0.44043383,0.8185594
1760988579617,-0.27565295,-0.44165558,0.8246681
1760988579619,-0.28802297,-0.44150287,0.83077675
1760988579621,-0.29779682,-0.43661594,0.8393288
1760988579624,-0.30757064,-0.43401974,0.84788096
1760988579626,-0.32238412,-0.43386704,0.8552113
1760988579629,-0.3323107,-0.43386704,0.86498517
1760988579631,-0.344528,-0.43249258,0.874759
1760988579633,-0.356898,-0.43249258,0.88453287
1760988579635,-0.3715588,-0.43478334,0.892016
1760988579637,-0.38148534,-0.43218717,0.90178984
1760988579639,-0.3912592,-0.43096542,0.9091202
1760988579642,-0.40240747,-0.42959097,0.9140071
1760988579645,-0.41584653,-0.42959097,0.9213375
1760988579646,-0.4268421,-0.42210788,0.9286679
1760988579649,-0.44043383,-0.42073345,0.9335548
1760988579651,-0.45142943,-0.41706824,0.93722
1760988579653,-0.4662429,-0.4156938,0.93966347
1760988579655,-0.47968194,-0.4118759,0.9408852
1760988579658,-0.49571714,-0.40683624,0.9433287
1760988579659,-0.51053065,-0.4017966,0.9421069
1760988579662,-0.52641314,-0.3979787,0.9419542
1760988579664,-0.54733527,-0.38927388,0.93951076
1760988579667,-0.56581396,-0.3830125,0.9334021
1760988579669,-0.5867361,-0.38148534,0.9260717
1760988579671,-0.6064365,-0.37522396,0.91751957
1760988579673,-0.63224554,-0.36636642,0.9053023
1760988579676,-0.65316767,-0.35888332,0.8906415
1760988579678,-0.68035114,-0.3463606,0.8746063
1760988579680,-0.70738196,-0.33750305,0.8575021
1760988579683,-0.73563445,-0.32742378,0.8391761
1760988579685,-0.7652614,-0.31490102,0.8184067
1760988579687,-0.7984009,-0.30100384,0.79381937
1760988579689,-0.83291477,-0.28725937,0.77182823
1760988579692,-0.8660542,-0.26984972,0.7472409
1760988579694,-0.89934635,-0.2510656,0.72036284
1760988579696,-0.93492925,-0.23365596,0.6957755
1760988579699,-0.9680687,-0.21487185,0.66767573
1760988579700,-1.0074695,-0.19379699,0.6430884
1760988579703,-1.0418307,-0.17623462,0.61743206
1760988579706,-1.0761919,-0.15027285,0.59040123
1760988579707,-1.1129965,-0.124311075,0.56337047
1760988579710,-1.153619,-0.10186178,0.53878313
1760988579712,-1.189202,-0.0795652,0.5155703
1760988579714,-1.2235631,-0.058337633,0.4897612
1760988579716,-1.2628112,-0.032375857,0.46639562
1760988579719,-1.2971723,-0.005192355,0.4456262
1760988579721,-1.3364204,0.027030786,0.42470407
1760988579723,-1.3732251,0.05177083,0.40744713
1760988579725,-1.4149166,0.07788532,0.38896844
1760988579728,-1.4576772,0.111177474,0.37415496
1760988579730,-1.4969252,0.14202617,0.3556763
1760988579732,-1.5398386,0.17302758,0.3408628
1760988579735,-1.5827519,0.20631973,0.32727104
1760988579736,-1.6317738,0.23854288,0.31612277
1760988579740,-1.6733127,0.27550024,0.30741793
1760988579742,-1.724778,0.31505376,0.29993483
1760988579744,-1.7687603,0.35445455,0.29367346
1760988579746,-1.8164078,0.3987423,0.2910773
1760988579750,-1.8677205,0.44440445,0.28955013
1760988579751,-1.9127718,0.49235737,0.29550606
1760988579753,-1.9579759,0.54260105,0.30497447
1760988579755,-2.0005836,0.590554,0.31581733
1760988579757,-2.0431914,0.63606346,0.33276883
1760988579759,-2.0807598,0.6899723,0.35445455
1760988579762,-2.1184807,0.73655075,0.37751472
1760988579764,-2.1487186,0.7841983,0.4089743
1760988579766,-2.179109,0.82695884,0.44058657
1760988579768,-2.2007947,0.86727595,0.4746423
1760988579770,-2.2188153,0.9027061,0.5160284
1760988579772,-2.2342396,0.9392053,0.55863625
1760988579775,-2.2411118,0.9793697,0.6035349
1760988579778,-2.243097,1.0097603,0.64980793
1760988579779,-2.2377522,1.0351112,0.6960809
1760988579781,-2.2325597,1.0580186,0.7449502
1760988579784,-2.2198844,1.0760391,0.79244494
1760988579787,-2.2011,1.08902,0.837649
1760988579788,-2.1786509,1.1033753,0.8790351
1760988579791,-2.1513147,1.1102476,0.9230174
1760988579793,-2.1190915,1.1134546,0.960891
1760988579795,-2.0832033,1.1178834,0.998612
1760988579797,-2.0410535,1.119716,1.0364856
1760988579800,-2.0002782,1.1192578,1.0682507
1760988579802,-1.9533943,1.1125383,1.0987939
1760988579804,-1.9028453,1.1047498,1.125672
1760988579806,-1.8486309,1.0968086,1.1501065
1760988579809,-1.7970128,1.0803152,1.1710287
1760988579811,-1.7403551,1.0650436,1.1893547
1760988579814,-1.6824756,1.0461067,1.2076806
1760988579816,-1.6210836,1.0224357,1.2188289
1760988579818,-1.5583172,0.9973902,1.2286028
1760988579820,-1.4920384,0.9637926,1.2360858
1760988579823,-1.4283557,0.9289733,1.2411255
1760988579825,-1.3634512,0.8881981,1.2449434
1760988579827,-1.2922854,0.84238315,1.2426527
1760988579830,-1.2238685,0.7893906,1.2392929
1760988579832,-1.1491902,0.73746705,1.2345587
1760988579834,-1.0720685,0.6794349,1.2263119
1760988579836,-0.9975429,0.6203337,1.2166909
1760988579839,-0.9228647,0.55863625,1.2060007
1760988579841,-0.84711736,0.49220467,1.1953106
1760988579843,-0.77014834,0.42455134,1.1809553
1760988579846,-0.6969972,0.3555236,1.1641564
1760988579848,-0.6275113,0.2855795,1.1473577
1760988579850,-0.56291234,0.21548271,1.1317806
1760988579852,-0.49693888,0.1479821,1.1137601
1760988579854,-0.43233988,0.08155051,1.0896308
1760988579857,-0.3727805,0.014049901,1.0703887
1760988579859,-0.3203988,-0.048563786,1.0462594
1760988579861,-0.27046058,-0.1049161,1.0219775
1760988579864,-0.22800545,-0.15882497,0.9966267
1760988579866,-0.18661933,-0.20799962,0.96990126
1760988579869,-0.15500705,-0.2519819,0.9433287
1760988579870,-0.12965615,-0.28878653,0.91415983
1760988579873,-0.110413894,-0.32421672,0.8837693
1760988579875,-0.09712757,-0.3484986,0.8533788
1760988579877,-0.08750644,-0.36926803,0.8191703
1760988579880,-0.084146686,-0.38744128,0.79000145
1760988579882,-0.08933904,-0.39706242,0.76067996
1760988579884,-0.09682214,-0.39690968,0.7264715
1760988579886,-0.1067487,-0.3930918,0.6934848
1760988579889,-0.12767084,-0.3866777,0.66416323
1760988579891,-0.1498147,-0.37293324,0.63224554
1760988579893,-0.17684549,-0.3494149,0.603993
1760988579895,-0.20250183,-0.32589662,0.5720753
1760988579898,-0.23319781,-0.29260445,0.54260105
1760988579900,-0.27107146,-0.25320363,0.516792
1760988579902,-0.30772337,-0.21013765,0.49220467
1760988579905,-0.34666604,-0.16340645,0.47112983
1760988579906,-0.38698313,-0.1142318,0.44898596
1760988579909,-0.4297437,-0.060170226,0.42913285
1760988579911,-0.46975538,-0.0012217305,0.4092797
1760988579914,-0.5111415,0.061239243,0.3943135
1760988579916,-0.5513059,0.12385293,0.38056904
1760988579918,-0.5900958,0.18768835,0.3631594
1760988579920,-0.6302602,0.25259277,0.35170567
1760988579923,-0.66782844,0.31871894,0.34406984
1760988579925,-0.70295316,0.38606682,0.3352123
1760988579928,-0.73792523,0.45463645,0.32635477
1760988579930,-0.7693848,0.52320606,0.31978795
1760988579932,-0.7996226,0.5893322,0.31215215
1760988579934,-0.82970774,0.6542367,0.30695978
1760988579936,-0.8575021,0.72021013,0.3005457
1760988579938,-0.88025683,0.78022766,0.2941316
1760988579940,-0.904386,0.8364272,0.28771752
1760988579943,-0.9260717,0.8903361,0.28130344
1760988579946,-0.9428705,0.9392053,0.2724459
1760988579947,-0.9584476,0.98563105,0.2648101
1760988579950,-0.9753991,1.0259482,0.25610524
1760988579952,-0.9860892,1.0603093,0.24617869
1760988579954,-0.9932669,1.0896308,0.2350304
1760988579957,-1.0004445,1.116509,0.22388211
1760988579959,-1.0088439,1.1397219,0.21273382
1760988579961,-1.0173961,1.156826,0.20280726
1760988579963,-1.0209086,1.1667526,0.19425514
1760988579966,-1.0245737,1.17897,0.18325958
1760988579968,-1.0282389,1.1863003,0.17455475
1760988579971,-1.0306823,1.1899655,0.1647809
1760988579972,-1.040609,1.1876748,0.15622878
1760988579975,-1.048092,1.1841623,0.14767668
1760988579977,-1.052979,1.1792754,0.14294247
1760988579979,-1.0618365,1.1684325,0.13439035
1760988579983,-1.0705414,1.1563679,0.12950343
1760988579985,-1.0793989,1.1418599,0.12721269
1760988579986,-1.0870347,1.1212431,0.12492194
1760988579988,-1.093296,1.1006265,0.12507465
1760988579990,-1.1009319,1.0763446,0.12522738
1760988579993,-1.1061243,1.0520626,0.12782355
1760988579995,-1.1113166,1.0241156,0.13041973
1760988579997,-1.1142182,0.9925033,0.13545936
1760988580000,-1.1131492,0.9644035,0.1441642
1760988580002,-1.1146764,0.93645644,0.14920384
1760988580005,-1.1149818,0.9108001,0.15790866
1760988580007,-1.112691,0.88025683,0.16783522
1760988580009,-1.1081096,0.84620106,0.17898351
1760988580011,-1.1009319,0.8181013,0.19135354
1760988580014,-1.0937542,0.788627,0.20250183
1760988580017,-1.0841331,0.7593055,0.21609358
1760988580019,-1.0732902,0.7324274,0.23090707
1760988580021,-1.0600039,0.70906186,0.24327709
1760988580023,-1.0453432,0.68569624,0.25686884
1760988580024,-1.0270172,0.6598872,0.27046058
1760988580027,-1.0062478,0.6414085,0.28145617
1760988580029,-0.98792183,0.6217081,0.2938262
1760988580031,-0.96959585,0.6056729,0.30863968
1760988580034,-0.9462303,0.59681535,0.3184135
1760988580036,-0.9240864,0.5795584,0.32696563
1760988580038,-0.90087354,0.56596667,0.33933565
1760988580041,-0.8762862,0.5571091,0.34788775
1760988580043,-0.8503244,0.550695,0.3576616
1760988580045,-0.8257371,0.5468771,0.3662137
1760988580047,-0.8022188,0.5465717,0.3747658
1760988580050,-0.77381355,0.54504454,0.38453966
1760988580053,-0.7504479,0.54473907,0.3930918
1760988580055,-0.72326446,0.5493206,0.4027129
1760988580056,-0.6960809,0.5502369,0.4100433
1760988580059,-0.67256266,0.5560401,0.4185954
1760988580061,-0.65026605,0.567952,0.42577308
1760988580063,-0.6267477,0.57742035,0.43188173
1760988580066,-0.6030767,0.5881105,0.43783766
1760988580068,-0.58200186,0.60139686,0.44394633
1760988580070,-0.56214875,0.61086524,0.45112398
1760988580072,-0.54229563,0.6239988,0.4560109
1760988580075,-0.52122074,0.63606346,0.45952338
1760988580077,-0.5038111,0.6443101,0.46563202
1760988580080,-0.48517972,0.65148777,0.47036624
1760988580082,-0.4654793,0.657291,0.47525316
1760988580083,-0.44929138,0.6620252,0.4801401
1760988580086,-0.43203443,0.66416323,0.4812091
1760988580088,-0.4184427,0.6640105,0.48609602
1760988580091,-0.4036292,0.6638578,0.4885395
1760988580092,-0.38759398,0.66248333,0.49220467
1760988580095,-0.3753767,0.6588182,0.49220467
1760988580097,-0.36193767,0.65011334,0.49113566
1760988580099,-0.34972036,0.6389651,0.49480084
1760988580101,-0.34116822,0.6291912,0.49480084
1760988580104,-0.33383787,0.6206391,0.4972443
1760988580106,-0.32650748,0.61315596,0.49739704
1760988580108,-0.31673363,0.59971696,0.49495357
1760988580111,-0.31566462,0.59238654,0.4925101
1760988580113,-0.31444287,0.58016926,0.4877759
1760988580115,-0.30848694,0.5703954,0.48655418
1760988580117,-0.30482176,0.55939984,0.48288897
1760988580121,-0.3061962,0.548557,0.47693303
1760988580122,-0.30634892,0.5375614,0.4708244
1760988580125,-0.30772337,0.53023106,0.463494
1760988580127,-0.30665436,0.5169447,0.4538729
1760988580129,-0.30925053,0.5047274,0.44409904
1760988580131,-0.31306845,0.49632803,0.43325618
1760988580134,-0.31444287,0.48548517,0.4222606
1760988580136,-0.3145956,0.4793765,0.41126502
1760988580138,-0.3184135,0.46975538,0.3979787
1760988580140,-0.3184135,0.46731192,0.38698313
1760988580143,-0.31856623,0.462425,0.37232238
1760988580145,-0.32345316,0.46135598,0.35643986
1760988580147,-0.3199407,0.46013424,0.3417791
1760988580149,-0.3199407,0.46013424,0.3295618
1760988580152,-0.3199407,0.4615087,0.3136793
1760988580154,-0.31749722,0.4700608,0.29764408
1760988580156,-0.3136793,0.47616947,0.28298333
1760988580158,-0.31245756,0.4859433,0.26816985
1760988580161,-0.30741793,0.49556443,0.25228736
1760988580164,-0.3023783,0.50900346,0.23380867
1760988580166,-0.29626966,0.52122074,0.2191479
1760988580168,-0.29245174,0.5309946,0.20189096
1760988580170,-0.28496864,0.5467244,0.18234327
1760988580172,-0.27870727,0.56505036,0.16508633
1760988580174,-0.2724459,0.58200186,0.14660765
1760988580177,-0.26358834,0.59788436,0.12583824
1760988580179,-0.25977045,0.6197228,0.1085813
1760988580181,-0.25335637,0.6429357,0.09132435
1760988580183,-0.24220806,0.6647741,0.06918049
1760988580186,-0.23579398,0.68661255,0.048258353
1760988580188,-0.22953261,0.70738196,0.02855795
1760988580190,-0.21945333,0.7292204,0.008857546
1760988580193,-0.21563543,0.7512115,-0.01450805
1760988580195,-0.21059579,0.7742717,-0.035430185
1760988580198,-0.20051652,0.79626286,-0.05390886
1760988580199,-0.19425514,0.81199265,-0.077121735
1760988580201,-0.18677205,0.83031857,-0.09682214
1760988580204,-0.18173242,0.84497935,-0.11652254
1760988580206,-0.1779145,0.86193085,-0.13622294
1760988580208,-0.16920967,0.8765916,-0.15454891
1760988580210,-0.16294831,0.889878,-0.17180584
1760988580213,-0.15424347,0.89965177,-0.18768835
1760988580215,-0.14309518,0.9068295,-0.20250183
1760988580217,-0.13820826,0.91415983,-0.21594086
1760988580219,-0.12705997,0.91782504,-0.22815818
1760988580222,-0.12095132,0.9213375,-0.23915374
1760988580224,-0.11102476,0.92255926,-0.2490803
1760988580227,-0.10247265,0.9224065,-0.2564107
1760988580229,-0.09025534,0.91874135,-0.26374108
1760988580231,-0.08170322,0.9137017,-0.27091873
1760988580233,-0.071776666,0.9088148,-0.2770274
1760988580236,-0.06078109,0.89904094,-0.28191432
1760988580239,-0.051159963,0.8903361,-0.2855795
1760988580240,-0.04138612,0.8756753,-0.29153544
1760988580243,-0.03283401,0.86101454,-0.29275718
1760988580245,-0.02565634,0.84391034,-0.29871312
1760988580247,-0.018478673,0.82558435,-0.30482176
1760988580250,-0.011301007,0.8060367,-0.30466905
1760988580252,-0.0041233404,0.786489,-0.30940324
1760988580256,0.0018325958,0.7657196,-0.3155119
1760988580256,0.0065668016,0.74372846,-0.31780264
1760988580258,0.011148291,0.7170031,-0.32253686
1760988580260,0.013439035,0.6925685,-0.32604933
1760988580262,0.016798794,0.67179906,-0.33078352
1760988580264,0.019089539,0.64873886,-0.3368922
1760988580267,0.020005837,0.62796944,-0.34406984
1760988580269,0.01740966,0.6085745,-0.35124752
1760988580271,0.015882496,0.5891795,-0.35979962
1760988580273,0.010842858,0.5710063,-0.3669773
1760988580276,0.0056505036,0.5540548,-0.37782016
1760988580278,0.0018325958,0.54305923,-0.3839288
1760988580280,-0.0056505036,0.53221637,-0.39354995
1760988580282,-0.011911872,0.52626044,-0.40210205
1760988580285,-0.019394971,0.5190827,-0.41065416
1760988580287,-0.029321533,0.5154176,-0.41920626
1760988580290,-0.03680463,0.516792,-0.4277584
1760988580292,-0.04795292,0.5181664,-0.4363105
1760988580294,-0.06261369,0.52320606,-0.4448626
1760988580297,-0.07498371,0.52580225,-0.45463645
1760988580299,-0.08597928,0.5345071,-0.46196684
1760988580301,-0.099571034,0.5493206,-0.47433686
1760988580303,-0.11301007,0.56031615,-0.48288897
1760988580305,-0.13255776,0.57528234,-0.495259
1760988580308,-0.14721853,0.59238654,-0.50625455
1760988580310,-0.16554448,0.6096435,-0.5174029
1760988580312,-0.18387043,0.62949663,-0.5296202
1760988580315,-0.20463985,0.65286225,-0.54199016
1760988580317,-0.22907446,0.6786713,-0.5555819
1760988580319,-0.24984388,0.70570207,-0.567952
1760988580321,-0.27305678,0.7351763,-0.58276546
1760988580324,-0.3023783,0.7672467,-0.59513545
1760988580326,-0.3304781,0.8003862,-0.60994893
1760988580328,-0.35720345,0.8349001,-0.6247624
1760988580331,-0.38652498,0.870483,-0.63591075
1760988580333,-0.41340306,0.90484416,-0.6507242
1760988580335,-0.44516805,0.93691456,-0.66553766
1760988580338,-0.47678033,0.9773844,-0.6792821
1760988580339,-0.5036584,1.0082331,-0.6940956
1760988580341,-0.5305365,1.0413725,-0.70646566
1760988580344,-0.56107974,1.0722213,-0.7200574
1760988580346,-0.5830709,1.1004738,-0.7324274
1760988580348,-0.60994893,1.1275045,-0.74220127
1760988580351,-0.63438356,1.1461359,-0.7521278
1760988580353,-0.6563747,1.1682798,-0.7620544
1760988580355,-0.67347896,1.1904236,-0.7693848
1760988580357,-0.6930266,1.2076806,-0.77320266
1760988580360,-0.70646566,1.2235631,-0.77931136
1760988580362,-0.72112644,1.2359331,-0.7819075
1760988580364,-0.7370089,1.2495248,-0.784351
1760988580367,-0.7480045,1.2606732,-0.7820602
1760988580369,-0.75777835,1.2692252,-0.7808385
1760988580371,-0.7687739,1.2753339,-0.77350813
1760988580373,-0.7761043,1.2803736,-0.7637343
1760988580376,-0.7797695,1.282817,-0.75396043
1760988580378,-0.7846564,1.282817,-0.73807794
1760988580380,-0.7870999,1.2803736,-0.72219545
1760988580382,-0.7858781,1.2753339,-0.70509124
1760988580384,-0.7834347,1.2667818,-0.68294734
1760988580387,-0.7809912,1.2592987,-0.6585127
1760988580389,-0.77595156,1.25319,-0.62796944
1760988580391,-0.7673995,1.24082,-0.59605175
1760988580394,-0.75762564,1.2223413,-0.56413406
1760988580396,-0.7464773,1.2087497,-0.52748215
1760988580398,-0.7318166,1.1852313,-0.4894558
1760988580400,-0.7147123,1.1606439,-0.4465425
1760988580403,-0.6976081,1.1311697,-0.4036292
1760988580405,-0.6731735,1.100321,-0.36193767
1760988580407,-0.65118235,1.0645854,-0.31642818
1760988580409,-0.6267477,1.0276281,-0.26984972
1760988580412,-0.59742624,0.9821186,-0.2218968
1760988580414,-0.5705481,0.9392053,-0.17531833
1760988580416,-0.54137933,0.8888089,-0.12858713
1760988580419,-0.5083926,0.8384125,-0.081855945
1760988580421,-0.47555858,0.7855727,-0.035124753
1760988580424,-0.43768495,0.7315111,0.010231993
1760988580425,-0.40118575,0.6785186,0.056963183
1760988580428,-0.36575556,0.6281222,0.100029185
1760988580430,-0.32925636,0.5728389,0.14065172
1760988580432,-0.29138273,0.519999,0.18616119
1760988580435,-0.25595254,0.46715918,0.22556199
1760988580437,-0.21456642,0.41065416,0.26618454
1760988580439,-0.1742493,0.3539964,0.30925053
1760988580441,-0.13408493,0.29749137,0.35094208
1760988580444,-0.09254608,0.2434298,0.3903429
1760988580446,-0.049938235,0.18310685,0.43218717
1760988580448,-0.0022907446,0.12293663,0.47403142
1760988580450,0.045356743,0.058948494,0.513585
1760988580453,0.09285152,-0.00870483,0.56031615
1760988580455,0.14156802,-0.07498371,0.6009387
1760988580457,0.19532417,-0.14385876,0.6440047
1760988580460,0.24770586,-0.21395555,0.68600166
1760988580462,0.30024028,-0.28160888,0.7290677
1760988580464,0.35628715,-0.3565926,0.77106464
1760988580467,0.4111123,-0.43157628,0.81413066
1760988580469,0.46731192,-0.50411654,0.8561276
1760988580471,0.5209153,-0.5777258,0.893085
1760988580473,0.573297,-0.65026605,0.93126404
1760988580475,0.6232353,-0.7191411,0.96593064
1760988580477,0.6733262,-0.78542,0.9955576
1760988580480,0.72082096,-0.84803367,1.0202976
1760988580482,0.7622071,-0.9069822,1.043816
1760988580484,0.7974846,-0.959822,1.0612257
1760988580487,0.82787514,-1.0064005,1.0748174
1760988580489,0.8533788,-1.0505356,1.0800097
1760988580491,0.8689558,-1.084744,1.0801625
1760988580493,0.87857693,-1.1140655,1.0729848
1760988580496,0.8857546,-1.1348349,1.0609202
1760988580498,0.88178396,-1.1505647,1.0401508
1760988580500,0.8717047,-1.1601858,1.0144944
1760988580502,0.8568912,-1.157437,0.9815077
1760988580505,0.83459467,-1.1522446,0.9448558
1760988580507,0.8049677,-1.1432343,0.90087354
1760988580509,0.7742717,-1.1258247,0.85062987
1760988580512,0.7298313,-1.105666,0.78954333
1760988580514,0.68432176,-1.0818423,0.7270824
1760988580516,0.6374379,-1.0519099,0.6585127
1760988580518,0.58459806,-1.0146471,0.5850562
1760988580520,0.52931476,-0.97494096,0.50900346
1760988580523,0.47036624,-0.9265299,0.42943826
1760988580525,0.41141775,-0.8746063,0.3472769
1760988580527,0.35369098,-0.8226828,0.26267207
1760988580530,0.29718593,-0.7742717,0.17684549
1760988580532,0.24083363,-0.71868294,0.08735373
1760988580534,0.18555032,-0.6630942,-0.0033597588
1760988580536,0.1328632,-0.61468315,-0.09636399
1760988580538,0.084910266,-0.5652031,-0.18952094
1760988580541,0.040775254,-0.514654,-0.2790127
1760988580544,3.0543262E-4,-0.46883908,-0.37216964
1760988580546,-0.0364992,-0.42439863,-0.4615087
1760988580548,-0.06963864,-0.37995818,-0.548557
1760988580550,-0.093004234,-0.3417791,-0.63194007
1760988580552,-0.11377365,-0.30100384,-0.7139487
1760988580555,-0.12843442,-0.2678644,-0.7912232
1760988580557,-0.14187345,-0.23457226,-0.86590147
1760988580559,-0.14920384,-0.20631973,-0.9381363
1760988580561,-0.1516473,-0.18173242,-1.0030408
1760988580564,-0.15653422,-0.15958855,-1.0667235
1760988580566,-0.1553125,-0.14110987,-1.1279627
1760988580568,-0.1516473,-0.12644911,-1.1830933
1760988580570,-0.14431691,-0.110413894,-1.2382239
1760988580573,-0.13698652,-0.10430524,-1.287093
1760988580575,-0.12965615,-0.09941832,-1.3324498
1760988580577,-0.11728613,-0.09086621,-1.3752104
1760988580579,-0.103847094,-0.087201014,-1.4132367
1760988580582,-0.087964594,-0.08475755,-1.4486669
1760988580585,-0.07070765,-0.08368854,-1.4828753
1760988580587,-0.057268616,-0.08857546,-1.5134187
1760988580589,-0.04260785,-0.08506299,-1.5439619
1760988580591,-0.025350908,-0.08384126,-1.5673275
1760988580593,-0.008093964,-0.079107046,-1.5868752
1760988580596,0.01038471,-0.075594574,-1.6064229
1760988580598,0.025198191,-0.06841691,-1.6224581
1760988580601,0.044898596,-0.05879578,-1.6358972
1760988580603,0.06093381,-0.050396383,-1.6494889
1760988580605,0.0795652,-0.039553523,-1.6592628
1760988580607,0.09330966,-0.026419923,-1.6691893
1760988580609,0.108123146,-0.013133603,-1.6778941
1760988580612,0.124311075,0.0038179078,-1.6840028
1760988580614,0.14049901,0.02321288,-1.6902641
1760988580616,0.15302174,0.044898596,-1.6928604
1760988580618,0.16691893,0.066737026,-1.6966782
1760988580621,0.18066339,0.09101892,-1.6992744
1760988580623,0.19318613,0.11759156,-1.7006488
1760988580626,0.20586158,0.14676037,-1.7020233
1760988580628,0.21227567,0.17715092,-1.7046194
1760988580630,0.22617286,0.2049453,-1.7035505
1760988580633,0.23640485,0.23289238,-1.7061466
1760988580635,0.2452624,0.26450464,-1.7076738
1760988580637,0.25305092,0.30100384,-1.7090483
1760988580640,0.26206118,0.33368513,-1.7104226
1760988580641,0.27214047,0.3652974,-1.7143933
1760988580644,0.279929,0.39690968,-1.7169895
1760988580646,0.2863431,0.42852196,-1.7208074
1760988580648,0.29275718,0.45769078,-1.7221818
1760988580651,0.30176744,0.48808134,-1.724778
1760988580653,0.30940324,0.5160284,-1.728596
1760988580655,0.32070425,0.5401576,-1.7299703
1760988580658,0.32834008,0.56321776,-1.7337883
1760988580660,0.3359759,0.5815437,-1.7400496
1760988580663,0.3483459,0.59712076,-1.7438675
1760988580664,0.35720345,0.6105598,-1.7487545
1760988580666,0.37201694,0.6214027,-1.7525724
1760988580669,0.38453966,0.6310238,-1.7574593
1760988580671,0.39935315,0.63453627,-1.7599027
1760988580673,0.41523564,0.63194007,-1.7647897
1760988580675,0.4288274,0.6293439,-1.7684549
1760988580677,0.44730607,0.625526,-1.7696766
1760988580680,0.46318856,0.6180429,-1.7733418
1760988580682,0.4802928,0.6032294,-1.777007
1760988580684,0.49739704,0.5859725,-1.7805195
1760988580687,0.5169447,0.571159,-1.7792977
1760988580689,0.5328272,0.552833,-1.7803668
1760988580691,0.5535966,0.5319109,-1.779145
1760988580693,0.5707009,0.5109888,-1.7765489
1760988580696,0.5864306,0.4877759,-1.7763962
1760988580698,0.6084218,0.46196684,-1.7751744
1760988580700,0.6253733,0.4373795,-1.7713565
1760988580703,0.6423248,0.41034874,-1.7675385
1760988580705,0.6630942,0.3857614,-1.7649424
1760988580707,0.678824,0.3576616,-1.7599027
1760988580710,0.6983717,0.3294091,-1.7548631
1760988580711,0.7153232,0.3013093,-1.7510452
1760988580714,0.73364913,0.27550024,-1.7447839
1760988580717,0.7469355,0.24602598,-1.7348573
1760988580719,0.763887,0.21670444,-1.728596
1760988580721,0.7771733,0.19211712,-1.7224873
1760988580723,0.79061234,0.17012598,-1.711339
1760988580725,0.8051204,0.14431691,-1.7026341
1760988580727,0.8185594,0.12217305,-1.6914859
1760988580730,0.82818055,0.105068825,-1.6804903
1760988580732,0.8367327,0.08781188,-1.6681203
1760988580735,0.84650654,0.07192938,-1.6557503
1760988580737,0.85139346,0.06093381,-1.6447546
1760988580740,0.8562804,0.053450707,-1.6300939
1760988580742,0.8587238,0.044898596,-1.6116152
1760988580743,0.8585711,0.03634648,-1.5993979
1760988580746,0.8549059,0.03145956,-1.5835154
1760988580748,0.84879726,0.027794369,-1.5676329
1760988580751,0.84391034,0.025350908,-1.5503759
1760988580753,0.8402451,0.025350908,-1.53205
1760988580755,0.82802784,0.03023783,-1.5137241
1760988580757,0.8168796,0.030390546,-1.4941764
1760988580759,0.8022188,0.03283401,-1.4758505
1760988580762,0.79000145,0.03176499,-1.455081
1760988580763,0.7703011,0.037873644,-1.4318681
1760988580766,0.7507534,0.038026363,-1.4123205
1760988580768,0.7322747,0.04184427,-1.3903292
1760988580770,0.7139487,0.043218717,-1.3671165
1760988580772,0.6930266,0.04337143,-1.347416
1760988580774,0.66966105,0.04596761,-1.3229814
1760988580777,0.64751714,0.04734206,-1.297325
1760988580779,0.626595,0.047494773,-1.2753339
1760988580782,0.600786,0.047647487,-1.2533427
1760988580783,0.57619864,0.045356743,-1.2263119
1760988580786,0.5516113,0.04428773,-1.1994339
1760988580788,0.5306892,0.043218717,-1.1749994
1760988580791,0.50732356,0.040927973,-1.1516337
1760988580792,0.48395798,0.039858956,-1.127199
1760988580795,0.45937067,0.034055736,-1.1039863
1760988580797,0.43600506,0.03176499,-1.0806206
1760988580799,0.41508293,0.024587326,-1.056186
1760988580802,0.3941608,0.022296581,-1.0354166
1760988580804,0.3755294,0.015118915,-1.0132728
1760988580807,0.35964692,0.01282817,-0.99005985
1760988580809,0.3387248,0.006872234,-0.96669424
1760988580812,0.32268956,-4.5814895E-4,-0.9447031
1760988580814,0.30665436,-0.006414085,-0.9239337
1760988580815,0.2930626,-0.011148291,-0.90301156
1760988580818,0.2770274,-0.015882496,-0.88224214
1760988580820,0.26465738,-0.021991149,-0.86269444
1760988580822,0.25121832,-0.026725354,-0.8417723
1760988580825,0.24007004,-0.035277467,-0.8197812
1760988580828,0.23136522,-0.03772093,-0.8002335
1760988580830,0.21792617,-0.042455133,-0.7805331
1760988580831,0.21166481,-0.048563786,-0.75732017
1760988580834,0.20311269,-0.049785517,-0.73899424
1760988580836,0.19700404,-0.056963183,-0.71929383
1760988580838,0.1908954,-0.059406646,-0.6985244
1760988580841,0.18585575,-0.06429356,-0.677755
1760988580843,0.18096884,-0.07284568,-0.6568329
1760988580845,0.17608191,-0.07651087,-0.6348417
1760988580848,0.17241672,-0.081397794,-0.61162883
1760988580850,0.16752979,-0.08628472,-0.5884159
1760988580852,0.16630806,-0.086437434,-0.5664248
1760988580854,0.16264287,-0.0888809,-0.54183745
1760988580857,0.15775596,-0.09010262,-0.5161811
1760988580858,0.15653422,-0.093767814,-0.4905248
1760988580861,0.15057829,-0.09392053,-0.46120325
1760988580863,0.14202617,-0.093767814,-0.43799037
1760988580865,0.13469578,-0.09392053,-0.4098906
1760988580868,0.12980886,-0.098807454,-0.38041633
1760988580870,0.11988231,-0.101098195,-0.35476
1760988580872,0.11133019,-0.10354166,-0.322995
1760988580875,0.09911288,-0.109650314,-0.29352075
1760988580877,0.08933904,-0.110872045,-0.26908615
1760988580879,0.081855945,-0.11942416,-0.23854288
1760988580882,0.06963864,-0.12293663,-0.2078469
1760988580884,0.054825157,-0.13148874,-0.17241672
1760988580886,0.040011674,-0.13637567,-0.14172074
1760988580888,0.026572637,-0.1459968,-0.111177474
1760988580890,0.011759156,-0.15439619,-0.07925977
1760988580892,-0.004276057,-0.16783522,-0.047494773
1760988580895,-0.01786781,-0.17501289,-0.015577064
1760988580897,-0.03634648,-0.18463401,0.014966198
1760988580899,-0.053603426,-0.19318613,0.045662176
1760988580901,-0.07086037,-0.204029,0.077579886
1760988580904,-0.090713486,-0.21609358,0.108123146
1760988580906,-0.110413894,-0.22327125,0.1375974
1760988580908,-0.12767084,-0.23655757,0.16691893
1760988580910,-0.14370605,-0.2510656,0.19883664
1760988580913,-0.16233744,-0.26206118,0.22708915
1760988580916,-0.18081611,-0.27168232,0.25396723
1760988580917,-0.19685133,-0.28130344,0.28099802
1760988580920,-0.21410827,-0.2958115,0.30558532
1760988580922,-0.22907446,-0.312763,0.33001995
1760988580925,-0.24266621,-0.32604933,0.355829
1760988580927,-0.2564107,-0.3417791,0.37675115
1760988580929,-0.267559,-0.35643986,0.3987423
1760988580931,-0.2762638,-0.3746131,0.4184427
1760988580934,-0.28863382,-0.38805214,0.44180828
1760988580935,-0.29856038,-0.40011674,0.4625777
1760988580938,-0.30604348,-0.41599923,0.48472157
1760988580941,-0.31597003,-0.42928556,0.50320023
1760988580943,-0.3210097,-0.44638976,0.5216789
1760988580945,-0.3286455,-0.4633413,0.54244834
1760988580947,-0.33490688,-0.47800204,0.56092703
1760988580950,-0.3397938,-0.4877759,0.5768095
1760988580952,-0.34605515,-0.50228393,0.59528816
1760988580953,-0.34987307,-0.5169447,0.61254513
1760988580956,-0.35246924,-0.53038377,0.62964934
1760988580959,-0.36117408,-0.54367006,0.6444628
1760988580961,-0.36987892,-0.5534439,0.6603453
1760988580963,-0.37232238,-0.56199604,0.6776023
1760988580966,-0.3810272,-0.5716171,0.69226307
1760988580967,-0.38728857,-0.581391,0.70570207
1760988580970,-0.3921755,-0.5874997,0.71929383
1760988580972,-0.40210205,-0.5897904,0.7339546
1760988580975,-0.41431937,-0.5946773,0.7473936
1760988580976,-0.42302418,-0.59696805,0.76083267
1760988580979,-0.43783766,-0.5981898,0.77198094
1760988580982,-0.4512767,-0.6017023,0.7817548
1760988580983,-0.46731192,-0.59666264,0.79275036
1760988580986,-0.4831944,-0.59406644,0.8037459
1760988580988,-0.50533825,-0.5865834,0.81107634
1760988580990,-0.52626044,-0.57787853,0.8232936
1760988580993,-0.5531385,-0.567952,0.8342892
1760988580995,-0.57650405,-0.5531385,0.8414669
1760988580997,-0.6058256,-0.5369505,0.850019
1760988580999,-0.63529986,-0.52213705,0.8571966
1760988581002,-0.66950834,-0.50228393,0.86452705
1760988581004,-0.7002043,-0.48258355,0.870483
1760988581007,-0.7319693,-0.46273044,0.8753699
1760988581009,-0.7675522,-0.44409904,0.88147855
1760988581011,-0.79809546,-0.41706824,0.8886562
1760988581013,-0.8361218,-0.3911065,0.8933904
1760988581015,-0.8739954,-0.3651447,0.89934635
1760988581018,-0.91431254,-0.33673948,0.905455
1760988581020,-0.95111716,-0.3119994,0.9138544
1760988581023,-0.99265605,-0.2835942,0.9210321
1760988581024,-1.0355693,-0.25518894,0.925919
1760988581027,-1.0783299,-0.22434026,0.93676186
1760988581028,-1.1187997,-0.19715676,0.946383
1760988581031,-1.1641564,-0.16997325,0.95722586
1760988581033,-1.2020301,-0.14523321,0.9682214
1760988581036,-1.2437216,-0.11927144,0.9815077
1760988581038,-1.282817,-0.09819659,0.9973902
1760988581040,-1.3183999,-0.076052725,1.0143417
1760988581043,-1.3550519,-0.057421334,1.031446
1760988581045,-1.3857478,-0.04016439,1.050841
1760988581047,-1.4150693,-0.022907447,1.0691669
1760988581049,-1.4431691,-0.01160644,1.0923798
1760988581051,-1.4651603,-6.1086525E-4,1.1155926
1760988581054,-1.4860824,0.008093964,1.1400273
1760988581056,-1.5068518,0.018020526,1.1643091
1760988581058,-1.5190692,0.016798794,1.1888965
1760988581061,-1.5373951,0.025503624,1.2157745
1760988581063,-1.5447255,0.030390546,1.2414309
1760988581065,-1.5506815,0.03390302,1.2695307
1760988581068,-1.5555683,0.035124753,1.300074
1760988581069,-1.5578591,0.03756821,1.3306172
1760988581072,-1.5552629,0.03863723,1.3611605
1760988581074,-1.5540411,0.03726278,1.3917037
1760988581077,-1.5453364,0.035888333,1.4283557
1760988581078,-1.534188,0.030695979,1.4650075
1760988581080,-1.5204436,0.02687807,1.4967725
1760988581083,-1.5044084,0.022907447,1.5297593
1760988581085,-1.4895949,0.016646078,1.561677
1760988581087,-1.4686728,0.010231993,1.5922203
1760988581090,-1.4474452,0.013591751,1.6215417
1760988581093,-1.4253013,0.005955936,1.6484199
1760988581095,-1.4019357,-0.0016798794,1.6728544
1760988581097,-1.3820826,-0.0067195175,1.6972891
1760988581099,-1.3611605,-0.013133603,1.7168368
1760988581102,-1.3377949,-0.019547688,1.7353154
1760988581104,-1.3217597,-0.020922136,1.7487545
1760988581106,-1.303281,-0.02733622,1.7609718
1760988581108,-1.2884675,-0.027488936,1.7719674
1760988581110,-1.2773192,-0.026419923,1.7805195
1760988581113,-1.266171,-0.026419923,1.7829629
1760988581115,-1.2574661,-0.026572637,1.7829629
1760988581117,-1.2501358,-0.020616703,1.779145
1760988581120,-1.2475395,-0.01695151,1.7718146
1760988581122,-1.2438743,-0.013286319,1.7632625
1760988581124,-1.2450961,-0.008399397,1.7510452
1760988581127,-1.2475395,0.003970624,1.73501
1760988581130,-1.2548699,0.013744468,1.7179058
1760988581132,-1.2622004,0.02733622,1.6969837
1760988581134,-1.2731959,0.04337143,1.672549
1760988581136,-1.2854131,0.06429356,1.64674
1760988581138,-1.295187,0.08384126,1.6172657
1760988581140,-1.308626,0.10598512,1.5890132
1760988581143,-1.3245085,0.13072516,1.5558738
1760988581145,-1.3377949,0.15882497,1.5215126
1760988581147,-1.3524556,0.18600847,1.4883732
1760988581150,-1.3646729,0.21166481,1.4515685
1760988581152,-1.3793337,0.24007004,1.4123205
1760988581154,-1.3913983,0.26710084,1.3730724
1760988581156,-1.397507,0.29642236,1.3362677
1760988581159,-1.4071281,0.32345316,1.2982414
1760988581161,-1.4106406,0.35643986,1.2589933
1760988581164,-1.41904,0.38347065,1.2185235
1760988581167,-1.4202617,0.409127,1.1792754
1760988581167,-1.4162911,0.4372268,1.1435398
1760988581170,-1.4124732,0.46654832,1.1079569
1760988581173,-1.406059,0.49464813,1.0711522
1760988581175,-1.398576,0.5177083,1.0367911
1760988581177,-1.387275,0.5421429,1.0073168
1760988581179,-1.370018,0.56153786,0.97417736
1760988581181,-1.3513867,0.57848936,0.9447031
1760988581183,-1.3327552,0.59650993,0.9213375
1760988581185,-1.3104587,0.61590487,0.89552844
1760988581187,-1.2857187,0.63270366,0.874759
1760988581190,-1.2597568,0.64599,0.8538369
1760988581191,-1.2275337,0.6591236,0.83658
1760988581194,-1.1991285,0.6771441,0.8217665
1760988581196,-1.1695015,0.68783426,0.8071057
1760988581199,-1.1398746,0.6960809,0.79351395
1760988581201,-1.1076514,0.7067711,0.7799222
1760988581203,-1.0792462,0.7150178,0.7677049
1760988581205,-1.0471758,0.71837753,0.75533485
1760988581212,-1.0187705,0.72173727,0.7467828
1760988581212,-0.99173975,0.7228063,0.73823065
1760988581212,-0.9671524,0.7200574,0.7309003
1760988581214,-0.9411906,0.72341716,0.72219545
1760988581217,-0.91904676,0.71959925,0.714865
1760988581219,-0.904386,0.7170031,0.7075347
1760988581221,-0.88712907,0.7156286,0.70386946
1760988581223,-0.87598073,0.7144069,0.6977608
1760988581226,-0.86620694,0.7093673,0.6916522
1760988581228,-0.86132,0.7093673,0.68798697
1760988581230,-0.8564331,0.710589,0.68310004
1760988581232,-0.8564331,0.7118107,0.6806566
1760988581235,-0.86009824,0.7118107,0.674548
1760988581237,-0.86498517,0.7107417,0.66966105
1760988581239,-0.8724683,0.7156286,0.66355234
1760988581241,-0.88346386,0.72311175,0.656222
1760988581244,-0.8933904,0.72692966,0.65011334
1760988581246,-0.9092729,0.733191,0.6403395
1760988581248,-0.9228647,0.74189585,0.6365216
1760988581251,-0.93874717,0.75533485,0.62796944
1760988581253,-0.9595166,0.7678576,0.6169739
1760988581255,-0.9779953,0.78022766,0.6046039
1760988581258,-0.9989174,0.79137594,0.59483004
1760988581260,-1.0172434,0.80741113,0.58246
1760988581262,-1.0355693,0.8248208,0.5714644
1760988581264,-1.0564915,0.8384125,0.56031615
1760988581266,-1.0748174,0.8568912,0.5493206
1760988581268,-1.0955868,0.8717047,0.5381723
1760988581271,-1.1139128,0.8938486,0.52595496
1760988581274,-1.1348349,0.91354895,0.5123632
1760988581275,-1.1507174,0.9308059,0.49754974
1760988581278,-1.1678216,0.9468411,0.4841107
1760988581280,-1.1837041,0.9665415,0.47051895
1760988581282,-1.1946996,0.9825767,0.4558582
1760988581284,-1.2056953,0.9998337,0.44226643
1760988581287,-1.2179126,1.0157162,0.42760566
1760988581289,-1.2250903,1.0280862,0.41401392
1760988581291,-1.2311989,1.0451905,0.4005749
1760988581294,-1.2334896,1.0598512,0.39064834
1760988581296,-1.2371548,1.0734429,0.3746131
1760988581298,-1.2382239,1.087951,0.36361754
1760988581300,-1.2394456,1.0990993,0.35124752
1760988581304,-1.2368494,1.106277,0.34147367
1760988581305,-1.2368494,1.1246029,0.32788193
1760988581307,-1.2366967,1.133155,0.31810808
1760988581309,-1.2304354,1.1453724,0.3107777
1760988581312,-1.2241739,1.157437,0.2996294
1760988581314,-1.2229522,1.165989,0.29229903
1760988581316,-1.2166909,1.1733195,0.28603765
1760988581318,-1.2092078,1.1841623,0.279929
1760988581321,-1.2053899,1.1902709,0.27382034
1760988581323,-1.1980594,1.1962268,0.27000242
1760988581326,-1.1942415,1.199892,0.26511553
1760988581327,-1.1869112,1.2046263,0.26389378
1760988581330,-1.1782063,1.205848,0.26267207
1760988581332,-1.1745411,1.205848,0.2602286
1760988581335,-1.1646146,1.2056953,0.2602286
1760988581337,-1.1548407,1.2043208,0.2602286
1760988581339,-1.1499538,1.1957687,0.25900686
1760988581342,-1.1414018,1.1933253,0.2602286
1760988581344,-1.1304061,1.1846204,0.2602286
1760988581346,-1.1255192,1.1748465,0.26160303
1760988581349,-1.1157454,1.1650727,0.26282477
1760988581351,-1.1059716,1.151481,0.26282477
1760988581353,-1.0974194,1.1404854,0.26542094
1760988581355,-1.0902418,1.1258247,0.26542094
1760988581357,-1.0816896,1.1097895,0.2667954
1760988581360,-1.074512,1.0951287,0.2680171
1760988581362,-1.0661125,1.0743593,0.26939157
1760988581365,-1.0613784,1.057255,0.2695443
1760988581366,-1.0516045,1.0389291,0.27076602
1760988581369,-1.0505356,1.02549,0.27091873
1760988581371,-1.0482447,1.0022771,0.27214047
1760988581373,-1.045954,0.9828822,0.27107146
1760988581375,-1.0474812,0.9645562,0.27366763
1760988581378,-1.0476339,0.9414961,0.27382034
1760988581380,-1.0477866,0.9268353,0.27259862
1760988581383,-1.0491611,0.9098838,0.27030787
1760988581385,-1.0519099,0.8903361,0.2667954
1760988581387,-1.0557278,0.8709411,0.2667954
1760988581390,-1.0584768,0.8527679,0.26206118
1760988581393,-1.0622946,0.8381071,0.25717425
1760988581394,-1.0648909,0.82359904,0.25488353
1760988581396,-1.0688615,0.8089383,0.2501493
1760988581398,-1.0676397,0.795652,0.24770586
1760988581401,-1.0703887,0.77854776,0.24419338
1760988581403,-1.0693196,0.7640397,0.24297164
1760988581405,-1.0656544,0.7506007,0.24190263
1760988581408,-1.0645854,0.73716164,0.24190263
1760988581410,-1.0609202,0.731053,0.23945917
1760988581412,-1.0574077,0.72250086,0.23839016
1760988581414,-1.0549643,0.7115053,0.2396119
1760988581417,-1.0488557,0.70661837,0.23716843
1760988581418,-1.0390818,0.700357,0.23472497
1760988581421,-1.0305296,0.6954701,0.23350324
1760988581424,-1.024421,0.6892087,0.2312125
1760988581426,-1.0146471,0.68676525,0.2275473
1760988581428,-1.0047206,0.689056,0.2237294
1760988581430,-0.9949468,0.68783426,0.22128594
1760988581432,-0.98746365,0.6889033,0.22128594
1760988581435,-0.9763154,0.6899723,0.21762075
1760988581437,-0.9663888,0.6973027,0.21639901
1760988581439,-0.95905846,0.6995934,0.21517728
1760988581443,-0.944245,0.70432764,0.21380283
1760988581443,-0.9379836,0.711658,0.2125811
1760988581447,-0.928057,0.71883565,0.21380283
1760988581449,-0.9193522,0.72356987,0.21380283
1760988581452,-0.9130908,0.7283041,0.21609358
1760988581452,-0.90316427,0.73563445,0.21365012
1760988581456,-0.904386,0.7368562,0.21365012
1760988581458,-0.89827734,0.73914695,0.21609358
1760988581460,-0.89812464,0.74036866,0.21975878
1760988581462,-0.89568114,0.7415904,0.22220223
1760988581464,-0.89812464,0.74281216,0.22831088
1760988581467,-0.90056807,0.74281216,0.23441954
1760988581469,-0.905455,0.7440339,0.23930646
1760988581471,-0.9127854,0.7464773,0.2454151
1760988581473,-0.91645056,0.7476991,0.25396723
1760988581475,-0.92149025,0.7466301,0.26374108
1760988581478,-0.9275989,0.7478518,0.27351493
1760988581479,-0.93492925,0.7466301,0.28328875
1760988581482,-0.9398162,0.7466301,0.29184088
1760988581485,-0.94959,0.7492262,0.30405816
1760988581486,-0.95203346,0.7492262,0.31871894
1760988581488,-0.96196,0.745561,0.33093625
1760988581491,-0.9656252,0.74189585,0.3408628
1760988581494,-0.96929044,0.74067414,0.3567453
1760988581495,-0.9767735,0.7359399,0.36896262
1760988581498,-0.9828822,0.731053,0.3848451
1760988581501,-0.98654735,0.72616607,0.40210205
1760988581503,-0.98914355,0.71761394,0.4167628
1760988581505,-0.99021256,0.7151705,0.43386704
1760988581507,-0.99280876,0.70539665,0.45112398
1760988581509,-0.9964739,0.6968445,0.46944994
1760988581512,-0.9978484,0.68462723,0.48899764
1760988581514,-0.9990701,0.6760751,0.50991976
1760988581516,-0.9990701,0.66614854,0.527024
1760988581518,-1.0016663,0.6588182,0.54550266
1760988581521,-0.9966267,0.65026605,0.5662721
1760988581522,-0.9967794,0.6392705,0.58459806
1760988581525,-0.9980011,0.6282749,0.6030767
1760988581528,-0.9931142,0.6220135,0.62018096
1760988581529,-0.99189246,0.61590487,0.6385069
1760988581532,-0.9857838,0.61208695,0.65209866
1760988581535,-0.9746355,0.6058256,0.66798115
1760988581537,-0.9673051,0.59849524,0.6814202
1760988581540,-0.95615685,0.5946773,0.6948592
1760988581541,-0.9437868,0.5945246,0.7058548
1760988581543,-0.9289733,0.59315014,0.7156286
1760988581546,-0.91415983,0.59406644,0.72051555
1760988581548,-0.8969029,0.59391373,0.72784597
1760988581550,-0.87598073,0.59131753,0.7302894
1760988581552,-0.8561276,0.5934556,0.7351763
1760988581554,-0.8352055,0.59574634,0.73746705
1760988581557,-0.8116872,0.59666264,0.73746705
1760988581559,-0.78954333,0.60139686,0.73624533
1760988581562,-0.7722864,0.6049093,0.7338019
1760988581563,-0.7512115,0.6107125,0.7287622
1760988581566,-0.72524977,0.6189592,0.72509706
1760988581568,-0.70539665,0.62858033,0.71761394
1760988581570,-0.68325275,0.63804877,0.70906186
1760988581573,-0.66339964,0.64766985,0.69913524
1760988581576,-0.64476824,0.66339964,0.6918049
1760988581578,-0.6261369,0.677755,0.6806566
1760988581580,-0.60994893,0.6947065,0.67073005
1760988581582,-0.59131753,0.711658,0.65836
1760988581585,-0.57757306,0.731053,0.6461427
1760988581587,-0.56031615,0.74296486,0.6337727
1760988581589,-0.54290646,0.75869465,0.6214027
1760988581592,-0.5316055,0.77564615,0.6078109
1760988581594,-0.5180137,0.79137594,0.59559363
1760988581596,-0.5018258,0.8046622,0.5832236
1760988581598,-0.4868596,0.8228355,0.5708536
1760988581600,-0.47326785,0.83367836,0.55741453
1760988581602,-0.45463645,0.8445212,0.54382277
1760988581604,-0.44104472,0.8541423,0.53038377
1760988581607,-0.4298964,0.86376345,0.516792
1760988581610,-0.41263947,0.8697194,0.5045747
1760988581611,-0.39904773,0.88056225,0.49098295
1760988581614,-0.3866777,0.88422745,0.4775439
1760988581616,-0.36942077,0.88529646,0.4653266
1760988581619,-0.35705075,0.8888089,0.45066583
1760988581621,-0.34116822,0.8875872,0.43600506
1760988581623,-0.32635477,0.8874345,0.42363504
1760988581625,-0.3080288,0.88239485,0.4089743
1760988581628,-0.29336804,0.8761335,0.3932445
1760988581630,-0.27855456,0.8700248,0.377362
1760988581632,-0.25900686,0.8588765,0.36025777
1760988581634,-0.23457226,0.84894997,0.34437528
1760988581637,-0.21502456,0.8353582,0.33093625
1760988581639,-0.1966986,0.81581056,0.31520647
1760988581642,-0.17470746,0.7997753,0.29810223
1760988581644,-0.1516473,0.7788532,0.28115073
1760988581646,-0.12843442,0.75319684,0.26526824
1760988581648,-0.10415252,0.7286095,0.24709499
1760988581651,-0.08353582,0.70280045,0.22770002
1760988581653,-0.05787948,0.6782131,0.2144137
1760988581656,-0.03848451,0.64644814,0.20112738
1760988581657,-0.016646078,0.61834836,0.1815797
1760988581660,0.003970624,0.5900958,0.16707164
1760988581661,0.025809057,0.5644395,0.15378532
1760988581663,0.046578474,0.5386304,0.14172074
1760988581666,0.065973446,0.50686544,0.12843442
1760988581668,0.084146686,0.47861293,0.121256754
1760988581670,0.10354166,0.44806966,0.111635625
1760988581672,0.12293663,0.41981715,0.10186178
1760988581675,0.14110987,0.38927388,0.0983493
1760988581677,0.16294831,0.35735616,0.09483683
1760988581681,0.18112154,0.32788193,0.09132435
1760988581683,0.19807306,0.30100384,0.09392053
1760988581684,0.22250767,0.27152961,0.09896017
1760988581686,0.24190263,0.2396119,0.101556346
1760988581688,0.26389378,0.21013765,0.106595986
1760988581691,0.28695396,0.17944166,0.11530081
1760988581693,0.3126103,0.14630222,0.124005646
1760988581697,0.33933565,0.11071932,0.13271047
1760988581697,0.36377025,0.077579886,0.14278975
1760988581699,0.38805214,0.041996986,0.14782938
1760988581702,0.41493022,0.011148291,0.1601994
1760988581705,0.44043383,-0.02565634,0.16523905
1760988581706,0.4708244,-0.063682705,0.17027868
1760988581709,0.4989242,-0.099265605,0.17531833
1760988581711,0.52564955,-0.13118331,0.17913623
1760988581713,0.55741453,-0.1656972,0.17928895
1760988581716,0.58184916,-0.19517145,0.18310685
1760988581718,0.6087272,-0.22342396,0.18325958
1760988581720,0.63178736,-0.25289822,0.18096884
1760988581722,0.64996064,-0.2761111,0.17501289
1760988581724,0.66828656,-0.29703322,0.17256944
1760988581728,0.68416905,-0.31306845,0.16661349
1760988581730,0.6962337,-0.3277292,0.15561792
1760988581732,0.70722926,-0.34238997,0.14477506
1760988581735,0.7133379,-0.34972036,0.13133603
1760988581737,0.7131852,-0.35338554,0.11789699
1760988581738,0.7118107,-0.356898,0.100792766
1760988581740,0.70814556,-0.35445455,0.08002335
1760988581743,0.7067711,-0.35308012,0.06047566
1760988581745,0.6969972,-0.34804046,0.03726278
1760988581748,0.6834055,-0.34055737,0.013897184
1760988581750,0.6760751,-0.33307427,-0.009315695
1760988581752,0.6563747,-0.31703907,-0.03634648
1760988581754,0.6366743,-0.30085114,-0.064446285
1760988581757,0.6133087,-0.28237244,-0.0926988
1760988581759,0.59498274,-0.26251933,-0.1244638
1760988581762,0.5716171,-0.24022275,-0.1563815
1760988581763,0.54458636,-0.22036964,-0.19074267
1760988581765,0.52015173,-0.19456059,-0.22876903
1760988581768,0.49556443,-0.1685988,-0.2667954
1760988581771,0.47357327,-0.14385876,-0.30604348
1760988581772,0.44776422,-0.12156218,-0.3475823
1760988581774,0.4280638,-0.098043874,-0.3904956
1760988581776,0.40607268,-0.0759,-0.43585235
1760988581779,0.38515055,-0.057268616,-0.48243082
1760988581781,0.3678936,-0.03863723,-0.53130007
1760988581783,0.35308012,-0.018784106,-0.57910025
1760988581785,0.33826664,-0.005192355,-0.6293439
1760988581788,0.32482758,0.009773844,-0.6806566
1760988581790,0.3173445,0.019700404,-0.7333437
1760988581792,0.3135266,0.029626964,-0.7834347
1760988581794,0.3109304,0.0346666,-0.8349001
1760988581797,0.3109304,0.040927973,-0.88254756
1760988581799,0.31322116,0.04352415,-0.9326385
1760988581801,0.32177326,0.04230242,-0.9804387
1760988581803,0.32650748,0.042455133,-1.0256428
1760988581806,0.3361286,0.03268129,-1.0708468
1760988581808,0.3483459,0.027794369,-1.1160508
1760988581811,0.36285394,0.01695151,-1.1575897
1760988581813,0.377362,0.0047342055,-1.1953106
1760988581815,0.39446622,-0.008857546,-1.2319624
1760988581818,0.41386122,-0.024740042,-1.2673926
1760988581820,0.43203443,-0.043066,-1.3002267
1760988581822,0.44898596,-0.06261369,-1.3295482
1760988581824,0.47342056,-0.08353582,-1.3562735
1760988581827,0.49403727,-0.10430524,-1.3807082
1760988581829,0.513585,-0.12522738,-1.4037683
1760988581831,0.5366451,-0.1459968,-1.423316
1760988581834,0.55741453,-0.1693624,-1.4390458
1760988581836,0.5804747,-0.19150625,-1.457219
1760988581838,0.6010914,-0.21960606,-1.4718798
1760988581841,0.625526,-0.24174993,-1.4839444
1760988581843,0.65118235,-0.2602286,-1.4972308
1760988581845,0.6719518,-0.2848159,-1.5082263
1760988581847,0.6976081,-0.30573806,-1.5190692
1760988581850,0.72326446,-0.32177326,-1.5251778
1760988581852,0.7440339,-0.34391713,-1.5335772
1760988581855,0.7684685,-0.3623958,-1.5396858
1760988581857,0.79168135,-0.37720928,-1.5468636
1760988581859,0.81504697,-0.38835758,-1.5505288
1760988581861,0.8382598,-0.39950588,-1.5566374
1760988581864,0.86284715,-0.40591997,-1.5603025
1760988581866,0.8874345,-0.41706824,-1.563815
1760988581867,0.9108001,-0.42455134,-1.5674802
1760988581870,0.9317222,-0.42852196,-1.5699236
1760988581872,0.95386606,-0.43111816,-1.5748106
1760988581874,0.97600996,-0.43493605,-1.577254
1760988581877,0.9993755,-0.43157628,-1.581072
1760988581879,1.0192287,-0.43050727,-1.5859588
1760988581882,1.0425943,-0.42836925,-1.589624
1760988581884,1.0622946,-0.4260785,-1.5969545
1760988581886,1.0809261,-0.41890085,-1.6019942
1760988581888,1.1042917,-0.41431937,-1.6093245
1760988581891,1.122923,-0.4071417,-1.6168076
1760988581893,1.1438452,-0.40011674,-1.6229162
1760988581895,1.1612549,-0.39293906,-1.6326901
1760988581897,1.1797335,-0.3857614,-1.6426166
1760988581899,1.1969905,-0.37980548,-1.6511687
1760988581902,1.2144,-0.37018433,-1.6610953
1760988581904,1.2341005,-0.3642284,-1.6733127
1760988581906,1.2501358,-0.355829,-1.6869044
1760988581908,1.260215,-0.34376442,-1.6991217
1760988581911,1.2762502,-0.3378085,-1.7101172
1760988581914,1.284955,-0.32925636,-1.723709
1760988581915,1.2985468,-0.3220787,-1.7359263
1760988581917,1.3034338,-0.31123585,-1.749518
1760988581920,1.3133603,-0.30390546,-1.7605137
1760988581922,1.3208433,-0.29917124,-1.7751744
1760988581924,1.3257303,-0.2930626,-1.7887661
1760988581926,1.3295482,-0.2845105,-1.8022052
1760988581929,1.3307699,-0.28084528,-1.8156443
1760988581931,1.3307699,-0.27351493,-1.8280143
1760988581933,1.3332134,-0.268628,-1.8390098
1760988581936,1.3295482,-0.2611449,-1.8487836
1760988581939,1.3283265,-0.2574797,-1.8597792
1760988581940,1.3272575,-0.2489276,-1.8660406
1760988581943,1.3235923,-0.24404067,-1.873371
1760988581944,1.320996,-0.24037547,-1.8794796
1760988581946,1.3150401,-0.23167065,-1.8868101
1760988581949,1.311375,-0.22556199,-1.8892535
1760988581951,1.306488,-0.21700987,-1.8955148
1760988581954,1.3040446,-0.20845777,-1.89918
1760988581956,1.297936,-0.2060143,-1.89918
1760988581959,1.2954924,-0.19746219,-1.9004018
1760988581961,1.2944235,-0.18891008,-1.9042196
1760988581963,1.2895365,-0.1826487,-1.9017762
1760988581965,1.2858714,-0.17654006,-1.9005545
1760988581967,1.2809844,-0.1740966,-1.9017762
1760988581969,1.2797627,-0.1704314,-1.8993328
1760988581972,1.2760975,-0.16798794,-1.8968893
1760988581974,1.2799155,-0.16676621,-1.8944459
1760988581976,1.2799155,-0.16554448,-1.8932241
1760988581978,1.2774719,-0.16432275,-1.8932241
1760988581980,1.2762502,-0.16432275,-1.8895589
1760988581983,1.2774719,-0.16554448,-1.8883371
1760988581985,1.2774719,-0.16432275,-1.8883371
1760988581987,1.2762502,-0.16432275,-1.8883371
1760988581990,1.2760975,-0.16676621,-1.8871155
1760988581992,1.2774719,-0.16554448,-1.8895589
1760988581994,1.2724323,-0.16432275,-1.8895589
1760988581997,1.2738068,-0.16187929,-1.8907807
1760988581999,1.272585,-0.15943582,-1.8933768
1760988582001,1.272585,-0.15699236,-1.8933768
1760988582004,1.2701416,-0.15332718,-1.8909334
1760988582006,1.2664764,-0.14844026,-1.8909334
1760988582008,1.2664764,-0.14477506,-1.8860464
1760988582010,1.2641857,-0.13622294,-1.8860464
1760988582012,1.2654073,-0.13133603,-1.8849775
1760988582014,1.2641857,-0.12644911,-1.8813123
1760988582017,1.2643384,-0.12415836,-1.8764253
1760988582019,1.2582297,-0.11911872,-1.8703166
1760988582022,1.2582297,-0.116675265,-1.8678732
1760988582024,1.2545645,-0.11301007,-1.8605428
1760988582026,1.2545645,-0.1142318,-1.8568777
1760988582029,1.2508993,-0.11301007,-1.8507689
1760988582031,1.2484559,-0.116675265,-1.8422168
1760988582033,1.2460123,-0.122783914,-1.8348864
1760988582035,1.2435689,-0.12034045,-1.8251126
1760988582039,1.2373075,-0.12522738,-1.8139644
1760988582040,1.2336423,-0.1301143,-1.8017471
1760988582042,1.2237158,-0.1348485,-1.7895297
1760988582044,1.2176071,-0.13607024,-1.7809776
1760988582047,1.2076806,-0.1421789,-1.7649424
1760988582048,1.1979067,-0.14813483,-1.7502817
1760988582051,1.1879802,-0.1554652,-1.7356209
1760988582054,1.1756102,-0.15775596,-1.7183639
1760988582055,1.1620184,-0.16615535,-1.7012597
1760988582058,1.1508701,-0.17470746,-1.6815593
1760988582061,1.1362094,-0.18066339,-1.6595682
1760988582062,1.1224649,-0.19394971,-1.6398678
1760988582064,1.1052079,-0.20723604,-1.6166549
1760988582067,1.0928379,-0.21578814,-1.5932893
1760988582069,1.075581,-0.22785273,-1.5676329
1760988582071,1.059393,-0.24236079,-1.5393804
1760988582073,1.0458013,-0.2519819,-1.5099062
1760988582076,1.0297661,-0.26542094,-1.483028
1760988582078,1.0125091,-0.28115073,-1.4523321
1760988582080,0.9989174,-0.29443705,-1.4228579
1760988582082,0.9877691,-0.30665436,-1.3910929
1760988582085,0.9691377,-0.32482758,-1.3591752
1760988582087,0.95432425,-0.33933565,-1.3260357
1760988582089,0.9419542,-0.3491095,-1.2953397
1760988582092,0.9283624,-0.36483926,-1.2635747
1760988582094,0.9147707,-0.37812558,-1.2304354
1760988582096,0.9036224,-0.3903429,-1.1985176
1760988582099,0.8961393,-0.4025602,-1.1667526
1760988582101,0.883922,-0.40866885,-1.1323915
1760988582103,0.87766063,-0.42088616,-1.0994047
1760988582106,0.8691085,-0.4268421,-1.0687088
1760988582107,0.8593347,-0.43295074,-1.0369438
1760988582110,0.8544478,-0.43554693,-1.0027353
1760988582112,0.8483391,-0.4392121,-0.97203934
1760988582114,0.8434522,-0.4428773,-0.93783087
1760988582117,0.838718,-0.44043383,-0.9060659
1760988582120,0.8313876,-0.44043383,-0.8755226
1760988582121,0.82527894,-0.44180828,-0.8400924
1760988582124,0.8205447,-0.43692136,-0.80832744
1760988582126,0.8181013,-0.43096542,-0.7790059
1760988582128,0.8145888,-0.4297437,-0.7472409
1760988582130,0.80970186,-0.42852196,-0.7154759
1760988582133,0.8037459,-0.42623124,-0.6824892
1760988582135,0.7976373,-0.42378777,-0.6543894
1760988582137,0.7903069,-0.4213443,-0.6262896
1760988582141,0.784351,-0.4213443,-0.59315014
1760988582142,0.77946407,-0.4250095,-0.56138515
1760988582145,0.7684685,-0.42378777,-0.5320636
1760988582146,0.75747293,-0.4250095,-0.5002986
1760988582149,0.7451029,-0.42745295,-0.46975538
1760988582151,0.7328856,-0.42745295,-0.44028112
1760988582154,0.7182248,-0.4334089,-0.40973786
1760988582156,0.70341134,-0.4382958,-0.3755294
1760988582158,0.68737614,-0.44303003,-0.3436117
1760988582160,0.66889745,-0.4538729,-0.310625
1760988582162,0.6554584,-0.45875978,-0.2750421
1760988582165,0.6382015,-0.46471575,-0.24083363
1760988582167,0.61850107,-0.47326785,-0.20525073
1760988582169,0.6036876,-0.4877759,-0.1684461
1760988582171,0.5839872,-0.4998405,-0.12935072
1760988582174,0.5655085,-0.51083606,-0.09010262
1760988582176,0.54321194,-0.52412236,-0.049632803
1760988582178,0.52473325,-0.536187,-0.010537425
1760988582181,0.5038111,-0.54702985,0.03359759
1760988582182,0.4802928,-0.56398135,0.07162395
1760988582186,0.46181414,-0.58093286,0.116980694
1760988582188,0.44089198,-0.59421915,0.15622878
1760988582190,0.41981715,-0.6087272,0.20021108
1760988582192,0.398895,-0.6221663,0.24190263
1760988582195,0.38026363,-0.6403395,0.2835942
1760988582197,0.36178493,-0.6597345,0.32406402
1760988582199,0.34315357,-0.6754643,0.3669773
1760988582201,0.32834008,-0.69134676,0.40866885
1760988582203,0.3135266,-0.70829827,0.44791695
1760988582206,0.29993483,-0.72173727,0.48579058
1760988582209,0.2875648,-0.73991054,0.52381694
1760988582211,0.27397305,-0.75579304,0.55939984
1760988582212,0.26160303,-0.7715228,0.593761
1760988582215,0.25167647,-0.7849618,0.63041294
1760988582216,0.24174993,-0.8019133,0.6647741
1760988582220,0.23304509,-0.8165741,0.700357
1760988582221,0.22449298,-0.82512623,0.732122
1760988582224,0.2133447,-0.8385653,0.7664832
1760988582227,0.20479257,-0.8434522,0.7996226
1760988582228,0.19608775,-0.853226,0.83016586
1760988582230,0.1863139,-0.86162543,0.86086184
1760988582233,0.1788308,-0.8713993,0.8914051
1760988582235,0.17272215,-0.87872964,0.92072666
1760988582238,0.16172658,-0.88117313,0.95142263
1760988582239,0.15439619,-0.88361657,0.9807441
1760988582241,0.14569137,-0.8872818,1.0100657
1760988582244,0.14080444,-0.890947,1.0381655
1760988582247,0.13607024,-0.8921687,1.0651963
1760988582249,0.12736541,-0.89461213,1.0896308
1760988582251,0.1226312,-0.8933904,1.1140655
1760988582253,0.11530081,-0.8921687,1.1385001
1760988582255,0.106595986,-0.8958339,1.1604912
1760988582258,0.10430524,-0.8970556,1.1788172
1760988582260,0.09437868,-0.8958339,1.1946996
1760988582261,0.08582657,-0.89461213,1.2082914
1760988582264,0.08093964,-0.89461213,1.2253957
1760988582266,0.0711658,-0.8932377,1.2351695
1760988582268,0.058948494,-0.8883508,1.2437216
1760988582272,0.046578474,-0.8881981,1.2473868
1760988582273,0.0355829,-0.87964594,1.2508993
1760988582275,0.015882496,-0.8744536,1.2521211
1760988582277,0.0012217305,-0.86590147,1.2496775
1760988582279,-0.025809057,-0.8533788,1.2472341
1760988582282,-0.052839845,-0.8445212,1.2399037
1760988582284,-0.08109236,-0.82711154,1.2299771
1760988582287,-0.115453534,-0.80970186,1.2177598
1760988582289,-0.15225816,-0.7910705,1.2053899
1760988582291,-0.19043724,-0.7699956,1.1931726
1760988582293,-0.23579398,-0.7463246,1.1795808
1760988582296,-0.28115073,-0.72265357,1.1636983
1760988582298,-0.32910365,-0.69898254,1.1464413
1760988582300,-0.37827832,-0.6728681,1.1279627
1760988582302,-0.4335616,-0.6453791,1.109484
1760988582305,-0.48624873,-0.61315596,1.0923798
1760988582307,-0.54260105,-0.57604593,1.0751228
1760988582309,-0.5954409,-0.5401576,1.0590876
1760988582311,-0.65301496,-0.50656,1.0418307
1760988582314,-0.70814556,-0.47067168,1.0319041
1760988582316,-0.75961095,-0.43127087,1.0181596
1760988582318,-0.8135198,-0.38927388,1.0057896
1760988582321,-0.86376345,-0.35094208,0.9958631
1760988582323,-0.9101892,-0.313832,0.98837996
1760988582325,-0.9604329,-0.27320948,0.9796751
1760988582327,-1.0031935,-0.23258694,0.9746355
1760988582330,-1.0458013,-0.18952094,0.9718866
1760988582332,-1.0873401,-0.15134187,0.97173387
1760988582335,-1.1239921,-0.113162786,0.97402465
1760988582336,-1.1643091,-0.072540246,0.9787588
1760988582339,-1.1995866,-0.036957346,0.98837996
1760988582341,-1.2301298,-1.5271631E-4,1.0004445
1760988582343,-1.2592987,0.032986723,1.0125091
1760988582346,-1.2848023,0.06490443,1.0319041
1760988582348,-1.3115277,0.094225965,1.0525209
1760988582350,-1.3333662,0.12370021,1.0731375
1760988582352,-1.3515394,0.1518,1.0986412
1760988582355,-1.3648257,0.17745635,1.1267409
1760988582357,-1.378112,0.1957823,1.1522446
1760988582359,-1.3888022,0.21517728,1.1827878
1760988582361,-1.3959798,0.22861631,1.2119566
1760988582363,-1.400714,0.2443461,1.2425
1760988582366,-1.3979651,0.2564107,1.2741122
1760988582368,-1.3965907,0.26847526,1.3034338
1760988582371,-1.3952162,0.27931812,1.3315336
1760988582373,-1.3901765,0.2780964,1.3596333
1760988582375,-1.3788756,0.2875648,1.3826935
1760988582378,-1.3713925,0.2959642,1.4071281
1760988582380,-1.3602442,0.29458976,1.4278975
1760988582382,-1.3477215,0.29565877,1.4462235
1760988582384,-1.3377949,0.300393,1.4633276
1760988582387,-1.3254249,0.30741793,1.4779885
1760988582388,-1.3092369,0.30970868,1.4865406
1760988582391,-1.2968669,0.31688634,1.4924965
1760988582393,-1.2857187,0.31673363,1.4973835
1760988582396,-1.2757921,0.32146785,1.4998269
1760988582398,-1.2646438,0.32742378,1.4973835
1760988582400,-1.2560917,0.32986724,1.4949399
1760988582403,-1.2473868,0.33582318,1.4874569
1760988582405,-1.2411255,0.345597,1.4789047
1760988582406,-1.2374603,0.35170567,1.4665347
1760988582409,-1.2299771,0.36254853,1.4530957
1760988582411,-1.227381,0.3735441,1.4372132
1760988582414,-1.2237158,0.37965274,1.4187346
1760988582416,-1.2198979,0.3930918,1.3991868
1760988582418,-1.2174544,0.40286562,1.3745996
1760988582420,-1.2136365,0.41508293,1.3513867
1760988582422,-1.2099713,0.42852196,1.3267993
1760988582425,-1.208597,0.43951756,1.2999213
1760988582427,-1.2012665,0.4529566,1.2728904
1760988582429,-1.199892,0.46395215,1.244638
1760988582432,-1.19134,0.47739118,1.212873
1760988582434,-1.1863003,0.4908302,1.1846204
1760988582437,-1.1812607,0.50426924,1.1539245
1760988582439,-1.1763737,0.5177083,1.1209377
1760988582441,-1.1688906,0.5323691,1.0902418
1760988582443,-1.162782,0.54092115,1.0584768
1760988582446,-1.1516337,0.5529858,1.026559
1760988582449,-1.1441506,0.5652031,0.99464136
1760988582450,-1.1355985,0.57986385,0.9653198
1760988582452,-1.125672,0.59315014,0.93462384
1760988582455,-1.1133019,0.6053675,0.9053023
1760988582457,-1.0997101,0.61010164,0.8770498
1760988582460,-1.0861185,0.6198755,0.8501717
1760988582461,-1.0725267,0.62949663,0.82924956
1760988582464,-1.0589349,0.6392705,0.80481493
1760988582466,-1.0428997,0.64644814,0.7863363
1760988582468,-1.0305296,0.6560693,0.7655669
1760988582471,-1.0206031,0.6646214,0.7495316
1760988582473,-1.0033462,0.67164636,0.73731434
1760988582475,-0.98975444,0.6814202,0.7237226
1760988582478,-0.97494096,0.68859786,0.7139487
1760988582480,-0.958753,0.69806623,0.7076874
1760988582482,-0.946383,0.70539665,0.6966918
1760988582484,-0.93645644,0.7125743,0.6942484
1760988582487,-0.9265299,0.7173085,0.6892087
1760988582489,-0.91538155,0.7244862,0.68676525
1760988582491,-0.9078985,0.7330383,0.68310004
1760988582493,-0.89675015,0.73655075,0.68310004
1760988582496,-0.8881981,0.73639804,0.6817256
1760988582497,-0.87949324,0.74006325,0.68294734
1760988582500,-0.8695667,0.742354,0.68416905
1760988582503,-0.8597928,0.74464476,0.68416905
1760988582504,-0.851088,0.7507534,0.68661255
1760988582507,-0.8436049,0.7506007,0.68783426
1760988582509,-0.8374963,0.7518224,0.689056
1760988582511,-0.82879144,0.75533485,0.690125
1760988582514,-0.8237518,0.75762564,0.6925685
1760988582516,-0.8176431,0.75884736,0.6950119
1760988582518,-0.8151997,0.7600691,0.6950119
1760988582520,-0.80771655,0.7672467,0.6925685
1760988582523,-0.8051204,0.7733554,0.6925685
1760988582525,-0.8026769,0.77824235,0.6924158
1760988582527,-0.8038987,0.7819075,0.68875057
1760988582530,-0.8063421,0.7855727,0.68630713
1760988582532,-0.8037459,0.7939721,0.68630713
1760988582534,-0.80741113,0.79901177,0.6814202
1760988582536,-0.8135198,0.80756384,0.678824
1760988582538,-0.817185,0.81245077,0.67271537
1760988582540,-0.8232936,0.8246681,0.66782844
1760988582543,-0.82436264,0.83199847,0.66416323
1760988582546,-0.82802784,0.84436846,0.6579019
1760988582548,-0.8352055,0.8565858,0.65057147
1760988582550,-0.8400924,0.86635965,0.64553183
1760988582552,-0.8437576,0.8773552,0.6406449
1760988582555,-0.84742284,0.88712907,0.63453627
1760988582557,-0.8509353,0.90301156,0.6282749
1760988582560,-0.8570439,0.91415983,0.6221663
1760988582562,-0.8593347,0.9275989,0.61712664
1760988582564,-0.8604037,0.93859446,0.6085745
1760988582566,-0.86162543,0.94959,0.6010914
1760988582568,-0.85902923,0.9592112,0.59498274
1760988582570,-0.8565858,0.96776325,0.5876524
1760988582573,-0.8539896,0.9787588,0.581391
1760988582575,-0.84894997,0.9848675,0.57650405
1760988582577,-0.84650654,0.9944886,0.5702427
1760988582580,-0.8390234,1.001819,0.5653558
1760988582582,-0.83276206,1.0053315,0.56169057
1760988582584,-0.8240572,1.0114402,0.55924714
1760988582586,-0.8155051,1.0186177,0.5529858
1760988582589,-0.80924374,1.0198395,0.5493206
1760988582591,-0.7993172,1.023352,0.54443365
1760988582593,-0.79076505,1.0280862,0.54076844
1760988582595,-0.7808385,1.0256428,0.5371033
1760988582598,-0.77350813,1.0267117,0.5346598
1760988582600,-0.7623598,1.02549,0.53221637
1760988582602,-0.7489208,1.0216721,0.5297729
1760988582604,-0.73792523,1.0166324,0.52732944
1760988582607,-0.7279987,1.014189,0.52610767
1760988582610,-0.71578133,1.0091494,0.52488595
1760988582611,-0.70478576,1.0030408,0.52366424
1760988582614,-0.6960809,0.9967794,0.52122074
1760988582616,-0.68630713,0.98822725,0.5224425
1760988582619,-0.676686,0.9746355,0.52015173
1760988582621,-0.66446865,0.9611965,0.5213735
1760988582623,-0.65484756,0.9428705,0.5203045
1760988582625,-0.6426302,0.9305005,0.5203045
1760988582627,-0.63285637,0.91339624,0.51923543
1760988582630,-0.62690043,0.89629203,0.516792
1760988582632,-0.6197228,0.88163126,0.515723
1760988582634,-0.61361414,0.86330533,0.515723
1760988582636,-0.6076582,0.84864455,0.5170974
1760988582639,-0.60048056,0.83031857,0.5148067
1760988582641,-0.59803706,0.8168796,0.5172501
1760988582643,-0.59574634,0.7997753,0.5186246
1760988582646,-0.59712076,0.787558,0.5161811
1760988582648,-0.59483004,0.7716755,0.5151121
1760988582650,-0.59864795,0.75716746,0.5163339
1760988582652,-0.6001751,0.74006325,0.5164866
1760988582655,-0.60154957,0.72311175,0.5141958
1760988582657,-0.6065892,0.7121162,0.5141958
1760988582659,-0.61651576,0.7012733,0.51053065
1760988582662,-0.6241516,0.68798697,0.50946164
1760988582664,-0.63163465,0.68203104,0.5045747
1760988582666,-0.6403395,0.6724099,0.5010622
1760988582668,-0.65148777,0.6627888,0.49861875
1760988582670,-0.6626361,0.6617198,0.49373183
1760988582673,-0.6774496,0.6582073,0.48640144
1760988582675,-0.6947065,0.6595817,0.4802928
1760988582677,-0.7108944,0.6560693,0.47678033
1760988582679,-0.7305948,0.6612616,0.46929723
1760988582682,-0.7502952,0.66507953,0.46196684
1760988582684,-0.7699956,0.67011917,0.45463645
1760988582686,-0.79336125,0.677755,0.44608435
1760988582689,-0.81413066,0.6889033,0.43753225
1760988582691,-0.8338311,0.69898254,0.42653665
1760988582693,-0.8571966,0.7076874,0.41783184
1760988582695,-0.8793405,0.7153232,0.408058
1760988582698,-0.9027061,0.72158456,0.39706242
1760988582700,-0.9260717,0.73655075,0.38606682
1760988582702,-0.9494373,0.74281216,0.37873647
1760988582704,-0.97402465,0.75411314,0.37125334
1760988582707,-0.9998337,0.76052725,0.36392298
1760988582709,-1.0158689,0.7716755,0.3565926
1760988582711,-1.0367911,0.78038037,0.35048392
1760988582714,-1.0563387,0.78786343,0.34681875
1760988582716,-1.0760391,0.79412484,0.3417791
1760988582719,-1.0896308,0.796721,0.33933565
1760988582720,-1.1055133,0.8054258,0.3381139
1760988582722,-1.1203269,0.8116872,0.34055737
1760988582725,-1.1313224,0.820392,0.3417791
1760988582727,-1.1374311,0.8240572,0.34422258
1760988582729,-1.1459832,0.82772243,0.3454443
1760988582731,-1.1533136,0.8315403,0.35033122
1760988582734,-1.1569787,0.83031857,0.35643986
1760988582736,-1.1582005,0.83276206,0.36010507
1760988582738,-1.1594223,0.8315403,0.36865717
1760988582740,-1.1594223,0.83031857,0.3735441
1760988582742,-1.1569787,0.82894415,0.3820962
1760988582745,-1.1533136,0.82527894,0.39064834
1760988582747,-1.1496484,0.8228355,0.39920044
1760988582750,-1.1433871,0.8177959,0.40775254
1760988582752,-1.1372783,0.8116872,0.4175264
1760988582754,-1.1311697,0.8054258,0.4286747
1760988582756,-1.125061,0.8029824,0.43600506
1760988582761,-1.1238394,0.7979427,0.44700065
1760988582762,-1.1177307,0.7857254,0.45799622
1760988582763,-1.111622,0.7808385,0.46792278
1760988582765,-1.1078042,0.77824235,0.47891834
1760988582767,-1.1079569,0.7684685,0.49235737
1760988582770,-1.1067351,0.7623598,0.5045747
1760988582772,-1.1079569,0.75747293,0.5181664
1760988582774,-1.110553,0.7476991,0.5316055
1760988582777,-1.1154399,0.7415904,0.54504454
1760988582778,-1.1217014,0.73426,0.559858
1760988582780,-1.1290317,0.7270824,0.5720753
1760988582783,-1.1351403,0.72586066,0.58551437
1760988582785,-1.1438452,0.7174612,0.5991061
1760988582787,-1.1549934,0.7113526,0.61010164
1760988582790,-1.1624765,0.70539665,0.6186538
1760988582792,-1.1736249,0.6968445,0.6310238
1760988582794,-1.1809553,0.6933321,0.6395759
1760988582796,-1.1859949,0.68600166,0.64812803
1760988582799,-1.1933253,0.68233645,0.65668017
1760988582801,-1.1971432,0.6776023,0.6629415
1760988582803,-1.1995866,0.6739371,0.66905016
1760988582806,-1.1995866,0.66905016,0.6739371
1760988582808,-1.1983649,0.66416323,0.6776023
1760988582810,-1.1972959,0.6580546,0.678824
1760988582812,-1.1924089,0.6568329,0.6800457
1760988582815,-1.1849259,0.65668017,0.678824
1760988582817,-1.1775955,0.6542367,0.6763805
1760988582819,-1.1688906,0.6553057,0.6763805
1760988582822,-1.1603385,0.6588182,0.6739371
1760988582824,-1.150412,0.6637051,0.6739371
1760988582826,-1.1378893,0.6721045,0.66889745
1760988582828,-1.1255192,0.6780604,0.6640105
1760988582831,-1.1107057,0.690125,0.6579019
1760988582833,-1.0983357,0.70096785,0.65041876
1760988582835,-1.0809261,0.7142542,0.6441574
1760988582837,-1.0647382,0.7286095,0.63804877
1760988582839,-1.0497719,0.7431176,0.63178736
1760988582842,-1.0323622,0.75640386,0.6232353
1760988582844,-1.0138836,0.7707592,0.61819565
1760988582847,-0.9975429,0.78893244,0.6107125
1760988582849,-0.9776898,0.8046622,0.6032294
1760988582852,-0.9602802,0.821461,0.59589905
1760988582853,-0.9440922,0.8396343,0.5871942
1760988582856,-0.9230174,0.8539896,0.57848936
1760988582858,-0.9094256,0.86849767,0.5697846
1760988582860,-0.89568114,0.8866709,0.56001073
1760988582863,-0.88331115,0.89751375,0.5500842
1760988582865,-0.86345804,0.9095783,0.5403103
1760988582867,-0.8498663,0.91797775,0.5328272
1760988582870,-0.8399397,0.9275989,0.52183163
1760988582872,-0.82619524,0.93844175,0.5119051
1760988582874,-0.81016004,0.9443977,0.50335294
1760988582876,-0.79779,0.94806284,0.49602258
1760988582879,-0.7829765,0.95157534,0.48731774
1760988582881,-0.7707592,0.95142263,0.47998735
1760988582883,-0.7583892,0.9549351,0.4689918
1760988582886,-0.7449502,0.95249164,0.45921794
1760988582888,-0.7313584,0.95111716,0.45188758
1760988582890,-0.7153232,0.9460775,0.44333544
1760988582892,-0.70188415,0.93859446,0.4372268
1760988582895,-0.6872234,0.93492925,0.4286747
1760988582897,-0.6724099,0.9286679,0.42012256
1760988582899,-0.6553057,0.9211848,0.41279218
1760988582901,-0.6394232,0.9149234,0.40546182
1760988582904,-0.62598413,0.9063713,0.39706242
1760988582906,-0.6062838,0.89644474,0.38728857
1760988582908,-0.5879578,0.8865182,0.37751472
1760988582910,-0.5684101,0.87781334,0.36896262
1760988582913,-0.5511532,0.8668178,0.35796702
1760988582915,-0.53038377,0.8568912,0.3471242
1760988582917,-0.5145013,0.8481864,0.3361286
1760988582919,-0.49602258,0.841925,0.3239113
1760988582922,-0.47647488,0.83077675,0.311694
1760988582924,-0.45814893,0.8232936,0.30069843
1760988582926,-0.43982297,0.81596327,0.28603765
1760988582929,-0.4213443,0.80481493,0.27152961
1760988582931,-0.409127,0.7974846,0.2556471
1760988582932,-0.3895793,0.787558,0.24220806
1760988582935,-0.37491855,0.77640975,0.22388211
1760988582938,-0.3640757,0.7690793,0.20799962
1760988582940,-0.3494149,0.75808376,0.1910481
1760988582942,-0.33841935,0.7518224,0.17516561
1760988582944,-0.3286455,0.744492,0.15806139
1760988582947,-0.31764993,0.7334964,0.13973543
1760988582948,-0.30925053,0.7237226,0.1226312
1760988582951,-0.30192015,0.7163922,0.10552697
1760988582954,-0.29352075,0.70906186,0.08979719
1760988582956,-0.28619036,0.699288,0.070249505
1760988582958,-0.28023443,0.6907359,0.055588737
1760988582960,-0.27779096,0.680962,0.040927973
1760988582963,-0.27550024,0.67256266,0.028863383
1760988582965,-0.27076602,0.66645396,0.014202617
1760988582968,-0.26465738,0.6579019,0.001985312
1760988582970,-0.25977045,0.64934975,-0.011453724
1760988582972,-0.2574797,0.63591075,-0.02107485
1760988582974,-0.24785857,0.6273586,-0.029626964
1760988582976,-0.2405282,0.6151413,-0.036957346
1760988582979,-0.23701571,0.602924,-0.041691553
1760988582981,-0.22968534,0.5907067,-0.042913284
1760988582983,-0.22357668,0.58093286,-0.045356743
1760988582985,-0.21395555,0.5685628,-0.047647487
1760988582988,-0.20662516,0.5563455,-0.04520403
1760988582990,-0.19685133,0.54534996,-0.043829583
1760988582992,-0.18829921,0.5329799,-0.03894266
1760988582994,-0.17852537,0.52320606,-0.034055736
1760988582996,-0.16752979,0.50961435,-0.027794369
1760988582999,-0.15409076,0.5009095,-0.022907447
1760988583002,-0.13942999,0.49220467,-0.018020526
1760988583004,-0.12721269,0.47998735,-0.014202617
1760988583006,-0.11484267,0.47128254,-0.006872234
1760988583008,-0.095294975,0.46135598,-0.004428773
1760988583010,-0.08170322,0.4550946,-0.0032070426
1760988583012,-0.05955936,0.4476115,4.5814895E-4
1760988583015,-0.042455133,0.44257188,4.5814895E-4
1760988583017,-0.02397646,0.4363105,-0.0018325958
1760988583019,-0.0030543262,0.4298964,-0.0030543262
1760988583022,0.02031127,0.42363504,-0.007941248
1760988583024,0.036193766,0.41981715,-0.01282817
1760988583026,0.05589417,0.4184427,-0.023823744
1760988583028,0.07803804,0.41340306,-0.032375857
1760988583031,0.096516706,0.41080686,-0.044593163
1760988583033,0.119729586,0.40454552,-0.0580322
1760988583035,0.14065172,0.40561453,-0.075289145
1760988583037,0.16157386,0.40546182,-0.09483683
1760988583039,0.182496,0.40530908,-0.11438452
1760988583042,0.20341812,0.4014912,-0.13515393
1760988583044,0.22296582,0.40011674,-0.16081028
1760988583046,0.24266621,0.39752057,-0.18768835
1760988583049,0.2611449,0.3987423,-0.21105394
1760988583052,0.27947086,0.39736784,-0.23915374
1760988583053,0.29535335,0.3923282,-0.26725355
1760988583055,0.31245756,0.3911065,-0.29901853
1760988583058,0.33215797,0.38973203,-0.3295618
1760988583060,0.345597,0.38240165,-0.36377025
1760988583062,0.36132678,0.37507126,-0.39675698
1760988583065,0.3747658,0.3640757,-0.4297437
1760988583067,0.38805214,0.35185838,-0.46517387
1760988583069,0.40011674,0.33964106,-0.4992296
1760988583071,0.40851614,0.32635477,-0.53221637
1760988583074,0.41813725,0.31413746,-0.5652031
1760988583076,0.4277584,0.29703322,-0.59681535
1760988583078,0.4361578,0.27885997,-0.6273586
1760988583080,0.4445572,0.26053402,-0.6589709
1760988583083,0.45158213,0.23991732,-0.68707067
1760988583085,0.45998153,0.21792617,-0.713796
1760988583088,0.46578476,0.19120082,-0.7368562
1760988583090,0.4728097,0.16310102,-0.7648033
1760988583092,0.48349985,0.13271047,-0.7866417
1760988583094,0.49174652,0.10094548,-0.8060367
1760988583097,0.49632803,0.0693332,-0.8205447
1760988583099,0.50701815,0.03390302,-0.8362745
1760988583100,0.5177083,-0.0025961774,-0.84956086
1760988583103,0.5332854,-0.044135015,-0.85902923
1760988583105,0.5439755,-0.08323039,-0.86742866
1760988583107,0.5571091,-0.12965615,-0.8746063
1760988583110,0.5726862,-0.17363845,-0.87674433
1760988583112,0.5907067,-0.21762075,-0.87781334
1760988583114,0.61117065,-0.2640465,-0.87872964
1760988583117,0.6291912,-0.30695978,-0.87857693
1760988583120,0.65225136,-0.35216382,-0.875828
1760988583122,0.6739371,-0.39752057,-0.8756753
1760988583124,0.6945538,-0.43783766,-0.8741482
1760988583126,0.71883565,-0.47708577,-0.8703303
1760988583128,0.74067414,-0.5102252,-0.8689558
1760988583131,0.7600691,-0.54458636,-0.86758137
1760988583133,0.77946407,-0.5714644,-0.86742866
1760988583135,0.8026769,-0.59605175,-0.8697194
1760988583137,0.8197812,-0.61575216,-0.8720101
1760988583140,0.8355109,-0.63178736,-0.8744536
1760988583143,0.8503244,-0.6415612,-0.88300574
1760988583144,0.86498517,-0.6478226,-0.8915578
1760988583146,0.8784242,-0.64904433,-0.90377516
1760988583149,0.8883508,-0.6479753,-0.91965765
1760988583151,0.89949906,-0.6406449,-0.93431836
1760988583153,0.9069822,-0.6273586,-0.95279706
1760988583156,0.91690874,-0.6151413,-0.96990126
1760988583158,0.9195049,-0.5945246,-0.99204516
1760988583160,0.92072666,-0.57742035,-1.014189
1760988583163,0.9210321,-0.5505423,-1.0375546
1760988583165,0.91996306,-0.52732944,-1.0621419
1760988583167,0.91645056,-0.49312097,-1.0867293
1760988583169,0.91431254,-0.4625777,-1.1100949
1760988583171,0.9083566,-0.42959097,-1.1397219
1760988583174,0.89751375,-0.39522982,-1.1643091
1760988583175,0.88789266,-0.35979962,-1.1901182
1760988583178,0.875828,-0.32055154,-1.2185235
1760988583180,0.86391616,-0.28512135,-1.2431108
1760988583183,0.8516989,-0.25320363,-1.2701416
1760988583185,0.8359691,-0.21884248,-1.2961034
1760988583187,0.8226828,-0.18341228,-1.3219124
1760988583190,0.8045095,-0.15271631,-1.3440562
1760988583191,0.788627,-0.122020334,-1.3662001
1760988583194,0.77411896,-0.09132435,-1.3871223
1760988583196,0.75945824,-0.06795876,-1.4080443
1760988583198,0.7486154,-0.04352415,-1.4289665
1760988583201,0.73273283,-0.021380283,-1.4462235
1760988583203,0.72173727,7.6358154E-4,-1.4657712
1760988583205,0.7121162,0.018020526,-1.483028
1760988583207,0.70234233,0.03390302,-1.4990633
1760988583209,0.6925685,0.049938235,-1.5112807
1760988583212,0.68523806,0.05971208,-1.5247196
1760988583215,0.6779077,0.06963864,-1.5370897
1760988583217,0.6742425,0.07819075,-1.5505288
1760988583218,0.67057735,0.08674286,-1.5628988
1760988583221,0.66813385,0.09056077,-1.5738943
1760988583223,0.6693556,0.0954477,-1.5836681
1760988583226,0.66691214,0.09911288,-1.5946637
1760988583229,0.66691214,0.101556346,-1.6007724
1760988583231,0.66813385,0.10277808,-1.6093245
1760988583233,0.6693556,0.101556346,-1.6142114
1760988583235,0.6742425,0.09789115,-1.6190983
1760988583237,0.68035114,0.094225965,-1.625207
1760988583240,0.68768156,0.09285152,-1.6288722
1760988583242,0.6925685,0.089186326,-1.6337591
1760988583243,0.6986771,0.089186326,-1.6362026
1760988583247,0.7098254,0.08536842,-1.638646
1760988583248,0.71959925,0.08170322,-1.6410894
1760988583251,0.7281514,0.08032878,-1.6423112
1760988583253,0.7368562,0.079107046,-1.6423112
1760988583255,0.7441866,0.0777326,-1.6471981
1760988583258,0.75655663,0.075289145,-1.6459764
1760988583260,0.7713701,0.076358154,-1.6471981
1760988583262,0.7811439,0.07498371,-1.6471981
1760988583265,0.79229224,0.07360926,-1.6496416
1760988583266,0.8071057,0.07345655,-1.6508633
1760988583269,0.8206975,0.07574729,-1.6520851
1760988583271,0.83291477,0.07819075,-1.6534595
1760988583274,0.8428413,0.07803804,-1.655903
1760988583275,0.8539896,0.079107046,-1.6595682
1760988583277,0.8651379,0.08384126,-1.6620116
1760988583279,0.8749117,0.088728175,-1.6681203
1760988583282,0.88239485,0.092240654,-1.6717855
1760988583284,0.8935431,0.09590584,-1.676825
1760988583286,0.90224797,0.10308351,-1.681712
1760988583288,0.9071349,0.10919216,-1.6853772
1760988583291,0.914618,0.11636983,-1.6916386
1760988583293,0.91965765,0.12492194,-1.6953038
1760988583296,0.925919,0.13209961,-1.6977472
1760988583298,0.9295842,0.14065172,-1.7015651
1760988583300,0.93462384,0.14782938,-1.7015651
1760988583302,0.93599826,0.15760323,-1.7015651
1760988583305,0.93722,0.16126843,-1.7027869
1760988583307,0.93859446,0.1685988,-1.7041613
1760988583309,0.94225967,0.17577648,-1.7029396
1760988583312,0.9424124,0.18066339,-1.7029396
1760988583313,0.9411906,0.18310685,-1.7017179
1760988583316,0.9411906,0.18188512,-1.696831
1760988583318,0.9424124,0.18310685,-1.6907222
1760988583321,0.9424124,0.17944166,-1.6858354
1760988583323,0.9399689,0.1769982,-1.678505
1760988583325,0.93859446,0.16966783,-1.6711746
1760988583328,0.93615097,0.16355917,-1.6612481
1760988583329,0.93126404,0.15622878,-1.6514742
1760988583332,0.9298896,0.14889841,-1.6417004
1760988583334,0.9250027,0.14049901,-1.630552
1760988583336,0.9236283,0.1282817,-1.6195564
1760988583338,0.9210321,0.12095132,-1.6061175
1760988583341,0.91858864,0.111177474,-1.591304
1760988583343,0.91354895,0.09773844,-1.5766432
1760988583345,0.91354895,0.08552113,-1.5593863
1760988583347,0.9109528,0.0720821,-1.5421293
1760988583350,0.9083566,0.059864793,-1.5262468
1760988583353,0.9082039,0.04153884,-1.5089899
1760988583354,0.9118691,0.029321533,-1.4906639
1760988583356,0.91797775,0.014660766,-1.4709635
1760988583359,0.92271197,-0.0038179078,-1.4524848
1760988583362,0.9251554,-0.020922136,-1.4329371
1760988583364,0.93492925,-0.03680463,-1.4144585
1760988583366,0.9434814,-0.051618114,-1.3973542
1760988583368,0.95203346,-0.06765333,-1.3764321
1760988583370,0.9618073,-0.08231409,-1.3544409
1760988583373,0.9728029,-0.099571034,-1.3322971
1760988583375,0.9850202,-0.10949759,-1.3139712
1760988583377,0.9972375,-0.12064589,-1.2906055
1760988583380,1.0108292,-0.13545936,-1.2722796
1760988583382,1.0207558,-0.13927728,-1.2476922
1760988583384,1.0305296,-0.1479821,-1.2208142
1760988583386,1.0428997,-0.15790866,-1.1976013
1760988583389,1.0526736,-0.16661349,-1.1754575
1760988583391,1.0601566,-0.17287487,-1.1510228
1760988583393,1.067487,-0.1779145,-1.1290317
1760988583395,1.0737484,-0.18417588,-1.1070405
1760988583398,1.0786353,-0.19028452,-1.0836749
1760988583400,1.0786353,-0.19776763,-1.0592403
1760988583402,1.079857,-0.20265454,-1.0348058
1760988583405,1.0761919,-0.20265454,-1.0091494
1760988583407,1.066418,-0.205098,-0.9821186
1760988583409,1.0603093,-0.21120666,-0.957684
1760988583412,1.0479393,-0.21731532,-0.93202764
1760988583414,1.0381655,-0.2171626,-0.90392786
1760988583416,1.0235047,-0.22204952,-0.8793405
1760988583418,1.0038043,-0.22311853,-0.84879726
1760988583421,0.98654735,-0.22785273,-0.818254
1760988583424,0.96684694,-0.23762658,-0.78877974
1760988583425,0.9459248,-0.24602598,-0.76052725
1760988583428,0.91996306,-0.2554944,-0.7312057
1760988583430,0.89659745,-0.26633725,-0.7005097
1760988583433,0.8669705,-0.27947086,-0.66859204
1760988583434,0.839787,-0.28909197,-0.63438356
1760988583437,0.8126035,-0.30115658,-0.6000224
1760988583439,0.7829765,-0.31306845,-0.5656612
1760988583441,0.754724,-0.32635477,-0.52641314
1760988583444,0.7273878,-0.34315357,-0.49098295
1760988583445,0.700357,-0.35643986,-0.4578435
1760988583447,0.6731735,-0.3659083,-0.42103887
1760988583450,0.64721173,-0.38041633,-0.3866777
1760988583453,0.6226244,-0.38881573,-0.35246924
1760988583454,0.6027713,-0.40332377,-0.31688634
1760988583456,0.5842926,-0.41416663,-0.28252518
1760988583460,0.56214875,-0.42623124,-0.2507602
1760988583462,0.54611355,-0.4370741,-0.21884248
1760988583464,0.53130007,-0.44318274,-0.18707748
1760988583466,0.5140431,-0.4503604,-0.15760323
1760988583468,0.5018258,-0.45769078,-0.12705997
1760988583471,0.48823404,-0.46486846,-0.09758572
1760988583473,0.47586402,-0.46975538,-0.07070765
1760988583475,0.46853364,-0.4746423,-0.04260785
1760988583477,0.45631635,-0.4793765,-0.0143553335
1760988583479,0.4476115,-0.48426342,0.014966198
1760988583482,0.43661594,-0.48915035,0.03940081
1760988583484,0.43172902,-0.49403727,0.065209866
1760988583487,0.42058071,-0.5013676,0.09330966
1760988583488,0.40958515,-0.5013676,0.12385293
1760988583491,0.39736784,-0.5012149,0.15088372
1760988583493,0.3849978,-0.50610185,0.1777618
1760988583495,0.36911532,-0.51083606,0.20830505
1760988583498,0.35811976,-0.50961435,0.23884831
1760988583500,0.34330627,-0.51083606,0.2658791
1760988583502,0.32986724,-0.5143485,0.29275718
1760988583505,0.313832,-0.5204572,0.31963524
1760988583507,0.30024028,-0.52641314,0.34666604
1760988583509,0.28053987,-0.5311473,0.37110063
1760988583511,0.2658791,-0.5360342,0.39813143
1760988583514,0.25350907,-0.54443365,0.4250095
1760988583516,0.23747386,-0.5491679,0.44822237
1760988583518,0.22388211,-0.55771995,0.4728097
1760988583521,0.21273382,-0.5661194,0.49602258
1760988583523,0.20295998,-0.57344973,0.5169447
1760988583525,0.18936823,-0.58062744,0.5364924
1760988583527,0.17821993,-0.5867361,0.5572618
1760988583529,0.1695151,-0.59757894,0.57818395
1760988583532,0.160963,-0.6049093,0.59650993
1760988583534,0.15347989,-0.6073528,0.61498857
1760988583536,0.14492778,-0.6133087,0.63087106
1760988583539,0.13622294,-0.61941737,0.6443101
1760988583541,0.1301143,-0.6206391,0.6626361
1760988583543,0.124005646,-0.6267477,0.6762278
1760988583546,0.117744274,-0.62781674,0.6872234
1760988583548,0.111635625,-0.6339254,0.6994407
1760988583550,0.1067487,-0.6363689,0.70921457
1760988583552,0.10170906,-0.6363689,0.72021013
1760988583554,0.09560041,-0.63514715,0.7287622
1760988583557,0.089491755,-0.6337727,0.73731434
1760988583559,0.08460484,-0.6337727,0.743423
1760988583561,0.08093964,-0.63255095,0.7470882
1760988583563,0.074830994,-0.63132924,0.75319684
1760988583565,0.06994407,-0.627664,0.7593055
1760988583568,0.061391957,-0.6250679,0.7629707
1760988583571,0.057726767,-0.6226244,0.7654142
1760988583573,0.049021937,-0.6200282,0.7654142
1760988583574,0.03924809,-0.6200282,0.7678576
1760988583576,0.03191771,-0.61498857,0.7666359
1760988583579,0.024587326,-0.6088799,0.7654142
1760988583581,0.014660766,-0.6027713,0.7641924
1760988583583,0.004886922,-0.59528816,0.76052725
1760988583586,-0.008552114,-0.5865834,0.7554876
1760988583588,-0.019547688,-0.5768095,0.7506007
1760988583591,-0.03313944,-0.5681047,0.7457138
1760988583593,-0.05024367,-0.5569564,0.73945236
1760988583595,-0.06994407,-0.54336464,0.7309003
1760988583598,-0.089491755,-0.5271767,0.72112644
1760988583600,-0.106595986,-0.513585,0.7111999
1760988583601,-0.12614368,-0.49632803,0.70509124
1760988583604,-0.15195273,-0.47540587,0.6927212
1760988583607,-0.1788308,-0.45188758,0.68279463
1760988583609,-0.20570888,-0.42852196,0.6742425
1760988583610,-0.23518312,-0.40622538,0.66431594
1760988583613,-0.2669481,-0.37904188,0.65316767
1760988583616,-0.29871312,-0.34956762,0.6444628
1760988583617,-0.33429602,-0.3211624,0.635758
1760988583620,-0.3747658,-0.29153544,0.6247624
1760988583622,-0.41386122,-0.25809056,0.61727935
1760988583625,-0.45677447,-0.22968534,0.61101794
1760988583628,-0.5007568,-0.19517145,0.6035349
1760988583629,-0.5448918,-0.16539176,0.59849524
1760988583632,-0.592692,-0.13087788,0.5946773
1760988583634,-0.6391178,-0.09743301,0.5920811
1760988583636,-0.68951416,-0.069027774,0.5919284
1760988583640,-0.7359399,-0.038026363,0.59315014
1760988583640,-0.7849618,-0.0071776668,0.59788436
1760988583643,-0.8364272,0.023823744,0.6001751
1760988583645,-0.88422745,0.05222898,0.6085745
1760988583647,-0.9295842,0.077121735,0.61712664
1760988583650,-0.9737192,0.10308351,0.63041294
1760988583652,-1.0152581,0.13148874,0.644921
1760988583655,-1.0506883,0.15485434,0.66446865
1760988583657,-1.0874928,0.17837265,0.68508536
1760988583659,-1.1180362,0.19929479,0.70829827
1760988583661,-1.1473577,0.21410827,0.7338019
1760988583663,-1.1754575,0.22892176,0.7631234
1760988583666,-1.1950052,0.24358252,0.79244494
1760988583668,-1.210735,0.25473082,0.8229882
1760988583670,-1.2241739,0.26450464,0.8584184
1760988583672,-1.233795,0.2680171,0.8938486
1760988583675,-1.2362386,0.26923886,0.928057
1760988583677,-1.2385293,0.2666427,0.96593064
1760988583680,-1.2371548,0.2678644,1.0062478
1760988583681,-1.2322679,0.2591596,1.0404562
1760988583684,-1.2235631,0.24923302,1.0809261
1760988583686,-1.215011,0.236863,1.1163563
1760988583688,-1.2038627,0.22434026,1.1507174
1760988583691,-1.189202,0.21074851,1.1861476
1760988583693,-1.1707232,0.1957823,1.219287
1760988583695,-1.154688,0.1797471,1.2487613
1760988583698,-1.1400273,0.16615535,1.2780828
1760988583700,-1.1227703,0.14889841,1.3051136
1760988583702,-1.1081096,0.13164146,1.3271047
1760988583704,-1.0958922,0.11682798,1.3468051
1760988583707,-1.0824533,0.0983493,1.3626876
1760988583709,-1.0677924,0.0786489,1.3762794
1760988583711,-1.0543534,0.060170226,1.3886495
1760988583713,-1.0447323,0.04550946,1.3947581
1760988583715,-1.0311406,0.03436117,1.3997977
1760988583718,-1.0227411,0.019700404,1.4022411
1760988583719,-1.0129673,0.009773844,1.4010195
1760988583722,-1.0056369,-0.0036651916,1.397507
1760988583724,-0.9983065,-0.009773844,1.3926201
1760988583727,-0.99097615,-0.013439035,1.3840679
1760988583729,-0.98364574,-0.015882496,1.3718506
1760988583731,-0.9763154,-0.017256944,1.3571899
1760988583733,-0.97387195,-0.017256944,1.342529
1760988583735,-0.96776325,-0.011148291,1.3229814
1760988583738,-0.95905846,-0.0025961774,1.3008375
1760988583741,-0.9615019,0.0071776668,1.276403
1760988583743,-0.9578367,0.019394971,1.2505939
1760988583745,-0.95279706,0.03283401,1.2223413
1760988583748,-0.95279706,0.047647487,1.1930199
1760988583749,-0.9502009,0.06352998,1.161102
1760988583752,-0.9502009,0.07574729,1.1293371
1760988583754,-0.94882643,0.096516706,1.0937542
1760988583756,-0.94882643,0.11133019,1.0606148
1760988583759,-0.9450085,0.12843442,1.0274754
1760988583761,-0.9437868,0.14676037,0.99189246
1760988583764,-0.9436341,0.16630806,0.95646226
1760988583765,-0.9424124,0.18341228,0.91721416
1760988583767,-0.93859446,0.20295998,0.88163126
1760988583769,-0.93722,0.22143865,0.84849185
1760988583771,-0.9408852,0.24709499,0.81290895
1760988583774,-0.9370673,0.2666427,0.77854776
1760988583776,-0.93569285,0.28863382,0.74296486
1760988583778,-0.93554014,0.3118467,0.7098254
1760988583781,-0.93416566,0.33383787,0.6805039
1760988583783,-0.93279123,0.35705075,0.64858615
1760988583785,-0.9314168,0.37782016,0.6215554
1760988583787,-0.9324858,0.40103304,0.5920811
1760988583790,-0.93477654,0.42562035,0.5662721
1760988583792,-0.93584555,0.45005497,0.54046303
1760988583794,-0.93951076,0.46838093,0.5158757
1760988583797,-0.9405798,0.4915938,0.49373183
1760988583799,-0.9428705,0.5111415,0.47036624
1760988583801,-0.9476047,0.5331327,0.45081854
1760988583803,-0.95615685,0.552833,0.4298964
1760988583805,-0.960891,0.5723807,0.41141775
1760988583808,-0.9645562,0.5907067,0.39660427
1760988583810,-0.97051215,0.6079636,0.3819435
1760988583812,-0.97417736,0.6214027,0.36835176
1760988583814,-0.9764681,0.6385069,0.35369098
1760988583817,-0.9837985,0.6556111,0.34254268
1760988583819,-0.98975444,0.66798115,0.33261612
1760988583822,-0.99464136,0.68019843,0.32162055
1760988583823,-0.9970848,0.6948592,0.311694
1760988583826,-1.0005972,0.70829827,0.3043636
1760988583828,-1.0042624,0.7180721,0.2958115
1760988583830,-1.0065532,0.73273283,0.28710666
1760988583832,-1.0065532,0.74372846,0.2773328
1760988583835,-1.0064005,0.7535023,0.26984972
1760988583837,-1.0025826,0.7644979,0.2612976
1760988583840,-1.0013609,0.7742717,0.25503623
1760988583842,-0.9975429,0.7863363,0.24648413
1760988583844,-0.9925033,0.79366666,0.24037547
1760988583847,-0.98868537,0.805884,0.23044892
1760988583848,-0.9837985,0.8155051,0.22434026
1760988583851,-0.9775371,0.8216137,0.2180789
1760988583853,-0.97249746,0.83001316,0.21197024
1760988583855,-0.9637926,0.8373435,0.20586158
1760988583857,-0.957684,0.8445212,0.20082195
1760988583860,-0.9477574,0.8481864,0.19837849
1760988583862,-0.9414961,0.8529206,0.19226983
1760988583864,-0.93279123,0.86254174,0.18616119
1760988583867,-0.9240864,0.8686504,0.18478674
1760988583869,-0.91782504,0.8770498,0.17867808
1760988583871,-0.9129381,0.88071495,0.17867808
1760988583873,-0.9078985,0.8891144,0.17852537
1760988583876,-0.90408057,0.895223,0.17730364
1760988583878,-0.8979719,0.895223,0.17363845
1760988583881,-0.8943067,0.89995724,0.17608191
1760988583883,-0.8917105,0.9060659,0.17730364
1760988583885,-0.8892671,0.9085093,0.18096884
1760988583887,-0.88300574,0.9083566,0.18081611
1760988583890,-0.8793405,0.9095783,0.18203785
1760988583892,-0.8781188,0.91324353,0.18448131
1760988583894,-0.8781188,0.9108001,0.1881465
1760988583896,-0.8743009,0.9082039,0.19547687
1760988583898,-0.8756753,0.9069822,0.19685133
1760988583901,-0.8756753,0.9045387,0.20295998
1760988583903,-0.8720101,0.90087354,0.20662516
1760988583906,-0.8707884,0.89476484,0.21273382
1760988583908,-0.8707884,0.889878,0.21884248
1760988583910,-0.8707884,0.88254756,0.22388211
1760988583913,-0.8709411,0.8752172,0.22876903
1760988583914,-0.8721629,0.8703303,0.23609942
1760988583917,-0.8697194,0.86422163,0.24098633
1760988583920,-0.87109387,0.8568912,0.24724771
1760988583922,-0.87109387,0.8507826,0.25335637
1760988583924,-0.8698721,0.839787,0.2582433
1760988583926,-0.86635965,0.82756966,0.26328292
1760988583928,-0.86269444,0.8202393,0.27183503
1760988583931,-0.86162543,0.80924374,0.27916542
1760988583933,-0.8604037,0.8006916,0.2817616
1760988583935,-0.8579602,0.79336125,0.28787026
1760988583938,-0.8544478,0.7823657,0.29520062
1760988583939,-0.8556695,0.77381355,0.29901853
1760988583942,-0.8520043,0.7677049,0.30268374
1760988583945,-0.84711736,0.75793105,0.30879238
1760988583946,-0.84482664,0.7481572,0.3126103
1760988583949,-0.8399397,0.73823065,0.31505376
1760988583950,-0.8364272,0.7296785,0.31627548
1760988583953,-0.8352055,0.72112644,0.3211624
1760988583956,-0.83031857,0.7150178,0.32253686
1760988583958,-0.8266534,0.70646566,0.32253686
1760988583959,-0.82558435,0.700357,0.32375857
1760988583963,-0.818254,0.69058317,0.32513303
1760988583964,-0.81214535,0.6795876,0.3287982
1760988583967,-0.81107634,0.67103547,0.3287982
1760988583969,-0.8049677,0.6647741,0.33001995
1760988583971,-0.8025242,0.656222,0.33505958
1760988583974,-0.79641557,0.65133506,0.34116822
1760988583977,-0.7939721,0.6452264,0.34238997
1760988583978,-0.79152864,0.6415612,0.34605515
1760988583980,-0.7866417,0.6389651,0.35094208
1760988583983,-0.7841983,0.6377433,0.35705075
1760988583987,-0.77671516,0.6363689,0.3631594
1760988583987,-0.7791586,0.63529986,0.36682457
1760988583991,-0.7742717,0.6339254,0.37415496
1760988583992,-0.7706065,0.63148195,0.3791946
1760988583995,-0.7631234,0.63132924,0.38530326
1760988583996,-0.7643451,0.63132924,0.39019018
1760988583998,-0.7643451,0.63499445,0.39492437
1760988584001,-0.7631234,0.63621616,0.39858958
1760988584003,-0.7641924,0.6386596,0.40469822
1760988584005,-0.7654142,0.6423248,0.41080686
1760988584007,-0.7715228,0.64476824,0.41691554
1760988584010,-0.77518797,0.64476824,0.41813725
1760988584012,-0.7788532,0.64721173,0.42302418
1760988584014,-0.7825184,0.64965516,0.42546764
1760988584017,-0.7912232,0.6534731,0.4279111
1760988584019,-0.7985536,0.6559166,0.42913285
1760988584022,-0.8071057,0.657291,0.43157628
1760988584023,-0.8206975,0.66339964,0.42913285
1760988584026,-0.83291477,0.6623306,0.42913285
1760988584028,-0.8428413,0.6649268,0.4279111
1760988584030,-0.86009824,0.66507953,0.4279111
1760988584033,-0.8735373,0.67011917,0.4279111
1760988584035,-0.8907942,0.6776023,0.42913285
1760988584037,-0.9080512,0.6789767,0.42424592
1760988584040,-0.9265299,0.68401635,0.42058071
1760988584042,-0.9436341,0.6914995,0.42058071
1760988584044,-0.96577793,0.6954701,0.42058071
1760988584046,-0.9818132,0.70173144,0.41798455
1760988584049,-0.9990701,0.70921457,0.4167628
1760988584051,-1.0224357,0.71669763,0.4167628
1760988584053,-1.0383182,0.72418076,0.41431937
1760988584056,-1.0592403,0.73655075,0.41431937
1760988584058,-1.0726794,0.7440339,0.41554108
1760988584059,-1.0922271,0.75518215,0.41783184
1760988584062,-1.105666,0.763887,0.41783184
1760988584064,-1.1253664,0.77381355,0.41783184
1760988584067,-1.1351403,0.7860308,0.42012256
1760988584069,-1.1461359,0.79458296,0.4250095
1760988584071,-1.1559098,0.8020661,0.43111816
1760988584074,-1.1630874,0.81306165,0.4372268
1760988584076,-1.1728612,0.8216137,0.44440445
1760988584078,-1.17897,0.82650065,0.4529566
1760988584082,-1.1826351,0.83260936,0.4615087
1760988584083,-1.1837041,0.8362745,0.47250426
1760988584085,-1.1849259,0.838718,0.48349985
1760988584087,-1.1873693,0.84482664,0.49449542
1760988584089,-1.1823297,0.8434522,0.50915617
1760988584091,-1.1724031,0.8445212,0.5225952
1760988584094,-1.1662945,0.84329945,0.5384777
1760988584096,-1.1588113,0.84314674,0.5543602
1760988584099,-1.1476631,0.8393288,0.5739079
1760988584101,-1.1365148,0.83184576,0.5910121
1760988584103,-1.1206323,0.82543164,0.6094908
1760988584105,-1.1082623,0.820392,0.62781674
1760988584108,-1.0922271,0.80924374,0.64736444
1760988584110,-1.078788,0.7968737,0.66446865
1760988584112,-1.0615311,0.78694713,0.68294734
1760988584115,-1.0456486,0.77457714,0.7012733
1760988584117,-1.0283916,0.7632761,0.72097373
1760988584119,-1.0123564,0.7509061,0.74174315
1760988584122,-0.9964739,0.7360926,0.75884736
1760988584124,-0.9816604,0.7286095,0.77854776
1760988584126,-0.9656252,0.71868294,0.795652
1760988584128,-0.95233893,0.701426,0.81046546
1760988584131,-0.9363037,0.689056,0.82634795
1760988584133,-0.9228647,0.6730208,0.8399397
1760988584135,-0.9094256,0.659429,0.852157
1760988584137,-0.8959866,0.64461553,0.86452705
1760988584140,-0.87888235,0.6261369,0.8743009
1760988584142,-0.86422163,0.6102544,0.88300574
1760988584144,-0.8520043,0.5954409,0.8927795
1760988584146,-0.8349001,0.5757405,0.9014844
1760988584148,-0.821461,0.5560401,0.9100365
1760988584151,-0.8031351,0.54000485,0.91751957
1760988584153,-0.7848091,0.5203045,0.9250027
1760988584155,-0.7677049,0.505491,0.93233305
1760988584158,-0.7530441,0.48349985,0.93737274
1760988584160,-0.7334964,0.46502116,0.9434814
1760988584161,-0.712727,0.45265114,0.948521
1760988584164,-0.69058317,0.4364632,0.95340794
1760988584167,-0.66614854,0.420428,0.95478237
1760988584169,-0.6415612,0.40317106,0.9560041
1760988584171,-0.61712664,0.38820487,0.9560041
1760988584173,-0.5888741,0.37583485,0.9549351
1760988584176,-0.56062156,0.3633121,0.95371336
1760988584179,-0.5360342,0.35460728,0.95249164
1760988584180,-0.50411654,0.3481932,0.95004815
1760988584183,-0.4720461,0.34300083,0.946383
1760988584185,-0.44135013,0.3390302,0.94027436
1760988584187,-0.41431937,0.33399057,0.93538743
1760988584189,-0.3846924,0.3287982,0.9305005
1760988584191,-0.35521814,0.3297145,0.9268353
1760988584194,-0.32803464,0.3306308,0.91813046
1760988584196,-0.29840767,0.33276883,0.9095783
1760988584198,-0.2724459,0.3399465,0.90224797
1760988584202,-0.25152376,0.34697145,0.8935431
1760988584204,-0.22556199,0.35414913,0.8837693
1760988584206,-0.20570888,0.366061,0.872621
1760988584207,-0.18967366,0.37934732,0.86284715
1760988584209,-0.17348573,0.39385536,0.8492554
1760988584211,-0.15989397,0.40225476,0.8393288
1760988584213,-0.14859296,0.41920626,0.8246681
1760988584216,-0.13988814,0.43264532,0.81107634
1760988584218,-0.13240504,0.44104472,0.7976373
1760988584221,-0.12370021,0.45555276,0.7852673
1760988584223,-0.11988231,0.4689918,0.7706065
1760988584226,-0.117438845,0.47998735,0.7545713
1760988584227,-0.11484267,0.4934264,0.73853606
1760988584230,-0.11484267,0.50442195,0.72509706
1760988584232,-0.11728613,0.5129741,0.7104363
1760988584234,-0.11713341,0.52396965,0.6944011
1760988584237,-0.11957687,0.5363397,0.6797403
1760988584238,-0.123242065,0.5412266,0.66507953
1760988584241,-0.12812899,0.5534439,0.64660084
1760988584243,-0.13057245,0.56214875,0.63316184
1760988584245,-0.13423763,0.5719226,0.61712664
1760988584248,-0.14156802,0.58062744,0.59880066
1760988584250,-0.14645495,0.58551437,0.5804747
1760988584252,-0.15012014,0.590554,0.5645922
1760988584254,-0.15271631,0.59421915,0.5448918
1760988584257,-0.15760323,0.59803706,0.52656585
1760988584259,-0.16142114,0.5992588,0.50823987
1760988584261,-0.16508633,0.6030767,0.48991394
1760988584263,-0.16752979,0.6030767,0.47158796
1760988584266,-0.17256944,0.6044512,0.45204028
1760988584269,-0.17638734,0.6046039,0.43493605
1760988584271,-0.1788308,0.6021604,0.4166101
1760988584272,-0.18020524,0.59620446,0.4007276
1760988584274,-0.18768835,0.5902485,0.38240165
1760988584277,-0.18784106,0.5841399,0.36774087
1760988584279,-0.19043724,0.57818395,0.34956762
1760988584281,-0.1966986,0.5685628,0.33490688
1760988584284,-0.1994475,0.5539021,0.32146785
1760988584286,-0.20204368,0.54550266,0.30695978
1760988584288,-0.20708331,0.5334381,0.2959642
1760988584290,-0.20845777,0.51893,0.28389964
1760988584293,-0.2098322,0.50793445,0.2753475
1760988584295,-0.21120666,0.49586987,0.2680171
1760988584297,-0.21013765,0.48365256,0.26206118
1760988584300,-0.20662516,0.46777007,0.25473082
1760988584302,-0.20311269,0.45188758,0.25121832
1760988584304,-0.20082195,0.4373795,0.24755314
1760988584306,-0.19364429,0.41890085,0.2452624
1760988584309,-0.1863139,0.40546182,0.24174993
1760988584311,-0.17669277,0.38591412,0.23930646
1760988584313,-0.16691893,0.36636642,0.23945917
1760988584316,-0.15607607,0.35048392,0.23823744
1760988584318,-0.14523321,0.3295618,0.24083363
1760988584320,-0.13057245,0.31123585,0.23976462
1760988584322,-0.11591168,0.29031372,0.24098633
1760988584325,-0.103847094,0.27320948,0.24358252
1760988584327,-0.087964594,0.25228736,0.24236079
1760988584329,-0.0759,0.23396139,0.24373524
1760988584332,-0.06001751,0.21670444,0.24266621
1760988584334,-0.047800206,0.19715676,0.24266621
1760988584336,-0.036957346,0.17867808,0.2415972
1760988584338,-0.024740042,0.16157386,0.24037547
1760988584341,-0.011453724,0.14553864,0.23808473
1760988584343,-0.0016798794,0.13087788,0.236863
1760988584345,0.011759156,0.12095132,0.23701571
1760988584348,0.02275473,0.11362094,0.23579398
1760988584350,0.034972034,0.106137834,0.23090707
1760988584352,0.04230242,0.0926988,0.2284636
1760988584354,0.05207626,0.08536842,0.22495113
1760988584356,0.061850104,0.07422013,0.22006421
1760988584359,0.07284568,0.06811147,0.21395555
1760988584361,0.08506299,0.0571159,0.20051652
1760988584363,0.09850202,0.05085453,0.1919644
1760988584366,0.10949759,0.04230242,0.18234327
1760988584368,0.120493166,0.03359759,0.16768251
1760988584370,0.1339322,0.029932396,0.1554652
1760988584372,0.14614952,0.02367103,0.13713925
1760988584375,0.15592335,0.020005837,0.11881329
1760988584377,0.1656972,0.012675454,0.10293079
1760988584379,0.17669277,0.009010263,0.07727446
1760988584382,0.18387043,0.0053450707,0.055283304
1760988584384,0.19501872,0.007788532,0.029626964
1760988584386,0.20097467,0.0041233404,0.0015271631
1760988584388,0.20952678,0.0016798794,-0.026572637
1760988584391,0.2144137,-0.001985312,-0.05589417
1760988584393,0.2191479,-0.005497787,-0.087659165
1760988584395,0.22632557,-0.009162978,-0.12186762
1760988584397,0.22999077,-0.01160644,-0.15607607
1760988584400,0.23716843,-0.013897184,-0.19150625
1760988584402,0.24083363,-0.018784106,-0.22693644
1760988584405,0.24801129,-0.025961773,-0.26236662
1760988584407,0.25518894,-0.03573562,-0.30024028
1760988584408,0.25992316,-0.045356743,-0.3368922
1760988584411,0.26465738,-0.05879578,-0.37232238
1760988584414,0.27183503,-0.06841691,-0.4100433
1760988584417,0.28512135,-0.081855945,-0.4466952
1760988584419,0.2947425,-0.09773844,-0.48090366
1760988584421,0.30680707,-0.11362094,-0.5137377
1760988584423,0.313832,-0.1330159,-0.5467244
1760988584426,0.32589662,-0.14889841,-0.58200186
1760988584427,0.34162638,-0.17211129,-0.61376685
1760988584429,0.35613444,-0.19165897,-0.6417139
1760988584431,0.3680463,-0.21960606,-0.6721045
1760988584434,0.38133264,-0.24404067,-0.701426
1760988584436,0.39828414,-0.269697,-0.7281514
1760988584438,0.41401392,-0.29046643,-0.75243324
1760988584441,0.42959097,-0.3173445,-0.7780896
1760988584443,0.4465425,-0.34300083,-0.799928
1760988584445,0.4622723,-0.36987892,-0.82543164
1760988584447,0.47800204,-0.39675698,-0.84604836
1760988584450,0.49357912,-0.42730024,-0.8678868
1760988584451,0.5056437,-0.45051312,-0.8886562
1760988584454,0.52396965,-0.47021353,-0.9080512
1760988584457,0.53969944,-0.4934264,-0.9286679
1760988584458,0.5503896,-0.5154176,-0.9482156
1760988584461,0.5636759,-0.5374087,-0.9639453
1760988584464,0.57451874,-0.5569564,-0.9821186
1760988584465,0.5842926,-0.5716171,-0.9992228
1760988584467,0.59513545,-0.5899431,-1.0149527
1760988584470,0.6059783,-0.6046039,-1.0320568
1760988584473,0.61453044,-0.61682117,-1.0479393
1760988584476,0.6217081,-0.6290385,-1.0648909
1760988584477,0.63270366,-0.6388123,-1.0795516
1760988584479,0.6411031,-0.64736444,-1.0954341
1760988584481,0.64843345,-0.6534731,-1.1125383
1760988584483,0.6582073,-0.6595817,-1.1247556
1760988584486,0.66675943,-0.6609562,-1.1369729
1760988584488,0.6753115,-0.6621779,-1.150412
1760988584491,0.68768156,-0.6609562,-1.163851
1760988584493,0.6986771,-0.6611089,-1.1772901
1760988584495,0.70738196,-0.6586655,-1.1931726
1760988584497,0.71593404,-0.655153,-1.2053899
1760988584500,0.7244862,-0.6563747,-1.2226468
1760988584502,0.7307475,-0.65270954,-1.2373075
1760988584504,0.7368562,-0.6453791,-1.2507466
1760988584507,0.7443393,-0.6394232,-1.2629639
1760988584509,0.7530441,-0.6272059,-1.2728904
1760988584512,0.75793105,-0.6188065,-1.2838861
1760988584514,0.7643451,-0.602924,-1.2950343
1760988584516,0.77182823,-0.5871942,-1.3061826
1760988584518,0.77931136,-0.5725334,-1.3171781
1760988584520,0.784351,-0.56291234,-1.3295482
1760988584522,0.79061234,-0.550695,-1.344209
1760988584525,0.7991645,-0.54229563,-1.3602442
1760988584527,0.8042041,-0.5288566,-1.374905
1760988584529,0.80680025,-0.5166393,-1.3909402
1760988584531,0.81306165,-0.50442195,-1.4068227
1760988584534,0.8205447,-0.49357912,-1.4228579
1760988584536,0.8231409,-0.47769663,-1.4387404
1760988584538,0.82436264,-0.46181414,-1.4511104
1760988584541,0.82695884,-0.4447099,-1.4659239
1760988584543,0.82711154,-0.4277584,-1.4805846
1760988584545,0.82726425,-0.4118759,-1.4941764
1760988584547,0.82863873,-0.3923282,-1.5065464
1760988584550,0.82634795,-0.3801109,-1.5212072
1760988584551,0.8226828,-0.3652974,-1.5372424
1760988584554,0.8155051,-0.34697145,-1.5483906
1760988584556,0.80939645,-0.32498032,-1.5581645
1760988584560,0.7997753,-0.3005457,-1.5656476
1760988584561,0.78893244,-0.27488935,-1.571909
1760988584563,0.77931136,-0.25152376,-1.5769486
1760988584566,0.7696902,-0.22342396,-1.5795448
1760988584567,0.75640386,-0.19898935,-1.5833627
1760988584569,0.7431176,-0.17195857,-1.5871806
1760988584572,0.7298313,-0.14752395,-1.5884024
1760988584574,0.71761394,-0.1255328,-1.5909985
1760988584577,0.7031059,-0.09972375,-1.5935947
1760988584579,0.6910413,-0.0777326,-1.5961909
1760988584581,0.678824,-0.059253927,-1.5961909
1760988584583,0.66675943,-0.032375857,-1.5963436
1760988584586,0.6559166,-0.01038471,-1.597718
1760988584588,0.643852,0.009315695,-1.5942056
1760988584590,0.6391178,0.027488936,-1.5954273
1760988584592,0.63316184,0.045814894,-1.5906931
1760988584595,0.6246097,0.06658431,-1.5871806
1760988584596,0.61498857,0.08017606,-1.5835154
1760988584599,0.603993,0.09728029,-1.5774068
1760988584601,0.60048056,0.11071932,-1.5714508
1760988584603,0.59696805,0.12782355,-1.5667167
1760988584607,0.5934556,0.13988814,-1.5593863
1760988584609,0.59483004,0.14844026,-1.5569428
1760988584611,0.5936083,0.15943582,-1.5558738
1760988584613,0.59742624,0.16905695,-1.5546521
1760988584615,0.59635717,0.17760907,-1.5546521
1760988584618,0.59635717,0.182496,-1.5522085
1760988584620,0.59895337,0.1873829,-1.5486962
1760988584622,0.6038403,0.1872302,-1.5462526
1760988584624,0.6113234,0.19456059,-1.545031
1760988584627,0.6249151,0.20295998,-1.545031
1760988584631,0.62873304,0.20769419,-1.5415184
1760988584631,0.6386596,0.21120666,-1.5402967
1760988584633,0.64965516,0.21242839,-1.539075
1760988584636,0.6608035,0.2171626,-1.5378532
1760988584637,0.6719518,0.21578814,-1.5354098
1760988584640,0.68554354,0.21074851,-1.5317446
1760988584642,0.69898254,0.20693061,-1.5305228
1760988584645,0.713796,0.20555615,-1.5305228
1760988584647,0.7273878,0.20662516,-1.5317446
1760988584649,0.7458665,0.20891592,-1.5317446
1760988584651,0.76067996,0.21242839,-1.5331191
1760988584654,0.7828238,0.20738874,-1.5318973
1760988584656,0.798859,0.20357084,-1.5294539
1760988584659,0.8197812,0.19853121,-1.534188
1760988584660,0.8382598,0.19333886,-1.5378532
1760988584663,0.8614727,0.18219055,-1.5378532
1760988584665,0.88117313,0.16982053,-1.5415184
1760988584668,0.9007208,0.15867224,-1.5476271
1760988584670,0.92271197,0.14508049,-1.5523612
1760988584672,0.9472993,0.12904528,-1.55847
1760988584675,0.96791595,0.11056661,-1.5693128
1760988584677,0.98746365,0.09208794,-1.5766432
1760988584680,1.0082331,0.076052725,-1.5813774
1760988584681,1.026559,0.058948494,-1.5887078
1760988584683,1.0424415,0.04046982,-1.5958854
1760988584686,1.0557278,0.018478673,-1.6032158
1760988584688,1.0665708,-0.0010690142,-1.6091717
1760988584691,1.0737484,-0.019394971,-1.6151277
1760988584693,1.0821478,-0.04260785,-1.6187929
1760988584695,1.0881038,-0.06093381,-1.623527
1760988584697,1.087951,-0.0804815,-1.6258179
1760988584699,1.0852021,-0.09987647,-1.6282613
1760988584702,1.0813842,-0.11682798,-1.6317738
1760988584704,1.078788,-0.13148874,-1.6328428
1760988584706,1.0711522,-0.14844026,-1.6303993
1760988584708,1.0636691,-0.16661349,-1.6302466
1760988584711,1.0511464,-0.17867808,-1.6253597
1760988584713,1.039998,-0.19074267,-1.6203201
1760988584715,1.0238101,-0.20647246,-1.6140587
1760988584718,1.0076222,-0.22204952,-1.6103935
1760988584720,0.98654735,-0.23655757,-1.6016886
1760988584722,0.96929044,-0.24495697,-1.5905404
1760988584724,0.95310247,-0.2582433,-1.5819882
1760988584727,0.93447113,-0.27382034,-1.57084
1760988584729,0.91706145,-0.2883284,-1.55847
1760988584731,0.90102625,-0.2967278,-1.5413657
1760988584733,0.88499105,-0.30634892,-1.527774
1760988584736,0.8688031,-0.31963524,-1.5106697
1760988584738,0.8503244,-0.3304781,-1.4897476
1760988584740,0.8355109,-0.34009922,-1.4665347
1760988584742,0.8231409,-0.34987307,-1.4431691
1760988584744,0.80832744,-0.355829,-1.4175128
1760988584747,0.79611015,-0.36071593,-1.3929255
1760988584749,0.7812967,-0.36178493,-1.363604
1760988584751,0.7654142,-0.36545014,-1.3355042
1760988584754,0.7481572,-0.36896262,-1.3048081
1760988584756,0.73471814,-0.37018433,-1.2718215
1760988584758,0.7199047,-0.3724751,-1.2388347
1760988584760,0.7089091,-0.37614027,-1.2021828
1760988584762,0.6916522,-0.3846924,-1.1690434
1760988584765,0.6769914,-0.3857614,-1.1385001
1760988584768,0.66721755,-0.3894266,-1.1042917
1760988584772,0.657291,-0.3943135,-1.0687088
1760988584772,0.6426302,-0.39675698,-1.0332786
1760988584773,0.63041294,-0.40042216,-0.9954049
1760988584775,0.61941737,-0.4063781,-0.95615685
1760988584778,0.6070473,-0.41126502,-0.9195049
1760988584780,0.59727347,-0.42103887,-0.88514376
1760988584782,0.5873469,-0.42836925,-0.84971356
1760988584785,0.57879484,-0.4381431,-0.8165741
1760988584787,0.5664248,-0.4465425,-0.7860308
1760988584789,0.5554292,-0.45265114,-0.75655663
1760988584791,0.5467244,-0.462425,-0.7284568
1760988584794,0.5355761,-0.4720461,-0.69898254
1760988584796,0.5233588,-0.48059824,-0.66966105
1760988584799,0.51343226,-0.48426342,-0.6440047
1760988584801,0.49739704,-0.49388456,-0.61819565
1760988584803,0.48640144,-0.49754974,-0.59131753
1760988584805,0.47036624,-0.49739704,-0.567952
1760988584808,0.4569272,-0.49739704,-0.54473907
1760988584810,0.43967026,-0.4972443,-0.5215262
1760988584813,0.42256603,-0.49586987,-0.49953505
1760988584815,0.40424007,-0.4897612,-0.47632217
1760988584817,0.38453966,-0.48349985,-0.45433104
1760988584819,0.36254853,-0.47601673,-0.43111816
1760988584821,0.33933565,-0.46486846,-0.40668353
1760988584823,0.3210097,-0.4550946,-0.37858373
1760988584826,0.29779682,-0.44516805,-0.35185838
1760988584828,0.27458394,-0.43279803,-0.32253686
1760988584830,0.25259277,-0.419359,-0.29077184
1760988584832,0.22815818,-0.40576723,-0.26145032
1760988584834,0.2049453,-0.3933972,-0.22602014
1760988584837,0.18417588,-0.37873647,-0.1956296
1760988584839,0.160963,-0.36392298,-0.1601994
1760988584842,0.14156802,-0.3529274,-0.12599096
1760988584844,0.122020334,-0.3370449,-0.08811731
1760988584846,0.09758572,-0.32711834,-0.051618114
1760988584848,0.07819075,-0.31612277,-0.013744468
1760988584850,0.059864793,-0.3051272,0.027794369
1760988584853,0.04153884,-0.30008754,0.06566802
1760988584855,0.02443461,-0.29153544,0.10476339
1760988584857,0.007330383,-0.29031372,0.14630222
1760988584860,-0.009773844,-0.28893927,0.18677205
1760988584862,-0.02443461,-0.28771752,0.22708915
1760988584864,-0.035430185,-0.28527406,0.26618454
1760988584867,-0.05009095,-0.28527406,0.30405816
1760988584869,-0.062308256,-0.29016098,0.3407101
1760988584871,-0.0720821,-0.2938262,0.3811799
1760988584873,-0.08445212,-0.3023783,0.4202753
1760988584876,-0.0917825,-0.3109304,0.45952338
1760988584878,-0.09789115,-0.32070425,0.4961753
1760988584880,-0.105374254,-0.3304781,0.5305365
1760988584882,-0.112704635,-0.34269542,0.56596667
1760988584885,-0.11407909,-0.35613444,0.59788436
1760988584887,-0.117744274,-0.37201694,0.62980205
1760988584889,-0.11789699,-0.3866777,0.6627888
1760988584892,-0.1142318,-0.40026945,0.6947065
1760988584894,-0.116675265,-0.4173737,0.7254025
1760988584896,-0.11682798,-0.43203443,0.75594574
1760988584898,-0.11804971,-0.45158213,0.7866417
1760988584900,-0.11942416,-0.46761733,0.8173377
1760988584903,-0.1207986,-0.4859433,0.84681195
1760988584905,-0.122020334,-0.5030475,0.8724683
1760988584907,-0.12217305,-0.52015173,0.89827734
1760988584909,-0.123547494,-0.537256,0.9240864
1760988584912,-0.12736541,-0.55680364,0.94989544
1760988584923,-0.13118331,-0.57619864,0.97203934
1760988584931,-0.1386664,-0.59696805,0.991587
1760988584931,-0.14248432,-0.61285055,1.0112875
1760988584932,-0.14874569,-0.62858033,1.0309879
1760988584932,-0.15745051,-0.6407976,1.0456486
1760988584933,-0.16615535,-0.65041876,1.0604621
1760988584933,-0.1797471,-0.6575964,1.0751228
1760988584933,-0.19333886,-0.66859204,1.0862712
1760988584934,-0.21197024,-0.6768387,1.0972667
1760988584935,-0.22556199,-0.6889033,1.1096367
1760988584937,-0.24404067,-0.6960809,1.1181889
1760988584939,-0.26389378,-0.70081514,1.1242975
1760988584941,-0.2848159,-0.70066243,1.1305588
1760988584944,-0.30573806,-0.6942484,1.1330023
1760988584946,-0.32788193,-0.6892087,1.1340714
1760988584948,-0.35369098,-0.68416905,1.1365148
1760988584950,-0.37827832,-0.6765333,1.1365148
1760988584952,-0.40530908,-0.67011917,1.1340714
1760988584955,-0.43371433,-0.66737026,1.1291844
1760988584957,-0.4644103,-0.6609562,1.1267409
1760988584959,-0.49510628,-0.64736444,1.1194105
1760988584961,-0.52595496,-0.6407976,1.1133019
1760988584964,-0.5578727,-0.6247624,1.1071932
1760988584966,-0.5885687,-0.6085745,1.1009319
1760988584969,-0.61911196,-0.5887214,1.096045
1760988584971,-0.64980793,-0.5713117,1.0910053
1760988584973,-0.6805039,-0.5467244,1.0871874
1760988584975,-0.7098254,-0.52320606,1.084744
1760988584978,-0.74281216,-0.49846604,1.0809261
1760988584979,-0.7771733,-0.47510046,1.0783299
1760988584982,-0.8028296,-0.45158213,1.0758864
1760988584984,-0.8333729,-0.42821655,1.0757337
1760988584986,-0.8614727,-0.40469822,1.0743593
1760988584989,-0.8932377,-0.3715588,1.0790935
1760988584991,-0.923781,-0.33964106,1.082606
1760988584993,-0.95432425,-0.31245756,1.0887146
1760988584996,-0.9859365,-0.27931812,1.0995574
1760988584998,-1.0177015,-0.24984388,1.1091785
1760988585000,-1.048092,-0.21670444,1.1212431
1760988585003,-1.0774136,-0.18234327,1.1357512
1760988585005,-1.1029172,-0.1516473,1.1502593
1760988585007,-1.132086,-0.11377365,1.1708759
1760988585009,-1.1575897,-0.07941248,1.1902709
1760988585011,-1.1818715,-0.049938235,1.2108877
1760988585014,-1.2061534,-0.019394971,1.2315043
1760988585016,-1.2279918,0.0125227375,1.2557862
1760988585018,-1.2496775,0.04428773,1.2800682
1760988585021,-1.2690725,0.07849618,1.3031282
1760988585023,-1.287093,0.10903945,1.3298537
1760988585025,-1.3040446,0.14202617,1.356579
1760988585027,-1.3208433,0.17256944,1.3796391
1760988585029,-1.3377949,0.20311269,1.4051428
1760988585032,-1.3497068,0.2359467,1.4306464
1760988585034,-1.3640621,0.26160303,1.4563028
1760988585036,-1.3724614,0.28848112,1.4756978
1760988585038,-1.3820826,0.30925053,1.493871
1760988585041,-1.3929255,0.33001995,1.5096008
1760988585043,-1.3987287,0.35063666,1.5242615
1760988585046,-1.4083499,0.37018433,1.541213
1760988585048,-1.416902,0.38362336,1.5558738
1760988585050,-1.4240797,0.39950588,1.5716035
1760988585052,-1.4300356,0.4129449,1.5850426
1760988585055,-1.4347697,0.4288274,1.5995506
1760988585057,-1.4381295,0.45066583,1.6105462
1760988585059,-1.440573,0.4653266,1.6152804
1760988585062,-1.4440855,0.47510046,1.6201674
1760988585064,-1.4439328,0.48243082,1.6226108
1760988585066,-1.442711,0.4896085,1.6236799
1760988585068,-1.4413365,0.49938235,1.6212363
1760988585071,-1.4388931,0.505491,1.6126842
1760988585073,-1.4338534,0.5128214,1.6064229
1760988585075,-1.4239268,0.52122074,1.5942056
1760988585077,-1.41904,0.52732944,1.5819882
1760988585080,-1.4115568,0.5345071,1.5683966
1760988585082,-1.4091134,0.54061574,1.5512923
1760988585084,-1.4004086,0.5491679,1.5329664
1760988585087,-1.3906348,0.5564982,1.5108224
1760988585089,-1.3807082,0.56123245,1.4863878
1760988585091,-1.3684908,0.5673411,1.4618006
1760988585093,-1.359786,0.5710063,1.4373659
1760988585096,-1.3475688,0.57451874,1.4080443
1760988585098,-1.3364204,0.58184916,1.3797919
1760988585100,-1.3254249,0.5891795,1.3516921
1760988585102,-1.3093897,0.59391373,1.3260357
1760988585105,-1.295798,0.59880066,1.2990049
1760988585107,-1.2823589,0.6010914,1.2709051
1760988585109,-1.2675453,0.6047566,1.2476922
1760988585111,-1.2527319,0.6107125,1.2206615
1760988585114,-1.2392929,0.61300325,1.1986703
1760988585116,-1.2257011,0.61544675,1.173014
1760988585118,-1.2084441,0.6226244,1.1533136
1760988585120,-1.1901182,0.6236934,1.1349876
1760988585123,-1.1714869,0.63453627,1.1117748
1760988585125,-1.1530081,0.6417139,1.0945178
1760988585127,-1.132086,0.64766985,1.0774136
1760988585129,-1.1110111,0.6536258,1.0626001
1760988585132,-1.0900891,0.6618725,1.0454959
1760988585134,-1.0665708,0.66782844,1.0294607
1760988585137,-1.0444268,0.6774496,1.0147998
1760988585138,-1.0245737,0.68936145,0.9999864
1760988585141,-1.0059423,0.7002043,0.98899084
1760988585144,-0.9860892,0.71593404,0.9766208
1760988585146,-0.9651671,0.7266242,0.96791595
1760988585147,-0.9502009,0.73991054,0.9569204
1760988585150,-0.93416566,0.7519751,0.9421069
1760988585152,-0.9204212,0.7677049,0.9297369
1760988585154,-0.9092729,0.77488256,0.91751957
1760988585157,-0.90056807,0.79320854,0.9063713
1760988585159,-0.8868236,0.80771655,0.8978192
1760988585162,-0.88178396,0.8210029,0.8891144
1760988585163,-0.87796605,0.8368854,0.87674433
1760988585166,-0.8729264,0.8526152,0.869414
1760988585168,-0.871552,0.8721629,0.8594874
1760988585170,-0.8689558,0.8868236,0.8483391
1760988585173,-0.8700248,0.9014844,0.8385653
1760988585175,-0.87369,0.9137017,0.82741696
1760988585178,-0.8772025,0.9283624,0.8164214
1760988585179,-0.88208944,0.9418015,0.80649483
1760988585182,-0.8880454,0.9540188,0.796721
1760988585184,-0.8978192,0.96761054,0.784351
1760988585186,-0.9063713,0.9787588,0.77457714
1760988585188,-0.9149234,0.99464136,0.76342887
1760988585191,-0.925919,1.0070114,0.753655
1760988585193,-0.93447113,1.0192287,0.7414377
1760988585196,-0.9466884,1.0328205,0.7315111
1760988585198,-0.957684,1.0464121,0.72051555
1760988585200,-0.96745783,1.056186,0.7093673
1760988585203,-0.9784534,1.0734429,0.70203686
1760988585205,-0.99067074,1.0845913,0.6933321
1760988585207,-0.9931142,1.0943651,0.6835582
1760988585210,-1.002888,1.1102476,0.67256266
1760988585212,-1.0064005,1.1212431,0.6626361
1760988585214,-1.0126618,1.1262828,0.64919704
1760988585216,-1.0186177,1.1360567,0.6382015
1760988585218,-1.0173961,1.1470522,0.6282749
1760988585220,-1.0198395,1.1545353,0.6160576
1760988585222,-1.0209086,1.1653782,0.6085745
1760988585225,-1.0245737,1.1753048,0.59635717
1760988585228,-1.0219775,1.187522,0.5865834
1760988585230,-1.0195341,1.1959214,0.57910025
1760988585231,-1.0181596,1.206917,0.5681047
1760988585234,-1.0181596,1.2179126,0.55939984
1760988585236,-1.0192287,1.225243,0.5508477
1760988585238,-1.0155635,1.2350168,0.5374087
1760988585242,-1.0166324,1.2435689,0.5299256
1760988585243,-1.0178542,1.2533427,0.5213735
1760988585245,-1.014189,1.2594514,0.5128214
1760988585247,-1.0140363,1.2692252,0.50411654
1760988585250,-1.0128145,1.270447,0.49312097
1760988585252,-1.0128145,1.270447,0.48090366
1760988585254,-1.0117456,1.2692252,0.4699081
1760988585257,-1.014189,1.269378,0.45891252
1760988585259,-1.014189,1.2705997,0.45158213
1760988585262,-1.0180069,1.2669345,0.43936482
1760988585264,-1.0204504,1.2622004,0.43081272
1760988585266,-1.0242683,1.2622004,0.42103887
1760988585268,-1.0279335,1.2635747,0.41370848
1760988585271,-1.0317514,1.2599095,0.40515637
1760988585273,-1.0390818,1.2588406,0.397826
1760988585275,-1.0453432,1.2551754,0.39064834
1760988585277,-1.0528263,1.2504412,0.3820962
1760988585279,-1.0590876,1.2444853,0.3735441
1760988585281,-1.0690142,1.2409728,0.3662137
1760988585283,-1.0752755,1.2350168,0.3576616
1760988585286,-1.0803152,1.2276864,0.3529274
1760988585288,-1.08902,1.2253957,0.34437528
1760988585290,-1.1001683,1.2218832,0.33826664
1760988585292,-1.1052079,1.2134838,0.33093625
1760988585294,-1.1114693,1.2061534,0.32498032
1760988585297,-1.1187997,1.202641,0.3200934
1760988585299,-1.125061,1.1954633,0.31764993
1760988585302,-1.1313224,1.1881329,0.3115413
1760988585304,-1.1389582,1.1772901,0.3080288
1760988585306,-1.1426234,1.1724031,0.30558532
1760988585308,-1.1476631,1.1664472,0.29947668
1760988585310,-1.1502593,1.1566733,0.2996294
1760988585313,-1.151481,1.1507174,0.2947425
1760988585315,-1.1528554,1.1421653,0.29352075
1760988585317,-1.1566733,1.1360567,0.29229903
1760988585319,-1.1566733,1.1264355,0.29245174
1760988585322,-1.1556044,1.1215485,0.29123
1760988585324,-1.1543826,1.1129965,0.29367346
1760988585326,-1.1519392,1.1068878,0.29611692
1760988585329,-1.1520919,1.0995574,0.29626966
1760988585331,-1.1508701,1.0910053,0.29871312
1760988585333,-1.1496484,1.0836749,0.3023783
1760988585335,-1.1449142,1.0751228,0.30497447
1760988585338,-1.1424707,1.0677924,0.31108314
1760988585340,-1.1424707,1.0604621,0.31474832
1760988585343,-1.1438452,1.0519099,0.32085696
1760988585344,-1.1438452,1.047023,0.32589662
1760988585347,-1.1475104,1.0421361,0.33200526
1760988585349,-1.1501065,1.0348058,0.3368922
1760988585351,-1.1527027,1.0264063,0.3417791
1760988585354,-1.1612549,1.0202976,0.3492622
1760988585356,-1.1687379,1.0118983,0.3565926
1760988585359,-1.1774428,1.0045679,0.36285394
1760988585361,-1.1849259,0.9949468,0.36774087
1760988585363,-1.1936307,0.9925033,0.37507126
1760988585366,-1.2072225,0.98654735,0.3811799
1760988585368,-1.2206615,0.98792183,0.38988474
1760988585370,-1.2281445,0.98547834,0.39477167
1760988585372,-1.2405146,0.9819659,0.40210205
1760988585374,-1.2527319,0.9833403,0.40698898
1760988585376,-1.2638801,0.9833403,0.41309762
1760988585379,-1.273654,0.9822713,0.41920626
1760988585381,-1.2835805,0.98364574,0.4240932
1760988585384,-1.2970196,0.98975444,0.43020186
1760988585386,-1.3019066,0.98853266,0.43508878
1760988585388,-1.3142766,0.98746365,0.4448626
1760988585390,-1.3191634,0.98990715,0.45097128
1760988585393,-1.3240504,0.98990715,0.45707992
1760988585395,-1.3326025,0.99005985,0.46563202
1760988585397,-1.3326025,0.98883814,0.47540587
1760988585400,-1.3388638,0.9851729,0.48288897
1760988585402,-1.3413074,0.98272943,0.49632803
1760988585404,-1.3387111,0.9839512,0.50854534
1760988585406,-1.3374895,0.981355,0.52320606
1760988585408,-1.3362677,0.9776898,0.53786683
1760988585410,-1.3301591,0.9726502,0.5549711
1760988585413,-1.3251194,0.97020674,0.5720753
1760988585415,-1.3153456,0.9639453,0.5868888
1760988585418,-1.3090842,0.9601275,0.603993
1760988585420,-1.2991576,0.9575313,0.62109727
1760988585422,-1.2906055,0.95264435,0.63697976
1760988585424,-1.2819008,0.946383,0.6553057
1760988585427,-1.2709051,0.94134337,0.66507953
1760988585429,-1.2622004,0.9363037,0.6786713
1760988585431,-1.2560917,0.9314168,0.6908886
1760988585434,-1.249983,0.9251554,0.7031059
1760988585436,-1.2426527,0.91782504,0.71776664
1760988585438,-1.2389874,0.9127854,0.72509706
1760988585440,-1.2339478,0.9091202,0.7350236
1760988585443,-1.2278391,0.90285885,0.742354
1760988585445,-1.2241739,0.9053023,0.7484626
1760988585447,-1.2217305,0.90285885,0.75579304
1760988585449,-1.2180653,0.89904094,0.75945824
1760988585452,-1.2154691,0.90026265,0.76067996
1760988585454,-1.2118039,0.8978192,0.76067996
1760988585456,-1.2093605,0.8978192,0.75823647
1760988585458,-1.206917,0.90026265,0.75334954
1760988585460,-1.206917,0.89904094,0.7484626
1760988585463,-1.2056953,0.89904094,0.742354
1760988585465,-1.2008084,0.9014844,0.7325801
1760988585468,-1.1983649,0.9051496,0.72524977
1760988585470,-1.1959214,0.9051496,0.7141015
1760988585472,-1.1971432,0.9112582,0.7031059
1760988585474,-1.1945469,0.91858864,0.6921103
1760988585477,-1.1969905,0.92347556,0.68111473
1760988585479,-1.1945469,0.93202764,0.6711882
1760988585481,-1.190729,0.9430232,0.6577492
1760988585483,-1.190729,0.95279706,0.6453791
1760988585485,-1.1869112,0.96486163,0.6356053
1760988585488,-1.1830933,0.97585726,0.6232353
1760988585490,-1.180497,0.98807454,0.61101794
1760988585492,-1.1742357,1.0001391,0.59986967
1760988585495,-1.1679744,1.0123564,0.59131753
1760988585496,-1.1604912,1.0280862,0.58016926
1760988585499,-1.1566733,1.0451905,0.5691737
1760988585502,-1.1443033,1.0560333,0.5580254
1760988585503,-1.1330023,1.0693196,0.5493206
1760988585505,-1.1218541,1.0862712,0.5395467
1760988585508,-1.105666,1.102001,0.5296202
1760988585510,-1.0919216,1.1177307,0.52213705
1760988585512,-1.0746647,1.1322387,0.5123632
1760988585515,-1.0584768,1.146594,0.5036584
1760988585517,-1.0386237,1.161102,0.4961753
1760988585519,-1.021214,1.1731668,0.49006665
1760988585522,-1.0001391,1.1850786,0.4801401
1760988585524,-0.9790643,1.1959214,0.4728097
1760988585526,-0.9579894,1.2102767,0.46410486
1760988585528,-0.93447113,1.2221886,0.4578435
1760988585530,-0.91354895,1.2293663,0.44806966
1760988585533,-0.8912524,1.2402092,0.44058657
1760988585536,-0.86651236,1.2484559,0.43203443
1760988585538,-0.8393288,1.2554808,0.42577308
1760988585540,-0.817185,1.2614367,0.41355577
1760988585542,-0.7948884,1.2660183,0.40133846
1760988585545,-0.7652614,1.2669345,0.39263365
1760988585547,-0.7431176,1.270447,0.38041633
1760988585549,-0.71853024,1.271516,0.36942077
1760988585551,-0.6925685,1.273654,0.35705075
1760988585554,-0.66920286,1.2722796,0.3484986
1760988585556,-0.6458373,1.2721269,0.33628133
1760988585558,-0.6236934,1.2669345,0.3277292
1760988585560,-0.60032785,1.2643384,0.3155119
1760988585563,-0.57711494,1.2568552,0.30451632
1760988585565,-0.55481833,1.2554808,0.2959642
1760988585567,-0.53893584,1.246776,0.28863382
1760988585569,-0.515723,1.2356277,0.27885997
1760988585572,-0.49480084,1.2318097,0.27152961
1760988585574,-0.472657,1.2206615,0.26190847
1760988585576,-0.45066583,1.2093605,0.25457808
1760988585578,-0.43111816,1.1946996,0.24846944
1760988585581,-0.41157046,1.181108,0.23762658
1760988585583,-0.39202276,1.1626292,0.22907446
1760988585585,-0.37384954,1.1404854,0.22067507
1760988585588,-0.35308012,1.1221595,0.21212296
1760988585590,-0.33108896,1.1049025,0.2012801
1760988585592,-0.31031954,1.0864239,0.18784106
1760988585595,-0.28955013,1.0642799,0.17944166
1760988585597,-0.27259862,1.0398453,0.16737708
1760988585599,-0.25320363,1.0177015,0.15760323
1760988585601,-0.23609942,0.9957104,0.14309518
1760988585603,-0.22159137,0.97494096,0.13225232
1760988585605,-0.20708331,0.95157534,0.11881329
1760988585608,-0.18875736,0.93324935,0.1067487
1760988585611,-0.17547104,0.9100365,0.09330966
1760988585613,-0.15851954,0.8891144,0.08002335
1760988585615,-0.14401148,0.8695667,0.066737026
1760988585617,-0.13057245,0.84879726,0.054519724
1760988585619,-0.119729586,0.83169305,0.043676864
1760988585622,-0.10522154,0.8071057,0.03283401
1760988585624,-0.09193522,0.78877974,0.021838432
1760988585626,-0.07971791,0.7680103,0.017104227
1760988585629,-0.06765333,0.7460192,0.004886922
1760988585631,-0.05681047,0.72402805,-0.0010690142
1760988585633,-0.04352415,0.70066243,-0.0070249503
1760988585635,-0.0290161,0.6786713,-0.011759156
1760988585637,-0.019394971,0.6579019,-0.016646078
1760988585640,-0.007330383,0.63224554,-0.017715093
1760988585642,0.007330383,0.6064365,-0.018784106
1760988585644,0.01695151,0.5856671,-0.01740966
1760988585647,0.03023783,0.56123245,-0.014813482
1760988585649,0.04230242,0.5342017,-0.012370021
1760988585651,0.055588737,0.50854534,-0.007330383
1760988585654,0.0627664,0.48288897,-0.0022907446
1760988585656,0.074830994,0.45356745,0.0027488936
1760988585658,0.085673854,0.42531493,0.009010263
1760988585660,0.1001819,0.39721513,0.015271631
1760988585663,0.11224649,0.37018433,0.02275473
1760988585665,0.123242065,0.34697145,0.03145956
1760988585667,0.13530666,0.32253686,0.03894266
1760988585669,0.14859296,0.29550606,0.04642576
1760988585671,0.1656972,0.27091873,0.05375614
1760988585674,0.18035796,0.25381452,0.05879578
1760988585676,0.19486602,0.23167065,0.06383542
1760988585679,0.21074851,0.21074851,0.06872234
1760988585681,0.22540927,0.19364429,0.07376198
1760988585683,0.24129178,0.18371773,0.07498371
1760988585686,0.26083946,0.16646078,0.076358154
1760988585687,0.27550024,0.15775596,0.077579886
1760988585690,0.29764408,0.14660765,0.07513642
1760988585692,0.31474832,0.1330159,0.07284568
1760988585695,0.3306308,0.12797627,0.066737026
1760988585697,0.35033122,0.12293663,0.061850104
1760988585699,0.36758816,0.11789699,0.055741455
1760988585701,0.38224894,0.11178834,0.04718934
1760988585703,0.4007276,0.10919216,0.036193766
1760988585706,0.41431937,0.11026118,0.025198191
1760988585708,0.43020186,0.10644327,0.011759156
1760988585710,0.44257188,0.107665,6.1086525E-4
1760988585713,0.45478916,0.10751228,-0.014049901
1760988585715,0.4633413,0.111177474,-0.032375857
1760988585717,0.47326785,0.11224649,-0.050701816
1760988585719,0.4793765,0.11224649,-0.07147124
1760988585722,0.48670688,0.11835514,-0.08750644
1760988585724,0.49037206,0.11957687,-0.10949759
1760988585726,0.49281552,0.12568553,-0.13026701
1760988585728,0.49403727,0.13316862,-0.15225816
1760988585731,0.4978552,0.13927728,-0.17440203
1760988585733,0.4989242,0.13805555,-0.2012801
1760988585735,0.4989242,0.14309518,-0.23060162
1760988585738,0.49877146,0.14065172,-0.2574797
1760988585740,0.49739704,0.13469578,-0.28924468
1760988585742,0.49846604,0.12629639,-0.31856623
1760988585744,0.5007568,0.11652254,-0.34529158
1760988585747,0.50426924,0.108123146,-0.3746131
1760988585749,0.50656,0.09712757,-0.4027129
1760988585751,0.5149594,0.08017606,-0.43066
1760988585754,0.5183192,0.06307184,-0.46120325
1760988585756,0.52290064,0.040011674,-0.49281552
1760988585758,0.5300783,0.019394971,-0.5196936
1760988585760,0.5371033,-0.0050396384,-0.5513059
1760988585763,0.54534996,-0.032986723,-0.58169645
1760988585765,0.55481833,-0.062155537,-0.61086524
1760988585767,0.5655085,-0.09025534,-0.6388123
1760988585769,0.58001655,-0.123242065,-0.66675943
1760988585772,0.590554,-0.15974127,-0.69226307
1760988585774,0.6012441,-0.19135354,-0.72265357
1760988585776,0.61437774,-0.22922719,-0.7493789
1760988585778,0.63117653,-0.26343563,-0.77121735
1760988585780,0.6418667,-0.29993483,-0.7979427
1760988585782,0.65500027,-0.3378085,-0.8220719
1760988585785,0.6693556,-0.37690386,-0.84635377
1760988585787,0.68371093,-0.41462478,-0.86819226
1760988585789,0.699288,-0.4512767,-0.8912524
1760988585791,0.7111999,-0.48548517,-0.9130908
1760988585793,0.7267769,-0.52213705,-0.9335548
1760988585796,0.7386888,-0.55863625,-0.95417154
1760988585798,0.7554876,-0.59406644,-0.9747882
1760988585800,0.77121735,-0.6246097,-0.9954049
1760988585802,0.7831292,-0.65393126,-1.0135782
1760988585805,0.79519385,-0.6808093,-1.0341948
1760988585807,0.8071057,-0.7087564,-1.0549643
1760988585810,0.8179486,-0.7295258,-1.0768027
1760988585812,0.82756966,-0.7502952,-1.0961977
1760988585814,0.8384125,-0.7686212,-1.1157454
1760988585816,0.84681195,-0.7857254,-1.1363621
1760988585818,0.8576548,-0.796721,-1.1583532
1760988585821,0.86742866,-0.80649483,-1.1791227
1760988585823,0.8709411,-0.8174904,-1.1986703
1760988585825,0.88315845,-0.82359904,-1.219287
1760988585828,0.8904888,-0.82604253,-1.2388347
1760988585831,0.8978192,-0.82848597,-1.2571607
1760988585833,0.907593,-0.82726425,-1.2780828
1760988585834,0.91736686,-0.82619524,-1.295187
1760988585837,0.9236283,-0.8213083,-1.313513
1760988585839,0.9285152,-0.8151997,-1.331839
1760988585841,0.93599826,-0.8054258,-1.3503176
1760988585844,0.9459248,-0.7958047,-1.3674219
1760988585846,0.95203346,-0.7848091,-1.3846788
1760988585848,0.9558514,-0.7677049,-1.4019357
1760988585850,0.960891,-0.75441855,-1.4202617
1760988585853,0.9671524,-0.73975784,-1.4362969
1760988585855,0.97219205,-0.72265357,-1.4547756
1760988585858,0.9772317,-0.70570207,-1.4731015
1760988585859,0.9822713,-0.68859786,-1.4891367
1760988585861,0.98746365,-0.6702719,-1.5076154
1760988585865,0.98868537,-0.65576386,-1.5234979
1760988585866,0.99372506,-0.6374379,-1.5419766
1760988585868,0.9989174,-0.61911196,-1.561677
1760988585871,1.0064005,-0.6009387,-1.5764905
1760988585873,1.0102184,-0.5862779,-1.5948164
1760988585876,1.0152581,-0.56688297,-1.6096299
1760988585878,1.019076,-0.5522222,-1.6268868
1760988585880,1.0228939,-0.5375614,-1.6439911
1760988585882,1.0242683,-0.51923543,-1.6612481
1760988585884,1.0291553,-0.50701815,-1.678505
1760988585887,1.0355693,-0.49006665,-1.6931658
1760988585889,1.041678,-0.47784933,-1.7128662
1760988585891,1.0444268,-0.45845437,-1.7276796
1760988585894,1.0493138,-0.44990227,-1.7423404
1760988585895,1.0555751,-0.4364632,-1.7571539
1760988585898,1.0618365,-0.42317688,-1.7718146
1760988585900,1.063211,-0.40973786,-1.7854064
1760988585902,1.0719157,-0.39629883,-1.8000672
1760988585905,1.0731375,-0.38652498,-1.8124372
1760988585907,1.0757337,-0.3744604,-1.8258762
1760988585910,1.0769554,-0.36468655,-1.839468
1760988585912,1.0844386,-0.3549127,-1.8541287
1760988585914,1.0858129,-0.34147367,-1.8664987
1760988585917,1.0870347,-0.33169982,-1.8762726
1760988585918,1.0896308,-0.3231477,-1.8897116
1760988585920,1.0908526,-0.31215215,-1.9020816
1760988585923,1.0910053,-0.29993483,-1.9118555
1760988585925,1.0936015,-0.29153544,-1.921782
1760988585928,1.0936015,-0.27931812,-1.9291124
1760988585930,1.0974194,-0.26832256,-1.9402608
1760988585932,1.0987939,-0.2585487,-1.9475911
1760988585935,1.0987939,-0.24877487,-1.9536998
1760988585937,1.1001683,-0.24022275,-1.9624046
1760988585939,1.1001683,-0.22922719,-1.969735
1760988585942,1.1015427,-0.22082779,-1.9758437
1760988585944,1.1039863,-0.2134974,-1.9808832
1760988585946,1.1053606,-0.20616703,-1.9882137
1760988585948,1.1102476,-0.19761491,-1.9943223
1760988585951,1.1091785,-0.19150625,-1.999362
1760988585953,1.1104003,-0.18188512,-2.0005836
1760988585955,1.1166617,-0.17577648,-2.0054705
1760988585958,1.1166617,-0.16966783,-2.0092885
1760988585960,1.1168144,-0.15989397,-2.0117319
1760988585963,1.1181889,-0.14905111,-2.0141754
1760988585964,1.1169671,-0.14172074,-2.0143282
1760988585966,1.1171198,-0.13072516,-2.01555
1760988585968,1.1134546,-0.12095132,-2.0167716
1760988585971,1.1085677,-0.11362094,-2.018146
1760988585973,1.1074986,-0.10629055,-2.018146
1760988585976,1.1026118,-0.09407325,-2.0193677
1760988585978,1.0989466,-0.08659015,-2.018146
1760988585979,1.0978775,-0.07696902,-2.017077
1760988585982,1.0881038,-0.06582073,-2.0158553
1760988585985,1.0832168,-0.05971208,-2.01219
1760988585986,1.0746647,-0.053603426,-2.0086777
1760988585989,1.0661125,-0.046120327,-2.0037906
1760988585991,1.0538952,-0.03756821,-1.9976821
1760988585994,1.0453432,-0.03023783,-1.9903517
1760988585996,1.035722,-0.02031127,-1.9879082
1760988585998,1.0235047,-0.011759156,-1.9819523
1760988586001,1.0123564,-0.007941248,-1.9770653
1760988586002,0.9989174,-6.1086525E-4,-1.9721785
1760988586005,0.98670006,0.004428773,-1.9672915
1760988586007,0.97310835,0.0106901415,-1.9624046
1760988586009,0.9621128,0.015577064,-1.9575176
1760988586012,0.94989544,0.019394971,-1.951409
1760988586014,0.9363037,0.02076942,-1.9453003
1760988586016,0.9253081,0.02687807,-1.93797
1760988586019,0.9130908,0.029474247,-1.9318613
1760988586021,0.90194255,0.030695979,-1.924531
1760988586023,0.8885035,0.036957346,-1.9172006
1760988586025,0.8738427,0.043218717,-1.9086485
1760988586028,0.86269444,0.046883907,-1.9000963
1760988586030,0.85047716,0.049480084,-1.8903224
1760988586032,0.8381071,0.050701816,-1.8829921
1760988586034,0.82711154,0.05207626,-1.8719965
1760988586036,0.8173377,0.055741455,-1.8597792
1760988586039,0.81000733,0.055741455,-1.8451185
1760988586040,0.8014552,0.058337633,-1.8329011
1760988586043,0.79412484,0.062002823,-1.8170186
1760988586046,0.7892379,0.05955936,-1.8023579
1760988586049,0.7867944,0.0571159,-1.784032
1760988586050,0.7855727,0.056963183,-1.7681495
1760988586052,0.7831292,0.054519724,-1.7498235
1760988586054,0.7831292,0.04841107,-1.7276796
1760988586056,0.784351,0.04352415,-1.7069103
1760988586059,0.7855727,0.03604105,-1.6836973
1760988586061,0.7892379,0.025045475,-1.6603317
1760988586064,0.79305583,0.020005837,-1.6371188
1760988586066,0.79534656,0.009010263,-1.613906
1760988586068,0.79901177,-0.0021380284,-1.5868752
1760988586071,0.8038987,-0.013133603,-1.5624406
1760988586073,0.80649483,-0.020616703,-1.5354098
1760988586075,0.81138176,-0.029321533,-1.5085317
1760988586077,0.81504697,-0.04520403,-1.4790574
1760988586080,0.816116,-0.058643065,-1.449736
1760988586082,0.8210029,-0.07467828,-1.4214834
1760988586084,0.8197812,-0.0917825,-1.3920091
1760988586088,0.817185,-0.107665,-1.3639094
1760988586090,0.81336707,-0.124769226,-1.3319917
1760988586091,0.81077087,-0.14553864,-1.3012956
1760988586093,0.80832744,-0.1638646,-1.269378
1760988586095,0.8032878,-0.18096884,-1.2350168
1760988586098,0.7982482,-0.20295998,-1.2020301
1760988586099,0.79320854,-0.2237294,-1.1664472
1760988586102,0.7845037,-0.2396119,-1.1308643
1760988586104,0.77824235,-0.26511553,-1.0965031
1760988586106,0.77198094,-0.28588495,-1.0609202
1760988586109,0.7706065,-0.31031954,-1.0253373
1760988586111,0.7641924,-0.3359759,-0.98731095
1760988586113,0.7554876,-0.3640757,-0.9505063
1760988586116,0.7490735,-0.39446622,-0.91354895
1760988586118,0.7452556,-0.41890085,-0.87674433
1760988586121,0.74021596,-0.4457789,-0.838718
1760988586123,0.7313584,-0.4689918,-0.7994699
1760988586125,0.7275405,-0.4934264,-0.7602218
1760988586127,0.71883565,-0.5128214,-0.72097373
1760988586130,0.7150178,-0.5348125,-0.6817256
1760988586132,0.70631295,-0.5519168,-0.6424775
1760988586134,0.7002043,-0.56779927,-0.6021604
1760988586137,0.6939429,-0.58368176,-0.56413406
1760988586139,0.68539083,-0.5983425,-0.52366424
1760988586141,0.6779077,-0.6105598,-0.48441613
1760988586143,0.67057735,-0.6227771,-0.4465425
1760988586146,0.6630942,-0.63132924,-0.40973786
1760988586148,0.65576386,-0.6423248,-0.37064248
1760988586150,0.65087694,-0.6533204,-0.3313944
1760988586152,0.64461553,-0.6632469,-0.29352075
1760988586155,0.6409504,-0.67179906,-0.25427267
1760988586157,0.6348417,-0.68035114,-0.21762075
1760988586159,0.6275113,-0.690125,-0.18081611
1760988586162,0.6262896,-0.70356405,-0.14172074
1760988586164,0.62125,-0.7122689,-0.1085813
1760988586166,0.61391956,-0.7244862,-0.0729984
1760988586168,0.6064365,-0.73655075,-0.038789943
1760988586171,0.60032785,-0.7415904,-0.00580322
1760988586173,0.590554,-0.7512115,0.02855795
1760988586175,0.5830709,-0.7609854,0.06414085
1760988586178,0.5720753,-0.7695375,0.0983493
1760988586180,0.55848354,-0.77564615,0.12889257
1760988586183,0.54993147,-0.7829765,0.16081028
1760988586184,0.5375614,-0.7901542,0.18891008
1760988586186,0.52396965,-0.799928,0.22082779
1760988586189,0.50686544,-0.8046622,0.2489276
1760988586191,0.49327368,-0.81183994,0.2759584
1760988586193,0.47235155,-0.8142834,0.30405816
1760988586195,0.4538729,-0.8153524,0.33093625
1760988586198,0.4343252,-0.81397796,0.36025777
1760988586200,0.41218132,-0.8126035,0.39095375
1760988586202,0.38637227,-0.80756384,0.41783184
1760988586205,0.36071593,-0.8025242,0.44959682
1760988586207,0.33368513,-0.7974846,0.48258355
1760988586209,0.30925053,-0.79000145,0.51068336
1760988586211,0.28221974,-0.7812967,0.54000485
1760988586214,0.25778514,-0.77503526,0.5717699
1760988586216,0.23075435,-0.7699956,0.60231316
1760988586218,0.205098,-0.7637343,0.63407815
1760988586220,0.17562376,-0.7538077,0.6646214
1760988586223,0.15241088,-0.7475463,0.6927212
1760988586225,0.12782355,-0.74006325,0.7244862
1760988586227,0.10338894,-0.7302894,0.75502944
1760988586230,0.081397794,-0.72524977,0.7855727
1760988586231,0.060628377,-0.7128797,0.8136725
1760988586234,0.04230242,-0.70432764,0.8417723
1760988586236,0.025198191,-0.6931793,0.8697194
1760988586238,0.0106901415,-0.6797403,0.89659745
1760988586241,-0.003970624,-0.66752297,0.92347556
1760988586243,-0.01740966,-0.6589709,0.94791013
1760988586245,-0.022143865,-0.6443101,0.97219205
1760988586247,-0.029321533,-0.63453627,0.9954049
1760988586250,-0.034055736,-0.6261369,1.0161743
1760988586252,-0.04016439,-0.61758476,1.0369438
1760988586254,-0.044898596,-0.6041457,1.0587822
1760988586257,-0.04841107,-0.59574634,1.0758864
1760988586258,-0.051923547,-0.5847508,1.0929906
1760988586261,-0.055436023,-0.57619864,1.1074986
1760988586263,-0.05787948,-0.57009,1.119716
1760988586266,-0.065209866,-0.56398135,1.1294898
1760988586268,-0.07498371,-0.5542075,1.1368202
1760988586270,-0.08093964,-0.5358815,1.1427761
1760988586272,-0.08933904,-0.52732944,1.1452196
1760988586275,-0.10415252,-0.5198463,1.1452196
1760988586277,-0.11759156,-0.50869805,1.1427761
1760988586279,-0.13591751,-0.49632803,1.135293
1760988586281,-0.16172658,-0.48258355,1.1279627
1760988586285,-0.18997909,-0.47143525,1.1194105
1760988586287,-0.2218968,-0.45280385,1.1082623
1760988586289,-0.25885415,-0.4352415,1.0936015
1760988586290,-0.29932398,-0.41538838,1.078788
1760988586292,-0.34101552,-0.3941608,1.0665708
1760988586294,-0.39019018,-0.36682457,1.0517572
1760988586296,-0.44058657,-0.34193182,1.0345002
1760988586299,-0.49327368,-0.3145956,1.018465
1760988586301,-0.5497787,-0.28588495,1.0050261
1760988586304,-0.6062838,-0.257327,0.98899084
1760988586306,-0.6640105,-0.22510384,0.9766208
1760988586309,-0.7254025,-0.19394971,0.96669424
1760988586310,-0.7841983,-0.16157386,0.95325524
1760988586312,-0.8407033,-0.12812899,0.9457721
1760988586315,-0.8970556,-0.09468412,0.93951076
1760988586317,-0.94974273,-0.06490443,0.93569285
1760988586319,-1.0012082,-0.03268129,0.9294315
1760988586321,-1.0477866,6.1086525E-4,0.9231701
1760988586324,-1.0943651,0.034055736,0.9242391
1760988586326,-1.135904,0.063682705,0.9230174
1760988586328,-1.1749994,0.095753126,0.9228647
1760988586331,-1.2118039,0.11927144,0.9251554
1760988586333,-1.2460123,0.14874569,0.9298896
1760988586335,-1.2741122,0.17577648,0.9370673
1760988586338,-1.302212,0.19929479,0.9431759
1760988586340,-1.3278683,0.22510384,0.95157534
1760988586342,-1.3472633,0.24831672,0.96486163
1760988586345,-1.3680327,0.26923886,0.9783007
1760988586347,-1.3837625,0.2875648,0.9952522
1760988586349,-1.3946054,0.3107777,1.0160216
1760988586351,-1.4042265,0.32788193,1.0329732
1760988586354,-1.4114041,0.34132096,1.0537425
1760988586356,-1.4124732,0.35338554,1.0792462
1760988586358,-1.410946,0.36545014,1.1036807
1760988586361,-1.4107933,0.376293,1.1305588
1760988586363,-1.4033102,0.3846924,1.1572843
1760988586365,-1.3956743,0.3930918,1.185384
1760988586367,-1.389413,0.39538252,1.2147056
1760988586370,-1.3744467,0.40240747,1.244027
1760988586372,-1.3582588,0.40943244,1.2709051
1760988586375,-1.3432927,0.41172317,1.2988522
1760988586377,-1.3272575,0.41141775,1.326952
1760988586379,-1.308626,0.4147775,1.3501649
1760988586381,-1.2925909,0.41340306,1.3733778
1760988586383,-1.2727377,0.4118759,1.3990341
1760988586386,-1.2579242,0.41416663,1.4198035
1760988586388,-1.2417363,0.41508293,1.4393512
1760988586390,-1.2319624,0.41126502,1.4601207
1760988586393,-1.2206615,0.4147775,1.4772248
1760988586395,-1.210735,0.41706824,1.4894422
1760988586397,-1.2046263,0.41691554,1.5016595
1760988586399,-1.1983649,0.41691554,1.5089899
1760988586401,-1.1946996,0.41920626,1.5163202
1760988586403,-1.193478,0.41920626,1.5199854
1760988586405,-1.1908818,0.420428,1.5224289
1760988586408,-1.1884383,0.42287147,1.5224289
1760988586410,-1.1933253,0.42287147,1.5224289
1760988586413,-1.1945469,0.42653665,1.5199854
1760988586415,-1.2006557,0.43279803,1.5112807
1760988586418,-1.1994339,0.44012842,1.500285
1760988586419,-1.2018774,0.44623706,1.4892895
1760988586421,-1.2043208,0.45234573,1.473407
1760988586424,-1.2055426,0.45723262,1.4598153
1760988586426,-1.207986,0.463494,1.4402676
1760988586428,-1.207986,0.4720461,1.4231633
1760988586431,-1.2055426,0.47693303,1.4010195
1760988586433,-1.2006557,0.48181996,1.3814718
1760988586436,-1.1992812,0.48915035,1.3607023
1760988586438,-1.1931726,0.49648073,1.3385584
1760988586440,-1.1870639,0.50503284,1.3165673
1760988586442,-1.1771374,0.5111415,1.2921327
1760988586445,-1.1685852,0.5158757,1.2675453
1760988586447,-1.161102,0.52320606,1.2431108
1760988586449,-1.1487321,0.5317582,1.2173017
1760988586451,-1.1339186,0.54260105,1.1904236
1760988586454,-1.1180362,0.54611355,1.1647673
1760988586456,-1.1044444,0.5534439,1.1377366
1760988586458,-1.0884092,0.56062156,1.1108584
1760988586461,-1.0748174,0.5691737,1.0838276
1760988586462,-1.0577132,0.5714644,1.0557278
1760988586464,-1.0404562,0.57742035,1.0311406
1760988586467,-1.0231993,0.58459806,1.0067059
1760988586469,-1.0108292,0.59315014,0.98471475
1760988586471,-0.9947941,0.5991061,0.9637926
1760988586474,-0.9799806,0.6062838,0.944245
1760988586476,-0.9639453,0.61101794,0.9245446
1760988586478,-0.94791013,0.61712664,0.9062186
1760988586480,-0.93554014,0.6230826,0.88789266
1760988586482,-0.92072666,0.6290385,0.8718574
1760988586485,-0.9071349,0.63270366,0.8571966
1760988586487,-0.8923214,0.6374379,0.8437576
1760988586489,-0.8801041,0.6409504,0.83016586
1760988586492,-0.8689558,0.6469063,0.8191703
1760988586494,-0.8565858,0.65057147,0.80939645
1760988586497,-0.84788096,0.6565274,0.8008443
1760988586499,-0.8405506,0.6614143,0.79091775
1760988586501,-0.8381071,0.66507953,0.7848091
1760988586504,-0.83184576,0.66859204,0.77747875
1760988586506,-0.8257371,0.67103547,0.7725918
1760988586508,-0.8231409,0.6747007,0.7725918
1760988586510,-0.8231409,0.6795876,0.7687739
1760988586513,-0.8206975,0.6794349,0.7687739
1760988586515,-0.818254,0.6806566,0.7699956
1760988586517,-0.819323,0.68676525,0.77366084
1760988586520,-0.8217665,0.6892087,0.7761043
1760988586522,-0.82543164,0.6928739,0.7797695
1760988586524,-0.82543164,0.6953174,0.7846564
1760988586526,-0.82909685,0.7002043,0.7858781
1760988586529,-0.83276206,0.70386946,0.7883216
1760988586531,-0.8313876,0.7087564,0.7893906
1760988586534,-0.8350528,0.7160868,0.7893906
1760988586535,-0.84116143,0.7199047,0.79061234
1760988586537,-0.84223044,0.7307475,0.79061234
1760988586539,-0.84711736,0.73456544,0.79061234
1760988586541,-0.84956086,0.7443393,0.79045963
1760988586544,-0.8518516,0.75411314,0.7892379
1760988586546,-0.8542951,0.763887,0.7855727
1760988586548,-0.8553641,0.77839506,0.7841983
1760988586551,-0.8565858,0.79061234,0.7780896
1760988586553,-0.86254174,0.8040514,0.7742717
1760988586555,-0.862389,0.8162687,0.7706065
1760988586558,-0.85994554,0.82848597,0.7631234
1760988586560,-0.8597928,0.8370381,0.75701475
1760988586562,-0.86086184,0.8553641,0.7507534
1760988586564,-0.86193085,0.8712466,0.743423
1760988586566,-0.8593347,0.8857546,0.7359399
1760988586569,-0.8593347,0.90041536,0.7284568
1760988586572,-0.8604037,0.91507614,0.72234815
1760988586573,-0.8565858,0.9260717,0.7136433
1760988586576,-0.8539896,0.9381363,0.70264775
1760988586578,-0.8526152,0.95646226,0.6927212
1760988586581,-0.8536842,0.97112304,0.68294734
1760988586583,-0.8536842,0.9833403,0.6754643
1760988586585,-0.8523097,0.9980011,0.66813385
1760988586587,-0.8509353,1.0102184,0.659429
1760988586590,-0.84956086,1.022283,0.65209866
1760988586592,-0.84956086,1.035722,0.647059
1760988586594,-0.84940815,1.0503827,0.64461553
1760988586596,-0.85047716,1.0589349,0.6395759
1760988586599,-0.8541423,1.067487,0.63591075
1760988586601,-0.8527679,1.0784826,0.63224554
1760988586603,-0.8527679,1.0894781,0.62964934
1760988586606,-0.8562804,1.099252,0.6284276
1760988586608,-0.8575021,1.1053606,0.6284276
1760988586610,-0.8587238,1.1088731,0.63087106
1760988586612,-0.8597928,1.1149818,0.63316184
1760988586615,-0.86467975,1.1187997,0.6356053
1760988586617,-0.86590147,1.1200215,0.6404922
1760988586620,-0.8622363,1.118647,0.6478226
1760988586622,-0.86345804,1.1198688,0.65393126
1760988586624,-0.8622363,1.1149818,0.6612616
1760988586626,-0.8573494,1.1125383,0.66859204
1760988586628,-0.8561276,1.106277,0.6748534
1760988586630,-0.8524625,1.0952814,0.68218374
1760988586633,-0.8501717,1.0855075,0.68829244
1760988586635,-0.84406304,1.0757337,0.6957755
1760988586637,-0.8379544,1.0635164,0.70432764
1760988586639,-0.8342892,1.0511464,0.7130325
1760988586642,-0.8258898,1.0352639,0.72158456
1760988586644,-0.8210029,1.0242683,0.7302894
1760988586646,-0.81489426,1.0108292,0.73761976
1760988586649,-0.80771655,0.9923506,0.7451029
1760988586651,-0.8017606,0.9764681,0.7499898
1760988586653,-0.7968737,0.9618073,0.75502944
1760988586656,-0.79213953,0.9459248,0.7623598
1760988586658,-0.7849618,0.9275989,0.7661777
1760988586660,-0.7812967,0.9129381,0.7687739
1760988586662,-0.7790059,0.89949906,0.7724391
1760988586664,-0.77671516,0.88239485,0.77381355
1760988586667,-0.7742717,0.8713993,0.77381355
1760988586669,-0.77320266,0.8567385,0.77274454
1760988586671,-0.7684685,0.84696466,0.7703011
1760988586674,-0.7673995,0.8324566,0.7678576
1760988586676,-0.7686212,0.8239045,0.7631234
1760988586679,-0.7675522,0.81413066,0.7619017
1760988586681,-0.7652614,0.8006916,0.754724
1760988586683,-0.7652614,0.79351395,0.7473936
1760988586685,-0.7654142,0.7861836,0.74128497
1760988586687,-0.7643451,0.7788532,0.7339546
1760988586689,-0.768163,0.76923203,0.72433347
1760988586692,-0.7669413,0.7655669,0.71578133
1760988586694,-0.7669413,0.7619017,0.70722926
1760988586696,-0.77320266,0.76083267,0.6974554
1760988586699,-0.77442443,0.75961095,0.68768156
1760988586701,-0.7806858,0.7622071,0.68035114
1760988586703,-0.7855727,0.767094,0.66813385
1760988586706,-0.7892379,0.7696902,0.6571383
1760988586708,-0.7965683,0.77824235,0.64843345
1760988586710,-0.8028296,0.7845037,0.63499445
1760988586712,-0.81138176,0.79305583,0.6227771
1760988586715,-0.8223773,0.7993172,0.61178154
1760988586717,-0.83092946,0.80924374,0.601855
1760988586720,-0.8407033,0.821461,0.5884159
1760988586721,-0.8530733,0.82894415,0.57742035
1760988586724,-0.86162543,0.8352055,0.5662721
1760988586726,-0.8713993,0.8437576,0.5564982
1760988586728,-0.88132584,0.84757555,0.5479461
1760988586730,-0.8886562,0.8587238,0.5381723
1760988586733,-0.89965177,0.8660542,0.52946746
1760988586735,-0.9120218,0.87109387,0.52213705
1760988586737,-0.9193522,0.87857693,0.5148067
1760988586740,-0.9254609,0.8859073,0.50869805
1760988586743,-0.93279123,0.890947,0.5025894
1760988586744,-0.9388999,0.8958339,0.49632803
1760988586746,-0.9437868,0.89827734,0.48899764
1760988586748,-0.9512699,0.90087354,0.48533243
1760988586750,-0.95371336,0.903317,0.4792238
1760988586754,-0.95615685,0.90224797,0.47311515
1760988586755,-0.9549351,0.9069822,0.47067168
1760988586758,-0.9549351,0.9045387,0.46700647
1760988586759,-0.9549351,0.90224797,0.464563
1760988586762,-0.95371336,0.90224797,0.4596761
1760988586764,-0.95371336,0.90224797,0.45723262
1760988586766,-0.9512699,0.90087354,0.45845437
1760988586769,-0.9476047,0.90209526,0.45845437
1760988586772,-0.946383,0.89843005,0.45845437
1760988586774,-0.9427178,0.89476484,0.45845437
1760988586776,-0.9390526,0.8910997,0.4596761
1760988586778,-0.9390526,0.8910997,0.45845437
1760988586779,-0.93783087,0.8910997,0.45845437
1760988586782,-0.93660915,0.889878,0.4596761
1760988586784,-0.93538743,0.8874345,0.463494
1760988586787,-0.9317222,0.8872818,0.463494
1760988586789,-0.93294394,0.8837693,0.4622723
1760988586791,-0.93554014,0.87888235,0.463494
1760988586793,-0.93431836,0.8764389,0.46593747
1760988586795,-0.93187493,0.8764389,0.46471575
1760988586798,-0.93187493,0.8739954,0.46105054
1760988586800,-0.93309665,0.8727737,0.46105054
1760988586803,-0.93309665,0.8691085,0.4622723
1760988586805,-0.93187493,0.86666507,0.46105054
1760988586807,-0.93187493,0.86666507,0.463494
1760988586809,-0.93569285,0.8593347,0.462425
1760988586812,-0.93447113,0.8605564,0.45998153
1760988586814,-0.93447113,0.8593347,0.46120325
1760988586816,-0.93202764,0.8605564,0.45982882
1760988586818,-0.93202764,0.8605564,0.46120325
1760988586820,-0.93202764,0.8568912,0.462425
1760988586823,-0.9295842,0.8568912,0.4636467
1760988586825,-0.9271407,0.8544478,0.4636467
1760988586828,-0.92347556,0.8556695,0.4636467
1760988586830,-0.91599244,0.8542951,0.46486846
1760988586832,-0.9098838,0.8567385,0.46731192
1760988586834,-0.90484416,0.8565858,0.4709771
1760988586837,-0.89995724,0.85902923,0.4708244
1760988586839,-0.8924741,0.86132,0.47326785
1760988586842,-0.88254756,0.86483246,0.47693303
1760988586843,-0.8738427,0.86849767,0.47815478
1760988586846,-0.8677341,0.8732319,0.4793765
1760988586848,-0.8565858,0.87796605,0.4841107
1760988586850,-0.8454375,0.88270026,0.48166725
1760988586852,-0.8330675,0.88621277,0.48166725
1760988586855,-0.8231409,0.8935431,0.48166725
1760988586857,-0.80832744,0.8970556,0.48151454
1760988586859,-0.79458296,0.90178984,0.47907108
1760988586861,-0.7835874,0.90285885,0.47907108
1760988586864,-0.7673995,0.9100365,0.47540587
1760988586866,-0.7538077,0.9147707,0.47158796
1760988586869,-0.7377725,0.91828316,0.47036624
1760988586871,-0.72173727,0.9265299,0.46792278
1760988586873,-0.710589,0.9314168,0.46288314
1760988586875,-0.6945538,0.93615097,0.4616614
1760988586878,-0.6771441,0.9419542,0.45921794
1760988586880,-0.6623306,0.944245,0.4531093
1760988586882,-0.64751714,0.94897914,0.45051312
1760988586884,-0.6302602,0.94882643,0.4456262
1760988586886,-0.61544675,0.95111716,0.44318274
1760988586888,-0.59941155,0.9472993,0.43951756
1760988586891,-0.5847508,0.94959,0.43463063
1760988586893,-0.5661194,0.95065904,0.43096542
1760988586895,-0.5502369,0.9492846,0.42730024
1760988586898,-0.5329799,0.9466884,0.42485678
1760988586900,-0.515723,0.9440922,0.42119157
1760988586903,-0.49846604,0.9414961,0.4175264
1760988586906,-0.48380527,0.93645644,0.41630468
1760988586907,-0.4653266,0.9289733,0.4089743
1760988586909,-0.4456262,0.9239337,0.40408736
1760988586911,-0.42470407,0.9213375,0.40042216
1760988586914,-0.40515637,0.9138544,0.39553526
1760988586916,-0.38423425,0.907593,0.3894266
1760988586918,-0.3659083,0.90010995,0.38453966
1760988586920,-0.3462079,0.89873546,0.37843102
1760988586923,-0.32528573,0.8912524,0.3735441
1760988586925,-0.30192015,0.88361657,0.364992
1760988586927,-0.2773328,0.87857693,0.35888332
1760988586929,-0.25518894,0.8735373,0.35155296
1760988586932,-0.23182335,0.8671232,0.34300083
1760988586934,-0.21227567,0.86452705,0.33567044
1760988586936,-0.18891008,0.8570439,0.32589662
1760988586939,-0.16554448,0.853226,0.31490102
1760988586941,-0.14462234,0.84696466,0.30390546
1760988586943,-0.12140947,0.8407033,0.29168814
1760988586945,-0.10048734,0.8332202,0.27580565
1760988586947,-0.08200866,0.83062404,0.2611449
1760988586950,-0.06490443,0.8219192,0.24663684
1760988586952,-0.046578474,0.8181013,0.22815818
1760988586954,-0.029321533,0.8144361,0.21227567
1760988586956,-0.014660766,0.80573124,0.19410244
1760988586959,0.002443461,0.7996226,0.17455475
1760988586961,0.018325957,0.79458296,0.15745051
1760988586964,0.03176499,0.79091775,0.13545936
1760988586966,0.04520403,0.7846564,0.11591168
1760988586969,0.057421334,0.77732605,0.09392053
1760988586970,0.064751714,0.7699956,0.07315111
1760988586973,0.075594574,0.7602218,0.051159963
1760988586975,0.084146686,0.7516697,0.029168816
1760988586977,0.09010262,0.73945236,0.0061086523
1760988586980,0.101098195,0.7296785,-0.013439035
1760988586982,0.108123146,0.7125743,-0.034208454
1760988586984,0.11301007,0.7005097,-0.051159963
1760988586986,0.11881329,0.68218374,-0.069485925
1760988586989,0.124769226,0.6601926,-0.08399397
1760988586991,0.12705997,0.6432411,-0.09605856
1760988586993,0.13164146,0.62125,-0.104610674
1760988586996,0.13148874,0.60063326,-0.11301007
1760988586998,0.13118331,0.57635134,-0.12018774
1760988587000,0.13087788,0.5494733,-0.121256754
1760988587002,0.12690726,0.52396965,-0.12232576
1760988587005,0.12308934,0.49846604,-0.12095132
1760988587007,0.122783914,0.47036624,-0.11591168
1760988587009,0.121256754,0.4448626,-0.10842858
1760988587012,0.12110403,0.41798455,-0.10094548
1760988587014,0.122020334,0.38881573,-0.093462385
1760988587016,0.120493166,0.3643811,-0.08475755
1760988587018,0.12034045,0.3388775,-0.076052725
1760988587021,0.12385293,0.31444287,-0.06856962
1760988587023,0.12721269,0.28878653,-0.059864793
1760988587025,0.1282817,0.26313022,-0.051159963
1760988587027,0.13545936,0.23991732,-0.04505131
1760988587030,0.1414153,0.21670444,-0.040011674
1760988587032,0.14859296,0.19349156,-0.03863723
1760988587035,0.15577064,0.17272215,-0.03726278
1760988587036,0.16417004,0.15317446,-0.038331795
1760988587039,0.17256944,0.13729197,-0.041996986
1760988587041,0.18234327,0.1226312,-0.04932737
1760988587043,0.18707748,0.111635625,-0.056505036
1760988587045,0.19807306,0.10048734,-0.067500606
1760988587047,0.2078469,0.09560041,-0.082161374
1760988587049,0.21273382,0.089491755,-0.09682214
1760988587052,0.21746802,0.08827003,-0.112704635
1760988587054,0.22617286,0.09193522,-0.12858713
1760988587056,0.22983804,0.09437868,-0.14813483
1760988587060,0.23472497,0.09682214,-0.16890424
1760988587061,0.2396119,0.105374254,-0.18860464
1760988587063,0.24220806,0.113926366,-0.21181752
1760988587065,0.24465153,0.122478485,-0.23273966
1760988587067,0.24846944,0.13836098,-0.25595254
1760988587070,0.24969117,0.14935656,-0.27565295
1760988587072,0.25350907,0.1591304,-0.29520062
1760988587074,0.2510656,0.17501289,-0.3173445
1760988587077,0.25121832,0.1872302,-0.3368922
1760988587079,0.257327,0.20189096,-0.3578143
1760988587082,0.2574797,0.21533,-0.376293
1760988587084,0.26374108,0.22876903,-0.39706242
1760988587086,0.26740626,0.23487769,-0.4166101
1760988587088,0.27351493,0.24098633,-0.43875396
1760988587091,0.28221974,0.24083363,-0.46074513
1760988587093,0.2883284,0.24572055,-0.48395798
1760988587095,0.2967278,0.2396119,-0.50717086
1760988587098,0.31138855,0.23350324,-0.52671856
1760988587100,0.32238412,0.22617286,-0.547488
1760988587102,0.3370449,0.21868975,-0.5682574
1760988587104,0.35170567,0.21013765,-0.5902485
1760988587107,0.36758816,0.19792034,-0.61086524
1760988587109,0.3857614,0.18188512,-0.63285637
1760988587111,0.40286562,0.16355917,-0.6560693
1760988587114,0.41981715,0.14401148,-0.6742425
1760988587116,0.43799037,0.12186762,-0.70096785
1760988587118,0.4549419,0.09743301,-0.72051555
1760988587120,0.47678033,0.071776666,-0.7460192
1760988587123,0.49739704,0.04230242,-0.7690793
1760988587125,0.5180137,0.010537425,-0.78969604
1760988587127,0.54229563,-0.02367103,-0.81031275
1760988587129,0.56413406,-0.05681047,-0.8321512
1760988587131,0.58459806,-0.09468412,-0.8527679
1760988587134,0.6075055,-0.13255776,-0.8721629
1760988587136,0.63545257,-0.1742493,-0.8938486
1760988587139,0.6608035,-0.21945333,-0.91324353
1760988587141,0.68630713,-0.2585487,-0.93508196
1760988587143,0.7104363,-0.301462,-0.9569204
1760988587145,0.7370089,-0.34422258,-0.9761627
1760988587148,0.7637343,-0.3895793,-0.9967794
1760988587150,0.7903069,-0.4335616,-1.0221303
1760988587152,0.8205447,-0.47891834,-1.0451905
1760988587155,0.84604836,-0.51923543,-1.0706941
1760988587157,0.872621,-0.56321776,-1.0984885
1760988587159,0.89552844,-0.6035349,-1.1252137
1760988587161,0.91599244,-0.6414085,-1.1556044
1760988587164,0.93783087,-0.6743952,-1.1859949
1760988587166,0.95707315,-0.70371675,-1.2151637
1760988587168,0.97035944,-0.72692966,-1.2469287
1760988587171,0.9848675,-0.7415904,-1.2773192
1760988587173,0.9932669,-0.75747293,-1.3078625
1760988587175,1.0004445,-0.7684685,-1.3384057
1760988587177,1.0053315,-0.77198094,-1.3677273
1760988587179,1.0089967,-0.76831573,-1.3982705
1760988587182,1.0137309,-0.767094,-1.427592
1760988587184,1.0088439,-0.76083267,-1.4556919
1760988587186,1.0064005,-0.7509061,-1.4851661
1760988587188,1.0027353,-0.74113226,-1.513266
1760988587191,0.9978484,-0.7275405,-1.5415184
1760988587193,0.99173975,-0.7141015,-1.565953
1760988587195,0.98440933,-0.6956228,-1.5917621
1760988587198,0.97585726,-0.6771441,-1.6175711
1760988587199,0.9673051,-0.6588182,-1.6432275
1760988587202,0.957684,-0.63545257,-1.6653714
1760988587204,0.94791013,-0.61590487,-1.6862935
1760988587206,0.93951076,-0.5900958,-1.7072157
1760988587208,0.9260717,-0.5655085,-1.7305813
1760988587211,0.91522884,-0.54229563,-1.7527251
1760988587213,0.9092729,-0.5164866,-1.7712038
1760988587215,0.903317,-0.4896085,-1.7909042
1760988587217,0.8910997,-0.46395215,-1.8093829
1760988587220,0.88025683,-0.43936482,-1.8290832
1760988587223,0.8718574,-0.41248676,-1.8451185
1760988587224,0.8671232,-0.38683042,-1.8622227
1760988587227,0.862389,-0.3623958,-1.8770362
1760988587229,0.8564331,-0.3378085,-1.890628
1760988587231,0.8529206,-0.31581733,-1.9066632
1760988587234,0.8518516,-0.29260445,-1.9190332
1760988587236,0.84956086,-0.27672195,-1.9338466
1760988587239,0.852157,-0.2585487,-1.9448422
1760988587241,0.8523097,-0.24266621,-1.958434
1760988587243,0.8547532,-0.23167065,-1.9682078
1760988587245,0.8585711,-0.21700987,-1.9793562
1760988587247,0.86116725,-0.20738874,-1.9891299
1760988587250,0.86620694,-0.19028452,-1.9978348
1760988587252,0.8712466,-0.17928895,-2.0077612
1760988587254,0.8775079,-0.17088956,-2.0163136
1760988587257,0.8874345,-0.16126843,-2.0248656
1760988587259,0.8886562,-0.1563815,-2.031127
1760988587261,0.8949176,-0.14782938,-2.0384574
1760988587263,0.90102625,-0.14065172,-2.0457878
1760988587266,0.9109528,-0.13820826,-2.053118
1760988587268,0.9184359,-0.13225232,-2.0581577
1760988587270,0.926988,-0.13347405,-2.061823
1760988587273,0.93324935,-0.12873985,-2.0679317
1760988587274,0.93691456,-0.12385293,-2.0740402
1760988587277,0.9456194,-0.118966006,-2.0790799
1760988587279,0.95172805,-0.11789699,-2.082745
1760988587281,0.9616546,-0.1142318,-2.0839667
1760988587284,0.96776325,-0.11560625,-2.0864103
1760988587285,0.9728029,-0.113162786,-2.0888536
1760988587288,0.9764681,-0.11438452,-2.087632
1760988587290,0.9801333,-0.11209377,-2.087632
1760988587293,0.9851729,-0.10842858,-2.0888536
1760988587294,0.98639464,-0.10598512,-2.087632
1760988587298,0.98761636,-0.10476339,-2.0888536
1760988587299,0.98639464,-0.10598512,-2.0888536
1760988587301,0.9839512,-0.109650314,-2.087632
1760988587303,0.981355,-0.109650314,-2.087632
1760988587305,0.97524637,-0.105832405,-2.087632
1760988587308,0.9728029,-0.10705414,-2.0864103
1760988587310,0.9691377,-0.105832405,-2.0851886
1760988587312,0.9618073,-0.104610674,-2.0839667
1760988587315,0.95188075,-0.10934488,-2.082745
1760988587317,0.9469938,-0.10934488,-2.0790799
1760988587319,0.9370673,-0.11285736,-2.0754147
1760988587322,0.9271407,-0.1151481,-2.0705278
1760988587324,0.91614515,-0.113926366,-2.065488
1760988587326,0.9074403,-0.11377365,-2.0557144
1760988587328,0.89888823,-0.11499538,-2.0508273
1760988587331,0.8903361,-0.11377365,-2.0410535
1760988587333,0.882853,-0.1160644,-2.0312796
1760988587335,0.8730792,-0.111177474,-2.0215058
1760988587338,0.8669705,-0.11484267,-2.0117319
1760988587340,0.86330533,-0.11346822,-2.0019581
1760988587343,0.8584184,-0.11102476,-1.9921843
1760988587344,0.8547532,-0.114689946,-1.9811887
1760988587347,0.84971356,-0.11713341,-1.9714148
1760988587349,0.8523097,-0.11957687,-1.9602666
1760988587351,0.84971356,-0.123242065,-1.949271
1760988587353,0.84864455,-0.12217305,-1.9333885
1760988587356,0.8547532,-0.12461651,-1.9211712
1760988587358,0.8571966,-0.12721269,-1.9077321
1760988587361,0.8622363,-0.12721269,-1.8930714
1760988587363,0.86590147,-0.13103059,-1.8796324
1760988587365,0.86834496,-0.14080444,-1.8635972
1760988587367,0.87689704,-0.14828753,-1.8452712
1760988587369,0.88071495,-0.15439619,-1.8293887
1760988587372,0.8868236,-0.16065755,-1.8135062
1760988587374,0.8904888,-0.1704314,-1.7962493
1760988587376,0.8978192,-0.17302758,-1.779145
1760988587379,0.90408057,-0.17562376,-1.7595973
1760988587381,0.9053023,-0.18295415,-1.7412714
1760988587383,0.9114109,-0.19150625,-1.7240144
1760988587385,0.91507614,-0.19776763,-1.7056885
1760988587388,0.91629785,-0.20387627,-1.689806
1760988587390,0.9138544,-0.20631973,-1.6727017
1760988587392,0.9126327,-0.21242839,-1.6554449
1760988587395,0.9089675,-0.21365012,-1.6395624
1760988587397,0.9077458,-0.21746802,-1.6236799
1760988587399,0.89919364,-0.21731532,-1.6053538
1760988587402,0.893085,-0.22464569,-1.5845845
1760988587404,0.88193667,-0.22342396,-1.563815
1760988587406,0.8721629,-0.22586742,-1.5428929
1760988587408,0.85994554,-0.22449298,-1.5209018
1760988587410,0.84879726,-0.22571471,-1.5001323
1760988587412,0.83291477,-0.22434026,-1.474476
1760988587414,0.8156578,-0.22556199,-1.4549283
1760988587417,0.7997753,-0.23151793,-1.4291192
1760988587420,0.7837401,-0.23625213,-1.4046847
1760988587421,0.77014834,-0.24113905,-1.38025
1760988587424,0.7528914,-0.24709499,-1.3544409
1760988587426,0.73563445,-0.2554944,-1.3263412
1760988587428,0.71959925,-0.26389378,-1.3017539
1760988587431,0.70234233,-0.27366763,-1.2724323
1760988587433,0.68875057,-0.28328875,-1.2429581
1760988587436,0.6751588,-0.2930626,-1.2147056
1760988587438,0.66156703,-0.30390546,-1.1841623
1760988587440,0.6479753,-0.31597003,-1.1534663
1760988587442,0.6406449,-0.3294091,-1.122923
1760988587445,0.63316184,-0.34162638,-1.0897835
1760988587447,0.62690043,-0.35262197,-1.0603093
1760988587449,0.6232353,-0.366061,-1.0273226
1760988587451,0.6195701,-0.37950003,-0.9966267
1760988587453,0.61575216,-0.39293906,-0.9636399
1760988587455,0.6133087,-0.40408736,-0.92927873
1760988587458,0.6094908,-0.42119157,-0.89736104
1760988587460,0.6094908,-0.4382958,-0.86437434
1760988587462,0.6081163,-0.4529566,-0.82879144
1760988587464,0.6056729,-0.46395215,-0.79320854
1760988587467,0.6044512,-0.4812091,-0.75777835
1760988587470,0.60063326,-0.4970916,-0.72341716
1760988587472,0.59696805,-0.51053065,-0.68539083
1760988587474,0.5919284,-0.5215262,-0.64996064
1760988587476,0.5882632,-0.5337435,-0.6094908
1760988587479,0.58078015,-0.549626,-0.5702427
1760988587480,0.572228,-0.5581781,-0.5311473
1760988587483,0.56123245,-0.5655085,-0.4894558
1760988587486,0.5514586,-0.5728389,-0.45280385
1760988587488,0.5390886,-0.57650405,-0.40882155
1760988587490,0.52687126,-0.58383447,-0.3707952
1760988587492,0.51083606,-0.5887214,-0.32925636
1760988587494,0.49739704,-0.59589905,-0.29000828
1760988587496,0.47769663,-0.600786,-0.25213462
1760988587498,0.45921794,-0.60918534,-0.21288654
1760988587501,0.4445572,-0.6104071,-0.17501289
1760988587503,0.42378777,-0.6102544,-0.13469578
1760988587505,0.40775254,-0.61269784,-0.09789115
1760988587507,0.3894266,-0.61254513,-0.06001751
1760988587510,0.36728272,-0.61483586,-0.024587326
1760988587512,0.3465133,-0.61483586,0.014660766
1760988587515,0.32436943,-0.6122397,0.05375614
1760988587517,0.29993483,-0.61208695,0.09040806
1760988587519,0.28023443,-0.6096435,0.12705997
1760988587522,0.26068676,-0.6058256,0.16249016
1760988587524,0.23976462,-0.6056729,0.19807306
1760988587526,0.22266038,-0.6056729,0.2322815
1760988587528,0.20189096,-0.6055202,0.26526824
1760988587531,0.18463401,-0.6079636,0.29703322
1760988587533,0.16737708,-0.60903263,0.3277292
1760988587535,0.15271631,-0.6151413,0.35705075
1760988587537,0.13545936,-0.61743206,0.38881573
1760988587539,0.1207986,-0.6198755,0.42073345
1760988587542,0.1085813,-0.6209445,0.4512767
1760988587544,0.09621128,-0.6246097,0.48059824
1760988587546,0.08399397,-0.63071835,0.51251596
1760988587549,0.07162395,-0.63178736,0.54305923
1760988587551,0.058184914,-0.63545257,0.5723807
1760988587553,0.049632803,-0.6427829,0.59941155
1760988587556,0.04337143,-0.6488916,0.62873304
1760988587558,0.03359759,-0.65133506,0.6568329
1760988587560,0.020158553,-0.65240407,0.6824892
1760988587562,0.01282817,-0.65240407,0.710589
1760988587565,0.0030543262,-0.6536258,0.73639804
1760988587567,-0.005497787,-0.6560693,0.7620544
1760988587569,-0.01282817,-0.6536258,0.7877107
1760988587571,-0.025045475,-0.65240407,0.81336707
1760988587574,-0.03604105,-0.64996064,0.8402451
1760988587576,-0.048258353,-0.64736444,0.8622363
1760988587578,-0.059406646,-0.64858615,0.8854492
1760988587580,-0.06795876,-0.64980793,0.9088148
1760988587583,-0.081397794,-0.64599,0.9283624
1760988587585,-0.09483683,-0.6423248,0.95279706
1760988587587,-0.104610674,-0.6398814,0.9735665
1760988587590,-0.12186762,-0.6385069,0.9955576
1760988587592,-0.13652839,-0.63361996,1.0151054
1760988587594,-0.15241088,-0.63224554,1.0358747
1760988587596,-0.1684461,-0.6284276,1.0554224
1760988587599,-0.18188512,-0.63087106,1.0761919
1760988587601,-0.1965459,-0.6258314,1.0969613
1760988587603,-0.2125811,-0.623388,1.1152872
1760988587605,-0.22602014,-0.6232353,1.1360567
1760988587607,-0.24205536,-0.6220135,1.1520919
1760988587609,-0.25427267,-0.61941737,1.1728612
1760988587612,-0.2640465,-0.61941737,1.187522
1760988587614,-0.27885997,-0.61682117,1.2046263
1760988587616,-0.29229903,-0.6217081,1.219287
1760988587620,-0.3034473,-0.6203337,1.2315043
1760988587621,-0.30955598,-0.6178902,1.2425
1760988587623,-0.31688634,-0.61544675,1.2547172
1760988587626,-0.32788193,-0.61529404,1.2620476
1760988587628,-0.3315471,-0.61529404,1.2730432
1760988587630,-0.3352123,-0.6079636,1.2791518
1760988587632,-0.34132096,-0.6042985,1.287704
1760988587635,-0.3474296,-0.59696805,1.2950343
1760988587637,-0.35476,-0.59330285,1.2986995
1760988587639,-0.36086863,-0.5882632,1.3011429
1760988587642,-0.37048978,-0.5723807,1.3034338
1760988587644,-0.38026363,-0.5552765,1.3058772
1760988587646,-0.38744128,-0.54183745,1.3057245
1760988587649,-0.3996586,-0.527024,1.3057245
1760988587651,-0.41050145,-0.50625455,1.30435
1760988587653,-0.42394048,-0.48655418,1.2993103
1760988587655,-0.43982297,-0.464563,1.2932017
1760988587658,-0.45433104,-0.43997568,1.2844969
1760988587659,-0.47510046,-0.4202753,1.2770138
1760988587663,-0.4970916,-0.39446622,1.2670872
1760988587664,-0.5203045,-0.36865717,1.2571607
1760988587667,-0.54458636,-0.33185256,1.2472341
1760988587669,-0.5739079,-0.29978213,1.2385293
1760988587672,-0.6020077,-0.26908615,1.227381
1760988587673,-0.62873304,-0.23335053,1.2162327
1760988587676,-0.660498,-0.19898935,1.2075279
1760988587678,-0.6898196,-0.16340645,1.1988231
1760988587681,-0.72265357,-0.12644911,1.19134
1760988587683,-0.75319684,-0.09086621,1.1850786
1760988587685,-0.7800749,-0.05513059,1.1786644
1760988587687,-0.81290895,-0.019547688,1.1748465
1760988587690,-0.8371908,0.016035212,1.1710287
1760988587691,-0.86651236,0.050396383,1.1745411
1760988587694,-0.8883508,0.08475755,1.1731668
1760988587696,-0.9089675,0.118966006,1.1754575
1760988587698,-0.93462384,0.14614952,1.1753048
1760988587700,-0.95157534,0.17302758,1.1788172
1760988587703,-0.9636399,0.19746219,1.1835514
1760988587705,-0.9793697,0.2171626,1.1896601
1760988587708,-0.9914343,0.2415972,1.1968378
1760988587710,-1.0012082,0.2574797,1.2066116
1760988587712,-1.0083858,0.27580565,1.2174544
1760988587714,-1.0118983,0.28802297,1.2284501
1760988587717,-1.0166324,0.30375275,1.2405146
1760988587718,-1.0189233,0.31597003,1.2539536
1760988587721,-1.021214,0.32330042,1.2696834
1760988587723,-1.0236574,0.32803464,1.2880094
1760988587725,-1.0235047,0.33536503,1.3063353
1760988587728,-1.023352,0.34498614,1.3271047
1760988587730,-1.0219775,0.34865135,1.3478742
1760988587732,-1.0195341,0.35216382,1.3662001
1760988587735,-1.0144944,0.35323283,1.389413
1760988587737,-1.0106765,0.356898,1.4089607
1760988587740,-1.0044152,0.3567453,1.4321736
1760988587742,-0.9981538,0.3578143,1.452943
1760988587744,-0.9931142,0.35888332,1.4737124
1760988587746,-0.98440933,0.35995236,1.4944818
1760988587748,-0.9744828,0.36102137,1.5140295
1760988587750,-0.96577793,0.36209038,1.534799
1760988587753,-0.95340794,0.36193767,1.5543466
1760988587755,-0.9459248,0.3642284,1.5737416
1760988587757,-0.93477654,0.36285394,1.593442
1760988587759,-0.9285152,0.36636642,1.6103935
1760988587762,-0.91736686,0.36865717,1.6274977
1760988587764,-0.9086621,0.37094793,1.6458237
1760988587766,-0.90117896,0.37201694,1.6617062
1760988587768,-0.8912524,0.3755294,1.6751453
1760988587771,-0.8837693,0.37782016,1.6873626
1760988587773,-0.8738427,0.37888917,1.698358
1760988587775,-0.8651379,0.38362336,1.7081319
1760988587778,-0.8564331,0.39095375,1.7140878
1760988587781,-0.84788096,0.39080104,1.7201965
1760988587782,-0.8379544,0.39553526,1.7250835
1760988587784,-0.82924956,0.397826,1.7287487
1760988587786,-0.8217665,0.4027129,1.7250835
1760988587788,-0.8142834,0.41233405,1.7224873
1760988587791,-0.8019133,0.41584653,1.7188221
1760988587793,-0.79443026,0.42562035,1.7151569
1760988587795,-0.7857254,0.43279803,1.706452
1760988587797,-0.77213365,0.44241914,1.6942347
1760988587799,-0.76342887,0.452193,1.6843082
1760988587802,-0.7535023,0.46303585,1.6696475
1760988587805,-0.73991054,0.472657,1.6511687
1760988587807,-0.7312057,0.48365256,1.6328428
1760988587809,-0.72387534,0.49098295,1.6120734
1760988587811,-0.7102836,0.5006041,1.5911512
1760988587814,-0.70157874,0.51266867,1.566564
1760988587816,-0.6966918,0.519999,1.543351
1760988587818,-0.68798697,0.5346598,1.5163202
1760988587820,-0.6780604,0.54809886,1.4918857
1760988587822,-0.67057735,0.5552765,1.4672983
1760988587825,-0.66446865,0.56505036,1.4391985
1760988587827,-0.6582073,0.57971114,1.4121678
1760988587829,-0.65194595,0.589485,1.3865114
1760988587832,-0.6458373,0.6041457,1.361924
1760988587834,-0.6407976,0.61758476,1.3348932
1760988587837,-0.63697976,0.6273586,1.3116804
1760988587839,-0.63331455,0.6395759,1.2883148
1760988587840,-0.63071835,0.65057147,1.2638801
1760988587843,-0.63071835,0.66156703,1.2441798
1760988587846,-0.6246097,0.66767573,1.2246321
1760988587847,-0.6195701,0.6762278,1.2063061
1760988587850,-0.61346143,0.68218374,1.1890492
1760988587852,-0.6122397,0.68584895,1.1743884
1760988587854,-0.6072,0.6944011,1.1585059
1760988587857,-0.6035349,0.6968445,1.1462886
1760988587859,-0.59742624,0.699288,1.1339186
1760988587861,-0.5925393,0.6968445,1.1192578
1760988587864,-0.5876524,0.6944011,1.109484
1760988587866,-0.5815437,0.6931793,1.1009319
1760988587868,-0.57543504,0.6919576,1.0874928
1760988587870,-0.5729916,0.6931793,1.077719
1760988587873,-0.56688297,0.68829244,1.0655017
1760988587875,-0.56321776,0.68829244,1.0532844
1760988587877,-0.55955255,0.68829244,1.0410671
1760988587879,-0.5534439,0.6881397,1.0288498
1760988587882,-0.5522222,0.68829244,1.0166324
1760988587884,-0.548557,0.68951416,1.0031935
1760988587886,-0.5412266,0.69058317,0.98975444
1760988587889,-0.5412266,0.68951416,0.97509366
1760988587890,-0.5412266,0.6919576,0.9616546
1760988587893,-0.53878313,0.6968445,0.9445504
1760988587895,-0.5375614,0.7005097,0.9285152
1760988587898,-0.5338962,0.70417494,0.9089675
1760988587900,-0.5314528,0.70539665,0.8906415
1760988587902,-0.5314528,0.71761394,0.8709411
1760988587905,-0.5326745,0.72387534,0.8526152
1760988587907,-0.5326745,0.7287622,0.83184576
1760988587909,-0.5314528,0.7360926,0.81107634
1760988587911,-0.5338962,0.74479747,0.7901542
1760988587914,-0.535118,0.75579304,0.768163
1760988587916,-0.5363397,0.7643451,0.7460192
1760988587918,-0.5412266,0.77304995,0.7264715
1760988587921,-0.54229563,0.786489,0.70432764
1760988587922,-0.54351735,0.79626286,0.68477994
1760988587925,-0.549626,0.80741113,0.66523224
1760988587927,-0.5520695,0.81596327,0.6479753
1760988587929,-0.55939984,0.829555,0.62964934
1760988587932,-0.5655085,0.8405506,0.61361414
1760988587934,-0.5703954,0.8539896,0.59895337
1760988587937,-0.5751296,0.86758137,0.5853616
1760988587940,-0.57879484,0.8810204,0.57436603
1760988587942,-0.5861252,0.8944594,0.56199604
1760988587943,-0.5946773,0.9080512,0.5522222
1760988587946,-0.5981898,0.91904676,0.5459608
1760988587948,-0.60063326,0.9300423,0.5386304
1760988587950,-0.6065892,0.9410379,0.5325218
1760988587952,-0.6078109,0.95081174,0.5299256
1760988587955,-0.61391956,0.9605856,0.52748215
1760988587956,-0.61621034,0.97158116,0.52748215
1760988587959,-0.61361414,0.981355,0.52855116
1760988587962,-0.61727935,0.98868537,0.5297729
1760988587963,-0.61850107,0.9960158,0.5309946
1760988587966,-0.61834836,1.0070114,0.5308419
1760988587969,-0.61941737,1.014189,0.5332854
1760988587971,-0.61819565,1.0166324,0.5369505
1760988587972,-0.61437774,1.0239629,0.54061574
1760988587975,-0.61193424,1.028697,0.54061574
1760988587978,-0.6081163,1.0311406,0.54534996
1760988587980,-0.6032294,1.033584,0.5465717
1760988587982,-0.59712076,1.0309879,0.5465717
1760988587983,-0.5920811,1.0309879,0.5465717
1760988587986,-0.5884159,1.0297661,0.5477934
1760988587988,-0.5823073,1.0259482,0.5465717
1760988587990,-0.5749769,1.0235047,0.54901516
1760988587993,-0.56505036,1.0221303,0.5465717
1760988587995,-0.56031615,1.0160216,0.54428095
1760988587997,-0.55665094,1.0123564,0.54061574
1760988587999,-0.551764,1.0062478,0.5345071
1760988588002,-0.54809886,1.0001391,0.5296202
1760988588005,-0.54565537,0.9952522,0.52106804
1760988588007,-0.54336464,0.98914355,0.5161811
1760988588009,-0.54718256,0.9795224,0.50900346
1760988588011,-0.5459608,0.97341377,0.4992296
1760988588013,-0.5511532,0.9625709,0.48823404
1760988588016,-0.5572618,0.9578367,0.47983465
1760988588018,-0.56489766,0.9505063,0.4700608
1760988588020,-0.571159,0.9408852,0.46028697
1760988588022,-0.58108556,0.93737274,0.44684792
1760988588025,-0.5934556,0.93386024,0.43478334
1760988588027,-0.6046039,0.9268353,0.42256603
1760988588029,-0.61834836,0.91965765,0.41034874
1760988588031,-0.63331455,0.91247994,0.39690968
1760988588034,-0.64812803,0.91156363,0.38362336
1760988588037,-0.6629415,0.9068295,0.37018433
1760988588039,-0.6815729,0.90209526,0.3555236
1760988588040,-0.6976081,0.9024007,0.3408628
1760988588043,-0.713796,0.89888823,0.3286455
1760988588045,-0.731053,0.89919364,0.31642818
1760988588048,-0.7483099,0.89812464,0.30298916
1760988588049,-0.7620544,0.89827734,0.2883284
1760988588052,-0.77686787,0.89843005,0.2761111
1760988588054,-0.79045963,0.89629203,0.26282477
1760988588056,-0.8052731,0.895223,0.25060746
1760988588058,-0.8164214,0.8953757,0.2396119
1760988588061,-0.8312349,0.89552844,0.22861631
1760988588063,-0.8399397,0.89934635,0.21884248
1760988588066,-0.8472701,0.89934635,0.21029036
1760988588068,-0.8571966,0.9007208,0.20295998
1760988588070,-0.86330533,0.90087354,0.1956296
1760988588072,-0.86834496,0.90209526,0.18829921
1760988588075,-0.8720101,0.90469146,0.18463401
1760988588077,-0.8756753,0.90224797,0.18219055
1760988588079,-0.87689704,0.90469146,0.17852537
1760988588082,-0.88056225,0.9071349,0.17730364
1760988588084,-0.8793405,0.9095783,0.17592919
1760988588086,-0.87689704,0.9120218,0.17470746
1760988588088,-0.87689704,0.9108001,0.17837265
1760988588091,-0.8743009,0.91690874,0.17837265
1760988588093,-0.8706357,0.9130908,0.18203785
1760988588095,-0.8669705,0.9106474,0.18448131
1760988588098,-0.86330533,0.91431254,0.18570304
1760988588100,-0.86086184,0.9117164,0.19058995
1760988588102,-0.8509353,0.9104946,0.19303341
1760988588104,-0.84604836,0.9068295,0.19547687
1760988588106,-0.84116143,0.90301156,0.19792034
1760988588108,-0.8324566,0.90056807,0.20173825
1760988588111,-0.8239045,0.89675015,0.2078469
1760988588113,-0.8226828,0.893085,0.20906863
1760988588115,-0.81290895,0.8868236,0.21151209
1760988588118,-0.80557853,0.88193667,0.21639901
1760988588120,-0.7994699,0.8721629,0.21762075
1760988588123,-0.79213953,0.86834496,0.22128594
1760988588125,-0.7846564,0.8671232,0.21884248
1760988588127,-0.77854776,0.86086184,0.22143865
1760988588130,-0.77488256,0.8571966,0.22266038
1760988588132,-0.7699956,0.8596401,0.21899518
1760988588134,-0.7687739,0.8596401,0.21655174
1760988588136,-0.7651087,0.8596401,0.21410827
1760988588138,-0.763887,0.86208355,0.20906863
1760988588140,-0.7612908,0.86452705,0.20173825
1760988588143,-0.76144356,0.86330533,0.19440787
1760988588146,-0.7663304,0.86452705,0.19074267
1760988588148,-0.7699956,0.86834496,0.18096884
1760988588150,-0.77625704,0.8695667,0.17363845
1760988588152,-0.7835874,0.86849767,0.16508633
1760988588154,-0.7910705,0.8733846,0.15653422
1760988588156,-0.7984009,0.8772025,0.14920384
1760988588158,-0.81183994,0.88346386,0.14187345
1760988588160,-0.8217665,0.88712907,0.13576481
1760988588163,-0.83276206,0.890947,0.12721269
1760988588165,-0.84879726,0.89476484,0.11988231
1760988588167,-0.86483246,0.89751375,0.11133019
1760988588171,-0.8784242,0.90133166,0.103847094
1760988588172,-0.8944594,0.9051496,0.096516706
1760988588174,-0.9117164,0.9101892,0.089186326
1760988588177,-0.93019503,0.9140071,0.081855945
1760988588179,-0.9424124,0.92271197,0.07574729
1760988588182,-0.9560041,0.9228647,0.06963864
1760988588184,-0.97066486,0.93034774,0.06352998
1760988588186,-0.9818132,0.9390526,0.058643065
1760988588188,-0.9940305,0.9451612,0.056046885
1760988588191,-1.0025826,0.94897914,0.053603426
1760988588193,-1.0111347,0.9575313,0.049938235
1760988588196,-1.0149527,0.957684,0.049938235
1760988588198,-1.0210613,0.9625709,0.049938235
1760988588199,-1.0209086,0.96867955,0.052381694
1760988588203,-1.018465,0.96867955,0.051159963
1760988588204,-1.0134255,0.97341377,0.051159963
1760988588207,-1.0073168,0.977079,0.05222898
1760988588208,-1.0022771,0.9793697,0.05222898
1760988588211,-0.99128157,0.9816604,0.053450707
1760988588213,-0.981355,0.98654735,0.053450707
1760988588215,-0.968985,0.98639464,0.05467244
1760988588218,-0.956615,0.9837985,0.05467244
1760988588220,-0.9418015,0.98731095,0.053450707
1760988588222,-0.9257663,0.98837996,0.053297993
1760988588225,-0.9097311,0.99067074,0.054519724
1760988588227,-0.8900307,0.9952522,0.05207626
1760988588229,-0.8752172,0.9963212,0.049632803
1760988588231,-0.8567385,0.9949468,0.04718934
1760988588234,-0.8344419,1.0009027,0.0421497
1760988588236,-0.8184067,1.0031935,0.03726278
1760988588238,-0.8035932,1.0067059,0.032375857
1760988588240,-0.7851145,1.0102184,0.026267206
1760988588243,-0.77274454,1.0137309,0.017562376
1760988588245,-0.75426584,1.0209086,0.009010263
1760988588247,-0.74189585,1.0219775,0.0016798794
1760988588250,-0.7307475,1.0291553,-0.0070249503
1760988588252,-0.71959925,1.0364856,-0.021685716
1760988588254,-0.7096727,1.0436633,-0.03023783
1760988588256,-0.70478576,1.0497719,-0.04260785
1760988588258,-0.6985244,1.0581713,-0.057268616
1760988588260,-0.6947065,1.0691669,-0.06582073
1760988588263,-0.6947065,1.0764973,-0.07819075
1760988588265,-0.6945538,1.0887146,-0.09162979
1760988588267,-0.6921103,1.0972667,-0.10399981
1760988588271,-0.6945538,1.1058189,-0.11499538
1760988588272,-0.6919576,1.1131492,-0.12721269
1760988588275,-0.6944011,1.1217014,-0.14080444
1760988588277,-0.68951416,1.1290317,-0.1518
1760988588279,-0.6907359,1.1363621,-0.16523905
1760988588280,-0.68936145,1.1436925,-0.17638734
1760988588282,-0.68203104,1.1473577,-0.1873829
1760988588285,-0.6795876,1.1510228,-0.19593503
1760988588287,-0.67088276,1.1533136,-0.20815234
1760988588290,-0.6623306,1.1545353,-0.21792617
1760988588292,-0.65500027,1.1533136,-0.2264783
1760988588294,-0.6426302,1.1519392,-0.23625213
1760988588296,-0.6267477,1.1468995,-0.24602598
1760988588298,-0.61315596,1.1420126,-0.25335637
1760988588301,-0.59605175,1.1333077,-0.26190847
1760988588303,-0.5726862,1.1258247,-0.27046058
1760988588305,-0.5531385,1.1122329,-0.27656925
1760988588308,-0.5299256,1.0986412,-0.28130344
1760988588310,-0.50656,1.0873401,-0.2874121
1760988588312,-0.4821254,1.0700831,-0.29352075
1760988588314,-0.45769078,1.054048,-0.29703322
1760988588317,-0.42943826,1.0355693,-0.30558532
1760988588319,-0.40744713,1.0183123,-0.3115413
1760988588321,-0.38423425,0.998612,-0.31642818
1760988588323,-0.36102137,0.9776898,-0.3211624
1760988588326,-0.34025195,0.9628763,-0.32604933
1760988588328,-0.3182608,0.9407325,-0.3295618
1760988588331,-0.2950479,0.9271407,-0.33322698
1760988588333,-0.27916542,0.9098838,-0.33307427
1760988588335,-0.26206118,0.8938486,-0.33307427
1760988588337,-0.24373524,0.88025683,-0.33658674
1760988588339,-0.22785273,0.8668178,-0.3378085
1760988588342,-0.21059579,0.85811293,-0.33658674
1760988588344,-0.1947133,0.84696466,-0.3378085
1760988588346,-0.1788308,0.8333729,-0.3388775
1760988588349,-0.16661349,0.82833326,-0.3388775
1760988588351,-0.1554652,0.8246681,-0.33643404
1760988588353,-0.14080444,0.8196284,-0.3352123
1760988588355,-0.13087788,0.81336707,-0.3352123
1760988588358,-0.116217114,0.80832744,-0.33276883
1760988588360,-0.105068825,0.8046622,-0.32910365
1760988588362,-0.095294975,0.8032878,-0.32788193
1760988588365,-0.082924955,0.7982482,-0.32650748
1760988588366,-0.076816306,0.7982482,-0.32284227
1760988588370,-0.069485925,0.79443026,-0.32162055
1760988588371,-0.063224554,0.79320854,-0.3191771
1760988588374,-0.058337633,0.79549927,-0.3203988
1760988588376,-0.053450707,0.79305583,-0.32162055
1760988588378,-0.05222898,0.7893906,-0.32284227
1760988588381,-0.053450707,0.79061234,-0.32284227
1760988588383,-0.053450707,0.7881689,-0.3277292
1760988588385,-0.05222898,0.7881689,-0.33505958
1760988588388,-0.05467244,0.78954333,-0.34116822
1760988588390,-0.056046885,0.7883216,-0.3484986
1760988588392,-0.05971208,0.78954333,-0.3594942
1760988588394,-0.062308256,0.7835874,-0.36926803
1760988588396,-0.062308256,0.7848091,-0.37904188
1760988588399,-0.06856962,0.7837401,-0.38759398
1760988588401,-0.07345655,0.7800749,-0.4034765
1760988588403,-0.076052725,0.77778417,-0.4156938
1760988588406,-0.0786489,0.77656245,-0.43035457
1760988588408,-0.08231409,0.77182823,-0.44012842
1760988588410,-0.084910266,0.768163,-0.45356745
1760988588412,-0.088728175,0.7646506,-0.46578476
1760988588414,-0.09132435,0.75625116,-0.47540587
1760988588417,-0.09254608,0.75136423,-0.48640144
1760988588419,-0.09514226,0.7405214,-0.4961753
1760988588422,-0.096516706,0.7319693,-0.5047274
1760988588424,-0.094225965,0.7160868,-0.5119051
1760988588426,-0.09560041,0.70402217,-0.5180137
1760988588428,-0.095753126,0.69058317,-0.5203045
1760988588431,-0.0983493,0.68218374,-0.52519137
1760988588433,-0.09728029,0.6626361,-0.5225952
1760988588435,-0.09621128,0.6443101,-0.5224425
1760988588437,-0.09514226,0.6284276,-0.5187773
1760988588439,-0.09162979,0.6053675,-0.5112942
1760988588442,-0.08811731,0.5858198,-0.5013676
1760988588444,-0.08582657,0.56016344,-0.4914411
1760988588446,-0.0786489,0.5345071,-0.47907108
1760988588449,-0.07162395,0.50503284,-0.46303585
1760988588451,-0.06566802,0.4720461,-0.4457789
1760988588453,-0.057268616,0.4390594,-0.42363504
1760988588456,-0.049021937,0.40607268,-0.40515637
1760988588458,-0.03573562,0.37048978,-0.38041633
1760988588459,-0.023518313,0.3387248,-0.35216382
1760988588462,-0.01282817,0.3031419,-0.32513303
1760988588464,0.004276057,0.26633725,-0.29794952
1760988588467,0.02367103,0.23197608,-0.27091873
1760988588469,0.03940081,0.19761491,-0.24388795
1760988588471,0.058948494,0.1656972,-0.21685717
1760988588474,0.07849618,0.1337795,-0.1873829
1760988588476,0.10170906,0.10552697,-0.16157386
1760988588478,0.12232576,0.07467828,-0.13454308
1760988588480,0.1469131,0.05131268,-0.111177474
1760988588483,0.16890424,0.027794369,-0.09025534
1760988588485,0.19593503,0.0056505036,-0.070554934
1760988588487,0.21548271,-0.012980887,-0.05467244
1760988588490,0.23625213,-0.03023783,-0.039858956
1760988588492,0.25595254,-0.04505131,-0.027641652
1760988588494,0.27550024,-0.057421334,-0.017715093
1760988588496,0.29520062,-0.069791354,-0.014049901
1760988588499,0.3135266,-0.079870634,-0.009162978
1760988588500,0.3295618,-0.08857546,-0.0067195175
1760988588503,0.34422258,-0.09712757,-0.0065668016
1760988588506,0.3565926,-0.09850202,-0.011453724
1760988588508,0.37003163,-0.102319926,-0.016340645
1760988588510,0.37491855,-0.10720685,-0.02367103
1760988588512,0.38591412,-0.110872045,-0.031001411
1760988588515,0.39202276,-0.11102476,-0.038331795
1760988588516,0.39706242,-0.11102476,-0.04932737
1760988588519,0.39690968,-0.1085813,-0.06047566
1760988588521,0.39950588,-0.106137834,-0.07269296
1760988588523,0.4007276,-0.101098195,-0.084910266
1760988588526,0.39813143,-0.09743301,-0.100792766
1760988588527,0.4007276,-0.09254608,-0.1142318
1760988588530,0.39690968,-0.0888809,-0.12889257
1760988588532,0.3932445,-0.08017606,-0.14370605
1760988588535,0.3932445,-0.0777326,-0.16203201
1760988588537,0.39080104,-0.075289145,-0.1779145
1760988588539,0.3846924,-0.06536258,-0.19624045
1760988588542,0.37843102,-0.060322944,-0.21227567
1760988588543,0.3735441,-0.05787948,-0.22937989
1760988588546,0.3747658,-0.05787948,-0.24648413
1760988588548,0.37216964,-0.058948494,-0.2648101
1760988588551,0.37094793,-0.056505036,-0.28313604
1760988588553,0.36835176,-0.06001751,-0.29901853
1760988588555,0.36957347,-0.063682705,-0.31612277
1760988588558,0.37201694,-0.06246097,-0.33200526
1760988588560,0.37797287,-0.071013086,-0.3454443
1760988588563,0.38026363,-0.081855945,-0.3575089
1760988588564,0.3837761,-0.09407325,-0.37216964
1760988588567,0.3911065,-0.10629055,-0.38438696
1760988588569,0.40194935,-0.12339478,-0.39522982
1760988588571,0.41157046,-0.14172074,-0.40378192
1760988588573,0.42485678,-0.16737708,-0.4109596
1760988588576,0.43569964,-0.19303341,-0.41813725
1760988588578,0.44898596,-0.22128594,-0.41920626
1760988588580,0.463494,-0.25305092,-0.4202753
1760988588583,0.4804455,-0.28725937,-0.42378777
1760988588585,0.49480084,-0.3239113,-0.42363504
1760988588587,0.5129741,-0.36193767,-0.42210788
1760988588589,0.5346598,-0.40591997,-0.41706824
1760988588591,0.552833,-0.44638976,-0.41309762
1760988588594,0.5696318,-0.49281552,-0.41050145
1760988588596,0.5900958,-0.53801954,-0.40530908
1760988588598,0.6105598,-0.5858198,-0.40026945
1760988588601,0.62980205,-0.63713247,-0.39629883
1760988588603,0.65270954,-0.68737614,-0.3911065
1760988588605,0.6769914,-0.7386888,-0.38591412
1760988588607,0.69989884,-0.79137594,-0.3820962
1760988588610,0.71776664,-0.8426886,-0.37812558
1760988588612,0.73823065,-0.8915578,-0.37659842
1760988588614,0.75747293,-0.945314,-0.37507126
1760988588616,0.77671516,-0.9967794,-0.3736968
1760988588619,0.7959574,-1.0444268,-0.3746131
1760988588621,0.8127562,-1.0908526,-0.37675115
1760988588623,0.829555,-1.1323915,-0.37904188
1760988588626,0.84391034,-1.1727085,-0.3849978
1760988588628,0.8570439,-1.2093605,-0.38835758
1760988588630,0.8703303,-1.2423472,-0.3979787
1760988588633,0.87979865,-1.270447,-0.40759984
1760988588635,0.88331115,-1.2996159,-0.4184427
1760988588637,0.8917105,-1.3179418,-0.43066
1760988588640,0.8950703,-1.3350459,-0.4427246
1760988588642,0.89369583,-1.3471106,-0.45616361
1760988588644,0.8886562,-1.3530666,-0.47326785
1760988588646,0.8837693,-1.3494014,-0.4915938
1760988588648,0.87995136,-1.3480269,-0.50747633
1760988588651,0.86651236,-1.3405437,-0.52824575
1760988588653,0.8541423,-1.3257303,-0.5491679
1760988588654,0.8407033,-1.3121386,-0.571159
1760988588657,0.82604253,-1.2912164,-0.59330285
1760988588660,0.8126035,-1.2690725,-0.6178902
1760988588662,0.79809546,-1.2432635,-0.6412558
1760988588664,0.7809912,-1.2174544,-0.66706485
1760988588666,0.7663304,-1.1881329,-0.69043046
1760988588669,0.7493789,-1.157437,-0.7150178
1760988588671,0.7312057,-1.1230757,-0.73838335
1760988588674,0.71669763,-1.0850494,-0.7629707
1760988588676,0.69714993,-1.0482447,-0.7901542
1760988588679,0.6814202,-1.0102184,-0.8147415
1760988588680,0.66446865,-0.97341377,-0.8393288
1760988588682,0.64766985,-0.93187493,-0.86651236
1760988588684,0.63194007,-0.8877399,-0.8886562
1760988588688,0.61254513,-0.8472701,-0.91339624
1760988588689,0.5907067,-0.8031351,-0.9416488
1760988588691,0.5725334,-0.7602218,-0.96761054
1760988588693,0.5545129,-0.7089091,-0.9947941
1760988588696,0.5338962,-0.6598872,-1.0218248
1760988588699,0.51343226,-0.61208695,-1.0453432
1760988588700,0.49663344,-0.56077427,-1.0725267
1760988588703,0.47983465,-0.5093089,-1.0948232
1760988588705,0.46181414,-0.45555276,-1.1158981
1760988588707,0.44608435,-0.40653083,-1.1394165
1760988588710,0.43172902,-0.3576616,-1.1603385
1760988588711,0.41615194,-0.31123585,-1.1801916
1760988588714,0.40668353,-0.26358834,-1.1976013
1760988588716,0.39477167,-0.21578814,-1.2136365
1760988588718,0.38530326,-0.17302758,-1.227381
1760988588720,0.38453966,-0.13041973,-1.2411255
1760988588723,0.37751472,-0.09132435,-1.251052
1760988588725,0.37415496,-0.054825157,-1.2609786
1760988588727,0.37568212,-0.020616703,-1.2698362
1760988588730,0.37980548,0.017104227,-1.2773192
1760988588732,0.38606682,0.04260785,-1.2823589
1760988588734,0.39263365,0.0693332,-1.2886202
1760988588737,0.40011674,0.09239337,-1.2924381
1760988588738,0.41386122,0.11056661,-1.2962561
1760988588741,0.42394048,0.12996158,-1.2988522
1760988588744,0.4352415,0.1432479,-1.2988522
1760988588746,0.44883323,0.1553125,-1.2990049
1760988588748,0.46135598,0.16600263,-1.2977833
1760988588751,0.473726,0.17195857,-1.2953397
1760988588753,0.48609602,0.17440203,-1.2942708
1760988588755,0.5021312,0.17531833,-1.2918273
1760988588757,0.5181664,0.17150041,-1.2906055
1760988588759,0.5328272,0.16539176,-1.2881621
1760988588762,0.5439755,0.16035213,-1.2855659
1760988588764,0.559858,0.15042557,-1.2831224
1760988588766,0.5708536,0.14049901,-1.280679
1760988588768,0.5879578,0.12461651,-1.2805263
1760988588771,0.60139686,0.107359566,-1.2756393
1760988588773,0.61483586,0.09010262,-1.2718215
1760988588776,0.63056564,0.0729984,-1.269378
1760988588778,0.6452264,0.049632803,-1.26556
1760988588780,0.657291,0.027641652,-1.2617421
1760988588783,0.6719518,0.0067195175,-1.2605205
1760988588784,0.68523806,-0.015271631,-1.2567025
1760988588786,0.69974613,-0.041080687,-1.2528846
1760988588788,0.7144069,-0.06307184,-1.2478449
1760988588790,0.7264715,-0.0888809,-1.2452488
1760988588793,0.74097955,-0.11575896,-1.2438743
1760988588795,0.7530441,-0.14263703,-1.2402092
1760988588797,0.7651087,-0.17088956,-1.2388347
1760988588799,0.77595156,-0.20021108,-1.2362386
1760988588802,0.784351,-0.22586742,-1.2287555
1760988588804,0.79275036,-0.2527455,-1.2249376
1760988588806,0.7985536,-0.27962357,-1.2198979
1760988588809,0.8045095,-0.3052799,-1.2124147
1760988588811,0.81046546,-0.33460143,-1.208597
1760988588813,0.8164214,-0.36147952,-1.199892
1760988588816,0.8173377,-0.3857614,-1.1924089
1760988588819,0.8170323,-0.41386122,-1.1849259
1760988588821,0.8205447,-0.4370741,-1.176221
1760988588822,0.8228355,-0.45662177,-1.1687379
1760988588825,0.8177959,-0.4784602,-1.1600331
1760988588827,0.8174904,-0.5028948,-1.1502593
1760988588829,0.8187121,-0.5151121,-1.1366675
1760988588832,0.816116,-0.5320636,-1.1279627
1760988588834,0.8147415,-0.54305923,-1.1169671
1760988588836,0.8147415,-0.5503896,-1.1059716
1760988588838,0.8135198,-0.55771995,-1.0972667
1760988588840,0.8135198,-0.5590944,-1.0862712
1760988588843,0.8147415,-0.5590944,-1.0752755
1760988588845,0.8135198,-0.5578727,-1.0667235
1760988588847,0.80863285,-0.5542075,-1.0569496
1760988588850,0.8038987,-0.54565537,-1.0485502
1760988588852,0.8026769,-0.5371033,-1.0412198
1760988588855,0.79427755,-0.52855116,-1.0338894
1760988588857,0.79061234,-0.519999,-1.026559
1760988588858,0.7808385,-0.50900346,-1.0230466
1760988588861,0.7724391,-0.4990769,-1.0157162
1760988588863,0.7626653,-0.4868596,-1.0059423
1760988588865,0.7528914,-0.47342056,-0.9999864
1760988588868,0.74204856,-0.462425,-0.9950995
1760988588870,0.7286095,-0.45005497,-0.98899084
1760988588872,0.71883565,-0.43661594,-0.9805914
1760988588875,0.70173144,-0.42424592,-0.97326106
1760988588877,0.6907359,-0.4120286,-0.9634872
1760988588879,0.67363167,-0.4008803,-0.95630956
1760988588882,0.6577492,-0.38988474,-0.9465357
1760988588884,0.6418667,-0.37507126,-0.93554014
1760988588886,0.62858033,-0.36041048,-0.9246973
1760988588888,0.61391956,-0.34681875,-0.9149234
1760988588890,0.59803706,-0.33337972,-0.9051496
1760988588893,0.58459806,-0.32345316,-0.893085
1760988588895,0.5699373,-0.31612277,-0.88086766
1760988588898,0.55771995,-0.30375275,-0.8686504
1760988588900,0.5529858,-0.29886582,-0.8552113
1760988588902,0.54321194,-0.29275718,-0.8417723
1760988588904,0.5358815,-0.28909197,-0.8258898
1760988588906,0.52855116,-0.28298333,-0.80771655
1760988588909,0.52366424,-0.28298333,-0.79168135
1760988588911,0.519999,-0.2817616,-0.7733554
1760988588914,0.5177083,-0.28053987,-0.75136423
1760988588915,0.5152648,-0.2843578,-0.7305948
1760988588918,0.51159966,-0.28924468,-0.7086037
1760988588920,0.50915617,-0.29657507,-0.68279463
1760988588922,0.50671273,-0.301462,-0.65836
1760988588925,0.50900346,-0.31245756,-0.63270366
1760988588927,0.50533825,-0.3199407,-0.6032294
1760988588929,0.5004513,-0.3284928,-0.5751296
1760988588931,0.4980079,-0.3407101,-0.54809886
1760988588934,0.4978552,-0.35414913,-0.5187773
1760988588936,0.4978552,-0.3651447,-0.49174652
1760988588938,0.4915938,-0.3810272,-0.4636467
1760988588940,0.49037206,-0.39568797,-0.43417248
1760988588943,0.48899764,-0.41279218,-0.40591997
1760988588945,0.48533243,-0.4286747,-0.37522396
1760988588947,0.48151454,-0.4445572,-0.3471242
1760988588950,0.48273626,-0.45814893,-0.31642818
1760988588952,0.48502702,-0.47525316,-0.28817567
1760988588954,0.48380527,-0.49235737,-0.26251933
1760988588956,0.48487428,-0.50701815,-0.23304509
1760988588959,0.48243082,-0.5206099,-0.20479257
1760988588961,0.48472157,-0.5352707,-0.17547104
1760988588964,0.4822781,-0.5511532,-0.15088372
1760988588965,0.47723848,-0.5645922,-0.12522738
1760988588968,0.474795,-0.57803124,-0.09941832
1760988588970,0.46975538,-0.5878051,-0.07742717
1760988588973,0.46471575,-0.6000224,-0.056505036
1760988588975,0.45738536,-0.61086524,-0.038026363
1760988588977,0.44868052,-0.6230826,-0.019700404
1760988588979,0.44608435,-0.63285637,-0.002443461
1760988588981,0.43753225,-0.6388123,0.015882496
1760988588984,0.43249258,-0.6461427,0.030543262
1760988588986,0.42638394,-0.64980793,0.04520403
1760988588988,0.4213443,-0.65469486,0.06001751
1760988588990,0.41523564,-0.659429,0.07223482
1760988588993,0.41279218,-0.6620252,0.085673854
1760988588995,0.40668353,-0.66431594,0.09911288
1760988588997,0.40546182,-0.6620252,0.10888673
1760988588999,0.4005749,-0.659429,0.12110403
1760988589002,0.39446622,-0.6545421,0.13332134
1760988589004,0.3895793,-0.65087694,0.14553864
1760988589006,0.38362336,-0.6435465,0.1553125
1760988589008,0.37751472,-0.63621616,0.16630806
1760988589011,0.37384954,-0.6301075,0.17470746
1760988589013,0.36285394,-0.6264423,0.18692477
1760988589015,0.35934147,-0.6178902,0.1966986
1760988589018,0.34956762,-0.6105598,0.20769419
1760988589020,0.3436117,-0.5983425,0.21746802
1760988589022,0.33750305,-0.5934556,0.2284636
1760988589024,0.32895094,-0.5861252,0.23930646
1760988589027,0.32162055,-0.5751296,0.25152376
1760988589029,0.31688634,-0.5702427,0.26374108
1760988589031,0.30711251,-0.56031615,0.27473664
1760988589034,0.30115658,-0.5493206,0.28680122
1760988589036,0.29260445,-0.54321194,0.30024028
1760988589038,0.28160888,-0.5395467,0.31490102
1760988589040,0.27672195,-0.5358815,0.3295618
1760988589043,0.2706133,-0.5334381,0.34422258
1760988589044,0.2669481,-0.53221637,0.36010507
1760988589047,0.26206118,-0.5309946,0.3747658
1760988589049,0.25717425,-0.5346598,0.39064834
1760988589051,0.25595254,-0.5358815,0.40668353
1760988589054,0.25473082,-0.54443365,0.42378777
1760988589056,0.25473082,-0.551764,0.4372268
1760988589058,0.25457808,-0.5590944,0.453262
1760988589060,0.25335637,-0.5664248,0.46670106
1760988589063,0.25335637,-0.5751296,0.4813618
1760988589065,0.25457808,-0.5849035,0.50228393
1760988589067,0.2556471,-0.59589905,0.515723
1760988589070,0.2556471,-0.6081163,0.5305365
1760988589072,0.25686884,-0.61911196,0.54641896
1760988589074,0.2593123,-0.6252206,0.56230146
1760988589076,0.26160303,-0.6400341,0.57833666
1760988589079,0.2677117,-0.65225136,0.59299743
1760988589081,0.26893342,-0.6608035,0.6053675
1760988589083,0.267559,-0.6693556,0.62125
1760988589086,0.27000242,-0.68401635,0.63117653
1760988589088,0.27488935,-0.6927212,0.6433938
1760988589090,0.2759584,-0.70249504,0.65316767
1760988589093,0.2759584,-0.7110472,0.659429
1760988589095,0.2771801,-0.71837753,0.66798115
1760988589097,0.2771801,-0.72082096,0.6740898
1760988589099,0.27580565,-0.72692966,0.6789767
1760988589101,0.27214047,-0.7304421,0.68401635
1760988589104,0.27214047,-0.7281514,0.68630713
1760988589106,0.2648101,-0.7279987,0.6889033
1760988589108,0.25244007,-0.72173727,0.6899723
1760988589111,0.24388795,-0.7156286,0.691194
1760988589113,0.22922719,-0.70814556,0.68875057
1760988589115,0.21212296,-0.6957755,0.68630713
1760988589118,0.19242255,-0.6834055,0.6800457
1760988589119,0.1704314,-0.66737026,0.67271537
1760988589122,0.14462234,-0.6450737,0.6640105
1760988589124,0.11652254,-0.61682117,0.6516405
1760988589127,0.08964448,-0.5896377,0.636827
1760988589129,0.05787948,-0.552833,0.6220135
1760988589131,0.025045475,-0.514654,0.6047566
1760988589134,-0.01038471,-0.47403142,0.5887214
1760988589136,-0.050701816,-0.4297437,0.57009
1760988589138,-0.08979719,-0.38545597,0.5540548
1760988589140,-0.13744467,-0.3387248,0.5390886
1760988589143,-0.18387043,-0.28695396,0.52549684
1760988589145,-0.22785273,-0.24144448,0.5141958
1760988589147,-0.27168232,-0.18616119,0.5030475
1760988589150,-0.32177326,-0.13820826,0.4978552
1760988589152,-0.36575556,-0.0926988,0.49403727
1760988589155,-0.40958515,-0.04596761,0.4925101
1760988589157,-0.45356745,-0.0041233404,0.48991394
1760988589158,-0.49266282,0.0364992,0.49098295
1760988589161,-0.53038377,0.07819075,0.49693888
1760988589163,-0.5694791,0.12370021,0.4978552
1760988589165,-0.6010914,0.16172658,0.5038111
1760988589167,-0.6363689,0.20219639,0.514654
1760988589170,-0.66675943,0.24144448,0.5242751
1760988589172,-0.6947065,0.2782491,0.5337435
1760988589174,-0.72265357,0.31505376,0.54702985
1760988589176,-0.7481572,0.35185838,0.5652031
1760988589179,-0.77121735,0.3848451,0.58459806
1760988589181,-0.79427755,0.4167628,0.6052147
1760988589183,-0.8147415,0.45097128,0.6270532
1760988589186,-0.8353582,0.47907108,0.65500027
1760988589188,-0.8547532,0.5083926,0.68310004
1760988589190,-0.8729264,0.5328272,0.7134906
1760988589192,-0.8872818,0.5572618,0.7475463
1760988589195,-0.90178984,0.58291817,0.78542
1760988589197,-0.91507614,0.59513545,0.8219192
1760988589199,-0.9271407,0.6084218,0.86101454
1760988589202,-0.93676186,0.61819565,0.90010995
1760988589204,-0.9465357,0.6243043,0.9428705
1760988589206,-0.95249164,0.6253733,0.9831876
1760988589208,-0.9586003,0.6229298,1.0235047
1760988589211,-0.9647089,0.6217081,1.0638218
1760988589213,-0.96944314,0.61544675,1.1018482
1760988589215,-0.97326106,0.6020077,1.1398746
1760988589217,-0.9757045,0.5910121,1.174083
1760988589220,-0.9807441,0.57757306,1.2060007
1760988589222,-0.9795224,0.56398135,1.236544
1760988589224,-0.9819659,0.5505423,1.2623531
1760988589227,-0.98456204,0.5346598,1.2869403
1760988589229,-0.9859365,0.5187773,1.3101532
1760988589231,-0.9859365,0.50411654,1.3261884
1760988589233,-0.98731095,0.48716503,1.3396275
1760988589235,-0.98746365,0.46883908,1.3495541
1760988589238,-0.98761636,0.45173484,1.3570372
1760988589239,-0.9877691,0.43096542,1.3632985
1760988589242,-0.98914355,0.41645738,1.3645202
1760988589245,-0.99067074,0.39813143,1.3658947
1760988589247,-0.99082345,0.37873647,1.3648257
1760988589249,-0.9947941,0.36163223,1.358717
1760988589251,-0.9923506,0.34590244,1.3552046
1760988589254,-0.99021256,0.3287982,1.3478742
1760988589256,-0.98914355,0.3129157,1.3394748
1760988589258,-0.9868528,0.2947425,1.329701
1760988589260,-0.98456204,0.27885997,1.3164146
1760988589263,-0.9798279,0.26190847,1.3019066
1760988589265,-0.9726502,0.24480425,1.2848023
1760988589267,-0.9642508,0.22892176,1.2690725
1760988589270,-0.95340794,0.21303925,1.2507466
1760988589272,-0.9399689,0.19960022,1.2336423
1760988589274,-0.929126,0.1873829,1.2166909
1760988589276,-0.91446525,0.17745635,1.1983649
1760988589279,-0.9034697,0.16890424,1.1800389
1760988589282,-0.8912524,0.16401732,1.1629347
1760988589284,-0.8765916,0.1601994,1.1458305
1760988589285,-0.8605564,0.16493362,1.1311697
1760988589287,-0.8481864,0.1685988,1.1139128
1760988589290,-0.8359691,0.16966783,1.0980303
1760988589292,-0.8210029,0.18051068,1.0845913
1760988589294,-0.81122905,0.18646662,1.0734429
1760988589296,-0.8049677,0.19624045,1.0624474
1760988589299,-0.79000145,0.21074851,1.0488557
1760988589300,-0.7788532,0.22770002,1.0366384
1760988589302,-0.7651087,0.24098633,1.0242683
1760988589305,-0.75640386,0.25320363,1.0167851
1760988589307,-0.7414377,0.267559,1.0082331
1760988589309,-0.7302894,0.28344148,0.9970848
1760988589312,-0.72021013,0.29917124,0.98837996
1760988589315,-0.7115053,0.31612277,0.9798279
1760988589317,-0.6977608,0.33185256,0.97112304
1760988589319,-0.68783426,0.34880406,0.9624182
1760988589321,-0.68019843,0.36575556,0.95630956
1760988589323,-0.67149365,0.38515055,0.95004815
1760988589326,-0.6638578,0.39736784,0.9437868
1760988589328,-0.6563747,0.41065416,0.93645644
1760988589331,-0.65011334,0.4251622,0.9277516
1760988589333,-0.643852,0.43860126,0.92164296
1760988589335,-0.6363689,0.45188758,0.9129381
1760988589337,-0.6301075,0.46043968,0.9056077
1760988589339,-0.6275113,0.47021353,0.8969029
1760988589341,-0.6226244,0.47494772,0.8859073
1760988589344,-0.6151413,0.4810564,0.8761335
1760988589346,-0.60903263,0.48716503,0.8686504
1760988589348,-0.6064365,0.49189925,0.8576548
1760988589351,-0.60032785,0.49556443,0.84665924
1760988589352,-0.5917757,0.4980079,0.8344419
1760988589355,-0.5842926,0.5004513,0.8197812
1760988589357,-0.58062744,0.5039638,0.80741113
1760988589359,-0.573297,0.50762904,0.79275036
1760988589362,-0.5671884,0.50518554,0.77686787
1760988589364,-0.56092703,0.51251596,0.7646506
1760988589366,-0.5560401,0.5186246,0.7499898
1760988589368,-0.548557,0.52213705,0.7339546
1760988589371,-0.5412266,0.52580225,0.71685034
1760988589373,-0.535118,0.5331327,0.69974613
1760988589376,-0.52763486,0.54046303,0.68371093
1760988589377,-0.52519137,0.5477934,0.66416323
1760988589380,-0.51893,0.5537493,0.647059
1760988589382,-0.5164866,0.56230146,0.62980205
1760988589385,-0.5140431,0.5708536,0.6114761
1760988589387,-0.51144695,0.58062744,0.59299743
1760988589389,-0.51144695,0.590554,0.57711494
1760988589392,-0.51144695,0.60032785,0.55756724
1760988589394,-0.51251596,0.61010164,0.5390886
1760988589396,-0.5137377,0.6198755,0.52320606
1760988589398,-0.5161811,0.63331455,0.5083926
1760988589401,-0.5198463,0.6444628,0.48640144
1760988589403,-0.52473325,0.65301496,0.47158796
1760988589405,-0.5296202,0.6617198,0.4569272
1760988589407,-0.5381723,0.6739371,0.44226643
1760988589410,-0.54428095,0.68630713,0.42623124
1760988589412,-0.5514586,0.70096785,0.41279218
1760988589414,-0.56001073,0.7121162,0.4016439
1760988589416,-0.5697846,0.7279987,0.39064834
1760988589418,-0.57833666,0.73792523,0.37950003
1760988589421,-0.58200186,0.7501425,0.37094793
1760988589423,-0.590554,0.75991637,0.36361754
1760988589426,-0.60032785,0.7698429,0.35369098
1760988589428,-0.6052147,0.7820602,0.3463606
1760988589430,-0.61117065,0.79061234,0.34147367
1760988589432,-0.62109727,0.79809546,0.33399057
1760988589434,-0.62598413,0.8042041,0.3303254
1760988589436,-0.63071835,0.81290895,0.32543847
1760988589439,-0.63071835,0.8153524,0.322995
1760988589442,-0.63697976,0.8190176,0.31688634
1760988589444,-0.6382015,0.8202393,0.31566462
1760988589446,-0.63804877,0.8239045,0.3118467
1760988589448,-0.636827,0.82634795,0.30940324
1760988589450,-0.636827,0.82634795,0.30573806
1760988589452,-0.636827,0.82879144,0.3032946
1760988589455,-0.6356053,0.83001316,0.2996294
1760988589457,-0.63316184,0.8312349,0.2959642
1760988589459,-0.63071835,0.8324566,0.29352075
1760988589461,-0.6282749,0.8349001,0.28863382
1760988589465,-0.6220135,0.8335256,0.28496864
1760988589467,-0.61834836,0.8359691,0.27885997
1760988589469,-0.61590487,0.8384125,0.2751948
1760988589471,-0.61086524,0.84207773,0.27015516
1760988589473,-0.6097962,0.84207773,0.26282477
1760988589476,-0.61101794,0.84329945,0.25793785
1760988589478,-0.61086524,0.85062987,0.25060746
1760988589480,-0.6096435,0.8518516,0.24449882
1760988589482,-0.6084218,0.8542951,0.2396119
1760988589485,-0.6084218,0.8555168,0.2322815
1760988589486,-0.6096435,0.85918194,0.22617286
1760988589489,-0.61590487,0.8605564,0.21884248
1760988589491,-0.61834836,0.86299986,0.21151209
1760988589493,-0.6220135,0.86422163,0.204029
1760988589495,-0.6256787,0.86315256,0.19685133
1760988589498,-0.6282749,0.86437434,0.19058995
1760988589501,-0.63194007,0.8680395,0.18448131
1760988589503,-0.6406449,0.86330533,0.17730364
1760988589505,-0.64553183,0.8585711,0.16875152
1760988589507,-0.6554584,0.8585711,0.16264287
1760988589509,-0.66416323,0.8587238,0.1553125
1760988589512,-0.6765333,0.8576548,0.14920384
1760988589514,-0.68523806,0.8553641,0.14309518
1760988589516,-0.6951646,0.84940815,0.13698652
1760988589519,-0.7049385,0.8483391,0.13209961
1760988589521,-0.7160868,0.84589565,0.12858713
1760988589523,-0.7247916,0.84238315,0.12370021
1760988589526,-0.7334964,0.84131414,0.11881329
1760988589528,-0.74464476,0.8390234,0.113926366
1760988589530,-0.75334954,0.8342892,0.10781772
1760988589533,-0.7620544,0.83062404,0.106595986
1760988589535,-0.7669413,0.829555,0.105374254
1760988589537,-0.77442443,0.8246681,0.10430524
1760988589539,-0.77931136,0.8223773,0.10186178
1760988589542,-0.784351,0.8187121,0.10308351
1760988589544,-0.784351,0.8162687,0.10064005
1760988589546,-0.784351,0.8162687,0.09941832
1760988589548,-0.7855727,0.8162687,0.09941832
1760988589551,-0.7855727,0.81382525,0.09941832
1760988589554,-0.7831292,0.8174904,0.09941832
1760988589556,-0.7806858,0.8174904,0.09941832
1760988589557,-0.77686787,0.8211556,0.10064005
1760988589559,-0.77442443,0.8222246,0.10064005
1760988589562,-0.77320266,0.82711154,0.10170906
1760988589565,-0.77182823,0.83199847,0.099265605
1760988589567,-0.7706065,0.8356637,0.098043874
1760988589568,-0.7693848,0.8405506,0.09682214
1760988589571,-0.7742717,0.84421575,0.09560041
1760988589573,-0.77656245,0.8503244,0.09560041
1760988589575,-0.78022766,0.8527679,0.09560041
1760988589578,-0.7863363,0.85902923,0.0954477
1760988589580,-0.79504114,0.86391616,0.094225965
1760988589582,-0.8011498,0.8700248,0.093004234
1760988589585,-0.81214535,0.8762862,0.094225965
1760988589587,-0.8194757,0.88239485,0.09666943
1760988589589,-0.83169305,0.88621277,0.09666943
1760988589591,-0.84039783,0.8886562,0.100334615
1760988589594,-0.8501717,0.8949176,0.10522154
1760988589596,-0.86116725,0.90102625,0.10751228
1760988589598,-0.874759,0.9024007,0.112399206
1760988589600,-0.88453287,0.9086621,0.1160644
1760988589603,-0.89675015,0.9062186,0.12217305
1760988589605,-0.90667677,0.9063713,0.12599096
1760988589607,-0.9166033,0.90392786,0.13332134
1760988589610,-0.9251554,0.90285885,0.14309518
1760988589611,-0.9363037,0.89934635,0.15042557
1760988589614,-0.9424124,0.8944594,0.15897769
1760988589616,-0.947452,0.8895725,0.16890424
1760988589618,-0.94989544,0.8810204,0.18112154
1760988589620,-0.95249164,0.87369,0.19211712
1760988589623,-0.95615685,0.8604037,0.20570888
1760988589625,-0.95371336,0.8529206,0.2191479
1760988589628,-0.95142263,0.8407033,0.22907446
1760988589630,-0.94897914,0.82970774,0.24495697
1760988589632,-0.9428705,0.8199339,0.258396
1760988589634,-0.93554014,0.8063421,0.27076602
1760988589637,-0.926988,0.79412484,0.28298333
1760988589639,-0.9147707,0.7805331,0.29535335
1760988589641,-0.90377516,0.7693848,0.30390546
1760988589644,-0.8915578,0.7545713,0.31505376
1760988589646,-0.8781188,0.74479747,0.32482758
1760988589648,-0.86467975,0.7287622,0.33337972
1760988589650,-0.850019,0.7163922,0.3408628
1760988589653,-0.8353582,0.70402217,0.34697145
1760988589655,-0.8229882,0.6940956,0.35201108
1760988589657,-0.80832744,0.68310004,0.356898
1760988589659,-0.79366666,0.6743952,0.35934147
1760988589662,-0.7800749,0.6656904,0.36056322
1760988589664,-0.7690793,0.6571383,0.36071593
1760988589666,-0.76174897,0.64965516,0.36193767
1760988589669,-0.75441855,0.6435465,0.35827246
1760988589671,-0.74220127,0.6433938,0.35338554
1760988589673,-0.73364913,0.6397286,0.34972036
1760988589675,-0.72616607,0.6407976,0.34605515
1760988589678,-0.72127914,0.6432411,0.3399465
1760988589680,-0.7162395,0.64568454,0.33505958
1760988589682,-0.7125743,0.65286225,0.3287982
1760988589684,-0.7087564,0.6601926,0.32268956
1760988589687,-0.70386946,0.66874474,0.31413746
1760988589689,-0.70249504,0.6748534,0.3042109
1760988589692,-0.7012733,0.6834055,0.29565877
1760988589693,-0.6962337,0.6930266,0.2857322
1760988589695,-0.6924158,0.70280045,0.27840182
1760988589697,-0.68615437,0.713796,0.26740626
1760988589700,-0.6824892,0.7246389,0.25870144
1760988589702,-0.6762278,0.73929965,0.24770586
1760988589705,-0.6649268,0.7538077,0.23655757
1760988589707,-0.6574437,0.7658723,0.22540927
1760988589709,-0.6450737,0.7780896,0.21197024
1760988589711,-0.63270366,0.7901542,0.20082195
1760988589714,-0.62018096,0.8071057,0.18478674
1760988589716,-0.6114761,0.8191703,0.17256944
1760988589718,-0.59650993,0.8385653,0.16264287
1760988589721,-0.5853616,0.8518516,0.14905111
1760988589723,-0.5703954,0.8700248,0.13194689
1760988589725,-0.56031615,0.8881981,0.11835514
1760988589727,-0.5503896,0.9077458,0.10354166
1760988589729,-0.53786683,0.92347556,0.09117164
1760988589732,-0.5279403,0.9416488,0.07895433
1760988589735,-0.52274793,0.9610438,0.06780604
1760988589736,-0.5177083,0.9818132,0.05299256
1760988589738,-0.51266867,0.9950995,0.04184427
1760988589741,-0.5025894,1.0134255,0.030848695
1760988589743,-0.49877146,1.0291553,0.022143865
1760988589745,-0.49739704,1.0450377,0.012217305
1760988589748,-0.49480084,1.0596985,0.004886922
1760988589750,-0.4897612,1.0754282,-0.0038179078
1760988589752,-0.4908302,1.0913107,-0.00992656
1760988589754,-0.48716503,1.1033753,-0.01740966
1760988589757,-0.48456886,1.114371,-0.02107485
1760988589759,-0.48075095,1.1217014,-0.02367103
1760988589762,-0.47448957,1.128879,-0.02611449
1760988589764,-0.46593747,1.1301007,-0.031001411
1760988589766,-0.45356745,1.1311697,-0.033444874
1760988589768,-0.44241914,1.1297953,-0.037110064
1760988589771,-0.43020186,1.1249083,-0.038331795
1760988589773,-0.4167628,1.1174252,-0.038331795
1760988589775,-0.39828414,1.1099422,-0.041996986
1760988589777,-0.37873647,1.1000156,-0.04444045
1760988589779,-0.35796702,1.0839803,-0.04550946
1760988589784,-0.33460143,1.0691669,-0.04795292
1760988589785,-0.3126103,1.0531317,-0.049021937
1760988589787,-0.29061913,1.0346531,-0.05024367
1760988589788,-0.268628,1.0160216,-0.052534413
1760988589791,-0.24663684,0.9975429,-0.05375614
1760988589792,-0.2209805,0.9753991,-0.054825157
1760988589795,-0.20265454,0.95814216,-0.057268616
1760988589797,-0.18310685,0.93859446,-0.0571159
1760988589799,-0.16355917,0.91645056,-0.058184914
1760988589801,-0.14523321,0.89675015,-0.056963183
1760988589804,-0.13072516,0.8782715,-0.059253927
1760988589806,-0.111177474,0.8587238,-0.06047566
1760988589808,-0.096516706,0.84513205,-0.060322944
1760988589810,-0.081855945,0.83031857,-0.0627664
1760988589813,-0.06963864,0.81321436,-0.061391957
1760988589815,-0.063682705,0.7997753,-0.06261369
1760988589817,-0.05390886,0.788627,-0.063682705
1760988589820,-0.049021937,0.7800749,-0.06246097
1760988589822,-0.041691553,0.7715228,-0.06612616
1760988589824,-0.038179077,0.7629707,-0.06856962
1760988589826,-0.036957346,0.75808376,-0.07086037
1760988589828,-0.03573562,0.7593055,-0.073303826
1760988589831,-0.034513887,0.75319684,-0.07452556
1760988589833,-0.033292156,0.7507534,-0.07819075
1760988589836,-0.037110064,0.7507534,-0.081855945
1760988589837,-0.0346666,0.74464476,-0.087964594
1760988589840,-0.035888333,0.7435757,-0.09162979
1760988589843,-0.03726278,0.742354,-0.096516706
1760988589845,-0.03970624,0.73991054,-0.10140363
1760988589847,-0.0421497,0.7386888,-0.10873401
1760988589849,-0.044745877,0.7339546,-0.111177474
1760988589852,-0.04841107,0.73273283,-0.118507855
1760988589854,-0.05222898,0.7304421,-0.122020334
1760988589856,-0.05100725,0.7267769,-0.1244638
1760988589858,-0.049785517,0.72311175,-0.12935072
1760988589861,-0.049938235,0.71944654,-0.13545936
1760988589863,-0.053603426,0.7170031,-0.1366811
1760988589865,-0.056199603,0.7098254,-0.14278975
1760988589867,-0.05375614,0.70249504,-0.14401148
1760988589870,-0.05390886,0.6963864,-0.1414153
1760988589872,-0.052687127,0.6914995,-0.14019357
1760988589874,-0.049021937,0.6817256,-0.13775012
1760988589877,-0.044135015,0.6742425,-0.1328632
1760988589879,-0.04062254,0.6620252,-0.12782355
1760988589881,-0.03573562,0.6461427,-0.11911872
1760988589884,-0.02855795,0.63270366,-0.11301007
1760988589886,-0.022449298,0.61437774,-0.10430524
1760988589888,-0.015271631,0.5983425,-0.094531395
1760988589890,-0.004276057,0.58123827,-0.0870483
1760988589893,0.0016798794,0.5580254,-0.0759
1760988589894,0.010231993,0.5395467,-0.06612616
1760988589897,0.01863139,0.519999,-0.05375614
1760988589899,0.029626964,0.5015204,-0.04260785
1760988589902,0.038026363,0.48075095,-0.03283401
1760988589904,0.049021937,0.46120325,-0.021685716
1760988589906,0.056199603,0.4427246,-0.011759156
1760988589908,0.06719518,0.42439863,-0.0032070426
1760988589910,0.075594574,0.40118575,0.005497787
1760988589912,0.086437434,0.38026363,0.0154243475
1760988589915,0.09743301,0.3594942,0.021685716
1760988589918,0.110872045,0.34223726,0.0290161
1760988589919,0.12415836,0.31902438,0.035277467
1760988589922,0.13622294,0.29932398,0.039095376
1760988589924,0.14966199,0.27977628,0.043982297
1760988589926,0.15806139,0.25885415,0.05024367
1760988589929,0.17150041,0.23930646,0.052839845
1760988589930,0.18493946,0.22449298,0.055283304
1760988589933,0.19456059,0.20616703,0.059101213
1760988589935,0.20189096,0.19150625,0.0627664
1760988589937,0.21151209,0.17669277,0.06169739
1760988589940,0.21884248,0.16325374,0.06047566
1760988589942,0.22602014,0.1498147,0.058184914
1760988589944,0.23090707,0.1339322,0.053297993
1760988589946,0.236863,0.11927144,0.044898596
1760988589949,0.24281894,0.11071932,0.03756821
1760988589951,0.24266621,0.094989546,0.0290161
1760988589954,0.24877487,0.08155051,0.020616703
1760988589956,0.25595254,0.06688975,0.0071776668
1760988589958,0.25702155,0.05467244,-0.007330383
1760988589961,0.26053402,0.04505131,-0.02321288
1760988589963,0.26160303,0.027947085,-0.037873644
1760988589966,0.26633725,0.013286319,-0.054825157
1760988589968,0.268628,0.002443461,-0.07192938
1760988589970,0.269697,-0.008552114,-0.09132435
1760988589972,0.27198774,-0.023060163,-0.109650314
1760988589974,0.2753475,-0.04016439,-0.12904528
1760988589976,0.27763826,-0.049785517,-0.14859296
1760988589979,0.27748555,-0.06078109,-0.16814066
1760988589982,0.27977628,-0.07284568,-0.18753563
1760988589983,0.27840182,-0.086132,-0.20463985
1760988589986,0.28313604,-0.099571034,-0.22296582
1760988589988,0.2854268,-0.10934488,-0.24113905
1760988589990,0.29260445,-0.1226312,-0.2582433
1760988589992,0.2948952,-0.13240504,-0.27779096
1760988589995,0.2959642,-0.14462234,-0.28985557
1760988589997,0.30207285,-0.15790866,-0.30573806
1760988589999,0.3080288,-0.17012598,-0.32162055
1760988590002,0.31520647,-0.17989981,-0.3361286
1760988590004,0.3211624,-0.19700404,-0.3471242
1760988590006,0.33215797,-0.21166481,-0.36163223
1760988590008,0.34300083,-0.22632557,-0.3726278
1760988590011,0.35277468,-0.2434298,-0.38347065
1760988590013,0.36850446,-0.26068676,-0.39202276
1760988590015,0.37934732,-0.28023443,-0.40042216
1760988590017,0.39522982,-0.3022256,-0.410196
1760988590020,0.41462478,-0.3231477,-0.4185954
1760988590022,0.43050727,-0.3465133,-0.42455134
1760988590024,0.4474588,-0.3733914,-0.4353942
1760988590026,0.46563202,-0.39660427,-0.4427246
1760988590029,0.48502702,-0.42363504,-0.45112398
1760988590031,0.50335294,-0.44822237,-0.45830166
1760988590033,0.5203045,-0.4775439,-0.46670106
1760988590035,0.54092115,-0.5056437,-0.4738787
1760988590038,0.5529858,-0.5326745,-0.4810564
1760988590040,0.5673411,-0.56199604,-0.4894558
1760988590043,0.5830709,-0.5925393,-0.49678615
1760988590044,0.6001751,-0.61468315,-0.5027421
1760988590047,0.6072,-0.6414085,-0.5111415
1760988590049,0.61682117,-0.67073005,-0.5170974
1760988590051,0.6238461,-0.6963864,-0.5242751
1760988590054,0.634689,-0.72326446,-0.5326745
1760988590056,0.63316184,-0.7475463,-0.54351735
1760988590059,0.63789606,-0.7707592,-0.5532912
1760988590060,0.6375906,-0.79259765,-0.56413406
1760988590062,0.6348417,-0.8144361,-0.5749769
1760988590064,0.6310238,-0.83260936,-0.589485
1760988590066,0.6258314,-0.8520043,-0.602924
1760988590069,0.61819565,-0.86284715,-0.6198755
1760988590071,0.6093381,-0.8773552,-0.63697976
1760988590073,0.5981898,-0.88697636,-0.655153
1760988590076,0.5868888,-0.8903361,-0.6747007
1760988590078,0.573297,-0.8926268,-0.6966918
1760988590081,0.55848354,-0.8888089,-0.71868294
1760988590083,0.54244834,-0.88361657,-0.74067414
1760988590085,0.52519137,-0.8700248,-0.7640397
1760988590088,0.5093089,-0.8564331,-0.7872526
1760988590090,0.49205196,-0.84391034,-0.81061816
1760988590092,0.47250426,-0.8217665,-0.8364272
1760988590094,0.45662177,-0.8008443,-0.8559749
1760988590097,0.4344779,-0.7797695,-0.88178396
1760988590098,0.41874814,-0.75411314,-0.90392786
1760988590101,0.40530908,-0.7270824,-0.9236283
1760988590104,0.38713586,-0.6951646,-0.9482156
1760988590105,0.3726278,-0.6620252,-0.97035944
1760988590109,0.35934147,-0.6290385,-0.99005985
1760988590110,0.34345898,-0.600786,-1.010982
1760988590112,0.3277292,-0.5664248,-1.0296134
1760988590114,0.31566462,-0.5346598,-1.048092
1760988590116,0.29733866,-0.50518554,-1.0690142
1760988590119,0.28527406,-0.47448957,-1.0862712
1760988590122,0.27320948,-0.44394633,-1.1010846
1760988590124,0.25992316,-0.41447207,-1.1134546
1760988590126,0.2454151,-0.3827071,-1.1270463
1760988590128,0.23335053,-0.3483459,-1.1381947
1760988590131,0.21762075,-0.31780264,-1.1456778
1760988590133,0.20433442,-0.28710666,-1.1531608
1760988590135,0.1910481,-0.26267207,-1.1569787
1760988590138,0.17898351,-0.23579398,-1.1656836
1760988590140,0.17302758,-0.21365012,-1.1743884
1760988590143,0.16340645,-0.19410244,-1.1782063
1760988590144,0.15607607,-0.17333302,-1.1855367
1760988590146,0.15500705,-0.15622878,-1.1954633
1760988590149,0.15515977,-0.14278975,-1.2029464
1760988590151,0.15897769,-0.1330159,-1.2188289
1760988590153,0.16142114,-0.119729586,-1.2310462
1760988590156,0.16401732,-0.10995574,-1.2470814
1760988590158,0.17623462,-0.105068825,-1.2654073
1760988590160,0.18493946,-0.10262536,-1.2861768
1760988590163,0.19730948,-0.094225965,-1.3083206
1760988590165,0.20463985,-0.08689558,-1.333977
1760988590167,0.22067507,-0.07971791,-1.3610078
1760988590169,0.23915374,-0.07009678,-1.3854424
1760988590171,0.2564107,-0.059253927,-1.4100296
1760988590174,0.27382034,-0.04718934,-1.4370605
1760988590176,0.29611692,-0.03023783,-1.4627168
1760988590178,0.31337386,-0.012064588,-1.4873042
1760988590180,0.33200526,0.0012217305,-1.5131133
1760988590183,0.35048392,0.01695151,-1.5438092
1760988590185,0.3727805,0.03023783,-1.5720617
1760988590188,0.39385536,0.050701816,-1.5989398
1760988590190,0.41126502,0.07620544,-1.6224581
1760988590192,0.43386704,0.10888673,-1.6409367
1760988590194,0.45631635,0.14278975,-1.6618589
1760988590196,0.47998735,0.1731803,-1.681712
1760988590199,0.5010622,0.20097467,-1.7050776
1760988590201,0.5198463,0.23136522,-1.7272215
1760988590204,0.5386304,0.2603813,-1.7507398
1760988590206,0.56337047,0.28695396,-1.7741054
1760988590208,0.5821546,0.31612277,-1.7962493
1760988590210,0.6058256,0.34147367,-1.8171713
1760988590213,0.624457,0.36942077,-1.8356501
1760988590215,0.6469063,0.39599338,-1.8542814
1760988590217,0.66431594,0.4202753,-1.8739818
1760988590219,0.68432176,0.44318274,-1.8887954
1760988590222,0.70417494,0.46502116,-1.9048306
1760988590224,0.72158456,0.48075095,-1.9194913
1760988590226,0.7414377,0.49266282,-1.9343048
1760988590228,0.7635816,0.4998405,-1.9527835
1760988590231,0.7870999,0.50579643,-1.9650007
1760988590233,0.81046546,0.505491,-1.9796616
1760988590235,0.8350528,0.50411654,-1.9955441
1760988590238,0.8570439,0.4978552,-2.0077612
1760988590240,0.88789266,0.49632803,-2.022422
1760988590242,0.91614515,0.4888449,-2.037083
1760988590244,0.9505063,0.4775439,-2.0505219
1760988590247,0.9812023,0.46502116,-2.0676262
1760988590249,1.0155635,0.4550946,-2.0835087
1760988590251,1.048703,0.4437936,-2.1018345
1760988590253,1.0816896,0.4288274,-2.117717
1760988590255,1.1087204,0.41523564,-2.132225
1760988590258,1.138042,0.40408736,-2.1481075
1760988590261,1.1701124,0.39645153,-2.1578815
1760988590263,1.1959214,0.39629883,-2.1713204
1760988590265,1.2205088,0.39477167,-2.1810944
1760988590267,1.2426527,0.3933972,-2.191021
1760988590269,1.2574661,0.3932445,-2.199573
1760988590271,1.2698362,0.39920044,-2.2069035
1760988590274,1.278541,0.40775254,-2.2105687
1760988590276,1.2860241,0.42103887,-2.2156084
1760988590278,1.2935071,0.43554693,-2.2194262
1760988590280,1.2962561,0.45020768,-2.2218697
1760988590283,1.2976305,0.46838093,-2.223244
1760988590286,1.2977833,0.48915035,-2.2258403
1760988590288,1.2918273,0.513585,-2.2282836
1760988590290,1.2884675,0.54519725,-2.228589
1760988590292,1.2851077,0.5757405,-2.228742
1760988590294,1.2768611,0.6087272,-2.2301164
1760988590296,1.2696834,0.6392705,-2.2327125
1760988590298,1.2651019,0.6647741,-2.2316434
1760988590300,1.2605205,0.69898254,-2.2293527
1760988590303,1.2521211,0.72341716,-2.2307272
1760988590305,1.2437216,0.7490735,-2.2308798
1760988590307,1.2353222,0.77350813,-2.229811
1760988590310,1.2270756,0.80771655,-2.2275202
1760988590312,1.2163854,0.84436846,-2.2203424
1760988590314,1.2105823,0.87964594,-2.2131648
1760988590316,1.2046263,0.9101892,-2.2072089
1760988590318,1.1988231,0.9405798,-2.1988094
1760988590321,1.1930199,0.97234476,-2.1940753
1760988590323,1.1908818,1.003957,-2.1894937
1760988590325,1.1899655,1.0320568,-2.182316
1760988590327,1.1878275,1.0600039,-2.1751385
1760988590330,1.1893547,1.087951,-2.1655173
1760988590332,1.1921035,1.1171198,-2.1571178
1760988590334,1.1950052,1.1462886,-2.1413882
1760988590336,1.1965322,1.173014,-2.1256583
1760988590339,1.1980594,1.1972959,-2.1085541
1760988590341,1.206917,1.220356,-2.0928242
1760988590343,1.2108877,1.2385293,-2.0783162
1760988590345,1.21608,1.2554808,-2.0625865
1760988590348,1.2198979,1.2687671,-2.0479257
1760988590350,1.2212723,1.2771665,-2.0357084
1760988590352,1.2226468,1.2881621,-2.0260873
1760988590354,1.2202033,1.293049,-2.0114264
1760988590357,1.2118039,1.2991576,-1.9979875
1760988590359,1.2044735,1.3125967,-1.9857702
1760988590361,1.1910346,1.3187053,-1.9698877
1760988590364,1.1714869,1.3298537,-1.9553796
1760988590366,1.1531608,1.341002,-1.9419407
1760988590370,1.1285735,1.3521502,-1.9272798
1760988590372,1.1016954,1.3608551,-1.9150625
1760988590373,1.0685561,1.3745996,-1.9065105
1760988590375,1.029308,1.3920091,-1.8993328
1760988590378,0.99005985,1.4106406,-1.8907807
1760988590381,0.9459248,1.4329371,-1.8848248
1760988590382,0.90178984,1.4590516,-1.8787161
1760988590385,0.8552113,1.4886786,-1.8752036
1760988590386,0.80741113,1.520749,-1.8729129
1760988590389,0.7583892,1.5505288,-1.870622
1760988590391,0.70707655,1.5876387,-1.8707749
1760988590393,0.6580546,1.6221527,-1.8697058
1760988590395,0.60918534,1.6641496,-1.8759671
1760988590398,0.56382865,1.7047722,-1.8797851
1760988590400,0.52595496,1.7380643,-1.8860464
1760988590403,0.4906775,1.7821994,-1.8947513
1760988590405,0.46013424,1.8167132,-1.9036088
1760988590407,0.43463063,1.8547395,-1.9110919
1760988590409,0.41279218,1.892766,-1.9197967
1760988590412,0.39461896,1.9306396,-1.930945
1760988590414,0.3837761,1.9636264,-1.9385809
1760988590417,0.37293324,1.9918789,-1.946064
1760988590419,0.3707952,2.0163136,-1.9570595
1760988590422,0.3733914,2.0393736,-1.9645426
1760988590424,0.37980548,2.0624337,-1.9683605
1760988590425,0.38728857,2.0793853,-1.9758437
1760988590427,0.3998113,2.100002,-1.9808832
1760988590429,0.4147775,2.11451,-1.9845484
1760988590432,0.43585235,2.1300871,-1.9908098
1760988590434,0.45707992,2.1470387,-1.993406
1760988590436,0.48181996,2.161394,-1.992337
1760988590440,0.50671273,2.176971,-1.9947804
1760988590442,0.5314528,2.1913264,-1.9949331
1760988590443,0.56001073,2.2069035,-1.9914207
1760988590446,0.5885687,2.2198844,-1.9889772
1760988590448,0.6206391,2.228131,-1.9866865
1760988590451,0.65408397,2.2374468,-1.9879082
1760988590452,0.68493265,2.2493587,-1.9819523
1760988590455,0.71593404,2.2624922,-1.9796616
1760988590457,0.74067414,2.2731824,-1.9759964
1760988590459,0.76923203,2.286163,-1.9712621
1760988590462,0.7965683,2.302962,-1.9677497
1760988590464,0.8176431,2.314874,-1.9653062
1760988590466,0.8350528,2.3318253,-1.9593502
1760988590468,0.84635377,2.3499987,-1.9509509
1760988590471,0.8491027,2.368172,-1.9448422
1760988590474,0.84681195,2.3875668,-1.9352211
1760988590476,0.8396343,2.409558,-1.9255999
1760988590477,0.82527894,2.4376578,-1.9172006
1760988590480,0.8081747,2.462245,-1.9086485
1760988590482,0.79137594,2.4952319,-1.8967366
1760988590484,0.7657196,2.5247061,-1.8869628
1760988590486,0.7451029,2.5540276,-1.8748982
1760988590489,0.72326446,2.578615,-1.865277
1760988590491,0.6963864,2.6032023,-1.8544341
1760988590493,0.6769914,2.6314547,-1.8411479
1760988590496,0.65500027,2.6571112,-1.8277088
1760988590498,0.63316184,2.6853635,-1.811979
1760988590501,0.61758476,2.719572,-1.7852536
1760988590503,0.6033822,2.767067,-1.7415768
1760988590505,0.5867361,2.812118,-1.6891952
1760988590506,0.5699373,2.841287,-1.6417004
1760988590509,0.5542075,2.854726,-1.6038266
1760988590511,0.5320636,2.8548787,-1.5696182
1760988590513,0.50869805,2.852588,-1.5451837
1760988590516,0.49754974,2.8454103,-1.5267049
1760988590519,0.49021935,2.8417451,-1.5120442
1760988590521,0.4877759,2.8344147,-1.4973835
1760988590523,0.49128836,2.814867,-1.4825699
1760988590525,0.49831334,2.7843237,-1.4689782
1760988590528,0.50533825,2.742785,-1.454012
1760988590531,0.5161811,2.701246,-1.4428637
1760988590533,0.5342017,2.6595545,-1.4291192
1760988590534,0.5511532,2.6143506,-1.4155275
1760988590537,0.5766568,2.5763242,-1.3968961
1760988590538,0.6059783,2.5454755,-1.3808609
1760988590541,0.6365216,2.518292,-1.3613132
1760988590543,0.66966105,2.4972172,-1.3428345
1760988590546,0.70157874,2.4761422,-1.3219124
1760988590548,0.7287622,2.4611762,-1.2962561
1760988590550,0.75579304,2.4437664,-1.270447
1760988590552,0.78022766,2.4251351,-1.2460123
1760988590555,0.7987063,2.4066563,-1.2189816
1760988590557,0.8196284,2.392912,-1.1896601
1760988590559,0.8355109,2.3768766,-1.1626292
1760988590561,0.84894997,2.3547328,-1.1355985
1760988590564,0.8587238,2.3374758,-1.1111639
1760988590566,0.86727595,2.31915,-1.0853548
1760988590568,0.8756753,2.2994494,-1.063211
1760988590571,0.88178396,2.2811236,-1.0410671
1760988590573,0.88040954,2.2640193,-1.0227411
1760988590575,0.8741482,2.2505803,-1.0042624
1760988590577,0.8703303,2.2336287,-0.98944896
1760988590579,0.8567385,2.2226331,-0.9772317
1760988590581,0.84559023,2.2142339,-0.9611965
1760988590584,0.8258898,2.207056,-0.9465357
1760988590586,0.8023715,2.2049181,-0.93676186
1760988590589,0.7716755,2.2111795,-0.9257663
1760988590591,0.73975784,2.220037,-0.9147707
1760988590594,0.70539665,2.236225,-0.9049969
1760988590595,0.66752297,2.265852,-0.8953757
1760988590597,0.6235407,2.299144,-0.8894198
1760988590600,0.58200186,2.3383923,-0.8810204
1760988590602,0.5343544,2.3779457,-0.872621
1760988590604,0.48670688,2.4185681,-0.86666507
1760988590607,0.44150287,2.4604125,-0.86437434
1760988590609,0.39385536,2.501035,-0.8573494
1760988590612,0.35094208,2.5331054,-0.8550586
1760988590614,0.3155119,2.5578456,-0.85139346
1760988590616,0.28237244,2.5776987,-0.8491027
1760988590619,0.25427267,2.5949554,-0.84421575
1760988590621,0.22968534,2.609769,-0.8393288
1760988590622,0.21380283,2.6209173,-0.8358164
1760988590625,0.20158553,2.6247354,-0.82970774
1760988590627,0.19547687,2.6296222,-0.8223773
1760988590630,0.19914207,2.6258042,-0.8126035
1760988590632,0.20647246,2.622139,-0.8003862
1760988590634,0.21517728,2.6158776,-0.7892379
1760988590636,0.22983804,2.6047294,-0.77091193
1760988590639,0.24694228,2.585029,-0.75609845
1760988590641,0.2591596,2.5677722,-0.73899424
1760988590643,0.28252518,2.5566237,-0.72418076
1760988590646,0.30711251,2.5465446,-0.7058548
1760988590648,0.3306308,2.537687,-0.68630713
1760988590650,0.35643986,2.5324945,-0.67164636
1760988590653,0.3811799,2.5309675,-0.6582073
1760988590655,0.40698898,2.5269969,-0.6435465
1760988590657,0.43295074,2.5254695,-0.63255095
1760988590659,0.4550946,2.52043,-0.6227771
1760988590662,0.47494772,2.5274549,-0.61544675
1760988590664,0.49235737,2.5346327,-0.6082691
1760988590666,0.4998405,2.5454755,-0.6021604
1760988590668,0.5036584,2.5612051,-0.59864795
1760988590671,0.50518554,2.5819747,-0.6010914
1760988590673,0.4992296,2.6051877,-0.6012441
1760988590675,0.48472157,2.6296222,-0.60139686
1760988590677,0.46639562,2.6578746,-0.603993
1760988590680,0.4445572,2.6873488,-0.6078109
1760988590682,0.4176791,2.7204883,-0.61285055
1760988590684,0.39080104,2.7450757,-0.61666846
1760988590687,0.3539964,2.7649288,-0.6239988
1760988590689,0.31719178,2.7849348,-0.63148195
1760988590691,0.28038713,2.7999008,-0.6400341
1760988590693,0.24709499,2.8099802,-0.64858615
1760988590695,0.20891592,2.8092165,-0.6559166
1760988590698,0.17180584,2.8047879,-0.66446865
1760988590700,0.14080444,2.7843237,-0.6740898
1760988590702,0.109650314,2.753017,-0.679893
1760988590704,0.08078693,2.713158,-0.68707067
1760988590707,0.060628377,2.6645942,-0.6892087
1760988590710,0.04138612,2.602744,-0.68875057
1760988590712,0.030848695,2.5309675,-0.6872234
1760988590714,0.026419923,2.4555256,-0.6818783
1760988590716,0.023060163,2.3715315,-0.67164636
1760988590718,0.027183503,2.278833,-0.6588182
1760988590720,0.037415497,2.1849122,-0.644921
1760988590723,0.052381694,2.0836613,-0.6272059
1760988590725,0.06994407,1.97508,-0.6046039
1760988590727,0.093462385,1.866346,-0.5821546
1760988590730,0.118507855,1.762499,-0.5571091
1760988590732,0.14584407,1.662317,-0.5296202
1760988590734,0.16966783,1.5609134,-0.50228393
1760988590736,0.19715676,1.4692836,-0.47723848
1760988590739,0.22953261,1.3799446,-0.44990227
1760988590741,0.25473082,1.2993103,-0.4250095
1760988590743,0.28237244,1.2221886,-0.4014912
1760988590746,0.3089451,1.153619,-0.3839288
1760988590748,0.33292156,1.0913107,-0.36651915
1760988590750,0.355829,1.0300715,-0.3539964
1760988590752,0.376293,0.97387195,-0.34391713
1760988590754,0.3979787,0.92255926,-0.3387248
1760988590756,0.41722095,0.87598073,-0.33857206
1760988590759,0.4280638,0.8588765,-0.3408628
1760988590761,0.4390594,0.84299403,-0.34208453
1760988590764,0.45112398,0.81596327,-0.34315357
1760988590766,0.4644103,0.7903069,-0.34055737
1760988590768,0.4717407,0.77686787,-0.33551773
1760988590771,0.4717407,0.77564615,-0.33185256
1760988590772,0.46181414,0.7780896,-0.32696563
1760988590775,0.45204028,0.7867944,-0.32589662
1760988590777,0.43982297,0.79901177,-0.32345316
1760988590779,0.42531493,0.8162687,-0.3210097
1760988590781,0.4082107,0.8321512,-0.31871894
1760988590784,0.3911065,0.84940815,-0.31505376
1760988590785,0.3764457,0.8703303,-0.31520647
1760988590789,0.35811976,0.8888089,-0.31535918
1760988590791,0.33505958,0.91339624,-0.31413746
1760988590793,0.310625,0.9439395,-0.310625
1760988590795,0.29123,0.96852684,-0.30589077
1760988590796,0.2680171,0.98822725,-0.2950479
1760988590800,0.24984388,1.0128145,-0.2864958
1760988590801,0.23273966,1.0262536,-0.27320948
1760988590803,0.21319197,1.0361801,-0.25977045
1760988590805,0.19715676,1.044885,-0.24510968
1760988590808,0.18493946,1.044885,-0.22922719
1760988590810,0.17623462,1.0363328,-0.21319197
1760988590812,0.16630806,1.0181596,-0.19364429
1760988590815,0.16722436,0.99005985,-0.17638734
1760988590818,0.17195857,0.95707315,-0.15775596
1760988590820,0.17654006,0.91813046,-0.14049901
1760988590822,0.18234327,0.8729264,-0.12308934
1760988590824,0.1966986,0.8240572,-0.106901415
1760988590826,0.20723604,0.7703011,-0.09208794
1760988590828,0.22632557,0.70906186,-0.07574729
1760988590831,0.25289822,0.63697976,-0.062002823
1760988590833,0.27565295,0.5661194,-0.04932737
1760988590835,0.30085114,0.49266282,-0.038026363
1760988590838,0.32834008,0.4156938,-0.027794369
1760988590841,0.3559817,0.33628133,-0.017562376
1760988590843,0.38606682,0.2591596,-0.011148291
1760988590845,0.41493022,0.1797471,-0.004581489
1760988590846,0.4436409,0.10522154,7.6358154E-4
1760988590849,0.4738787,0.035430185,-1.5271631E-4
1760988590851,0.5002986,-0.037873644,0.0038179078
1760988590854,0.52183163,-0.09896017,0.004276057
1760988590855,0.5458081,-0.1638646,9.162979E-4
1760988590858,0.5685628,-0.22983804,0.0012217305
1760988590860,0.5925393,-0.2958115,3.0543262E-4
1760988590863,0.61285055,-0.356898,-0.0018325958
1760988590865,0.63331455,-0.41065416,-3.0543262E-4
1760988590867,0.6525568,-0.4558582,-0.002443461
1760988590870,0.6658431,-0.49373183,-0.0010690142
1760988590871,0.68035114,-0.52320606,3.0543262E-4
1760988590874,0.6924158,-0.54641896,0.00290161
1760988590876,0.6985244,-0.55741453,0.009010263
1760988590878,0.6948592,-0.5549711,0.016340645
1760988590882,0.68875057,-0.54275376,0.020005837
1760988590883,0.676686,-0.52442783,0.029626964
1760988590886,0.6571383,-0.50228393,0.036957346
1760988590888,0.6366743,-0.46685377,0.04642576
1760988590890,0.61346143,-0.4373795,0.058490347
1760988590892,0.59040123,-0.40439278,0.0729984
1760988590895,0.5662721,-0.36758816,0.08628472
1760988590897,0.54076844,-0.32482758,0.10323623
1760988590898,0.517861,-0.27947086,0.118966006
1760988590901,0.49754974,-0.22953261,0.13698652
1760988590903,0.47708577,-0.17333302,0.15622878
1760988590905,0.4642576,-0.11591168,0.17302758
1760988590908,0.44883323,-0.062308256,0.19349156
1760988590911,0.441961,-0.0050396384,0.21151209
1760988590913,0.43386704,0.043676864,0.22968534
1760988590915,0.42943826,0.082619525,0.24648413
1760988590917,0.42623124,0.122783914,0.2585487
1760988590920,0.4240932,0.15210545,0.26816985
1760988590922,0.42562035,0.17638734,0.2790127
1760988590924,0.42577308,0.19333886,0.2837469
1760988590926,0.43081272,0.20311269,0.28863382
1760988590929,0.43585235,0.20906863,0.28985557
1760988590931,0.44684792,0.20769419,0.2910773
1760988590933,0.45906523,0.2003638,0.28985557
1760988590935,0.47494772,0.18677205,0.28985557
1760988590938,0.49464813,0.17073683,0.28878653
1760988590939,0.5103779,0.15118915,0.2826779
1760988590943,0.52488595,0.12782355,0.27916542
1760988590944,0.538325,0.104610674,0.2744312
1760988590947,0.54290646,0.08017606,0.26725355
1760988590949,0.54641896,0.05955936,0.2574797
1760988590951,0.547488,0.042455133,0.24663684
1760988590953,0.5410739,0.025503624,0.23090707
1760988590956,0.53221637,0.013439035,0.21746802
1760988590958,0.5123632,0.0076358155,0.19792034
1760988590961,0.49373183,0.0030543262,0.18096884
1760988590962,0.47036624,0.008246681,0.16371189
1760988590965,0.44073927,0.010995574,0.14553864
1760988590967,0.41248676,0.024740042,0.12705997
1760988590969,0.38423425,0.049480084,0.11224649
1760988590972,0.3538437,0.09239337,0.09743301
1760988590974,0.31902438,0.17806722,0.08964448
1760988590981,0.28130344,0.35613444,0.105832405
1760988590982,0.23991732,0.527024,0.12935072
1760988590982,0.20311269,0.65270954,0.16417004
1760988590984,0.1647809,0.7466301,0.20769419
1760988590987,0.12980886,0.81382525,0.24770586
1760988590988,0.09468412,0.8604037,0.29016098
1760988590990,0.059253927,0.8801041,0.321926
1760988590992,0.025961773,0.882853,0.34025195
1760988590994,0.0061086523,0.86834496,0.3538437
1760988590996,-0.0076358155,0.8491027,0.35643986
1760988590999,-0.01038471,0.8199339,0.34437528
1760988591001,-0.004581489,0.796721,0.32604933
1760988591003,0.00992656,0.7722864,0.3005457
1760988591006,0.03436117,0.75151694,0.27137688
1760988591008,0.06352998,0.7318166,0.24083363
1760988591010,0.10277808,0.7131852,0.20540343
1760988591013,0.14187345,0.6947065,0.17379116
1760988591015,0.18234327,0.6748534,0.13958271
1760988591018,0.22266038,0.6525568,0.106595986
1760988591019,0.2680171,0.63148195,0.0786489
1760988591022,0.3107777,0.600786,0.050549097
1760988591023,0.35231653,0.5723807,0.025045475
1760988591026,0.3950771,0.5366451,7.6358154E-4
1760988591029,0.44012842,0.49739704,-0.027183503
1760988591030,0.48166725,0.45555276,-0.052687127
1760988591032,0.52687126,0.42485678,-0.07452556
1760988591035,0.5670357,0.38545597,-0.098807454
1760988591037,0.6085745,0.3510948,-0.12064589
1760988591039,0.6525568,0.32146785,-0.14492778
1760988591042,0.69043046,0.29428434,-0.16691893
1760988591044,0.7272351,0.2733622,-0.18753563
1760988591046,0.7602218,0.25228736,-0.21074851
1760988591049,0.7883216,0.23747386,-0.23136522
1760988591051,0.81413066,0.22388211,-0.25213462
1760988591053,0.83108217,0.20799962,-0.2753475
1760988591055,0.84574294,0.19211712,-0.29229903
1760988591057,0.8553641,0.17379116,-0.30818152
1760988591060,0.86254174,0.1591304,-0.32268956
1760988591063,0.8597928,0.13729197,-0.33475417
1760988591064,0.8546005,0.11911872,-0.34330627
1760988591067,0.84467393,0.10338894,-0.34804046
1760988591069,0.8333729,0.09010262,-0.35170567
1760988591071,0.81596327,0.07315111,-0.3491095
1760988591074,0.79611015,0.06246097,-0.3465133
1760988591075,0.7725918,0.051618114,-0.34040466
1760988591078,0.7466301,0.044593163,-0.33169982
1760988591080,0.72066826,0.03634648,-0.3182608
1760988591083,0.6934848,0.028099801,-0.30589077
1760988591085,0.66523224,0.020922136,-0.29000828
1760988591087,0.6392705,0.011453724,-0.2751948
1760988591089,0.61208695,0.004428773,-0.26053402
1760988591092,0.5885687,-0.006414085,-0.24083363
1760988591094,0.5687156,-0.022143865,-0.21991149
1760988591096,0.54519725,-0.04138612,-0.19898935
1760988591098,0.5326745,-0.063224554,-0.17684549
1760988591100,0.52381694,-0.09483683,-0.15347989
1760988591103,0.5161811,-0.13148874,-0.13133603
1760988591105,0.51083606,-0.17531833,-0.11026118
1760988591108,0.50915617,-0.22036964,-0.089186326
1760988591110,0.50869805,-0.26908615,-0.0729984
1760988591112,0.5122105,-0.30207285,-0.054519724
1760988591115,0.516792,-0.3313944,-0.040927973
1760988591117,0.52290064,-0.34254268,-0.026267206
1760988591119,0.5338962,-0.35476,-0.018784106
1760988591121,0.53878313,-0.36819902,-0.012675454
1760988591124,0.54229563,-0.38774672,-0.0027488936
1760988591126,0.5458081,-0.40607268,0.0035124752
1760988591128,0.5494733,-0.42317688,0.01695151
1760988591130,0.5494733,-0.42577308,0.024281893
1760988591132,0.54825157,-0.42577308,0.035277467
1760988591134,0.54718256,-0.41599923,0.049938235
1760988591136,0.5448918,-0.40026945,0.06582073
1760988591139,0.5403103,-0.3746131,0.0852157
1760988591143,0.5331327,-0.34788775,0.105832405
1760988591145,0.52626044,-0.3126103,0.13133603
1760988591146,0.5119051,-0.27473664,0.15928312
1760988591149,0.4999932,-0.23579398,0.18829921
1760988591151,0.4868596,-0.19914207,0.21502456
1760988591153,0.473726,-0.16737708,0.24297164
1760988591155,0.45448375,-0.12950343,0.26847526
1760988591158,0.44257188,-0.09911288,0.29031372
1760988591160,0.42928556,-0.06856962,0.31581733
1760988591162,0.41248676,-0.041691553,0.33765575
1760988591165,0.39675698,-0.00992656,0.3631594
1760988591167,0.3736968,0.023060163,0.38255435
1760988591169,0.3472769,0.08552113,0.3932445
1760988591171,0.28939742,0.20662516,0.4072944
1760988591174,0.22052236,0.33750305,0.4250095
1760988591176,0.14767668,0.45265114,0.4476115
1760988591179,0.07849618,0.5555819,0.47647488
1760988591181,0.006872234,0.6450737,0.5102252
1760988591183,-0.060170226,0.71868294,0.5514586
1760988591185,-0.12583824,0.79351395,0.6000224
1760988591187,-0.18555032,0.84635377,0.65240407
1760988591190,-0.24037547,0.8917105,0.70478576
1760988591192,-0.29168814,0.923781,0.75716746
1760988591194,-0.33948836,0.9448558,0.80848014
1760988591196,-0.37995818,0.95233893,0.8561276
1760988591198,-0.41309762,0.95386606,0.9025534
1760988591201,-0.4476115,0.9370673,0.944245
1760988591203,-0.47601673,0.91767234,0.9822713
1760988591206,-0.49968776,0.8923214,1.0166324
1760988591208,-0.5207626,0.86070913,1.0474812
1760988591210,-0.54336464,0.8219192,1.0720685
1760988591212,-0.55848354,0.7841983,1.0968086
1760988591215,-0.5748242,0.7405214,1.1178834
1760988591217,-0.5874997,0.6966918,1.1339186
1760988591219,-0.602924,0.6420194,1.146594
1760988591221,-0.61819565,0.5873469,1.1591167
1760988591223,-0.62858033,0.52656585,1.1655309
1760988591226,-0.6427829,0.46578476,1.1731668
1760988591227,-0.65209866,0.40378192,1.1797335
1760988591230,-0.6649268,0.34666604,1.1837041
1760988591232,-0.6740898,0.2919936,1.19134
1760988591235,-0.6808093,0.23716843,1.202641
1760988591237,-0.6899723,0.18005253,1.2139419
1760988591239,-0.6918049,0.115453534,1.2315043
1760988591242,-0.6924158,0.04352415,1.248914
1760988591244,-0.6907359,-0.029626964,1.2689198
1760988591246,-0.68401635,-0.10277808,1.2913691
1760988591248,-0.6771441,-0.17104226,1.3148874
1760988591251,-0.66905016,-0.2321288,1.336115
1760988591253,-0.65484756,-0.2883284,1.3510813
1760988591255,-0.6404922,-0.34330627,1.3648257
1760988591258,-0.6236934,-0.3911065,1.3796391
1760988591260,-0.6055202,-0.42653665,1.3836098
1760988591262,-0.5847508,-0.44501534,1.3848315
1760988591264,-0.56138515,-0.4428773,1.3787229
1760988591267,-0.5352707,-0.4259258,1.3687963
1760988591268,-0.50533825,-0.3885103,1.3538301
1760988591271,-0.47525316,-0.32543847,1.3351988
1760988591273,-0.44608435,-0.24281894,1.3164146
1760988591276,-0.4118759,-0.14446963,1.2925909
1760988591278,-0.37507126,-0.030390546,1.2637274
1760988591280,-0.34437528,0.082619525,1.2350168
1760988591283,-0.31490102,0.20295998,1.2049317
1760988591285,-0.28787026,0.3222314,1.1699597
1760988591286,-0.258396,0.44257188,1.1314751
1760988591289,-0.24022275,0.55573463,1.0891727
1760988591292,-0.2182316,0.6640105,1.0482447
1760988591293,-0.2012801,0.7675522,1.006095
1760988591296,-0.19058995,0.86742866,0.9602802
1760988591298,-0.17486018,0.9622655,0.91813046
1760988591300,-0.16187929,1.0511464,0.8749117
1760988591302,-0.15134187,1.1304061,0.8268061
1760988591304,-0.13958271,1.2082914,0.7860308
1760988591307,-0.1328632,1.2741122,0.7440339
1760988591309,-0.122478485,1.3350459,0.70341134
1760988591311,-0.11713341,1.3874277,0.66767573
1760988591314,-0.113162786,1.4301883,0.63438356
1760988591316,-0.11026118,1.4703526,0.6035349
1760988591319,-0.10522154,1.4996742,0.57894754
1760988591320,-0.10247265,1.5276213,0.5580254
1760988591322,-0.101098195,1.547169,0.54321194
1760988591325,-0.10476339,1.5532776,0.53221637
1760988591327,-0.10842858,1.5522085,0.52855116
1760988591329,-0.11591168,1.5448782,0.5309946
1760988591331,-0.12461651,1.5315919,0.54458636
1760988591334,-0.13713925,1.5146403,0.5581781
1760988591336,-0.15210545,1.4928019,0.57787853
1760988591339,-0.17088956,1.4625641,0.6000224
1760988591341,-0.19333886,1.426065,0.6235407
1760988591344,-0.22082779,1.3788756,0.64950246
1760988591346,-0.24587326,1.32909,0.6779077
1760988591348,-0.26984972,1.2744176,0.7075347
1760988591350,-0.29626966,1.2198979,0.731053
1760988591352,-0.31642818,1.1615603,0.7545713
1760988591355,-0.3378085,1.1081096,0.7770206
1760988591357,-0.35308012,1.0595458,0.78954333
1760988591359,-0.36713,1.0157162,0.8019133
1760988591362,-0.37232238,0.9804387,0.81077087
1760988591364,-0.3726278,0.9512699,0.81336707
1760988591366,-0.37048978,0.9243918,0.8135198
1760988591368,-0.3633121,0.89995724,0.80863285
1760988591371,-0.35124752,0.87674433,0.7965683
1760988591373,-0.33414328,0.86330533,0.7820602
1760988591375,-0.3109304,0.8509353,0.7661777
1760988591377,-0.2837469,0.86284715,0.7501425
1760988591379,-0.24633141,0.90026265,0.73273283
1760988591382,-0.20647246,0.95478237,0.7189884
1760988591384,-0.17669277,0.97142845,0.70539665
1760988591387,-0.1498147,0.95294976,0.68966687
1760988591389,-0.13179417,0.91751957,0.6776023
1760988591391,-0.11377365,0.86498517,0.66691214
1760988591394,-0.099571034,0.8089383,0.6598872
1760988591396,-0.08659015,0.75151694,0.6516405
1760988591398,-0.07360926,0.700357,0.6469063
1760988591400,-0.055436023,0.6598872,0.64599
1760988591402,-0.03848451,0.6293439,0.6461427
1760988591405,-0.016493361,0.6084218,0.65102965
1760988591407,0.010537425,0.5983425,0.66339964
1760988591409,0.035277467,0.60048056,0.676686
1760988591411,0.06383542,0.61712664,0.6950119
1760988591414,0.089949906,0.6363689,0.7156286
1760988591416,0.12492194,0.66507953,0.74113226
1760988591418,0.15851954,0.6951646,0.7713701
1760988591420,0.19364429,0.73364913,0.8042041
1760988591423,0.23350324,0.77579886,0.8393288
1760988591425,0.2773328,0.8202393,0.8756753
1760988591427,0.3222314,0.8622363,0.9109528
1760988591430,0.3633121,0.8958339,0.9460775
1760988591432,0.40194935,0.9221011,0.98746365
1760988591434,0.44058657,0.9448558,1.0251846
1760988591436,0.49174652,1.0013609,1.0468704
1760988591439,0.61315596,1.1976013,1.0102184
1760988591441,0.75502944,1.4605788,0.95478237
1760988591443,0.9112582,1.8012888,0.9062186
1760988591446,1.0659598,2.1152737,0.85918194
1760988591448,1.2197452,2.342821,0.8063421
1760988591449,1.3691018,2.4888177,0.7492262
1760988591452,1.5100589,2.5471554,0.690125
1760988591454,1.6485726,2.488665,0.6267477
1760988591456,1.7760907,2.3073907,0.56398135
1760988591459,1.8999436,2.0274618,0.50426924
1760988591461,2.017077,1.6745343,0.44623706
1760988591463,2.1326833,1.2924381,0.38835758
1760988591466,2.246915,0.8969029,0.33185256
1760988591468,2.355191,0.52931476,0.28237244
1760988591471,2.4506385,0.21548271,0.23884831
1760988591472,2.528524,0.009010263,0.20082195
1760988591475,2.5781567,-0.064446285,0.1693624
1760988591477,2.600606,-0.034055736,0.14355333
1760988591479,2.599079,0.06337727,0.11728613
1760988591482,2.588847,0.1572978,0.09728029
1760988591484,2.5795312,0.21471913,0.08964448
1760988591487,2.5744915,0.20250183,0.095753126
1760988591489,2.5676193,0.12461651,0.118202426
1760988591491,2.5630379,0.024740042,0.16157386
1760988591493,2.5523477,-0.07880162,0.21471913
1760988591495,2.5329528,-0.18234327,0.2751948
1760988591498,2.5014932,-0.26633725,0.34666604
1760988591500,2.457969,-0.31963524,0.42149702
1760988591502,2.4086416,-0.3474296,0.49510628
1760988591504,2.3483188,-0.35918877,0.5661194
1760988591506,2.2808182,-0.3465133,0.6382015
1760988591510,2.2110267,-0.32406402,0.70906186
1760988591511,2.1363485,-0.2857322,0.77854776
1760988591514,2.0630445,-0.24755314,0.8481864
1760988591516,1.9848539,-0.1957823,0.9126327
1760988591518,1.8993328,-0.13790283,0.9772317
1760988591520,1.8174769,-0.07147124,1.0355693
1760988591523,1.7321084,0.0035124752,1.0865766
1760988591524,1.6430748,0.079870634,1.1314751
1760988591527,1.5538884,0.15607607,1.1665999
1760988591529,1.4598153,0.23365596,1.1980594
1760988591531,1.3683381,0.32589662,1.2195925
1760988591533,1.2793045,0.42058071,1.2351695
1760988591536,1.1890492,0.5103779,1.2432635
1760988591538,1.0961977,0.60139686,1.2452488
1760988591542,1.0070114,0.68386364,1.2400564
1760988591544,0.91782504,0.7687739,1.2334896
1760988591545,0.8323039,0.8562804,1.2185235
1760988591547,0.7431176,0.9363037,1.2021828
1760988591550,0.65500027,1.0091494,1.1835514
1760988591552,0.56199604,1.0783299,1.1612549
1760988591554,0.4738787,1.1511755,1.1377366
1760988591557,0.38698313,1.2287555,1.1154399
1760988591559,0.3051272,1.3100005,1.0954341
1760988591561,0.22586742,1.4022411,1.07665
1760988591563,0.1563815,1.4943291,1.0603093
1760988591566,0.09193522,1.5888605,1.0451905
1760988591569,0.039858956,1.6794213,1.0361801
1760988591570,-0.007330383,1.7713565,1.0259482
1760988591572,-0.04841107,1.8606955,1.016938
1760988591575,-0.08093964,1.9401081,1.0152581
1760988591577,-0.1085813,2.0050125,1.0149527
1760988591579,-0.12644911,2.066099,1.010982
1760988591581,-0.13958271,2.1160371,1.0094548
1760988591583,-0.14782938,2.1539109,1.0129673
1760988591586,-0.14874569,2.1843014,1.0164797
1760988591588,-0.13988814,2.2061398,1.021214
1760988591591,-0.12370021,2.2169826,1.0259482
1760988591593,-0.10751228,2.231338,1.0320568
1760988591595,-0.08399397,2.2371411,1.0369438
1760988591597,-0.053145275,2.2417228,1.0441214
1760988591599,-0.019700404,2.2463043,1.0563387
1760988591602,0.016187929,2.250733,1.0647382
1760988591604,0.058184914,2.2563834,1.0769554
1760988591606,0.105068825,2.2606595,1.087951
1760988591609,0.15332718,2.2724187,1.1000156
1760988591611,0.20158553,2.2828035,1.1145236
1760988591614,0.25350907,2.293188,1.1267409
1760988591616,0.30298916,2.3096814,1.1400273
1760988591618,0.35628715,2.3225098,1.1520919
1760988591620,0.40683624,2.330451,1.161713
1760988591622,0.45631635,2.3397665,1.1702651
1760988591625,0.5019785,2.3440428,1.1737776
1760988591627,0.54275376,2.344959,1.1737776
1760988591629,0.5832236,2.3335052,1.1676689
1760988591631,0.6188065,2.3138049,1.1542299
1760988591634,0.64934975,2.2904391,1.1287262
1760988591636,0.6785186,2.2597432,1.097114
1760988591639,0.70005155,2.2169826,1.0545062
1760988591641,0.72051555,2.1719313,1.0021244
1760988591643,0.7296785,2.1244366,0.9388999
1760988591645,0.73746705,2.0625865,0.86834496
1760988591648,0.74021596,2.0005836,0.79045963
1760988591650,0.73929965,1.9278907,0.70157874
1760988591652,0.7283041,1.8503108,0.6104071
1760988591655,0.7174612,1.7715092,0.5155703
1760988591657,0.69898254,1.6928604,0.42180246
1760988591659,0.6806566,1.6129897,0.3220787
1760988591661,0.65500027,1.5453364,0.23197608
1760988591664,0.6281222,1.4715744,0.14569137
1760988591666,0.59635717,1.3978124,0.06291912
1760988591668,0.5645922,1.3374895,-0.00992656
1760988591670,0.528093,1.2735013,-0.075594574
1760988591673,0.48655418,1.2156218,-0.13515393
1760988591675,0.44776422,1.1650727,-0.18371773
1760988591677,0.40515637,1.1194105,-0.22128594
1760988591679,0.36041048,1.0821478,-0.2490803
1760988591681,0.3118467,1.0509937,-0.26725355
1760988591683,0.26236662,1.0296134,-0.27687466
1760988591686,0.21288654,1.01312,-0.27305678
1760988591688,0.15851954,0.9966267,-0.26190847
1760988591690,0.106595986,0.9799806,-0.23976462
1760988591692,0.053450707,0.9645562,-0.21273382
1760988591695,-0.004581489,0.94806284,-0.18203785
1760988591697,-0.05757405,0.9314168,-0.14645495
1760988591699,-0.11438452,0.91354895,-0.10720685
1760988591702,-0.16752979,0.8958339,-0.06307184
1760988591704,-0.21930063,0.8743009,-0.015118915
1760988591706,-0.267559,0.8501717,0.03268129
1760988591708,-0.31215215,0.8188649,0.08552113
1760988591710,-0.3492622,0.7849618,0.13820826
1760988591713,-0.38759398,0.7535023,0.18860464
1760988591716,-0.4173737,0.7171558,0.24388795
1760988591719,-0.44226643,0.6818783,0.29779682
1760988591720,-0.46471575,0.6418667,0.35063666
1760988591722,-0.48349985,0.5992588,0.40225476
1760988591725,-0.49357912,0.56382865,0.45372015
1760988591727,-0.4999932,0.52855116,0.5016731
1760988591729,-0.49281552,0.49296826,0.5458081
1760988591731,-0.48563787,0.45982882,0.5888741
1760988591734,-0.46715918,0.43401974,0.6281222
1760988591736,-0.4476115,0.41416663,0.6586655
1760988591739,-0.42302418,0.39568797,0.68569624
1760988591740,-0.39721513,0.37950003,0.70646566
1760988591743,-0.36636642,0.3743077,0.72112644
1760988591745,-0.33444872,0.36774087,0.7322747
1760988591747,-0.3036,0.35903606,0.73716164
1760988591750,-0.27168232,0.3501785,0.7359399
1760988591752,-0.23716843,0.3484986,0.7322747
1760988591754,-0.20265454,0.34574974,0.7247916
1760988591756,-0.17440203,0.35048392,0.7113526
1760988591759,-0.14844026,0.35995236,0.69043046
1760988591761,-0.12370021,0.36713,0.6647741
1760988591762,-0.1001819,0.38515055,0.6389651
1760988591765,-0.08659015,0.40591997,0.6082691
1760988591768,-0.07895433,0.4277584,0.57635134
1760988591770,-0.070249505,0.44608435,0.54199016
1760988591773,-0.06765333,0.4729624,0.50518554
1760988591774,-0.06887506,0.49495357,0.46838093
1760988591777,-0.076052725,0.52442783,0.43157628
1760988591779,-0.089491755,0.5514586,0.39354995
1760988591782,-0.10277808,0.5833763,0.3567453
1760988591784,-0.11988231,0.60918534,0.31871894
1760988591786,-0.13820826,0.6386596,0.28191432
1760988591788,-0.15897769,0.6658431,0.24633141
1760988591791,-0.17730364,0.69043046,0.20952678
1760988591793,-0.19700404,0.7139487,0.17272215
1760988591794,-0.21288654,0.7360926,0.13591751
1760988591797,-0.23243423,0.7583892,0.10277808
1760988591798,-0.24846944,0.7780896,0.069791354
1760988591801,-0.26557365,0.7965683,0.037873644
1760988591803,-0.2753475,0.8162687,0.012064588
1760988591805,-0.2863431,0.8323039,-0.013591751
1760988591809,-0.29245174,0.84574294,-0.034513887
1760988591810,-0.29856038,0.8520043,-0.051618114
1760988591812,-0.3022256,0.8593347,-0.06627888
1760988591815,-0.30604348,0.86070913,-0.07238753
1760988591817,-0.3034473,0.86070913,-0.074830994
1760988591819,-0.3022256,0.8605564,-0.06994407
1760988591821,-0.29978213,0.8568912,-0.061391957
1760988591823,-0.29856038,0.8507826,-0.04550946
1760988591826,-0.29367346,0.84207773,-0.025961773
1760988591828,-0.28512135,0.83108217,-0.0038179078
1760988591830,-0.27656925,0.8174904,0.023060163
1760988591833,-0.2667954,0.79901177,0.05131268
1760988591835,-0.25702155,0.7780896,0.08200866
1760988591837,-0.24862215,0.7512115,0.112704635
1760988591840,-0.24129178,0.7254025,0.14462234
1760988591842,-0.23167065,0.6934848,0.17531833
1760988591844,-0.22571471,0.6617198,0.2060143
1760988591846,-0.21746802,0.6226244,0.23564127
1760988591849,-0.20906863,0.5847508,0.26511553
1760988591851,-0.20204368,0.54550266,0.28985557
1760988591853,-0.19501872,0.5016731,0.3119994
1760988591856,-0.19043724,0.46013424,0.33307427
1760988591858,-0.18585575,0.41370848,0.3492622
1760988591860,-0.1826487,0.37216964,0.3640757
1760988591862,-0.1731803,0.33078352,0.37293324
1760988591865,-0.17104226,0.29046643,0.38041633
1760988591867,-0.16768251,0.25152376,0.38056904
1760988591869,-0.1656972,0.21487185,0.38087448
1760988591871,-0.16355917,0.18325958,0.3736968
1760988591874,-0.15882497,0.15515977,0.36774087
1760988591876,-0.16035213,0.13454308,0.35811976
1760988591878,-0.15806139,0.1151481,0.34223726
1760988591880,-0.15958855,0.09819659,0.32650748
1760988591883,-0.15851954,0.088422745,0.30940324
1760988591885,-0.1572978,0.08475755,0.2910773
1760988591887,-0.15622878,0.08735373,0.27030787
1760988591890,-0.15867224,0.09468412,0.25320363
1760988591892,-0.15851954,0.10934488,0.2359467
1760988591894,-0.16203201,0.12644911,0.21868975
1760988591896,-0.16310102,0.15088372,0.20158553
1760988591898,-0.16417004,0.17287487,0.18799378
1760988591901,-0.16646078,0.19853121,0.17684549
1760988591904,-0.1685988,0.226631,0.1656972
1760988591906,-0.17211129,0.24846944,0.15821409
1760988591908,-0.17302758,0.27656925,0.15195273
1760988591910,-0.17531833,0.29856038,0.14935656
1760988591912,-0.18005253,0.32177326,0.1516473
1760988591915,-0.18112154,0.3399465,0.1553125
1760988591917,-0.18463401,0.355829,0.1563815
1760988591919,-0.18692477,0.3680463,0.16126843
1760988591922,-0.18555032,0.38133264,0.16600263
1760988591923,-0.18310685,0.3837761,0.17333302
1760988591926,-0.18555032,0.3837761,0.17821993
1760988591929,-0.18677205,0.38255435,0.18310685
1760988591931,-0.18432859,0.37766743,0.19043724
1760988591933,-0.18677205,0.3678936,0.19792034
1760988591935,-0.18570304,0.35078937,0.20158553
1760988591937,-0.18341228,0.33490688,0.20662516
1760988591940,-0.17989981,0.31780264,0.21533
1760988591942,-0.17760907,0.2959642,0.22021692
1760988591944,-0.17165314,0.279929,0.22770002
1760988591948,-0.16554448,0.26160303,0.23396139
1760988591950,-0.15714508,0.24938573,0.23762658
1760988591950,-0.1498147,0.23350324,0.24388795
1760988591954,-0.14126259,0.21868975,0.24877487
1760988591956,-0.1339322,0.20891592,0.25488353
1760988591958,-0.1253801,0.20387627,0.25992316
1760988591960,-0.11804971,0.1965459,0.2660318
1760988591962,-0.111941054,0.19150625,0.27091873
1760988591965,-0.10216721,0.18661933,0.27947086
1760988591967,-0.09850202,0.18173242,0.2843578
1760988591969,-0.093462385,0.18280143,0.29046643
1760988591971,-0.086132,0.17913623,0.29657507
1760988591974,-0.084910266,0.18020524,0.30024028
1760988591976,-0.079870634,0.18142697,0.30879238
1760988591978,-0.07742717,0.1777618,0.31123585
1760988591981,-0.071318515,0.17516561,0.31612277
1760988591983,-0.06887506,0.16905695,0.31871894
1760988591985,-0.06154467,0.16539176,0.32360587
1760988591987,-0.056505036,0.16157386,0.33215797
1760988591990,-0.046731193,0.15897769,0.33826664
1760988591992,-0.04062254,0.1553125,0.34315357
1760988591994,-0.030695979,0.15271631,0.35048392
1760988591996,-0.018325957,0.1525636,0.35414913
1760988591999,-0.004886922,0.14889841,0.3565926
1760988592001,0.00870483,0.14874569,0.35903606
1760988592003,0.023518313,0.14737125,0.36025777
1760988592005,0.035888333,0.14355333,0.36025777
1760988592007,0.05177083,0.13973543,0.3578143
1760988592010,0.06780604,0.13713925,0.35414913
1760988592012,0.082619525,0.13820826,0.34804046
1760988592014,0.09605856,0.13561209,0.34315357
1760988592017,0.11209377,0.13545936,0.3370449
1760988592019,0.123242065,0.13545936,0.33093625
1760988592022,0.13057245,0.13057245,0.32238412
1760988592023,0.14156802,0.1328632,0.31505376
1760988592026,0.14905111,0.1328632,0.30772337
1760988592028,0.15271631,0.13637567,0.29901853
1760988592030,0.1600467,0.13881913,0.28680122
1760988592032,0.16249016,0.14126259,0.27458394
1760988592035,0.15882497,0.14263703,0.2611449
1760988592037,0.15882497,0.14874569,0.25137106
1760988592039,0.15515977,0.14874569,0.23671028
1760988592042,0.14889841,0.15012014,0.22327125
1760988592044,0.13775012,0.15149458,0.2098322
1760988592046,0.12660182,0.14920384,0.19639318
1760988592049,0.1142318,0.15057829,0.18295415
1760988592051,0.10186178,0.1470658,0.1695151
1760988592053,0.08811731,0.14110987,0.15363261
1760988592055,0.0720821,0.13530666,0.1414153
1760988592058,0.0571159,0.12812899,0.12812899
1760988592060,0.041080687,0.12965615,0.11713341
1760988592062,0.027488936,0.12370021,0.1049161
1760988592064,0.016340645,0.12018774,0.09514226
1760988592066,0.0027488936,0.122783914,0.08781188
1760988592068,-0.010842858,0.1217149,0.07315111
1760988592071,-0.021991149,0.11942416,0.06704246
1760988592073,-0.03436117,0.11713341,0.062155537
1760988592076,-0.04184427,0.11484267,0.058643065
1760988592078,-0.045662176,0.111177474,0.056199603
1760988592080,-0.05299256,0.10522154,0.058643065
1760988592083,-0.05681047,0.100334615,0.061086524
1760988592086,-0.0580322,0.09666943,0.06719518
1760988592087,-0.06047566,0.09666943,0.07819075
1760988592089,-0.06169739,0.0954477,0.08811731
1760988592091,-0.06658431,0.0954477,0.09911288
1760988592094,-0.06780604,0.09666943,0.11255192
1760988592096,-0.07391469,0.0917825,0.12721269
1760988592098,-0.07513642,0.08689558,0.14553864
1760988592100,-0.08002335,0.08445212,0.15897769
1760988592104,-0.082619525,0.077121735,0.17379116
1760988592105,-0.08506299,0.06612616,0.19211712
1760988592108,-0.09254608,0.04917465,0.20570888
1760988592111,-0.09896017,0.032070424,0.22174409
1760988592112,-0.10644327,0.0065668016,0.23655757
1760988592114,-0.11407909,-0.018936822,0.2489276
1760988592116,-0.11927144,-0.03848451,0.2611449
1760988592118,-0.1244638,-0.0664316,0.27107146
1760988592121,-0.1282817,-0.09208794,0.28344148
1760988592123,-0.12980886,-0.112704635,0.28970283
1760988592125,-0.13240504,-0.13591751,0.29718593
1760988592128,-0.13500121,-0.15286903,0.30100384
1760988592130,-0.13637567,-0.16752979,0.3022256
1760988592132,-0.13775012,-0.18081611,0.3023783
1760988592134,-0.13790283,-0.18936823,0.30115658
1760988592140,-0.14034629,-0.19058995,0.29749137
1760988592140,-0.13790283,-0.19303341,0.29260445
1760988592141,-0.12935072,-0.18707748,0.2864958
1760988592143,-0.1255328,-0.18585575,0.27672195
1760988592145,-0.11942416,-0.18096884,0.2657264
1760988592148,-0.10949759,-0.16997325,0.24969117
1760988592150,-0.099571034,-0.15668693,0.23487769
1760988592152,-0.09086621,-0.14340061,0.21777347
1760988592154,-0.08582657,-0.12751812,0.19929479
1760988592157,-0.078343466,-0.11056661,0.18081611
1760988592159,-0.07315111,-0.08979719,0.16126843
1760988592162,-0.070554934,-0.07147124,0.14523321
1760988592164,-0.07162395,-0.050701816,0.12675454
1760988592165,-0.076358154,-0.027488936,0.113162786
1760988592168,-0.08368854,-0.005497787,0.1020145
1760988592170,-0.09208794,0.017715093,0.09468412
1760988592173,-0.10415252,0.041080687,0.09086621
1760988592175,-0.116217114,0.06429356,0.08827003
1760988592177,-0.12721269,0.082619525,0.08811731
1760988592179,-0.14172074,0.101098195,0.093004234
1760988592182,-0.15393804,0.11942416,0.095294975
1760988592184,-0.16982053,0.13179417,0.10140363
1760988592186,-0.18570304,0.14294247,0.10873401
1760988592188,-0.19914207,0.15393804,0.114689946
1760988592191,-0.21380283,0.16142114,0.1244638
1760988592193,-0.23090707,0.16890424,0.1330159
1760988592195,-0.24678956,0.17867808,0.14401148
1760988592198,-0.2603813,0.18616119,0.15622878
1760988592200,-0.27137688,0.19226983,0.16600263
