1760726289819,-1.1281154,0.49953505,0.0729984
1760726289821,-1.0961977,0.48334712,0.110872045
1760726289823,-1.0592403,0.47311515,0.14508049
1760726289827,-1.0209086,0.46410486,0.17333302
1760726289828,-0.98272943,0.46120325,0.1965459
1760726289830,-0.9443977,0.45707992,0.21471913
1760726289832,-0.9063713,0.4445572,0.22708915
1760726289834,-0.8707884,0.42348233,0.23319781
1760726289837,-0.8414669,0.39629883,0.23579398
1760726289839,-0.8135198,0.35460728,0.23472497
1760726289841,-0.7831292,0.311694,0.22770002
1760726289843,-0.75777835,0.26160303,0.21563543
1760726289846,-0.73731434,0.21029036,0.19272798
1760726289848,-0.71578133,0.16752979,0.16600263
1760726289850,-0.6965391,0.12721269,0.13698652
1760726289853,-0.6771441,0.09056077,0.10293079
1760726289855,-0.6603453,0.060170226,0.063988134
1760726289857,-0.64843345,0.030848695,0.02611449
1760726289860,-0.6415612,-0.004428773,-0.0053450707
1760726289862,-0.6395759,-0.046883907,-0.036957346
1760726289864,-0.643852,-0.090713486,-0.06719518
1760726289866,-0.65668017,-0.12935072,-0.09392053
1760726289868,-0.6743952,-0.17302758,-0.11560625
1760726289872,-0.698219,-0.21288654,-0.13622294
1760726289873,-0.7284568,-0.2612976,-0.1518
1760726289875,-0.76342887,-0.3119994,-0.16249016
1760726289878,-0.8009971,-0.36147952,-0.17928895
1760726289880,-0.8434522,-0.41218132,-0.19853121
1760726289882,-0.8897252,-0.46639562,-0.21288654
1760726289884,-0.93477654,-0.5195409,-0.22953261
1760726289887,-0.98837996,-0.57726765,-0.25366178
1760726289889,-1.0422888,-0.64858615,-0.28252518
1760726289892,-1.0998629,-0.7330383,-0.31871894
1760726289893,-1.1565206,-0.8249735,-0.36209038
1760726289896,-1.2092078,-0.9059132,-0.40317106
1760726289898,-1.2641857,-0.9636399,-0.4541783
1760726289900,-1.3202325,-0.9981538,-0.5027421
1760726289903,-1.372156,-0.9999864,-0.552833
1760726289906,-1.4213307,-0.9737192,-0.60063326
1760726289908,-1.4640913,-0.9257663,-0.64599
1760726289909,-1.5005904,-0.86437434,-0.68554354
1760726289912,-1.53205,-0.79320854,-0.7237226
1760726289915,-1.5561792,-0.7270824,-0.75701475
1760726289916,-1.5778649,-0.6647741,-0.79168135
1760726289919,-1.5909985,-0.6072,-0.8249735
1760726289921,-1.5980235,-0.56077427,-0.8546005
1760726289923,-1.602605,-0.5143485,-0.8865182
1760726289925,-1.6010778,-0.4802928,-0.9149234
1760726289927,-1.6021469,-0.45463645,-0.9431759
1760726289930,-1.5971072,-0.43264532,-0.97020674
1760726289932,-1.5969545,-0.41798455,-0.9958631
1760726289934,-1.5957327,-0.41172317,-1.0204504
1760726289937,-1.5981762,-0.40683624,-1.044885
1760726289939,-1.606881,-0.4017966,-1.0705414
1760726289941,-1.6155858,-0.39675698,-1.0937542
1760726289943,-1.6229162,-0.38683042,-1.1220068
1760726289946,-1.6314683,-0.36361754,-1.1490375
1760726289948,-1.6299412,-0.33551773,-1.1736249
1760726289951,-1.6346754,-0.3013093,-1.2043208
1760726289954,-1.6331482,-0.26465738,-1.233795
1760726289955,-1.624138,-0.22327125,-1.263422
1760726289958,-1.6151277,-0.1769982,-1.2857187
1760726289960,-1.6048957,-0.12950343,-1.30435
1760726289962,-1.5884024,-0.08093964,-1.3168727
1760726289964,-1.571909,-0.028710667,-1.3245085
1760726289966,-1.5552629,0.020922136,-1.3235923
1760726289969,-1.5425875,0.061086524,-1.3164146
1760726289971,-1.5262468,0.08399397,-1.3006848
1760726289973,-1.5077682,0.069027774,-1.2799155
1760726289975,-1.4899004,0.005497787,-1.2525792
1760726289978,-1.4628695,-0.12873985,-1.2238685
1760726289980,-1.4421002,-0.28863382,-1.1948525
1760726289982,-1.4240797,-0.45814893,-1.1658363
1760726289984,-1.4146112,-0.6397286,-1.134224
1760726289986,-1.4052955,-0.821461,-1.0965031
1760726289989,-1.3946054,-0.99464136,-1.0626001
1760726289991,-1.3849843,-1.1566733,-1.0213667
1760726289994,-1.3776538,-1.3006848,-0.9789116
1760726289995,-1.3764321,-1.4262177,-0.93431836
1760726289998,-1.374905,-1.5370897,-0.8907942
1760726290000,-1.3707817,-1.6274977,-0.8512407
1760726290002,-1.3628404,-1.704314,-0.81290895
1760726290005,-1.3521502,-1.7629571,-0.7820602
1760726290007,-1.3341297,-1.8144225,-0.76342887
1760726290009,-1.311375,-1.875509,-0.76923203
1760726290011,-1.284955,-1.9451476,-0.7835874
1760726290014,-1.2571607,-2.0001256,-0.79549927
1760726290016,-1.2278391,-2.0212004,-0.8038987
1760726290019,-1.195616,-2.0019581,-0.80771655
1760726290021,-1.1604912,-1.9449949,-0.8167268
1760726290023,-1.1189524,-1.8516853,-0.82695884
1760726290025,-1.0807734,-1.733941,-0.8399397
1760726290028,-1.039998,-1.5990925,-0.8578075
1760726290030,-1.0016663,-1.4605788,-0.8721629
1760726290032,-0.96577793,-1.3257303,-0.8888089
1760726290034,-0.93370754,-1.1896601,-0.9042333
1760726290037,-0.9077458,-1.0595458,-0.9184359
1760726290039,-0.88315845,-0.9440922,-0.93386024
1760726290041,-0.86498517,-0.84329945,-0.94042706
1760726290043,-0.8542951,-0.7666359,-0.9433287
1760726290046,-0.8523097,-0.6959282,-0.9437868
1760726290048,-0.8555168,-0.64599,-0.9428705
1760726290050,-0.86254174,-0.6033822,-0.9430232
1760726290053,-0.8720101,-0.55939984,-0.9421069
1760726290055,-0.88147855,-0.52274793,-0.94225967
1760726290057,-0.8970556,-0.47876564,-0.9486737
1760726290059,-0.90408057,-0.4445572,-0.9512699
1760726290062,-0.91354895,-0.40668353,-0.95630956
1760726290064,-0.9231701,-0.37125334,-0.9625709
1760726290066,-0.93401295,-0.35170567,-0.97127575
1760726290069,-0.9451612,-0.34788775,-0.9773844
1760726290071,-0.9589057,-0.3623958,-0.9833403
1760726290073,-0.97524637,-0.3950771,-0.99173975
1760726290075,-0.9966267,-0.4361578,-0.9940305
1760726290077,-1.0280862,-0.49556443,-0.9947941
1760726290080,-1.0633637,-0.57436603,-0.99189246
1760726290082,-1.0998629,-0.6543894,-0.98654735
1760726290084,-1.1452196,-0.7501425,-0.9761627
1760726290086,-1.1980594,-0.8568912,-0.9621128
1760726290088,-1.2533427,-0.9610438,-0.9505063
1760726290091,-1.313513,-1.0590876,-0.9363037
1760726290093,-1.3771957,-1.1485794,-0.9272934
1760726290095,-1.4460708,-1.2476922,-0.91813046
1760726290098,-1.5173893,-1.3494014,-0.9112582
1760726290100,-1.593442,-1.4424056,-0.9095783
1760726290102,-1.6757561,-1.5303701,-0.9089675
1760726290105,-1.7592919,-1.616044,-0.9071349
1760726290107,-1.8477147,-1.6978999,-0.9103419
1760726290109,-1.9323195,-1.7799087,-0.91706145
1760726290112,-2.0167716,-1.8422168,-0.9239337
1760726290113,-2.100002,-1.8962784,-0.9309586
1760726290116,-2.1781929,-1.9355265,-0.94042706
1760726290118,-2.2574525,-1.9663752,-0.94989544
1760726290120,-2.3290765,-1.977829,-0.96196
1760726290123,-2.3967297,-1.9613355,-0.97173387
1760726290125,-2.453235,-1.9314032,-0.979217
1760726290127,-2.5007296,-1.8785634,-0.9819659
1760726290130,-2.5282185,-1.794264,-0.98364574
1760726290132,-2.538145,-1.678505,-0.9842566
1760726290134,-2.5331054,-1.543351,-0.9850202
1760726290136,-2.5169175,-1.4010195,-0.9808969
1760726290139,-2.482098,-1.2577715,-0.97692627
1760726290141,-2.438574,-1.0974194,-0.9753991
1760726290143,-2.3840544,-0.9494373,-0.96776325
1760726290145,-2.322204,-0.816116,-0.9624182
1760726290147,-2.25562,-0.69027776,-0.95462966
1760726290150,-2.1815524,-0.5728389,-0.9419542
1760726290152,-2.1051943,-0.46043968,-0.93279123
1760726290154,-2.0314324,-0.35903606,-0.91996306
1760726290157,-1.9613355,-0.25992316,-0.9083566
1760726290159,-1.8924606,-0.16203201,-0.8943067
1760726290161,-1.8322903,-0.065209866,-0.88147855
1760726290163,-1.7808249,0.02565634,-0.87109387
1760726290166,-1.7356209,0.10430524,-0.8593347
1760726290168,-1.7040086,0.17821993,-0.8549059
1760726290170,-1.6859881,0.24740042,-0.8492554
1760726290173,-1.676825,0.3032946,-0.84711736
1760726290175,-1.6751453,0.34590244,-0.8509353
1760726290177,-1.6872098,0.3715588,-0.8547532
1760726290180,-1.704314,0.3828598,-0.86330533
1760726290181,-1.7340937,0.37705657,-0.8743009
1760726290184,-1.768913,0.34574974,-0.8888089
1760726290186,-1.808772,0.31215215,-0.9068295
1760726290188,-1.8550451,0.26511553,-0.9285152
1760726290190,-1.8999436,0.21090123,-0.95264435
1760726290193,-1.9549215,0.150731,-0.979217
1760726290195,-2.0074558,0.08674286,-1.0093021
1760726290197,-2.0674734,0.0143553335,-1.035722
1760726290200,-2.1248949,-0.048258353,-1.0622946
1760726290202,-2.185523,-0.058490347,-1.0939069
1760726290204,-2.2363777,0.040775254,-1.1334605
1760726290206,-2.2799017,0.26908615,-1.1739303
1760726290209,-2.3214407,0.5532912,-1.2072225
1760726290211,-2.3648121,0.79000145,-1.2328788
1760726290214,-2.4129176,0.91721416,-1.2483032
1760726290215,-2.4668267,0.95065904,-1.2557862
1760726290218,-2.5273023,0.94027436,-1.2519683
1760726290220,-2.5929701,0.9129381,-1.2382239
1760726290222,-2.6658158,0.8917105,-1.21608
1760726290224,-2.74981,0.86315256,-1.1852313
1760726290227,-2.8414397,0.83001316,-1.156826
1760726290229,-2.9428434,0.77854776,-1.1296426
1760726290231,-3.0433307,0.71975195,-1.1047498
1760726290234,-3.1387784,0.6623306,-1.0871874
1760726290236,-3.2281175,0.59864795,-1.069625
1760726290239,-3.3137913,0.5337435,-1.0557278
1760726290241,-3.3896914,0.46746463,-1.040609
1760726290243,-3.4581082,0.4071417,-1.0279335
1760726290245,-3.5202637,0.34574974,-1.0154108
1760726290248,-3.5752416,0.28160888,-1.003957
1760726290250,-3.6238053,0.22739458,-0.99265605
1760726290252,-3.6650388,0.16798794,-0.98364574
1760726290254,-3.69772,0.10751228,-0.97600996
1760726290257,-3.7216966,0.045662176,-0.96944314
1760726290258,-3.7433822,-0.020005837,-0.9654725
1760726290261,-3.76125,-0.0842994,-0.9650144
1760726290263,-3.7632353,-0.15363261,-0.96593064
1760726290265,-3.765068,-0.21700987,-0.9654725
1760726290267,-3.7607918,-0.27916542,-0.9663888
1760726290270,-3.7465892,-0.34269542,-0.9636399
1760726290272,-3.738648,-0.40118575,-0.960891
1760726290275,-3.7218492,-0.45616361,-0.95325524
1760726290277,-3.7113118,-0.5158757,-0.94806284
1760726290279,-3.701996,-0.57696223,-0.94027436
1760726290281,-3.6952765,-0.6452264,-0.9277516
1760726290284,-3.6984837,-0.7171558,-0.9126327
1760726290287,-3.7041342,-0.7901542,-0.89766645
1760726290288,-3.7232237,-0.86070913,-0.88132584
1760726290291,-3.751018,-0.9286679,-0.86254174
1760726290293,-3.7885861,-0.9976957,-0.8425359
1760726290295,-3.8385246,-1.0630583,-0.8176431
1760726290297,-3.9008327,-1.1378893,-0.79275036
1760726290300,-3.9791763,-1.2102767,-0.7666359
1760726290302,-4.0723333,-1.2837334,-0.73426
1760726290304,-4.174195,-1.3607023,-0.6983717
1760726290306,-4.289496,-1.4413365,-0.6611089
1760726290308,-4.414876,-1.5314392,-0.6214027
1760726290311,-4.5475864,-1.6190983,-0.57558775
1760726290313,-4.683962,-1.704314,-0.5296202
1760726290315,-4.8139234,-1.7676913,-0.48273626
1760726290317,-4.9350276,-1.8177823,-0.43218717
1760726290320,-5.0437617,-1.8472565,-0.38056904
1760726290322,-5.1347804,-1.8513799,-0.3303254
1760726290325,-5.206099,-1.8434386,-0.28023443
1760726290327,-5.2551208,-1.826029,-0.23136522
1760726290329,-5.289177,-1.7954856,-0.18142697
1760726290331,-5.283679,-1.7481437,-0.13775012
1760726290334,-5.2496233,-1.6913332,-0.09407325
1760726290336,-5.187315,-1.6360499,-0.052839845
1760726290338,-5.1004195,-1.5847372,-0.020158553
1760726290340,-4.981606,-1.5519031,0.010079277
1760726290342,-4.8469105,-1.536326,0.030543262
1760726290345,-4.6928196,-1.5439619,0.043982297
1760726290347,-4.5266643,-1.5700763,0.047647487
1760726290350,-4.355622,-1.6070337,0.039095376
1760726290352,-4.1798453,-1.6514742,0.02687807
1760726290354,-4.0077343,-1.7006488,0.0025961774
1760726290356,-3.843106,-1.7484491,-0.027947085
1760726290358,-3.6931386,-1.7889189,-0.064446285
1760726290361,-3.5605807,-1.8339702,-0.10842858
1760726290363,-3.4489453,-1.8762726,-0.15103643
1760726290365,-3.361897,-1.9220876,-0.19486602
1760726290367,-3.2997413,-1.9798143,-0.23854288
1760726290370,-3.2624786,-2.0616703,-0.2761111
1760726290373,-3.2565227,-2.1907156,-0.29978213
1760726290374,-3.2743905,-2.3793201,-0.3036
1760726290377,-3.314555,-2.5712845,-0.30497447
1760726290379,-3.3680055,-2.7339275,-0.30772337
1760726290381,-3.4359643,-2.86114,-0.30085114
1760726290384,-3.5170567,-2.9698741,-0.2866485
1760726290386,-3.6106718,-3.0822732,-0.27000242
1760726290388,-3.6978729,-3.1716123,-0.25228736
1760726290390,-3.7786596,-3.248734,-0.23716843
1760726290393,-3.8519635,-3.301574,-0.23060162
1760726290395,-3.9113703,-3.310737,-0.24281894
1760726290397,-3.9564214,-3.2565227,-0.2687807
1760726290399,-3.9778018,-3.1685581,-0.30100384
1760726290402,-3.9756637,-3.0686815,-0.3381139
1760726290404,-3.9489384,-2.9701796,-0.3839288
1760726290407,-3.8927388,-2.8791606,-0.43463063
1760726290409,-3.8131735,-2.7959301,-0.48288897
1760726290411,-3.7055085,-2.7542386,-0.5345071
1760726290413,-3.5492797,-2.7739391,-0.5725334
1760726290415,-3.371518,-2.7476718,-0.6046039
1760726290417,-3.1774156,-2.6897924,-0.6272059
1760726290420,-2.9709432,-2.6224444,-0.6398814
1760726290422,-2.7582092,-2.5638015,-0.655153
1760726290424,-2.5480716,-2.5013404,-0.66920286
1760726290427,-2.3587034,-2.4301746,-0.6771441
1760726290429,-2.17804,-2.3698518,-0.678824
1760726290431,-2.0150917,-2.3629794,-0.66553766
1760726290433,-1.869095,-2.431549,-0.6433938
1760726290435,-1.7104226,-2.6062565,-0.6082691
1760726290438,-1.5315919,-2.859002,-0.5545129
1760726290440,-1.326952,-3.147483,-0.4699081
1760726290442,-1.1027645,-3.4460435,-0.3622431
1760726290444,-0.8539896,-3.7533088,-0.23365596
1760726290447,-0.61101794,-4.0265183,-0.100334615
1760726290449,-0.37858373,-4.255898,0.03772093
1760726290451,-0.16432275,-4.455804,0.18646662
1760726290454,0.023365596,-4.590805,0.3239113
1760726290456,0.14034629,-4.6459355,0.45005497
1760726290458,0.20998493,-4.627457,0.573297
1760726290460,0.22678372,-4.5769076,0.675617
1760726290462,0.20280726,-4.525595,0.74265945
1760726290465,0.15027285,-4.4947467,0.7779369
1760726290467,0.0664316,-4.489096,0.7658723
1760726290469,-0.039858956,-4.5011606,0.72692966
1760726290472,-0.16722436,-4.511851,0.6623306
1760726290474,-0.3129157,-4.513836,0.57436603
1760726290476,-0.47708577,-4.5020766,0.46822822
1760726290478,-0.6436992,-4.4768786,0.34468073
1760726290481,-0.8089383,-4.427246,0.204029
1760726290483,-0.9627236,-4.3449316,0.062002823
1760726290485,-1.0975721,-4.2372665,-0.07788532
1760726290488,-1.196685,-4.1140246,-0.20677789
1760726290490,-1.2583824,-3.9706242,-0.31871894
1760726290492,-1.2843442,-3.8140898,-0.43569964
1760726290494,-1.2878567,-3.6409097,-0.552833
1760726290496,-1.2664764,-3.444669,-0.66156703
1760726290499,-1.2278391,-3.2560644,-0.76159626
1760726290501,-1.1806498,-3.0723467,-0.84940815
1760726290503,-1.1322387,-2.8900034,-0.93492925
1760726290505,-1.0630583,-2.727208,-1.0128145
1760726290508,-0.9925033,-2.5657868,-1.0823005
1760726290510,-0.9306532,-2.3993258,-1.1554517
1760726290512,-0.8750645,-2.242639,-1.2357804
1760726290514,-0.8208502,-2.1065688,-1.3112222
1760726290517,-0.7657196,-2.004707,-1.3692545
1760726290519,-0.71685034,-1.9088012,-1.4199562
1760726290521,-0.69134676,-1.8127426,-1.4645494
1760726290523,-0.68584895,-1.7334828,-1.5077682
1760726290526,-0.7012733,-1.6723963,-1.547169
1760726290528,-0.7330383,-1.6281086,-1.5755742
1760726290530,-0.7797695,-1.611768,-1.6073391
1760726290533,-0.8378017,-1.6110044,-1.6244434
1760726290535,-0.90316427,-1.6079501,-1.6218473
1760726290537,-0.98440933,-1.6059648,-1.591304
1760726290539,-1.0729848,-1.6052011,-1.5496124
1760726290542,-1.1543826,-1.611768,-1.5091426
1760726290544,-1.2310462,-1.6329955,-1.4918857
1760726290546,-1.2855659,-1.6702583,-1.4952455
1760726290548,-1.328021,-1.7062993,-1.5048665
1760726290551,-1.3590225,-1.727985,-1.4998269
1760726290553,-1.3886495,-1.7337883,-1.4935656
1760726290555,-1.4216361,-1.7066047,-1.4924965
1760726290558,-1.450805,-1.6659822,-1.5121969
1760726290560,-1.4676038,-1.6097827,-1.5418239
1760726290563,-1.4694363,-1.5378532,-1.5728253
1760726290565,-1.4564555,-1.4648548,-1.6062702
1760726290567,-1.4323263,-1.3846788,-1.6274977
1760726290569,-1.3859005,-1.3034338,-1.6352862
1760726290571,-1.3272575,-1.227381,-1.6395624
1760726290574,-1.2709051,-1.1438452,-1.6424639
1760726290576,-1.2154691,-1.0325149,-1.6271923
1760726290578,-1.1662945,-0.93202764,-1.5960382
1760726290581,-1.120785,-0.8362745,-1.5685493
1760726290583,-1.1023064,-0.71837753,-1.5520558
1760726290585,-1.1169671,-0.5757405,-1.5554156
1760726290587,-1.1366675,-0.45372015,-1.5682437
1760726290589,-1.162782,-0.3463606,-1.5761851
1760726290592,-1.1820242,-0.2950479,-1.5775595
1760726290594,-1.1835514,-0.3388775,-1.5517504
1760726290596,-1.1695015,-0.42562035,-1.4961617
1760726290599,-1.1554517,-0.527024,-1.426065
1760726290601,-1.1439979,-0.6272059,-1.3521502
1760726290603,-1.1311697,-0.7263188,-1.2770138
1760726290605,-1.120785,-0.82527894,-1.1994339
1760726290608,-1.1055133,-0.93034774,-1.1096367
1760726290610,-1.0865766,-1.0343475,-1.0137309
1760726290612,-1.0699304,-1.1200215,-0.9118691
1760726290614,-1.0531317,-1.1924089,-0.8136725
1760726290617,-1.0299188,-1.2550226,-0.72036284
1760726290619,-0.9993755,-1.3092369,-0.63331455
1760726290621,-0.96745783,-1.342529,-0.5549711
1760726290624,-0.9242391,-1.356579,-0.4877759
1760726290626,-0.86849767,-1.3487904,-0.4279111
1760726290628,-0.81016004,-1.3203852,-0.3791946
1760726290631,-0.7466301,-1.2748758,-0.33673948
1760726290633,-0.6780604,-1.2159272,-0.30298916
1760726290635,-0.6107125,-1.1375839,-0.27779096
1760726290638,-0.5468771,-1.047023,-0.2649628
1760726290640,-0.4877759,-0.9477574,-0.259465
1760726290642,-0.43386704,-0.84711736,-0.26618454
1760726290644,-0.38728857,-0.7489208,-0.2790127
1760726290646,-0.35308012,-0.6554584,-0.29901853
1760726290649,-0.3239113,-0.56673026,-0.33628133
1760726290651,-0.30711251,-0.4804455,-0.3746131
1760726290653,-0.29779682,-0.40485093,-0.41905355
1760726290656,-0.29352075,-0.3304781,-0.463494
1760726290658,-0.29901853,-0.25366178,-0.50426924
1760726290660,-0.3034473,-0.17913623,-0.547488
1760726290662,-0.30268374,-0.10476339,-0.589485
1760726290665,-0.30818152,-0.020463986,-0.63270366
1760726290667,-0.31123585,0.06246097,-0.6722572
1760726290669,-0.31535918,0.15149458,-0.7058548
1760726290672,-0.31948254,0.236863,-0.73563445
1760726290674,-0.32498032,0.30757064,-0.7554876
1760726290676,-0.32818735,0.36728272,-0.77304995
1760726290678,-0.3313944,0.41248676,-0.7817548
1760726290680,-0.33475417,0.4465425,-0.7831292
1760726290683,-0.34315357,0.4746423,-0.77839506
1760726290686,-0.34773505,0.4990769,-0.7663304
1760726290688,-0.3475823,0.5148067,-0.7554876
1760726290690,-0.3585779,0.5233588,-0.73716164
1760726290692,-0.36957347,0.52580225,-0.7115053
1760726290694,-0.38927388,0.5186246,-0.6808093
1760726290697,-0.40530908,0.4980079,-0.65133506
1760726290699,-0.4289801,0.46288314,-0.6169739
1760726290701,-0.44776422,0.43004912,-0.57879484
1760726290703,-0.4578435,0.4008803,-0.54199016
1760726290705,-0.47158796,0.36560285,-0.5186246
1760726290708,-0.48563787,0.31688634,-0.49754974
1760726290710,-0.5045747,0.26465738,-0.4801401
1760726290712,-0.519999,0.205098,-0.46013424
1760726290715,-0.54000485,0.16630806,-0.45020768
1760726290717,-0.559858,0.14950927,-0.44394633
1760726290719,-0.5795584,0.15699236,-0.44516805
1760726290721,-0.59773165,0.19135354,-0.4538729
1760726290724,-0.6072,0.24022275,-0.46639562
1760726290726,-0.6068946,0.27550024,-0.4812091
1760726290728,-0.6264423,0.2817616,-0.47647488
1760726290731,-0.6461427,0.28802297,-0.44593164
1760726290732,-0.6606508,0.30879238,-0.43127087
1760726290735,-0.66645396,0.34300083,-0.4277584
1760726290737,-0.66355234,0.38423425,-0.4280638
1760726290739,-0.64812803,0.44868052,-0.43203443
1760726290741,-0.6239988,0.5129741,-0.44226643
1760726290744,-0.60246587,0.5737552,-0.44623706
1760726290746,-0.58078015,0.6404922,-0.4381431
1760726290748,-0.5653558,0.6986771,-0.42623124
1760726290751,-0.5563455,0.73991054,-0.40454552
1760726290753,-0.56382865,0.72784597,-0.39950588
1760726290755,-0.5878051,0.6757697,-0.410196
1760726290758,-0.62125,0.66156703,-0.41981715
1760726290760,-0.6568329,0.691194,-0.4334089
1760726290762,-0.68707067,0.7487681,-0.44715336
1760726290765,-0.70371675,0.81581056,-0.45478916
1760726290767,-0.7067711,0.87674433,-0.4552473
1760726290769,-0.7076874,0.9109528,-0.45173484
1760726290771,-0.70616025,0.93034774,-0.45555276
1760726290774,-0.70371675,0.93401295,-0.45799622
1760726290776,-0.70738196,0.93034774,-0.45677447
1760726290778,-0.70631295,0.9120218,-0.45173484
1760726290781,-0.7165449,0.88056225,-0.4552473
1760726290783,-0.7281514,0.83199847,-0.45372015
1760726290785,-0.742354,0.7663304,-0.45570546
1760726290787,-0.7530441,0.68371093,-0.4552473
1760726290789,-0.77121735,0.593761,-0.44990227
1760726290792,-0.79061234,0.5038111,-0.4370741
1760726290794,-0.8135198,0.42348233,-0.41706824
1760726290796,-0.83291477,0.3371976,-0.3933972
1760726290798,-0.8559749,0.24236079,-0.35979962
1760726290802,-0.87888235,0.15851954,-0.32146785
1760726290803,-0.89812464,0.07086037,-0.2866485
1760726290805,-0.91247994,-0.013133603,-0.25809056
1760726290808,-0.91919947,-0.08735373,-0.23564127
1760726290810,-0.9210321,-0.150731,-0.21578814
1760726290812,-0.9239337,-0.1994475,-0.19837849
1760726290814,-0.9230174,-0.23365596,-0.18845193
1760726290817,-0.9195049,-0.25442538,-0.17608191
1760726290819,-0.91583973,-0.26053402,-0.16264287
1760726290821,-0.9097311,-0.26190847,-0.1516473
1760726290824,-0.90224797,-0.26313022,-0.14553864
1760726290826,-0.89476484,-0.25595254,-0.14065172
1760726290828,-0.8885035,-0.24022275,-0.13713925
1760726290831,-0.8782715,-0.21594086,-0.1348485
1760726290833,-0.86315256,-0.18203785,-0.13255776
1760726290835,-0.84421575,-0.13713925,-0.12797627
1760726290837,-0.82527894,-0.088728175,-0.122020334
1760726290840,-0.79381937,-0.032986723,-0.112704635
1760726290843,-0.75991637,0.023823744,-0.100792766
1760726290845,-0.72601336,0.08078693,-0.09010262
1760726290847,-0.68477994,0.13271047,-0.080634214
1760726290849,-0.6411031,0.18448131,-0.06887506
1760726290851,-0.6010914,0.23396139,-0.054519724
1760726290853,-0.5635232,0.27382034,-0.03756821
1760726290855,-0.52610767,0.3098614,-0.019547688
1760726290857,-0.4877759,0.32895094,-0.0013744468
1760726290860,-0.4578435,0.34437528,0.019394971
1760726290862,-0.42821655,0.34391713,0.04138612
1760726290864,-0.40607268,0.33643404,0.07192938
1760726290866,-0.38759398,0.31413746,0.09773844
1760726290868,-0.37323865,0.2762638,0.12232576
1760726290871,-0.36361754,0.23335053,0.14950927
1760726290873,-0.36300668,0.17241672,0.1742493
1760726290875,-0.36102137,0.106595986,0.19898935
1760726290878,-0.36163223,0.040775254,0.22388211
1760726290880,-0.36361754,-0.031154128,0.25366178
1760726290882,-0.36545014,-0.09819659,0.28328875
1760726290885,-0.36468655,-0.16279559,0.31306845
1760726290887,-0.35903606,-0.22266038,0.34147367
1760726290889,-0.34972036,-0.28008172,0.364992
1760726290892,-0.3390302,-0.3313944,0.38728857
1760726290894,-0.32345316,-0.37659842,0.4071417
1760726290896,-0.30787608,-0.42317688,0.42562035
1760726290898,-0.29458976,-0.45616361,0.4392121
1760726290900,-0.27870727,-0.48197266,0.4466952
1760726290903,-0.26542094,-0.5039638,0.44684792
1760726290905,-0.25457808,-0.52839845,0.43844852
1760726290907,-0.25121832,-0.5540548,0.4251622
1760726290909,-0.24663684,-0.58200186,0.4008803
1760726290911,-0.24449882,-0.6062838,0.36667186
1760726290914,-0.24358252,-0.6291912,0.3203988
1760726290916,-0.24510968,-0.6400341,0.2678644
1760726290918,-0.24404067,-0.63255095,0.20433442
1760726290921,-0.2415972,-0.6177375,0.12843442
1760726290923,-0.23793201,-0.60048056,0.04642576
1760726290925,-0.22922719,-0.5674938,-0.038179077
1760726290927,-0.21426098,-0.5198463,-0.12889257
1760726290929,-0.19547687,-0.45280385,-0.22953261
1760726290932,-0.17027868,-0.3662137,-0.33383787
1760726290934,-0.14126259,-0.27366763,-0.44440445
1760726290937,-0.10720685,-0.17501289,-0.5500842
1760726290939,-0.07819075,-0.077579886,-0.6571383
1760726290942,-0.043218717,0.0027488936,-0.75655663
1760726290943,-0.01450805,0.061086524,-0.84131414
1760726290945,-7.6358154E-4,0.10140363,-0.9086621
1760726290948,0.008246681,0.14767668,-0.9602802
1760726290951,0.012064588,0.17211129,-0.9921979
1760726290953,0.008399397,0.18432859,-1.0033462
1760726290955,-0.006414085,0.17715092,-1.0082331
1760726290957,-0.02397646,0.15424347,-0.98975444
1760726290959,-0.04627304,0.12140947,-0.95157534
1760726290961,-0.07376198,0.07651087,-0.88529646
1760726290964,-0.10598512,0.024129177,-0.8043568
1760726290966,-0.13836098,-0.029321533,-0.7049385
1760726290968,-0.18173242,-0.093767814,-0.5871942
1760726290971,-0.22999077,-0.14110987,-0.48548517
1760726290973,-0.2770274,-0.17745635,-0.3849978
1760726290975,-0.31520647,-0.20540343,-0.29061913
1760726290977,-0.3594942,-0.2209805,-0.20250183
1760726290980,-0.3912592,-0.21853705,-0.12675454
1760726290982,-0.41309762,-0.20021108,-0.0571159
1760726290984,-0.43111816,-0.17577648,3.0543262E-4
1760726290986,-0.44425175,-0.14538592,0.05390886
1760726290989,-0.44990227,-0.11010846,0.09896017
1760726290991,-0.4445572,-0.07742717,0.13408493
1760726290993,-0.44425175,-0.059253927,0.16218472
1760726290996,-0.44394633,-0.036193766,0.18280143
1760726290998,-0.44012842,-0.022907447,0.19135354
1760726291000,-0.43508878,-0.020463986,0.19990565
1760726291003,-0.43142357,-0.01450805,0.20463985
1760726291005,-0.43127087,-0.012064588,0.20586158
1760726291007,-0.42623124,-0.0010690142,0.20708331
1760726291009,-0.42623124,0.008552114,0.20326541
1760726291011,-0.4286747,0.014813482,0.19715676
1760726291014,-0.42363504,0.013439035,0.19349156
1760726291016,-0.42012256,0.002443461,0.18387043
1760726291018,-0.4202753,-0.0047342055,0.1826487
1760726291021,-0.42760566,-0.0047342055,0.17654006
1760726291023,-0.44012842,-0.011911872,0.16798794
1760726291025,-0.44898596,-0.03359759,0.16325374
1760726291028,-0.46273044,-0.06154467,0.15607607
1760726291030,-0.47540587,-0.093004234,0.14767668
1760726291032,-0.49327368,-0.13545936,0.13942999
1760726291035,-0.5169447,-0.1704314,0.13225232
1760726291037,-0.54443365,-0.1994475,0.12889257
1760726291039,-0.58169645,-0.23197608,0.12782355
1760726291041,-0.61544675,-0.27168232,0.12690726
1760726291043,-0.64919704,-0.312763,0.12705997
1760726291045,-0.68661255,-0.35506544,0.12736541
1760726291048,-0.72158456,-0.3998113,0.13622294
1760726291050,-0.7516697,-0.45066583,0.15118915
1760726291053,-0.77289724,-0.49312097,0.17470746
1760726291054,-0.7991645,-0.52946746,0.20555615
1760726291057,-0.820392,-0.5720753,0.24236079
1760726291059,-0.82818055,-0.6232353,0.29031372
1760726291061,-0.8321512,-0.66355234,0.34193182
1760726291064,-0.8384125,-0.6916522,0.39950588
1760726291066,-0.8384125,-0.7125743,0.46318856
1760726291068,-0.82986045,-0.74204856,0.527024
1760726291071,-0.82253003,-0.7690793,0.5870415
1760726291073,-0.81397796,-0.787558,0.6458373
1760726291075,-0.8052731,-0.8037459,0.6983717
1760726291077,-0.79549927,-0.8185594,0.7449502
1760726291080,-0.79045963,-0.82848597,0.786489
1760726291082,-0.79275036,-0.8223773,0.8231409
1760726291084,-0.79275036,-0.8213083,0.84635377
1760726291087,-0.79381937,-0.81031275,0.8597928
1760726291089,-0.79351395,-0.79458296,0.8669705
1760726291091,-0.7809912,-0.77396625,0.869414
1760726291093,-0.7609854,-0.7461719,0.8593347
1760726291096,-0.743423,-0.70249504,0.84696466
1760726291098,-0.7096727,-0.65408397,0.82344633
1760726291100,-0.66737026,-0.600786,0.79366666
1760726291102,-0.61529404,-0.5647449,0.75686204
1760726291104,-0.56581396,-0.5371033,0.71868294
1760726291107,-0.5224425,-0.5129741,0.68432176
1760726291109,-0.48166725,-0.49877146,0.65240407
1760726291111,-0.4485278,-0.5001459,0.6218608
1760726291113,-0.41920626,-0.5198463,0.59620446
1760726291115,-0.39736784,-0.5468771,0.57558775
1760726291118,-0.3819435,-0.602924,0.5526803
1760726291121,-0.36682457,-0.6748534,0.52855116
1760726291123,-0.35140023,-0.7370089,0.4970916
1760726291125,-0.3371976,-0.78694713,0.46196684
1760726291127,-0.32528573,-0.81504697,0.42424592
1760726291129,-0.30848694,-0.8407033,0.38026363
1760726291132,-0.28909197,-0.86376345,0.32788193
1760726291134,-0.26847526,-0.88086766,0.26923886
1760726291137,-0.2454151,-0.8918633,0.20815234
1760726291138,-0.22342396,-0.89568114,0.15195273
1760726291140,-0.20005837,-0.8932377,0.10186178
1760726291143,-0.18035796,-0.8848383,0.058948494
1760726291145,-0.16691893,-0.8775079,0.024740042
1760726291147,-0.15332718,-0.8678868,-0.0035124752
1760726291150,-0.13591751,-0.8558222,-0.02565634
1760726291152,-0.12614368,-0.852157,-0.04520403
1760726291154,-0.1151481,-0.851088,-0.057421334
1760726291157,-0.100334615,-0.8559749,-0.0720821
1760726291159,-0.08689558,-0.86467975,-0.07941248
1760726291161,-0.069791354,-0.8697194,-0.08552113
1760726291164,-0.052534413,-0.87109387,-0.08674286
1760726291165,-0.035124753,-0.86635965,-0.081855945
1760726291168,-0.017715093,-0.8520043,-0.07467828
1760726291171,-0.0076358155,-0.82527894,-0.06505715
1760726291173,0.0062613687,-0.8011498,-0.050549097
1760726291175,0.02397646,-0.7672467,-0.03848451
1760726291177,0.04153884,-0.7296785,-0.028863383
1760726291180,0.06307184,-0.68615437,-0.023060163
1760726291182,0.090713486,-0.6389651,-0.019700404
1760726291184,0.109650314,-0.5830709,-0.017562376
1760726291186,0.12522738,-0.5175556,-0.018020526
1760726291189,0.13820826,-0.4531093,-0.014660766
1760726291191,0.14874569,-0.3801109,-0.018784106
1760726291193,0.15928312,-0.30833423,-0.021685716
1760726291196,0.1647809,-0.2499966,-0.029321533
1760726291198,0.16401732,-0.20250183,-0.043066
1760726291200,0.1656972,-0.15134187,-0.05787948
1760726291202,0.16493362,-0.10125092,-0.075289145
1760726291205,0.16676621,-0.04153884,-0.09407325
1760726291207,0.17455475,-1.5271631E-4,-0.11866058
1760726291209,0.18310685,0.012064588,-0.14935656
1760726291211,0.19425514,0.016798794,-0.17745635
1760726291213,0.21410827,0.034972034,-0.20326541
1760726291216,0.23396139,0.06047566,-0.22174409
1760726291218,0.2576324,0.09056077,-0.23182335
1760726291220,0.28512135,0.11835514,-0.23564127
1760726291222,0.32482758,0.14477506,-0.24190263
1760726291224,0.3633121,0.16997325,-0.24449882
1760726291227,0.40546182,0.19394971,-0.24709499
1760726291230,0.45478916,0.20433442,-0.24724771
1760726291232,0.5028948,0.20265454,-0.25457808
1760726291234,0.54076844,0.17180584,-0.26175576
1760726291237,0.57864213,0.1423316,-0.26542094
1760726291238,0.6093381,0.12370021,-0.2640465
1760726291240,0.6363689,0.11728613,-0.25671613
1760726291242,0.6611089,0.11453723,-0.24449882
1760726291245,0.6834055,0.11560625,-0.23105977
1760726291247,0.70325863,0.12629639,-0.21777347
1760726291249,0.7244862,0.14782938,-0.19715676
1760726291252,0.7495316,0.17806722,-0.17654006
1760726291254,0.77320266,0.20815234,-0.16081028
1760726291257,0.805884,0.2576324,-0.14156802
1760726291259,0.83108217,0.30726522,-0.12599096
1760726291261,0.82619524,0.31337386,-0.117438845
1760726291263,0.7890852,0.2930626,-0.118507855
1760726291266,0.753655,0.32513303,-0.117438845
1760726291268,0.7283041,0.3849978,-0.11285736
1760726291270,0.71929383,0.45814893,-0.11575896
1760726291273,0.7263188,0.54702985,-0.11988231
1760726291275,0.7370089,0.6407976,-0.12889257
1760726291277,0.7490735,0.73929965,-0.13683382
1760726291279,0.7538077,0.8355109,-0.1423316
1760726291282,0.75961095,0.9254609,-0.14767668
1760726291284,0.7690793,1.0057896,-0.15302174
1760726291286,0.7696902,1.0691669,-0.15699236
1760726291289,0.75518215,1.1021537,-0.16218472
1760726291290,0.70325863,1.0990993,-0.18035796
1760726291293,0.63407815,1.0864239,-0.20586158
1760726291295,0.5635232,1.0714576,-0.22892176
1760726291298,0.50411654,1.0477866,-0.24831672
1760726291300,0.45921794,1.0129673,-0.2640465
1760726291302,0.4277584,0.95478237,-0.2733622
1760726291305,0.40133846,0.8929323,-0.26816985
1760726291307,0.3885103,0.8394816,-0.25686884
1760726291309,0.37568212,0.79091775,-0.24312437
1760726291311,0.37293324,0.7554876,-0.23197608
1760726291313,0.37400225,0.7312057,-0.2171626
1760726291316,0.38240165,0.70906186,-0.20112738
1760726291318,0.39706242,0.68569624,-0.18509217
1760726291320,0.40790528,0.6637051,-0.16783522
1760726291323,0.41890085,0.65011334,-0.15195273
1760726291325,0.43111816,0.63163465,-0.14202617
1760726291327,0.44333544,0.61453044,-0.13469578
1760726291329,0.44806966,0.59498274,-0.12965615
1760726291332,0.45540005,0.58276546,-0.12339478
1760726291333,0.46517387,0.5716171,-0.119729586
1760726291336,0.47616947,0.56169057,-0.11362094
1760726291339,0.47983465,0.5543602,-0.10873401
1760726291341,0.4859433,0.5543602,-0.103847094
1760726291343,0.4970916,0.56153786,-0.096516706
1760726291345,0.51083606,0.5673411,-0.087964594
1760726291348,0.5195409,0.5758932,-0.08307768
1760726291350,0.5306892,0.57696223,-0.0759
1760726291352,0.5392413,0.57558775,-0.069791354
1760726291355,0.5491679,0.5705481,-0.065973446
1760726291357,0.56016344,0.55833083,-0.06352998
1760726291360,0.56489766,0.54733527,-0.057421334
1760726291361,0.5647449,0.5338962,-0.049938235
1760726291363,0.5647449,0.52534413,-0.04627304
1760726291366,0.55848354,0.51923543,-0.034055736
1760726291368,0.5523749,0.5120578,-0.018020526
1760726291370,0.548557,0.49495357,4.5814895E-4
1760726291373,0.54092115,0.47051895,0.021380283
1760726291375,0.5345071,0.43890667,0.04596761
1760726291376,0.5342017,0.3998113,0.071776666
1760726291379,0.5326745,0.35476,0.1001819
1760726291381,0.53221637,0.30466905,0.12980886
1760726291384,0.5329799,0.24862215,0.16676621
1760726291386,0.5337435,0.19242255,0.21227567
1760726291388,0.5332854,0.13026701,0.25671613
1760726291390,0.5316055,0.06429356,0.3034473
1760726291393,0.52732944,-0.0015271631,0.35277468
1760726291395,0.528093,-0.067500606,0.3996586
1760726291397,0.52641314,-0.12721269,0.44394633
1760726291400,0.52473325,-0.17730364,0.4821254
1760726291402,0.528093,-0.22357668,0.5154176
1760726291405,0.5338962,-0.2603813,0.5497787
1760726291408,0.5349652,-0.29336804,0.57925296
1760726291410,0.538325,-0.32513303,0.6027713
1760726291411,0.54183745,-0.34956762,0.6249151
1760726291413,0.54061574,-0.36667186,0.6395759
1760726291415,0.5392413,-0.37888917,0.6507242
1760726291418,0.5367978,-0.3848451,0.6617198
1760726291420,0.5392413,-0.38988474,0.66905016
1760726291422,0.54290646,-0.38744128,0.6739371
1760726291424,0.5491679,-0.38759398,0.678824
1760726291426,0.5554292,-0.3717115,0.679893
1760726291428,0.5655085,-0.3559817,0.6774496
1760726291430,0.5742133,-0.34269542,0.6711882
1760726291433,0.5891795,-0.32085696,0.6600399
1760726291435,0.59803706,-0.29779682,0.64644814
1760726291438,0.6105598,-0.26984972,0.6291912
1760726291440,0.6169739,-0.2406809,0.61315596
1760726291443,0.6270532,-0.21151209,0.59712076
1760726291445,0.62980205,-0.18096884,0.5823073
1760726291447,0.62888575,-0.1518,0.5687156
1760726291449,0.6253733,-0.12858713,0.55756724
1760726291452,0.61819565,-0.098043874,0.54519725
1760726291454,0.6097962,-0.07223482,0.52549684
1760726291456,0.59528816,-0.04046982,0.50946164
1760726291459,0.5842926,-0.015882496,0.4970916
1760726291460,0.5697846,0.014660766,0.4859433
1760726291462,0.55771995,0.044135015,0.47357327
1760726291465,0.54565537,0.07345655,0.46486846
1760726291467,0.5299256,0.10048734,0.4549419
1760726291470,0.5166393,0.12736541,0.45234573
1760726291472,0.5056437,0.1469131,0.44974953
1760726291475,0.49480084,0.16539176,0.44715336
1760726291476,0.4886922,0.17638734,0.44348818
1760726291479,0.4801401,0.17898351,0.43982297
1760726291481,0.46654832,0.18509217,0.4361578
1760726291483,0.4531093,0.18891008,0.4361578
1760726291485,0.43692136,0.18295415,0.43371433
1760726291488,0.42088616,0.17592919,0.43753225
1760726291489,0.40240747,0.17119499,0.4448626
1760726291492,0.37888917,0.16646078,0.45707992
1760726291494,0.35537085,0.15577064,0.47067168
1760726291497,0.33429602,0.14248432,0.48166725
1760726291499,0.3119994,0.122020334,0.49037206
1760726291501,0.29458976,0.101556346,0.49418998
1760726291503,0.27458394,0.08093964,0.49312097
1760726291505,0.26190847,0.055588737,0.48349985
1760726291508,0.25060746,0.03268129,0.46654832
1760726291510,0.23304509,0.009773844,0.4373795
1760726291512,0.21792617,-0.011911872,0.40698898
1760726291514,0.19914207,-0.03359759,0.3764457
1760726291516,0.18524489,-0.050396383,0.35216382
1760726291519,0.1777618,-0.06001751,0.33750305
1760726291521,0.17638734,-0.071013086,0.3315471
1760726291523,0.17745635,-0.08200866,0.33643404
1760726291526,0.18234327,-0.0917825,0.3549127
1760726291528,0.183565,-0.10522154,0.38056904
1760726291530,0.1908954,-0.11881329,0.4100433
1760726291532,0.19333886,-0.12996158,0.4454735
1760726291535,0.19593503,-0.13362677,0.4784602
1760726291537,0.1910481,-0.13622294,0.5140431
1760726291539,0.182496,-0.14110987,0.5458081
1760726291542,0.17516561,-0.1386664,0.5739079
1760726291544,0.16783522,-0.1423316,0.6044512
1760726291546,0.15806139,-0.15088372,0.63270366
1760726291548,0.13958271,-0.15317446,0.65836
1760726291551,0.11362094,-0.16035213,0.68783426
1760726291553,0.08399397,-0.17348573,0.71593404
1760726291555,0.054367006,-0.18417588,0.75151694
1760726291557,0.0125227375,-0.19486602,0.78954333
1760726291560,-0.041691553,-0.20051652,0.83367836
1760726291562,-0.11056661,-0.2012801,0.88621277
1760726291565,-0.17119499,-0.23243423,0.9427178
1760726291567,-0.22815818,-0.28680122,0.9969321
1760726291569,-0.25961772,-0.3559817,1.0450377
1760726291572,-0.27259862,-0.43157628,1.0832168
1760726291573,-0.29275718,-0.47403142,1.098183
1760726291576,-0.31780264,-0.50656,1.0850494
1760726291578,-0.3295618,-0.5720753,1.0499246
1760726291580,-0.3193298,-0.63407815,0.9940305
1760726291583,-0.29657507,-0.68539083,0.9294315
1760726291585,-0.25503623,-0.701426,0.86101454
1760726291587,-0.19837849,-0.6907359,0.787558
1760726291590,-0.1328632,-0.6559166,0.7165449
1760726291591,-0.059864793,-0.6102544,0.65133506
1760726291594,0.012064588,-0.5510005,0.5910121
1760726291596,0.08155051,-0.4906775,0.5367978
1760726291598,0.14492778,-0.43157628,0.4925101
1760726291601,0.19333886,-0.38331795,0.45799622
1760726291603,0.23060162,-0.34330627,0.43203443
1760726291605,0.2554944,-0.31673363,0.41233405
1760726291608,0.26557365,-0.29733866,0.3914119
1760726291610,0.26557365,-0.2875648,0.37659842
1760726291612,0.25702155,-0.28252518,0.36560285
1760726291614,0.24220806,-0.28237244,0.35827246
1760726291616,0.22113322,-0.28817567,0.3559817
1760726291619,0.19394971,-0.29046643,0.35231653
1760726291621,0.16554448,-0.29733866,0.35231653
1760726291624,0.14080444,-0.29718593,0.34865135
1760726291626,0.11484267,-0.30665436,0.34147367
1760726291628,0.09254608,-0.31856623,0.33658674
1760726291630,0.069027774,-0.32559118,0.3294091
1760726291632,0.04917465,-0.33505958,0.32085696
1760726291635,0.03176499,-0.34590244,0.31245756
1760726291637,0.013133603,-0.35414913,0.30757064
1760726291640,-0.0018325958,-0.36377025,0.3016147
1760726291642,-0.0154243475,-0.37094793,0.29550606
1760726291644,-0.0290161,-0.36957347,0.29184088
1760726291646,-0.043829583,-0.36819902,0.28817567
1760726291648,-0.053603426,-0.36682457,0.28206703
1760726291651,-0.064751714,-0.36545014,0.27107146
1760726291654,-0.07223482,-0.3640757,0.25518894
1760726291655,-0.0759,-0.3567453,0.23930646
1760726291658,-0.077121735,-0.3494149,0.22082779
1760726291660,-0.077121735,-0.3407101,0.19761491
1760726291662,-0.07574729,-0.33093625,0.1779145
1760726291664,-0.0720821,-0.3211624,0.15836681
1760726291667,-0.07315111,-0.30283645,0.14110987
1760726291669,-0.0693332,-0.28099802,0.12507465
1760726291672,-0.07040222,-0.25778514,0.10552697
1760726291673,-0.07147124,-0.23701571,0.0870483
1760726291676,-0.07376198,-0.21135938,0.06490443
1760726291678,-0.07467828,-0.18692477,0.04642576
1760726291680,-0.07574729,-0.1600467,0.03283401
1760726291682,-0.075594574,-0.13927728,0.016798794
1760726291685,-0.079107046,-0.11362094,-0.0016798794
1760726291688,-0.07895433,-0.096516706,-0.016493361
1760726291689,-0.08384126,-0.08552113,-0.026267206
1760726291691,-0.09117164,-0.075594574,-0.03726278
1760726291694,-0.09605856,-0.07803804,-0.040927973
1760726291697,-0.1049161,-0.09010262,-0.03726278
1760726291699,-0.11484267,-0.105832405,-0.0346666
1760726291701,-0.12843442,-0.11301007,-0.02855795
1760726291703,-0.14584407,-0.11652254,-0.02733622
1760726291706,-0.16065755,-0.12370021,-0.025961773
1760726291707,-0.17684549,-0.13820826,-0.027183503
1760726291710,-0.18936823,-0.15622878,-0.024587326
1760726291713,-0.20066923,-0.17562376,-0.02076942
1760726291715,-0.20693061,-0.18906279,-0.02076942
1760726291717,-0.21074851,-0.19746219,-0.020616703
1760726291719,-0.20708331,-0.20723604,-0.01817324
1760726291721,-0.20082195,-0.20250183,-0.01817324
1760726291724,-0.19593503,-0.20250183,-0.021838432
1760726291726,-0.18982637,-0.20021108,-0.021838432
1760726291728,-0.17867808,-0.19898935,-0.025503624
1760726291730,-0.16997325,-0.19425514,-0.034208454
1760726291733,-0.1563815,-0.18936823,-0.04886922
1760726291735,-0.14660765,-0.18463401,-0.064751714
1760726291737,-0.1366811,-0.17852537,-0.08323039
1760726291739,-0.12935072,-0.18096884,-0.10277808
1760726291749,-0.12217305,-0.18829921,-0.12339478
1760726291749,-0.11362094,-0.19318613,-0.14782938
1760726291749,-0.10873401,-0.19440787,-0.17730364
1760726291749,-0.10522154,-0.19929479,-0.20769419
1760726291755,-0.10781772,-0.20525073,-0.23823744
1760726291756,-0.1253801,-0.22678372,-0.26633725
1760726291756,-0.15409076,-0.25457808,-0.2855795
1760726291764,-0.18646662,-0.2761111,-0.29764408
1760726291764,-0.2237294,-0.29886582,-0.30726522
1760726291764,-0.2658791,-0.31902438,-0.31688634
1760726291764,-0.3042109,-0.33444872,-0.31444287
1760726291766,-0.3388775,-0.35002577,-0.310625
1760726291768,-0.36728272,-0.35705075,-0.29825497
1760726291771,-0.3857614,-0.35811976,-0.2848159
1760726291773,-0.39920044,-0.34574974,-0.27382034
1760726291775,-0.4027129,-0.33124167,-0.2556471
1760726291777,-0.4072944,-0.30818152,-0.23014349
1760726291780,-0.4118759,-0.27885997,-0.20341812
1760726291782,-0.41890085,-0.24602598,-0.1779145
1760726291784,-0.42195517,-0.19379699,-0.15363261
1760726291786,-0.4213443,-0.13408493,-0.13454308
1760726291789,-0.41447207,-0.07574729,-0.111635625
1760726291791,-0.40515637,-0.017562376,-0.09117164
1760726291793,-0.38728857,0.032223143,-0.06704246
1760726291796,-0.36209038,0.07803804,-0.04520403
1760726291798,-0.3294091,0.13255776,-0.023518313
1760726291800,-0.29917124,0.19303341,-0.004428773
1760726291802,-0.27382034,0.25488353,0.00870483
1760726291805,-0.24984388,0.31413746,0.030390546
1760726291807,-0.22082779,0.36254853,0.049632803
1760726291809,-0.18341228,0.40469822,0.06765333
1760726291812,-0.13713925,0.45662177,0.08689558
1760726291814,-0.08475755,0.50717086,0.106137834
1760726291816,-0.036193766,0.5540548,0.11927144
1760726291818,0.00992656,0.60231316,0.13362677
1760726291821,0.043829583,0.6579019,0.15027285
1760726291823,0.07880162,0.7012733,0.16722436
1760726291825,0.12644911,0.76174897,0.18753563
1760726291827,0.18753563,0.82558435,0.21655174
1760726291829,0.26343563,0.87949324,0.25030205
1760726291832,0.35170567,0.9381363,0.29153544
1760726291834,0.43249258,0.99189246,0.33261612
1760726291836,0.50228393,1.0422888,0.37995818
1760726291839,0.56428677,1.075581,0.4250095
1760726291841,0.61651576,1.0980303,0.4700608
1760726291843,0.6436992,1.0963504,0.5164866
1760726291847,0.6621779,1.07665,0.5665775
1760726291848,0.6731735,1.0471758,0.6096435
1760726291850,0.6899723,1.001819,0.6403395
1760726291853,0.7180721,0.95646226,0.6614143
1760726291855,0.7287622,0.9221011,0.6713409
1760726291857,0.7334964,0.90377516,0.67271537
1760726291859,0.7458665,0.9025534,0.6629415
1760726291861,0.72143185,0.93935806,0.6443101
1760726291864,0.6740898,1.0178542,0.63789606
1760726291867,0.6273586,1.1424707,0.62980205
1760726291868,0.58200186,1.300074,0.6082691
1760726291871,0.54534996,1.4747814,0.56581396
1760726291873,0.52946746,1.6212363,0.5123632
1760726291875,0.5300783,1.7078265,0.45570546
1760726291877,0.5439755,1.7577647,0.39675698
1760726291880,0.56123245,1.7699821,0.33307427
1760726291882,0.5878051,1.7369953,0.27580565
1760726291885,0.61544675,1.6698002,0.23090707
1760726291886,0.6391178,1.5856534,0.19837849
1760726291889,0.6589709,1.491733,0.17684549
1760726291891,0.6774496,1.3600914,0.16417004
1760726291893,0.6959282,1.2504412,0.15607607
1760726291895,0.7125743,1.1856894,0.15775596
1760726291897,0.72326446,1.1368202,0.16035213
1760726291900,0.7267769,1.1209377,0.17027868
1760726291902,0.72189003,1.1148291,0.19960022
1760726291905,0.7093673,1.0844386,0.24022275
1760726291907,0.69027776,1.0126618,0.2883284
1760726291909,0.6640105,0.9578367,0.34483343
1760726291911,0.6363689,1.0054842,0.3996586
1760726291914,0.6226244,1.1016954,0.45158213
1760726291916,0.6097962,1.1624765,0.50503284
1760726291918,0.5946773,1.104139,0.56413406
1760726291920,0.5830709,1.040609,0.62796944
1760726291922,0.57986385,1.0673343,0.68661255
1760726291925,0.57971114,1.1487321,0.7484626
1760726291927,0.5705481,1.2070698,0.8239045
1760726291929,0.55833083,1.1850786,0.90102625
1760726291932,0.5367978,1.114371,0.9735665
1760726291934,0.50320023,1.0596985,1.0485502
1760726291936,0.4699081,1.0268645,1.134224
1760726291938,0.4289801,0.977079,1.2250903
1760726291941,0.38896844,0.89812464,1.3220651
1760726291943,0.34895676,0.80557853,1.4253013
1760726291946,0.30925053,0.7509061,1.5381587
1760726291948,0.2771801,0.71685034,1.6581937
1760726291951,0.24740042,0.66431594,1.7782288
1760726291953,0.2275473,0.61422503,1.90086
1760726291954,0.20433442,0.600786,2.0305161
1760726291957,0.18997909,0.59315014,2.166281
1760726291959,0.1742493,0.59421915,2.2957842
1760726291961,0.16126843,0.6036876,2.428953
1760726291964,0.14950927,0.6180429,2.5621216
1760726291965,0.13271047,0.63117653,2.6916249
1760726291968,0.11224649,0.6432411,2.813798
1760726291970,0.09193522,0.6649268,2.9347494
1760726291973,0.060322944,0.68554354,3.0483704
1760726291975,0.02275473,0.70646566,3.1497738
1760726291977,-0.01863139,0.73945236,3.2461379
1760726291980,-0.05497787,0.7675522,3.3414328
1760726291982,-0.071013086,0.7454083,3.4552066
1760726291984,-0.07360926,0.68783426,3.5949419
1760726291986,-0.06872234,0.6238461,3.777438
1760726291989,-0.07452556,0.59528816,3.9901717
1760726291991,-0.094531395,0.61911196,4.2137485
1760726291993,-0.1366811,0.6469063,4.443434
1760726291996,-0.19028452,0.6565274,4.668385
1760726291998,-0.2565634,0.61758476,4.877759
1760726292000,-0.33292156,0.56306505,5.072472
1760726292002,-0.41783184,0.5354234,5.2352676
1760726292004,-0.49831334,0.58459806,5.3609533
1760726292007,-0.55970526,0.70539665,5.4495287
1760726292009,-0.5934556,0.8932377,5.4925947
1760726292011,-0.59956425,1.1417072,5.4802246
1760726292014,-0.5858198,1.430341,5.4211235
1760726292016,-0.54993147,1.7201965,5.308266
1760726292018,-0.5122105,1.9601139,5.147914
1760726292021,-0.4804455,2.115121,4.945412
1760726292024,-0.45814893,2.189799,4.701677
1760726292025,-0.43768495,2.2307272,4.415334
1760726292028,-0.41996986,2.249664,4.085161
1760726292029,-0.41370848,2.2617285,3.716046
1760726292031,-0.41599923,2.2666154,3.3174565
1760726292034,-0.42836925,2.2802072,2.8919888
1760726292036,-0.45921794,2.2780693,2.453235
1760726292038,-0.4868596,2.2395847,2.0231857
1760726292040,-0.51343226,2.1777346,1.5932893
1760726292043,-0.53786683,2.0879374,1.1733195
1760726292045,-0.55771995,1.9480493,0.78542
1760726292047,-0.5691737,1.7640262,0.4466952
1760726292049,-0.57833666,1.5628988,0.16294831
1760726292052,-0.5908594,1.3639094,-0.06811147
1760726292054,-0.6055202,1.1904236,-0.2321288
1760726292056,-0.6246097,1.0375546,-0.3303254
1760726292058,-0.647059,0.9051496,-0.37232238
1760726292061,-0.6592763,0.7883216,-0.36545014
1760726292063,-0.6589709,0.679893,-0.32818735
1760726292065,-0.6204864,0.56489766,-0.27015516
1760726292067,-0.5439755,0.4372268,-0.19501872
1760726292070,-0.41829,0.28221974,-0.10751228
1760726292072,-0.24587326,0.102319926,-0.003970624
1760726292074,-0.035124753,-0.0729984,0.106901415
1760726292077,0.1965459,-0.22907446,0.21135938
1760726292079,0.43463063,-0.36819902,0.3023783
1760726292081,0.6704246,-0.49373183,0.37858373
1760726292083,0.8791878,-0.6032294,0.44868052
1760726292086,1.0558805,-0.70631295,0.5004513
1760726292088,1.1943942,-0.79061234,0.5325218
1760726292090,1.2997686,-0.8587238,0.5487097
1760726292092,1.3718506,-0.9398162,0.5662721
1760726292095,1.4165965,-1.0231993,0.5873469
1760726292097,1.4370605,-1.087951,0.6000224
1760726292099,1.4353806,-1.1293371,0.6075055
1760726292102,1.4129313,-1.1559098,0.61743206
1760726292104,1.3720033,-1.181108,0.6226244
1760726292106,1.3125967,-1.1976013,0.6252206
1760726292108,1.2486086,-1.1823297,0.6250679
1760726292110,1.1702651,-1.1279627,0.6261369
1760726292113,1.0761919,-1.040609,0.6220135
1760726292115,0.97127575,-0.93599826,0.6215554
1760726292117,0.8605564,-0.7948884,0.62949663
1760726292120,0.74113226,-0.65118235,0.6458373
1760726292122,0.61285055,-0.54153204,0.66859204
1760726292125,0.48579058,-0.42836925,0.690125
1760726292126,0.35720345,-0.34422258,0.7130325
1760726292129,0.2209805,-0.28695396,0.7312057
1760726292131,0.10369437,-0.19440787,0.75518215
1760726292133,0.016340645,-0.057268616,0.7826711
1760726292136,-0.057421334,0.07742717,0.8016079
1760726292138,-0.12034045,0.19120082,0.80832744
1760726292140,-0.16493362,0.29764408,0.80771655
1760726292142,-0.18127427,0.3915646,0.80481493
1760726292145,-0.18555032,0.4622723,0.79458296
1760726292147,-0.17531833,0.49266282,0.7797695
1760726292149,-0.15088372,0.49006665,0.75900006
1760726292151,-0.115453534,0.45937067,0.7322747
1760726292154,-0.075594574,0.38835758,0.70448035
1760726292156,-0.029626964,0.30024028,0.6743952
1760726292158,0.020005837,0.21578814,0.6478226
1760726292160,0.07452556,0.13988814,0.6262896
1760726292163,0.13194689,0.07971791,0.6094908
1760726292165,0.1881465,0.03894266,0.59620446
1760726292167,0.23457226,-0.0053450707,0.57925296
1760726292170,0.26099217,-0.0627664,0.5563455
1760726292172,0.27137688,-0.12858713,0.5334381
1760726292174,0.27320948,-0.17837265,0.50686544
1760726292177,0.26908615,-0.21120666,0.47525316
1760726292179,0.26267207,-0.22434026,0.44226643
1760726292181,0.2452624,-0.22403483,0.40683624
1760726292183,0.22815818,-0.20922135,0.36285394
1760726292185,0.2098322,-0.17592919,0.3100141
1760726292188,0.19150625,-0.13912456,0.25610524
1760726292190,0.17684549,-0.10705414,0.20463985
1760726292192,0.1695151,-0.08979719,0.15928312
1760726292194,0.16691893,-0.094531395,0.12507465
1760726292197,0.16539176,-0.11759156,0.099571034
1760726292199,0.16371189,-0.14553864,0.07284568
1760726292201,0.16218472,-0.16371189,0.044745877
1760726292204,0.16707164,-0.172264,0.027794369
1760726292206,0.18295415,-0.18463401,0.020463986
1760726292208,0.19501872,-0.21029036,0.023060163
1760726292210,0.19822577,-0.2602286,0.03191771
1760726292213,0.20265454,-0.31520647,0.04444045
1760726292215,0.19990565,-0.33948836,0.050701816
1760726292217,0.19272798,-0.32727104,0.05421429
1760726292219,0.18570304,-0.29428434,0.06994407
1760726292221,0.1797471,-0.27000242,0.09056077
1760726292224,0.1872302,-0.2640465,0.10277808
1760726292226,0.15118915,-0.17470746,0.09987647
1760726292229,0.13057245,-0.12950343,0.08979719
1760726292231,0.17195857,-0.18952094,0.07788532
1760726292234,0.14309518,-0.11484267,0.06536258
1760726292236,0.14782938,-0.11728613,0.045814894
1760726292238,0.14187345,-0.10262536,0.032223143
1760726292240,0.14905111,-0.118507855,0.027488936
1760726292242,0.14523321,-0.12812899,0.028710667
1760726292245,0.1255328,-0.13408493,0.028710667
1760726292247,0.11911872,-0.16325374,0.04734206
1760726292249,0.10919216,-0.18035796,0.07788532
1760726292251,0.098043874,-0.18524489,0.106137834
1760726292254,0.089491755,-0.19242255,0.13179417
1760726292256,0.07452556,-0.21181752,0.15760323
1760726292258,0.06078109,-0.24236079,0.1919644
1760726292260,0.05177083,-0.2910773,0.23869559
1760726292263,0.052534413,-0.3484986,0.28680122
1760726292265,0.051159963,-0.3727805,0.313832
1760726292267,0.05131268,-0.3631594,0.32467487
1760726292269,0.055283304,-0.33765575,0.33429602
1760726292271,0.069027774,-0.32436943,0.34895676
1760726292274,0.08017606,-0.3210097,0.366061
1760726292276,0.08735373,-0.3491095,0.37843102
1760726292278,0.089491755,-0.37827832,0.37980548
1760726292281,0.094225965,-0.4027129,0.3811799
1760726292283,0.100029185,-0.43569964,0.3764457
1760726292285,0.0936151,-0.45860708,0.35094208
1760726292287,0.08109236,-0.45707992,0.30558532
1760726292290,0.06887506,-0.4288274,0.25778514
1760726292292,0.06169739,-0.408058,0.22235495
1760726292294,0.06291912,-0.39950588,0.20265454
1760726292297,0.07147124,-0.40317106,0.18921551
1760726292299,0.07742717,-0.41905355,0.17959438
1760726292301,0.08353582,-0.4166101,0.15622878
1760726292303,0.08002335,-0.3932445,0.11713341
1760726292305,0.07513642,-0.37720928,0.08277224
1760726292308,0.071318515,-0.3820962,0.058337633
1760726292310,0.067500606,-0.38805214,0.03756821
1760726292312,0.06352998,-0.398895,0.018020526
1760726292315,0.049785517,-0.41447207,-0.00870483
1760726292317,0.025809057,-0.45555276,-0.03772093
1760726292319,0.004276057,-0.5112942,-0.066737026
1760726292322,-0.032528576,-0.6070473,-0.09437868
1760726292324,-0.09850202,-0.77549344,-0.1226312
1760726292326,-0.20204368,-1.0045679,-0.1554652
1760726292328,-0.33276883,-1.2454015,-0.17730364
1760726292330,-0.44409904,-1.4014776,-0.17379116
1760726292333,-0.52595496,-1.466382,-0.14401148
1760726292335,-0.58016926,-1.46852,-0.10125092
1760726292338,-0.6096435,-1.4695891,-0.040011674
1760726292339,-0.63789606,-1.4914275,0.031001411
1760726292342,-0.6789767,-1.5483906,0.109650314
1760726292344,-0.74067414,-1.5723672,0.18799378
1760726292346,-0.80756384,-1.5135714,0.26725355
1760726292349,-0.8886562,-1.3849843,0.33750305
1760726292351,-0.97784257,-1.1895074,0.39767328
1760726292353,-1.0778717,-0.96944314,0.4428773
1760726292355,-1.1991285,-0.78801614,0.4775439
1760726292357,-1.3342824,-0.6235407,0.4925101
1760726292360,-1.4595097,-0.44440445,0.4868596
1760726292362,-1.545031,-0.23533584,0.4662429
1760726292364,-1.5862644,-0.03145956,0.43936482
1760726292367,-1.5835154,0.1207986,0.41538838
1760726292369,-1.5344934,0.20922135,0.40622538
1760726292371,-1.4367551,0.25335637,0.4083634
1760726292373,-1.3084733,0.24831672,0.420428
1760726292376,-1.1585059,0.19181168,0.45723262
1760726292378,-1.0013609,0.110872045,0.5112942
1760726292380,-0.84528476,0.04230242,0.56413406
1760726292383,-0.6976081,-0.010537425,0.6033822
1760726292385,-0.58078015,-0.039858956,0.62796944
1760726292387,-0.48838675,-0.050549097,0.64736444
1760726292389,-0.4166101,-0.034208454,0.6398814
1760726292392,-0.36835176,-0.0016798794,0.61162883
1760726292394,-0.3287982,0.023518313,0.5685628
1760726292396,-0.30298916,0.025961773,0.5196936
1760726292398,-0.28237244,0.005192355,0.47219884
1760726292401,-0.25442538,-0.020616703,0.41599923
1760726292403,-0.22525656,-0.04627304,0.35262197
1760726292405,-0.19868392,-0.082924955,0.29168814
1760726292408,-0.17104226,-0.13530666,0.23319781
1760726292410,-0.14110987,-0.19761491,0.17730364
1760726292413,-0.11499538,-0.2866485,0.124005646
1760726292414,-0.09010262,-0.37186423,0.07437284
1760726292416,-0.06001751,-0.4353942,0.03436117
1760726292419,-0.03726278,-0.48670688,0.0125227375
1760726292421,-0.020463986,-0.54046303,0.0018325958
1760726292423,-0.0125227375,-0.605062,-0.003970624
1760726292426,-0.008399397,-0.6782131,0.0062613687
1760726292428,-0.0041233404,-0.7623598,0.023823744
1760726292430,-0.007330383,-0.82924956,0.043829583
1760726292432,-0.0076358155,-0.8732319,0.056199603
1760726292435,-0.0154243475,-0.91690874,0.06872234
1760726292437,-0.033292156,-0.97035944,0.07513642
1760726292439,-0.057268616,-1.0299188,0.08536842
1760726292442,-0.084910266,-1.0832168,0.09911288
1760726292444,-0.11499538,-1.1414018,0.11652254
1760726292446,-0.1525636,-1.206917,0.14508049
1760726292448,-0.19883664,-1.2783883,0.1956296
1760726292451,-0.23991732,-1.3353515,0.2510656
1760726292453,-0.27473664,-1.3863586,0.30757064
1760726292455,-0.3182608,-1.4347697,0.37140608
1760726292457,-0.3491095,-1.4637859,0.42913285
1760726292460,-0.37995818,-1.4758505,0.4718934
1760726292462,-0.41325033,-1.4926492,0.50869805
1760726292464,-0.4454735,-1.5192219,0.54321194
1760726292466,-0.49266282,-1.5578591,0.58368176
1760726292469,-0.5525276,-1.6475036,0.636827
1760726292471,-0.62125,-1.7443258,0.68752885
1760726292473,-0.6771441,-1.8035797,0.7405214
1760726292475,-0.71929383,-1.8338175,0.7823657
1760726292478,-0.7490735,-1.8664987,0.8228355
1760726292480,-0.75777835,-1.8897116,0.869414
1760726292482,-0.74265945,-1.8655825,0.90469146
1760726292485,-0.712727,-1.8379408,0.93386024
1760726292487,-0.6805039,-1.8383989,0.9607383
1760726292489,-0.6374379,-1.8449658,0.980286
1760726292491,-0.5881105,-1.8515326,0.9973902
1760726292494,-0.54275376,-1.8837557,1.0122037
1760726292496,-0.49663344,-1.9671388,1.0297661
1760726292498,-0.43783766,-2.1261165,1.056186
1760726292501,-0.38973203,-2.2653937,1.091158
1760726292503,-0.35796702,-2.3049474,1.1366675
1760726292505,-0.3323107,-2.355191,1.1980594
1760726292508,-0.32284227,-2.5321891,1.2759448
1760726292510,-0.34269542,-2.8244882,1.3778065
1760726292512,-0.42119157,-3.1858149,1.5071573
1760726292514,-0.5468771,-3.5929565,1.6684257
1760726292517,-0.6966918,-3.9461894,1.8208365
1760726292519,-0.8472701,-4.205349,1.8664987
1760726292521,-0.947452,-4.335616,1.7976238
1760726292524,-1.0216721,-4.3432517,1.7183639
1760726292526,-1.0757337,-4.3182063,1.6913332
1760726292528,-1.1252137,-4.3139305,1.6387987
1760726292530,-1.1606439,-4.2523856,1.5370897
1760726292532,-1.1670581,-4.1082215,1.3920091
1760726292534,-1.1230757,-3.856087,1.2426527
1760726292537,-1.0485502,-3.5228598,1.1111639
1760726292539,-0.946383,-3.1375566,1.0086912
1760726292541,-0.82772243,-2.7256808,0.93294394
1760726292544,-0.6806566,-2.3069327,0.88025683
1760726292546,-0.5224425,-1.9005545,0.8533788
1760726292548,-0.376293,-1.473407,0.8729264
1760726292550,-0.23869559,-1.043816,0.9106474
1760726292553,-0.10781772,-0.6751588,0.9439395
1760726292555,0.011148291,-0.3791946,0.9616546
1760726292557,0.11377365,-0.119729586,0.96990126
1760726292560,0.19608775,0.09743301,0.9735665
1760726292562,0.2509129,0.2733622,0.9761627
1760726292564,0.28313604,0.41309762,0.9766208
1760726292567,0.29657507,0.52381694,0.9673051
1760726292568,0.3031419,0.5737552,0.9486737
1760726292571,0.3032946,0.5896377,0.93034774
1760726292573,0.29184088,0.5714644,0.9059132
1760726292575,0.28771752,0.54244834,0.86819226
1760726292578,0.2921463,0.49754974,0.81596327
1760726292580,0.2826779,0.43325618,0.7527387
1760726292582,0.27030787,0.33857206,0.68966687
1760726292585,0.2591596,0.23060162,0.6243043
1760726292587,0.2603813,0.117438845,0.5662721
1760726292589,0.27259862,-0.0018325958,0.50701815
1760726292592,0.29703322,-0.12370021,0.44776422
1760726292594,0.31658092,-0.24663684,0.3848451
1760726292596,0.3436117,-0.34788775,0.3145956
1760726292598,0.37201694,-0.45265114,0.22831088
1760726292600,0.4027129,-0.55741453,0.13958271
1760726292602,0.4370741,-0.66813385,0.03634648
1760726292605,0.46639562,-0.77778417,-0.08659015
1760726292607,0.48579058,-0.8907942,-0.21059579
1760726292610,0.5170974,-1.0467176,-0.32711834
1760726292612,0.5519168,-1.2366967,-0.43371433
1760726292614,0.57818395,-1.4107933,-0.5195409
1760726292616,0.6064365,-1.5314392,-0.5885687
1760726292618,0.6290385,-1.5948164,-0.65057147
1760726292621,0.63621616,-1.598329,-0.7031059
1760726292623,0.63285637,-1.5580118,-0.74113226
1760726292625,0.61391956,-1.4665347,-0.7478518
1760726292627,0.5684101,-1.3419182,-0.7130325
1760726292630,0.5120578,-1.197754,-0.66248333
1760726292632,0.45555276,-1.0682507,-0.6203337
1760726292634,0.3941608,-0.93752545,-0.559858
1760726292637,0.33429602,-0.7959574,-0.47739118
1760726292639,0.2864958,-0.660498,-0.40973786
1760726292641,0.2434298,-0.5421429,-0.3529274
1760726292644,0.21746802,-0.44700065,-0.3032946
1760726292646,0.21090123,-0.37400225,-0.26328292
1760726292648,0.22266038,-0.3266602,-0.23548855
1760726292650,0.24266621,-0.2939789,-0.21975878
1760726292653,0.25793785,-0.26007587,-0.2078469
1760726292655,0.257327,-0.19929479,-0.19349156
1760726292658,0.24083363,-0.12858713,-0.19013181
1760726292660,0.21670444,-0.063682705,-0.19165897
1760726292662,0.17944166,0.013286319,-0.16768251
1760726292664,0.1421789,0.09514226,-0.1253801
1760726292666,0.10262536,0.19272798,-0.0720821
1760726292669,0.044745877,0.31016684,-0.0065668016
1760726292671,-0.013133603,0.4175264,0.07467828
1760726292673,-0.062308256,0.5213735,0.17440203
1760726292675,-0.11285736,0.6067419,0.27183503
1760726292677,-0.15500705,0.6800457,0.36193767
1760726292680,-0.1826487,0.73975784,0.43493605
1760726292682,-0.20433442,0.7654142,0.48243082
1760726292684,-0.21426098,0.75686204,0.50946164
1760726292687,-0.20570888,0.73364913,0.53038377
1760726292689,-0.1826487,0.70173144,0.5390886
1760726292691,-0.16829337,0.6614143,0.5331327
1760726292694,-0.14905111,0.62109727,0.50762904
1760726292696,-0.13469578,0.5832236,0.4784602
1760726292698,-0.12156218,0.5479461,0.4334089
1760726292700,-0.10995574,0.5028948,0.37507126
1760726292703,-0.099571034,0.45066583,0.30680707
1760726292705,-0.08200866,0.37888917,0.23396139
1760726292707,-0.062155537,0.29000828,0.16233744
1760726292709,-0.040011674,0.19013181,0.09193522
1760726292711,-0.022602014,0.0926988,0.031306844
1760726292714,-0.0016798794,-0.008399397,-0.021838432
1760726292716,0.017104227,-0.094989546,-0.06918049
1760726292718,0.033444874,-0.1693624,-0.10170906
1760726292721,0.05390886,-0.22418754,-0.11484267
1760726292723,0.062155537,-0.258396,-0.11224649
1760726292725,0.08170322,-0.27214047,-0.10247265
1760726292727,0.10277808,-0.26984972,-0.091477074
1760726292730,0.1301143,-0.26053402,-0.07437284
1760726292733,0.15485434,-0.2510656,-0.056199603
1760726292735,0.17837265,-0.2452624,-0.035430185
1760726292736,0.19700404,-0.24297164,-0.018325957
1760726292739,0.21059579,-0.25060746,-0.002443461
1760726292741,0.2228131,-0.2591596,0.007330383
1760726292744,0.2322815,-0.2921463,0.0062613687
1760726292745,0.23777929,-0.35308012,-0.014049901
1760726292748,0.23823744,-0.42730024,-0.04428773
1760726292750,0.22907446,-0.47586402,-0.059864793
1760726292752,0.21884248,-0.5013676,-0.06337727
1760726292755,0.21013765,-0.5158757,-0.062002823
1760726292757,0.20998493,-0.528093,-0.05467244
1760726292760,0.20998493,-0.528093,-0.044898596
1760726292761,0.21624629,-0.52442783,-0.040011674
1760726292764,0.2237294,-0.5172501,-0.040011674
1760726292766,0.22892176,-0.4990769,-0.04138612
1760726292768,0.22174409,-0.46975538,-0.05131268
1760726292770,0.19517145,-0.4109596,-0.07360926
1760726292773,0.13332134,-0.2968805,-0.11209377
1760726292775,0.04932737,-0.1656972,-0.15561792
1760726292778,-0.04550946,-0.022143865,-0.19165897
1760726292780,-0.14156802,0.111635625,-0.2144137
1760726292782,-0.23289238,0.22831088,-0.23197608
1760726292784,-0.3109304,0.32421672,-0.24709499
1760726292786,-0.37797287,0.41370848,-0.26221392
1760726292789,-0.43508878,0.49602258,-0.28344148
1760726292791,-0.49113566,0.57818395,-0.30955598
1760726292793,-0.5458081,0.66782844,-0.3417791
1760726292795,-0.59788436,0.767094,-0.3764457
1760726292798,-0.65469486,0.8859073,-0.41248676
1760726292800,-0.7115053,1.0059423,-0.44119743
1760726292802,-0.7609854,1.1221595,-0.46868637
1760726292804,-0.8116872,1.2322679,-0.48762318
1760726292807,-0.85139346,1.3338243,-0.5016731
1760726292809,-0.88270026,1.4242324,-0.50701815
1760726292811,-0.9051496,1.5109752,-0.50625455
1760726292813,-0.9240864,1.6000088,-0.50671273
1760726292816,-0.9317222,1.6878207,-0.5047274
1760726292818,-0.9297369,1.7669277,-0.5015204
1760726292820,-0.9193522,1.8142698,-0.49693888
1760726292823,-0.8943067,1.8480201,-0.4885395
1760726292825,-0.8570439,1.8671097,-0.47891834
1760726292827,-0.8127562,1.864208,-0.46914452
1760726292829,-0.7623598,1.8429805,-0.45814893
1760726292832,-0.70478576,1.8034269,-0.44211373
1760726292834,-0.6436992,1.7394388,-0.42714754
1760726292836,-0.5815437,1.6656768,-0.4071417
1760726292839,-0.5120578,1.5723672,-0.3895793
1760726292841,-0.44898596,1.4633276,-0.37201694
1760726292843,-0.38240165,1.3384057,-0.35048392
1760726292845,-0.31581733,1.2049317,-0.3315471
1760726292848,-0.24816401,1.0714576,-0.3100141
1760726292850,-0.18402316,0.93431836,-0.28985557
1760726292853,-0.12370021,0.80573124,-0.26832256
1760726292855,-0.064446285,0.6772968,-0.24572055
1760726292857,-0.0076358155,0.55848354,-0.22434026
1760726292859,0.04550946,0.44700065,-0.20295998
1760726292862,0.09025534,0.3454443,-0.18051068
1760726292863,0.12751812,0.2499966,-0.15668693
1760726292866,0.1638646,0.16798794,-0.13179417
1760726292869,0.18921551,0.10552697,-0.10705414
1760726292870,0.20586158,0.04932737,-0.08597928
1760726292873,0.22021692,-0.004428773,-0.061239243
1760726292875,0.22602014,-0.05085453,-0.03772093
1760726292877,0.22571471,-0.089949906,-0.022907447
1760726292880,0.22036964,-0.12644911,-0.0056505036
1760726292881,0.21029036,-0.15195273,0.009162978
1760726292884,0.19914207,-0.17012598,0.021533
1760726292886,0.18051068,-0.1797471,0.03023783
1760726292889,0.16065755,-0.18799378,0.040011674
1760726292891,0.14340061,-0.20005837,0.047494773
1760726292894,0.119729586,-0.22052236,0.05497787
1760726292895,0.09483683,-0.2519819,0.06001751
1760726292897,0.07345655,-0.28710666,0.06383542
1760726292900,0.05085453,-0.32589662,0.06169739
1760726292902,0.030695979,-0.36453384,0.0571159
1760726292904,0.013133603,-0.39354995,0.049938235
1760726292907,0.0041233404,-0.42760566,0.040317107
1760726292909,0.0012217305,-0.46654832,0.029474247
1760726292912,0.0070249503,-0.5006041,0.016340645
1760726292913,0.02275473,-0.5213735,-0.004428773
1760726292916,0.043676864,-0.52641314,-0.019089539
1760726292918,0.07345655,-0.50961435,-0.03390302
1760726292921,0.105832405,-0.4868596,-0.005955936
1760726292922,0.14950927,-0.47433686,0.116217114
1760726292925,0.19807306,-0.48533243,0.35216382
1760726292927,0.22892176,-0.48059824,0.7359399
1760726292929,0.23472497,-0.42745295,1.2293663
1760726292932,0.22968534,-0.34223726,1.7081319
1760726292934,0.23060162,-0.22892176,2.064419
1760726292936,0.23869559,-0.098043874,2.277611
1760726292938,0.24816401,0.06704246,2.4000895
1760726292941,0.25060746,0.28221974,2.4882069
1760726292943,0.23991732,0.54519725,2.5660923
1760726292945,0.2134974,0.8313876,2.6427557
1760726292947,0.183565,1.1371256,2.7243063
1760726292950,0.14538592,1.4756978,2.8202121
1760726292952,0.09514226,1.8461875,2.925739
1760726292954,0.040317107,2.2310326,3.049592
1760726292957,-0.040775254,2.593123,3.186884
1760726292959,-0.13805555,2.9261973,3.3244815
1760726292961,-0.22953261,3.22995,3.4585662
1760726292963,-0.32650748,3.4826956,3.5721872
1760726292965,-0.40424007,3.6937494,3.6700783
1760726292968,-0.4801401,3.8380663,3.7562103
1760726292970,-0.5581781,3.9092321,3.8072176
1760726292972,-0.63071835,3.9318342,3.8363864
1760726292975,-0.680962,3.9406917,3.9086213
1760726292977,-0.7147123,3.984674,3.9903245
1760726292979,-0.75762564,3.9994874,4.051411
1760726292981,-0.77320266,4.0237694,4.1001277
1760726292984,-0.75640386,4.0941715,4.1460953
1760726292986,-0.74036866,4.174042,4.248415
1760726292988,-0.7600691,4.152051,4.329202
1760726292991,-0.75502944,4.058436,4.3015604
1760726292993,-0.70539665,3.8744128,4.1717515
1760726292995,-0.63499445,3.5821137,3.9619193
1760726292997,-0.53969944,3.2189543,3.6972618
1760726292999,-0.42623124,2.8168523,3.4023666
1760726293002,-0.30695978,2.384207,3.095407
1760726293004,-0.1965459,1.9445368,2.7910433
1760726293007,-0.09315695,1.5180001,2.5158484
1760726293009,-0.016493361,1.1233811,2.2747095
1760726293011,0.03970624,0.7641924,2.0883956
1760726293013,0.08078693,0.46700647,1.9591975
1760726293015,0.10140363,0.21380283,1.8811595
1760726293017,0.111177474,-0.022449298,1.8544341
1760726293020,0.12614368,-0.2612976,1.8715384
1760726293022,0.14828753,-0.5222898,1.8962784
1760726293024,0.1788308,-0.78801614,1.9013181
1760726293027,0.21166481,-1.0671816,1.8832976
1760726293029,0.25457808,-1.3316863,1.8382462
1760726293032,0.29046643,-1.5438092,1.7783815
1760726293034,0.32177326,-1.715615,1.6998852
1760726293036,0.33841935,-1.8701639,1.5992452
1760726293039,0.3481932,-1.969735,1.4885259
1760726293040,0.34483343,-2.0218112,1.3898711
1760726293043,0.33567044,-2.0421226,1.2982414
1760726293045,0.32711834,-2.014939,1.2137892
1760726293047,0.30207285,-1.9025398,1.142318
1760726293050,0.21731532,-1.617724,1.1004738
1760726293051,0.062155537,-1.1206323,1.1125383
1760726293054,-0.11957687,-0.5647449,1.1572843
1760726293057,-0.25289822,-0.0983493,1.1766791
1760726293059,-0.3126103,0.21762075,1.1603385
1760726293061,-0.30848694,0.39675698,1.1276573
1760726293063,-0.26343563,0.47067168,1.0769554
1760726293066,-0.18493946,0.45799622,1.0122037
1760726293068,-0.084910266,0.36942077,0.94042706
1760726293070,0.014813482,0.2554944,0.86162543
1760726293073,0.09850202,0.14523321,0.77656245
1760726293074,0.16249016,0.03283401,0.69027776
1760726293077,0.20677789,-0.07086037,0.6065892
1760726293079,0.226631,-0.15974127,0.5152648
1760726293082,0.22434026,-0.22266038,0.41538838
1760726293084,0.20387627,-0.27214047,0.30451632
1760726293086,0.17211129,-0.32742378,0.18142697
1760726293089,0.1328632,-0.38637227,0.053450707
1760726293091,0.09850202,-0.44883323,-0.0720821
1760726293093,0.06811147,-0.50426924,-0.18906279
1760726293095,0.043829583,-0.5487097,-0.28787026
1760726293097,0.02367103,-0.569021,-0.36713
1760726293100,0.011301007,-0.5626069,-0.42470407
1760726293102,3.0543262E-4,-0.5355761,-0.46028697
1760726293105,-0.0056505036,-0.5038111,-0.4775439
1760726293107,-0.003970624,-0.462425,-0.48258355
1760726293109,-0.0022907446,-0.42348233,-0.47678033
1760726293111,0.0030543262,-0.38224894,-0.46105054
1760726293114,0.008399397,-0.344528,-0.44180828
1760726293116,0.011148291,-0.32513303,-0.4259258
1760726293118,0.017562376,-0.30818152,-0.410196
1760726293120,0.022602014,-0.29978213,-0.38820487
1760726293123,0.0290161,-0.28771752,-0.36758816
1760726293125,0.034208454,-0.269697,-0.34193182
1760726293127,0.038179077,-0.25030205,-0.31520647
1760726293130,0.03848451,-0.22479841,-0.28725937
1760726293132,0.03894266,-0.19685133,-0.26053402
1760726293134,0.04184427,-0.15928312,-0.23747386
1760726293136,0.044745877,-0.115453534,-0.21945333
1760726293139,0.047800206,-0.0571159,-0.20143281
1760726293141,0.048563786,0.0,-0.18341228
1760726293143,0.04642576,0.03894266,-0.16401732
1760726293145,0.04550946,0.05971208,-0.15195273
1760726293148,0.045662176,0.064446285,-0.13729197
1760726293150,0.040775254,0.07666359,-0.12140947
1760726293152,0.036193766,0.09621128,-0.10323623
1760726293155,0.03283401,0.12660182,-0.089949906
1760726293156,0.030543262,0.14966199,-0.08277224
1760726293159,0.028252518,0.15577064,-0.08155051
1760726293161,0.02687807,0.15103643,-0.079107046
1760726293164,0.030695979,0.15454891,-0.07544186
1760726293166,0.02565634,0.15210545,-0.070554934
1760726293168,0.02443461,0.14844026,-0.06566802
1760726293170,0.028099801,0.1423316,-0.06429356
1760726293173,0.023365596,0.15332718,-0.062002823
1760726293175,0.027183503,0.1777618,-0.064599
1760726293179,0.02611449,0.19242255,-0.069485925
1760726293179,0.030085113,0.21670444,-0.06963864
1760726293182,0.035277467,0.24220806,-0.069791354
1760726293184,0.042913284,0.27259862,-0.067500606
1760726293186,0.046883907,0.29565877,-0.06765333
1760726293188,0.053297993,0.31627548,-0.06780604
1760726293190,0.0571159,0.32360587,-0.070249505
1760726293193,0.06078109,0.3210097,-0.07147124
1760726293195,0.061850104,0.3052799,-0.07391469
1760726293197,0.06154467,0.27840182,-0.07376198
1760726293200,0.061086524,0.24312437,-0.07345655
1760726293202,0.062002823,0.20540343,-0.07452556
1760726293204,0.06291912,0.17852537,-0.076816306
1760726293207,0.06627888,0.14569137,-0.079107046
1760726293209,0.06719518,0.111635625,-0.08628472
1760726293211,0.070554934,0.076358154,-0.095753126
1760726293214,0.07513642,0.049480084,-0.106595986
1760726293215,0.08109236,0.03359759,-0.112704635
1760726293219,0.088422745,0.026267206,-0.11026118
1760726293220,0.08979719,0.032223143,-0.10048734
1760726293223,0.08002335,0.046883907,-0.089491755
1760726293224,0.06047566,0.06047566,-0.08109236
1760726293227,0.032375857,0.08277224,-0.07376198
1760726293229,0.006872234,0.116980694,-0.07147124
1760726293231,-0.023518313,0.16371189,-0.07666359
1760726293234,-0.05375614,0.22006421,-0.09040806
1760726293237,-0.07315111,0.27015516,-0.10781772
1760726293238,-0.08628472,0.30695978,-0.117744274
1760726293240,-0.08735373,0.32162055,-0.12996158
1760726293242,-0.0777326,0.31413746,-0.1421789
1760726293245,-0.0571159,0.28115073,-0.15424347
1760726293247,-0.03176499,0.23105977,-0.16997325
1760726293249,9.162979E-4,0.16737708,-0.18173242
1760726293251,0.033444874,0.100029185,-0.18875736
1760726293253,0.063682705,0.034055736,-0.19211712
1760726293256,0.09010262,-0.028405234,-0.19303341
1760726293258,0.11178834,-0.08582657,-0.19394971
1760726293260,0.13087788,-0.13591751,-0.19853121
1760726293262,0.1441642,-0.17623462,-0.19593503
1760726293265,0.14752395,-0.20555615,-0.19700404
1760726293268,0.14859296,-0.2237294,-0.19685133
1760726293269,0.1459968,-0.2359467,-0.19318613
1760726293272,0.1348485,-0.24190263,-0.19425514
1760726293274,0.13240504,-0.24190263,-0.19547687
1760726293276,0.122478485,-0.236863,-0.1956296
1760726293278,0.11148291,-0.23197608,-0.19685133
1760726293281,0.10293079,-0.22327125,-0.1956296
1760726293283,0.09560041,-0.21471913,-0.1956296
1760726293285,0.0870483,-0.20723604,-0.1956296
1760726293288,0.07971791,-0.20234911,-0.1957823
1760726293290,0.076052725,-0.19746219,-0.1957823
1760726293292,0.07238753,-0.19135354,-0.19700404
1760726293295,0.071318515,-0.18402316,-0.1994475
1760726293297,0.06505715,-0.18142697,-0.1994475
1760726293299,0.06765333,-0.18035796,-0.20189096
1760726293301,0.07009678,-0.1742493,-0.20204368
1760726293303,0.06887506,-0.17302758,-0.20204368
1760726293306,0.07009678,-0.17058411,-0.20082195
1760726293308,0.069027774,-0.16447547,-0.19715676
1760726293311,0.069027774,-0.1656972,-0.1947133
1760726293312,0.06658431,-0.16691893,-0.1910481
1760726293315,0.06536258,-0.16203201,-0.18860464
1760726293317,0.06536258,-0.1656972,-0.182496
1760726293320,0.06291912,-0.16447547,-0.17638734
1760726293321,0.0580322,-0.16325374,-0.17272215
1760726293324,0.05177083,-0.1656972,-0.17027868
1760726293326,0.050549097,-0.1693624,-0.16157386
1760726293328,0.050549097,-0.1740966,-0.1591304
1760726293330,0.04795292,-0.17898351,-0.15424347
1760726293333,0.050549097,-0.18035796,-0.1469131
1760726293336,0.052839845,-0.18524489,-0.14446963
1760726293338,0.05421429,-0.18646662,-0.13958271
1760726293340,0.054061573,-0.19013181,-0.13591751
1760726293342,0.055436023,-0.19013181,-0.13347405
1760726293345,0.059101213,-0.19135354,-0.12980886
1760726293347,0.05787948,-0.19013181,-0.12370021
1760726293349,0.06291912,-0.18417588,-0.12003502
1760726293351,0.06414085,-0.18295415,-0.11759156
1760726293353,0.06414085,-0.17684549,-0.1151481
1760726293356,0.061850104,-0.16829337,-0.113926366
1760726293358,0.06429356,-0.16584991,-0.112704635
1760726293360,0.061850104,-0.16462818,-0.11148291
1760726293363,0.060628377,-0.16340645,-0.10919216
1760726293365,0.059406646,-0.16340645,-0.10797043
1760726293367,0.058184914,-0.16462818,-0.10415252
1760726293369,0.053297993,-0.16584991,-0.10415252
1760726293372,0.050701816,-0.16462818,-0.105374254
1760726293374,0.05085453,-0.15974127,-0.10797043
1760726293376,0.05207626,-0.15118915,-0.10797043
1760726293378,0.05100725,-0.14752395,-0.10919216
1760726293381,0.04734206,-0.14019357,-0.10919216
1760726293383,0.046120327,-0.13652839,-0.10919216
1760726293385,0.043676864,-0.13897185,-0.1067487
1760726293388,0.041080687,-0.14019357,-0.10552697
1760726293390,0.041080687,-0.14263703,-0.10430524
1760726293392,0.039858956,-0.14614952,-0.10186178
1760726293395,0.03604105,-0.15225816,-0.10186178
1760726293396,0.03604105,-0.15592335,-0.10064005
1760726293399,0.03359759,-0.16325374,-0.098043874
1760726293402,0.03481932,-0.1656972,-0.09560041
1760726293404,0.0346666,-0.16814066,-0.09682214
1760726293406,0.03970624,-0.1693624,-0.09193522
1760726293408,0.04337143,-0.17547104,-0.09193522
1760726293410,0.047036625,-0.17913623,-0.089491755
1760726293412,0.049480084,-0.18173242,-0.0870483
1760726293415,0.04932737,-0.19013181,-0.08689558
1760726293417,0.04932737,-0.19868392,-0.08445212
1760726293420,0.050396383,-0.2060143,-0.08200866
1760726293421,0.051618114,-0.2096795,-0.08078693
1760726293424,0.055283304,-0.21456642,-0.08078693
1760726293426,0.055283304,-0.22067507,-0.07941248
1760726293429,0.060170226,-0.22327125,-0.07574729
1760726293431,0.06383542,-0.22937989,-0.0720821
1760726293433,0.06994407,-0.23426682,-0.06963864
1760726293435,0.07360926,-0.23793201,-0.06841691
1760726293438,0.074830994,-0.24281894,-0.065973446
1760726293440,0.0759,-0.25259277,-0.062155537
1760726293442,0.07345655,-0.2574797,-0.06093381
1760726293444,0.06963864,-0.26358834,-0.058490347
1760726293446,0.06963864,-0.2660318,-0.056046885
1760726293448,0.06719518,-0.2660318,-0.056046885
1760726293451,0.06719518,-0.26236662,-0.054825157
1760726293453,0.064751714,-0.25870144,-0.054825157
1760726293455,0.064751714,-0.25503623,-0.051159963
1760726293457,0.06490443,-0.25259277,-0.052381694
1760726293460,0.063682705,-0.24648413,-0.053603426
1760726293462,0.063682705,-0.2452624,-0.054825157
1760726293464,0.061239243,-0.24648413,-0.057268616
1760726293466,0.06352998,-0.25137106,-0.05971208
1760726293469,0.058643065,-0.257327,-0.06093381
1760726293471,0.058490347,-0.26465738,-0.06337727
1760726293473,0.054825157,-0.27183503,-0.064446285
1760726293476,0.05222898,-0.2779437,-0.06566802
1760726293478,0.054519724,-0.2864958,-0.06688975
1760726293481,0.05085453,-0.28893927,-0.06566802
1760726293483,0.05207626,-0.2938262,-0.06566802
1760726293485,0.05207626,-0.29871312,-0.065515295
1760726293487,0.053297993,-0.30115658,-0.06307184
1760726293490,0.053145275,-0.30726522,-0.065515295
1760726293492,0.054367006,-0.30604348,-0.06429356
1760726293495,0.053145275,-0.30970868,-0.06307184
1760726293497,0.050701816,-0.3119994,-0.06429356
1760726293499,0.050549097,-0.31810808,-0.06429356
1760726293501,0.04932737,-0.32421672,-0.06169739
1760726293504,0.046731193,-0.33276883,-0.06291912
1760726293505,0.050396383,-0.3388775,-0.06414085
1760726293509,0.051618114,-0.34376442,-0.06414085
1760726293510,0.047800206,-0.34972036,-0.0627664
1760726293512,0.04642576,-0.36071593,-0.060322944
1760726293515,0.047647487,-0.36560285,-0.059101213
1760726293517,0.04520403,-0.36560285,-0.059101213
1760726293519,0.04138612,-0.3717115,-0.05787948
1760726293521,0.03894266,-0.37400225,-0.055283304
1760726293524,0.03894266,-0.37888917,-0.054061573
1760726293526,0.0364992,-0.37888917,-0.052839845
1760726293528,0.03894266,-0.37659842,-0.046731193
1760726293531,0.0364992,-0.37400225,-0.043066
1760726293533,0.03772093,-0.3717115,-0.037110064
1760726293535,0.039095376,-0.3631594,-0.037110064
1760726293537,0.041691553,-0.35705075,-0.0346666
1760726293540,0.046731193,-0.34865135,-0.032223143
1760726293542,0.04795292,-0.3462079,-0.02855795
1760726293544,0.046731193,-0.3388775,-0.025045475
1760726293546,0.04810564,-0.32925636,-0.023823744
1760726293549,0.049480084,-0.31948254,-0.022602014
1760726293551,0.049480084,-0.31215215,-0.02031127
1760726293553,0.04718934,-0.30115658,-0.01786781
1760726293555,0.044898596,-0.29016098,-0.01786781
1760726293558,0.046120327,-0.2817616,-0.019242255
1760726293560,0.04627304,-0.27076602,-0.016798794
1760726293562,0.04016439,-0.2585487,-0.01817324
1760726293564,0.034208454,-0.24633141,-0.01695151
1760726293567,0.03436117,-0.23167065,-0.014660766
1760726293570,0.029474247,-0.22067507,-0.014660766
1760726293571,0.024740042,-0.2060143,-0.015882496
1760726293574,0.021227567,-0.19135354,-0.017256944
1760726293575,0.020158553,-0.17669277,-0.017256944
1760726293578,0.018936822,-0.16081028,-0.01985312
1760726293580,0.012980887,-0.14737125,-0.01863139
1760726293583,0.009468411,-0.13515393,-0.015118915
1760726293585,0.00580322,-0.1217149,-0.017562376
1760726293587,0.0021380284,-0.11804971,-0.017562376
1760726293590,-0.0025961774,-0.11071932,-0.017715093
1760726293592,-0.0050396384,-0.10705414,-0.017715093
1760726293594,-0.011148291,-0.10338894,-0.016493361
1760726293596,-0.01863139,-0.099571034,-0.017715093
1760726293599,-0.017256944,-0.093462385,-0.016493361
1760726293601,-0.017256944,-0.08628472,-0.01786781
1760726293603,-0.020922136,-0.08124508,-0.016646078
1760726293605,-0.018325957,-0.07162395,-0.01786781
1760726293608,-0.01572978,-0.06307184,-0.016646078
1760726293610,-0.013133603,-0.05467244,-0.015577064
1760726293613,-0.011911872,-0.04734206,-0.015577064
1760726293615,-0.009315695,-0.038789943,-0.016798794
1760726293616,-0.005497787,-0.030390546,-0.01695151
1760726293619,-0.009315695,-0.03023783,-0.01572978
1760726293621,-0.01160644,-0.020463986,-0.01572978
1760726293624,-0.01160644,-0.01572978,-0.01695151
1760726293626,-0.015271631,-0.0106901415,-0.01695151
1760726293629,-0.018936822,-0.00580322,-0.020616703
1760726293630,-0.026267206,-0.0021380284,-0.02076942
1760726293633,-0.031154128,0.006414085,-0.02443461
1760726293635,-0.03481932,0.009010263,-0.028099801
1760726293637,-0.04337143,0.011453724,-0.03176499
1760726293640,-0.044593163,0.016340645,-0.035430185
1760726293642,-0.049480084,0.016493361,-0.039095376
1760726293644,-0.049480084,0.020158553,-0.04153884
1760726293646,-0.048258353,0.020158553,-0.04520403
1760726293649,-0.051923547,0.021380283,-0.04520403
1760726293651,-0.055588737,0.023823744,-0.05009095
1760726293653,-0.055588737,0.026267206,-0.05024367
1760726293655,-0.053145275,0.031154128,-0.052687127
1760726293658,-0.0580322,0.032375857,-0.051465396
1760726293659,-0.0580322,0.032375857,-0.05390886
1760726293662,-0.059253927,0.031154128,-0.05879578
1760726293664,-0.060628377,0.028863383,-0.061239243
1760726293666,-0.06307184,0.025198191,-0.061086524
1760726293669,-0.062002823,0.01786781,-0.06352998
1760726293671,-0.063224554,0.010537425,-0.065973446
1760726293673,-0.064599,0.0021380284,-0.065973446
1760726293676,-0.06719518,-0.0076358155,-0.069485925
1760726293678,-0.06719518,-0.01863139,-0.07070765
1760726293680,-0.06734789,-0.03191771,-0.07422013
1760726293682,-0.06627888,-0.045356743,-0.0729984
1760726293685,-0.06765333,-0.05390886,-0.0729984
1760726293687,-0.06536258,-0.06734789,-0.07284568
1760726293689,-0.06658431,-0.07696902,-0.07284568
1760726293692,-0.06795876,-0.09040806,-0.07269296
1760726293693,-0.06688975,-0.10262536,-0.07147124
1760726293696,-0.064446285,-0.111177474,-0.06765333
1760726293698,-0.062155537,-0.12095132,-0.0664316
1760726293701,-0.05971208,-0.13072516,-0.0627664
1760726293703,-0.056046885,-0.14049901,-0.057726767
1760726293705,-0.05131268,-0.15393804,-0.055283304
1760726293707,-0.04886922,-0.1600467,-0.051618114
1760726293710,-0.046578474,-0.16982053,-0.046578474
1760726293712,-0.03924809,-0.17730364,-0.042913284
1760726293715,-0.03680463,-0.18096884,-0.03680463
1760726293717,-0.034208454,-0.18341228,-0.029474247
1760726293719,-0.03176499,-0.18341228,-0.024587326
1760726293721,-0.029321533,-0.18845193,-0.017256944
1760726293723,-0.02687807,-0.19333886,-0.012370021
1760726293725,-0.022143865,-0.20433442,-0.008552114
1760726293728,-0.01985312,-0.22021692,-0.007330383
1760726293730,-0.01740966,-0.22999077,-0.0096211275
1760726293732,-0.014966198,-0.23609942,-0.013286319
1760726293734,-0.0125227375,-0.23854288,-0.01450805
1760726293737,-0.011453724,-0.2434298,-0.01572978
1760726293739,-0.011453724,-0.2518292,-0.01695151
1760726293741,-0.01160644,-0.2591596,-0.016798794
1760726293748,-0.009162978,-0.2640465,-0.019242255
1760726293749,-0.01038471,-0.27015516,-0.020463986
1760726293749,-0.008093964,-0.27748555,-0.021685716
1760726293759,-0.008093964,-0.28115073,-0.02031127
1760726293759,-0.009468411,-0.28725937,-0.02275473
1760726293759,-0.011911872,-0.29077184,-0.026419923
1760726293759,-0.0143553335,-0.29077184,-0.028863383
1760726293759,-0.01695151,-0.2932153,-0.030085113
1760726293769,-0.01817324,-0.2968805,-0.031306844
1760726293770,-0.01817324,-0.3042109,-0.034972034
1760726293770,-0.017104227,-0.3126103,-0.03970624
1760726293770,-0.018325957,-0.31749722,-0.040927973
1760726293770,-0.019700404,-0.31871894,-0.03848451
1760726293772,-0.018478673,-0.32238412,-0.03848451
1760726293775,-0.014813482,-0.32482758,-0.03726278
1760726293777,-0.014813482,-0.3284928,-0.032375857
1760726293779,-0.011148291,-0.33337972,-0.031154128
1760726293781,-0.011148291,-0.33948836,-0.02611449
1760726293784,-0.00870483,-0.345597,-0.02611449
1760726293786,-0.006414085,-0.35063666,-0.02367103
1760726293788,-0.003970624,-0.35918877,-0.020005837
1760726293790,-0.0041233404,-0.3724751,-0.01740966
1760726293793,-0.0016798794,-0.37384954,-0.014966198
1760726293795,0.0032070426,-0.37995818,-0.011301007
1760726293798,0.006872234,-0.38362336,-0.010079277
1760726293800,0.009468411,-0.38240165,-0.011301007
1760726293802,0.006872234,-0.38362336,-0.010079277
1760726293804,0.0056505036,-0.38606682,-0.008857546
1760726293807,0.006872234,-0.3885103,-0.0076358155
1760726293809,0.0056505036,-0.3933972,-0.00870483
1760726293811,0.006872234,-0.3921755,-0.0062613687
1760726293813,0.009315695,-0.39584067,-0.0062613687
1760726293815,0.009315695,-0.39584067,-0.0038179078
1760726293818,0.011759156,-0.39706242,0.0022907446
1760726293820,0.010537425,-0.39706242,0.0047342055
1760726293822,0.010537425,-0.39706242,0.0096211275
1760726293825,0.010537425,-0.39706242,0.01572978
1760726293827,0.006872234,-0.39584067,0.01817324
1760726293830,0.006872234,-0.38973203,0.01695151
1760726293831,0.0033597588,-0.37873647,0.021685716
1760726293834,-3.0543262E-4,-0.37384954,0.022907447
1760726293836,-0.0027488936,-0.37018433,0.025350908
1760726293838,-0.0050396384,-0.3640757,0.026572637
1760726293840,-0.00870483,-0.35796702,0.0290161
1760726293843,-0.016035212,-0.35430184,0.030085113
1760726293845,-0.020922136,-0.35063666,0.028863383
1760726293847,-0.024587326,-0.34437528,0.028863383
1760726293850,-0.029474247,-0.3370449,0.031306844
1760726293852,-0.03436117,-0.33582318,0.032528576
1760726293854,-0.03924809,-0.3284928,0.034972034
1760726293857,-0.041691553,-0.3211624,0.03481932
1760726293859,-0.042760566,-0.31627548,0.03359759
1760726293861,-0.049021937,-0.31749722,0.03604105
1760726293863,-0.05024367,-0.31490102,0.03359759
1760726293866,-0.05024367,-0.31627548,0.03604105
1760726293867,-0.046578474,-0.32711834,0.033750303
1760726293870,-0.04810564,-0.3454443,0.033750303
1760726293872,-0.0421497,-0.37232238,0.03390302
1760726293875,-0.039858956,-0.3979787,0.03894266
1760726293877,-0.0364992,-0.41981715,0.04520403
1760726293879,-0.032986723,-0.4381431,0.047800206
1760726293882,-0.032986723,-0.4466952,0.052687127
1760726293883,-0.03176499,-0.4454735,0.05513059
1760726293886,-0.03772093,-0.43325618,0.05513059
1760726293889,-0.044898596,-0.40759984,0.052534413
1760726293891,-0.045814894,-0.37598756,0.048563786
1760726293893,-0.05177083,-0.34422258,0.044745877
1760726293895,-0.047800206,-0.31871894,0.03970624
1760726293897,-0.04520403,-0.3016147,0.032375857
1760726293900,-0.04138612,-0.29550606,0.02733622
1760726293902,-0.04016439,-0.29550606,0.018784106
1760726293904,-0.036651913,-0.30650163,0.01038471
1760726293907,-0.030695979,-0.3211624,0.0018325958
1760726293909,-0.029626964,-0.3407101,-0.0041233404
1760726293911,-0.031001411,-0.34788775,-0.009010263
1760726293913,-0.035888333,-0.35521814,-0.015118915
1760726293915,-0.035888333,-0.35277468,-0.016340645
1760726293918,-0.040775254,-0.3381139,-0.017562376
1760726293920,-0.042913284,-0.3173445,-0.01282817
1760726293922,-0.04627304,-0.28328875,-0.008093964
1760726293924,-0.047036625,-0.24190263,1.5271631E-4
1760726293927,-0.046578474,-0.1956296,0.004886922
1760726293929,-0.048563786,-0.14446963,0.008246681
1760726293932,-0.046731193,-0.09330966,0.014049901
1760726293934,-0.043982297,-0.054367006,0.017562376
1760726293936,-0.036193766,-0.016798794,0.022143865
1760726293939,-0.028405234,0.00870483,0.028099801
1760726293941,-0.027030786,0.025809057,0.034208454
1760726293943,-0.021991149,0.034208454,0.04016439
1760726293945,-0.014660766,0.03283401,0.043829583
1760726293947,-0.010995574,0.029168816,0.04627304
1760726293950,-0.009773844,0.01695151,0.05009095
1760726293952,-0.00992656,0.0012217305,0.05009095
1760726293955,-0.010079277,-0.015882496,0.049021937
1760726293956,-0.01038471,-0.035277467,0.04795292
1760726293959,-0.0056505036,-0.053603426,0.04550946
1760726293961,-0.004581489,-0.075594574,0.043218717
1760726293963,-0.0061086523,-0.09865474,0.03970624
1760726293966,-0.0038179078,-0.12186762,0.032528576
1760726293968,-4.5814895E-4,-0.14248432,0.025350908
1760726293970,0.0030543262,-0.15958855,0.019242255
1760726293972,0.005497787,-0.17302758,0.01450805
1760726293974,0.010231993,-0.18768835,0.008399397
1760726293977,0.016187929,-0.19746219,0.0047342055
1760726293979,0.02107485,-0.20357084,-0.0012217305
1760726293981,0.024740042,-0.21456642,-0.004886922
1760726293984,0.027030786,-0.21700987,-0.009773844
1760726293986,0.027030786,-0.22311853,-0.010995574
1760726293988,0.028252518,-0.2218968,-0.008552114
1760726293990,0.027030786,-0.22800545,-0.009773844
1760726293992,0.025809057,-0.22800545,-0.008552114
1760726293995,0.02443461,-0.2302962,-0.0071776668
1760726293997,0.019547688,-0.23640485,-0.0047342055
1760726293999,0.01572978,-0.24129178,-0.0010690142
1760726294002,0.008399397,-0.24358252,1.5271631E-4
1760726294004,0.0021380284,-0.2509129,1.5271631E-4
1760726294006,0.0021380284,-0.25579983,0.003970624
1760726294008,-0.0041233404,-0.26053402,0.005192355
1760726294011,-0.01282817,-0.2677117,0.005192355
1760726294013,-0.014049901,-0.27015516,0.006414085
1760726294016,-0.016493361,-0.27137688,0.006414085
1760726294018,-0.019089539,-0.2750421,0.0076358155
1760726294020,-0.02397646,-0.27382034,0.008857546
1760726294022,-0.026419923,-0.26893342,0.0076358155
1760726294025,-0.030085113,-0.2640465,0.0125227375
1760726294027,-0.029932396,-0.2591596,0.013744468
1760726294029,-0.028710667,-0.2554944,0.014966198
1760726294031,-0.02977968,-0.24694228,0.01863139
1760726294033,-0.02977968,-0.2396119,0.022143865
1760726294036,-0.024587326,-0.22388211,0.025809057
1760726294038,-0.02076942,-0.21303925,0.030543262
1760726294041,-0.01817324,-0.19960022,0.034208454
1760726294043,-0.016798794,-0.18997909,0.04016439
1760726294045,-0.0154243475,-0.17287487,0.04260785
1760726294047,-0.01282817,-0.15347989,0.046120327
1760726294049,-0.0125227375,-0.1339322,0.049632803
1760726294051,-0.016035212,-0.11560625,0.05207626
1760726294054,-0.014660766,-0.09132435,0.054367006
1760726294056,-0.009315695,-0.064599,0.060322944
1760726294058,-0.01282817,-0.04138612,0.06383542
1760726294061,-0.014966198,-0.012217305,0.06612616
1760726294063,-0.012217305,0.01450805,0.07086037
1760726294065,-0.013133603,0.046120327,0.076816306
1760726294068,-0.015271631,0.07422013,0.08032878
1760726294070,-0.014966198,0.10216721,0.08384126
1760726294072,-0.015882496,0.1337795,0.08979719
1760726294074,-0.016798794,0.16065755,0.087201014
1760726294076,-0.01786781,0.1863139,0.0870483
1760726294079,-0.020005837,0.20937407,0.08933904
1760726294081,-0.02107485,0.23380867,0.089186326
1760726294084,-0.025809057,0.25457808,0.08903361
1760726294086,-0.03176499,0.2751948,0.08903361
1760726294088,-0.0364992,0.2947425,0.0888809
1760726294090,-0.040011674,0.3155119,0.08628472
1760726294093,-0.04596761,0.3277292,0.08628472
1760726294095,-0.053297993,0.34238997,0.086132
1760726294097,-0.059406646,0.35231653,0.084910266
1760726294100,-0.06536258,0.36086863,0.084910266
1760726294102,-0.070249505,0.36942077,0.08475755
1760726294104,-0.07269296,0.37186423,0.08353582
1760726294106,-0.07269296,0.37675115,0.08109236
1760726294109,-0.072540246,0.3828598,0.08109236
1760726294111,-0.07498371,0.38652498,0.07742717
1760726294113,-0.07880162,0.38774672,0.07620544
1760726294115,-0.08124508,0.38912117,0.0786489
1760726294117,-0.08246681,0.38789943,0.0786489
1760726294120,-0.086132,0.38545597,0.0786489
1760726294122,-0.08979719,0.3830125,0.079870634
1760726294125,-0.09239337,0.38056904,0.079870634
1760726294127,-0.089949906,0.37934732,0.08109236
1760726294129,-0.0936151,0.3746131,0.08109236
1760726294131,-0.09621128,0.36972618,0.08124508
1760726294133,-0.09621128,0.36728272,0.08002335
1760726294136,-0.094989546,0.3623958,0.08002335
1760726294138,-0.094989546,0.3623958,0.08124508
1760726294140,-0.09758572,0.3575089,0.08002335
1760726294142,-0.09636399,0.3575089,0.08002335
1760726294144,-0.09621128,0.35995236,0.077579886
1760726294147,-0.09743301,0.35995236,0.08002335
1760726294149,-0.09254608,0.35995236,0.07880162
1760726294151,-0.093767814,0.3623958,0.07880162
1760726294154,-0.09621128,0.366061,0.07513642
1760726294156,-0.09865474,0.36728272,0.07513642
1760726294159,-0.101098195,0.36728272,0.07147124
1760726294161,-0.1049161,0.364992,0.070249505
1760726294163,-0.107359566,0.36377025,0.06780604
1760726294165,-0.11362094,0.36025777,0.06414085
1760726294168,-0.11728613,0.3565926,0.06414085
1760726294170,-0.11728613,0.35414913,0.059253927
1760726294172,-0.124769226,0.3481932,0.056963183
1760726294175,-0.12492194,0.3371976,0.05085453
1760726294177,-0.12996158,0.33124167,0.04596761
1760726294179,-0.1337795,0.32513303,0.04352415
1760726294181,-0.13744467,0.3191771,0.041233405
1760726294183,-0.14126259,0.31429017,0.038789943
1760726294186,-0.14508049,0.30451632,0.03756821
1760726294188,-0.14630222,0.30100384,0.03268129
1760726294190,-0.14767668,0.29245174,0.03283401
1760726294193,-0.15149458,0.28389964,0.027947085
1760726294195,-0.15149458,0.2779437,0.025503624
1760726294197,-0.1516473,0.2706133,0.024281893
1760726294199,-0.1516473,0.2669481,0.02565634
1760726294202,-0.15042557,0.258396,0.02565634
1760726294204,-0.14813483,0.25228736,0.02565634
1760726294207,-0.1469131,0.24495697,0.028099801
1760726294208,-0.14569137,0.23884831,0.029474247
1760726294210,-0.14462234,0.226631,0.028252518
1760726294213,-0.1423316,0.21319197,0.030695979
1760726294215,-0.14355333,0.2060143,0.030848695
1760726294217,-0.14004086,0.19730948,0.032070424
1760726294220,-0.14126259,0.18646662,0.033292156
1760726294222,-0.1414153,0.17669277,0.0346666
1760726294224,-0.14034629,0.16814066,0.033444874
1760726294226,-0.14034629,0.15836681,0.03604105
1760726294229,-0.14049901,0.14737125,0.03726278
1760726294231,-0.14187345,0.13775012,0.03481932
1760726294233,-0.13698652,0.13164146,0.03604105
1760726294236,-0.13820826,0.12186762,0.03863723
1760726294239,-0.13591751,0.1133155,0.036193766
1760726294240,-0.13469578,0.10720685,0.037415497
1760726294242,-0.13362677,0.09865474,0.03634648
1760726294244,-0.13240504,0.09254608,0.035124753
1760726294247,-0.13118331,0.086437434,0.03390302
1760726294249,-0.13118331,0.08399397,0.03390302
1760726294251,-0.12889257,0.07544186,0.035124753
1760726294254,-0.12889257,0.070554934,0.035277467
1760726294256,-0.13133603,0.069485925,0.03283401
1760726294258,-0.13148874,0.06582073,0.03283401
1760726294260,-0.12782355,0.06093381,0.030390546
1760726294263,-0.13164146,0.053603426,0.031612277
1760726294265,-0.13041973,0.04627304,0.029321533
1760726294267,-0.13041973,0.04016439,0.030543262
1760726294269,-0.13057245,0.0364992,0.029321533
1760726294272,-0.12690726,0.027947085,0.02687807
1760726294274,-0.1282817,0.019547688,0.02687807
1760726294276,-0.12705997,0.010995574,0.027030786
1760726294279,-0.12843442,0.0036651916,0.025809057
1760726294281,-0.123547494,-0.0012217305,0.025809057
1760726294282,-0.123547494,-0.010995574,0.022296581
1760726294285,-0.122478485,-0.018325957,0.022296581
1760726294287,-0.11881329,-0.02443461,0.01985312
1760726294289,-0.11881329,-0.02687807,0.01985312
1760726294292,-0.117744274,-0.032986723,0.02107485
1760726294294,-0.117744274,-0.036651913,0.01863139
1760726294296,-0.11407909,-0.040317107,0.016340645
1760726294299,-0.11285736,-0.04153884,0.016340645
1760726294301,-0.11285736,-0.043982297,0.017562376
1760726294303,-0.111635625,-0.04642576,0.018784106
1760726294305,-0.110413894,-0.05009095,0.017562376
1760726294308,-0.11178834,-0.056199603,0.020005837
1760726294311,-0.10934488,-0.061086524,0.021227567
1760726294313,-0.10934488,-0.061086524,0.020005837
1760726294315,-0.10934488,-0.058643065,0.021227567
1760726294317,-0.108123146,-0.058643065,0.022449298
1760726294319,-0.108123146,-0.062308256,0.021227567
1760726294321,-0.10567969,-0.059864793,0.021227567
1760726294324,-0.10064005,-0.059864793,0.020005837
1760726294326,-0.10186178,-0.059864793,0.018784106
1760726294328,-0.100792766,-0.06352998,0.020005837
1760726294330,-0.100792766,-0.06352998,0.020005837
1760726294333,-0.100792766,-0.06841691,0.021227567
1760726294335,-0.099571034,-0.06963864,0.018936822
1760726294338,-0.0983493,-0.07452556,0.018936822
1760726294340,-0.09850202,-0.080634214,0.017715093
1760726294341,-0.10094548,-0.089186326,0.016493361
1760726294344,-0.101098195,-0.09758572,0.0154243475
1760726294347,-0.102319926,-0.10125092,0.0154243475
1760726294348,-0.10247265,-0.107359566,0.0154243475
1760726294351,-0.10369437,-0.11224649,0.0154243475
1760726294353,-0.10247265,-0.11835514,0.014202617
1760726294355,-0.100029185,-0.1207986,0.016646078
1760726294358,-0.09636399,-0.1207986,0.016646078
1760726294360,-0.09514226,-0.12568553,0.015577064
1760726294363,-0.091477074,-0.12339478,0.016646078
1760726294364,-0.09025534,-0.12461651,0.01786781
1760726294366,-0.08659015,-0.12095132,0.016646078
1760726294370,-0.08399397,-0.119729586,0.019089539
1760726294372,-0.08032878,-0.117438845,0.02275473
1760726294374,-0.08399397,-0.11728613,0.02275473
1760726294376,-0.08017606,-0.11255192,0.025198191
1760726294378,-0.07895433,-0.11010846,0.028863383
1760726294380,-0.08017606,-0.10522154,0.027641652
1760726294383,-0.07895433,-0.10277808,0.027641652
1760726294386,-0.077579886,-0.09789115,0.028710667
1760726294387,-0.077579886,-0.094225965,0.032375857
1760726294390,-0.07391469,-0.09193522,0.03359759
1760726294392,-0.071318515,-0.0870483,0.03604105
1760726294394,-0.067500606,-0.07849618,0.03359759
1760726294396,-0.06383542,-0.07376198,0.031001411
1760726294399,-0.063682705,-0.06765333,0.02977968
1760726294401,-0.06246097,-0.0627664,0.02977968
1760726294405,-0.061239243,-0.059101213,0.02855795
1760726294405,-0.061086524,-0.05177083,0.02611449
1760726294408,-0.056199603,-0.045814894,0.025961773
1760726294410,-0.054825157,-0.04337143,0.024740042
1760726294413,-0.052381694,-0.0421497,0.024740042
1760726294415,-0.053603426,-0.03970624,0.023518313
1760726294417,-0.052381694,-0.03726278,0.023518313
1760726294419,-0.049938235,-0.03726278,0.022296581
1760726294422,-0.047494773,-0.03970624,0.022296581
1760726294423,-0.047494773,-0.040927973,0.02107485
1760726294426,-0.048716504,-0.044593163,0.01740966
1760726294428,-0.051159963,-0.045814894,0.01863139
1760726294430,-0.05009095,-0.050701816,0.020005837
1760726294432,-0.04886922,-0.054367006,0.016340645
1760726294435,-0.04642576,-0.055588737,0.015118915
1760726294437,-0.047647487,-0.06169739,0.013897184
1760726294440,-0.04520403,-0.06414085,0.012675454
1760726294442,-0.046578474,-0.06780604,0.011453724
1760726294444,-0.044135015,-0.070249505,0.010231993
1760726294447,-0.042913284,-0.07269296,0.007788532
1760726294449,-0.044135015,-0.07513642,0.0065668016
1760726294451,-0.044135015,-0.076358154,0.0065668016
1760726294454,-0.041691553,-0.07880162,0.0041233404
1760726294456,-0.04046982,-0.07880162,4.5814895E-4
1760726294458,-0.043066,-0.08231409,6.1086525E-4
1760726294460,-0.043066,-0.08597928,-6.1086525E-4
1760726294462,-0.04428773,-0.09086621,-0.004276057
1760726294465,-0.04550946,-0.08964448,-0.0018325958
1760726294466,-0.043218717,-0.09330966,-0.004276057
1760726294469,-0.046883907,-0.095753126,-0.0018325958
1760726294471,-0.04932737,-0.09819659,-6.1086525E-4
1760726294474,-0.04810564,-0.09697486,-6.1086525E-4
1760726294476,-0.050549097,-0.098043874,-0.0018325958
1760726294477,-0.046883907,-0.09819659,0.0018325958
1760726294481,-0.045662176,-0.09941832,0.0030543262
1760726294482,-0.04444045,-0.09941832,0.004276057
1760726294485,-0.04062254,-0.09697486,0.0030543262
1760726294487,-0.036957346,-0.09712757,0.005497787
1760726294490,-0.030848695,-0.09712757,0.005497787
1760726294492,-0.027183503,-0.0983493,0.004276057
1760726294493,-0.027030786,-0.09468412,0.005497787
1760726294496,-0.025961773,-0.09590584,0.004276057
1760726294498,-0.022296581,-0.099571034,0.0018325958
1760726294500,-0.01863139,-0.106901415,0.0018325958
1760726294502,-0.01740966,-0.10934488,6.1086525E-4
1760726294505,-0.01863139,-0.11056661,-6.1086525E-4
1760726294508,-0.016340645,-0.11789699,-0.0041233404
1760726294510,-0.013897184,-0.12034045,-0.0041233404
1760726294512,-0.012675454,-0.12156218,-0.0053450707
1760726294515,-0.010231993,-0.12293663,-0.0065668016
1760726294517,-0.010231993,-0.122783914,-0.009010263
1760726294519,-0.005192355,-0.1217149,-0.010231993
1760726294521,-0.0041233404,-0.12782355,-0.012675454
1760726294524,-0.0027488936,-0.12660182,-0.013897184
1760726294526,-3.0543262E-4,-0.12660182,-0.012675454
1760726294528,0.0021380284,-0.12782355,-0.016340645
1760726294531,9.162979E-4,-0.12660182,-0.018784106
1760726294533,0.0021380284,-0.1253801,-0.020005837
1760726294535,-0.0015271631,-0.12660182,-0.017562376
1760726294537,-0.0027488936,-0.12415836,-0.016340645
1760726294540,-3.0543262E-4,-0.120493166,-0.018784106
1760726294541,9.162979E-4,-0.11804971,-0.017562376
1760726294544,9.162979E-4,-0.11682798,-0.017715093
1760726294546,0.0071776668,-0.11575896,-0.016493361
1760726294549,0.008399397,-0.10842858,-0.017715093
1760726294551,0.008399397,-0.109650314,-0.018936822
1760726294553,0.010842858,-0.109650314,-0.018936822
1760726294555,0.010842858,-0.110872045,-0.018936822
1760726294558,0.01450805,-0.11209377,-0.021380283
1760726294560,0.018325957,-0.11209377,-0.020158553
1760726294562,0.01695151,-0.11453723,-0.021380283
1760726294564,0.019394971,-0.116980694,-0.021380283
1760726294567,0.01695151,-0.11942416,-0.018936822
1760726294569,0.01817324,-0.11942416,-0.020158553
1760726294571,0.01695151,-0.12186762,-0.021227567
1760726294573,0.01817324,-0.124311075,-0.022449298
1760726294576,0.01817324,-0.12308934,-0.02367103
1760726294578,0.01695151,-0.124311075,-0.02367103
1760726294581,0.019394971,-0.12186762,-0.02367103
1760726294583,0.020616703,-0.11942416,-0.023823744
1760726294585,0.019394971,-0.12186762,-0.024892759
1760726294587,0.021838432,-0.12064589,-0.023823744
1760726294589,0.02321288,-0.11713341,-0.022602014
1760726294592,0.02443461,-0.114689946,-0.022602014
1760726294594,0.021991149,-0.11346822,-0.021380283
1760726294596,0.02321288,-0.11102476,-0.022602014
1760726294599,0.02443461,-0.106137834,-0.022602014
1760726294601,0.025809057,-0.10247265,-0.021380283
1760726294603,0.024587326,-0.10247265,-0.021380283
1760726294605,0.027030786,-0.100029185,-0.020158553
1760726294607,0.025809057,-0.098807454,-0.020158553
1760726294610,0.027030786,-0.100029185,-0.020158553
1760726294611,0.024587326,-0.098807454,-0.018936822
1760726294614,0.025809057,-0.09636399,-0.016493361
1760726294617,0.025809057,-0.09636399,-0.014049901
1760726294619,0.023365596,-0.09636399,-0.01282817
1760726294621,0.022143865,-0.0926988,-0.010537425
1760726294623,0.022296581,-0.08781188,-0.008093964
1760726294626,0.022296581,-0.08674286,-0.004428773
1760726294628,0.01863139,-0.0804815,-0.004428773
1760726294630,0.02107485,-0.07574729,-0.004428773
1760726294633,0.021227567,-0.073303826,-0.004428773
1760726294635,0.021227567,-0.065973446,-0.0056505036
1760726294636,0.023823744,-0.061086524,-0.00580322
1760726294639,0.021380283,-0.056199603,-0.0070249503
1760726294642,0.025045475,-0.05497787,-0.00580322
1760726294644,0.026419923,-0.046578474,-0.008246681
1760726294646,0.02397646,-0.04046982,-0.008246681
1760726294648,0.025198191,-0.03313944,-0.0071776668
1760726294651,0.020463986,-0.023365596,-0.0071776668
1760726294653,0.020463986,-0.016035212,-0.008399397
1760726294655,0.013133603,-0.00870483,-0.008552114
1760726294660,0.013286319,-0.0025961774,-0.009773844
1760726294660,0.013286319,0.0022907446,-0.009773844
1760726294662,0.008399397,0.013286319,-0.010995574
1760726294664,0.007330383,0.020616703,-0.00992656
1760726294666,0.004886922,0.027947085,-0.012370021
1760726294669,0.004886922,0.03283401,-0.012370021
1760726294671,0.007483099,0.04138612,-0.012370021
1760726294674,0.0076358155,0.049938235,-0.0125227375
1760726294676,0.005192355,0.06093381,-0.0125227375
1760726294678,0.0053450707,0.0693332,-0.008857546
1760726294680,0.0053450707,0.07788532,-0.010231993
1760726294682,0.0018325958,0.09132435,-0.007788532
1760726294684,0.001985312,0.09865474,-0.0065668016
1760726294687,0.001985312,0.10476339,-0.0067195175
1760726294689,0.0021380284,0.11682798,-0.005497787
1760726294691,0.0021380284,0.120493166,-0.005497787
1760726294694,0.0022907446,0.12660182,-0.0030543262
1760726294696,0.0047342055,0.1339322,-0.004428773
1760726294698,0.004886922,0.14004086,-0.0032070426
1760726294701,0.004886922,0.15103643,-0.004428773
1760726294703,0.0062613687,0.16065755,-0.004581489
1760726294705,0.005192355,0.16920967,-0.0033597588
1760726294707,0.003970624,0.1777618,-0.0021380284
1760726294710,0.0065668016,0.19242255,-0.0047342055
1760726294712,0.004276057,0.20326541,-0.0035124752
1760726294714,0.0030543262,0.21181752,-0.0061086523
1760726294716,6.1086525E-4,0.21792617,-0.004886922
1760726294719,-4.5814895E-4,0.22403483,-0.004886922
1760726294721,-0.0016798794,0.22770002,-0.007330383
1760726294724,-0.0041233404,0.23380867,-0.009773844
1760726294725,-0.0041233404,0.23869559,-0.009773844
1760726294727,-0.003970624,0.24113905,-0.012370021
1760726294730,-0.0076358155,0.24846944,-0.016035212
1760726294732,-0.0125227375,0.2510656,-0.016035212
1760726294735,-0.0125227375,0.25961772,-0.020922136
1760726294737,-0.013744468,0.25961772,-0.023365596
1760726294741,-0.016340645,0.25228736,-0.024587326
1760726294741,-0.015118915,0.24007004,-0.023365596
1760726294743,-0.014202617,0.21700987,-0.02076942
1760726294745,-0.015577064,0.19624045,-0.019394971
1760726294747,-0.014660766,0.17195857,-0.015577064
1760726294749,-0.012370021,0.15485434,-0.011759156
1760726294752,-0.0125227375,0.13652839,-0.006872234
1760726294755,-0.013744468,0.124311075,-0.0030543262
1760726294756,-0.013897184,0.11453723,-6.1086525E-4
1760726294758,-0.013897184,0.11209377,0.0018325958
1760726294761,-0.013897184,0.1085813,0.0030543262
1760726294763,-0.010231993,0.110872045,0.0018325958
1760726294765,-0.009010263,0.11209377,0.0018325958
1760726294768,-0.0065668016,0.110872045,0.0030543262
1760726294770,-4.5814895E-4,0.101098195,0.006872234
1760726294772,0.001985312,0.093767814,0.010537425
1760726294774,0.0067195175,0.08032878,0.0154243475
1760726294777,0.01038471,0.06918049,0.019242255
1760726294779,0.011453724,0.059406646,0.024129177
1760726294782,0.013897184,0.05100725,0.024129177
1760726294783,0.012675454,0.04734206,0.023060163
1760726294786,0.015118915,0.048563786,0.022907447
1760726294788,0.013897184,0.04734206,0.019394971
1760726294790,0.016340645,0.04734206,0.018020526
1760726294792,0.016340645,0.048563786,0.0143553335
1760726294795,0.013744468,0.044898596,0.012064588
1760726294797,0.013744468,0.038789943,0.0096211275
1760726294800,0.016035212,0.03023783,0.0071776668
1760726294802,0.013591751,0.020616703,0.0071776668
1760726294804,0.017104227,0.013133603,0.009773844
1760726294806,0.018325957,0.004581489,0.010995574
1760726294809,0.01817324,-1.5271631E-4,0.008552114
1760726294811,0.01817324,-0.0025961774,0.009773844
1760726294813,0.013286319,-0.0038179078,0.008552114
1760726294816,0.013286319,-0.0038179078,0.009773844
1760726294818,0.008399397,-0.0038179078,0.009773844
1760726294820,0.0096211275,-0.0062613687,0.008552114
1760726294823,0.008246681,-0.007483099,0.00870483
1760726294825,0.004581489,-0.010995574,0.00870483
1760726294827,0.0033597588,-0.015882496,0.007483099
1760726294829,0.0032070426,-0.02076942,0.0062613687
1760726294831,0.006872234,-0.02321288,0.007483099
1760726294834,0.011759156,-0.02687807,0.007483099
1760726294835,0.010537425,-0.032986723,0.00870483
1760726294838,0.010537425,-0.034208454,0.00870483
1760726294840,0.0154243475,-0.042760566,0.008857546
1760726294842,0.017715093,-0.05131268,0.008857546
1760726294845,0.018936822,-0.058643065,0.0076358155
1760726294847,0.021380283,-0.06352998,0.0076358155
1760726294850,0.021227567,-0.07086037,0.007788532
1760726294852,0.024892759,-0.07941248,0.007788532
1760726294854,0.023518313,-0.08307768,0.0065668016
1760726294856,0.022296581,-0.08552113,0.007788532
1760726294859,0.023518313,-0.09285152,0.007941248
1760726294861,0.022143865,-0.09758572,0.005497787
1760726294863,0.023365596,-0.10125092,0.005497787
1760726294866,0.022143865,-0.107359566,0.0067195175
1760726294868,0.022143865,-0.1085813,0.007941248
1760726294870,0.02321288,-0.11346822,0.007941248
1760726294872,0.021991149,-0.11591168,0.0067195175
1760726294874,0.021991149,-0.123242065,0.004428773
1760726294877,0.026725354,-0.12935072,0.0056505036
1760726294879,0.025503624,-0.1366811,0.006872234
1760726294882,0.024129177,-0.14889841,0.00580322
1760726294884,0.027794369,-0.15500705,0.004581489
1760726294886,0.03023783,-0.1611157,0.004581489
1760726294888,0.031306844,-0.16722436,0.004581489
1760726294890,0.033750303,-0.17684549,0.0010690142
1760726294892,0.036193766,-0.18188512,0.0010690142
1760726294895,0.03970624,-0.18799378,-1.5271631E-4
1760726294897,0.03848451,-0.18799378,0.0010690142
1760726294900,0.03848451,-0.19150625,-1.5271631E-4
1760726294902,0.03970624,-0.19883664,0.0022907446
1760726294904,0.039553523,-0.20250183,0.0022907446
1760726294906,0.037110064,-0.20372356,0.0010690142
1760726294908,0.039553523,-0.20861048,0.002443461
1760726294910,0.035888333,-0.2098322,0.002443461
1760726294913,0.038331795,-0.2134974,0.0012217305
1760726294915,0.036957346,-0.21594086,0.0012217305
1760726294917,0.036957346,-0.2134974,0.0012217305
1760726294919,0.036957346,-0.2134974,0.0012217305
1760726294922,0.038331795,-0.21227567,0.0
1760726294924,0.039553523,-0.20861048,-0.0012217305
1760726294927,0.037110064,-0.20861048,0.0
1760726294928,0.039553523,-0.20250183,-1.5271631E-4
1760726294931,0.038331795,-0.19883664,-1.5271631E-4
1760726294933,0.035888333,-0.19761491,-0.0013744468
1760726294935,0.035888333,-0.19639318,-0.0013744468
1760726294938,0.033444874,-0.19639318,-0.0013744468
1760726294940,0.03604105,-0.19272798,-0.0038179078
1760726294942,0.03481932,-0.19150625,-0.0038179078
1760726294944,0.03481932,-0.18906279,-0.0038179078
1760726294947,0.03481932,-0.18784106,-0.007483099
1760726294949,0.03604105,-0.18784106,-0.007483099
1760726294951,0.03481932,-0.18295415,-0.007483099
1760726294953,0.03604105,-0.18173242,-0.00870483
1760726294956,0.036193766,-0.17684549,-0.010079277
1760726294958,0.036193766,-0.17806722,-0.00992656
1760726294960,0.037415497,-0.17211129,-0.013744468
1760726294962,0.037415497,-0.1684461,-0.013744468
1760726294965,0.037415497,-0.16600263,-0.013744468
1760726294967,0.03756821,-0.15989397,-0.014966198
1760726294970,0.038789943,-0.15989397,-0.014966198
1760726294972,0.03756821,-0.15867224,-0.01740966
1760726294974,0.03634648,-0.1611157,-0.016187929
1760726294977,0.03390302,-0.15622878,-0.016187929
1760726294978,0.03268129,-0.15500705,-0.014966198
1760726294981,0.03390302,-0.15622878,-0.01740966
1760726294983,0.03268129,-0.15607607,-0.01863139
1760726294986,0.03145956,-0.15241088,-0.01985312
1760726294988,0.03145956,-0.15241088,-0.01985312
1760726294990,0.03145956,-0.14752395,-0.021227567
1760726294992,0.03268129,-0.14523321,-0.021227567
1760726294994,0.03283401,-0.14034629,-0.024892759
1760726294997,0.03283401,-0.1366811,-0.022449298
1760726294999,0.03772093,-0.13545936,-0.024892759
1760726295001,0.03894266,-0.13179417,-0.02367103
1760726295003,0.04153884,-0.1282817,-0.02367103
1760726295006,0.042760566,-0.12339478,-0.023823744
1760726295008,0.04153884,-0.12095132,-0.021380283
1760726295010,0.045356743,-0.11728613,-0.018936822
1760726295013,0.047800206,-0.11484267,-0.017715093
1760726295015,0.04917465,-0.11010846,-0.016493361
1760726295018,0.04795292,-0.10888673,-0.014049901
1760726295020,0.04550946,-0.09789115,-0.011759156
1760726295022,0.04810564,-0.0917825,-0.010537425
1760726295024,0.05177083,-0.09056077,-0.006872234
1760726295027,0.050701816,-0.085673854,-0.006872234
1760726295028,0.049480084,-0.08200866,-0.006872234
1760726295030,0.054519724,-0.074830994,-0.004428773
1760726295033,0.050701816,-0.07360926,-0.001985312
1760726295035,0.05207626,-0.07360926,4.5814895E-4
1760726295037,0.05207626,-0.074830994,0.00290161
1760726295040,0.051923547,-0.076052725,0.00290161
1760726295042,0.049480084,-0.07727446,0.0053450707
1760726295044,0.051923547,-0.07971791,0.0065668016
1760726295046,0.051923547,-0.07971791,0.0041233404
1760726295049,0.051923547,-0.08093964,0.0041233404
1760726295051,0.051923547,-0.08093964,0.0053450707
1760726295053,0.051923547,-0.07849618,0.0041233404
1760726295055,0.051923547,-0.07727446,0.0016798794
1760726295058,0.054367006,-0.08093964,4.5814895E-4
1760726295060,0.053145275,-0.07971791,-0.0032070426
1760726295063,0.054367006,-0.07727446,-0.0056505036
1760726295065,0.055741455,-0.07360926,-0.008093964
1760726295067,0.055741455,-0.06994407,-0.011911872
1760726295069,0.056963183,-0.067500606,-0.0106901415
1760726295072,0.056963183,-0.06505715,-0.0143553335
1760726295074,0.059406646,-0.06383542,-0.016798794
1760726295076,0.056963183,-0.06383542,-0.018020526
1760726295078,0.055741455,-0.06383542,-0.021685716
1760726295080,0.055741455,-0.06261369,-0.025350908
1760726295083,0.05207626,-0.058948494,-0.027794369
1760726295085,0.05207626,-0.055283304,-0.0290161
1760726295088,0.05207626,-0.054061573,-0.03145956
1760726295089,0.049632803,-0.051618114,-0.03390302
1760726295092,0.05589417,-0.051618114,-0.035124753
1760726295094,0.05589417,-0.04795292,-0.03634648
1760726295097,0.05467244,-0.04917465,-0.03756821
1760726295099,0.055741455,-0.052839845,-0.040011674
1760726295101,0.05467244,-0.04795292,-0.040011674
1760726295104,0.053297993,-0.04917465,-0.042455133
1760726295106,0.054519724,-0.04917465,-0.042455133
1760726295108,0.05207626,-0.052839845,-0.041233405
1760726295110,0.054519724,-0.056505036,-0.042455133
1760726295112,0.054519724,-0.058948494,-0.043676864
1760726295115,0.055588737,-0.06490443,-0.043676864
1760726295118,0.05681047,-0.06734789,-0.04734206
1760726295119,0.0580322,-0.071013086,-0.048563786
1760726295122,0.06169739,-0.074830994,-0.04734206
1760726295124,0.059253927,-0.0795652,-0.04718934
1760726295127,0.06291912,-0.07971791,-0.04718934
1760726295129,0.06536258,-0.082161374,-0.044745877
1760726295131,0.06536258,-0.0870483,-0.04352415
1760726295133,0.06780604,-0.0870483,-0.04352415
1760726295135,0.06536258,-0.08582657,-0.04352415
1760726295138,0.06536258,-0.08460484,-0.041080687
1760726295140,0.06658431,-0.08460484,-0.039858956
1760726295142,0.06658431,-0.08093964,-0.036193766
1760726295145,0.07162395,-0.07849618,-0.032528576
1760726295147,0.06795876,-0.07849618,-0.032528576
1760726295149,0.07162395,-0.07620544,-0.03145956
1760726295151,0.07162395,-0.07620544,-0.0290161
1760726295155,0.07162395,-0.07498371,-0.026572637
1760726295156,0.07040222,-0.072540246,-0.024129177
1760726295159,0.07162395,-0.07376198,-0.021685716
1760726295161,0.07162395,-0.07620544,-0.021685716
1760726295163,0.07162395,-0.07376198,-0.016798794
1760726295165,0.07040222,-0.07376198,-0.016798794
1760726295168,0.06795876,-0.07742717,-0.014202617
1760726295170,0.06795876,-0.07498371,-0.011759156
1760726295172,0.065515295,-0.072540246,-0.013133603
1760726295175,0.065515295,-0.071318515,-0.011911872
1760726295176,0.066737026,-0.071318515,-0.011911872
1760726295179,0.065515295,-0.07009678,-0.011911872
1760726295181,0.06307184,-0.07009678,-0.008246681
1760726295184,0.06429356,-0.071318515,-0.008246681
1760726295186,0.060628377,-0.07727446,-0.008093964
1760726295188,0.059253927,-0.08093964,-0.008093964
1760726295191,0.059253927,-0.08582657,-0.008093964
1760726295192,0.06047566,-0.09193522,-0.008093964
1760726295194,0.05787948,-0.09560041,-0.0056505036
1760726295196,0.05421429,-0.10277808,-0.004276057
1760726295199,0.04917465,-0.10644327,-0.005497787
1760726295202,0.04917465,-0.10644327,-0.0030543262
1760726295204,0.04550946,-0.107665,-0.004276057
1760726295205,0.043066,-0.10751228,-0.005497787
1760726295207,0.04184427,-0.103847094,-0.0030543262
1760726295210,0.04184427,-0.10262536,-0.0067195175
1760726295213,0.03940081,-0.09896017,-0.005497787
1760726295214,0.03573562,-0.09773844,-0.004276057
1760726295217,0.03573562,-0.089186326,-0.0056505036
1760726295219,0.0346666,-0.08674286,-0.004428773
1760726295221,0.031001411,-0.08307768,-0.0056505036
1760726295224,0.031001411,-0.07696902,-0.006872234
1760726295227,0.02733622,-0.07574729,-0.0032070426
1760726295228,0.02611449,-0.07452556,-0.004428773
1760726295231,0.02611449,-0.07819075,-0.004428773
1760726295233,0.01985312,-0.07696902,-0.004428773
1760726295235,0.01985312,-0.07696902,-0.0032070426
1760726295238,0.02107485,-0.07696902,-0.0032070426
1760726295240,0.01985312,-0.07574729,-0.0032070426
1760726295242,0.022449298,-0.073303826,-7.6358154E-4
1760726295243,0.021227567,-0.073303826,-7.6358154E-4
1760726295246,0.022449298,-0.07086037,-7.6358154E-4
1760726295249,0.022449298,-0.073303826,-0.001985312
1760726295250,0.02367103,-0.07086037,-7.6358154E-4
1760726295253,0.02611449,-0.06841691,4.5814895E-4
1760726295255,0.027488936,-0.065973446,0.0041233404
1760726295257,0.02855795,-0.06963864,0.0041233404
1760726295259,0.02855795,-0.073303826,0.0065668016
1760726295262,0.02977968,-0.07452556,0.0053450707
1760726295264,0.02977968,-0.07223482,0.0065668016
1760726295267,0.02855795,-0.07574729,0.0065668016
1760726295269,0.031001411,-0.07941248,0.0041233404
1760726295271,0.02977968,-0.080634214,0.0041233404
1760726295273,0.033444874,-0.08200866,0.0041233404
1760726295275,0.033444874,-0.08200866,0.00290161
1760726295278,0.029626964,-0.087964594,0.0041233404
1760726295281,0.029626964,-0.087964594,0.0041233404
1760726295282,0.028405234,-0.09040806,4.5814895E-4
1760726295285,0.031001411,-0.08307768,-7.6358154E-4
1760726295287,0.031001411,-0.081855945,-7.6358154E-4
1760726295290,0.031001411,-0.07696902,-7.6358154E-4
1760726295291,0.031001411,-0.07452556,-7.6358154E-4
1760726295294,0.03359759,-0.06856962,4.5814895E-4
1760726295296,0.03481932,-0.06246097,0.0015271631
1760726295298,0.034972034,-0.05757405,3.0543262E-4
1760726295300,0.037415497,-0.056352317,-9.162979E-4
1760726295303,0.036193766,-0.051465396,-9.162979E-4
1760726295305,0.034972034,-0.05024367,-9.162979E-4
1760726295308,0.038789943,-0.04428773,-9.162979E-4
1760726295310,0.038789943,-0.04184427,-9.162979E-4
1760726295312,0.03756821,-0.033292156,1.5271631E-4
1760726295314,0.04016439,-0.028405234,0.0013744468
1760726295316,0.04260785,-0.023518313,0.0013744468
1760726295319,0.04138612,-0.01985312,0.0013744468
1760726295321,0.040317107,-0.01740966,0.0013744468
1760726295324,0.04153884,-0.011453724,0.0036651916
1760726295326,0.040317107,-0.007788532,0.0036651916
1760726295329,0.04153884,-0.0053450707,0.004886922
1760726295330,0.042913284,-0.0053450707,0.008552114
1760726295333,0.04046982,-0.0041233404,0.010995574
1760726295335,0.04046982,-0.00290161,0.012217305
1760726295337,0.042913284,7.6358154E-4,0.013439035
1760726295340,0.041691553,0.0056505036,0.013439035
1760726295342,0.041691553,0.004428773,0.015882496
1760726295344,0.04046982,0.006872234,0.018325957
1760726295346,0.04184427,0.010537425,0.018325957
1760726295348,0.04184427,0.010537425,0.019547688
1760726295351,0.03940081,0.012980887,0.02321288
1760726295353,0.04062254,0.0154243475,0.02321288
1760726295355,0.038179077,0.016646078,0.024281893
1760726295358,0.03573562,0.02275473,0.024281893
1760726295359,0.03573562,0.02397646,0.025503624
1760726295362,0.0346666,0.027641652,0.026725354
1760726295365,0.031001411,0.032528576,0.027947085
1760726295366,0.02977968,0.033750303,0.027947085
1760726295369,0.02611449,0.034972034,0.027947085
1760726295371,0.02611449,0.041080687,0.026725354
1760726295373,0.022449298,0.044745877,0.026725354
1760726295375,0.022449298,0.04718934,0.026572637
1760726295378,0.020005837,0.049632803,0.024129177
1760726295380,0.017562376,0.049632803,0.024129177
1760726295382,0.016340645,0.049632803,0.022907447
1760726295385,0.013897184,0.049785517,0.022907447
1760726295387,0.011453724,0.05467244,0.022907447
1760726295390,0.009010263,0.053450707,0.024129177
1760726295391,0.007788532,0.053450707,0.021685716
1760726295393,0.0041233404,0.05589417,0.019242255
1760726295396,0.00290161,0.0571159,0.021685716
1760726295398,0.00290161,0.058337633,0.019242255
1760726295400,4.5814895E-4,0.064446285,0.019242255
1760726295402,-0.001985312,0.071776666,0.019242255
1760726295405,-0.0030543262,0.079107046,0.01786781
1760726295407,-0.004276057,0.0852157,0.02031127
1760726295409,-0.00290161,0.093767814,0.019089539
1760726295412,-0.0065668016,0.101098195,0.021533
1760726295414,-0.007788532,0.10598512,0.02275473
1760726295416,-0.0076358155,0.11209377,0.023823744
1760726295419,-0.0076358155,0.120493166,0.023823744
1760726295421,-0.0125227375,0.12064589,0.022602014
1760726295423,-0.011301007,0.12675454,0.023823744
1760726295426,-0.011148291,0.13271047,0.025045475
1760726295428,-0.012370021,0.13881913,0.024892759
1760726295430,-0.012370021,0.14370605,0.024892759
1760726295433,-0.019700404,0.14752395,0.02733622
1760726295435,-0.019700404,0.14630222,0.02733622
1760726295438,-0.017104227,0.1498147,0.02733622
1760726295439,-0.018478673,0.14874569,0.02611449
1760726295441,-0.017256944,0.14614952,0.02733622
1760726295443,-0.017104227,0.1498147,0.02733622
1760726295445,-0.018325957,0.15103643,0.02855795
1760726295448,-0.015882496,0.15103643,0.02855795
1760726295451,-0.015882496,0.1498147,0.02977968
1760726295453,-0.012217305,0.1498147,0.031001411
1760726295455,-0.015882496,0.14737125,0.033444874
1760726295457,-0.015882496,0.14737125,0.0346666
1760726295459,-0.014660766,0.15103643,0.033444874
1760726295461,-0.017104227,0.15592335,0.035888333
1760726295464,-0.019547688,0.15714508,0.037110064
1760726295466,-0.02321288,0.16081028,0.037110064
1760726295469,-0.02565634,0.16447547,0.039553523
1760726295471,-0.023060163,0.1742493,0.03940081
1760726295473,-0.021685716,0.1815797,0.04062254
1760726295475,-0.024129177,0.18524489,0.04428773
1760726295478,-0.02031127,0.19242255,0.044135015
1760726295480,-0.021533,0.19608775,0.041691553
1760726295482,-0.02275473,0.20097467,0.042913284
1760726295485,-0.02031127,0.20586158,0.044135015
1760726295486,-0.021380283,0.20952678,0.042913284
1760726295489,-0.020158553,0.20952678,0.044135015
1760726295491,-0.021380283,0.20952678,0.044135015
1760726295493,-0.021380283,0.21197024,0.042913284
1760726295495,-0.018936822,0.21074851,0.042913284
1760726295498,-0.022602014,0.21197024,0.04046982
1760726295500,-0.02031127,0.20830505,0.04046982
1760726295503,-0.021533,0.20463985,0.04046982
1760726295505,-0.026419923,0.20479257,0.038026363
1760726295507,-0.026419923,0.20234911,0.0355829
1760726295509,-0.0290161,0.19868392,0.0355829
1760726295512,-0.03268129,0.19379699,0.03313944
1760726295514,-0.034055736,0.19028452,0.030848695
1760726295516,-0.035277467,0.18417588,0.028405234
1760726295518,-0.040317107,0.18295415,0.025961773
1760726295521,-0.03772093,0.1853976,0.024740042
1760726295523,-0.036651913,0.18051068,0.022296581
1760726295525,-0.036651913,0.18051068,0.01985312
1760726295527,-0.039095376,0.18173242,0.01740966
1760726295530,-0.04153884,0.18555032,0.0125227375
1760726295532,-0.040317107,0.1853976,0.010079277
1760726295534,-0.04153884,0.18432859,0.010079277
1760726295537,-0.040317107,0.18661933,0.008857546
1760726295539,-0.043982297,0.19043724,0.005192355
1760726295542,-0.04520403,0.1928807,0.003970624
1760726295544,-0.04642576,0.18921551,0.005192355
1760726295546,-0.04520403,0.1928807,0.003970624
1760726295548,-0.043982297,0.1928807,0.006414085
1760726295551,-0.043829583,0.19532417,0.0062613687
1760726295553,-0.04260785,0.19410244,0.0062613687
1760726295554,-0.03894266,0.19639318,0.00870483
1760726295557,-0.03772093,0.19639318,0.00870483
1760726295559,-0.03772093,0.19761491,0.00992656
1760726295562,-0.035277467,0.19761491,0.00870483
1760726295564,-0.03390302,0.2012801,0.00992656
1760726295566,-0.03390302,0.2012801,0.011148291
1760726295568,-0.03283401,0.19517145,0.014813482
1760726295571,-0.030390546,0.19394971,0.013591751
1760726295572,-0.0290161,0.19501872,0.014813482
1760726295575,-0.026572637,0.19624045,0.014813482
1760726295577,-0.0290161,0.19624045,0.017256944
1760726295580,-0.03023783,0.19501872,0.017256944
1760726295581,-0.024129177,0.19746219,0.014813482
1760726295584,-0.020463986,0.19257528,0.017256944
1760726295586,-0.020463986,0.19135354,0.018478673
1760726295589,-0.015577064,0.19364429,0.018478673
1760726295591,-0.012980887,0.19486602,0.020922136
1760726295593,-0.013133603,0.19242255,0.020922136
1760726295596,-0.009315695,0.19364429,0.020922136
1760726295598,-0.0056505036,0.19486602,0.022143865
1760726295600,-0.006872234,0.19486602,0.024587326
1760726295603,-0.0056505036,0.19486602,0.024587326
1760726295605,-0.004428773,0.19364429,0.025809057
1760726295607,-0.0056505036,0.19486602,0.027030786
1760726295610,-0.008093964,0.19242255,0.027030786
1760726295612,-0.009468411,0.18387043,0.025961773
1760726295614,-0.0106901415,0.17898351,0.028405234
1760726295616,-0.0106901415,0.1740966,0.025961773
1760726295618,-0.013286319,0.1656972,0.028405234
1760726295621,-0.015882496,0.15714508,0.02733622
1760726295623,-0.015882496,0.15225816,0.024892759
1760726295626,-0.016035212,0.14614952,0.024892759
1760726295628,-0.019700404,0.14263703,0.02733622
1760726295630,-0.022143865,0.14019357,0.02611449
1760726295632,-0.022143865,0.14019357,0.024892759
1760726295635,-0.022296581,0.13652839,0.024892759
1760726295637,-0.024740042,0.13775012,0.02733622
1760726295638,-0.025961773,0.14019357,0.02611449
1760726295641,-0.028405234,0.13897185,0.024892759
1760726295643,-0.029626964,0.14019357,0.02367103
1760726295646,-0.030848695,0.13912456,0.024892759
1760726295648,-0.030848695,0.13912456,0.024892759
1760726295650,-0.030848695,0.13790283,0.02367103
1760726295653,-0.033292156,0.1366811,0.022602014
1760726295655,-0.033292156,0.1366811,0.020158553
1760726295657,-0.033444874,0.1330159,0.020158553
1760726295659,-0.037110064,0.13057245,0.020158553
1760726295661,-0.03848451,0.12339478,0.020158553
1760726295663,-0.03604105,0.118507855,0.017715093
1760726295666,-0.03848451,0.111177474,0.02031127
1760726295668,-0.03604105,0.112399206,0.017715093
1760726295670,-0.036193766,0.105068825,0.019089539
1760726295673,-0.036193766,0.10262536,0.019089539
1760726295675,-0.034972034,0.10140363,0.016646078
1760726295678,-0.034972034,0.09896017,0.019089539
1760726295680,-0.031306844,0.09896017,0.016646078
1760726295682,-0.031306844,0.09773844,0.014202617
1760726295684,-0.028863383,0.09407325,0.0154243475
1760726295687,-0.028863383,0.09285152,0.014202617
1760726295689,-0.030085113,0.09162979,0.014202617
1760726295691,-0.027794369,0.08552113,0.014202617
1760726295695,-0.03145956,0.0842994,0.016646078
1760726295695,-0.035124753,0.07941248,0.016798794
1760726295698,-0.0364992,0.071013086,0.018020526
1760726295700,-0.04016439,0.06856962,0.016798794
1760726295702,-0.039095376,0.063682705,0.018020526
1760726295705,-0.037873644,0.05879578,0.018020526
1760726295707,-0.039095376,0.056352317,0.019394971
1760726295709,-0.041691553,0.051465396,0.020616703
1760726295712,-0.042913284,0.047800206,0.019394971
1760726295714,-0.045356743,0.04428773,0.01817324
1760726295717,-0.044135015,0.043066,0.021838432
1760726295719,-0.044135015,0.04062254,0.019394971
1760726295721,-0.04428773,0.034513887,0.020616703
1760726295722,-0.04428773,0.03573562,0.021838432
1760726295725,-0.04550946,0.033292156,0.021838432
1760726295727,-0.04795292,0.033292156,0.020616703
1760726295730,-0.04795292,0.033292156,0.021838432
1760726295731,-0.046731193,0.033292156,0.021838432
1760726295734,-0.04917465,0.034513887,0.021838432
1760726295736,-0.054061573,0.033292156,0.020616703
1760726295739,-0.050396383,0.030848695,0.02076942
1760726295742,-0.04917465,0.032070424,0.023060163
1760726295743,-0.04795292,0.029626964,0.021991149
1760726295745,-0.046731193,0.025961773,0.02076942
1760726295747,-0.04550946,0.025961773,0.021991149
1760726295750,-0.046883907,0.024740042,0.02076942
1760726295751,-0.04444045,0.023518313,0.019547688
1760726295754,-0.045662176,0.02107485,0.019547688
1760726295756,-0.045662176,0.022296581,0.019547688
1760726295763,-0.045662176,0.022296581,0.018325957
1760726295763,-0.04810564,0.02107485,0.017104227
1760726295763,-0.046883907,0.022296581,0.017104227
1760726295768,-0.046883907,0.023518313,0.015882496
1760726295769,-0.04810564,0.024740042,0.014660766
1760726295769,-0.04550946,0.027183503,0.015882496
1760726295772,-0.043066,0.034513887,0.01572978
1760726295780,-0.04428773,0.033292156,0.01572978
1760726295780,-0.04550946,0.036957346,0.01572978
1760726295780,-0.041691553,0.03940081,0.01695151
1760726295781,-0.04046982,0.042913284,0.01817324
1760726295783,-0.04046982,0.045356743,0.01817324
1760726295785,-0.032986723,0.045356743,0.01817324
1760726295788,-0.032986723,0.045356743,0.019394971
1760726295790,-0.028099801,0.042913284,0.019394971
1760726295792,-0.028099801,0.041691553,0.01817324
1760726295794,-0.02443461,0.036651913,0.01817324
1760726295797,-0.023365596,0.03191771,0.01817324
1760726295799,-0.022143865,0.027030786,0.01695151
1760726295801,-0.022296581,0.019700404,0.015882496
1760726295803,-0.023518313,0.013591751,0.017104227
1760726295806,-0.02611449,0.0062613687,0.015882496
1760726295808,-0.02733622,3.0543262E-4,0.014660766
1760726295810,-0.028710667,-0.004581489,0.014813482
1760726295813,-0.027488936,-0.0106901415,0.013591751
1760726295815,-0.025045475,-0.011911872,0.012370021
1760726295817,-0.025045475,-0.0143553335,0.012370021
1760726295819,-0.023823744,-0.019242255,0.012370021
1760726295822,-0.022602014,-0.019242255,0.00992656
1760726295824,-0.026419923,-0.020463986,0.00870483
1760726295826,-0.027641652,-0.021685716,0.00870483
1760726295828,-0.028863383,-0.024129177,0.00870483
1760726295831,-0.030085113,-0.025350908,0.00870483
1760726295834,-0.035124753,-0.028863383,0.0076358155
1760726295835,-0.035124753,-0.032528576,0.0076358155
1760726295837,-0.038789943,-0.033750303,0.008857546
1760726295840,-0.03756821,-0.03863723,0.0076358155
1760726295842,-0.04138612,-0.041080687,0.0076358155
1760726295844,-0.04138612,-0.039858956,0.008857546
1760726295847,-0.038789943,-0.037415497,0.008857546
1760726295849,-0.038789943,-0.036193766,0.008857546
1760726295851,-0.040011674,-0.036193766,0.010079277
1760726295853,-0.042455133,-0.033750303,0.0076358155
1760726295856,-0.040011674,-0.031306844,0.0076358155
1760726295859,-0.040011674,-0.027641652,0.0076358155
1760726295860,-0.040011674,-0.025198191,0.00870483
1760726295862,-0.039858956,-0.02031127,0.007483099
1760726295865,-0.03863723,-0.014202617,0.00992656
1760726295867,-0.03481932,-0.011911872,0.012370021
1760726295869,-0.03481932,-0.011911872,0.00992656
1760726295872,-0.03604105,-0.009468411,0.00870483
1760726295874,-0.037415497,-0.014202617,0.012370021
1760726295876,-0.036193766,-0.02031127,0.012370021
1760726295879,-0.037415497,-0.021533,0.011148291
1760726295881,-0.03634648,-0.028863383,0.011301007
1760726295883,-0.03268129,-0.03863723,0.010079277
1760726295885,-0.03145956,-0.041080687,0.011301007
1760726295888,-0.03268129,-0.04352415,0.011301007
1760726295890,-0.03283401,-0.04718934,0.008857546
1760726295892,-0.034055736,-0.05085453,0.008857546
1760726295894,-0.03283401,-0.04841107,0.0076358155
1760726295897,-0.03283401,-0.04841107,0.0076358155
1760726295899,-0.03283401,-0.04718934,0.006414085
1760726295902,-0.030390546,-0.04596761,0.005192355
1760726295903,-0.03145956,-0.04352415,0.003970624
1760726295906,-0.03145956,-0.04230242,0.0027488936
1760726295908,-0.03390302,-0.039858956,0.0027488936
1760726295911,-0.03390302,-0.039858956,0.0027488936
1760726295913,-0.035124753,-0.03863723,0.0027488936
1760726295915,-0.035124753,-0.036193766,0.003970624
1760726295917,-0.035124753,-0.039858956,0.005192355
1760726295919,-0.0364992,-0.04230242,0.003970624
1760726295922,-0.035277467,-0.041080687,0.0027488936
1760726295924,-0.035277467,-0.041080687,0.0027488936
1760726295927,-0.035124753,-0.039858956,0.005192355
1760726295929,-0.0364992,-0.041080687,0.006414085
1760726295931,-0.035277467,-0.041080687,0.003970624
1760726295933,-0.03390302,-0.039858956,0.003970624
1760726295936,-0.03145956,-0.04352415,0.006414085
1760726295938,-0.03145956,-0.04230242,0.005192355
1760726295940,-0.035277467,-0.04352415,0.003970624
1760726295942,-0.030390546,-0.04841107,0.006414085
1760726295944,-0.029168816,-0.05085453,0.0076358155
1760726295947,-0.025503624,-0.05207626,0.008857546
1760726295949,-0.026725354,-0.053297993,0.0076358155
1760726295952,-0.021838432,-0.054519724,0.005192355
1760726295953,-0.025503624,-0.05085453,0.006414085
1760726295955,-0.021685716,-0.05222898,0.0076358155
1760726295958,-0.025503624,-0.054519724,0.006414085
1760726295961,-0.024281893,-0.053297993,0.0076358155
1760726295962,-0.025503624,-0.053297993,0.0076358155
1760726295965,-0.025350908,-0.04718934,0.010079277
1760726295967,-0.022907447,-0.046120327,0.006414085
1760726295969,-0.021685716,-0.041233405,0.0076358155
1760726295972,-0.02397646,-0.03268129,0.006414085
1760726295974,-0.025198191,-0.027794369,0.0050396384
1760726295976,-0.02397646,-0.024129177,0.0062613687
1760726295978,-0.023823744,-0.018020526,0.007483099
1760726295981,-0.023823744,-0.0106901415,0.0062613687
1760726295983,-0.025045475,-0.0106901415,0.0038179078
1760726295985,-0.026267206,-0.009468411,0.0038179078
1760726295987,-0.026267206,-0.00580322,0.0025961774
1760726295989,-0.026267206,-0.008246681,0.0050396384
1760726295992,-0.028710667,-0.008246681,0.0038179078
1760726295994,-0.028710667,-0.008246681,0.0013744468
1760726295997,-0.029932396,-0.0106901415,0.0038179078
1760726295999,-0.032528576,-0.0143553335,0.0013744468
1760726296001,-0.030085113,-0.019242255,0.0013744468
1760726296004,-0.027641652,-0.018020526,1.5271631E-4
1760726296006,-0.028863383,-0.019242255,-0.0022907446
1760726296008,-0.028863383,-0.019242255,1.5271631E-4
1760726296010,-0.028863383,-0.020463986,-0.0022907446
1760726296012,-0.030085113,-0.021533,-0.0035124752
1760726296014,-0.03145956,-0.026419923,-0.0071776668
1760726296017,-0.03145956,-0.026419923,-0.008399397
1760726296019,-0.03023783,-0.026419923,-0.0096211275
1760726296022,-0.03145956,-0.030085113,-0.009468411
1760726296024,-0.03023783,-0.031306844,-0.009468411
1760726296026,-0.0290161,-0.037415497,-0.013133603
1760726296028,-0.027794369,-0.04230242,-0.013133603
1760726296031,-0.030390546,-0.04230242,-0.0143553335
1760726296033,-0.026725354,-0.04841107,-0.015577064
1760726296035,-0.029168816,-0.05207626,-0.016798794
1760726296038,-0.029168816,-0.054519724,-0.016798794
1760726296040,-0.029168816,-0.054519724,-0.015577064
1760726296042,-0.03176499,-0.05681047,-0.0143553335
1760726296045,-0.030543262,-0.05681047,-0.013133603
1760726296047,-0.03176499,-0.054367006,-0.015577064
1760726296049,-0.030390546,-0.054519724,-0.0143553335
1760726296051,-0.027947085,-0.05085453,-0.013133603
1760726296054,-0.027947085,-0.049632803,-0.011911872
1760726296056,-0.025503624,-0.04596761,-0.011911872
1760726296058,-0.020463986,-0.044745877,-0.009468411
1760726296061,-0.021685716,-0.04230242,-0.0106901415
1760726296063,-0.020463986,-0.044745877,-0.0106901415
1760726296065,-0.020463986,-0.043676864,-0.009468411
1760726296067,-0.024129177,-0.04230242,-0.0106901415
1760726296069,-0.020463986,-0.044898596,-0.008246681
1760726296071,-0.022907447,-0.04352415,-0.009468411
1760726296073,-0.021685716,-0.04230242,-0.008246681
1760726296076,-0.022907447,-0.04596761,-0.008246681
1760726296078,-0.021685716,-0.049632803,-0.00580322
1760726296081,-0.020463986,-0.04841107,-0.00580322
1760726296083,-0.018020526,-0.053450707,-0.00580322
1760726296085,-0.01695151,-0.0571159,-0.0070249503
1760726296088,-0.01572978,-0.062002823,-0.0056505036
1760726296089,-0.01450805,-0.063224554,-0.0056505036
1760726296092,-0.01450805,-0.066737026,-0.0056505036
1760726296094,-0.01450805,-0.06795876,-0.0056505036
1760726296097,-0.01450805,-0.07040222,-0.0032070426
1760726296099,-0.01450805,-0.07162395,-0.0032070426
1760726296101,-0.017104227,-0.07284568,-0.0056505036
1760726296103,-0.014660766,-0.075289145,-0.004428773
1760726296106,-0.01572978,-0.07040222,-0.0032070426
1760726296108,-0.01450805,-0.07040222,-0.001985312
1760726296110,-0.010842858,-0.071776666,-0.0032070426
1760726296112,-0.013286319,-0.0693332,-0.001985312
1760726296115,-0.013286319,-0.06811147,-7.6358154E-4
1760726296117,-0.013286319,-0.0693332,-0.001985312
1760726296119,-0.010842858,-0.071776666,-0.001985312
1760726296122,-0.010842858,-0.071776666,4.5814895E-4
1760726296124,-0.008399397,-0.07544186,-7.6358154E-4
1760726296126,-0.008399397,-0.07422013,-7.6358154E-4
1760726296129,-0.008399397,-0.07788532,0.0016798794
1760726296131,-0.005955936,-0.08155051,0.0016798794
1760726296133,-0.0061086523,-0.08399397,0.00290161
1760726296135,-0.0071776668,-0.08155051,0.0041233404
1760726296137,-0.009773844,-0.08277224,0.00290161
1760726296139,-0.008552114,-0.0852157,0.0041233404
1760726296142,-0.007330383,-0.08399397,4.5814895E-4
1760726296145,-0.009773844,-0.08628472,4.5814895E-4
1760726296147,-0.010995574,-0.088728175,6.1086525E-4
1760726296149,-0.009773844,-0.088728175,-6.1086525E-4
1760726296151,-0.009773844,-0.088728175,6.1086525E-4
1760726296153,-0.007330383,-0.09010262,-0.0018325958
1760726296156,-0.007330383,-0.086437434,-7.6358154E-4
1760726296157,-0.010995574,-0.08384126,-0.001985312
1760726296160,-0.009773844,-0.079107046,-0.001985312
1760726296162,-0.012064588,-0.07544186,-7.6358154E-4
1760726296165,-0.012064588,-0.0729984,4.5814895E-4
1760726296167,-0.0096211275,-0.071776666,4.5814895E-4
1760726296169,-0.01450805,-0.06688975,-0.001985312
1760726296171,-0.01450805,-0.06811147,-0.001985312
1760726296173,-0.01695151,-0.066737026,-7.6358154E-4
1760726296176,-0.01695151,-0.06918049,-0.0032070426
1760726296178,-0.018325957,-0.07040222,-0.001985312
1760726296180,-0.02076942,-0.07040222,-0.001985312
1760726296183,-0.021991149,-0.07162395,-0.0056505036
1760726296185,-0.02076942,-0.07162395,-0.004428773
1760726296188,-0.018325957,-0.06918049,-0.006872234
1760726296189,-0.019547688,-0.07162395,-0.0056505036
1760726296192,-0.017104227,-0.07284568,-0.0056505036
1760726296194,-0.018325957,-0.07284568,-0.0056505036
1760726296196,-0.01572978,-0.07040222,-0.0032070426
1760726296198,-0.019547688,-0.07040222,-0.0032070426
1760726296200,-0.019547688,-0.07162395,-0.0032070426
1760726296203,-0.017104227,-0.07284568,-0.001985312
1760726296206,-0.01572978,-0.07162395,-7.6358154E-4
1760726296207,-0.015882496,-0.07284568,-7.6358154E-4
1760726296210,-0.015882496,-0.07284568,-7.6358154E-4
1760726296212,-0.01450805,-0.07284568,0.0016798794
1760726296214,-0.013286319,-0.0693332,0.0041233404
1760726296217,-0.012064588,-0.071776666,0.0041233404
1760726296219,-0.013286319,-0.06811147,0.0041233404
1760726296222,-0.012064588,-0.06566802,0.0041233404
1760726296224,-0.012064588,-0.06688975,0.0053450707
1760726296226,-0.0070249503,-0.064446285,0.0041233404
1760726296228,-0.008246681,-0.058337633,0.003970624
1760726296230,-0.009468411,-0.0571159,0.003970624
1760726296232,-0.009468411,-0.049785517,0.003970624
1760726296235,-0.011911872,-0.04734206,0.0015271631
1760726296237,-0.0143553335,-0.044898596,0.0027488936
1760726296239,-0.01786781,-0.03634648,0.0015271631
1760726296242,-0.02031127,-0.03268129,0.0015271631
1760726296243,-0.021533,-0.024129177,1.5271631E-4
1760726296246,-0.025198191,-0.024129177,1.5271631E-4
1760726296248,-0.022602014,-0.020463986,0.0013744468
1760726296251,-0.023823744,-0.016798794,1.5271631E-4
1760726296252,-0.023823744,-0.016798794,1.5271631E-4
1760726296255,-0.022602014,-0.018020526,1.5271631E-4
1760726296257,-0.020158553,-0.018020526,-0.0010690142
1760726296259,-0.018936822,-0.0143553335,-0.0010690142
1760726296262,-0.016493361,-0.01572978,-0.0022907446
1760726296264,-0.016493361,-0.01572978,-0.0022907446
1760726296267,-0.015271631,-0.01817324,-0.0035124752
1760726296269,-0.01282817,-0.019394971,-0.0010690142
1760726296271,-0.01282817,-0.019394971,-0.0010690142
1760726296273,-0.015271631,-0.020463986,-0.0035124752
1760726296275,-0.014049901,-0.019394971,-0.0022907446
1760726296278,-0.01282817,-0.020616703,-0.0010690142
1760726296280,-0.01282817,-0.019394971,-0.0010690142
1760726296282,-0.01282817,-0.01695151,1.5271631E-4
1760726296285,-0.01038471,-0.01817324,1.5271631E-4
1760726296287,-0.01282817,-0.01572978,0.0025961774
1760726296289,-0.012675454,-0.01450805,0.0025961774
1760726296291,-0.012675454,-0.012064588,0.0025961774
1760726296293,-0.013897184,-0.010842858,0.0025961774
1760726296296,-0.015271631,-0.013286319,0.0025961774
1760726296298,-0.012675454,-0.010842858,0.0025961774
1760726296300,-0.013897184,-0.012064588,0.0050396384
1760726296303,-0.012675454,-0.008399397,0.0062613687
1760726296305,-0.010231993,-0.0047342055,0.007483099
1760726296307,-0.013897184,-0.0035124752,0.007330383
1760726296310,-0.0125227375,-0.0010690142,0.008552114
1760726296312,-0.010079277,-0.0010690142,0.0061086523
1760726296314,-0.013744468,1.5271631E-4,0.007330383
1760726296317,-0.0125227375,0.0013744468,0.008552114
1760726296319,-0.014966198,0.0038179078,0.007330383
1760726296321,-0.014966198,0.0038179078,0.009773844
1760726296323,-0.016187929,0.0038179078,0.008552114
1760726296326,-0.020005837,0.0050396384,0.007330383
1760726296328,-0.02367103,0.007483099,0.008552114
1760726296330,-0.022449298,0.0050396384,0.008552114
1760726296332,-0.02367103,0.007483099,0.009773844
1760726296335,-0.024892759,0.0062613687,0.009773844
1760726296337,-0.02855795,0.005192355,0.012217305
1760726296339,-0.02977968,0.005192355,0.010995574
1760726296341,-0.033444874,0.0027488936,0.012217305
1760726296344,-0.033444874,0.003970624,0.015882496
1760726296346,-0.02855795,0.005192355,0.014660766
1760726296348,-0.032223143,0.0027488936,0.013439035
1760726296351,-0.02977968,0.005192355,0.010995574
1760726296353,-0.02855795,0.005192355,0.010995574
1760726296355,-0.02977968,0.006414085,0.012217305
1760726296357,-0.027183503,0.011148291,0.013439035
1760726296360,-0.032223143,0.010079277,0.012217305
1760726296362,-0.032223143,0.013744468,0.012217305
1760726296364,-0.032070424,0.014966198,0.012217305
1760726296366,-0.0346666,0.014966198,0.013439035
1760726296368,-0.035888333,0.014966198,0.014660766
1760726296371,-0.039553523,0.01985312,0.014660766
1760726296373,-0.040775254,0.02107485,0.014660766
1760726296375,-0.03940081,0.02107485,0.014660766
1760726296378,-0.040775254,0.02107485,0.013439035
1760726296380,-0.03940081,0.023518313,0.014660766
1760726296382,-0.04062254,0.025961773,0.015882496
1760726296385,-0.03940081,0.027183503,0.013439035
1760726296386,-0.04062254,0.028405234,0.012217305
1760726296389,-0.04062254,0.033292156,0.013286319
1760726296391,-0.03924809,0.038179077,0.013286319
1760726296394,-0.041691553,0.043066,0.01450805
1760726296396,-0.04046982,0.046578474,0.013286319
1760726296398,-0.041691553,0.05024367,0.013286319
1760726296400,-0.042913284,0.050396383,0.013286319
1760726296403,-0.044135015,0.05390886,0.01450805
1760726296405,-0.042913284,0.05024367,0.01572978
1760726296407,-0.044135015,0.050396383,0.01450805
1760726296410,-0.041691553,0.051465396,0.01450805
1760726296412,-0.042913284,0.051465396,0.01572978
1760726296414,-0.041691553,0.051465396,0.01450805
1760726296417,-0.041691553,0.052687127,0.01572978
1760726296419,-0.040317107,0.05513059,0.01572978
1760726296421,-0.037873644,0.05390886,0.01695151
1760726296423,-0.037873644,0.05879578,0.0143553335
1760726296425,-0.036651913,0.061239243,0.0143553335
1760726296428,-0.036651913,0.06246097,0.0143553335
1760726296430,-0.035277467,0.063682705,0.0143553335
1760726296432,-0.034055736,0.06490443,0.0143553335
1760726296434,-0.03283401,0.063682705,0.011911872
1760726296437,-0.032986723,0.061239243,0.011911872
1760726296439,-0.030543262,0.056352317,0.011911872
1760726296442,-0.03176499,0.056352317,0.0106901415
1760726296443,-0.029321533,0.056199603,0.013133603
1760726296446,-0.030543262,0.05390886,0.010842858
1760726296448,-0.03176499,0.051465396,0.0096211275
1760726296450,-0.032986723,0.049021937,0.010842858
1760726296453,-0.03313944,0.046578474,0.0096211275
1760726296455,-0.03313944,0.045356743,0.008399397
1760726296457,-0.030543262,0.045356743,0.0096211275
1760726296460,-0.030695979,0.042913284,0.0096211275
1760726296462,-0.030695979,0.04046982,0.008399397
1760726296464,-0.029474247,0.03924809,0.0071776668
1760726296466,-0.030695979,0.03680463,0.0071776668
1760726296469,-0.030695979,0.038026363,0.005955936
1760726296471,-0.029474247,0.041691553,0.005955936
1760726296473,-0.030695979,0.041691553,0.005955936
1760726296476,-0.03191771,0.041691553,0.0071776668
1760726296477,-0.03191771,0.041691553,0.008399397
1760726296480,-0.03680463,0.045356743,0.008399397
1760726296482,-0.03436117,0.047800206,0.005955936
1760726296484,-0.030695979,0.045356743,0.0071776668
1760726296486,-0.029321533,0.047800206,0.008399397
1760726296490,-0.02687807,0.05009095,0.010842858
1760726296491,-0.02565634,0.05131268,0.0096211275
1760726296493,-0.021991149,0.05009095,0.008399397
1760726296496,-0.02076942,0.05009095,0.010842858
1760726296498,-0.01817324,0.04886922,0.0096211275
1760726296501,-0.02076942,0.05009095,0.0096211275
1760726296502,-0.021838432,0.052534413,0.008399397
1760726296505,-0.019394971,0.05131268,0.008399397
1760726296507,-0.02076942,0.047647487,0.0096211275
1760726296509,-0.021991149,0.05009095,0.0096211275
1760726296512,-0.019547688,0.04886922,0.008399397
1760726296514,-0.02076942,0.04886922,0.008399397
1760726296516,-0.02076942,0.04886922,0.008399397
1760726296519,-0.019547688,0.047647487,0.008399397
1760726296521,-0.019547688,0.04642576,0.008399397
1760726296523,-0.02321288,0.04886922,0.0047342055
1760726296526,-0.02321288,0.047647487,0.0071776668
1760726296528,-0.02321288,0.04886922,0.005955936
1760726296529,-0.02443461,0.05131268,0.005955936
1760726296532,-0.02687807,0.05497787,0.00580322
1760726296534,-0.029321533,0.05390886,0.00580322
1760726296537,-0.030543262,0.05390886,0.005955936
1760726296539,-0.029321533,0.05513059,0.00580322
1760726296541,-0.028099801,0.05390886,0.00580322
1760726296544,-0.029321533,0.05513059,0.008246681
1760726296546,-0.029321533,0.05390886,0.008399397
1760726296548,-0.030543262,0.05513059,0.0070249503
1760726296550,-0.029321533,0.056352317,0.008246681
1760726296552,-0.030543262,0.05879578,0.00580322
1760726296555,-0.03283401,0.06490443,0.008246681
1760726296556,-0.029168816,0.064751714,0.0070249503
1760726296559,-0.027947085,0.062308256,0.009468411
1760726296561,-0.029168816,0.06841691,0.008246681
1760726296564,-0.03283401,0.07086037,0.0106901415
1760726296566,-0.027947085,0.0720821,0.009468411
1760726296568,-0.026725354,0.06841691,0.0070249503
1760726296571,-0.026725354,0.06963864,0.008246681
1760726296573,-0.025503624,0.06719518,0.008246681
1760726296576,-0.026725354,0.062308256,0.009468411
1760726296577,-0.025503624,0.059864793,0.009468411
1760726296580,-0.025503624,0.059864793,0.0106901415
1760726296583,-0.026725354,0.057421334,0.0106901415
1760726296584,-0.02565634,0.05497787,0.0106901415
1760726296586,-0.02443461,0.05131268,0.010842858
1760726296589,-0.021991149,0.05009095,0.010842858
1760726296590,-0.02076942,0.04886922,0.008399397
1760726296593,-0.02076942,0.047647487,0.0096211275
1760726296596,-0.019547688,0.043982297,0.0071776668
1760726296598,-0.02076942,0.04642576,0.0071776668
1760726296600,-0.018325957,0.04886922,0.0035124752
1760726296602,-0.02076942,0.04886922,0.0047342055
1760726296605,-0.019394971,0.052534413,0.004581489
1760726296607,-0.019394971,0.05375614,0.004581489
1760726296609,-0.020616703,0.056199603,0.0070249503
1760726296612,-0.019394971,0.059864793,0.0021380284
1760726296614,-0.01695151,0.061086524,0.004581489
1760726296616,-0.016798794,0.06719518,0.0021380284
1760726296618,-0.01817324,0.064751714,0.0033597588
1760726296621,-0.018020526,0.065973446,0.0033597588
1760726296623,-0.01817324,0.064751714,0.004581489
1760726296625,-0.019242255,0.06719518,0.0033597588
1760726296628,-0.019242255,0.06719518,0.0033597588
1760726296630,-0.020616703,0.06841691,9.162979E-4
1760726296632,-0.021838432,0.06719518,0.0021380284
1760726296634,-0.020616703,0.064751714,0.0021380284
1760726296636,-0.021838432,0.06352998,9.162979E-4
1760726296639,-0.019394971,0.062308256,9.162979E-4
1760726296641,-0.020616703,0.059864793,9.162979E-4
1760726296644,-0.019394971,0.057421334,0.0021380284
1760726296646,-0.02076942,0.05131268,0.0010690142
1760726296648,-0.018325957,0.04886922,0.0010690142
1760726296650,-0.017104227,0.047647487,-1.5271631E-4
1760726296652,-0.015882496,0.043982297,0.0010690142
1760726296655,-0.019547688,0.04153884,0.0022907446
1760726296657,-0.020922136,0.0355829,0.0022907446
1760726296659,-0.020922136,0.03191771,0.0010690142
1760726296662,-0.019700404,0.03191771,0.0022907446
1760726296664,-0.020922136,0.028252518,0.0022907446
1760726296666,-0.023518313,0.022143865,0.002443461
1760726296668,-0.022296581,0.019700404,0.0036651916
1760726296670,-0.022296581,0.017256944,0.0036651916
1760726296673,-0.022296581,0.018478673,0.004886922
1760726296675,-0.023518313,0.020922136,0.004886922
1760726296677,-0.022296581,0.019700404,0.007330383
1760726296680,-0.022296581,0.020922136,0.007330383
1760726296682,-0.019700404,0.020922136,0.007330383
1760726296684,-0.016035212,0.02076942,0.0061086523
1760726296686,-0.017256944,0.018478673,0.007330383
1760726296689,-0.016035212,0.02076942,0.007330383
1760726296691,-0.012370021,0.021991149,0.0061086523
1760726296693,-0.00870483,0.02321288,0.0047342055
1760726296695,-0.00870483,0.02321288,0.0047342055
1760726296698,-0.00870483,0.021991149,0.002443461
1760726296700,-0.004886922,0.02443461,0.0022907446
1760726296702,-0.0062613687,0.021991149,0.0010690142
1760726296704,-0.0050396384,0.021991149,-1.5271631E-4
1760726296707,-0.0062613687,0.02076942,-0.002443461
1760726296709,-0.0038179078,0.02076942,-0.0036651916
1760726296712,-0.0062613687,0.02321288,-0.0038179078
1760726296714,-0.00870483,0.02076942,-0.008552114
1760726296716,-0.00870483,0.019547688,-0.008552114
1760726296718,-0.00992656,0.019547688,-0.009773844
1760726296720,-0.0125227375,0.017256944,-0.008552114
1760726296722,-0.0125227375,0.017256944,-0.009773844
1760726296725,-0.0125227375,0.018478673,-0.013439035
1760726296727,-0.016187929,0.018478673,-0.013439035
1760726296730,-0.013744468,0.018478673,-0.010995574
1760726296732,-0.012370021,0.023365596,-0.00992656
1760726296733,-0.013591751,0.022143865,-0.012370021
1760726296736,-0.013744468,0.020922136,-0.014660766
1760726296739,-0.016187929,0.020922136,-0.013439035
1760726296740,-0.013744468,0.018478673,-0.012217305
1760726296743,-0.00992656,0.019547688,-0.012217305
1760726296746,-0.00992656,0.017104227,-0.009773844
1760726296747,-0.0125227375,0.017256944,-0.008552114
1760726296749,-0.0125227375,0.017256944,-0.0061086523
1760726296752,-0.012370021,0.018478673,-0.0061086523
1760726296753,-0.013591751,0.018478673,-0.0036651916
1760726296756,-0.013591751,0.018478673,-0.002443461
1760726296758,-0.014966198,0.018478673,-0.002443461
1760726296761,-0.016187929,0.016035212,-0.002443461
1760726296763,-0.014966198,0.011148291,-0.0012217305
1760726296765,-0.0125227375,0.011148291,0.0
1760726296767,-0.010079277,0.0061086523,0.0012217305
1760726296770,-0.0076358155,0.0036651916,0.0012217305
1760726296772,-0.0076358155,-0.0022907446,0.0012217305
1760726296774,-0.0065668016,-0.0047342055,0.0
1760726296777,-0.0053450707,-0.0096211275,1.5271631E-4
1760726296779,-0.0041233404,-0.009773844,0.0013744468
1760726296781,-0.0065668016,-0.010842858,0.0013744468
1760726296783,-0.009010263,-0.0096211275,0.0025961774
1760726296786,-0.012675454,-0.0096211275,0.0050396384
1760726296788,-0.010231993,-0.008399397,0.0050396384
1760726296790,-0.012675454,-0.0096211275,0.0050396384
1760726296792,-0.010231993,-0.008399397,0.0062613687
1760726296794,-0.011453724,-0.005955936,0.0038179078
1760726296797,-0.011453724,-0.0035124752,0.0036651916
1760726296799,-0.0125227375,0.0025961774,0.0061086523
1760726296802,-0.0125227375,0.0038179078,0.004886922
1760726296803,-0.0125227375,0.0062613687,0.004886922
1760726296806,-0.010079277,0.007330383,0.004886922
1760726296809,-0.010079277,0.008552114,0.004886922
1760726296811,-0.0125227375,0.00870483,0.002443461
1760726296813,-0.013744468,0.0062613687,0.0012217305
1760726296815,-0.013744468,0.0062613687,0.0
1760726296818,-0.013744468,0.0062613687,0.0012217305
1760726296820,-0.016340645,1.5271631E-4,0.0
1760726296822,-0.018784106,-0.0035124752,-0.002443461
1760726296824,-0.018784106,-0.0047342055,1.5271631E-4
1760726296827,-0.017562376,-0.005955936,-0.0035124752
1760726296828,-0.015118915,-0.0071776668,1.5271631E-4
1760726296831,-0.016340645,-0.0047342055,-0.0035124752
1760726296833,-0.017562376,-0.008399397,-0.0022907446
1760726296836,-0.017562376,-0.008399397,-0.0010690142
1760726296838,-0.016340645,-0.005955936,-0.0010690142
1760726296840,-0.017562376,-0.0047342055,0.0013744468
1760726296842,-0.017562376,-0.0071776668,0.0013744468
1760726296845,-0.015118915,-0.0035124752,0.002443461
1760726296847,-0.017562376,-0.0035124752,0.0025961774
1760726296849,-0.013897184,-0.0047342055,0.0025961774
1760726296852,-0.013897184,-0.0071776668,0.0038179078
1760726296854,-0.012675454,-0.0096211275,0.0050396384
1760726296856,-0.011453724,-0.010842858,0.0038179078
1760726296859,-0.009010263,-0.012064588,0.0062613687
1760726296860,-0.010231993,-0.01572978,0.0062613687
1760726296863,-0.0065668016,-0.01695151,0.0062613687
1760726296865,-0.009010263,-0.01695151,0.007483099
1760726296867,-0.010231993,-0.01695151,0.007483099
1760726296870,-0.01282817,-0.023060163,0.00870483
1760726296872,-0.015271631,-0.021838432,0.007483099
1760726296875,-0.016493361,-0.025350908,0.007483099
1760726296877,-0.014049901,-0.026725354,0.00992656
1760726296879,-0.016493361,-0.025503624,0.00992656
1760726296881,-0.016493361,-0.026725354,0.011148291
1760726296883,-0.017715093,-0.025503624,0.012370021
1760726296885,-0.020158553,-0.020463986,0.012370021
1760726296888,-0.016493361,-0.01695151,0.011148291
1760726296890,-0.017562376,-0.013286319,0.011148291
1760726296893,-0.017562376,-0.012064588,0.012370021
1760726296894,-0.017562376,-0.0047342055,0.012370021
1760726296897,-0.016187929,1.5271631E-4,0.013439035
1760726296899,-0.016187929,0.0050396384,0.013439035
1760726296901,-0.013744468,0.007483099,0.010995574
1760726296904,-0.013591751,0.014660766,0.012217305
1760726296905,-0.013744468,0.012217305,0.012217305
1760726296908,-0.012370021,0.014660766,0.012217305
1760726296910,-0.012370021,0.014660766,0.010995574
1760726296913,-0.013744468,0.012217305,0.009773844
1760726296915,-0.0125227375,0.009773844,0.008552114
1760726296918,-0.0125227375,0.0050396384,0.0061086523
1760726296919,-0.014966198,0.0050396384,0.004886922
1760726296922,-0.011301007,0.0013744468,0.0036651916
1760726296924,-0.013897184,-0.0022907446,0.002443461
1760726296926,-0.015118915,-0.0035124752,0.0012217305
1760726296929,-0.016340645,-0.008399397,-0.0010690142
1760726296931,-0.017562376,-0.0096211275,-0.0010690142
1760726296934,-0.016493361,-0.010842858,-0.0035124752
1760726296935,-0.016493361,-0.010842858,-0.005955936
1760726296938,-0.016493361,-0.0096211275,-0.0071776668
1760726296940,-0.020158553,-0.008246681,-0.0071776668
1760726296942,-0.020158553,-0.00580322,-0.0096211275
1760726296944,-0.021380283,-0.00580322,-0.012064588
1760726296946,-0.020005837,-0.004581489,-0.0096211275
1760726296948,-0.017562376,-0.0010690142,-0.010995574
1760726296951,-0.018784106,-0.0010690142,-0.010995574
1760726296953,-0.018784106,0.0013744468,-0.013439035
1760726296955,-0.017562376,0.0013744468,-0.009773844
1760726296957,-0.016340645,1.5271631E-4,-0.012217305
1760726296960,-0.015118915,1.5271631E-4,-0.013439035
1760726296962,-0.013897184,1.5271631E-4,-0.010995574
1760726296965,-0.011453724,0.0013744468,-0.012217305
1760726296966,-0.010231993,1.5271631E-4,-0.009773844
1760726296969,-0.009010263,-0.0010690142,-0.008552114
1760726296971,-0.003970624,0.002443461,-0.007330383
1760726296974,-0.005192355,0.004886922,-0.0061086523
1760726296976,-0.005192355,0.008552114,-0.0036651916
1760726296978,-0.005192355,0.009773844,-0.0036651916
1760726296980,-0.0050396384,0.014660766,-0.002443461
1760726296983,-0.0025961774,0.015882496,-0.0012217305
1760726296985,0.0010690142,0.015882496,-0.002443461
1760726296987,0.0010690142,0.018325957,-0.0012217305
1760726296989,0.0,0.02076942,-1.5271631E-4
1760726296991,0.0012217305,0.020616703,-1.5271631E-4
1760726296994,0.0036651916,0.023060163,0.0010690142
1760726296996,0.002443461,0.024281893,0.0010690142
1760726296999,0.004886922,0.024281893,0.0010690142
1760726297000,0.004886922,0.024281893,-1.5271631E-4
1760726297003,0.0036651916,0.021838432,-1.5271631E-4
1760726297005,0.0036651916,0.020616703,-1.5271631E-4
1760726297008,0.002443461,0.020616703,0.0010690142
1760726297010,0.0012217305,0.019394971,0.002443461
1760726297012,-0.0013744468,0.015882496,0.0012217305
1760726297014,-0.0013744468,0.015882496,-0.0012217305
1760726297017,-0.0038179078,0.019547688,-0.0012217305
1760726297019,-0.0025961774,0.015882496,-0.0012217305
1760726297021,-0.0038179078,0.02076942,-0.002443461
1760726297023,-0.0062613687,0.021991149,-0.0038179078
1760726297026,-0.0062613687,0.02321288,-0.0050396384
1760726297028,-0.007483099,0.02565634,-0.0050396384
1760726297030,-0.0062613687,0.02687807,-0.0050396384
1760726297032,-0.004886922,0.030543262,-0.0050396384
1760726297034,-0.004886922,0.029321533,-0.0050396384
1760726297037,-0.002443461,0.03176499,-0.0050396384
1760726297039,-0.002443461,0.032986723,-0.0062613687
1760726297042,0.0012217305,0.035277467,-0.0062613687
1760726297044,0.0,0.030390546,-0.00870483
1760726297046,0.0,0.028099801,-0.00870483
1760726297048,0.0,0.02443461,-0.007483099
1760726297051,-0.0013744468,0.021991149,-0.0062613687
1760726297053,-0.0013744468,0.02076942,-0.0062613687
1760726297056,-0.0038179078,0.019547688,-0.004886922
1760726297058,-0.0050396384,0.014660766,-0.004886922
1760726297060,-0.0050396384,0.018325957,-0.0036651916
1760726297062,-0.0050396384,0.015882496,-0.004886922
1760726297064,-0.0050396384,0.015882496,-0.0036651916
1760726297067,-0.0050396384,0.014660766,-0.0061086523
1760726297069,-0.0062613687,0.014660766,-0.004886922
1760726297071,-1.5271631E-4,0.007330383,-0.0036651916
1760726297073,-3.0543262E-4,0.004886922,-0.0061086523
1760726297075,9.162979E-4,0.002443461,-0.007330383
1760726297078,0.0021380284,0.002443461,-0.0061086523
1760726297080,0.0021380284,0.0012217305,-0.0061086523
1760726297082,0.004581489,-0.0036651916,-0.007330383
1760726297084,0.0033597588,-0.0061086523,-0.0061086523
1760726297087,-4.5814895E-4,-0.008552114,-0.008399397
1760726297089,-0.0041233404,-0.0071776668,-0.005955936
1760726297091,-0.0016798794,-0.010995574,-0.0071776668
1760726297093,-0.00290161,-0.008399397,-0.008399397
1760726297096,-0.0053450707,-0.0096211275,-0.0071776668
1760726297098,-0.0053450707,-0.005955936,-0.0061086523
1760726297100,-0.003970624,0.002443461,-0.0061086523
1760726297103,-0.005192355,0.007330383,-0.0036651916
1760726297105,-0.0038179078,0.013439035,-0.002443461
1760726297107,-0.007483099,0.021991149,-0.0013744468
1760726297110,-0.004886922,0.028099801,0.0010690142
1760726297112,-0.002443461,0.03283401,0.0010690142
1760726297114,-0.002443461,0.03283401,0.005955936
1760726297117,-0.0035124752,0.0364992,0.0071776668
1760726297119,-0.0022907446,0.03894266,0.0071776668
1760726297121,1.5271631E-4,0.0364992,0.008399397
1760726297123,0.0013744468,0.0364992,0.010842858
1760726297125,0.0013744468,0.034055736,0.008399397
1760726297127,0.0038179078,0.03283401,0.0071776668
1760726297130,0.0025961774,0.030390546,0.0096211275
1760726297132,0.0036651916,0.023060163,0.010842858
1760726297134,0.004886922,0.023060163,0.010842858
1760726297137,0.0036651916,0.020616703,0.0071776668
1760726297139,0.0036651916,0.01817324,0.0061086523
1760726297142,0.0036651916,0.01695151,0.007330383
1760726297144,0.0010690142,0.010995574,0.0036651916
1760726297146,0.0022907446,0.007330383,0.0012217305
1760726297148,-0.0027488936,0.0036651916,0.0036651916
1760726297150,-0.003970624,0.0012217305,0.0
1760726297153,-0.005192355,-0.002443461,-0.002443461
1760726297155,-0.006414085,0.0,0.0
1760726297157,-0.0076358155,1.5271631E-4,-0.0036651916
1760726297160,-0.006414085,0.0012217305,-0.002443461
1760726297162,-0.0076358155,0.0012217305,-0.0012217305
1760726297164,-0.0076358155,0.0036651916,-0.0036651916
1760726297167,-0.008857546,0.010995574,-0.0036651916
1760726297169,-0.007483099,0.015882496,-0.0036651916
1760726297171,-0.0062613687,0.02076942,-0.002443461
1760726297173,-0.0062613687,0.021991149,-0.0038179078
1760726297176,-0.0050396384,0.02443461,-0.0038179078
1760726297178,-0.0036651916,0.028099801,-0.0025961774
1760726297180,-0.002443461,0.02687807,-0.0013744468
1760726297182,-0.0012217305,0.02321288,-0.0025961774
1760726297184,0.0012217305,0.02076942,-0.0025961774
1760726297187,0.0010690142,0.015882496,-0.0012217305
1760726297189,-1.5271631E-4,0.012217305,0.0
1760726297191,0.0035124752,0.013286319,-0.0012217305
1760726297193,0.0047342055,0.007330383,-0.0012217305
1760726297196,0.005955936,0.0047342055,0.0
1760726297198,0.0047342055,0.002443461,-0.0012217305
1760726297201,0.0033597588,-0.0012217305,-0.002443461
1760726297203,0.004581489,-0.0061086523,-0.002443461
1760726297205,0.004581489,-0.007330383,-0.0012217305
1760726297207,0.0021380284,-0.010995574,-0.0010690142
1760726297210,7.6358154E-4,-0.013439035,-0.0022907446
1760726297212,0.001985312,-0.014660766,-0.0022907446
1760726297214,9.162979E-4,-0.010995574,-0.0010690142
1760726297217,0.0021380284,-0.010995574,-0.0010690142
1760726297219,-0.0015271631,-0.007330383,0.0013744468
1760726297221,0.0021380284,-0.0036651916,0.002443461
1760726297223,9.162979E-4,-0.002443461,0.0
1760726297225,-0.0015271631,0.002443461,0.0012217305
1760726297227,-0.0027488936,0.007330383,-0.002443461
1760726297231,-1.5271631E-4,0.008552114,-0.0012217305
1760726297232,-0.0025961774,0.013439035,-0.002443461
1760726297235,-0.0025961774,0.015882496,-0.0012217305
1760726297237,-0.0013744468,0.015882496,-0.002443461
1760726297239,-0.0013744468,0.019547688,0.0
1760726297241,-1.5271631E-4,0.017104227,0.0
1760726297243,-0.0013744468,0.014660766,-0.0012217305
1760726297246,-0.0013744468,0.014660766,-0.0012217305
1760726297248,0.0010690142,0.012217305,-0.0012217305
1760726297250,-1.5271631E-4,0.012217305,-0.002443461
1760726297252,-1.5271631E-4,0.012217305,-0.002443461
1760726297255,-0.0038179078,0.009773844,-0.002443461
1760726297257,-0.0013744468,0.009773844,-0.0036651916
1760726297260,-0.0013744468,0.010995574,-0.002443461
1760726297262,-0.0013744468,0.010995574,-0.0012217305
1760726297264,-0.0015271631,0.007330383,-0.004886922
1760726297266,-1.5271631E-4,0.008552114,-0.002443461
1760726297268,-1.5271631E-4,0.0061086523,-0.002443461
1760726297271,9.162979E-4,0.0036651916,-0.002443461
1760726297273,0.0047342055,0.002443461,-0.0036651916
1760726297275,0.0033597588,0.0012217305,-0.004886922
1760726297277,0.00580322,-0.0036651916,-0.0061086523
1760726297280,0.009468411,-0.0061086523,-0.008552114
1760726297282,0.008246681,-0.009773844,-0.0071776668
1760726297285,0.0070249503,-0.014660766,-0.0071776668
1760726297286,0.008093964,-0.018325957,-0.008399397
1760726297289,0.009468411,-0.014660766,-0.005955936
1760726297291,0.0106901415,-0.014660766,-0.0071776668
1760726297293,0.009468411,-0.008552114,-0.0061086523
1760726297295,0.008246681,-0.008552114,-0.004886922
1760726297298,0.009468411,-0.002443461,-0.0061086523
1760726297300,0.0071776668,0.002443461,-0.0036651916
1760726297302,0.0071776668,0.0071776668,-0.0036651916
1760726297305,0.008399397,0.0071776668,-0.0036651916
1760726297307,0.008399397,0.008399397,-0.0012217305
1760726297309,0.0096211275,0.010842858,-0.002443461
1760726297311,0.0096211275,0.010842858,-0.0036651916
1760726297314,0.008399397,0.008399397,-0.002443461
1760726297316,0.008399397,0.005955936,-0.0012217305
1760726297318,0.008399397,0.0022907446,-0.002443461
1760726297320,0.008399397,0.0010690142,-0.002443461
1760726297323,0.010842858,-0.0013744468,-0.0012217305
1760726297325,0.008246681,-0.004886922,-0.0036651916
1760726297327,0.0106901415,-0.0050396384,-0.002443461
1760726297330,0.008246681,-0.002443461,-0.0036651916
1760726297332,0.010842858,-0.0025961774,-0.0036651916
1760726297334,0.010842858,-1.5271631E-4,-0.007330383
1760726297337,0.0071776668,0.0036651916,-0.0061086523
1760726297339,0.0071776668,0.0071776668,-0.007330383
1760726297341,0.0071776668,0.0096211275,-0.007330383
1760726297344,0.0047342055,0.009773844,-0.007330383
1760726297346,0.0035124752,0.014660766,-0.008552114
1760726297348,0.0022907446,0.015882496,-0.0061086523
1760726297350,0.0010690142,0.015882496,-0.0061086523
1760726297353,0.0010690142,0.02076942,-0.0062613687
1760726297355,0.0,0.021991149,-0.0050396384
1760726297357,-0.0013744468,0.02076942,-0.0050396384
1760726297359,-1.5271631E-4,0.02076942,-0.0038179078
1760726297361,0.002443461,0.019394971,-0.002443461
1760726297364,0.0022907446,0.015882496,-0.002443461
1760726297366,0.0047342055,0.01572978,-0.0036651916
1760726297369,0.004886922,0.01695151,-0.002443461
1760726297370,0.0071776668,0.010842858,-0.002443461
1760726297373,0.008399397,0.010842858,0.0012217305
1760726297375,0.008399397,0.0096211275,0.0012217305
1760726297377,0.005955936,0.0047342055,0.002443461
1760726297380,0.005955936,0.0035124752,0.002443461
1760726297382,0.0035124752,0.002443461,0.0012217305
1760726297385,0.0033597588,-0.0012217305,0.002443461
1760726297387,9.162979E-4,0.0,0.002443461
1760726297389,0.0033597588,-0.0012217305,0.0036651916
1760726297392,9.162979E-4,0.0,0.0061086523
1760726297394,0.0021380284,-0.0036651916,0.0036651916
1760726297396,0.0033597588,0.0,0.004886922
1760726297398,-0.0015271631,0.0,0.004886922
1760726297401,-0.003970624,-0.002443461,0.0061086523
1760726297403,-0.005192355,0.0,0.0036651916
1760726297404,-0.006414085,-0.0012217305,0.004886922
1760726297407,-0.003970624,-0.0012217305,0.004886922
1760726297410,-0.003970624,0.0012217305,0.004886922
1760726297412,-0.0076358155,0.004886922,0.0061086523
1760726297414,-0.008857546,0.004886922,0.0036651916
1760726297416,-0.0076358155,0.008552114,0.0036651916
1760726297419,-0.006414085,0.009773844,0.002443461
1760726297421,-0.0062613687,0.013439035,0.004886922
1760726297422,-0.007483099,0.018325957,0.0036651916
1760726297425,-0.00992656,0.02443461,0.0047342055
1760726297428,-0.012370021,0.02687807,0.0047342055
1760726297430,-0.012370021,0.029321533,0.0035124752
1760726297432,-0.013591751,0.02687807,0.0010690142
1760726297434,-0.014813482,0.02687807,0.0022907446
1760726297437,-0.016035212,0.02565634,0.0022907446
1760726297439,-0.017256944,0.023365596,0.004886922
1760726297442,-0.014813482,0.018325957,0.0036651916
1760726297443,-0.014966198,0.017256944,0.0012217305
1760726297446,-0.014966198,0.012370021,0.002443461
1760726297448,-0.0125227375,0.011148291,0.002443461
1760726297450,-0.011301007,0.007483099,0.0012217305
1760726297453,-0.0125227375,0.0050396384,0.0012217305
1760726297454,-0.010079277,0.0013744468,0.0012217305
1760726297457,-0.011453724,-0.0035124752,-0.0012217305
1760726297459,-0.0065668016,-0.0071776668,-0.0010690142
1760726297462,-0.010231993,-0.008399397,-0.0022907446
1760726297464,-0.010231993,-0.008399397,-0.0022907446
1760726297466,-0.011453724,-0.0096211275,-0.0035124752
1760726297469,-0.011453724,-0.0096211275,-0.0035124752
1760726297470,-0.010231993,-0.0096211275,-0.0022907446
1760726297475,-0.011453724,-0.008399397,-0.0010690142
1760726297476,-0.013897184,-0.0096211275,-0.0010690142
1760726297477,-0.013897184,-0.0071776668,-0.0010690142
1760726297480,-0.012675454,-0.005955936,-0.0010690142
1760726297481,-0.013897184,-0.005955936,1.5271631E-4
1760726297484,-0.015118915,-0.005955936,-0.0010690142
1760726297486,-0.015118915,1.5271631E-4,0.002443461
1760726297489,-0.012675454,1.5271631E-4,0.0036651916
1760726297491,-0.013897184,0.0013744468,0.002443461
1760726297494,-0.013744468,0.0050396384,0.0012217305
1760726297495,-0.0125227375,0.0062613687,0.0036651916
1760726297498,-0.007483099,0.012217305,0.002443461
1760726297500,-0.0050396384,0.013439035,0.0
1760726297502,-0.007483099,0.013439035,0.002443461
1760726297504,-0.0062613687,0.017104227,0.0012217305
1760726297506,-0.0062613687,0.013439035,0.002443461
1760726297509,-0.0062613687,0.014660766,0.0012217305
1760726297511,-0.0062613687,0.015882496,0.0012217305
1760726297513,-0.0050396384,0.017104227,0.0012217305
1760726297515,-0.007483099,0.018325957,0.0
1760726297518,-0.0062613687,0.013439035,-0.002443461
1760726297520,-0.006414085,0.008552114,-0.002443461
1760726297523,-0.006414085,0.0036651916,-0.002443461
1760726297525,-0.008857546,0.0025961774,-0.004886922
1760726297527,-0.0076358155,0.0013744468,-0.004886922
1760726297529,-0.009010263,-0.0022907446,-0.004886922
1760726297532,-0.011453724,-0.0047342055,-0.007330383
1760726297534,-0.010231993,-0.0047342055,-0.007330383
1760726297536,-0.007788532,-0.0071776668,-0.008399397
1760726297538,-0.0065668016,-0.0096211275,-0.0071776668
1760726297541,-0.0065668016,-0.012064588,-0.008399397
1760726297543,-0.0041233404,-0.012064588,-0.010842858
1760726297545,-0.007788532,-0.012064588,-0.0096211275
1760726297548,-0.0041233404,-0.01450805,-0.012064588
1760726297550,-0.00290161,-0.01450805,-0.010842858
1760726297552,-0.0053450707,-0.01450805,-0.010842858
1760726297554,-0.00290161,-0.013286319,-0.010842858
1760726297556,-0.0065668016,-0.010842858,-0.0096211275
1760726297559,-0.0065668016,-0.008399397,-0.010842858
1760726297561,-0.007788532,-0.005955936,-0.009773844
1760726297564,-0.0065668016,-0.0035124752,-0.007330383
1760726297565,-0.005192355,-0.0022907446,-0.007330383
1760726297568,-0.005192355,0.0,-0.007330383
1760726297571,-0.003970624,0.0012217305,-0.0061086523
1760726297573,-3.0543262E-4,0.0012217305,-0.008552114
1760726297575,0.0033597588,0.0012217305,-0.007330383
1760726297577,0.0033597588,0.0,-0.007330383
1760726297579,0.0035124752,0.0036651916,-0.0061086523
1760726297582,0.005955936,0.0061086523,-0.0061086523
1760726297584,0.0071776668,0.004886922,-0.0061086523
1760726297586,0.0071776668,0.002443461,-0.004886922
1760726297589,0.005955936,0.0061086523,-0.004886922
1760726297591,0.008399397,0.005955936,-0.004886922
1760726297593,0.0071776668,0.0035124752,-0.0036651916
1760726297596,0.005955936,0.002443461,-0.0036651916
1760726297597,0.00580322,0.0012217305,-0.0061086523
1760726297600,0.008399397,0.0012217305,-0.0061086523
1760726297602,0.004581489,0.002443461,-0.0061086523
1760726297604,0.00580322,-0.002443461,-0.004886922
1760726297607,0.004581489,0.0012217305,-0.0061086523
1760726297609,0.00580322,-0.004886922,-0.0061086523
1760726297611,0.0033597588,-0.0061086523,-0.007330383
1760726297613,0.0033597588,-0.007330383,-0.008552114
1760726297616,0.0021380284,-0.007330383,-0.009773844
1760726297618,-4.5814895E-4,-0.008552114,-0.0096211275
1760726297620,7.6358154E-4,-0.008552114,-0.012064588
1760726297623,-4.5814895E-4,-0.008552114,-0.012064588
1760726297625,-4.5814895E-4,-0.008552114,-0.012064588
1760726297627,-0.0027488936,-0.0036651916,-0.009773844
1760726297629,-0.0053450707,-0.0022907446,-0.010995574
1760726297632,-0.005192355,-0.0022907446,-0.009773844
1760726297634,-0.0076358155,1.5271631E-4,-0.008552114
1760726297636,-0.005192355,0.0012217305,-0.008552114
1760726297639,-0.007788532,-0.0010690142,-0.008552114
1760726297645,-0.010231993,-0.005955936,-0.0071776668
1760726297646,-0.011453724,-0.008399397,-0.005955936
1760726297646,-0.011453724,-0.0096211275,-0.0071776668
1760726297649,-0.014049901,-0.010842858,-0.0071776668
1760726297650,-0.01160644,-0.013286319,-0.0071776668
1760726297652,-0.014049901,-0.01450805,-0.0071776668
1760726297655,-0.01282817,-0.01450805,-0.005955936
1760726297657,-0.01282817,-0.01572978,-0.0035124752
1760726297659,-0.011453724,-0.013286319,-0.0047342055
1760726297661,-0.014049901,-0.01695151,-0.0035124752
1760726297663,-0.01282817,-0.01450805,-0.0047342055
1760726297665,-0.014049901,-0.012064588,-0.0035124752
1760726297668,-0.010231993,-0.010842858,-0.0035124752
1760726297670,-0.010231993,-0.008399397,-0.0022907446
1760726297672,-0.013897184,-0.005955936,-0.0035124752
1760726297675,-0.015118915,-0.0035124752,-0.002443461
1760726297677,-0.012675454,-0.0035124752,-0.002443461
1760726297680,-0.010231993,-0.0022907446,-0.002443461
1760726297682,-0.011453724,-0.0035124752,-0.002443461
1760726297684,-0.010231993,-0.0047342055,-0.0012217305
1760726297686,-0.009010263,-0.005955936,-0.0010690142
1760726297688,-0.009010263,-0.010842858,-0.0010690142
1760726297691,-0.011453724,-0.01450805,-0.0010690142
1760726297693,-0.010231993,-0.01450805,-0.0035124752
1760726297695,-0.009010263,-0.01572978,-0.0022907446
1760726297697,-0.01160644,-0.020616703,-0.0022907446
1760726297700,-0.01160644,-0.020616703,-0.0010690142
1760726297702,-0.01038471,-0.024281893,-0.0022907446
1760726297704,-0.014049901,-0.024129177,-0.0035124752
1760726297706,-0.0154243475,-0.026572637,-0.0010690142
1760726297709,-0.0154243475,-0.026572637,-0.0010690142
1760726297711,-0.017715093,-0.022907447,-0.0022907446
1760726297714,-0.018936822,-0.020463986,-0.0010690142
1760726297715,-0.014049901,-0.01817324,-0.0022907446
1760726297718,-0.014049901,-0.01695151,-0.0022907446
1760726297720,-0.015118915,-0.0096211275,-0.0022907446
1760726297722,-0.013897184,-0.0071776668,-0.0010690142
1760726297725,-0.015118915,-0.005955936,-0.0010690142
1760726297727,-0.017562376,-0.0022907446,0.0
1760726297729,-0.017562376,-0.0010690142,-0.002443461
1760726297732,-0.015118915,0.0025961774,-0.002443461
1760726297734,-0.015118915,0.0038179078,-0.002443461
1760726297736,-0.015118915,0.0038179078,-0.0012217305
1760726297739,-0.011301007,0.0050396384,0.0
1760726297741,-0.010079277,0.0038179078,0.0
1760726297743,-0.011301007,0.0025961774,0.0
1760726297745,-0.011301007,0.0013744468,0.0012217305
1760726297748,-0.013897184,-0.0010690142,-0.002443461
1760726297750,-0.013897184,-0.0035124752,-0.0012217305
1760726297752,-0.013897184,-0.0035124752,0.0
1760726297754,-0.012675454,-0.0047342055,-0.002443461
1760726297762,-0.012675454,-0.0071776668,-0.0022907446
1760726297762,-0.015118915,-0.005955936,-0.0010690142
1760726297762,-0.016340645,-0.005955936,-0.0010690142
1760726297762,-0.017562376,-0.005955936,-0.0022907446
1760726297765,-0.016493361,-0.0096211275,-0.0035124752
1760726297767,-0.016340645,-0.0071776668,1.5271631E-4
1760726297769,-0.013897184,-0.005955936,-0.0022907446
1760726297771,-0.017562376,-0.0047342055,-0.0010690142
1760726297774,-0.015118915,-0.005955936,-0.0022907446
1760726297776,-0.017562376,-0.0071776668,-0.0022907446
1760726297778,-0.018936822,-0.0096211275,-0.0022907446
1760726297781,-0.017562376,-0.0035124752,-0.002443461
1760726297783,-0.016340645,-0.0071776668,-0.0010690142
1760726297786,-0.013897184,-0.0047342055,-0.0010690142
1760726297787,-0.012675454,-0.0022907446,-0.0012217305
1760726297790,-0.012675454,-0.0035124752,-0.002443461
1760726297793,-0.010231993,-0.0047342055,-0.0036651916
1760726297794,-0.0076358155,1.5271631E-4,-0.004886922
1760726297796,-0.011453724,-0.0010690142,-0.0061086523
1760726297799,-0.011453724,-0.0010690142,-0.007330383
1760726297801,-0.007788532,-0.0047342055,-0.007330383
1760726297803,-0.007788532,-0.0047342055,-0.008552114
1760726297805,-0.007788532,-0.008399397,-0.0071776668
1760726297808,-0.009010263,-0.0071776668,-0.008399397
1760726297810,-0.0041233404,-0.0071776668,-0.008399397
1760726297812,-0.0065668016,-0.0096211275,-0.008399397
1760726297814,-0.0053450707,-0.0096211275,-0.0071776668
1760726297817,-0.007788532,-0.0096211275,-0.005955936
1760726297820,-0.009010263,-0.008399397,-0.0071776668
1760726297821,-0.010231993,-0.0096211275,-0.0071776668
1760726297824,-0.009010263,-0.0096211275,-0.008399397
1760726297826,-0.009010263,-0.008399397,-0.008399397
1760726297829,-0.0065668016,-0.0035124752,-0.009773844
1760726297830,-0.007788532,-0.005955936,-0.008552114
1760726297833,-0.0065668016,-0.0047342055,-0.008552114
1760726297835,-0.0053450707,-0.005955936,-0.009773844
1760726297837,-0.00290161,-0.0061086523,-0.008552114
1760726297839,-0.0053450707,-0.0047342055,-0.007330383
1760726297842,-0.0053450707,-0.0071776668,-0.005955936
1760726297845,-0.00290161,-0.007330383,-0.0071776668
1760726297847,-0.0016798794,-0.009773844,-0.008399397
1760726297849,-0.00290161,-0.008552114,-0.0071776668
1760726297851,-0.0041233404,-0.0096211275,-0.0071776668
1760726297853,-0.0053450707,-0.012064588,-0.0035124752
1760726297856,-0.0041233404,-0.013286319,-0.0035124752
1760726297858,-0.0016798794,-0.01695151,-0.0022907446
1760726297860,-0.005497787,-0.020616703,-0.0035124752
1760726297863,-0.0053450707,-0.019394971,-0.0010690142
1760726297865,-0.00290161,-0.01817324,-0.0022907446
1760726297867,-0.00290161,-0.01695151,1.5271631E-4
1760726297869,-0.0041233404,-0.01695151,0.0013744468
1760726297871,-0.00290161,-0.013439035,0.0013744468
1760726297873,-0.0065668016,-0.008399397,0.0013744468
1760726297876,-0.006414085,-0.0036651916,0.0036651916
1760726297879,-0.007788532,-0.0071776668,0.0025961774
1760726297880,-0.006414085,-0.004886922,0.0036651916
1760726297883,-0.005192355,-0.0061086523,0.0025961774
1760726297885,-0.003970624,-0.0036651916,0.002443461
1760726297888,-0.0015271631,-0.004886922,0.0036651916
1760726297890,-0.0015271631,-0.008552114,0.0025961774
1760726297892,-0.00290161,-0.009773844,0.0050396384
1760726297894,-0.003970624,-0.007330383,0.0038179078
1760726297900,-0.0053450707,-0.010995574,0.0038179078
1760726297900,-0.0065668016,-0.013286319,0.0025961774
1760726297901,-0.0065668016,-0.010842858,0.0013744468
1760726297903,-0.010231993,-0.008399397,0.0013744468
1760726297905,-0.009010263,-0.005955936,0.0025961774
1760726297908,-0.012675454,-0.008399397,0.0013744468
1760726297910,-0.013897184,-0.008399397,1.5271631E-4
1760726297912,-0.011453724,-0.008399397,-0.0035124752
1760726297914,-0.012675454,-0.010842858,-0.0022907446
1760726297917,-0.015271631,-0.012064588,-0.0010690142
1760726297919,-0.013897184,-0.0096211275,-0.0022907446
1760726297921,-0.015118915,-0.010842858,-0.0010690142
1760726297924,-0.015118915,-0.0096211275,-0.0010690142
1760726297926,-0.013897184,-0.008399397,-0.0010690142
1760726297928,-0.013897184,-0.012064588,-0.0010690142
1760726297931,-0.014049901,-0.01572978,1.5271631E-4
1760726297933,-0.01282817,-0.01695151,1.5271631E-4
1760726297935,-0.015271631,-0.01572978,-0.0022907446
1760726297937,-0.014049901,-0.01695151,1.5271631E-4
1760726297940,-0.01160644,-0.01695151,0.0025961774
1760726297942,-0.009010263,-0.01695151,0.0038179078
1760726297944,-0.014049901,-0.01450805,0.0025961774
1760726297946,-0.011453724,-0.012064588,-0.0010690142
1760726297948,-0.010231993,-0.012064588,1.5271631E-4
1760726297951,-0.011453724,-0.010842858,0.0025961774
1760726297954,-0.009010263,-0.008399397,0.0013744468
1760726297955,-0.009010263,-0.0096211275,0.0050396384
1760726297958,-0.010231993,-0.008399397,0.0038179078
1760726297960,-0.009010263,-0.008399397,0.0050396384
1760726297962,-0.010231993,-0.008399397,0.0050396384
1760726297964,-0.009010263,-0.008399397,0.0050396384
1760726297966,-0.009010263,-0.008399397,0.0038179078
1760726297969,-0.009010263,-0.0047342055,0.002443461
1760726297971,-0.007788532,-0.0047342055,0.0012217305
1760726297973,-0.009010263,-0.0035124752,0.002443461
1760726297976,-0.0076358155,0.0,0.0036651916
1760726297978,-0.008857546,0.004886922,0.0036651916
1760726297980,-0.011301007,0.0038179078,0.004886922
1760726297983,-0.0125227375,0.0062613687,0.004886922
1760726297985,-0.014966198,0.007483099,0.0061086523
1760726297987,-0.016187929,0.00870483,0.0061086523
1760726297989,-0.01985312,0.00992656,0.004886922
1760726297992,-0.016187929,0.011148291,0.007330383
1760726297994,-0.014966198,0.00992656,0.007330383
1760726297996,-0.016187929,0.00992656,0.0061086523
1760726297998,-0.014966198,0.0062613687,0.0061086523
1760726298001,-0.0125227375,0.0062613687,0.0061086523
1760726298003,-0.013744468,0.0062613687,0.0061086523
1760726298005,-0.0125227375,0.0050396384,0.0061086523
1760726298007,-0.016187929,0.0050396384,0.0061086523
1760726298009,-0.0125227375,0.0050396384,0.004886922
1760726298012,-0.011301007,0.0013744468,0.004886922
1760726298014,-0.0125227375,0.0050396384,0.0061086523
1760726298016,-0.011301007,0.0038179078,0.004886922
1760726298019,-0.0125227375,0.0038179078,0.0036651916
1760726298021,-0.013744468,0.0050396384,0.004886922
1760726298023,-0.011301007,0.008552114,0.004886922
1760726298025,-0.011301007,0.008552114,0.002443461
1760726298028,-0.010079277,0.007330383,0.0036651916
1760726298030,-0.010079277,0.0061086523,0.0036651916
1760726298033,-0.008857546,0.0012217305,0.004886922
1760726298034,-0.008857546,0.002443461,0.004886922
1760726298037,-0.011301007,0.0013744468,0.004886922
1760726298039,-0.011301007,1.5271631E-4,0.004886922
1760726298042,-0.010079277,-0.0010690142,0.004886922
1760726298044,-0.015118915,0.0013744468,0.0036651916
1760726298046,-0.013744468,0.007483099,0.0061086523
1760726298048,-0.011301007,0.0036651916,0.008552114
1760726298051,-0.0125227375,0.0013744468,0.012217305
1760726298053,-0.010231993,-0.0061086523,0.016035212
1760726298055,-0.006414085,-0.009773844,0.020922136
1760726298058,-0.006414085,-0.009773844,0.018478673
1760726298060,-0.006414085,-0.002443461,0.015882496
1760726298062,-0.006414085,0.0012217305,0.009773844
1760726298064,-0.008857546,0.004886922,0.007330383
1760726298066,-0.011301007,0.008552114,0.0036651916
1760726298069,-0.016187929,0.007483099,0.004886922
1760726298071,-0.016187929,0.00870483,0.0061086523
1760726298073,-0.014966198,0.0062613687,0.0061086523
1760726298076,-0.0125227375,0.0050396384,0.0061086523
1760726298077,-0.011301007,0.0050396384,0.004886922
1760726298080,-0.011301007,0.007330383,0.0061086523
1760726298083,-0.011301007,0.009773844,0.004886922
1760726298085,-0.0076358155,0.008552114,0.004886922
1760726298086,-0.007483099,0.010995574,0.004886922
1760726298090,-0.0076358155,0.008552114,0.004886922
1760726298091,-0.0062613687,0.013439035,0.0061086523
1760726298093,-0.00992656,0.014660766,0.0036651916
1760726298096,-0.011301007,0.009773844,0.004886922
1760726298099,-0.013744468,0.011148291,0.004886922
1760726298101,-0.013744468,0.00992656,0.002443461
1760726298102,-0.015118915,0.0025961774,0.002443461
1760726298105,-0.01740966,0.0050396384,0.0036651916
1760726298107,-0.014966198,0.0050396384,0.0036651916
1760726298110,-0.015118915,0.0013744468,0.0036651916
1760726298112,-0.017562376,0.0038179078,0.0036651916
1760726298114,-0.018784106,0.0013744468,0.0036651916
1760726298117,-0.016340645,0.0025961774,0.002443461
1760726298119,-0.020005837,0.0038179078,0.004886922
1760726298121,-0.020005837,0.0050396384,0.002443461
1760726298123,-0.020005837,0.0050396384,0.004886922
1760726298125,-0.01985312,0.00870483,0.0061086523
1760726298128,-0.01985312,0.00870483,0.002443461
1760726298130,-0.021227567,0.007483099,0.0012217305
1760726298133,-0.02107485,0.00992656,0.004886922
1760726298134,-0.01985312,0.013591751,0.0036651916
1760726298137,-0.01863139,0.00992656,0.0036651916
1760726298139,-0.01985312,0.011148291,0.004886922
1760726298141,-0.01985312,0.012370021,0.0061086523
1760726298144,-0.013744468,0.012217305,0.0061086523
1760726298146,-0.016187929,0.011148291,0.0061086523
1760726298149,-0.01740966,0.012370021,0.007330383
1760726298151,-0.016187929,0.013591751,0.008552114
1760726298153,-0.013744468,0.013439035,0.007330383
1760726298155,-0.013744468,0.012217305,0.009773844
1760726298157,-0.013744468,0.009773844,0.009773844
1760726298160,-0.016187929,0.0062613687,0.010995574
1760726298162,-0.01863139,0.007483099,0.008552114
1760726298164,-0.016187929,0.0062613687,0.009773844
1760726298167,-0.01740966,0.0025961774,0.010995574
1760726298169,-0.016187929,0.0050396384,0.010995574
1760726298171,-0.01740966,0.0038179078,0.010995574
1760726298173,-0.01985312,0.0050396384,0.010995574
1760726298176,-0.01985312,0.00870483,0.012217305
1760726298178,-0.01985312,0.007483099,0.013439035
1760726298180,-0.014966198,0.010995574,0.012217305
1760726298182,-0.01740966,0.014813482,0.010995574
1760726298185,-0.01985312,0.017256944,0.013439035
1760726298187,-0.01985312,0.018478673,0.013439035
1760726298189,-0.018478673,0.021991149,0.013439035
1760726298192,-0.017256944,0.02443461,0.015882496
1760726298194,-0.016035212,0.02565634,0.01572978
1760726298196,-0.014813482,0.028099801,0.012064588
1760726298198,-0.017256944,0.028099801,0.01450805
1760726298201,-0.019700404,0.02687807,0.01572978
1760726298202,-0.018478673,0.02687807,0.01572978
1760726298205,-0.019700404,0.028099801,0.01450805
1760726298207,-0.019700404,0.02321288,0.015882496
1760726298209,-0.018478673,0.02321288,0.014660766
1760726298211,-0.017256944,0.021991149,0.014660766
1760726298214,-0.022296581,0.018478673,0.013439035
1760726298216,-0.01985312,0.014813482,0.013439035
1760726298219,-0.01985312,0.014813482,0.014660766
1760726298221,-0.01863139,0.012370021,0.013439035
1760726298223,-0.01985312,0.00870483,0.012217305
1760726298225,-0.024892759,0.00870483,0.012217305
1760726298228,-0.02367103,0.0062613687,0.010995574
1760726298230,-0.024892759,0.0038179078,0.008552114
1760726298233,-0.02367103,0.0025961774,0.009773844
1760726298235,-0.022449298,0.0038179078,0.009773844
1760726298236,-0.02733622,0.0050396384,0.009773844
1760726298239,-0.02855795,0.005192355,0.007330383
1760726298241,-0.02733622,0.007483099,0.010995574
1760726298244,-0.032223143,0.008857546,0.010995574
1760726298245,-0.032223143,0.010079277,0.010995574
1760726298249,-0.029626964,0.014813482,0.010995574
1760726298250,-0.028405234,0.018478673,0.008552114
1760726298252,-0.027183503,0.018478673,0.008552114
1760726298254,-0.027183503,0.017256944,0.008552114
1760726298256,-0.023518313,0.019700404,0.010995574
1760726298259,-0.024740042,0.022143865,0.010995574
1760726298261,-0.025961773,0.019700404,0.010995574
1760726298263,-0.019700404,0.019700404,0.012217305
1760726298266,-0.02107485,0.019700404,0.012217305
1760726298268,-0.022296581,0.014813482,0.008552114
1760726298270,-0.02107485,0.012370021,0.010995574
1760726298273,-0.022296581,0.00870483,0.010995574
1760726298275,-0.01740966,0.007483099,0.012217305
1760726298277,-0.01863139,0.0062613687,0.012217305
1760726298279,-0.01985312,0.0050396384,0.014660766
1760726298282,-0.02107485,0.0050396384,0.013439035
1760726298284,-0.01985312,0.0050396384,0.012217305
1760726298286,-0.021227567,0.0050396384,0.012217305
1760726298289,-0.022296581,0.0062613687,0.013439035
1760726298291,-0.021227567,0.0050396384,0.012217305
1760726298293,-0.01985312,0.007483099,0.010995574
1760726298296,-0.01985312,0.007483099,0.010995574
1760726298298,-0.02107485,0.007483099,0.010995574
1760726298300,-0.022296581,0.00870483,0.013439035
1760726298302,-0.02107485,0.011148291,0.013439035
1760726298305,-0.023518313,0.016035212,0.012217305
1760726298307,-0.027183503,0.018478673,0.010995574
1760726298309,-0.024740042,0.019700404,0.009773844
1760726298311,-0.028405234,0.019700404,0.009773844
1760726298314,-0.029626964,0.020922136,0.013439035
1760726298316,-0.032070424,0.024587326,0.013439035
1760726298318,-0.032070424,0.028252518,0.013286319
1760726298320,-0.030695979,0.030695979,0.012064588
1760726298322,-0.029626964,0.028252518,0.010842858
1760726298325,-0.029474247,0.029474247,0.010842858
1760726298328,-0.029474247,0.029474247,0.013286319
1760726298329,-0.029626964,0.028252518,0.012064588
1760726298332,-0.028405234,0.025809057,0.012217305
1760726298334,-0.025809057,0.025809057,0.012217305
1760726298336,-0.024740042,0.023365596,0.009773844
1760726298338,-0.025961773,0.022143865,0.009773844
1760726298341,-0.025961773,0.020922136,0.010995574
1760726298344,-0.025961773,0.017256944,0.008552114
1760726298345,-0.024740042,0.013591751,0.008552114
1760726298348,-0.027183503,0.013591751,0.009773844
1760726298350,-0.02977968,0.011301007,0.0061086523
1760726298352,-0.02855795,0.011148291,0.007330383
1760726298355,-0.02733622,0.00992656,0.008552114
1760726298357,-0.031001411,0.0076358155,0.0061086523
1760726298359,-0.032223143,0.006414085,0.008552114
1760726298362,-0.033444874,0.006414085,0.007330383
1760726298364,-0.032223143,0.006414085,0.007330383
1760726298366,-0.02977968,0.005192355,0.007330383
1760726298368,-0.031001411,0.005192355,0.007330383
1760726298371,-0.02977968,0.003970624,0.007330383
1760726298373,-0.02977968,3.0543262E-4,0.0061086523
1760726298375,-0.02611449,3.0543262E-4,0.004886922
1760726298377,-0.02367103,-0.0022907446,0.007483099
1760726298379,-0.02611449,-0.0021380284,0.0062613687
1760726298382,-0.025045475,-0.004581489,0.0050396384
1760726298384,-0.026267206,-0.00580322,0.0038179078
1760726298386,-0.025045475,-0.009468411,0.0050396384
1760726298389,-0.027488936,-0.009468411,0.0038179078
1760726298390,-0.026267206,-0.0070249503,0.0050396384
1760726298393,-0.027488936,-0.0070249503,0.0050396384
1760726298395,-0.026267206,-0.0070249503,0.0050396384
1760726298398,-0.026267206,-0.008246681,0.0038179078
1760726298400,-0.028710667,-0.0106901415,0.0062613687
1760726298403,-0.026267206,-0.013133603,0.0062613687
1760726298404,-0.025045475,-0.011911872,0.00870483
1760726298407,-0.026267206,-0.008246681,0.00870483
1760726298409,-0.027488936,-0.009468411,0.0062613687
1760726298411,-0.028710667,-0.0106901415,0.0050396384
1760726298414,-0.027488936,-0.013133603,0.0062613687
1760726298416,-0.025045475,-0.013133603,0.0062613687
1760726298418,-0.026267206,-0.011911872,0.0050396384
1760726298421,-0.027488936,-0.013133603,0.0050396384
1760726298423,-0.027488936,-0.013133603,0.0050396384
1760726298425,-0.025045475,-0.013133603,0.0038179078
1760726298427,-0.026267206,-0.015577064,0.0038179078
1760726298430,-0.022602014,-0.016798794,0.0025961774
1760726298432,-0.023823744,-0.013133603,0.0013744468
1760726298434,-0.025045475,-0.0143553335,0.0013744468
1760726298437,-0.026267206,-0.013133603,0.0025961774
1760726298439,-0.025045475,-0.0143553335,0.0025961774
1760726298441,-0.025198191,-0.019242255,0.0013744468
1760726298443,-0.025045475,-0.016798794,1.5271631E-4
1760726298445,-0.025045475,-0.016798794,-0.0010690142
1760726298448,-0.025045475,-0.015577064,1.5271631E-4
1760726298450,-0.025045475,-0.016798794,0.0013744468
1760726298452,-0.020158553,-0.018020526,-0.0010690142
1760726298454,-0.021380283,-0.018020526,1.5271631E-4
1760726298456,-0.021380283,-0.018020526,-0.0035124752
1760726298459,-0.020158553,-0.016798794,-0.0035124752
1760726298461,-0.017715093,-0.015577064,-0.0022907446
1760726298464,-0.015271631,-0.01695151,-0.0047342055
1760726298466,-0.01282817,-0.01695151,-0.005955936
1760726298468,-0.01282817,-0.01572978,-0.005955936
1760726298470,-0.01282817,-0.01450805,-0.0071776668
1760726298473,-0.011453724,-0.012064588,-0.008399397
1760726298474,-0.01038471,-0.013286319,-0.0096211275
1760726298477,-0.0053450707,-0.010842858,-0.010842858
1760726298479,-0.00290161,-0.0047342055,-0.013439035
1760726298482,-0.0027488936,-0.0012217305,-0.013439035
1760726298484,-0.0027488936,0.0036651916,-0.013439035
1760726298486,0.0035124752,0.007330383,-0.012217305
1760726298489,0.005955936,0.007330383,-0.012217305
1760726298491,0.012064588,0.010842858,-0.012217305
1760726298493,0.013439035,0.013286319,-0.010995574
1760726298495,0.017104227,0.013286319,-0.010995574
1760726298498,0.020922136,0.021685716,-0.011148291
1760726298499,0.020922136,0.024129177,-0.00870483
1760726298502,0.023518313,0.03390302,-0.00992656
1760726298504,0.02611449,0.04596761,-0.011301007
1760726298506,0.02733622,0.05085453,-0.011301007
1760726298509,0.02855795,0.055741455,-0.008857546
1760726298511,0.028710667,0.060628377,-0.011301007
1760726298513,0.023823744,0.07040222,-0.011453724
1760726298516,0.023823744,0.07284568,-0.007788532
1760726298518,0.022602014,0.075289145,-0.0053450707
1760726298521,0.02275473,0.0777326,-0.0041233404
1760726298522,0.019089539,0.082619525,-0.00290161
1760726298524,0.0154243475,0.08384126,0.001985312
1760726298526,0.01282817,0.082619525,0.004428773
1760726298529,0.01160644,0.082619525,0.008093964
1760726298531,0.0056505036,0.088728175,0.009315695
1760726298533,0.001985312,0.094989546,0.012980887
1760726298536,-0.00290161,0.09987647,0.0154243475
1760726298538,-0.007788532,0.10842858,0.015271631
1760726298540,-0.009010263,0.11209377,0.015271631
1760726298543,-0.010231993,0.11575896,0.014049901
1760726298545,-0.010079277,0.12308934,0.015271631
1760726298547,-0.010079277,0.12797627,0.015271631
1760726298549,-0.012370021,0.1375974,0.017562376
1760726298552,-0.007330383,0.14370605,0.020005837
1760726298554,-0.008552114,0.14737125,0.021227567
1760726298557,-0.008552114,0.14737125,0.02611449
1760726298559,-0.0061086523,0.1498147,0.02855795
1760726298560,-0.0036651916,0.14844026,0.02977968
1760726298563,-0.004886922,0.14844026,0.031001411
1760726298565,-0.0061086523,0.14859296,0.031001411
1760726298567,-0.008552114,0.14614952,0.02977968
1760726298570,-0.0061086523,0.14859296,0.02611449
1760726298573,-0.0061086523,0.14859296,0.02611449
1760726298575,-0.007330383,0.14614952,0.02367103
1760726298578,-0.0061086523,0.14492778,0.021227567
1760726298579,-0.0038179078,0.13881913,0.020005837
1760726298582,-0.0025961774,0.13515393,0.016340645
1760726298584,-1.5271631E-4,0.13148874,0.013897184
1760726298586,-1.5271631E-4,0.13026701,0.014049901
1760726298589,-1.5271631E-4,0.12904528,0.01160644
1760726298591,9.162979E-4,0.12293663,0.009162978
1760726298593,0.0021380284,0.1217149,0.007941248
1760726298595,0.0033597588,0.11927144,0.009162978
1760726298597,0.0021380284,0.11560625,0.007941248
1760726298600,9.162979E-4,0.11438452,0.007941248
1760726298602,9.162979E-4,0.11682798,0.007941248
1760726298605,9.162979E-4,0.11682798,0.009162978
1760726298607,-0.0027488936,0.11682798,0.01038471
1760726298609,-0.0015271631,0.11927144,0.0067195175
1760726298611,-0.0015271631,0.12293663,0.01160644
1760726298614,-1.5271631E-4,0.1253801,0.01160644
1760726298616,-0.0025961774,0.12660182,0.014049901
1760726298618,-0.0013744468,0.13026701,0.014049901
1760726298620,-0.0013744468,0.13271047,0.013897184
1760726298622,0.002443461,0.13637567,0.015118915
1760726298625,0.0022907446,0.1339322,0.017562376
1760726298627,0.002443461,0.1386664,0.021227567
1760726298629,0.002443461,0.14355333,0.02611449
1760726298631,0.0038179078,0.1459968,0.02977968
1760726298634,0.0050396384,0.15210545,0.0346666
1760726298636,0.0062613687,0.15317446,0.039553523
1760726298638,0.006414085,0.15928312,0.046883907
1760726298641,0.003970624,0.16539176,0.050396383
1760726298643,0.0053450707,0.17150041,0.056505036
1760726298645,0.00290161,0.17638734,0.058948494
1760726298647,0.0018325958,0.18493946,0.061391957
1760726298649,-0.0018325958,0.1947133,0.06246097
1760726298652,-0.0016798794,0.20433442,0.06734789
1760726298654,-0.0065668016,0.21044308,0.071013086
1760726298656,-0.011453724,0.21670444,0.07223482
1760726298659,-0.016340645,0.2228131,0.07696902
1760726298661,-0.016187929,0.2264783,0.080634214
1760726298663,-0.01985312,0.23380867,0.0842994
1760726298666,-0.027183503,0.23991732,0.087964594
1760726298667,-0.030695979,0.25213462,0.09285152
1760726298670,-0.0355829,0.26190847,0.10247265
1760726298672,-0.039095376,0.27168232,0.11102476
1760726298674,-0.042760566,0.28008172,0.11835514
1760726298676,-0.043829583,0.28985557,0.1255328
1760726298679,-0.047494773,0.29229903,0.13164146
1760726298681,-0.049938235,0.2996294,0.13652839
1760726298683,-0.05222898,0.30573806,0.13652839
1760726298686,-0.05222898,0.310625,0.13897185
1760726298688,-0.04596761,0.31535918,0.14248432
1760726298690,-0.04596761,0.32146785,0.14248432
1760726298692,-0.0421497,0.32635477,0.14248432
1760726298694,-0.03848451,0.33124167,0.14126259
1760726298697,-0.038331795,0.33353242,0.14370605
1760726298699,-0.035888333,0.33353242,0.14370605
1760726298701,-0.032375857,0.32620203,0.14614952
1760726298703,-0.03359759,0.3200934,0.14737125
1760726298706,-0.032528576,0.3031419,0.14874569
1760726298709,-0.03268129,0.28603765,0.14752395
1760726298710,-0.031612277,0.26648995,0.14767668
1760726298712,-0.03176499,0.25320363,0.14660765
1760726298714,-0.03313944,0.24465153,0.14172074
1760726298717,-0.030848695,0.23365596,0.14049901
1760726298719,-0.028405234,0.2275473,0.13820826
1760726298721,-0.032070424,0.22770002,0.13454308
1760726298724,-0.033292156,0.22892176,0.12843442
1760726298726,-0.033292156,0.22770002,0.12599096
1760726298728,-0.032070424,0.23136522,0.119729586
1760726298730,-0.035888333,0.23136522,0.1160644
1760726298733,-0.039553523,0.23258694,0.112399206
1760726298735,-0.043218717,0.23640485,0.10629055
1760726298737,-0.043066,0.24236079,0.10751228
1760726298739,-0.04550946,0.24617869,0.105068825
1760726298742,-0.04917465,0.2510656,0.10751228
1760726298744,-0.045356743,0.259465,0.107359566
1760726298746,-0.045356743,0.26557365,0.10980303
1760726298749,-0.047800206,0.27168232,0.1085813
1760726298751,-0.047800206,0.27412578,0.107359566
1760726298753,-0.05024367,0.27168232,0.106137834
1760726298755,-0.049021937,0.2680171,0.106137834
1760726298757,-0.051618114,0.26328292,0.106137834
1760726298760,-0.051618114,0.258396,0.10873401
1760726298762,-0.04917465,0.25350907,0.10873401
1760726298765,-0.050396383,0.24862215,0.10873401
1760726298767,-0.050549097,0.24251351,0.10751228
1760726298769,-0.046883907,0.24129178,0.10629055
1760726298771,-0.04810564,0.23762658,0.105068825
1760726298773,-0.04444045,0.24007004,0.10262536
1760726298776,-0.04062254,0.24113905,0.105068825
1760726298778,-0.038179077,0.24113905,0.10629055
1760726298781,-0.036957346,0.24236079,0.105068825
1760726298782,-0.03573562,0.23991732,0.105068825
1760726298785,-0.038179077,0.23747386,0.105068825
1760726298787,-0.037110064,0.2350304,0.10262536
1760726298790,-0.038331795,0.23258694,0.103847094
1760726298792,-0.039553523,0.226631,0.100334615
1760726298794,-0.040927973,0.22174409,0.09666943
1760726298796,-0.041080687,0.20830505,0.0954477
1760726298799,-0.042455133,0.18891008,0.099265605
1760726298801,-0.04520403,0.16691893,0.09941832
1760726298803,-0.04520403,0.15607607,0.10064005
1760726298806,-0.045356743,0.14752395,0.09941832
1760726298808,-0.04550946,0.13652839,0.093462385
1760726298810,-0.04062254,0.13530666,0.092240654
1760726298812,-0.04062254,0.13530666,0.08735373
1760726298815,-0.038179077,0.13652839,0.084910266
1760726298817,-0.034513887,0.13408493,0.08002335
1760726298819,-0.034513887,0.13164146,0.07880162
1760726298821,-0.032070424,0.13041973,0.07513642
1760726298824,-0.032070424,0.12675454,0.07269296
1760726298826,-0.033292156,0.12186762,0.07269296
1760726298828,-0.035888333,0.11942416,0.06780604
1760726298831,-0.035888333,0.11713341,0.06658431
1760726298833,-0.037110064,0.11346822,0.06429356
1760726298835,-0.03848451,0.11102476,0.06429356
1760726298838,-0.03604105,0.10980303,0.06307184
1760726298840,-0.03604105,0.1049161,0.06307184
1760726298842,-0.03359759,0.1049161,0.06307184
1760726298844,-0.03359759,0.10247265,0.061850104
1760726298847,-0.029932396,0.09758572,0.060628377
1760726298849,-0.028710667,0.09514226,0.059406646
1760726298851,-0.026267206,0.0926988,0.056963183
1760726298853,-0.028863383,0.09025534,0.054519724
1760726298855,-0.027641652,0.08781188,0.055741455
1760726298858,-0.02397646,0.08536842,0.05207626
1760726298860,-0.021533,0.084146686,0.049632803
1760726298863,-0.021533,0.08170322,0.048563786
1760726298865,-0.021533,0.0804815,0.048563786
1760726298867,-0.021533,0.082924955,0.048563786
1760726298870,-0.01786781,0.08277224,0.04718934
1760726298872,-0.019089539,0.0804815,0.04734206
1760726298874,-0.01786781,0.08032878,0.046120327
1760726298876,-0.02031127,0.08170322,0.044898596
1760726298879,-0.01786781,0.08277224,0.044745877
1760726298881,-0.019089539,0.082924955,0.044745877
1760726298883,-0.019089539,0.08170322,0.043676864
1760726298885,-0.019089539,0.07803804,0.043676864
1760726298887,-0.019089539,0.07803804,0.041233405
1760726298890,-0.01786781,0.07437284,0.040011674
1760726298892,-0.019242255,0.07192938,0.03634648
1760726298894,-0.020463986,0.069485925,0.035124753
1760726298897,-0.016798794,0.064599,0.03390302
1760726298899,-0.016798794,0.06093381,0.03145956
1760726298901,-0.01817324,0.058490347,0.0290161
1760726298903,-0.01695151,0.057268616,0.027794369
1760726298905,-0.013286319,0.054825157,0.025350908
1760726298908,-0.01450805,0.049938235,0.024281893
1760726298910,-0.01572978,0.049938235,0.024281893
1760726298913,-0.01450805,0.048716504,0.024281893
1760726298915,-0.013286319,0.04627304,0.021838432
1760726298917,-0.012064588,0.04505131,0.019394971
1760726298920,-0.012064588,0.04260785,0.019394971
1760726298922,-0.008552114,0.03772093,0.01695151
1760726298923,-0.010995574,0.03894266,0.019394971
1760726298926,-0.010995574,0.03772093,0.019394971
1760726298928,-0.008552114,0.03283401,0.01695151
1760726298931,-0.007330383,0.031612277,0.01817324
1760726298932,-0.0061086523,0.031612277,0.01817324
1760726298935,-0.0036651916,0.030390546,0.01572978
1760726298937,-0.002443461,0.031612277,0.01572978
1760726298940,-0.004886922,0.026725354,0.01572978
1760726298942,-0.0012217305,0.026725354,0.01572978
1760726298944,-0.0012217305,0.026725354,0.01572978
1760726298946,-0.0012217305,0.030390546,0.01450805
1760726298949,-0.0012217305,0.029168816,0.013286319
1760726298951,-0.002443461,0.030390546,0.010842858
1760726298953,-0.004886922,0.03283401,0.010842858
1760726298955,-0.002443461,0.03283401,0.012064588
1760726298958,-0.002443461,0.031612277,0.012064588
1760726298960,0.0,0.029168816,0.013286319
1760726298962,-0.0012217305,0.027947085,0.012064588
1760726298964,-0.004886922,0.029168816,0.010842858
1760726298967,-0.0061086523,0.028099801,0.010842858
1760726298969,-0.0061086523,0.028099801,0.010842858
1760726298971,-0.0061086523,0.031612277,0.010842858
1760726298974,-0.007330383,0.03176499,0.010842858
1760726298976,-0.007330383,0.029321533,0.0096211275
1760726298979,-0.004886922,0.030390546,0.008399397
1760726298981,-0.0036651916,0.030390546,0.0071776668
1760726298984,-0.0036651916,0.027947085,0.010842858
1760726298985,-0.004886922,0.027947085,0.010842858
1760726298988,-0.0061086523,0.02687807,0.012064588
1760726298990,-0.0061086523,0.02687807,0.013286319
1760726298991,-0.0061086523,0.029168816,0.012064588
1760726298993,-0.0061086523,0.030390546,0.013286319
1760726298996,-0.0061086523,0.03283401,0.012064588
1760726298998,-0.007330383,0.03283401,0.012064588
1760726299000,-0.004886922,0.031612277,0.013286319
1760726299002,-0.0061086523,0.031612277,0.01450805
1760726299005,-0.007330383,0.031612277,0.01450805
1760726299008,-0.008552114,0.032986723,0.01450805
1760726299010,-0.007330383,0.03283401,0.01572978
1760726299012,-0.0061086523,0.029168816,0.01572978
1760726299015,-0.0061086523,0.030390546,0.01450805
1760726299017,-0.0061086523,0.030390546,0.01817324
1760726299019,-0.0061086523,0.029168816,0.01695151
1760726299021,-0.0061086523,0.029168816,0.01695151
1760726299024,-0.007330383,0.031612277,0.01572978
1760726299026,-0.007330383,0.031612277,0.01572978
1760726299028,-0.0036651916,0.030390546,0.01572978
1760726299030,-0.0061086523,0.027947085,0.01450805
1760726299033,-0.0036651916,0.029168816,0.01695151
1760726299034,-0.002443461,0.027947085,0.013286319
1760726299037,0.0,0.029168816,0.012064588
1760726299039,-0.002443461,0.031612277,0.010842858
1760726299041,-0.002443461,0.031612277,0.010842858
1760726299044,0.0,0.030390546,0.010842858
1760726299046,-0.0012217305,0.034055736,0.008399397
1760726299048,-0.0036651916,0.035277467,0.008399397
1760726299050,-0.002443461,0.034055736,0.008399397
1760726299053,-0.0022907446,0.03772093,0.008399397
1760726299055,-0.0022907446,0.03772093,0.0096211275
1760726299057,-0.0036651916,0.034055736,0.005955936
1760726299060,-0.007330383,0.032986723,0.0071776668
1760726299062,-0.0061086523,0.034208454,0.0047342055
1760726299065,-0.007330383,0.030543262,0.0047342055
1760726299067,-0.0061086523,0.029321533,0.0035124752
1760726299068,-0.007330383,0.028099801,0.0047342055
1760726299071,-0.00992656,0.02687807,0.0035124752
1760726299073,-0.00992656,0.02443461,0.0022907446
1760726299076,-0.011148291,0.021991149,0.0012217305
1760726299077,-0.00992656,0.018325957,0.002443461
1760726299080,-0.00992656,0.019547688,0.002443461
1760726299083,-0.00992656,0.018325957,0.002443461
1760726299085,-0.00992656,0.018325957,0.004886922
1760726299087,-0.0062613687,0.019547688,0.002443461
1760726299089,-0.007483099,0.021991149,0.0036651916
1760726299092,-0.007483099,0.02076942,0.004886922
1760726299093,-0.0050396384,0.018325957,0.002443461
1760726299096,-0.0062613687,0.02076942,0.0036651916
1760726299099,-0.007483099,0.019547688,0.0036651916
1760726299101,-0.0062613687,0.014660766,0.004886922
1760726299102,-0.00870483,0.013439035,0.004886922
1760726299105,-0.007483099,0.010995574,0.0036651916
1760726299107,-0.0050396384,0.012217305,0.0036651916
1760726299109,-0.0062613687,0.010995574,0.0036651916
1760726299112,-0.0050396384,0.014660766,0.0061086523
1760726299114,-0.0038179078,0.013439035,0.004886922
1760726299116,-0.0038179078,0.014660766,0.0061086523
1760726299118,-0.0050396384,0.014660766,0.007330383
1760726299121,-0.0025961774,0.019547688,0.008552114
1760726299123,-0.0025961774,0.018325957,0.007330383
1760726299126,0.0,0.019394971,0.008552114
1760726299128,0.0,0.019394971,0.009773844
1760726299130,0.002443461,0.021838432,0.0096211275
1760726299133,0.0036651916,0.027947085,0.008399397
1760726299135,0.004886922,0.025503624,0.008399397
1760726299137,0.0050396384,0.029168816,0.0096211275
1760726299139,0.002443461,0.026725354,0.0096211275
1760726299141,0.0050396384,0.029168816,0.0096211275
1760726299143,0.0062613687,0.031612277,0.005955936
1760726299146,0.0025961774,0.03283401,0.0071776668
1760726299148,0.0025961774,0.031612277,0.0071776668
1760726299150,0.002443461,0.030390546,0.0047342055
1760726299153,0.0038179078,0.031612277,0.0035124752
1760726299155,0.0038179078,0.03283401,0.0035124752
1760726299157,0.0050396384,0.03283401,0.0035124752
1760726299160,0.0050396384,0.030390546,0.0022907446
1760726299162,0.0038179078,0.03283401,0.0022907446
1760726299164,0.0012217305,0.031612277,0.0010690142
1760726299166,-0.0012217305,0.029168816,-0.0013744468
1760726299169,-0.002443461,0.02565634,-0.0013744468
1760726299171,0.0,0.024281893,-0.0025961774
1760726299174,-0.0013744468,0.021991149,-0.0038179078
1760726299175,-0.0013744468,0.018325957,-0.002443461
1760726299177,-0.0025961774,0.015882496,-0.002443461
1760726299180,-0.0013744468,0.013439035,-0.0036651916
1760726299182,-0.0025961774,0.013439035,-0.002443461
1760726299185,-0.0025961774,0.010995574,-0.0012217305
1760726299187,-0.0025961774,0.008552114,0.0
1760726299189,0.0010690142,0.012217305,-0.0012217305
1760726299191,-0.0013744468,0.008552114,-0.0012217305
1760726299193,-0.0013744468,0.008552114,0.0
1760726299196,0.0010690142,0.007330383,0.0
1760726299198,0.0022907446,0.008552114,0.0012217305
1760726299200,-1.5271631E-4,0.010995574,0.0
1760726299203,0.0010690142,0.010995574,0.0
1760726299205,-1.5271631E-4,0.012217305,-0.0012217305
1760726299207,-1.5271631E-4,0.010995574,0.0
1760726299209,0.0035124752,0.009773844,-0.0012217305
1760726299212,0.0035124752,0.004886922,0.0
1760726299214,0.0022907446,0.007330383,-0.0012217305
1760726299216,0.0035124752,0.0061086523,0.0012217305
1760726299218,0.005955936,0.0022907446,0.002443461
1760726299222,0.010842858,0.0047342055,0.002443461
1760726299223,0.0096211275,0.0047342055,0.0012217305
1760726299226,0.012064588,0.0035124752,0.002443461
1760726299228,0.0096211275,0.0035124752,0.0
1760726299230,0.010842858,0.0047342055,0.0012217305
1760726299232,0.013286319,0.0035124752,0.0012217305
1760726299235,0.01450805,0.0035124752,0.002443461
1760726299236,0.013286319,0.0071776668,0.0012217305
1760726299239,0.012064588,0.0071776668,0.0012217305
1760726299241,0.0096211275,0.0096211275,0.0012217305
1760726299244,0.013286319,0.0071776668,0.0012217305
1760726299246,0.015882496,0.0071776668,0.002443461
1760726299247,0.014660766,0.008399397,0.002443461
1760726299250,0.014660766,0.008399397,0.0012217305
1760726299253,0.014660766,0.0096211275,0.0
1760726299254,0.014660766,0.012064588,0.0012217305
1760726299256,0.012217305,0.012064588,0.0012217305
1760726299259,0.012217305,0.012064588,-0.0012217305
1760726299261,0.012217305,0.010842858,0.0
1760726299263,0.012217305,0.013286319,0.0012217305
1760726299266,0.010842858,0.0096211275,0.0012217305
1760726299268,0.0071776668,0.010842858,-0.0012217305
1760726299270,0.008399397,0.008399397,-0.002443461
1760726299272,0.005955936,0.0096211275,-0.0036651916
1760726299274,0.0047342055,0.0061086523,-0.004886922
1760726299277,0.0035124752,0.0061086523,-0.004886922
1760726299279,0.0035124752,0.004886922,-0.002443461
1760726299281,-3.0543262E-4,0.004886922,-0.002443461
1760726299284,0.0035124752,0.007330383,-0.002443461
1760726299286,0.0010690142,0.0061086523,-0.0012217305
1760726299288,-3.0543262E-4,0.0061086523,-0.002443461
1760726299290,-3.0543262E-4,0.004886922,-0.0012217305
1760726299293,-0.003970624,0.0061086523,-0.0012217305
1760726299295,-0.0015271631,0.0061086523,0.0
1760726299298,0.0010690142,0.004886922,0.0012217305
1760726299300,-0.0027488936,0.0061086523,0.0012217305
1760726299302,0.0010690142,0.007330383,0.0
1760726299305,-0.0013744468,0.007330383,0.0012217305
1760726299306,-0.0013744468,0.007330383,0.0
1760726299309,-0.0025961774,0.008552114,0.0
1760726299311,0.0010690142,0.009773844,0.002443461
1760726299313,-0.0013744468,0.010995574,0.002443461
1760726299315,0.0010690142,0.013439035,0.0036651916
1760726299318,0.0010690142,0.010995574,0.0036651916
1760726299320,-0.0025961774,0.012217305,0.004886922
1760726299322,-0.0013744468,0.014660766,0.0061086523
1760726299325,-0.0013744468,0.014660766,0.007330383
1760726299327,-1.5271631E-4,0.013439035,0.004886922
1760726299329,-0.0013744468,0.017104227,0.0061086523
1760726299332,-0.0025961774,0.018325957,0.004886922
1760726299333,-1.5271631E-4,0.017104227,0.0036651916
1760726299336,-0.0013744468,0.017104227,0.002443461
1760726299338,-0.0025961774,0.015882496,0.0036651916
1760726299341,-0.0025961774,0.018325957,0.0036651916
1760726299342,-0.0038179078,0.017104227,0.002443461
1760726299345,-0.0025961774,0.017104227,0.002443461
1760726299347,-0.0025961774,0.019547688,0.0036651916
1760726299349,-0.0013744468,0.019547688,0.002443461
1760726299352,-0.0025961774,0.021991149,0.0010690142
1760726299354,-0.0062613687,0.019547688,0.002443461
1760726299356,-0.0038179078,0.021991149,0.0047342055
1760726299358,-0.0050396384,0.019547688,0.004886922
1760726299361,-0.0038179078,0.018325957,0.0036651916
1760726299364,-0.0025961774,0.015882496,0.0036651916
1760726299365,-0.0038179078,0.017104227,0.002443461
1760726299368,-0.0038179078,0.018325957,0.0012217305
1760726299370,-0.0038179078,0.019547688,0.0
1760726299372,-0.0038179078,0.019547688,0.0
1760726299375,-0.0062613687,0.017104227,-0.0012217305
1760726299377,-0.0038179078,0.017104227,0.0
1760726299379,-0.0025961774,0.017104227,-0.0036651916
1760726299381,-0.0038179078,0.013439035,-0.0036651916
1760726299384,-0.0050396384,0.014660766,-0.002443461
1760726299386,-0.00870483,0.017104227,-0.002443461
1760726299388,-0.007483099,0.018325957,0.0
1760726299391,-0.0038179078,0.015882496,-0.0012217305
1760726299393,-0.0038179078,0.013439035,-0.0012217305
1760726299395,-0.0025961774,0.015882496,-0.0012217305
1760726299397,-0.0025961774,0.015882496,-0.002443461
1760726299399,-0.0013744468,0.017104227,-0.0012217305
1760726299402,-1.5271631E-4,0.017104227,0.0
1760726299404,-1.5271631E-4,0.018325957,-0.0012217305
1760726299407,-1.5271631E-4,0.019547688,-0.0012217305
1760726299408,0.0010690142,0.013439035,0.0
1760726299410,0.0010690142,0.010995574,0.0012217305
1760726299413,0.0022907446,0.012217305,0.0
1760726299416,0.0022907446,0.008552114,0.0
1760726299418,0.0010690142,0.009773844,0.0012217305
1760726299420,-1.5271631E-4,0.010995574,0.0012217305
1760726299422,0.0035124752,0.013286319,0.0012217305
1760726299425,0.0035124752,0.010842858,0.0012217305
1760726299427,0.0047342055,0.010842858,0.0036651916
1760726299429,0.0036651916,0.01695151,0.0036651916
1760726299432,0.0036651916,0.01817324,0.002443461
1760726299434,0.0035124752,0.01450805,0.0036651916
1760726299436,0.007330383,0.01572978,0.004886922
1760726299438,0.007330383,0.01572978,0.004886922
1760726299441,0.007330383,0.01695151,0.0036651916
1760726299443,0.008552114,0.01572978,0.004886922
1760726299444,0.0096211275,0.010842858,0.004886922
1760726299447,0.008399397,0.0096211275,0.0036651916
1760726299450,0.0071776668,0.0096211275,0.0012217305
1760726299452,0.0047342055,0.0071776668,0.002443461
1760726299455,0.0035124752,0.0071776668,0.004886922
1760726299457,0.0022907446,0.004886922,0.002443461
1760726299459,0.0022907446,0.007330383,0.002443461
1760726299461,0.0047342055,0.0035124752,0.0036651916
1760726299463,0.0047342055,0.005955936,0.004886922
1760726299466,0.0022907446,0.007330383,0.0012217305
1760726299467,0.0010690142,0.004886922,0.004886922
1760726299470,-0.0015271631,0.004886922,0.004886922
1760726299472,-1.5271631E-4,0.0061086523,0.0012217305
1760726299475,-1.5271631E-4,0.0061086523,0.002443461
1760726299477,-0.0015271631,0.004886922,0.004886922
1760726299479,-0.0027488936,0.0061086523,0.0012217305
1760726299481,-0.005192355,0.0061086523,0.0036651916
1760726299484,-0.005192355,0.007330383,0.0036651916
1760726299486,-0.006414085,0.004886922,0.002443461
1760726299488,-0.006414085,0.007330383,0.0
1760726299490,-0.0027488936,0.0061086523,0.0012217305
1760726299493,-0.0015271631,0.0061086523,0.0012217305
1760726299495,-1.5271631E-4,0.010995574,0.0012217305
1760726299497,-0.0013744468,0.010995574,0.0036651916
1760726299500,-0.0025961774,0.010995574,0.0036651916
1760726299502,-0.0038179078,0.009773844,0.002443461
1760726299504,-1.5271631E-4,0.013439035,0.0012217305
1760726299507,-0.0013744468,0.010995574,0.0036651916
1760726299509,-1.5271631E-4,0.008552114,0.0061086523
1760726299511,0.0010690142,0.0061086523,0.0036651916
1760726299513,0.0010690142,0.0061086523,0.0036651916
1760726299516,-1.5271631E-4,0.008552114,0.0036651916
1760726299518,-1.5271631E-4,0.007330383,0.004886922
1760726299520,-0.0013744468,0.007330383,0.002443461
1760726299522,-0.0015271631,0.002443461,0.0036651916
1760726299525,-3.0543262E-4,0.002443461,0.004886922
1760726299526,-3.0543262E-4,0.002443461,0.004886922
1760726299529,0.0021380284,0.0012217305,0.004886922
1760726299531,0.0021380284,0.0012217305,0.002443461
1760726299533,9.162979E-4,0.0012217305,0.0036651916
1760726299536,0.0010690142,0.004886922,0.007330383
1760726299538,0.0010690142,0.0061086523,0.004886922
1760726299541,0.0010690142,0.004886922,0.004886922
1760726299543,-0.005192355,0.0061086523,0.004886922
1760726299545,-0.0015271631,0.004886922,0.0036651916
1760726299547,-0.003970624,0.0061086523,0.002443461
1760726299549,-0.006414085,0.0036651916,0.004886922
1760726299552,-0.0076358155,0.002443461,0.0036651916
1760726299554,-0.006414085,0.0012217305,0.004886922
1760726299557,-0.008857546,-0.0012217305,0.004886922
1760726299559,-0.008857546,-0.0012217305,0.004886922
1760726299560,-0.011453724,-0.0022907446,0.0036651916
1760726299562,-0.011453724,-0.0010690142,0.002443461
1760726299565,-0.011453724,-0.0022907446,0.0012217305
1760726299568,-0.009010263,-0.0035124752,0.002443461
1760726299570,-0.011453724,-0.0047342055,0.0038179078
1760726299572,-0.010079277,-0.0010690142,0.0036651916
1760726299574,-0.010231993,-0.0022907446,0.0036651916
1760726299577,-0.012675454,-0.0010690142,0.0061086523
1760726299579,-0.010231993,-0.0022907446,0.002443461
1760726299581,-0.011453724,-0.0035124752,0.002443461
1760726299583,-0.012675454,-0.0010690142,0.004886922
1760726299586,-0.017562376,-0.0047342055,0.007483099
1760726299588,-0.016340645,-0.0071776668,0.0062613687
1760726299590,-0.013897184,-0.005955936,0.007483099
1760726299593,-0.015118915,-0.0035124752,0.00870483
1760726299595,-0.012675454,-0.0047342055,0.00870483
1760726299597,-0.013897184,-0.0047342055,0.00992656
1760726299599,-0.012675454,-0.005955936,0.011148291
1760726299602,-0.011453724,-0.005955936,0.00870483
1760726299604,-0.009010263,-0.0061086523,0.00870483
1760726299606,-0.011453724,-0.005955936,0.007483099
1760726299609,-0.012675454,-0.0047342055,0.0062613687
1760726299611,-0.005192355,-0.004886922,0.007330383
1760726299613,-0.006414085,-0.0061086523,0.007483099
1760726299615,-0.0065668016,-0.008552114,0.00870483
1760726299618,-0.005192355,-0.007330383,0.00870483
1760726299620,-0.0041233404,-0.010995574,0.007483099
1760726299622,-0.0041233404,-0.009773844,0.00870483
1760726299624,-0.0041233404,-0.009773844,0.00870483
1760726299627,-0.0027488936,-0.007330383,0.007483099
1760726299629,-0.0015271631,-0.0061086523,0.00992656
1760726299631,-3.0543262E-4,-0.0061086523,0.007330383
1760726299633,9.162979E-4,-0.0061086523,0.0061086523
1760726299636,0.0021380284,-0.0036651916,0.007330383
1760726299638,-3.0543262E-4,-0.0012217305,0.0061086523
1760726299640,-1.5271631E-4,0.0036651916,0.0061086523
1760726299643,-3.0543262E-4,0.0012217305,0.0061086523
1760726299645,-0.0015271631,0.0036651916,0.007330383
1760726299647,-0.003970624,0.004886922,0.004886922
1760726299649,-0.003970624,0.004886922,0.0061086523
1760726299652,-0.005192355,0.0,0.004886922
1760726299654,-0.005192355,0.0,0.0036651916
1760726299656,-0.005192355,0.0,0.0061086523
1760726299658,-0.006414085,-0.0036651916,0.0061086523
1760726299661,-0.007788532,-0.004886922,0.0061086523
1760726299663,-0.010231993,-0.005955936,0.0050396384
1760726299665,-0.010231993,-0.008399397,0.0062613687
1760726299668,-0.010231993,-0.005955936,0.0038179078
1760726299671,-0.011453724,-0.0022907446,0.004886922
1760726299672,-0.011453724,-0.0047342055,0.0038179078
1760726299674,-0.010079277,1.5271631E-4,0.004886922
1760726299677,-0.006414085,-0.0012217305,0.0061086523
1760726299679,-0.008857546,-0.0012217305,0.004886922
1760726299681,-0.006414085,0.0036651916,0.0036651916
1760726299683,-0.006414085,0.002443461,0.004886922
1760726299686,-0.006414085,0.0012217305,0.0061086523
1760726299689,-0.0076358155,0.0036651916,0.007330383
1760726299690,-0.0076358155,0.0036651916,0.004886922
1760726299692,-0.0076358155,0.0061086523,0.0061086523
1760726299694,-0.005192355,0.004886922,0.007330383
1760726299697,-0.0076358155,0.0036651916,0.004886922
1760726299699,-0.005192355,0.0061086523,0.0036651916
1760726299702,-0.0027488936,0.004886922,0.007330383
1760726299704,-0.0027488936,0.0036651916,0.007330383
1760726299706,-0.0013744468,0.004886922,0.008552114
1760726299708,0.0010690142,0.0061086523,0.007330383
1760726299710,-1.5271631E-4,0.008552114,0.007330383
1760726299713,-1.5271631E-4,0.010995574,0.0061086523
1760726299715,0.0035124752,0.010842858,0.0061086523
1760726299717,0.0035124752,0.012064588,0.007330383
1760726299719,0.0035124752,0.0096211275,0.008552114
1760726299722,0.0010690142,0.012217305,0.004886922
1760726299724,-1.5271631E-4,0.015882496,0.004886922
1760726299726,-0.0013744468,0.013439035,0.0061086523
1760726299728,-1.5271631E-4,0.013439035,0.004886922
1760726299731,0.0010690142,0.01695151,0.0036651916
1760726299733,-0.0038179078,0.017104227,0.002443461
1760726299735,-0.0050396384,0.017104227,0.0012217305
1760726299737,-0.0013744468,0.018325957,0.002443461
1760726299739,-0.0025961774,0.018325957,0.0012217305
1760726299742,0.0010690142,0.01817324,0.0012217305
1760726299745,0.0010690142,0.01695151,0.0012217305
1760726299747,0.0010690142,0.01695151,0.0
1760726299748,-0.0025961774,0.015882496,0.0
1760726299751,-1.5271631E-4,0.018325957,0.0
1760726299753,-0.0013744468,0.017104227,0.0
1760726299755,-0.0013744468,0.014660766,-0.002443461
1760726299757,-0.0025961774,0.014660766,-0.0012217305
1760726299760,-1.5271631E-4,0.010995574,0.0012217305
1760726299762,-0.0025961774,0.008552114,0.002443461
1760726299764,-0.0050396384,0.012217305,0.002443461
1760726299767,-0.0013744468,0.012217305,0.0012217305
1760726299768,-0.0013744468,0.009773844,0.0012217305
1760726299771,-0.0015271631,0.0061086523,0.0012217305
1760726299774,-1.5271631E-4,0.007330383,0.0012217305
1760726299776,-0.0013744468,0.008552114,0.0
1760726299778,0.0022907446,0.004886922,0.0012217305
1760726299780,0.0022907446,0.008552114,0.0012217305
1760726299783,0.0035124752,0.007330383,0.0
1760726299784,0.0022907446,0.007330383,0.0
1760726299787,0.0035124752,0.0061086523,-0.0012217305
1760726299789,0.0022907446,0.007330383,-0.002443461
1760726299791,0.0047342055,0.0071776668,0.0012217305
1760726299794,0.0035124752,0.0036651916,0.002443461
1760726299796,0.005955936,0.005955936,0.0
1760726299798,0.005955936,0.0071776668,0.0012217305
1760726299800,0.0071776668,0.0071776668,0.0036651916
1760726299803,0.005955936,0.0096211275,0.002443461
1760726299805,0.005955936,0.005955936,0.0
1760726299807,0.0071776668,0.0071776668,0.0
1760726299810,0.008399397,0.012064588,-0.0012217305
1760726299812,0.009773844,0.012064588,-0.0012217305
1760726299814,0.012217305,0.012064588,0.0
1760726299816,0.013439035,0.013286319,0.0
1760726299818,0.012217305,0.012064588,0.0012217305
1760726299821,0.012217305,0.01450805,0.0
1760726299823,0.015882496,0.010842858,0.0
1760726299825,0.018325957,0.013133603,0.0012217305
1760726299828,0.015882496,0.010842858,-0.0012217305
1760726299830,0.019547688,0.0106901415,0.0
1760726299832,0.018325957,0.013133603,0.0012217305
1760726299834,0.017104227,0.01450805,-0.0012217305
1760726299837,0.017104227,0.013133603,0.002443461
1760726299839,0.018325957,0.0106901415,0.002443461
1760726299842,0.018325957,0.0106901415,0.0012217305
1760726299844,0.019547688,0.011911872,0.0
1760726299846,0.018325957,0.011911872,0.0012217305
1760726299848,0.014660766,0.012064588,0.002443461
1760726299851,0.013286319,0.008399397,0.0
1760726299853,0.015882496,0.0071776668,0.0
1760726299855,0.015882496,0.008399397,-0.0012217305
1760726299858,0.017104227,0.005955936,-0.0012217305
1760726299860,0.01572978,0.0035124752,-0.0012217305
1760726299862,0.01695151,0.0035124752,-0.002443461
1760726299865,0.01695151,0.0035124752,-0.002443461
1760726299867,0.013286319,0.0047342055,-0.002443461
1760726299869,0.013286319,0.0022907446,-0.0012217305
1760726299871,0.013286319,-1.5271631E-4,0.0
1760726299873,0.012064588,0.0022907446,-0.0012217305
1760726299876,0.013286319,0.0010690142,0.0
1760726299878,0.010842858,0.0010690142,-0.0012217305
1760726299880,0.010842858,0.0010690142,-0.002443461
1760726299882,0.009468411,-0.0025961774,-0.0036651916
1760726299885,0.01450805,-0.0038179078,-0.0012217305
1760726299887,0.013286319,-0.0013744468,-0.002443461
1760726299889,0.013286319,-0.0013744468,-0.0012217305
1760726299892,0.013286319,-0.0013744468,-0.0012217305
1760726299894,0.012064588,-0.0013744468,-0.002443461
1760726299896,0.012064588,-0.0025961774,-0.0012217305
1760726299898,0.010842858,-1.5271631E-4,-0.0012217305
1760726299900,0.010842858,-1.5271631E-4,-0.0012217305
1760726299904,0.008399397,-1.5271631E-4,0.0
1760726299906,0.0096211275,-1.5271631E-4,0.0
1760726299908,0.0096211275,0.0022907446,0.0
1760726299910,0.0071776668,0.0022907446,0.0
1760726299912,0.0047342055,0.002443461,-0.0012217305
1760726299915,0.0071776668,0.005955936,0.0
1760726299917,0.0096211275,0.0035124752,-0.0012217305
1760726299919,0.008399397,0.0071776668,-0.0012217305
1760726299921,0.0071776668,0.0071776668,-0.0012217305
1760726299923,0.0071776668,0.005955936,0.0012217305
1760726299926,0.008399397,0.008399397,0.0
1760726299928,0.0071776668,0.0096211275,0.0012217305
1760726299930,0.005955936,0.010842858,0.0012217305
1760726299933,0.005955936,0.010842858,-0.0012217305
1760726299935,0.008399397,0.010842858,0.0
1760726299937,0.0071776668,0.013286319,0.0012217305
1760726299939,0.0061086523,0.01817324,0.002443461
1760726299942,0.0047342055,0.013286319,0.002443461
1760726299944,0.007330383,0.01450805,0.002443461
1760726299946,0.005955936,0.013286319,0.002443461
1760726299948,0.005955936,0.012064588,0.0012217305
1760726299951,0.012217305,0.013286319,0.0012217305
1760726299953,0.012217305,0.013286319,0.0
1760726299955,0.012217305,0.01572978,0.0012217305
1760726299957,0.010995574,0.01450805,0.0012217305
1760726299959,0.015882496,0.013286319,0.0012217305
1760726299961,0.013439035,0.013286319,0.0012217305
1760726299964,0.014660766,0.01450805,0.0
1760726299966,0.014660766,0.012064588,0.0
1760726299969,0.013439035,0.012064588,0.0
1760726299971,0.012064588,0.0096211275,0.0
1760726299973,0.013286319,0.008399397,-0.002443461
1760726299976,0.013439035,0.0096211275,-0.002443461
1760726299978,0.013286319,0.008399397,-0.002443461
1760726299980,0.01450805,0.008399397,-0.0036651916
1760726299982,0.015882496,0.010842858,-0.004886922
1760726299984,0.013286319,0.0096211275,-0.004886922
1760726299987,0.014660766,0.0096211275,-0.004886922
1760726299989,0.015882496,0.010842858,-0.004886922
1760726299991,0.017104227,0.008399397,-0.0036651916
1760726299994,0.01450805,0.008399397,-0.0036651916
1760726299996,0.017104227,0.0096211275,-0.004886922
1760726299998,0.017104227,0.008399397,-0.0061086523
1760726300001,0.017104227,0.0096211275,-0.0036651916
1760726300003,0.017104227,0.0096211275,-0.0036651916
1760726300005,0.01695151,0.005955936,-0.002443461
1760726300008,0.015882496,0.008399397,-0.002443461
1760726300009,0.01450805,0.0047342055,-0.0012217305
1760726300012,0.01572978,0.005955936,-0.002443461
1760726300014,0.01450805,0.008399397,-0.0036651916
1760726300017,0.014660766,0.008399397,-0.0012217305
1760726300019,0.01450805,0.005955936,-0.0012217305
1760726300021,0.013286319,0.008399397,-0.004886922
1760726300023,0.013439035,0.0096211275,-0.002443461
1760726300026,0.01450805,0.0071776668,-0.0012217305
1760726300028,0.01450805,0.005955936,-0.002443461
1760726300030,0.01450805,0.005955936,-0.0036651916
1760726300032,0.01695151,-1.5271631E-4,0.0
1760726300034,0.01817324,-0.0013744468,0.0
1760726300037,0.01817324,-0.0038179078,0.0
1760726300038,0.019394971,-0.007483099,0.0012217305
1760726300041,0.019394971,-0.007483099,0.0
1760726300044,0.020616703,-0.007483099,0.0012217305
1760726300046,0.021838432,-0.0050396384,0.0036651916
1760726300048,0.021838432,-0.0062613687,0.0036651916
1760726300050,0.021838432,-0.0062613687,0.004886922
1760726300052,0.021838432,-0.006414085,0.0061086523
1760726300055,0.020616703,-0.0050396384,0.004886922
1760726300058,0.01817324,-0.0013744468,0.0061086523
1760726300059,0.02076942,0.0033597588,0.0061086523
1760726300062,0.021991149,0.00580322,0.008552114
1760726300064,0.02076942,0.008246681,0.008552114
1760726300066,0.02321288,0.0106901415,0.007330383
1760726300069,0.02076942,0.013133603,0.007330383
1760726300071,0.019547688,0.013133603,0.007330383
1760726300073,0.019547688,0.0143553335,0.008552114
1760726300075,0.02076942,0.013133603,0.007330383
1760726300077,0.022143865,0.013133603,0.009773844
1760726300080,0.018478673,0.016798794,0.009773844
1760726300082,0.019547688,0.013133603,0.008552114
1760726300084,0.018325957,0.013133603,0.010995574
1760726300086,0.018325957,0.0143553335,0.010995574
1760726300089,0.017104227,0.011911872,0.010995574
1760726300091,0.019547688,0.008246681,0.009773844
1760726300094,0.014660766,0.010842858,0.008552114
1760726300096,0.017104227,0.0106901415,0.010995574
1760726300098,0.014660766,0.0096211275,0.012217305
1760726300100,0.014660766,0.011911872,0.010995574
1760726300102,0.013439035,0.0096211275,0.010995574
1760726300105,0.013439035,0.0096211275,0.012217305
1760726300107,0.012217305,0.010842858,0.013439035
1760726300110,0.013439035,0.0096211275,0.010995574
1760726300112,0.008552114,0.0096211275,0.012217305
1760726300114,0.010995574,0.0096211275,0.012217305
1760726300116,0.010842858,0.0071776668,0.012217305
1760726300118,0.008399397,0.008399397,0.012217305
1760726300121,0.010842858,0.0047342055,0.013439035
1760726300123,0.0071776668,0.005955936,0.012217305
1760726300126,0.0071776668,0.005955936,0.012217305
1760726300128,0.0096211275,0.0047342055,0.012217305
1760726300130,0.008399397,0.008399397,0.010995574
1760726300132,0.009773844,0.010842858,0.012217305
1760726300135,0.009773844,0.0096211275,0.013439035
1760726300136,0.010995574,0.0096211275,0.010995574
1760726300139,0.010995574,0.008399397,0.012217305
1760726300141,0.008552114,0.0096211275,0.014660766
1760726300143,0.009773844,0.01450805,0.017104227
1760726300146,0.008552114,0.01695151,0.017104227
1760726300148,0.007330383,0.01817324,0.015882496
1760726300150,0.0061086523,0.020616703,0.017104227
1760726300153,0.0036651916,0.023060163,0.01817324
1760726300154,0.00870483,0.024281893,0.01695151
1760726300156,0.007483099,0.026725354,0.01572978
1760726300159,0.0038179078,0.030390546,0.01572978
1760726300162,0.0050396384,0.034055736,0.01572978
1760726300164,0.0038179078,0.035277467,0.01817324
1760726300166,0.0025961774,0.035277467,0.019394971
1760726300168,0.0038179078,0.034055736,0.019394971
1760726300171,0.0013744468,0.0364992,0.019394971
1760726300172,0.0025961774,0.0364992,0.019394971
1760726300175,0.0050396384,0.040011674,0.020616703
1760726300177,0.0013744468,0.04260785,0.019394971
1760726300179,0.0013744468,0.043829583,0.01817324
1760726300182,0.0013744468,0.04138612,0.019394971
1760726300184,0.003970624,0.046120327,0.019394971
1760726300187,0.0013744468,0.04505131,0.01572978
1760726300189,0.003970624,0.043676864,0.019394971
1760726300191,0.005192355,0.04734206,0.01695151
1760726300194,0.005192355,0.049785517,0.019242255
1760726300196,0.006414085,0.05100725,0.018020526
1760726300198,0.006414085,0.049785517,0.019242255
1760726300200,0.0076358155,0.05100725,0.020463986
1760726300203,0.005192355,0.053450707,0.021685716
1760726300205,0.007788532,0.05467244,0.024129177
1760726300207,0.0053450707,0.05589417,0.024129177
1760726300209,0.007788532,0.05955936,0.025350908
1760726300211,0.009010263,0.06307184,0.027794369
1760726300214,0.009162978,0.06429356,0.03145956
1760726300216,0.007941248,0.06795876,0.03023783
1760726300218,0.009162978,0.07040222,0.03390302
1760726300220,0.01160644,0.074067414,0.03756821
1760726300223,0.012980887,0.08017606,0.039858956
1760726300225,0.013133603,0.08857546,0.041080687
1760726300227,0.009468411,0.092240654,0.04230242
1760726300231,0.0106901415,0.093462385,0.04352415
1760726300232,0.009468411,0.09712757,0.04352415
1760726300234,0.009468411,0.10445796,0.04352415
1760726300236,0.0096211275,0.10934488,0.044593163
1760726300239,0.008399397,0.11301007,0.045814894
1760726300241,0.009773844,0.12034045,0.045814894
1760726300243,0.009773844,0.12644911,0.045814894
1760726300246,0.009773844,0.1301143,0.045814894
1760726300248,0.008552114,0.13255776,0.04444045
1760726300250,0.0061086523,0.13744467,0.046883907
1760726300252,0.00992656,0.14095716,0.045662176
1760726300254,0.00870483,0.1421789,0.043218717
1760726300256,0.011148291,0.13973543,0.045662176
1760726300258,0.00870483,0.14340061,0.04444045
1760726300261,0.00870483,0.14340061,0.04444045
1760726300263,0.007483099,0.14584407,0.045662176
1760726300265,0.00870483,0.14950927,0.043218717
1760726300267,0.0062613687,0.14950927,0.043218717
1760726300269,0.0038179078,0.14966199,0.04444045
1760726300272,0.0025961774,0.15210545,0.041996986
1760726300274,1.5271631E-4,0.15332718,0.040775254
1760726300277,-0.0010690142,0.15332718,0.039553523
1760726300279,-0.0010690142,0.15210545,0.040775254
1760726300281,-0.0035124752,0.15943582,0.038331795
1760726300283,-0.0035124752,0.15821409,0.039553523
1760726300286,-0.0047342055,0.15943582,0.039553523
1760726300288,-0.0047342055,0.16310102,0.03940081
1760726300290,-0.00580322,0.16798794,0.03940081
1760726300293,-0.008246681,0.17287487,0.03940081
1760726300295,-0.0070249503,0.1740966,0.03940081
1760726300297,-0.009468411,0.17898351,0.03940081
1760726300299,-0.0106901415,0.1826487,0.03940081
1760726300301,-0.010537425,0.18753563,0.04062254
1760726300304,-0.012980887,0.19242255,0.03924809
1760726300306,-0.010537425,0.19730948,0.04046982
1760726300308,-0.011759156,0.19608775,0.03924809
1760726300311,-0.009162978,0.20082195,0.03924809
1760726300314,-0.012980887,0.20219639,0.038026363
1760726300316,-0.0154243475,0.20341812,0.03924809
1760726300317,-0.014202617,0.20463985,0.03680463
1760726300320,-0.012980887,0.20341812,0.0355829
1760726300322,-0.01160644,0.20586158,0.03680463
1760726300325,-0.009162978,0.20815234,0.0355829
1760726300327,-0.007941248,0.20326541,0.03191771
1760726300329,-0.007941248,0.20326541,0.03191771
1760726300331,-0.005497787,0.20326541,0.03191771
1760726300334,-0.0056505036,0.19960022,0.025809057
1760726300336,-0.004428773,0.19837849,0.025809057
1760726300338,-0.006872234,0.19364429,0.024587326
1760726300341,-0.009315695,0.19242255,0.023365596
1760726300343,-0.009468411,0.18753563,0.022296581
1760726300345,-0.009468411,0.18387043,0.02107485
1760726300347,-0.013133603,0.1826487,0.02107485
1760726300350,-0.013286319,0.17913623,0.01985312
1760726300352,-0.01817324,0.17669277,0.014966198
1760726300354,-0.01572978,0.1742493,0.013744468
1760726300357,-0.013286319,0.17302758,0.013744468
1760726300358,-0.01817324,0.1742493,0.010079277
1760726300361,-0.019394971,0.1742493,0.0125227375
1760726300363,-0.01695151,0.17302758,0.013744468
1760726300365,-0.017104227,0.1693624,0.0125227375
1760726300369,-0.015882496,0.16814066,0.011301007
1760726300370,-0.018325957,0.16691893,0.0125227375
1760726300372,-0.014660766,0.16081028,0.012675454
1760726300375,-0.013439035,0.15958855,0.010231993
1760726300377,-0.010995574,0.15836681,0.010231993
1760726300379,-0.012217305,0.15103643,0.011453724
1760726300382,-0.010995574,0.15347989,0.012675454
1760726300384,-0.008552114,0.1498147,0.012675454
1760726300386,-0.007483099,0.14614952,0.010231993
1760726300388,-0.0050396384,0.14248432,0.011453724
1760726300391,-0.0050396384,0.13637567,0.010231993
1760726300392,-0.0062613687,0.13637567,0.010231993
1760726300395,-0.0050396384,0.1339322,0.011453724
1760726300397,-0.003970624,0.12782355,0.01038471
1760726300399,-1.5271631E-4,0.1253801,0.01038471
1760726300402,-0.0015271631,0.12415836,0.01038471
1760726300404,9.162979E-4,0.11804971,0.009162978
1760726300406,-3.0543262E-4,0.11438452,0.01038471
1760726300409,9.162979E-4,0.11438452,0.01160644
1760726300411,-3.0543262E-4,0.11071932,0.01160644
1760726300413,0.0021380284,0.10949759,0.01038471
1760726300416,0.0021380284,0.10705414,0.01038471
1760726300418,0.001985312,0.10216721,0.011759156
1760726300420,7.6358154E-4,0.09865474,0.009315695
1760726300422,-6.1086525E-4,0.09254608,0.010537425
1760726300424,0.0030543262,0.087659165,0.008093964
1760726300427,0.005497787,0.0852157,0.006872234
1760726300429,0.005497787,0.08277224,0.006872234
1760726300431,0.004276057,0.07666359,0.006872234
1760726300434,0.0053450707,0.07422013,0.004581489
1760726300435,0.0053450707,0.0693332,0.004581489
1760726300438,0.0041233404,0.063224554,0.0021380284
1760726300440,0.003970624,0.06078109,0.0021380284
1760726300443,0.003970624,0.05467244,9.162979E-4
1760726300445,0.006414085,0.048563786,0.0021380284
1760726300447,0.0050396384,0.04260785,-0.0013744468
1760726300450,0.0050396384,0.03772093,-0.0025961774
1760726300452,0.004886922,0.031612277,-0.0050396384
1760726300454,0.0061086523,0.023060163,-0.0062613687
1760726300456,0.004886922,0.019394971,-0.0050396384
1760726300459,0.0035124752,0.013286319,-0.0036651916
1760726300461,-1.5271631E-4,0.009773844,-0.0036651916
1760726300464,-0.00992656,0.017104227,0.002443461
1760726300465,-0.013591751,0.02687807,0.010842858
1760726300468,-0.01985312,0.016035212,0.014660766
1760726300469,-0.016340645,-0.0047342055,0.011148291
1760726300472,-0.01038471,-0.029168816,0.0038179078
1760726300474,-0.006872234,-0.03772093,-9.162979E-4
1760726300476,-0.0056505036,-0.03772093,3.0543262E-4
1760726300478,-0.0056505036,-0.043829583,0.006414085
1760726300481,-0.00580322,-0.054825157,0.011301007
1760726300484,0.0015271631,-0.068264194,0.015118915
1760726300486,0.0025961774,-0.07925977,0.016340645
1760726300488,0.007483099,-0.091477074,0.015271631
1760726300490,0.010995574,-0.100029185,0.009162978
1760726300492,0.008552114,-0.10369437,0.0067195175
1760726300495,0.0061086523,-0.10842858,0.01038471
1760726300497,-0.0013744468,-0.1133155,0.017715093
1760726300499,-0.003970624,-0.12064589,0.02275473
1760726300502,-0.0076358155,-0.12904528,0.027641652
1760726300504,-0.009010263,-0.13515393,0.034972034
1760726300506,-0.011453724,-0.14126259,0.03634648
1760726300508,-0.011453724,-0.14492778,0.040011674
1760726300511,-0.010231993,-0.14614952,0.038789943
1760726300513,-0.007788532,-0.14370605,0.040011674
1760726300515,-0.0053450707,-0.14248432,0.040011674
1760726300517,-3.0543262E-4,-0.1414153,0.038789943
1760726300520,9.162979E-4,-0.13775012,0.037415497
1760726300522,0.005955936,-0.13164146,0.036193766
1760726300524,0.008399397,-0.12568553,0.037415497
1760726300527,0.010842858,-0.122020334,0.031306844
1760726300529,0.012217305,-0.11591168,0.028863383
1760726300532,0.012217305,-0.11346822,0.028710667
1760726300533,0.012217305,-0.11346822,0.026267206
1760726300535,0.012217305,-0.1085813,0.022602014
1760726300538,0.008552114,-0.1085813,0.025045475
1760726300540,0.009773844,-0.1049161,0.027488936
1760726300542,0.008552114,-0.106137834,0.027488936
1760726300545,0.004886922,-0.107359566,0.029932396
1760726300547,0.002443461,-0.106137834,0.032375857
1760726300549,0.0012217305,-0.106137834,0.03359759
1760726300552,0.0,-0.10476339,0.028710667
1760726300554,0.0012217305,-0.10476339,0.028710667
1760726300556,-0.0012217305,-0.10598512,0.025045475
1760726300558,-0.0038179078,-0.10598512,0.023823744
1760726300561,-0.0062613687,-0.10476339,0.023823744
1760726300563,-0.007483099,-0.10354166,0.023823744
1760726300565,-0.007483099,-0.101098195,0.021380283
1760726300567,-0.013591751,-0.09728029,0.020158553
1760726300570,-0.012370021,-0.094989546,0.015271631
1760726300572,-0.010995574,-0.09132435,0.01160644
1760726300574,-0.012217305,-0.088728175,0.005497787
1760726300577,-0.012217305,-0.082619525,-0.001985312
1760726300579,-0.009773844,-0.07788532,-0.006872234
1760726300581,-0.010995574,-0.07544186,-0.0056505036
1760726300583,-0.009773844,-0.07788532,-0.0032070426
1760726300585,-0.010995574,-0.07544186,-0.004428773
1760726300588,-0.010995574,-0.07544186,-0.008093964
1760726300590,-0.009773844,-0.0729984,-0.012980887
1760726300592,-0.012217305,-0.074067414,-0.01786781
1760726300595,-0.010995574,-0.07651087,-0.014202617
1760726300596,-0.014660766,-0.0777326,-0.0056505036
1760726300599,-0.015882496,-0.08506299,-0.001985312
1760726300601,-0.019700404,-0.088728175,6.1086525E-4
1760726300604,-0.019700404,-0.09605856,0.005497787
1760726300607,-0.023518313,-0.10216721,0.01160644
1760726300608,-0.025961773,-0.10934488,0.014049901
1760726300610,-0.02611449,-0.116675265,0.014202617
1760726300613,-0.02611449,-0.12156218,0.0154243475
1760726300616,-0.02733622,-0.12522738,0.02031127
1760726300617,-0.02977968,-0.124005646,0.025198191
1760726300619,-0.02977968,-0.122783914,0.030085113
1760726300622,-0.02855795,-0.12644911,0.028863383
1760726300624,-0.02733622,-0.12767084,0.030085113
1760726300627,-0.02611449,-0.12889257,0.031306844
1760726300629,-0.02367103,-0.1301143,0.026419923
1760726300631,-0.015118915,-0.13500121,0.01786781
1760726300633,-0.009010263,-0.14004086,0.008093964
1760726300635,-0.004276057,-0.14966199,-0.005192355
1760726300638,0.012675454,-0.16814066,-0.023518313
1760726300640,0.02107485,-0.18891008,-0.03191771
1760726300642,0.028405234,-0.19257528,-0.03924809
1760726300645,0.03573562,-0.19990565,-0.05757405
1760726300647,0.046578474,-0.2218968,-0.062308256
1760726300649,0.04520403,-0.24022275,-0.03894266
1760726300651,0.04016439,-0.25610524,-0.020616703
1760726300653,0.034055736,-0.25488353,-0.013286319
1760726300655,0.027947085,-0.24862215,-0.005955936
1760726300658,0.02565634,-0.24144448,1.5271631E-4
1760726300660,0.022143865,-0.22800545,0.0036651916
1760726300663,0.01863139,-0.2096795,0.002443461
1760726300665,0.021227567,-0.18891008,0.0010690142
1760726300667,0.025045475,-0.17684549,-0.0025961774
1760726300670,0.027641652,-0.17195857,-3.0543262E-4
1760726300672,0.025198191,-0.16584991,9.162979E-4
1760726300674,0.019242255,-0.14874569,0.0106901415
1760726300677,0.008399397,-0.12308934,0.019089539
1760726300679,0.0,-0.09987647,0.023823744
1760726300681,-0.01450805,-0.07666359,0.022449298
1760726300683,-0.020463986,-0.0571159,0.021227567
1760726300685,-0.024129177,-0.05100725,0.01863139
1760726300688,-0.024281893,-0.058337633,0.020005837
1760726300690,-0.021838432,-0.0729984,0.02855795
1760726300693,-0.022143865,-0.09239337,0.03481932
1760726300694,-0.01740966,-0.113162786,0.041080687
1760726300697,-0.013744468,-0.12660182,0.04230242
1760726300699,-0.011453724,-0.14126259,0.042455133
1760726300701,-0.010231993,-0.14370605,0.040011674
1760726300704,-0.010231993,-0.14737125,0.03756821
1760726300706,-0.0053450707,-0.14492778,0.03756821
1760726300708,-0.0041233404,-0.14126259,0.03756821
1760726300710,-0.005192355,-0.13041973,0.036193766
1760726300713,-0.0076358155,-0.12308934,0.034972034
1760726300715,-0.0050396384,-0.11942416,0.034972034
1760726300718,-0.009773844,-0.09987647,0.050701816
1760726300719,-0.0056505036,-0.061086524,0.059101213
1760726300722,-0.003970624,-0.014813482,0.052687127
1760726300723,-0.0012217305,0.013286319,0.05375614
1760726300726,-0.0096211275,0.023060163,0.07574729
1760726300728,-0.028252518,0.008552114,0.10629055
1760726300731,-0.04184427,-0.010995574,0.13454308
1760726300733,-0.04795292,-0.010995574,0.16157386
1760726300735,-0.056352317,0.0036651916,0.18096884
1760726300738,-0.062308256,0.030543262,0.1881465
1760726300740,-0.06566802,0.058490347,0.18799378
1760726300742,-0.06780604,0.0926988,0.18295415
1760726300744,-0.06994407,0.124311075,0.17547104
1760726300746,-0.06734789,0.14263703,0.16065755
1760726300749,-0.063682705,0.14996742,0.1459968
1760726300751,-0.057726767,0.13897185,0.124005646
1760726300753,-0.053145275,0.11102476,0.10705414
1760726300755,-0.053450707,0.07452556,0.09254608
1760726300757,-0.05513059,0.03924809,0.076816306
1760726300759,-0.05421429,0.0076358155,0.06490443
1760726300762,-0.06429356,-0.008093964,0.05513059
1760726300764,-0.07070765,-0.025045475,0.04917465
1760726300766,-0.07696902,-0.040775254,0.04550946
1760726300769,-0.08200866,-0.054061573,0.050549097
1760726300771,-0.082161374,-0.06627888,0.05787948
1760726300773,-0.087201014,-0.07360926,0.070249505
1760726300776,-0.09437868,-0.06505715,0.084910266
1760726300777,-0.10277808,-0.04917465,0.09819659
1760726300780,-0.119729586,-0.02107485,0.11148291
1760726300782,-0.13790283,0.018020526,0.12110403
1760726300784,-0.15592335,0.05971208,0.12705997
1760726300787,-0.17516561,0.09758572,0.13652839
1760726300789,-0.1994475,0.1366811,0.14614952
1760726300791,-0.22113322,0.17959438,0.16065755
1760726300794,-0.24419338,0.21868975,0.17012598
1760726300796,-0.2660318,0.2518292,0.18219055
1760726300798,-0.28787026,0.28725937,0.19058995
1760726300800,-0.30955598,0.32284227,0.20021108
1760726300803,-0.33017266,0.35827246,0.20861048
1760726300805,-0.3471242,0.3912592,0.21700987
1760726300807,-0.3652974,0.42317688,0.22296582
1760726300809,-0.38347065,0.4549419,0.22770002
1760726300812,-0.397826,0.48670688,0.2312125
1760726300814,-0.40622538,0.5172501,0.23472497
1760726300816,-0.41325033,0.5502369,0.23945917
1760726300818,-0.41798455,0.5758932,0.24297164
1760726300821,-0.41279218,0.59528816,0.2452624
1760726300823,-0.40759984,0.61346143,0.24755314
1760726300825,-0.39278635,0.6218608,0.25121832
1760726300827,-0.3753767,0.6252206,0.25977045
1760726300830,-0.35460728,0.61407226,0.26465738
1760726300832,-0.3313944,0.59315014,0.27091873
1760726300835,-0.30207285,0.56596667,0.27458394
1760726300837,-0.2677117,0.5340489,0.27962357
1760726300839,-0.23487769,0.49586987,0.28115073
1760726300842,-0.20189096,0.4578435,0.29229903
1760726300843,-0.16905695,0.41599923,0.30711251
1760726300846,-0.13607024,0.37064248,0.32452217
1760726300848,-0.10445796,0.32635477,0.33933565
1760726300850,-0.06780604,0.2857322,0.3529274
1760726300853,-0.034972034,0.24648413,0.36667186
1760726300855,-0.0030543262,0.2144137,0.37904188
1760726300857,0.02977968,0.17989981,0.3914119
1760726300860,0.05787948,0.13698652,0.40011674
1760726300862,0.083383106,0.09896017,0.40882155
1760726300864,0.11026118,0.07070765,0.41508293
1760726300867,0.13332134,0.041233405,0.41279218
1760726300869,0.15393804,0.0154243475,0.40439278
1760726300871,0.16737708,-0.0065668016,0.39354995
1760726300873,0.17440203,-0.031001411,0.38148534
1760726300876,0.1779145,-0.050396383,0.36071593
1760726300878,0.17760907,-0.063682705,0.33765575
1760726300880,0.17012598,-0.065973446,0.30955598
1760726300883,0.16279559,-0.058490347,0.28008172
1760726300885,0.1553125,-0.05222898,0.2519819
1760726300887,0.14553864,-0.037415497,0.22250767
1760726300889,0.13072516,-0.021380283,0.19440787
1760726300891,0.118507855,-0.00290161,0.1685988
1760726300894,0.09773844,0.009468411,0.14538592
1760726300897,0.0804815,0.02321288,0.123242065
1760726300898,0.062002823,0.038026363,0.10369437
1760726300901,0.041233405,0.057726767,0.0852157
1760726300903,0.016798794,0.084910266,0.07040222
1760726300905,-0.005192355,0.10949759,0.06047566
1760726300907,-0.024587326,0.14126259,0.05421429
1760726300909,-0.04520403,0.17684549,0.054061573
1760726300912,-0.05955936,0.2134974,0.052687127
1760726300915,-0.074067414,0.25137106,0.05497787
1760726300917,-0.08597928,0.29046643,0.058337633
1760726300918,-0.093004234,0.31978795,0.059406646
1760726300921,-0.1001819,0.34300083,0.06307184
1760726300923,-0.10125092,0.35643986,0.069027774
1760726300925,-0.098807454,0.35995236,0.069027774
1760726300927,-0.09025534,0.3501785,0.07147124
1760726300929,-0.07437284,0.33292156,0.07162395
1760726300932,-0.056199603,0.30726522,0.0693332
1760726300935,-0.030543262,0.2753475,0.06337727
1760726300936,-0.0050396384,0.23976462,0.058643065
1760726300939,0.019242255,0.2041817,0.051465396
1760726300941,0.03863723,0.17119499,0.04550946
1760726300944,0.051923547,0.14553864,0.041996986
1760726300946,0.05665775,0.12843442,0.040775254
1760726300948,0.057726767,0.12232576,0.03848451
1760726300950,0.050396383,0.123547494,0.040927973
1760726300953,0.038179077,0.13347405,0.04444045
1760726300954,0.024740042,0.1469131,0.04444045
1760726300958,0.006414085,0.16783522,0.04795292
1760726300960,-0.007941248,0.20082195,0.046578474
1760726300962,-0.01863139,0.24846944,0.04138612
1760726300964,-0.027947085,0.30818152,0.037415497
1760726300966,-0.039553523,0.36682457,0.035888333
1760726300969,-0.05131268,0.42424592,0.03313944
1760726300971,-0.06307184,0.48395798,0.030390546
1760726300973,-0.0711658,0.53893584,0.026419923
1760726300975,-0.084146686,0.59498274,0.02733622
1760726300978,-0.09605856,0.64873886,0.028252518
1760726300980,-0.10170906,0.6962337,0.028099801
1760726300982,-0.1085813,0.7451029,0.03023783
1760726300984,-0.113162786,0.7816021,0.031306844
1760726300986,-0.1226312,0.8194757,0.0346666
1760726300989,-0.12843442,0.8535315,0.036957346
1760726300991,-0.13561209,0.87674433,0.03924809
1760726300993,-0.14278975,0.8938486,0.044135015
1760726300996,-0.1525636,0.90377516,0.04642576
1760726300997,-0.16233744,0.9049969,0.04642576
1760726301000,-0.1685988,0.90392786,0.04886922
1760726301003,-0.17852537,0.893085,0.047800206
1760726301004,-0.18860464,0.8749117,0.04428773
1760726301007,-0.19257528,0.8530733,0.03940081
1760726301009,-0.1965459,0.8239045,0.03604105
1760726301011,-0.1956296,0.79091775,0.032528576
1760726301013,-0.1910481,0.75319684,0.0290161
1760726301015,-0.1779145,0.7165449,0.024281893
1760726301018,-0.16462818,0.68966687,0.019547688
1760726301021,-0.14523321,0.6589709,0.018478673
1760726301023,-0.122020334,0.63194007,0.01863139
1760726301025,-0.09896017,0.6085745,0.018784106
1760726301027,-0.07070765,0.5876524,0.016340645
1760726301030,-0.04627304,0.569021,0.017715093
1760726301031,-0.018020526,0.5542075,0.020158553
1760726301034,0.009010263,0.54290646,0.023823744
1760726301036,0.032375857,0.5329799,0.025198191
1760726301038,0.059406646,0.53023106,0.02397646
1760726301041,0.08399397,0.52763486,0.021380283
1760726301043,0.103847094,0.5297729,0.017715093
1760726301045,0.12599096,0.5381723,0.016493361
1760726301048,0.1421789,0.5500842,0.015118915
1760726301050,0.15836681,0.5694791,0.01740966
1760726301052,0.16982053,0.59238654,0.01740966
1760726301055,0.17989981,0.6203337,0.02076942
1760726301057,0.18875736,0.6458373,0.026725354
1760726301059,0.19043724,0.6737844,0.03756821
1760726301061,0.19058995,0.7005097,0.046120327
1760726301063,0.18616119,0.74204856,0.050701816
1760726301066,0.18295415,0.7870999,0.057726767
1760726301068,0.18219055,0.83459467,0.063682705
1760726301070,0.1815797,0.8904888,0.06337727
1760726301073,0.18219055,0.9550878,0.06414085
1760726301076,0.1779145,1.0196868,0.06261369
1760726301077,0.17730364,1.0853548,0.061086524
1760726301080,0.1742493,1.1523973,0.061850104
1760726301082,0.16875152,1.2145529,0.063988134
1760726301084,0.16203201,1.2754866,0.06490443
1760726301086,0.15760323,1.3315336,0.06704246
1760726301089,0.15210545,1.3865114,0.06918049
1760726301091,0.14767668,1.4413365,0.0664316
1760726301093,0.14813483,1.4937183,0.05513059
1760726301095,0.14874569,1.5485435,0.043829583
1760726301097,0.14905111,1.592373,0.031306844
1760726301099,0.14446963,1.6302466,0.021380283
1760726301102,0.13500121,1.6620116,0.012675454
1760726301104,0.122783914,1.682781,0.0027488936
1760726301107,0.10323623,1.698969,-0.005955936
1760726301109,0.07849618,1.7027869,-0.010842858
1760726301111,0.05131268,1.6957619,-0.0106901415
1760726301114,0.021533,1.6765196,-0.008093964
1760726301115,-0.011911872,1.653765,6.1086525E-4
1760726301118,-0.043066,1.6224581,0.010537425
1760726301121,-0.07422013,1.5800029,0.021838432
1760726301123,-0.10552697,1.540144,0.03313944
1760726301125,-0.12812899,1.4952455,0.043218717
1760726301127,-0.15561792,1.4517213,0.051923547
1760726301130,-0.17821993,1.4043792,0.06566802
1760726301133,-0.20097467,1.3486377,0.07941248
1760726301134,-0.21624629,1.2915218,0.094531395
1760726301137,-0.23044892,1.2368494,0.10705414
1760726301139,-0.24083363,1.178359,0.1207986
1760726301141,-0.2499966,1.1175779,0.13454308
1760726301143,-0.25427267,1.0590876,0.14721853
1760726301145,-0.25350907,0.9993755,0.16218472
1760726301148,-0.24923302,0.9408852,0.17470746
1760726301150,-0.23976462,0.892016,0.18967366
1760726301153,-0.22418754,0.8492554,0.19837849
1760726301155,-0.20479257,0.81000733,0.20723604
1760726301156,-0.18295415,0.7780896,0.2134974
1760726301159,-0.15974127,0.75594574,0.2134974
1760726301161,-0.13026701,0.73853606,0.21609358
1760726301164,-0.1020145,0.7322747,0.21609358
1760726301166,-0.07238753,0.7344127,0.21120666
1760726301168,-0.04260785,0.7475463,0.20861048
1760726301171,-0.007788532,0.7800749,0.20708331
1760726301173,0.027183503,0.8258898,0.21181752
1760726301175,0.059864793,0.88040954,0.21746802
1760726301177,0.09254608,0.9494373,0.21838433
1760726301180,0.12308934,1.0343475,0.21410827
1760726301182,0.1572978,1.1265882,0.20631973
1760726301184,0.1853976,1.2359331,0.20066923
1760726301186,0.20769419,1.358717,0.19761491
1760726301189,0.2237294,1.4802792,0.19685133
1760726301191,0.2322815,1.5995506,0.19624045
1760726301193,0.23457226,1.7079792,0.19807306
1760726301195,0.22800545,1.7895297,0.19639318
1760726301198,0.21380283,1.8469511,0.19364429
1760726301200,0.19807306,1.8799378,0.1910481
1760726301203,0.172264,1.8924606,0.18982637
1760726301205,0.15241088,1.8793269,0.18982637
1760726301207,0.12873985,1.8454239,0.19746219
1760726301209,0.102319926,1.7956384,0.20998493
1760726301212,0.07574729,1.726458,0.22250767
1760726301214,0.045356743,1.6427693,0.23900102
1760726301216,0.01863139,1.5479325,0.25900686
1760726301219,-0.008246681,1.4459181,0.28038713
1760726301220,-0.035277467,1.3304645,0.3043636
1760726301223,-0.058490347,1.2124147,0.3294091
1760726301225,-0.07819075,1.093296,0.355829
1760726301227,-0.09896017,0.981355,0.3820962
1760726301229,-0.11346822,0.8791878,0.40225476
1760726301232,-0.12415836,0.7866417,0.4175264
1760726301233,-0.12629639,0.70631295,0.42653665
1760726301236,-0.13057245,0.6478226,0.4353942
1760726301238,-0.123547494,0.60139686,0.45280385
1760726301240,-0.10415252,0.55863625,0.47494772
1760726301243,-0.08109236,0.516792,0.5009095
1760726301245,-0.057726767,0.49831334,0.5180137
1760726301248,-0.03924809,0.4992296,0.5290093
1760726301249,-0.021838432,0.50762904,0.54000485
1760726301252,-7.6358154E-4,0.52320606,0.5410739
1760726301254,0.021533,0.5375614,0.5335908
1760726301256,0.04016439,0.54718256,0.52870387
1760726301259,0.04886922,0.5543602,0.52122074
1760726301261,0.05757405,0.55924714,0.5187773
1760726301263,0.063682705,0.5652031,0.5138904
1760726301266,0.069791354,0.5652031,0.50778174
1760726301268,0.0711658,0.5688683,0.4980079
1760726301270,0.069791354,0.57009,0.4906775
1760726301272,0.06734789,0.5702427,0.48579058
1760726301275,0.06246097,0.5702427,0.48334712
1760726301277,0.056199603,0.5691737,0.47601673
1760726301278,0.05131268,0.56428677,0.47235155
1760726301281,0.04505131,0.5571091,0.4699081
1760726301283,0.043829583,0.55955255,0.46746463
1760726301285,0.04138612,0.5681047,0.4662429
1760726301288,0.043982297,0.5740606,0.46868637
1760726301290,0.041691553,0.5862779,0.47586402
1760726301292,0.04184427,0.6058256,0.48059824
1760726301295,0.048258353,0.63361996,0.49021935
1760726301297,0.05222898,0.6579019,0.50243664
1760726301299,0.056352317,0.68584895,0.515723
1760726301301,0.06154467,0.7174612,0.5325218
1760726301303,0.06337727,0.75640386,0.5531385
1760726301306,0.06261369,0.798859,0.5823073
1760726301308,0.06078109,0.8559749,0.6198755
1760726301310,0.060322944,0.91675603,0.6611089
1760726301312,0.056199603,0.9812023,0.7021896
1760726301315,0.053297993,1.0456486,0.7470882
1760726301317,0.049021937,1.099252,0.7883216
1760726301319,0.048258353,1.1453724,0.8211556
1760726301322,0.05131268,1.1866057,0.84772825
1760726301324,0.055283304,1.2157745,0.86467975
1760726301327,0.06291912,1.2241739,0.8744536
1760726301329,0.07269296,1.2144,0.8756753
1760726301331,0.08475755,1.1983649,0.86849767
1760726301333,0.09789115,1.1667526,0.84788096
1760726301336,0.1085813,1.1252137,0.82726425
1760726301338,0.12156218,1.0740538,0.7994699
1760726301340,0.13194689,1.0155635,0.76923203
1760726301342,0.1385137,0.95111716,0.7341073
1760726301345,0.1414153,0.88056225,0.6965391
1760726301347,0.14431691,0.8051204,0.6542367
1760726301350,0.14202617,0.72494435,0.61437774
1760726301351,0.13744467,0.64599,0.5720753
1760726301354,0.12904528,0.56581396,0.5222898
1760726301357,0.118202426,0.48441613,0.47143525
1760726301359,0.10873401,0.4092797,0.4156938
1760726301361,0.094225965,0.33765575,0.36102137
1760726301363,0.08231409,0.26984972,0.3052799
1760726301365,0.06795876,0.20555615,0.25427267
1760726301368,0.054825157,0.14248432,0.20082195
1760726301370,0.038026363,0.08445212,0.15103643
1760726301372,0.023823744,0.028710667,0.10980303
1760726301375,0.0096211275,-0.01985312,0.07467828
1760726301377,-0.004428773,-0.06093381,0.050549097
1760726301379,-0.013439035,-0.09621128,0.03359759
1760726301381,-0.022449298,-0.12522738,0.02397646
1760726301383,-0.025045475,-0.13744467,0.019242255
1760726301386,-0.027488936,-0.14110987,0.016798794
1760726301388,-0.027488936,-0.13133603,0.02031127
1760726301390,-0.022449298,-0.11911872,0.02397646
1760726301392,-0.010995574,-0.09743301,0.032375857
1760726301395,-9.162979E-4,-0.07437284,0.0346666
1760726301397,0.01282817,-0.049021937,0.038179077
1760726301399,0.026725354,-0.02107485,0.0355829
1760726301402,0.041691553,0.0018325958,0.034208454
1760726301404,0.053145275,0.02733622,0.029168816
1760726301406,0.06429356,0.04184427,0.025350908
1760726301409,0.075594574,0.05879578,0.019242255
1760726301411,0.08307768,0.069791354,0.011759156
1760726301413,0.089186326,0.073303826,0.004428773
1760726301415,0.089186326,0.071013086,-0.0053450707
1760726301418,0.09025534,0.06001751,-0.013897184
1760726301420,0.08399397,0.051618114,-0.02107485
1760726301422,0.08017606,0.03940081,-0.027183503
1760726301424,0.07009678,0.020005837,-0.03436117
1760726301427,0.06246097,-0.0016798794,-0.039095376
1760726301428,0.054825157,-0.017562376,-0.042760566
1760726301431,0.04352415,-0.038026363,-0.043829583
1760726301434,0.03726278,-0.05879578,-0.040011674
1760726301436,0.029626964,-0.081855945,-0.037415497
1760726301438,0.021991149,-0.10247265,-0.03359759
1760726301440,0.011911872,-0.12064589,-0.029932396
1760726301443,7.6358154E-4,-0.13637567,-0.02611449
1760726301445,-0.004428773,-0.15454891,-0.023518313
1760726301447,-0.0106901415,-0.17027868,-0.01985312
1760726301449,-0.01817324,-0.18493946,-0.018478673
1760726301452,-0.025809057,-0.19700404,-0.015882496
1760726301454,-0.030695979,-0.20295998,-0.013439035
1760726301457,-0.03573562,-0.21395555,-0.012217305
1760726301459,-0.039553523,-0.22113322,-0.013286319
1760726301460,-0.0421497,-0.22602014,-0.013286319
1760726301462,-0.0421497,-0.23090707,-0.01572978
1760726301465,-0.0421497,-0.2284636,-0.01695151
1760726301467,-0.040927973,-0.22602014,-0.020616703
1760726301470,-0.0421497,-0.22602014,-0.023060163
1760726301471,-0.040927973,-0.22235495,-0.029168816
1760726301474,-0.039553523,-0.21991149,-0.036651913
1760726301476,-0.037110064,-0.21746802,-0.040317107
1760726301479,-0.038331795,-0.21502456,-0.04520403
1760726301481,-0.03726278,-0.21868975,-0.052534413
1760726301483,-0.03848451,-0.22586742,-0.062155537
1760726301485,-0.038789943,-0.24419338,-0.07192938
1760726301487,-0.03894266,-0.26236662,-0.08155051
1760726301490,-0.03924809,-0.28787026,-0.089949906
1760726301493,-0.040775254,-0.31719178,-0.1020145
1760726301495,-0.039858956,-0.34513888,-0.111635625
1760726301497,-0.04016439,-0.3755294,-0.12492194
1760726301499,-0.04062254,-0.4083634,-0.13820826
1760726301502,-0.03848451,-0.4436409,-0.15149458
1760726301504,-0.039095376,-0.49357912,-0.16584991
1760726301506,-0.03863723,-0.56291234,-0.1777618
1760726301508,-0.034513887,-0.64934975,-0.18936823
1760726301511,-0.03313944,-0.7492262,-0.19624045
1760726301513,-0.03176499,-0.85994554,-0.20173825
1760726301514,-0.02565634,-0.9793697,-0.20708331
1760726301517,-0.01817324,-1.0926852,-0.20525073
1760726301519,-0.006872234,-1.1963795,-0.20112738
1760726301521,0.00580322,-1.2866349,-0.18829921
1760726301524,0.02367103,-1.3623822,-0.17455475
1760726301526,0.046578474,-1.4126259,-0.15347989
1760726301529,0.07223482,-1.4445436,-0.13133603
1760726301531,0.10048734,-1.4595097,-0.110413894
1760726301533,0.13637567,-1.4563028,-0.08735373
1760726301535,0.17745635,-1.4300356,-0.061850104
1760726301537,0.21853705,-1.396438,-0.040011674
1760726301539,0.26099217,-1.350623,-0.02076942
1760726301542,0.2959642,-1.3084733,-0.005192355
1760726301544,0.33826664,-1.2759448,0.009315695
1760726301546,0.3743077,-1.2447907,0.018784106
1760726301548,0.41034874,-1.2208142,0.025961773
1760726301551,0.44135013,-1.2076806,0.033292156
1760726301553,0.4709771,-1.2067643,0.03680463
1760726301556,0.4905248,-1.2227995,0.03940081
1760726301557,0.51251596,-1.2449434,0.038331795
1760726301560,0.52946746,-1.2744176,0.03848451
1760726301562,0.5403103,-1.300074,0.03970624
1760726301564,0.547488,-1.3232869,0.044745877
1760726301568,0.5510005,-1.3416128,0.05100725
1760726301569,0.5572618,-1.345278,0.062002823
1760726301571,0.5549711,-1.3344351,0.07544186
1760726301573,0.5552765,-1.3077098,0.0936151
1760726301577,0.5543602,-1.2724323,0.11789699
1760726301579,0.5500842,-1.2224941,0.14446963
1760726301581,0.54336464,-1.1592696,0.17348573
1760726301583,0.5354234,-1.0983357,0.20372356
1760726301585,0.52763486,-1.031446,0.23747386
1760726301588,0.5123632,-0.96684694,0.27259862
1760726301590,0.49586987,-0.90102625,0.31016684
1760726301592,0.47571132,-0.84131414,0.3501785
1760726301594,0.45280385,-0.7912232,0.38912117
1760726301597,0.42394048,-0.73991054,0.4266894
1760726301599,0.39614612,-0.68493265,0.4605924
1760726301601,0.36483926,-0.6275113,0.4908302
1760726301604,0.3297145,-0.5723807,0.5151121
1760726301606,0.29565877,-0.5196936,0.5306892
1760726301608,0.2593123,-0.46700647,0.54626626
1760726301610,0.2228131,-0.42531493,0.55833083
1760726301613,0.18478674,-0.39813143,0.5693264
1760726301615,0.13942999,-0.38545597,0.58016926
1760726301617,0.1049161,-0.3827071,0.59498274
1760726301619,0.06795876,-0.3885103,0.6096435
1760726301621,0.032223143,-0.3930918,0.6256787
1760726301623,-0.0047342055,-0.3866777,0.6452264
1760726301625,-0.03283401,-0.37186423,0.66950834
1760726301628,-0.06093381,-0.34972036,0.69027776
1760726301630,-0.08506299,-0.30940324,0.7145596
1760726301632,-0.10308351,-0.26297748,0.7325801
1760726301634,-0.114689946,-0.1947133,0.7493789
1760726301639,-0.12370021,-0.116675265,0.7672467
1760726301640,-0.13515393,-0.04230242,0.77778417
1760726301642,-0.14569137,0.02107485,0.77747875
1760726301644,-0.1611157,0.074830994,0.77106464
1760726301646,-0.17302758,0.12980886,0.7622071
1760726301648,-0.18860464,0.17867808,0.7484626
1760726301651,-0.20311269,0.21059579,0.7324274
1760726301653,-0.22266038,0.22907446,0.7128797
1760726301655,-0.24480425,0.23915374,0.68829244
1760726301658,-0.26465738,0.23808473,0.66523224
1760726301660,-0.28955013,0.22266038,0.63591075
1760726301662,-0.31215215,0.19624045,0.6079636
1760726301665,-0.3359759,0.15515977,0.58016926
1760726301667,-0.36010507,0.10430524,0.5535966
1760726301669,-0.38423425,0.042455133,0.52946746
1760726301672,-0.4083634,-0.025350908,0.505491
1760726301674,-0.43508878,-0.10415252,0.48273626
1760726301676,-0.4633413,-0.19761491,0.45998153
1760726301678,-0.4877759,-0.30085114,0.43860126
1760726301681,-0.5111415,-0.40759984,0.4196644
1760726301683,-0.5357288,-0.5132795,0.40317106
1760726301685,-0.55665094,-0.6238461,0.3866777
1760726301688,-0.5737552,-0.7246389,0.37384954
1760726301690,-0.5882632,-0.8194757,0.35842517
1760726301692,-0.59421915,-0.9120218,0.34804046
1760726301694,-0.6000224,-0.9995282,0.3387248
1760726301697,-0.59589905,-1.0775663,0.3294091
1760726301699,-0.57696223,-1.1580478,0.32238412
1760726301701,-0.5543602,-1.2350168,0.3118467
1760726301703,-0.52320606,-1.3144293,0.29886582
1760726301706,-0.49189925,-1.3926201,0.28084528
1760726301708,-0.45463645,-1.4695891,0.25686884
1760726301710,-0.4184427,-1.5441146,0.226631
1760726301713,-0.38347065,-1.6113098,0.18295415
1760726301715,-0.34483343,-1.6650659,0.10629055
1760726301723,-0.2773328,-1.6604844,-0.013591751
1760726301723,-0.22296582,-1.6267341,-0.11285736
1760726301723,-0.20051652,-1.5806139,-0.14492778
1760726301725,-0.16355917,-1.4726434,-0.13698652
1760726301726,-0.09514226,-1.2993103,-0.111177474
1760726301729,0.004428773,-1.093296,-0.081855945
1760726301731,0.103847094,-0.89949906,-0.058643065
1760726301733,0.19058995,-0.7458665,-0.035124753
1760726301735,0.26221392,-0.6200282,-0.00290161
1760726301737,0.31138855,-0.52564955,0.028405234
1760726301740,0.34666604,-0.4615087,0.05971208
1760726301742,0.35811976,-0.43386704,0.09621128
1760726301744,0.3483459,-0.4447099,0.12812899
1760726301746,0.32085696,-0.48472157,0.1600467
1760726301749,0.2883284,-0.5357288,0.1910481
1760726301751,0.24969117,-0.5876524,0.21945333
1760726301753,0.2237294,-0.6094908,0.2501493
1760726301755,0.205098,-0.6178902,0.26725355
1760726301758,0.1815797,-0.6261369,0.27107146
1760726301760,0.16081028,-0.61498857,0.2857322
1760726301762,0.15118915,-0.59421915,0.29046643
1760726301764,0.1414153,-0.58078015,0.2929099
1760726301766,0.13454308,-0.54168475,0.2950479
1760726301768,0.1348485,-0.5015204,0.29000828
1760726301770,0.14019357,-0.4625777,0.27382034
1760726301773,0.14645495,-0.4381431,0.23945917
1760726301775,0.1525636,-0.42836925,0.21135938
1760726301778,0.16142114,-0.4016439,0.1965459
1760726301779,0.17654006,-0.3724751,0.18402316
1760726301782,0.19394971,-0.3556763,0.16447547
1760726301784,0.2049453,-0.35078937,0.1459968
1760726301786,0.2125811,-0.33628133,0.14110987
1760726301789,0.22128594,-0.3193298,0.1385137
1760726301791,0.22999077,-0.30711251,0.12370021
1760726301793,0.23258694,-0.28893927,0.1151481
1760726301796,0.2405282,-0.24877487,0.111177474
1760726301798,0.24709499,-0.19761491,0.109650314
1760726301800,0.25381452,-0.14172074,0.10323623
1760726301803,0.2706133,-0.072540246,0.101556346
1760726301805,0.29000828,0.016187929,0.10354166
1760726301807,0.310625,0.1049161,0.094531395
1760726301809,0.33735034,0.19120082,0.082924955
1760726301812,0.36651915,0.27977628,0.07513642
1760726301813,0.39828414,0.37568212,0.07819075
1760726301816,0.43264532,0.472657,0.086132
1760726301818,0.47555858,0.5684101,0.093004234
1760726301820,0.5158757,0.6543894,0.09850202
1760726301823,0.5525276,0.7344127,0.10903945
1760726301825,0.5841399,0.80832744,0.1244638
1760726301828,0.61315596,0.8724683,0.14859296
1760726301829,0.63591075,0.91599244,0.18127427
1760726301832,0.6436992,0.93645644,0.2264783
1760726301834,0.6365216,0.9462303,0.27397305
1760726301836,0.6133087,0.9462303,0.32055154
1760726301839,0.57864213,0.9306532,0.3707952
1760726301841,0.5403103,0.9016371,0.42348233
1760726301843,0.4981606,0.86544335,0.47143525
1760726301846,0.45738536,0.8388707,0.5143485
1760726301848,0.41783184,0.8136725,0.5488624
1760726301850,0.3831652,0.795652,0.57833666
1760726301852,0.35720345,0.7812967,0.5954409
1760726301854,0.3324634,0.77411896,0.59803706
1760726301857,0.31138855,0.76831573,0.59803706
1760726301859,0.28787026,0.7612908,0.5870415
1760726301861,0.26419923,0.7432703,0.5713117
1760726301864,0.24419338,0.7228063,0.5421429
1760726301866,0.2191479,0.6951646,0.50808716
1760726301868,0.19639318,0.6554584,0.46685377
1760726301871,0.17363845,0.6070473,0.4266894
1760726301873,0.15561792,0.5500842,0.37812558
1760726301875,0.14248432,0.48838675,0.32482758
1760726301877,0.12690726,0.42164972,0.27137688
1760726301880,0.10751228,0.3501785,0.21303925
1760726301882,0.0917825,0.27259862,0.16218472
1760726301884,0.07345655,0.18402316,0.116217114
1760726301886,0.05390886,0.08689558,0.075289145
1760726301888,0.03283401,-0.021227567,0.038026363
1760726301891,0.012980887,-0.14752395,0.011911872
1760726301893,-0.007788532,-0.25442538,-0.00580322
1760726301895,-0.025961773,-0.33948836,-0.016340645
1760726301897,-0.042760566,-0.4147775,-0.02687807
1760726301900,-0.063224554,-0.47784933,-0.038789943
1760726301902,-0.08231409,-0.5299256,-0.048258353
1760726301904,-0.10247265,-0.57726765,-0.052839845
1760726301907,-0.12751812,-0.61468315,-0.056352317
1760726301909,-0.15760323,-0.6618725,-0.053603426
1760726301911,-0.18280143,-0.7141015,-0.049632803
1760726301913,-0.20922135,-0.764956,-0.05299256
1760726301915,-0.23182335,-0.80848014,-0.056352317
1760726301918,-0.24816401,-0.84116143,-0.058643065
1760726301920,-0.25809056,-0.8507826,-0.05971208
1760726301923,-0.25809056,-0.8399397,-0.058643065
1760726301925,-0.2490803,-0.8046622,-0.05513059
1760726301927,-0.22983804,-0.73426,-0.051923547
1760726301930,-0.19547687,-0.6310238,-0.052534413
1760726301932,-0.15699236,-0.4792238,-0.056963183
1760726301934,-0.116980694,-0.30543262,-0.06536258
1760726301937,-0.09117164,-0.17654006,-0.08689558
1760726301938,-0.085673854,-0.1217149,-0.1226312
1760726301941,-0.09330966,-0.12522738,-0.16661349
1760726301943,-0.101098195,-0.15302174,-0.20799962
1760726301945,-0.11148291,-0.19425514,-0.24205536
1760726301948,-0.111941054,-0.23426682,-0.26618454
1760726301949,-0.10995574,-0.26343563,-0.28802297
1760726301952,-0.0954477,-0.29031372,-0.30757064
1760726301954,-0.077121735,-0.31245756,-0.3220787
1760726301956,-0.057726767,-0.33933565,-0.3304781
1760726301959,-0.03970624,-0.37491855,-0.33765575
1760726301961,-0.025350908,-0.43096542,-0.34223726
1760726301963,-0.030085113,-0.5174029,-0.35155296
1760726301965,-0.121256754,-0.7415904,-0.43081272
1760726301968,-0.25992316,-1.0051788,-0.5392413
1760726301970,-0.34895676,-1.132086,-0.58001655
1760726301972,-0.38988474,-1.1633929,-0.56031615
1760726301974,-0.40683624,-1.1487321,-0.5028948
1760726301977,-0.41493022,-1.1209377,-0.4344779
1760726301980,-0.4082107,-1.0919216,-0.36377025
1760726301982,-0.39920044,-1.0655017,-0.2967278
1760726301984,-0.38133264,-1.0317514,-0.23945917
1760726301986,-0.36010507,-1.0088439,-0.2041817
1760726301989,-0.32895094,-0.98731095,-0.183565
1760726301991,-0.2930626,-0.96944314,-0.18616119
1760726301992,-0.25228736,-0.958753,-0.20952678
1760726301995,-0.20540343,-0.9445504,-0.24266621
1760726301998,-0.15225816,-0.9230174,-0.2843578
1760726302000,-0.09666943,-0.893085,-0.3286455
1760726302002,-0.03970624,-0.86177814,-0.37400225
1760726302005,0.02107485,-0.816116,-0.41829
1760726302007,0.07803804,-0.7703011,-0.46028697
1760726302009,0.13881913,-0.71837753,-0.5009095
1760726302011,0.19853121,-0.6640105,-0.53801954
1760726302014,0.25442538,-0.6122397,-0.5725334
1760726302015,0.3042109,-0.56016344,-0.6046039
1760726302018,0.35155296,-0.5045747,-0.63316184
1760726302020,0.3950771,-0.4550946,-0.6554584
1760726302023,0.43004912,-0.40790528,-0.6740898
1760726302025,0.4625777,-0.3643811,-0.6817256
1760726302027,0.4888449,-0.3231477,-0.6818783
1760726302030,0.50533825,-0.2845105,-0.66752297
1760726302032,0.5155703,-0.24694228,-0.64568454
1760726302034,0.5148067,-0.21777347,-0.61407226
1760726302036,0.50778174,-0.18860464,-0.5751296
1760726302039,0.4970916,-0.16539176,-0.52641314
1760726302041,0.47769663,-0.13744467,-0.47876564
1760726302043,0.45097128,-0.118966006,-0.43493605
1760726302045,0.4202753,-0.11148291,-0.3921755
1760726302048,0.3810272,-0.11484267,-0.34681875
1760726302050,0.3378085,-0.13164146,-0.30024028
1760726302052,0.29336804,-0.15317446,-0.25121832
1760726302054,0.24755314,-0.18829921,-0.19837849
1760726302057,0.20173825,-0.21838433,-0.14569137
1760726302059,0.15607607,-0.24358252,-0.089186326
1760726302061,0.11301007,-0.25427267,-0.035277467
1760726302064,0.07238753,-0.2565634,0.017256944
1760726302066,0.038179077,-0.23808473,0.06856962
1760726302068,0.007941248,-0.19776763,0.11728613
1760726302070,-0.011148291,-0.14278975,0.15974127
1760726302073,-0.02397646,-0.08445212,0.19730948
1760726302074,-0.02687807,-0.02107485,0.23487769
1760726302077,-0.028710667,0.04337143,0.26633725
1760726302079,-0.025503624,0.10415252,0.29901853
1760726302082,-0.013744468,0.16233744,0.32910365
1760726302083,0.0018325958,0.21685717,0.35811976
1760726302086,0.018325957,0.26526824,0.3885103
1760726302088,0.033750303,0.31138855,0.41508293
1760726302091,0.049021937,0.35246924,0.43799037
1760726302093,0.06307184,0.3924809,0.45982882
1760726302095,0.0759,0.43127087,0.48288897
1760726302098,0.086132,0.47128254,0.5021312
1760726302100,0.095294975,0.5112942,0.5215262
1760726302102,0.10186178,0.5526803,0.54199016
1760726302104,0.107359566,0.606131,0.56245416
1760726302107,0.11056661,0.66813385,0.58291817
1760726302109,0.112399206,0.72158456,0.59483004
1760726302111,0.110413894,0.7666359,0.6056729
1760726302114,0.10720685,0.81413066,0.6114761
1760726302116,0.10262536,0.8507826,0.61621034
1760726302118,0.098043874,0.872621,0.61850107
1760726302120,0.08827003,0.88621277,0.62690043
1760726302123,0.082161374,0.8886562,0.63178736
1760726302125,0.065973446,0.8765916,0.6356053
1760726302127,0.05207626,0.84513205,0.6406449
1760726302129,0.03191771,0.79901177,0.6409504
1760726302132,0.009162978,0.74204856,0.6412558
1760726302134,-0.01740966,0.66920286,0.6404922
1760726302136,-0.044135015,0.59406644,0.63239825
1760726302139,-0.064751714,0.5138904,0.6059783
1760726302141,-0.079107046,0.44730607,0.55741453
1760726302143,-0.08964448,0.40118575,0.50762904
1760726302145,-0.086132,0.38789943,0.4636467
1760726302148,-0.08857546,0.39660427,0.4428773
1760726302150,-0.08093964,0.42562035,0.44638976
1760726302152,-0.063224554,0.4644103,0.45830166
1760726302154,-0.036957346,0.50671273,0.47158796
1760726302157,-0.011759156,0.5514586,0.48349985
1760726302159,0.013286319,0.5902485,0.48808134
1760726302161,0.035888333,0.61926466,0.48915035
1760726302163,0.054519724,0.6409504,0.49021935
1760726302165,0.069485925,0.64812803,0.49388456
1760726302169,0.084146686,0.64675355,0.48899764
1760726302170,0.0926988,0.6404922,0.48288897
1760726302172,0.100029185,0.6270532,0.47555858
1760726302175,0.10598512,0.6113234,0.46593747
1760726302177,0.108123146,0.5868888,0.45875978
1760726302179,0.113926366,0.5516113,0.4503604
1760726302182,0.12095132,0.5112942,0.44318274
1760726302184,0.13026701,0.4699081,0.43249258
1760726302186,0.13103059,0.42363504,0.42531493
1760726302188,0.13545936,0.36758816,0.4195117
1760726302191,0.14462234,0.30787608,0.41248676
1760726302193,0.14645495,0.24327709,0.408058
1760726302195,0.15577064,0.183565,0.40591997
1760726302197,0.16508633,0.13347405,0.40378192
1760726302200,0.17073683,0.08597928,0.40393466
1760726302202,0.18402316,0.055436023,0.4016439
1760726302205,0.19364429,0.034513887,0.39813143
1760726302207,0.19960022,0.009010263,0.39461896
1760726302208,0.19685133,-0.009315695,0.39354995
1760726302211,0.19440787,-0.015271631,0.38744128
1760726302213,0.18829921,-0.005497787,0.37384954
1760726302216,0.18219055,0.01282817,0.36163223
1760726302218,0.17745635,0.03726278,0.3492622
1760726302220,0.16783522,0.06429356,0.3381139
1760726302223,0.15821409,0.09605856,0.31230485
1760726302225,0.15974127,0.1339322,0.26435193
1760726302227,0.15500705,0.17073683,0.21410827
1760726302229,0.15149458,0.2098322,0.1600467
1760726302232,0.1516473,0.24281894,0.11346822
1760726302234,0.15439619,0.2770274,0.066737026
1760726302236,0.16325374,0.31123585,0.018936822
1760726302238,0.17944166,0.34529158,-0.026572637
1760726302241,0.19440787,0.36835176,-0.06582073
1760726302244,0.21410827,0.37675115,-0.09025534
1760726302245,0.2312125,0.36453384,-0.1085813
1760726302248,0.2284636,0.33658674,-0.11942416
1760726302250,0.22418754,0.29031372,-0.12522738
1760726302251,0.21624629,0.23441954,-0.12980886
1760726302254,0.20326541,0.17608191,-0.13561209
1760726302256,0.18906279,0.11789699,-0.14874569
1760726302258,0.17608191,0.05955936,-0.16554448
1760726302261,0.16081028,0.011148291,-0.18600847
1760726302262,0.15042557,-0.037415497,-0.20769419
1760726302264,0.14370605,-0.08597928,-0.23304509
1760726302268,0.14065172,-0.12736541,-0.25610524
1760726302269,0.13775012,-0.17104226,-0.27046058
1760726302271,0.13988814,-0.20525073,-0.27885997
1760726302274,0.1432479,-0.23808473,-0.27137688
1760726302277,0.14782938,-0.2771801,-0.26251933
1760726302278,0.15241088,-0.31138855,-0.2501493
1760726302280,0.15592335,-0.3297145,-0.24648413
1760726302283,0.1656972,-0.33826664,-0.2658791
1760726302286,0.18417588,-0.3297145,-0.30024028
1760726302288,0.20387627,-0.31031954,-0.34193182
1760726302290,0.22999077,-0.28496864,-0.38728857
1760726302293,0.24969117,-0.27046058,-0.40943244
1760726302294,0.25717425,-0.26939157,-0.40454552
1760726302297,0.2582433,-0.29016098,-0.37384954
1760726302299,0.26053402,-0.31948254,-0.33460143
1760726302301,0.2603813,-0.35002577,-0.28924468
1760726302304,0.25793785,-0.3622431,-0.26099217
1760726302306,0.25793785,-0.35995236,-0.24877487
1760726302308,0.2556471,-0.3391829,-0.25137106
1760726302310,0.24495697,-0.3061962,-0.26251933
1760726302313,0.23533584,-0.26465738,-0.27870727
1760726302315,0.21487185,-0.22296582,-0.2959642
1760726302317,0.19058995,-0.17638734,-0.3145956
1760726302320,0.16875152,-0.13836098,-0.33307427
1760726302322,0.13927728,-0.10995574,-0.35277468
1760726302324,0.10751228,-0.0852157,-0.377362
1760726302327,0.0852157,-0.077579886,-0.41034874
1760726302329,0.06658431,-0.06627888,-0.47143525
1760726302331,0.05665775,-0.04520403,-0.56321776
1760726302333,0.054061573,-0.035124753,-0.674548
1760726302336,0.058490347,-0.045814894,-0.7881689
1760726302337,0.06536258,-0.069791354,-0.8932377
1760726302340,0.0720821,-0.114689946,-0.9772317
1760726302343,0.074830994,-0.18035796,-1.0343475
1760726302345,0.076358154,-0.26419923,-1.0742066
1760726302347,0.08399397,-0.36163223,-1.1030699
1760726302349,0.087659165,-0.47128254,-1.1305588
1760726302351,0.09132435,-0.5832236,-1.1592696
1760726302354,0.08628472,-0.70722926,-1.1939361
1760726302356,0.072540246,-0.8373435,-1.2348641
1760726302358,0.063682705,-0.97219205,-1.281748
1760726302361,0.049785517,-1.1082623,-1.3310753
1760726302363,0.03848451,-1.2420417,-1.3730724
1760726302365,0.033444874,-1.3600914,-1.3968961
1760726302367,0.033750303,-1.4585935,-1.4048374
1760726302370,0.04260785,-1.5476271,-1.3982705
1760726302372,0.061850104,-1.6099354,-1.3771957
1760726302374,0.08750644,-1.6444492,-1.3611605
1760726302377,0.116980694,-1.6496416,-1.3464997
1760726302379,0.1479821,-1.6340646,-1.3477215
1760726302381,0.16294831,-1.6136005,-1.357648
1760726302383,0.1779145,-1.5942056,-1.3736832
1760726302385,0.19043724,-1.563815,-1.3909402
1760726302388,0.19807306,-1.5370897,-1.4083499
1760726302390,0.19960022,-1.5028812,-1.4268285
1760726302392,0.20112738,-1.4651603,-1.4477507
1760726302395,0.21395555,-1.4115568,-1.4761559
1760726302396,0.22449298,-1.3396275,-1.5242615
1760726302399,0.23732115,-1.2628112,-1.59558
1760726302401,0.2574797,-1.193478,-1.6815593
1760726302404,0.28619036,-1.1337659,-1.779756
1760726302406,0.31612277,-1.0703887,-1.8816177
1760726302408,0.34590244,-1.0180069,-1.9833268
1760726302411,0.38423425,-0.9816604,-2.0813706
1760726302413,0.4173737,-0.960891,-2.1830797
1760726302415,0.4465425,-0.9645562,-2.2954788
1760726302417,0.47555858,-0.98761636,-2.421317
1760726302420,0.4981606,-1.0227411,-2.5592198
1760726302422,0.52549684,-1.0786353,-2.7191138
1760726302424,0.54641896,-1.1488848,-2.8959594
1760726302427,0.559858,-1.2287555,-3.0972395
1760726302429,0.56428677,-1.328021,-3.3166928
1760726302431,0.55756724,-1.4369078,-3.542255
1760726302433,0.52732944,-1.5577064,-3.7566686
1760726302436,0.48487428,-1.6797267,-3.9478693
1760726302438,0.43020186,-1.7956384,-4.101197
1760726302440,0.36835176,-1.9005545,-4.198324
1760726302442,0.29092458,-1.997224,-4.2184825
1760726302445,0.18692477,-2.0645719,-4.1543417
1760726302447,0.057726767,-2.0807598,-3.992768
1760726302449,-0.09040806,-2.0434968,-3.7423131
1760726302451,-0.2576324,-1.9830213,-3.4283285
1760726302454,-0.42470407,-1.8984165,-3.066849
1760726302456,-0.5815437,-1.8029687,-2.6748261
1760726302458,-0.7199047,-1.7041613,-2.2656991
1760726302460,-0.8410087,-1.6055065,-1.8579466
1760726302462,-0.923781,-1.4973835,-1.46852
1760726302464,-0.95722586,-1.3862059,-1.103528
1760726302467,-0.9465357,-1.2739595,-0.7742717
1760726302469,-0.8915578,-1.1633929,-0.48640144
1760726302471,-0.79717916,-1.066418,-0.22907446
1760726302474,-0.6748534,-0.9868528,0.007483099
1760726302476,-0.5354234,-0.91828316,0.22693644
1760726302478,-0.39003745,-0.8582657,0.40744713
1760726302480,-0.25213462,-0.8003862,0.5401576
1760726302483,-0.1330159,-0.7481572,0.6253733
1760726302486,-0.037415497,-0.70921457,0.6751588
1760726302487,0.030695979,-0.6757697,0.69806623
1760726302490,0.0729984,-0.65194595,0.70646566
1760726302492,0.08781188,-0.64476824,0.70524395
1760726302494,0.0804815,-0.64461553,0.70402217
1760726302497,0.055588737,-0.6614143,0.70646566
1760726302499,0.018478673,-0.6806566,0.70906186
1760726302501,-0.025045475,-0.7130325,0.7142542
1760726302504,-0.074830994,-0.7673995,0.7255552
1760726302506,-0.13103059,-0.838718,0.73823065
1760726302509,-0.18982637,-0.92087936,0.75716746
1760726302511,-0.24495697,-1.0117456,0.7808385
1760726302513,-0.29993483,-1.1026118,0.80954915
1760726302514,-0.34880406,-1.1863003,0.8358164
1760726302517,-0.39522982,-1.2649492,0.86559606
1760726302519,-0.4363105,-1.3231341,0.8903361
1760726302521,-0.46868637,-1.3605496,0.91507614
1760726302523,-0.4885395,-1.3713925,0.9335548
1760726302526,-0.4908302,-1.3640621,0.9408852
1760726302529,-0.47586402,-1.3374895,0.9295842
1760726302531,-0.4447099,-1.287704,0.8914051
1760726302533,-0.40225476,-1.21608,0.8200866
1760726302535,-0.35353827,-1.1322387,0.72173727
1760726302538,-0.30741793,-1.0398453,0.6001751
1760726302540,-0.2648101,-0.93874717,0.46883908
1760726302542,-0.2209805,-0.8341365,0.33368513
1760726302544,-0.18967366,-0.73792523,0.20357084
1760726302546,-0.16203201,-0.656222,0.090713486
1760726302549,-0.13698652,-0.59650993,-0.0025961774
1760726302551,-0.123242065,-0.54534996,-0.07742717
1760726302554,-0.11438452,-0.5111415,-0.12904528
1760726302556,-0.1067487,-0.4830417,-0.15974127
1760726302558,-0.10170906,-0.47219884,-0.17195857
1760726302560,-0.10048734,-0.47586402,-0.16218472
1760726302563,-0.09819659,-0.48563787,-0.14508049
1760726302564,-0.106901415,-0.50518554,-0.12293663
1760726302567,-0.118202426,-0.52824575,-0.099571034
1760726302569,-0.12583824,-0.56596667,-0.07238753
1760726302572,-0.13607024,-0.6097962,-0.049021937
1760726302574,-0.14630222,-0.6571383,-0.03283401
1760726302576,-0.15790866,-0.70952,-0.02275473
1760726302578,-0.16966783,-0.77640975,-0.014966198
1760726302581,-0.18035796,-0.8516989,-0.013286319
1760726302583,-0.183565,-0.9272934,-0.011759156
1760726302585,-0.19303341,-1.0038043,-0.010079277
1760726302587,-0.19135354,-1.0818423,-0.012064588
1760726302590,-0.19074267,-1.1475104,-0.01786781
1760726302591,-0.19013181,-1.2108877,-0.028405234
1760726302594,-0.18463401,-1.2632693,-0.043982297
1760726302597,-0.18142697,-1.3130548,-0.068264194
1760726302599,-0.17959438,-1.3556627,-0.09972375
1760726302601,-0.17379116,-1.3836098,-0.1386664
1760726302603,-0.1742493,-1.4150693,-0.18127427
1760726302605,-0.17470746,-1.4430164,-0.22525656
1760726302608,-0.16875152,-1.4648548,-0.2678644
1760726302610,-0.16798794,-1.487915,-0.311694
1760726302613,-0.16584991,-1.5060883,-0.35445455
1760726302615,-0.16355917,-1.521818,-0.39706242
1760726302617,-0.15760323,-1.5302174,-0.43982297
1760726302619,-0.15653422,-1.5325081,-0.47891834
1760726302621,-0.15042557,-1.515404,-0.5181664
1760726302624,-0.14782938,-1.5044084,-0.5549711
1760726302626,-0.14172074,-1.4897476,-0.5842926
1760726302628,-0.13179417,-1.478752,-0.61743206
1760726302630,-0.12568553,-1.4702,-0.65041876
1760726302633,-0.116980694,-1.4616479,-0.6835582
1760726302634,-0.104610674,-1.4471397,-0.7228063
1760726302637,-0.08857546,-1.4288138,-0.7643451
1760726302639,-0.07620544,-1.4106406,-0.8060367
1760726302641,-0.05757405,-1.3898711,-0.8550586
1760726302644,-0.042760566,-1.3631458,-0.90301156
1760726302646,-0.025350908,-1.3315336,-0.95325524
1760726302649,-0.0016798794,-1.3072516,-0.9949468
1760726302651,0.023060163,-1.2782356,-1.0355693
1760726302653,0.046731193,-1.2454015,-1.0784826
1760726302656,0.07422013,-1.2017246,-1.1203269
1760726302658,0.105374254,-1.1533136,-1.1585059
1760726302660,0.12904528,-1.1119275,-1.1954633
1760726302662,0.15271631,-1.0780244,-1.2286028
1760726302665,0.16768251,-1.0549643,-1.2605205
1760726302667,0.17760907,-1.0415252,-1.2875512
1760726302669,0.17867808,-1.0415252,-1.315651
1760726302671,0.17745635,-1.0462594,-1.3364204
1760726302674,0.17348573,-1.0558805,-1.3608551
1760726302676,0.17088956,-1.0642799,-1.3804027
1760726302678,0.15347989,-1.0714576,-1.3961325
1760726302681,0.1348485,-1.0858129,-1.4059063
1760726302683,0.11362094,-1.1099422,-1.4118623
1760726302685,0.09239337,-1.1389582,-1.4091134
1760726302687,0.07238753,-1.1691961,-1.3979651
1760726302690,0.052381694,-1.2032518,-1.3819299
1760726302692,0.03359759,-1.2395983,-1.3547463
1760726302694,0.019700404,-1.2748758,-1.3252722
1760726302696,0.0070249503,-1.3174837,-1.29198
1760726302699,-0.01160644,-1.3515394,-1.2550226
1760726302700,-0.02397646,-1.3684908,-1.2257011
1760726302704,-0.026572637,-1.3794864,-1.2023355
1760726302705,-0.025350908,-1.3843733,-1.1791227
1760726302708,-0.010537425,-1.3883439,-1.154688
1760726302710,0.006872234,-1.3825408,-1.1326969
1760726302712,0.030390546,-1.379181,-1.114371
1760726302714,0.060322944,-1.358717,-1.0998629
1760726302717,0.09514226,-1.3310753,-1.0914634
1760726302719,0.12644911,-1.2864822,-1.0844386
1760726302721,0.15286903,-1.234406,-1.0761919
1760726302723,0.18677205,-1.1737776,-1.0742066
1760726302725,0.21930063,-1.1255192,-1.0671816
1760726302727,0.25305092,-1.0856602,-1.0612257
1760726302730,0.29046643,-1.0506883,-1.0590876
1760726302732,0.322995,-1.0034989,-1.059393
1760726302734,0.35308012,-0.95386606,-1.0670289
1760726302736,0.38560867,-0.90056807,-1.0758864
1760726302738,0.42180246,-0.8582657,-1.0896308
1760726302741,0.46135598,-0.8330675,-1.102001
1760726302743,0.47998735,-0.8222246,-1.1192578
1760726302745,0.49938235,-0.8394816,-1.1496484
1760726302748,0.50625455,-0.88697636,-1.1837041
1760726302750,0.50808716,-0.93431836,-1.2163854
1760726302752,0.4989242,-0.9828822,-1.2478449
1760726302754,0.4885395,-1.0290025,-1.2721269
1760726302756,0.4633413,-1.0700831,-1.2913691
1760726302759,0.43951756,-1.1074986,-1.3046554
1760726302761,0.4120286,-1.141249,-1.3129021
1760726302763,0.39080104,-1.1641564,-1.3090842
1760726302765,0.366061,-1.1846204,-1.3040446
1760726302768,0.33750305,-1.2038627,-1.2953397
1760726302770,0.312763,-1.208597,-1.2904528
1760726302773,0.28588495,-1.187522,-1.2794572
1760726302775,0.26893342,-1.1582005,-1.2759448
1760726302777,0.26419923,-1.1362094,-1.2724323
1760726302779,0.25686884,-1.1349876,-1.2541064
1760726302781,0.26450464,-1.1192578,-1.2310462
1760726302784,0.27947086,-1.1183416,-1.1992812
1760726302786,0.28817567,-1.119716,-1.1675162
1760726302789,0.3080288,-1.1151345,-1.1333077
1760726302791,0.3304781,-1.1009319,-1.1125383
1760726302793,0.364992,-1.1012373,-1.1016954
1760726302796,0.3885103,-1.0917689,-1.0894781
1760726302797,0.4222606,-1.0616838,-1.0713049
1760726302800,0.4622723,-1.0062478,-1.058324
1760726302802,0.48747048,-0.9601275,-1.0450377
1760726302804,0.5198463,-0.9289733,-1.0294607
1760726302806,0.536187,-0.89995724,-1.0088439
1760726302809,0.5465717,-0.86483246,-0.98944896
1760726302811,0.5519168,-0.82711154,-0.98349303
1760726302813,0.5511532,-0.7808385,-0.98868537
1760726302816,0.5552765,-0.72601336,-0.99387777
1760726302818,0.5519168,-0.6942484,-1.0025826
1760726302820,0.5271767,-0.6914995,-1.0147998
1760726302823,0.513585,-0.6962337,-1.0294607
1760726302825,0.49739704,-0.70814556,-1.0563387
1760726302827,0.47494772,-0.7163922,-1.0891727
1760726302829,0.4538729,-0.71975195,-1.1233811
1760726302831,0.44150287,-0.70616025,-1.1601858
1760726302834,0.44043383,-0.68279463,-1.1921035
1760726302836,0.44303003,-0.67057735,-1.2116512
1760726302838,0.42577308,-0.6606508,-1.2250903
1760726302841,0.42485678,-0.626595,-1.2266175
1760726302843,0.43875396,-0.59498274,-1.2267702
1760726302845,0.4364632,-0.57925296,-1.2244794
1760726302848,0.4343252,-0.5535966,-1.2293663
1760726302850,0.43218717,-0.5207626,-1.2345587
1760726302852,0.42623124,-0.49510628,-1.2347114
1760726302854,0.4364632,-0.45249844,-1.2348641
1760726302857,0.44303003,-0.41493022,-1.2229522
1760726302859,0.44089198,-0.397826,-1.2095132
1760726302861,0.43233988,-0.38805214,-1.1985176
1760726302863,0.43004912,-0.37583485,-1.1901182
1760726302865,0.41783184,-0.3623958,-1.186453
1760726302868,0.4118759,-0.33429602,-1.1902709
1760726302870,0.42012256,-0.2576324,-1.1980594
1760726302872,0.42714754,-0.17486018,-1.1972959
1760726302875,0.39920044,-0.12965615,-1.1927143
1760726302877,0.38224894,-0.11484267,-1.1621711
1760726302880,0.3585779,-0.14889841,-1.1325442
1760726302882,0.32604933,-0.20097467,-1.112691
1760726302884,0.29229903,-0.24938573,-1.10139
1760726302886,0.27962357,-0.28206703,-1.1036807
1760726302889,0.27183503,-0.3100141,-1.1206323
1760726302891,0.24663684,-0.355829,-1.1447614
1760726302893,0.23258694,-0.39095375,-1.1653782
1760726302896,0.20525073,-0.40775254,-1.1749994
1760726302898,0.18051068,-0.42943826,-1.1626292
1760726302900,0.15821409,-0.43417248,-1.1443033
1760726302902,0.13271047,-0.40591997,-1.1200215
1760726302905,0.116980694,-0.38148534,-1.0955868
1760726302907,0.10262536,-0.3472769,-1.0700831
1760726302909,0.09086621,-0.29978213,-1.0545062
1760726302911,0.08170322,-0.24251351,-1.0377073
1760726302914,0.08597928,-0.19272798,-1.0111347
1760726302916,0.09132435,-0.15149458,-0.9868528
1760726302918,0.07819075,-0.11484267,-0.9662361
1760726302921,0.06887506,-0.07467828,-0.9469938
1760726302923,0.07162395,-0.051618114,-0.9262244
1760726302925,0.0571159,-0.028252518,-0.9104946
1760726302927,0.044898596,-0.00870483,-0.89965177
1760726302929,0.034055736,0.012064588,-0.889878
1760726302932,0.01450805,0.032986723,-0.8900307
1760726302934,-0.002443461,0.052534413,-0.8901834
1760726302936,-0.018478673,0.06001751,-0.89751375
1760726302938,-0.028252518,0.067500606,-0.9036224
1760726302941,-0.04184427,0.07009678,-0.9121745
1760726302943,-0.056505036,0.08735373,-0.91965765
1760726302945,-0.059864793,0.11530081,-0.91981035
1760726302947,-0.06582073,0.13973543,-0.92485
1760726302950,-0.059406646,0.16172658,-0.92485
1760726302952,-0.057726767,0.20540343,-0.9166033
1760726302954,-0.06337727,0.25778514,-0.9108001
1760726302957,-0.06780604,0.312763,-0.91232723
1760726302959,-0.07819075,0.377362,-0.9101892
1760726302961,-0.09117164,0.43463063,-0.9080512
1760726302964,-0.09911288,0.49571714,-0.91324353
1760726302965,-0.101098195,0.55665094,-0.9222538
1760726302968,-0.0917825,0.6247624,-0.92255926
1760726302970,-0.08246681,0.69043046,-0.92057395
1760726302973,-0.08933904,0.73426,-0.9219484
1760726302975,-0.09773844,0.7648033,-0.9245446
1760726302977,-0.118507855,0.7881689,-0.9283624
1760726302979,-0.13072516,0.79809546,-0.9222538
1760726302982,-0.15027285,0.81397796,-0.9126327
1760726302984,-0.16203201,0.85918194,-0.90056807
1760726302986,-0.16401732,0.89812464,-0.8886562
1760726302988,-0.17715092,0.93844175,-0.8753699
1760726302991,-0.16920967,0.98700553,-0.86101454
1760726302993,-0.15378532,1.0451905,-0.8503244
1760726302995,-0.1421789,1.0913107,-0.8371908
1760726302997,-0.12568553,1.1398746,-0.82879144
1760726303000,-0.122783914,1.188591,-0.8205447
1760726303002,-0.111177474,1.2249376,-0.8061894
1760726303004,-0.105832405,1.2600623,-0.79412484
1760726303007,-0.090713486,1.2904528,-0.7857254
1760726303009,-0.08827003,1.2915218,-0.7845037
1760726303011,-0.082161374,1.2866349,-0.7845037
1760726303013,-0.076052725,1.2805263,-0.79183406
1760726303015,-0.06505715,1.2718215,-0.79305583
1760726303018,-0.06627888,1.2756393,-0.8052731
1760726303020,-0.05375614,1.2997686,-0.8127562
1760726303022,-0.041080687,1.3374895,-0.8177959
1760726303025,-0.028252518,1.382388,-0.8242099
1760726303027,-0.001985312,1.4332426,-0.8330675
1760726303029,0.019547688,1.4891367,-0.84803367
1760726303032,0.0346666,1.5280794,-0.8678868
1760726303034,0.05085453,1.5497651,-0.883922
1760726303036,0.064446285,1.5583172,-0.89736104
1760726303038,0.07315111,1.5667167,-0.9085093
1760726303041,0.071776666,1.5532776,-0.9071349
1760726303043,0.07162395,1.5289958,-0.90209526
1760726303045,0.0711658,1.4876096,-0.89461213
1760726303047,0.064599,1.4437801,-0.88208944
1760726303049,0.055588737,1.3962852,-0.8622363
1760726303051,0.04520403,1.3489432,-0.852157
1760726303054,0.034972034,1.2953397,-0.840856
1760726303057,0.03191771,1.2417363,-0.829555
1760726303058,0.03023783,1.1942415,-0.8219192
1760726303061,0.023518313,1.1468995,-0.8229882
1760726303063,0.02076942,1.1079569,-0.8165741
1760726303065,0.02397646,1.0566442,-0.8126035
1760726303068,0.032223143,1.0175488,-0.79779
1760726303070,0.03191771,0.98349303,-0.77442443
1760726303072,0.023060163,0.9469938,-0.7496844
1760726303075,0.01038471,0.9129381,-0.729984
1760726303077,0.0015271631,0.8764389,-0.713796
1760726303079,-0.005192355,0.82772243,-0.6988298
1760726303081,-0.01282817,0.79366666,-0.676686
1760726303083,-0.019089539,0.77656245,-0.659429
1760726303086,-0.02687807,0.73273283,-0.63606346
1760726303088,-0.048563786,0.656222,-0.6160576
1760726303091,-0.07009678,0.59559363,-0.6009387
1760726303093,-0.08781188,0.5358815,-0.5688683
1760726303095,-0.11942416,0.46074513,-0.54275376
1760726303097,-0.13973543,0.39385536,-0.52519137
1760726303100,-0.1572978,0.3622431,-0.50426924
1760726303102,-0.17088956,0.34300083,-0.4906775
1760726303104,-0.18585575,0.33337972,-0.48075095
1760726303107,-0.19058995,0.345597,-0.47723848
1760726303110,-0.18768835,0.38683042,-0.47861293
1760726303111,-0.16997325,0.4353942,-0.47158796
1760726303113,-0.17088956,0.45356745,-0.44608435
1760726303116,-0.18310685,0.46089783,-0.41798455
1760726303118,-0.21242839,0.48792863,-0.39370266
1760726303120,-0.23900102,0.52839845,-0.37675115
1760726303122,-0.26053402,0.5907067,-0.37705657
1760726303125,-0.27091873,0.6626361,-0.37980548
1760726303127,-0.28130344,0.73823065,-0.38637227
1760726303129,-0.29535335,0.8188649,-0.39293906
1760726303131,-0.32162055,0.8970556,-0.40439278
1760726303133,-0.34804046,0.9776898,-0.41829
1760726303137,-0.36453384,1.0571023,-0.4344779
1760726303138,-0.37491855,1.12781,-0.44837508
1760726303140,-0.38026363,1.2180653,-0.44150287
1760726303143,-0.39202276,1.381319,-0.4277584
1760726303145,-0.41798455,1.6287194,-0.41813725
1760726303147,-0.44974953,1.8956676,-0.42943826
1760726303150,-0.4746423,2.1250474,-0.46609017
1760726303152,-0.4999932,2.325106,-0.5148067
1760726303154,-0.52671856,2.5057693,-0.573297
1760726303156,-0.5534439,2.6768115,-0.63529986
1760726303159,-0.5682574,2.815936,-0.70570207
1760726303161,-0.5697846,2.9452868,-0.7846564
1760726303164,-0.5488624,3.0804408,-0.86742866
1760726303166,-0.52580225,3.1974213,-0.9437868
1760726303168,-0.51266867,3.296076,-1.0042624
1760726303170,-0.514654,3.3522758,-1.048703
1760726303173,-0.54076844,3.3415856,-1.0852021
1760726303175,-0.5697846,3.2847753,-1.1081096
1760726303177,-0.5900958,3.2351422,-1.1261301
1760726303179,-0.6059783,3.2511775,-1.148274
1760726303181,-0.6001751,3.3473887,-1.171945
1760726303184,-0.57787853,3.4860551,-1.1946996
1760726303186,-0.54275376,3.6757288,-1.2118039
1760726303188,-0.49373183,3.8919752,-1.2227995
1760726303191,-0.45860708,4.0743184,-1.2263119
1760726303193,-0.42103887,4.242001,-1.2211196
1760726303195,-0.37766743,4.2707114,-1.2373075
1760726303197,-0.36377025,4.1891613,-1.2686144
1760726303200,-0.36743546,4.085772,-1.2863295
1760726303202,-0.39721513,3.9374847,-1.294118
1760726303205,-0.44348818,3.7516289,-1.2904528
1760726303206,-0.5161811,3.5149186,-1.2756393
1760726303209,-0.5707009,3.2365167,-1.2411255
1760726303211,-0.6020077,2.9188669,-1.1940888
1760726303214,-0.63346726,2.59633,-1.1420126
1760726303215,-0.6724099,2.2750149,-1.0913107
1760726303218,-0.70631295,1.9573649,-1.0369438
1760726303220,-0.7315111,1.6409367,-0.9776898
1760726303222,-0.7504479,1.3376422,-0.91736686
1760726303225,-0.7603745,1.0612257,-0.852157
1760726303227,-0.7467828,0.79901177,-0.7860308
1760726303229,-0.7182248,0.559858,-0.72234815
1760726303231,-0.6597345,0.34956762,-0.6637051
1760726303234,-0.58383447,0.15745051,-0.6102544
1760726303236,-0.48533243,0.0065668016,-0.55939984
1760726303238,-0.37293324,-0.110413894,-0.5111415
1760726303240,-0.25167647,-0.20555615,-0.47158796
1760726303243,-0.120493166,-0.29336804,-0.44684792
1760726303245,-6.1086525E-4,-0.38713586,-0.43417248
1760726303247,0.10949759,-0.47235155,-0.42653665
1760726303249,0.22220223,-0.5551238,-0.41508293
1760726303252,0.32986724,-0.63545257,-0.398895
1760726303254,0.42073345,-0.6936375,-0.36682457
1760726303256,0.4980079,-0.7359399,-0.3275765
1760726303259,0.55955255,-0.7707592,-0.2883284
1760726303261,0.61086524,-0.8151997,-0.2564107
1760726303264,0.6365216,-0.8570439,-0.23411411
1760726303264,0.65209866,-0.90102625,-0.2180789
1760726303268,0.6592763,-0.9315695,-0.1947133
1760726303269,0.6542367,-0.9450085,-0.16646078
1760726303271,0.6409504,-0.93523467,-0.13591751
1760726303274,0.6204864,-0.8924741,-0.11056661
1760726303276,0.6064365,-0.82787514,-0.09010262
1760726303278,0.59971696,-0.75961095,-0.08307768
1760726303280,0.59650993,-0.708451,-0.09315695
1760726303282,0.6053675,-0.67073005,-0.124005646
1760726303285,0.62888575,-0.65133506,-0.17913623
1760726303287,0.65087694,-0.6403395,-0.2499966
1760726303290,0.6728681,-0.6427829,-0.3222314
1760726303292,0.6924158,-0.6488916,-0.39064834
1760726303294,0.70432764,-0.66706485,-0.45662177
1760726303297,0.7101309,-0.6754643,-0.5163339
1760726303299,0.713796,-0.6740898,-0.5714644
1760726303301,0.7124216,-0.66905016,-0.6239988
1760726303303,0.72219545,-0.6629415,-0.6742425
1760726303306,0.7330383,-0.6627888,-0.7304421
1760726303308,0.7489208,-0.66645396,-0.7890852
1760726303310,0.7644979,-0.68707067,-0.8587238
1760726303313,0.7848091,-0.72601336,-0.93538743
1760726303315,0.79519385,-0.7796168,-1.0122037
1760726303317,0.80924374,-0.82940227,-1.0900891
1760726303319,0.82833326,-0.86834496,-1.1754575
1760726303321,0.84513205,-0.8900307,-1.2707524
1760726303323,0.86330533,-0.8912524,-1.363604
1760726303326,0.88300574,-0.86437434,-1.4494305
1760726303328,0.89812464,-0.81061816,-1.5328137
1760726303331,0.91965765,-0.73273283,-1.6102408
1760726303333,0.9399689,-0.6426302,-1.6804903
1760726303335,0.95539325,-0.56107974,-1.7383698
1760726303337,0.97203934,-0.4989242,-1.7767016
1760726303340,0.9761627,-0.4465425,-1.8099937
1760726303342,0.9567677,-0.3950771,-1.851838
1760726303344,0.9091202,-0.3408628,-1.9083431
1760726303347,0.8428413,-0.28038713,-1.9770653
1760726303349,0.77411896,-0.23197608,-2.0407481
1760726303351,0.70157874,-0.20433442,-2.0787745
1760726303353,0.6388123,-0.19272798,-2.0909917
1760726303356,0.59681535,-0.19715676,-2.0835087
1760726303358,0.5636759,-0.17730364,-2.0690005
1760726303360,0.54458636,-0.13713925,-2.0019581
1760726303363,0.5439755,-0.11682798,-1.8932241
1760726303365,0.5589417,-0.13683382,-1.7782288
1760726303367,0.56214875,-0.21135938,-1.6788104
1760726303369,0.53023106,-0.3501785,-1.5937474
1760726303372,0.46639562,-0.47525316,-1.4865406
1760726303374,0.39263365,-0.6026186,-1.3733778
1760726303376,0.29947668,-0.70554936,-1.2589933
1760726303379,0.20295998,-0.7707592,-1.1363621
1760726303381,0.106595986,-0.82253003,-1.0137309
1760726303383,0.020005837,-0.89873546,-0.8921687
1760726303385,-0.05299256,-0.95432425,-0.77442443
1760726303388,-0.1366811,-0.9647089,-0.6704246
1760726303390,-0.2312125,-0.9457721,-0.59223384
1760726303393,-0.32574388,-0.93645644,-0.50656
1760726303394,-0.420428,-0.9419542,-0.40500367
1760726303397,-0.5137377,-0.93645644,-0.29733866
1760726303399,-0.600786,-0.91522884,-0.18982637
1760726303401,-0.68386364,-0.8695667,-0.07391469
1760726303403,-0.75793105,-0.7912232,0.04550946
1760726303406,-0.8268061,-0.6995934,0.16371189
1760726303408,-0.88224214,-0.59589905,0.27320948
1760726303410,-0.9326385,-0.4908302,0.36926803
1760726303412,-0.9671524,-0.39828414,0.45921794
1760726303415,-0.9857838,-0.3118467,0.5479461
1760726303417,-1.0057896,-0.24129178,0.63438356
1760726303419,-1.0123564,-0.18677205,0.7367035
1760726303422,-1.0064005,-0.12385293,0.84879726
1760726303424,-0.9943359,-0.06582073,0.94989544
1760726303426,-0.96669424,-0.032223143,1.0328205
1760726303428,-0.9254609,-0.002443461,1.0876455
1760726303431,-0.8706357,0.04444045,1.1154399
1760726303432,-0.8206975,0.107359566,1.1125383
1760726303435,-0.77457714,0.17516561,1.0877982
1760726303437,-0.7283041,0.25152376,1.0456486
1760726303439,-0.6783658,0.32788193,0.98899084
1760726303442,-0.61850107,0.40530908,0.9250027
1760726303444,-0.5340489,0.49235737,0.8571966
1760726303447,-0.43463063,0.5878051,0.77824235
1760726303448,-0.31795537,0.6914995,0.70661837
1760726303451,-0.18493946,0.818254,0.6398814
1760726303453,-0.04795292,0.96684694,0.567952
1760726303455,0.09407325,1.1360567,0.49235737
1760726303457,0.23533584,1.3578007,0.40286562
1760726303460,0.37751472,1.5357152,0.31016684
1760726303462,0.50900346,1.647809,0.20295998
1760726303464,0.66691214,1.6953038,0.08032878
1760726303467,0.81382525,1.7415768,-0.0154243475
1760726303469,0.93767816,1.8173242,-0.08689558
1760726303471,1.0422888,1.9370537,-0.16340645
1760726303473,1.1226176,2.0995438,-0.24144448
1760726303475,1.1957687,2.296395,-0.32574388
1760726303478,1.263422,2.538298,-0.41141775
1760726303481,1.3228287,2.8276951,-0.49510628
1760726303482,1.3871223,3.1170926,-0.5749769
1760726303485,1.466382,3.4112241,-0.64751714
1760726303487,1.5651895,3.6929858,-0.70921457
1760726303489,1.6910278,3.9573379,-0.7620544
1760726303491,1.9080375,4.1013494,-0.80954915
1760726303494,2.2351558,4.1444154,-0.84681195
1760726303496,2.654515,4.159687,-0.86315256
1760726303498,3.1177034,4.237725,-0.8689558
1760726303501,3.5608861,4.4135013,-0.8593347
1760726303503,3.9692497,4.671134,-0.8344419
1760726303505,4.344779,4.9629745,-0.79611015
1760726303508,4.7067165,5.260008,-0.745561
1760726303510,5.0449834,5.521764,-0.68371093
1760726303512,5.354387,5.7279305,-0.6082691
1760726303514,5.638592,5.8879776,-0.5335908
1760726303517,5.8891993,6.0106087,-0.45875978
1760726303519,6.107431,6.1117067,-0.38255435
1760726303521,6.288705,6.2045584,-0.3013093
1760726303523,6.4414215,6.29405,-0.21762075
1760726303526,6.5634418,6.379113,-0.1253801
1760726303528,6.6507955,6.4472246,-0.029168816
1760726303530,6.704246,6.4696736,0.05375614
1760726303532,6.715089,6.420652,0.113926366
1760726303535,6.6866837,6.2917595,0.1525636
1760726303537,6.625597,6.1011696,0.17073683
1760726303539,6.5420613,5.877898,0.1769982
1760726303542,6.4444757,5.624389,0.16875152
1760726303543,6.3416977,5.3381987,0.14721853
1760726303546,6.2299094,5.0178,0.12095132
1760726303548,6.1042237,4.6770897,0.08506299
1760726303551,5.978538,4.329049,0.043218717
1760726303553,5.8378863,3.9822304,-0.007330383
1760726303555,5.694944,3.636939,-0.06383542
1760726303557,5.5481834,3.2841642,-0.12415836
1760726303560,5.396078,2.8987083,-0.19394971
1760726303562,5.243667,2.4804184,-0.27091873
1760726303564,5.099503,2.0363193,-0.3501785
1760726303566,4.959157,1.5948164,-0.42943826
1760726303569,4.8290424,1.176221,-0.5039638
1760726303571,4.7126727,0.7855727,-0.5725334
1760726303573,4.6088257,0.42271876,-0.63285637
1760726303575,4.5188756,0.08032878,-0.68218374
1760726303578,4.4452662,-0.23793201,-0.72066826
1760726303580,4.3879976,-0.5355761,-0.7519751
1760726303582,4.338365,-0.80649483,-0.77595156
1760726303585,4.300033,-1.0471758,-0.79290307
1760726303587,4.273155,-1.2623531,-0.8038987
1760726303589,4.257731,-1.4472924,-0.8127562
1760726303591,4.255898,-1.6226108,-0.8226828
1760726303593,4.2681155,-1.7579174,-0.82802784
1760726303596,4.2803326,-1.8773416,-0.84574294
1760726303598,4.308891,-1.9749273,-0.88438016
1760726303601,4.3537893,-2.025171,-0.93416566
1760726303603,4.411669,-2.0207422,-0.99173975
1760726303605,4.490776,-1.9761491,-1.0642799
1760726303607,4.583933,-1.8965839,-1.133155
1760726303610,4.6883907,-1.7878499,-1.1974486
1760726303612,4.8017063,-1.6597209,-1.2618948
1760726303614,4.916396,-1.5183055,-1.3251194
1760726303616,5.0347514,-1.374294,-1.3968961
1760726303619,5.160284,-1.2536482,-1.4772248
1760726303621,5.2749743,-1.1108584,-1.5477798
1760726303623,5.383708,-0.9411906,-1.6172657
1760726303625,5.482516,-0.7788532,-1.6794213
1760726303628,5.5739927,-0.62995476,-1.7340937
1760726303630,5.661499,-0.4905248,-1.7851009
1760726303632,5.762292,-0.38789943,-1.8359555
1760726303634,5.8653755,-0.3013093,-1.861001
1760726303637,5.942955,-0.19242255,-1.8469511
1760726303639,5.998391,-0.09208794,-1.8341229
1760726303642,6.0382504,-0.040011674,-1.8295414
1760726303644,6.069099,-0.04046982,-1.8295414
1760726303646,6.0946026,-0.08200866,-1.8318322
1760726303648,6.108805,-0.14187345,-1.8327484
1760726303651,6.117968,-0.21502456,-1.8347337
1760726303653,6.1071253,-0.30008754,-1.8403842
1760726303655,6.081469,-0.39354995,-1.8497
1760726303657,6.0434427,-0.5039638,-1.8526015
1760726303660,5.9928937,-0.6204864,-1.8422168
1760726303662,5.92524,-0.74036866,-1.824349
1760726303664,5.8389554,-0.86742866,-1.8002199
1760726303666,5.7364826,-1.0065532,-1.7713565
1760726303669,5.619197,-1.1490375,-1.7385225
1760726303671,5.5008416,-1.2892311,-1.7033978
1760726303673,5.383708,-1.4245378,-1.6598736
1760726303676,5.265506,-1.5367843,-1.6102408
1760726303678,5.158604,-1.6357445,-1.5544994
1760726303681,5.0654473,-1.7263051,-1.4915802
1760726303682,4.982217,-1.8084666,-1.4237741
1760726303685,4.912578,-1.8810068,-1.3524556
1760726303687,4.848132,-1.943926,-1.2762502
1760726303689,4.7838383,-1.9848539,-1.197754
1760726303691,4.7235155,-1.9941696,-1.1206323
1760726303694,4.65632,-1.958434,-1.044885
1760726303696,4.595539,-1.8837557,-0.9755518
1760726303698,4.5414777,-1.7737999,-0.9126327
1760726303701,4.4926085,-1.6212363,-0.86086184
1760726303703,4.4587054,-1.446987,-0.81413066
1760726303706,4.428773,-1.2544118,-0.77121735
1760726303707,4.4037275,-1.0520626,-0.73563445
1760726303709,4.3750167,-0.852157,-0.6988298
1760726303712,4.3363795,-0.66675943,-0.6606508
1760726303714,4.2827764,-0.49220467,-0.61758476
1760726303716,4.222759,-0.34193182,-0.57436603
1760726303718,4.153731,-0.23060162,-0.5235115
1760726303720,4.0709586,-0.14477506,-0.4689918
1760726303722,3.9730675,-0.08781188,-0.4092797
1760726303726,3.8675406,-0.056505036,-0.35063666
1760726303727,3.7530034,-0.054367006,-0.29550606
1760726303730,3.630983,-0.07269296,-0.23671028
1760726303734,3.4952183,-0.09712757,-0.1777618
1760726303735,3.3545666,-0.13118331,-0.11499538
1760726303738,3.2047517,-0.19685133,-0.05589417
1760726303739,3.042567,-0.2817616,-0.0013744468
1760726303741,2.8489227,-0.42730024,0.037415497
1760726303744,2.6357307,-0.6601926,0.058490347
1760726303746,2.4367414,-0.95524055,0.05665775
1760726303748,2.2493587,-1.2967142,0.0355829
1760726303751,2.0769417,-1.6357445,-3.0543262E-4
1760726303753,1.924531,-1.9373591,-0.041233405
1760726303755,1.7950275,-2.176971,-0.077579886
1760726303757,1.6873626,-2.3280075,-0.10842858
1760726303760,1.5990925,-2.3941336,-0.1348485
1760726303762,1.5273159,-2.4139867,-0.16401732
1760726303764,1.4840971,-2.4060454,-0.20433442
1760726303765,1.4595097,-2.3776402,-0.24846944
1760726303768,1.4610369,-2.3361015,-0.30008754
1760726303771,1.4921911,-2.2924244,-0.36270124
1760726303772,1.5467108,-2.235614,-0.43157628
1760726303774,1.6238326,-2.1545217,-0.50656
1760726303778,1.7232509,-2.0493002,-0.5879578
1760726303779,1.8425223,-1.9346102,-0.6730208
1760726303782,1.9753854,-1.8115209,-0.7619017
1760726303784,2.1181753,-1.690875,-0.8483391
1760726303787,2.2609649,-1.5642731,-0.93233305
1760726303789,2.3941336,-1.43141,-1.0114402
1760726303791,2.5184448,-1.2997686,-1.074512
1760726303793,2.6158776,-1.1679744,-1.1230757
1760726303795,2.6945267,-1.067487,-1.1566733
1760726303797,2.7517953,-1.0096076,-1.1754575
1760726303800,2.7852402,-0.98929626,-1.1780536
1760726303802,2.8002062,-0.9808969,-1.1658363
1760726303804,2.7904325,-0.97600996,-1.14018
1760726303806,2.757293,-0.97341377,-1.1023064
1760726303808,2.698039,-0.98990715,-1.0557278
1760726303811,2.6175575,-1.0319041,-1.0016663
1760726303814,2.5121834,-1.1064297,-0.9436341
1760726303815,2.3893993,-1.2003502,-0.88438016
1760726303818,2.244319,-1.3002267,-0.82863873
1760726303820,2.0732768,-1.404532,-0.77289724
1760726303822,1.8785634,-1.5354098,-0.7144069
1760726303824,1.6759088,-1.7137824,-0.65576386
1760726303827,1.4712689,-1.967597,-0.59421915
1760726303829,1.2846496,-2.2715025,-0.549626
1760726303831,1.1213958,-2.5706737,-0.5160284
1760726303834,0.9647089,-2.8237245,-0.49480084
1760726303836,0.8151997,-2.9781208,-0.47678033
1760726303838,0.6754643,-3.0352366,-0.45921794
1760726303841,0.5513059,-3.0060678,-0.43600506
1760726303843,0.4474588,-2.9100094,-0.40958515
1760726303845,0.36743546,-2.7826438,-0.38820487
1760726303847,0.31230485,-2.6348145,-0.36942077
1760726303850,0.2817616,-2.4895813,-0.35918877
1760726303852,0.27091873,-2.3409884,-0.35628715
1760726303854,0.2759584,-2.2046127,-0.35827246
1760726303857,0.29565877,-2.085494,-0.36270124
1760726303859,0.33001995,-1.981036,-0.36819902
1760726303861,0.36896262,-1.9022343,-0.36987892
1760726303863,0.42012256,-1.8467983,-0.36774087
1760726303866,0.47861293,-1.8023579,-0.36193767
1760726303868,0.5332854,-1.7640262,-0.35002577
1760726303870,0.58184916,-1.7182112,-0.33200526
1760726303873,0.6397286,-1.723709,-0.32834008
1760726303874,0.6960809,-1.7644843,-0.32818735
1760726303878,0.74479747,-1.822211,-0.33276883
1760726303879,0.7825184,-1.8761199,-0.3361286
1760726303882,0.80664754,-1.9263636,-0.33841935
1760726303884,0.81229806,-1.9640845,-0.3454443
1760726303886,0.805884,-1.999362,-0.35262197
1760726303889,0.7867944,-2.0416644,-0.3669773
1760726303891,0.7554876,-2.096184,-0.3849978
1760726303893,0.7151705,-2.165059,-0.40790528
1760726303895,0.66507953,-2.2375994,-0.43066
1760726303898,0.6075055,-2.3099868,-0.452193
1760726303900,0.53893584,-2.3822217,-0.473726
1760726303902,0.46303585,-2.447279,-0.4915938
1760726303904,0.38224894,-2.5024095,-0.50946164
1760726303907,0.29794952,-2.5428793,-0.5225952
1760726303909,0.21013765,-2.5650232,-0.5309946
1760726303911,0.12614368,-2.57159,-0.5320636
1760726303914,0.048716504,-2.558609,-0.52839845
1760726303916,-0.018936822,-2.5335636,-0.52122074
1760726303918,-0.081397794,-2.498897,-0.50671273
1760726303920,-0.1301143,-2.4485006,-0.48731774
1760726303923,-0.16646078,-2.389705,-0.4644103
1760726303925,-0.19394971,-2.3177755,-0.43295074
1760726303927,-0.21029036,-2.2336287,-0.39553526
1760726303929,-0.21655174,-2.1400137,-0.35445455
1760726303932,-0.20799962,-2.0305161,-0.31230485
1760726303934,-0.18936823,-1.9103284,-0.26419923
1760726303936,-0.15943582,-1.7768543,-0.21471913
1760726303938,-0.11591168,-1.6264287,-0.15699236
1760726303941,-0.053450707,-1.4494305,-0.09330966
1760726303943,0.021380283,-1.2544118,-0.036957346
1760726303945,0.10277808,-1.0337367,0.019089539
1760726303947,0.18784106,-0.805884,0.065515295
1760726303950,0.2667954,-0.56688297,0.108123146
1760726303953,0.3324634,-0.30940324,0.1469131
1760726303955,0.39446622,-0.036193766,0.18570304
1760726303957,0.45112398,0.19440787,0.21242839
1760726303959,0.50885075,0.40698898,0.23075435
1760726303962,0.55771995,0.606131,0.25152376
1760726303964,0.601855,0.80771655,0.2687807
1760726303965,0.62873304,1.0253373,0.29565877
1760726303969,0.6388123,1.2783883,0.33200526
1760726303970,0.65102965,1.4961617,0.36132678
1760726303973,0.6627888,1.6872098,0.38347065
1760726303975,0.64721173,1.8492419,0.39614612
1760726303976,0.5844453,1.9740111,0.40653083
1760726303979,0.49128836,2.027309,0.4196644
1760726303981,0.39629883,2.0186043,0.4259258
1760726303983,0.31322116,1.9767599,0.4213443
1760726303986,0.24236079,1.9300288,0.41065416
1760726303988,0.17898351,1.8771889,0.3903429
1760726303990,0.10919216,1.8194622,0.36254853
1760726303993,0.034513887,1.7606664,0.33124167
1760726303995,-0.04505131,1.704314,0.29733866
1760726303998,-0.1244638,1.6699529,0.26221392
1760726304000,-0.20234911,1.6586518,0.22327125
1760726304002,-0.2837469,1.6656768,0.17928895
1760726304004,-0.36880988,1.6789632,0.129198
1760726304006,-0.4538729,1.7006488,0.074067414
1760726304009,-0.54641896,1.7176003,0.012980887
1760726304010,-0.65393126,1.7200438,-0.05177083
1760726304013,-0.77014834,1.698358,-0.11866058
1760726304015,-0.8866709,1.6546812,-0.17455475
1760726304018,-1.0033462,1.5914567,-0.22418754
1760726304020,-1.1191051,1.4989105,-0.26389378
1760726304022,-1.2301298,1.3845261,-0.29978213
1760726304025,-1.3413074,1.2505939,-0.33078352
1760726304027,-1.4488196,1.1142182,-0.35918877
1760726304029,-1.5441146,0.9691377,-0.38759398
1760726304031,-1.6357445,0.8226828,-0.41233405
1760726304033,-1.7223345,0.6824892,-0.4372268
1760726304035,-1.7988454,0.5542075,-0.46211955
1760726304038,-1.8654298,0.43692136,-0.48579058
1760726304040,-1.9233092,0.33276883,-0.51083606
1760726304043,-1.9662225,0.2406809,-0.5297729
1760726304045,-2.0015,0.1742493,-0.54901516
1760726304047,-2.0254765,0.12935072,-0.56581396
1760726304049,-2.0379992,0.11010846,-0.58276546
1760726304052,-2.0404427,0.11866058,-0.6000224
1760726304054,-2.036472,0.1516473,-0.61727935
1760726304057,-2.022422,0.20387627,-0.63346726
1760726304059,-2.0033326,0.2695443,-0.64858615
1760726304061,-1.9717203,0.35323283,-0.66614854
1760726304063,-1.9375118,0.44791695,-0.677755
1760726304065,-1.8944459,0.55833083,-0.6942484
1760726304068,-1.8464929,0.6771441,-0.7096727
1760726304070,-1.7994562,0.8168796,-0.7263188
1760726304072,-1.7513506,0.9540188,-0.73945236
1760726304075,-1.7006488,1.096045,-0.75976366
1760726304077,-1.6536123,1.2380711,-0.77656245
1760726304079,-1.6065756,1.3764321,-0.79198676
1760726304081,-1.5609134,1.5099062,-0.8061894
1760726304084,-1.5152513,1.6362026,-0.8155051
1760726304086,-1.4784466,1.7466165,-0.82359904
1760726304088,-1.4404203,1.8497,-0.82543164
1760726304090,-1.4011722,1.9419407,-0.8246681
1760726304093,-1.3720033,2.0292943,-0.8191703
1760726304095,-1.3426818,2.111761,-0.80863285
1760726304097,-1.3185526,2.1868975,-0.79443026
1760726304099,-1.3017539,2.2536347,-0.77640975
1760726304102,-1.2924381,2.318081,-0.753655
1760726304104,-1.2831224,2.373975,-0.7246389
1760726304106,-1.2788464,2.427273,-0.69058317
1760726304109,-1.2819008,2.473546,-0.6554584
1760726304110,-1.284955,2.5184448,-0.61666846
1760726304113,-1.2881621,2.558609,-0.57894754
1760726304116,-1.2925909,2.601217,-0.5363397
1760726304117,-1.3006848,2.6400068,-0.48762318
1760726304120,-1.3100005,2.6777277,-0.43783766
1760726304122,-1.3217597,2.7105618,-0.3830125
1760726304125,-1.3324498,2.7421741,-0.3231477
1760726304127,-1.3429873,2.7737863,-0.26221392
1760726304129,-1.3561208,2.7980683,-0.20005837
1760726304131,-1.3704761,2.8260152,-0.13790283
1760726304133,-1.3811663,2.8515189,-0.07070765
1760726304136,-1.3929255,2.8819096,-0.0061086523
1760726304138,-1.399645,2.9243646,0.06093381
1760726304140,-1.403921,2.9741502,0.12660182
1760726304143,-1.4057536,3.0239358,0.18982637
1760726304145,-1.4049901,3.0676126,0.25686884
1760726304147,-1.4031575,3.1160235,0.32146785
1760726304150,-1.3952162,3.1450398,0.38240165
1760726304152,-1.3886495,3.1655037,0.44089198
1760726304154,-1.3797919,3.174972,0.4934264
1760726304156,-1.3648257,3.1746666,0.5459608
1760726304159,-1.347416,3.170696,0.59483004
1760726304162,-1.3301591,3.159395,0.643852
1760726304163,-1.3133603,3.1079297,0.68432176
1760726304165,-1.2962561,2.9494102,0.71944654
1760726304168,-1.276403,2.7128525,0.7489208
1760726304170,-1.2429581,2.482251,0.77213365
1760726304173,-1.2040154,2.3015876,0.7866417
1760726304176,-1.1560625,2.1610885,0.79458296
1760726304177,-1.1006265,2.0350976,0.79412484
1760726304179,-1.03786,1.8993328,0.79473567
1760726304181,-0.97417736,1.745242,0.79061234
1760726304183,-0.9094256,1.5570955,0.784351
1760726304186,-0.84131414,1.3408492,0.77564615
1760726304188,-0.7698429,1.1038336,0.767094
1760726304190,-0.6947065,0.84864455,0.75502944
1760726304193,-0.6122397,0.59330285,0.7405214
1760726304195,-0.52488595,0.34162638,0.72356987
1760726304197,-0.43249258,0.09117164,0.700357
1760726304199,-0.3388775,-0.14828753,0.67347896
1760726304202,-0.23411411,-0.38683042,0.6404922
1760726304204,-0.13057245,-0.6215554,0.59650993
1760726304205,-0.02321288,-0.8501717,0.54504454
1760726304208,0.084146686,-1.070236,0.48380527
1760726304210,0.19517145,-1.2854131,0.41034874
1760726304214,0.31245756,-1.4921911,0.33322698
1760726304215,0.42730024,-1.6904168,0.25595254
1760726304217,0.54473907,-1.8752036,0.17379116
1760726304220,0.66248333,-2.0454822,0.09025534
1760726304221,0.77656245,-2.1986568,0.007941248
1760726304225,0.89949906,-2.32984,-0.077121735
1760726304226,1.0201449,-2.4489589,-0.16691893
1760726304229,1.1433871,-2.542574,-0.25335637
1760726304231,1.263422,-2.6032023,-0.3436117
1760726304233,1.3862059,-2.6247354,-0.4364632
1760726304235,1.5117388,-2.613587,-0.52839845
1760726304238,1.6366607,-2.558609,-0.6204864
1760726304240,1.7559321,-2.440254,-0.7079928
1760726304242,1.8697058,-2.2524128,-0.79229224
1760726304245,1.9807305,-1.9828686,-0.8709411
1760726304247,2.0815234,-1.6256652,-0.95004815
1760726304249,2.1719313,-1.1953106,-1.0210613
1760726304252,2.251802,-0.71868294,-1.0848967
1760726304254,2.3156374,-0.24174993,-1.1462886
1760726304256,2.372906,0.19379699,-1.1976013
1760726304258,2.4220808,0.5514586,-1.2486086
1760726304261,2.4604125,0.8190176,-1.2965615
1760726304263,2.484389,1.0125091,-1.3307699
1760726304264,2.491872,1.1501065,-1.3498595
1760726304266,2.486527,1.2342533,-1.3649784
1760726304268,2.4659102,1.2710578,-1.3687963
1760726304272,2.4181101,1.2970196,-1.3640621
1760726304273,2.3371704,1.3355042,-1.3445144
1760726304275,2.2339342,1.3645202,-1.3153456
1760726304278,2.0996966,1.365742,-1.2663237
1760726304280,1.9320141,1.3368785,-1.1962268
1760726304282,1.7467692,1.2860241,-1.1102476
1760726304285,1.5625933,1.2157745,-1.0082331
1760726304287,1.3883439,1.1392636,-0.9049969
1760726304289,1.2226468,1.0639745,-0.8016079
1760726304292,1.0607675,0.9970848,-0.7021896
1760726304294,0.9049969,0.93874717,-0.6038403
1760726304296,0.73960507,0.8877399,-0.5129741
1760726304298,0.56184334,0.84788096,-0.42332962
1760726304301,0.38041633,0.8045095,-0.33857206
1760726304303,0.1965459,0.75609845,-0.25381452
1760726304305,0.023518313,0.6931793,-0.17501289
1760726304307,-0.13729197,0.6203337,-0.09987647
1760726304310,-0.2883284,0.54733527,-0.028405234
1760726304312,-0.43081272,0.4633413,0.03940081
1760726304314,-0.5670357,0.38530326,0.10354166
1760726304316,-0.6969972,0.31215215,0.16523905
1760726304319,-0.8196284,0.24022275,0.22082779
1760726304321,-0.93111134,0.1742493,0.27015516
1760726304323,-1.0241156,0.106901415,0.31948254
1760726304325,-1.1071932,0.050396383,0.36147952
1760726304328,-1.1815661,-1.5271631E-4,0.4008803
1760726304330,-1.2411255,-0.04352415,0.4390594
1760726304332,-1.2893838,-0.0711658,0.47235155
1760726304335,-1.3263412,-0.0842994,0.50793445
1760726304337,-1.3472633,-0.08170322,0.54092115
1760726304339,-1.3593279,-0.06337727,0.5676465
1760726304342,-1.3600914,-0.023365596,0.59803706
1760726304344,-1.3458889,0.028863383,0.623388
1760726304346,-1.3252722,0.107665,0.6436992
1760726304349,-1.2959507,0.20112738,0.66645396
1760726304350,-1.2577715,0.30665436,0.68294734
1760726304353,-1.2072225,0.42424592,0.7005097
1760726304355,-1.1528554,0.5502369,0.71685034
1760726304358,-1.0948232,0.68233645,0.7283041
1760726304360,-1.0317514,0.81321436,0.73731434
1760726304362,-0.9651671,0.9414961,0.74388117
1760726304364,-0.8935431,1.067487,0.7480045
1760726304366,-0.8257371,1.1898128,0.7472409
1760726304369,-0.7530441,1.3046554,0.7489208
1760726304371,-0.68661255,1.4149166,0.7507534
1760726304374,-0.61529404,1.5128077,0.75243324
1760726304376,-0.54519725,1.6070337,0.75808376
1760726304378,-0.47525316,1.6927075,0.7635816
1760726304381,-0.40790528,1.7736472,0.7680103
1760726304382,-0.34040466,1.8568777,0.77350813
1760726304385,-0.27672195,1.9414824,0.7816021
1760726304387,-0.21533,2.027309,0.7846564
1760726304389,-0.15515977,2.1229095,0.78893244
1760726304392,-0.09621128,2.2221751,0.7883216
1760726304394,-0.03604105,2.3226624,0.7828238
1760726304396,0.012980887,2.4220808,0.77366084
1760726304398,0.05955936,2.5129468,0.7620544
1760726304401,0.09728029,2.5917485,0.73838335
1760726304403,0.13729197,2.6535985,0.7111999
1760726304405,0.16966783,2.7032313,0.6740898
1760726304408,0.1957823,2.7420213,0.6275113
1760726304410,0.21578814,2.776077,0.572228
1760726304412,0.236863,2.807842,0.50976706
1760726304414,0.24678956,2.8431196,0.44593164
1760726304417,0.2556471,2.872441,0.3810272
1760726304419,0.25442538,2.8970284,0.31856623
1760726304421,0.24327709,2.9071076,0.26099217
1760726304423,0.23060162,2.9000828,0.2096795
1760726304426,0.20937407,2.8748846,0.16218472
1760726304428,0.18173242,2.8362474,0.12217305
1760726304430,0.14889841,2.7782152,0.08582657
1760726304433,0.11224649,2.7032313,0.058184914
1760726304434,0.07925977,2.6184738,0.029321533
1760726304437,0.04016439,2.5300512,0.0016798794
1760726304439,0.00580322,2.4330764,-0.025809057
1760726304442,-0.02855795,2.3371704,-0.053297993
1760726304443,-0.055588737,2.2389739,-0.0870483
1760726304446,-0.08017606,2.138181,-0.11575896
1760726304448,-0.10598512,2.0302107,-0.14813483
1760726304451,-0.12935072,1.918575,-0.17806722
1760726304453,-0.1516473,1.8018998,-0.20662516
1760726304455,-0.17256944,1.6878207,-0.23411411
1760726304458,-0.1910481,1.5711454,-0.25793785
1760726304460,-0.2096795,1.4556919,-0.2780964
1760726304462,-0.22678372,1.3439035,-0.29443705
1760726304464,-0.24266621,1.2392929,-0.30497447
1760726304467,-0.2585487,1.1385001,-0.30925053
1760726304469,-0.27672195,1.044885,-0.31230485
1760726304471,-0.2910773,0.9610438,-0.30695978
1760726304473,-0.3115413,0.8880454,-0.300393
1760726304476,-0.32818735,0.82253003,-0.28787026
1760726304478,-0.3436117,0.7678576,-0.27412578
1760726304480,-0.35995236,0.7276932,-0.25793785
1760726304482,-0.37873647,0.6974554,-0.24556783
1760726304485,-0.39370266,0.6780604,-0.23319781
1760726304487,-0.40973786,0.66966105,-0.22082779
1760726304489,-0.42210788,0.6637051,-0.2134974
1760726304492,-0.43188173,0.66614854,-0.2049453
1760726304494,-0.44303003,0.6724099,-0.20250183
1760726304496,-0.45280385,0.6797403,-0.19883664
1760726304498,-0.45769078,0.6786713,-0.19517145
1760726304501,-0.46013424,0.6750061,-0.19517145
1760726304503,-0.46028697,0.66156703,-0.19150625
1760726304505,-0.45677447,0.6444628,-0.18891008
1760726304507,-0.452193,0.61391956,-0.18387043
1760726304510,-0.44012842,0.5723807,-0.17501289
1760726304512,-0.43203443,0.52366424,-0.16875152
1760726304514,-0.40424007,0.46609017,-0.15745051
1760726304517,-0.35796702,0.39492437,-0.1423316
1760726304519,-0.29092458,0.31138855,-0.11881329
1760726304521,-0.21777347,0.23014349,-0.08536842
1760726304523,-0.15286903,0.1600467,-0.044745877
1760726304525,-0.0954477,0.106901415,-0.00290161
1760726304527,-0.05131268,0.07223482,0.03023783
1760726304530,-0.019242255,0.05971208,0.05589417
1760726304531,0.004276057,0.06307184,0.07666359
1760726304534,0.0143553335,0.0786489,0.09132435
1760726304536,0.022143865,0.10781772,0.100792766
1760726304538,0.02107485,0.13713925,0.10430524
1760726304541,0.025045475,0.16142114,0.1067487
1760726304543,0.024129177,0.18448131,0.10170906
1760726304545,0.029168816,0.20158553,0.08933904
1760726304548,0.035277467,0.21013765,0.07223482
1760726304550,0.04886922,0.20631973,0.052687127
1760726304553,0.06582073,0.19410244,0.029474247
1760726304555,0.0852157,0.1695151,0.006414085
1760726304557,0.10598512,0.1414153,-0.013133603
1760726304559,0.12522738,0.11209377,-0.034972034
1760726304561,0.13973543,0.086437434,-0.054367006
1760726304564,0.14935656,0.070554934,-0.06780604
1760726304566,0.16157386,0.056963183,-0.08109236
1760726304569,0.16890424,0.054519724,-0.094531395
1760726304570,0.17134771,0.056963183,-0.10552697
1760726304573,0.17760907,0.066737026,-0.11789699
1760726304575,0.17898351,0.088728175,-0.1253801
1760726304577,0.1731803,0.12034045,-0.13775012
1760726304579,0.16615535,0.16432275,-0.15134187
1760726304582,0.1518,0.2144137,-0.16997325
1760726304584,0.13255776,0.27198774,-0.19226983
1760726304586,0.109650314,0.33444872,-0.2182316
1760726304588,0.078343466,0.40790528,-0.24923302
1760726304591,0.04932737,0.4801401,-0.28145617
1760726304593,0.019089539,0.547488,-0.31474832
1760726304595,-0.007483099,0.60994893,-0.345597
1760726304597,-0.030390546,0.66507953,-0.3727805
1760726304600,-0.05222898,0.7165449,-0.39385536
1760726304602,-0.06536258,0.7629707,-0.40882155
1760726304604,-0.06994407,0.8008443,-0.41874814
1760726304606,-0.06337727,0.8359691,-0.42256603
1760726304609,-0.05207626,0.8614727,-0.42394048
1760726304611,-0.03726278,0.8686504,-0.43142357
1760726304613,-0.013897184,0.8660542,-0.43875396
1760726304615,0.010537425,0.84635377,-0.44837508
1760726304618,0.037415497,0.8217665,-0.45937067
1760726304620,0.06414085,0.7849618,-0.46639562
1760726304622,0.08964448,0.744492,-0.474795
1760726304625,0.11759156,0.7089091,-0.4831944
1760726304627,0.14187345,0.67088276,-0.48548517
1760726304629,0.1600467,0.63178736,-0.4841107
1760726304632,0.18310685,0.59986967,-0.48395798
1760726304634,0.19761491,0.5705481,-0.47891834
1760726304636,0.20723604,0.54733527,-0.47143525
1760726304639,0.21700987,0.5300783,-0.46028697
1760726304641,0.2218968,0.5190827,-0.44440445
1760726304643,0.2218968,0.5103779,-0.4259258
1760726304645,0.21563543,0.50686544,-0.40393466
1760726304647,0.20341812,0.5007568,-0.37950003
1760726304649,0.1910481,0.49831334,-0.3463606
1760726304652,0.17012598,0.49113566,-0.31703907
1760726304654,0.14676037,0.48640144,-0.28389964
1760726304656,0.118507855,0.47448957,-0.24480425
1760726304659,0.08506299,0.45875978,-0.20066923
1760726304661,0.04810564,0.44073927,-0.15775596
1760726304663,0.012217305,0.4202753,-0.11362094
1760726304666,-0.033444874,0.39385536,-0.070554934
1760726304668,-0.076816306,0.36865717,-0.028863383
1760726304670,-0.12018774,0.33735034,0.008093964
1760726304672,-0.16355917,0.3023783,0.038789943
1760726304674,-0.20830505,0.26740626,0.064751714
1760726304677,-0.25289822,0.22876903,0.089491755
1760726304679,-0.2939789,0.18646662,0.10934488
1760726304681,-0.33261612,0.14431691,0.12186762
1760726304684,-0.36880988,0.10445796,0.12935072
1760726304686,-0.40133846,0.06093381,0.13087788
1760726304688,-0.43004912,0.01863139,0.13118331
1760726304691,-0.45769078,-0.02733622,0.12660182
1760726304693,-0.48273626,-0.069791354,0.118202426
1760726304695,-0.5028948,-0.10598512,0.10873401
1760726304697,-0.52305335,-0.14110987,0.09666943
1760726304700,-0.54183745,-0.17379116,0.08093964
1760726304702,-0.5532912,-0.20525073,0.06414085
1760726304705,-0.559858,-0.22831088,0.048258353
1760726304707,-0.56505036,-0.2489276,0.032528576
1760726304709,-0.5652031,-0.26710084,0.018020526
1760726304711,-0.5580254,-0.2817616,0.0021380284
1760726304713,-0.54825157,-0.2854268,-0.0125227375
1760726304715,-0.5309946,-0.2855795,-0.029626964
1760726304718,-0.5137377,-0.27962357,-0.043066
1760726304720,-0.49403727,-0.27122417,-0.060322944
1760726304722,-0.47051895,-0.25809056,-0.07498371
1760726304725,-0.44440445,-0.23991732,-0.09101892
1760726304727,-0.41584653,-0.21471913,-0.10476339
1760726304729,-0.37980548,-0.18448131,-0.11713341
1760726304731,-0.34254268,-0.15439619,-0.13194689
1760726304734,-0.30405816,-0.116980694,-0.14202617
1760726304736,-0.2593123,-0.07849618,-0.15332718
1760726304738,-0.21578814,-0.03756821,-0.160963
1760726304740,-0.16722436,0.0070249503,-0.16966783
1760726304743,-0.11988231,0.050396383,-0.17730364
1760726304745,-0.07147124,0.094989546,-0.18005253
1760726304747,-0.021685716,0.13836098,-0.1815797
1760726304749,0.02565634,0.17562376,-0.18188512
1760726304752,0.074067414,0.21166481,-0.17852537
1760726304754,0.12003502,0.2501493,-0.17134771
1760726304756,0.16233744,0.28008172,-0.16187929
1760726304758,0.20097467,0.3126103,-0.15347989
1760726304760,0.24190263,0.34132096,-0.1414153
1760726304763,0.27550024,0.36651915,-0.1244638
1760726304765,0.30665436,0.38683042,-0.10629055
1760726304767,0.34009922,0.4034765,-0.08445212
1760726304770,0.364992,0.41538838,-0.06627888
1760726304772,0.39095375,0.42119157,-0.043066
1760726304774,0.40973786,0.42943826,-0.01985312
1760726304777,0.42210788,0.43401974,0.0033597588
1760726304779,0.43585235,0.43875396,0.025198191
1760726304781,0.44333544,0.44593164,0.05085453
1760726304783,0.4447099,0.4531093,0.07162395
1760726304785,0.44608435,0.46028697,0.089949906
1760726304788,0.44012842,0.4700608,0.11071932
1760726304790,0.43157628,0.47861293,0.12767084
1760726304793,0.42439863,0.48838675,0.1459968
1760726304795,0.4109596,0.50426924,0.16310102
1760726304797,0.39263365,0.5203045,0.1788308
1760726304799,0.37690386,0.536187,0.1947133
1760726304802,0.3585779,0.5546656,0.20799962
1760726304804,0.3390302,0.56337047,0.21777347
1760726304806,0.321926,0.5720753,0.22876903
1760726304809,0.3034473,0.57833666,0.23854288
1760726304810,0.28496864,0.5821546,0.24587326
1760726304813,0.26160303,0.58108556,0.25442538
1760726304815,0.24190263,0.57879484,0.2593123
1760726304817,0.2171626,0.5705481,0.26557365
1760726304820,0.19242255,0.56230146,0.2680171
1760726304822,0.16523905,0.5516113,0.26816985
1760726304824,0.14156802,0.54092115,0.26816985
1760726304826,0.11682798,0.52656585,0.26710084
1760726304829,0.08827003,0.50976706,0.2660318
1760726304831,0.065973446,0.49663344,0.26374108
1760726304833,0.036193766,0.47983465,0.26251933
1760726304835,0.0076358155,0.4642576,0.25900686
1760726304838,-0.020922136,0.4427246,0.2554944
1760726304840,-0.053145275,0.42714754,0.2519819
1760726304842,-0.082924955,0.408058,0.24846944
1760726304844,-0.11530081,0.38881573,0.24373524
1760726304847,-0.14385876,0.36850446,0.23900102
1760726304849,-0.17241672,0.35048392,0.23777929
1760726304851,-0.20204368,0.33505958,0.23548855
1760726304854,-0.23182335,0.31948254,0.23564127
1760726304856,-0.25167647,0.30757064,0.23075435
1760726304858,-0.2790127,0.29443705,0.22968534
1760726304861,-0.30497447,0.28252518,0.22861631
1760726304863,-0.32986724,0.26816985,0.22006421
1760726304865,-0.35476,0.24770586,0.21410827
1760726304867,-0.3747658,0.22235495,0.20693061
1760726304869,-0.39599338,0.1908954,0.20112738
1760726304872,-0.41233405,0.15699236,0.20372356
1760726304875,-0.42394048,0.12064589,0.20265454
1760726304877,-0.4352415,0.091477074,0.19914207
1760726304880,-0.44165558,0.07086037,0.1919644
1760726304881,-0.44303003,0.05879578,0.18112154
1760726304883,-0.43325618,0.056199603,0.16401732
1760726304886,-0.4196644,0.06719518,0.14431691
1760726304888,-0.40118575,0.075594574,0.124769226
1760726304890,-0.37507126,0.09239337,0.10995574
1760726304892,-0.34162638,0.113926366,0.09636399
1760726304894,-0.30573806,0.13194689,0.0888809
1760726304897,-0.268628,0.14737125,0.08506299
1760726304899,-0.23014349,0.16279559,0.08735373
1760726304901,-0.1881465,0.17944166,0.09330966
1760726304903,-0.1459968,0.19715676,0.105374254
1760726304906,-0.10629055,0.21013765,0.11881329
1760726304908,-0.065515295,0.2218968,0.13454308
1760726304910,-0.027030786,0.23854288,0.15393804
1760726304913,0.011453724,0.25259277,0.16600263
1760726304915,0.043676864,0.26816985,0.17821993
1760726304917,0.077121735,0.28237244,0.18661933
1760726304920,0.106901415,0.29550606,0.19746219
1760726304922,0.13530666,0.30604348,0.20357084
1760726304924,0.16249016,0.310625,0.20723604
1760726304927,0.18845193,0.31398472,0.20830505
1760726304928,0.21197024,0.3126103,0.20952678
1760726304931,0.23289238,0.3100141,0.20952678
1760726304933,0.25121832,0.302531,0.20952678
1760726304935,0.2695443,0.28771752,0.21212296
1760726304938,0.27931812,0.27290404,0.21578814
1760726304940,0.28787026,0.25702155,0.22327125
1760726304942,0.29749137,0.23732115,0.23426682
1760726304944,0.30466905,0.21044308,0.24419338
1760726304947,0.3032946,0.19456059,0.25534168
1760726304949,0.3043636,0.17623462,0.27015516
1760726304951,0.3043636,0.16401732,0.2848159
1760726304954,0.29932398,0.15806139,0.30085114
1760726304956,0.29703322,0.16523905,0.31658092
1760726304958,0.29352075,0.17989981,0.3275765
1760726304960,0.28771752,0.20433442,0.33964106
1760726304962,0.28420505,0.22983804,0.345597
1760726304965,0.28084528,0.26648995,0.35033122
1760726304967,0.27885997,0.3115413,0.35613444
1760726304970,0.27947086,0.36254853,0.35705075
1760726304972,0.2848159,0.41248676,0.35796702
1760726304974,0.28787026,0.46609017,0.35903606
1760726304977,0.29458976,0.5207626,0.36102137
1760726304979,0.30497447,0.5729916,0.36453384
1760726304981,0.31780264,0.6227771,0.3642284
1760726304983,0.3294091,0.66767573,0.36880988
1760726304985,0.34223726,0.7113526,0.37216964
1760726304988,0.35735616,0.7466301,0.37934732
1760726304990,0.3724751,0.77686787,0.38530326
1760726304992,0.3924809,0.8071057,0.38866302
1760726304995,0.4100433,0.82756966,0.3923282
1760726304996,0.4297437,0.8323039,0.3933972
1760726304999,0.44700065,0.82726425,0.3933972
1760726305002,0.46914452,0.817185,0.3923282
1760726305003,0.48991394,0.799928,0.3849978
1760726305006,0.51053065,0.77549344,0.38148534
1760726305008,0.5311473,0.74479747,0.3743077
1760726305011,0.5542075,0.711658,0.36468655
1760726305012,0.571159,0.6713409,0.35506544
1760726305015,0.59528816,0.62980205,0.3454443
1760726305018,0.6133087,0.58459806,0.33475417
1760726305019,0.63132924,0.54183745,0.32146785
1760726305021,0.64812803,0.49541172,0.30955598
1760726305025,0.6611089,0.45142943,0.2950479
1760726305026,0.6742425,0.40515637,0.2782491
1760726305029,0.68233645,0.35628715,0.26511553
1760726305031,0.69043046,0.31490102,0.24816401
1760726305034,0.70234233,0.27229318,0.23487769
1760726305036,0.70554936,0.23075435,0.22418754
1760726305037,0.70402217,0.19303341,0.21945333
1760726305040,0.70005155,0.16752979,0.2171626
1760726305042,0.691194,0.14446963,0.21487185
1760726305044,0.6786713,0.1301143,0.21746802
1760726305046,0.655153,0.12293663,0.21746802
1760726305049,0.63407815,0.11957687,0.21502456
1760726305051,0.6094908,0.116217114,0.21273382
1760726305053,0.57986385,0.117744274,0.2078469
1760726305055,0.5539021,0.113162786,0.19807306
1760726305057,0.52305335,0.11835514,0.18707748
1760726305060,0.49235737,0.12721269,0.17241672
1760726305062,0.46288314,0.1421789,0.15775596
1760726305065,0.42959097,0.15836681,0.14294247
1760726305067,0.39645153,0.18188512,0.1244638
1760726305069,0.3659083,0.20051652,0.1085813
1760726305071,0.33261612,0.21670444,0.094989546
1760726305074,0.3031419,0.23167065,0.08155051
1760726305076,0.26984972,0.236863,0.070554934
1760726305078,0.23777929,0.2312125,0.05955936
1760726305080,0.20922135,0.21197024,0.054825157
1760726305082,0.18417588,0.18310685,0.05390886
1760726305085,0.15302174,0.14569137,0.051618114
1760726305087,0.12675454,0.10323623,0.053145275
1760726305089,0.09911288,0.054825157,0.05467244
1760726305092,0.07147124,0.008857546,0.058643065
1760726305095,0.04520403,-0.03359759,0.061239243
1760726305097,0.017562376,-0.078343466,0.063988134
1760726305100,-0.012370021,-0.11575896,0.066737026
1760726305101,-0.04352415,-0.15195273,0.063224554
1760726305103,-0.076052725,-0.18936823,0.062308256
1760726305106,-0.10720685,-0.22311853,0.06246097
1760726305108,-0.14080444,-0.2556471,0.059101213
1760726305110,-0.17333302,-0.300393,0.05207626
1760726305112,-0.20708331,-0.34391713,0.048563786
1760726305114,-0.24083363,-0.3848451,0.039095376
1760726305117,-0.2733622,-0.4259258,0.029626964
1760726305119,-0.30085114,-0.46944994,0.017562376
1760726305121,-0.32360587,-0.5119051,0.004428773
1760726305124,-0.34498614,-0.5493206,-0.00870483
1760726305126,-0.3651447,-0.5881105,-0.02565634
1760726305129,-0.37659842,-0.61834836,-0.04260785
1760726305131,-0.38683042,-0.64736444,-0.062002823
1760726305133,-0.3921755,-0.6753115,-0.082619525
1760726305135,-0.39354995,-0.69714993,-0.099571034
1760726305137,-0.38881573,-0.7130325,-0.1142318
1760726305140,-0.37797287,-0.7264715,-0.13118331
1760726305141,-0.36453384,-0.7338019,-0.14462234
1760726305144,-0.34605515,-0.73884153,-0.15683965
1760726305147,-0.32635477,-0.73655075,-0.17027868
1760726305149,-0.29794952,-0.7319693,-0.17898351
1760726305151,-0.27198774,-0.71761394,-0.19120082
1760726305153,-0.24465153,-0.6959282,-0.19746219
1760726305155,-0.21609358,-0.6656904,-0.20631973
1760726305157,-0.18616119,-0.63194007,-0.21380283
1760726305160,-0.1572978,-0.5896377,-0.22021692
1760726305162,-0.12614368,-0.54733527,-0.22174409
1760726305164,-0.09972375,-0.5036584,-0.22311853
1760726305166,-0.071013086,-0.4625777,-0.2209805
1760726305169,-0.04718934,-0.42271876,-0.21517728
1760726305171,-0.02321288,-0.38148534,-0.20433442
1760726305173,0.0018325958,-0.34162638,-0.19364429
1760726305176,0.02321288,-0.3052799,-0.1815797
1760726305178,0.043218717,-0.2751948,-0.16966783
1760726305180,0.062002823,-0.24740042,-0.15882497
1760726305182,0.082161374,-0.22204952,-0.14920384
1760726305185,0.09590584,-0.20387627,-0.14065172
1760726305187,0.110872045,-0.19074267,-0.13347405
1760726305189,0.12935072,-0.18234327,-0.12736541
1760726305192,0.14049901,-0.1788308,-0.118966006
1760726305195,0.1516473,-0.17898351,-0.110413894
1760726305197,0.15790866,-0.17669277,-0.10308351
1760726305200,0.16401732,-0.1779145,-0.094531395
1760726305201,0.17027868,-0.18051068,-0.087201014
1760726305203,0.17150041,-0.18173242,-0.076052725
1760726305206,0.16905695,-0.18906279,-0.06994407
1760726305208,0.16401732,-0.19150625,-0.061391957
1760726305211,0.15668693,-0.19379699,-0.050396383
1760726305213,0.14431691,-0.19990565,-0.04062254
1760726305215,0.13439035,-0.20708331,-0.027030786
1760726305217,0.12217305,-0.20815234,-0.014813482
1760726305219,0.1085813,-0.21181752,-0.0013744468
1760726305222,0.093767814,-0.21288654,0.013286319
1760726305224,0.07651087,-0.21762075,0.02687807
1760726305226,0.06169739,-0.22357668,0.040317107
1760726305229,0.046883907,-0.22953261,0.056352317
1760726305231,0.029626964,-0.23671028,0.06856962
1760726305233,0.013439035,-0.24755314,0.08323039
1760726305235,-1.5271631E-4,-0.25350907,0.09315695
1760726305237,-0.014966198,-0.25961772,0.106595986
1760726305240,-0.02977968,-0.26557365,0.117744274
1760726305242,-0.043218717,-0.26175576,0.1226312
1760726305244,-0.059253927,-0.2591596,0.12629639
1760726305247,-0.07162395,-0.25778514,0.12751812
1760726305249,-0.08384126,-0.25167647,0.12980886
1760726305251,-0.09239337,-0.24663684,0.13225232
1760726305254,-0.104610674,-0.23793201,0.12858713
1760726305255,-0.113162786,-0.23060162,0.12370021
1760726305258,-0.12308934,-0.2218968,0.11636983
1760726305260,-0.13530666,-0.21578814,0.10888673
1760726305263,-0.14263703,-0.21074851,0.100334615
1760726305265,-0.14889841,-0.20815234,0.09056077
1760726305267,-0.15500705,-0.21059579,0.08200866
1760726305269,-0.16249016,-0.21533,0.071013086
1760726305272,-0.16875152,-0.21639901,0.061239243
1760726305274,-0.17745635,-0.22357668,0.052839845
1760726305276,-0.18127427,-0.22479841,0.046731193
1760726305278,-0.18753563,-0.23319781,0.038179077
1760726305281,-0.19013181,-0.24174993,0.028405234
1760726305283,-0.19379699,-0.2452624,0.020005837
1760726305284,-0.19761491,-0.25137106,0.011453724
1760726305286,-0.19776763,-0.25977045,0.0065668016
1760726305289,-0.20021108,-0.26221392,-0.001985312
1760726305291,-0.20280726,-0.2695443,-0.006872234
1760726305293,-0.204029,-0.27183503,-0.012980887
1760726305296,-0.204029,-0.2706133,-0.019089539
1760726305298,-0.20525073,-0.2706133,-0.021533
1760726305300,-0.2078469,-0.27305678,-0.025045475
1760726305302,-0.2078469,-0.27183503,-0.030085113
1760726305305,-0.20662516,-0.26816985,-0.032528576
1760726305307,-0.20769419,-0.26450464,-0.036193766
1760726305309,-0.20647246,-0.26083946,-0.041080687
1760726305311,-0.20158553,-0.25350907,-0.044745877
1760726305314,-0.19898935,-0.24740042,-0.049785517
1760726305316,-0.19272798,-0.23777929,-0.05467244
1760726305318,-0.18524489,-0.22693644,-0.05955936
1760726305321,-0.1777618,-0.2171626,-0.06337727
1760726305323,-0.16783522,-0.20387627,-0.068264194
1760726305325,-0.15409076,-0.18936823,-0.073303826
1760726305327,-0.14172074,-0.17730364,-0.07345655
1760726305330,-0.12675454,-0.16783522,-0.0759
1760726305333,-0.111941054,-0.16187929,-0.077121735
1760726305335,-0.094531395,-0.15714508,-0.07360926
1760726305337,-0.07849618,-0.15241088,-0.067500606
1760726305339,-0.064751714,-0.14645495,-0.055283304
1760726305341,-0.052381694,-0.13454308,-0.039553523
1760726305343,-0.04230242,-0.11759156,-0.020005837
1760726305346,-0.032070424,-0.099571034,6.1086525E-4
1760726305348,-0.02687807,-0.0777326,0.020005837
1760726305350,-0.024129177,-0.05589417,0.035888333
1760726305352,-0.021380283,-0.031612277,0.052839845
1760726305355,-0.022296581,-0.007330383,0.069791354
1760726305358,-0.023365596,0.013439035,0.08307768
1760726305359,-0.026725354,0.0364992,0.09514226
1760726305361,-0.03145956,0.053603426,0.10247265
1760726305364,-0.038789943,0.068264194,0.10720685
1760726305366,-0.04734206,0.07437284,0.11209377
1760726305368,-0.058337633,0.07941248,0.109650314
1760726305371,-0.06704246,0.0759,0.10720685
1760726305373,-0.07819075,0.06872234,0.10369437
1760726305375,-0.085673854,0.06261369,0.098807454
1760726305377,-0.09941832,0.049480084,0.091477074
1760726305380,-0.11178834,0.037415497,0.0842994
1760726305382,-0.12186762,0.03023783,0.07574729
1760726305384,-0.13423763,0.023060163,0.06734789
1760726305387,-0.14049901,0.014660766,0.05879578
1760726305389,-0.1479821,0.007483099,0.05024367
1760726305391,-0.1518,-0.0010690142,0.042913284
1760726305394,-0.15317446,-0.008246681,0.038179077
1760726305396,-0.15332718,-0.018020526,0.034513887
1760726305398,-0.14844026,-0.0290161,0.030848695
1760726305400,-0.14110987,-0.040011674,0.02855795
1760726305403,-0.13133603,-0.049938235,0.02977968
1760726305404,-0.12156218,-0.057268616,0.033444874
1760726305407,-0.108123146,-0.06719518,0.03848451
1760726305409,-0.09208794,-0.071013086,0.045814894
1760726305412,-0.079870634,-0.076052725,0.05681047
1760726305414,-0.06505715,-0.079870634,0.069027774
1760726305416,-0.052534413,-0.0777326,0.08368854
1760726305418,-0.043829583,-0.07162395,0.09697486
1760726305420,-0.035124753,-0.06566802,0.10797043
1760726305423,-0.027641652,-0.051159963,0.118966006
1760726305425,-0.021227567,-0.039095376,0.12736541
1760726305427,-0.01863139,-0.027030786,0.13469578
1760726305429,-0.014813482,-0.017256944,0.13576481
1760726305432,-0.017256944,-0.00992656,0.13454308
1760726305434,-0.015882496,-0.003970624,0.13332134
1760726305436,-0.018325957,0.0022907446,0.12599096
1760726305439,-0.020922136,0.0035124752,0.117438845
1760726305441,-0.024587326,0.0047342055,0.107665
1760726305443,-0.032070424,0.0,0.09666943
1760726305445,-0.034513887,1.5271631E-4,0.08078693
1760726305448,-0.0346666,-0.0035124752,0.06734789
1760726305450,-0.03848451,-0.008246681,0.05024367
1760726305452,-0.04230242,-0.021533,0.0355829
1760726305455,-0.049021937,-0.06658431,0.021227567
1760726305457,-0.062002823,-0.13576481,0.008246681
1760726305459,-0.077579886,-0.21105394,-0.002443461
1760726305462,-0.09819659,-0.28023443,-0.019089539
1760726305463,-0.118507855,-0.3323107,-0.0346666
1760726305466,-0.14721853,-0.3623958,-0.051618114
1760726305468,-0.17440203,-0.37186423,-0.06612616
1760726305470,-0.20631973,-0.356898,-0.08093964
1760726305472,-0.24190263,-0.3297145,-0.09437868
1760726305475,-0.28099802,-0.28787026,-0.10934488
1760726305477,-0.32375857,-0.24846944,-0.12415836
1760726305480,-0.35918877,-0.2078469,-0.13897185
1760726305482,-0.39461896,-0.16722436,-0.15515977
1760726305484,-0.42745295,-0.12186762,-0.16630806
1760726305486,-0.45540005,-0.07162395,-0.17394388
1760726305488,-0.47693303,-0.01282817,-0.17669277
1760726305491,-0.4885395,0.05177083,-0.17088956
1760726305493,-0.4915938,0.123547494,-0.16401732
1760726305495,-0.48334712,0.1965459,-0.1459968
1760726305497,-0.46654832,0.26083946,-0.1207986
1760726305499,-0.4474588,0.31535918,-0.0917825
1760726305502,-0.42103887,0.3576616,-0.061391957
1760726305504,-0.3848451,0.38637227,-0.02367103
1760726305506,-0.34513888,0.40653083,0.01160644
1760726305509,-0.29794952,0.42058071,0.045662176
1760726305511,-0.25213462,0.4297437,0.076052725
1760726305513,-0.20280726,0.4266894,0.10293079
1760726305516,-0.14737125,0.41157046,0.118966006
1760726305518,-0.08857546,0.38041633,0.1348485
1760726305520,-0.031001411,0.33841935,0.14614952
1760726305522,0.02275473,0.28787026,0.15241088
1760726305525,0.07651087,0.23747386,0.15515977
1760726305527,0.124311075,0.19547687,0.15897769
1760726305529,0.16829337,0.15485434,0.15668693
